{"type": "FeatureCollection", "features": [{"type": "Feature", "properties": {"egrid": "CH407945478312", "kind": "parcelle priv\u00e9e", "overlap_m2": 565.9391379707779, "parcel_area_m2": 734.4109399983618, "overlap_fraction": 0.7706028153284867}, "geometry": {"type": "Polygon", "coordinates": [[[2566348.5637516035, 1122155.7167070524], [2566348.5636822493, 1122155.2977335479], [2566343.457022948, 1122153.9939199626], [2566341.66893677, 1122153.9942159513], [2566341.668861147, 1122153.5373730282], [2566340.0837261067, 1122153.1326621443], [2566339.083345542, 1122153.132827741], [2566339.0833032336, 1122152.8772378333], [2566336.7104292656, 1122152.271404326], [2566333.0504895574, 1122152.2720101697], [2566333.051060196, 1122155.7192749267], [2566332.1892440068, 1122155.7194175865], [2566332.189671986, 1122158.3048661544], [2566331.3278557966, 1122158.305008814], [2566331.3282837756, 1122160.890457382], [2566330.4664675863, 1122160.8906000415], [2566330.4668955654, 1122163.4760486095], [2566329.605079376, 1122163.4761912692], [2566329.605507355, 1122166.061639837], [2566328.743691166, 1122166.0617824967], [2566328.7442618045, 1122169.509047254], [2566327.8824456153, 1122169.5091899135], [2566327.882730935, 1122171.2328222923], [2566327.0209147455, 1122171.2329649518], [2566326.1599545144, 1122176.4040047473], [2566325.298138325, 1122176.404147407], [2566325.298851623, 1122180.7132283535], [2566324.3971250597, 1122181.1642782334], [2566342.652, 1122186.199], [2566350.762, 1122155.859], [2566350.203616631, 1122155.7164355994], [2566348.5637516035, 1122155.7167070524]]]}}, {"type": "Feature", "properties": {"egrid": "CH944583775631", "kind": "parcelle priv\u00e9e", "overlap_m2": 3.0033089966506408, "parcel_area_m2": 2881.386364008348, "overlap_fraction": 0.001042313878543065}, "geometry": {"type": "MultiPolygon", "coordinates": [[[[2566353.734791399, 1122156.5776672836], [2566353.574850377, 1122156.5776937592], [2566353.7347981683, 1122156.6185610162], [2566353.734791399, 1122156.5776672836]]], [[[2566351.149200171, 1122155.7162790734], [2566350.203616631, 1122155.7164355994], [2566350.762, 1122155.859], [2566351.149240175, 1122155.9579413084], [2566351.149200171, 1122155.7162790734]]], [[[2566348.563608944, 1122154.8548908632], [2566346.8399765654, 1122154.8551761825], [2566346.8398339055, 1122153.9933599932], [2566343.457022948, 1122153.9939199626], [2566348.5636822493, 1122155.2977335479], [2566348.563608944, 1122154.8548908632]]], [[[2566341.66879411, 1122153.132399762], [2566340.0837261067, 1122153.1326621443], [2566341.668861147, 1122153.5373730282], [2566341.66879411, 1122153.132399762]]], [[[2566339.0832028827, 1122152.2710115518], [2566336.7104292656, 1122152.271404326], [2566339.0833032336, 1122152.8772378333], [2566339.0832028827, 1122152.2710115518]]]]}}, {"type": "Feature", "properties": {"egrid": "CH338377455919", "kind": "DP communal", "overlap_m2": 1398.161398077096, "parcel_area_m2": 5329.765538989094, "overlap_fraction": 0.26233075129647965}, "geometry": {"type": "Polygon", "coordinates": [[[2566399.414901243, 1122179.8391434313], [2566398.553085054, 1122179.839286091], [2566398.5526570748, 1122177.253837523], [2566396.8290246963, 1122177.2541228426], [2566396.8288820367, 1122176.392306653], [2566394.2434334685, 1122176.3927346324], [2566393.38133196, 1122174.6692449134], [2566392.5195157705, 1122174.6693875731], [2566392.519373111, 1122173.8075713837], [2566391.6575569217, 1122173.8077140434], [2566391.657414262, 1122172.9458978542], [2566390.795598073, 1122172.9460405137], [2566390.795455413, 1122172.0842243244], [2566389.0718230344, 1122172.084509644], [2566388.2097215257, 1122170.361019925], [2566387.3479053364, 1122170.3611625847], [2566387.347762677, 1122169.4993463953], [2566385.6241302984, 1122169.4996317148], [2566384.7620287896, 1122167.7761419958], [2566383.9002126004, 1122167.7762846556], [2566383.9000699404, 1122166.9144684663], [2566383.8036523624, 1122166.9144844266], [2566369.771, 1122222.729], [2566366.351, 1122236.339], [2566379.0609999998, 1122254.871], [2566380.41, 1122255.3], [2566386.88, 1122230.32], [2566390.92, 1122214.879], [2566399.241, 1122183.019], [2566399.836519503, 1122180.6820311062], [2566399.414901243, 1122179.8391434313]]]}}, {"type": "Feature", "properties": {"egrid": "CH427769834506", "kind": "parcelle priv\u00e9e", "overlap_m2": 682.9386826792097, "parcel_area_m2": 740.1704500022895, "overlap_fraction": 0.9226775841660488}, "geometry": {"type": "Polygon", "coordinates": [[[2566283.9507909347, 1122296.203445384], [2566283.9509335947, 1122297.0652615733], [2566283.0891174055, 1122297.065404233], [2566283.0894027245, 1122298.7890366116], [2566282.2275865353, 1122298.7891792713], [2566281.366626304, 1122303.9602190668], [2566280.504810115, 1122303.9603617266], [2566280.505238094, 1122306.5458102943], [2566279.6434219046, 1122306.545952954], [2566279.6438498837, 1122309.1314015219], [2566278.7820336944, 1122309.1315441816], [2566278.782319014, 1122310.8551765603], [2566277.9205028247, 1122310.8553192199], [2566277.9210734633, 1122314.302583977], [2566277.059257274, 1122314.3027266369], [2566277.059542593, 1122316.0263590154], [2566276.197726404, 1122316.0265016751], [2566275.3367661727, 1122321.1975414706], [2566274.4749499834, 1122321.1976841302], [2566274.475235303, 1122322.921316509], [2566275.337051492, 1122322.9211738491], [2566275.3371941517, 1122323.7829900384], [2566274.1875621937, 1122324.358043916], [2566295.431, 1122333.439], [2566303.511, 1122302.689], [2566284.4985948536, 1122295.9294300652], [2566283.9507909347, 1122296.203445384]]]}}, {"type": "Feature", "properties": {"egrid": "CH207845638359", "kind": "parcelle priv\u00e9e", "overlap_m2": 1223.6876249567565, "parcel_area_m2": 1299.7208899958457, "overlap_fraction": 0.9415003131639038}, "geometry": {"type": "Polygon", "coordinates": [[[2566269.3079046593, 1122344.4675771995], [2566267.5844149403, 1122345.329678708], [2566267.5845576, 1122346.1914948972], [2566266.7227414106, 1122346.191637557], [2566266.7228840706, 1122347.0534537463], [2566265.861067881, 1122347.053596406], [2566265.86163852, 1122350.5008611633], [2566264.9998223307, 1122350.5010038228], [2566265.0001076497, 1122352.2246362015], [2566264.1382914605, 1122352.224778861], [2566264.1388620995, 1122355.6720436183], [2566263.2770459102, 1122355.672186278], [2566263.2773312293, 1122357.3958186565], [2566262.41551504, 1122357.3959613163], [2566262.415943019, 1122359.981409884], [2566260.6924533, 1122360.8435113928], [2566260.693023939, 1122364.29077615], [2566259.83120775, 1122364.2909188096], [2566259.831635729, 1122366.8763673776], [2566258.9698195397, 1122366.8765100373], [2566258.9702475187, 1122369.461958605], [2566258.108431329, 1122369.4621012649], [2566258.970532838, 1122371.1855909838], [2566258.339533545, 1122371.5012212053], [2566267.89, 1122375.269], [2566282.1, 1122380.839], [2566296.36, 1122386.349], [2566303.83, 1122368.309], [2566306.27, 1122362.369], [2566307.17, 1122360.309], [2566270.531, 1122344.049], [2566269.3078559777, 1122344.1734880023], [2566269.3079046593, 1122344.4675771995]]]}}, {"type": "Feature", "properties": {"egrid": "CH627756834555", "kind": "parcelle priv\u00e9e", "overlap_m2": 3745.8906774003704, "parcel_area_m2": 3806.3862250107095, "overlap_fraction": 0.9841068288833015}, "geometry": {"type": "Polygon", "coordinates": [[[2566294.2874494577, 1122265.1763506532], [2566294.2878774367, 1122267.7617992212], [2566293.4260612475, 1122267.7619418807], [2566293.426346567, 1122269.4855742594], [2566292.5645303777, 1122269.485716919], [2566291.7035701466, 1122274.6567567145], [2566290.8417539573, 1122274.6568993742], [2566290.8421819364, 1122277.2423479422], [2566289.980365747, 1122277.2424906017], [2566289.980793726, 1122279.8279391697], [2566289.118977537, 1122279.8280818295], [2566289.119405516, 1122282.4135303972], [2566288.2575893262, 1122282.413673057], [2566288.2578746458, 1122284.1373054355], [2566287.3960584565, 1122284.1374480953], [2566286.5350982253, 1122289.3084878908], [2566285.673282036, 1122289.3086305503], [2566285.673710015, 1122291.8940791183], [2566284.811893826, 1122291.894221778], [2566284.812321805, 1122294.4796703458], [2566285.674137994, 1122294.479527686], [2566285.6742806537, 1122295.3413438755], [2566284.4985948536, 1122295.9294300652], [2566303.511, 1122302.689], [2566295.431, 1122333.439], [2566294.221, 1122337.279], [2566312.24, 1122345.069], [2566319.84, 1122348.35], [2566331.77, 1122347.8], [2566338.81, 1122344.44], [2566349.31, 1122299.65], [2566353.74, 1122283.409], [2566295.8130279775, 1122264.4132456987], [2566294.2874494577, 1122265.1763506532]]]}}, {"type": "Feature", "properties": {"egrid": "CH698377254587", "kind": "DP communal", "overlap_m2": 5204.749588099291, "parcel_area_m2": 5454.839856527207, "overlap_fraction": 0.9541525920089733}, "geometry": {"type": "Polygon", "coordinates": [[[2566317.5927221286, 1122484.073810923], [2566317.5928647886, 1122484.9356271124], [2566319.316497167, 1122484.9353417929], [2566319.3166398266, 1122485.7971579821], [2566321.902088395, 1122485.796730003], [2566321.9022310544, 1122486.6585461926], [2566323.625863433, 1122486.658260873], [2566323.6260060924, 1122487.5200770623], [2566325.3496384714, 1122487.519791743], [2566325.349781131, 1122488.3816079323], [2566327.9352296987, 1122488.3811799532], [2566327.9353723587, 1122489.2429961425], [2566329.659004737, 1122489.2427108232], [2566329.6591473967, 1122490.1045270124], [2566331.382779775, 1122490.1042416932], [2566331.382922435, 1122490.9660578824], [2566333.968371003, 1122490.9656299034], [2566333.9685136625, 1122491.8274460926], [2566334.9973394717, 1122491.8272757872], [2566336.638, 1122482.07], [2566340.188, 1122459.01], [2566349.969, 1122398.43], [2566367.365, 1122362.148], [2566365.319083954, 1122360.393455876], [2566363.557934668, 1122358.3532228644], [2566362.121, 1122356.073], [2566360.425034488, 1122352.420093216], [2566359.335, 1122348.543], [2566359.0250019026, 1122344.3876560235], [2566359.381, 1122340.236], [2566360.304, 1122336.312], [2566360.839, 1122333.87], [2566366.21, 1122312.05], [2566371.61, 1122290.05], [2566372.86, 1122284.7], [2566374.0, 1122279.91], [2566372.949, 1122279.517], [2566379.0609999998, 1122254.871], [2566366.351, 1122236.339], [2566354.44, 1122280.849], [2566353.74, 1122283.409], [2566349.31, 1122299.65], [2566338.81, 1122344.44], [2566328.16, 1122371.5], [2566330.639, 1122379.0], [2566329.829, 1122399.21], [2566324.859, 1122427.59], [2566315.93005793, 1122484.0740861502], [2566317.5927221286, 1122484.073810923]]]}}, {"type": "Feature", "properties": {"egrid": "CH156183784589", "kind": "parcelle priv\u00e9e", "overlap_m2": 1175.7751660031051, "parcel_area_m2": 1175.7751660031056, "overlap_fraction": 0.9999999999999997}, "geometry": {"type": "Polygon", "coordinates": [[[2566372.949, 1122279.517], [2566374.0, 1122279.91], [2566372.86, 1122284.7], [2566408.489, 1122295.64], [2566416.029, 1122270.69], [2566417.139, 1122267.16], [2566406.22, 1122263.47], [2566405.41, 1122263.21], [2566389.94, 1122258.28], [2566380.41, 1122255.3], [2566379.0609999998, 1122254.871], [2566372.949, 1122279.517]]]}}, {"type": "Feature", "properties": {"egrid": "CH398377554502", "kind": "parcelle priv\u00e9e", "overlap_m2": 1832.393390497512, "parcel_area_m2": 1832.3933904975124, "overlap_fraction": 0.9999999999999998}, "geometry": {"type": "Polygon", "coordinates": [[[2566396.714, 1122321.47], [2566384.042, 1122371.748], [2566386.599, 1122372.851], [2566408.276, 1122382.303], [2566414.306, 1122384.929], [2566423.738, 1122354.541], [2566430.818, 1122332.001], [2566396.714, 1122321.47]]]}}, {"type": "Feature", "properties": {"egrid": "CH607745258364", "kind": "parcelle priv\u00e9e", "overlap_m2": 4940.443892958443, "parcel_area_m2": 5021.449050013401, "overlap_fraction": 0.9838681710701134}, "geometry": {"type": "Polygon", "coordinates": [[[2566381.3708292884, 1122506.470475028], [2566382.232930797, 1122508.193964747], [2566383.0947469864, 1122508.1938220873], [2566382.5907912324, 1122509.2021508424], [2566383.956827881, 1122509.7927780089], [2566383.9567058356, 1122509.0554956167], [2566386.5421544034, 1122509.0550676377], [2566386.542297063, 1122509.9168838272], [2566388.2659294414, 1122509.9165985077], [2566388.2660721014, 1122510.778414697], [2566390.851520669, 1122510.7779867179], [2566390.8516633287, 1122511.6398029074], [2566392.5752957077, 1122511.6395175878], [2566392.575438367, 1122512.501333777], [2566394.2990707457, 1122512.5010484578], [2566394.2992134052, 1122513.362864647], [2566396.8846619735, 1122513.362436668], [2566396.884804633, 1122514.2242528573], [2566398.6084370115, 1122514.223967538], [2566398.6085796715, 1122515.0857837272], [2566400.33221205, 1122515.085498408], [2566400.3323547095, 1122515.9473145972], [2566402.055987088, 1122515.947029278], [2566402.056129748, 1122516.8088454672], [2566404.6415783158, 1122516.8084174881], [2566404.6417209753, 1122517.6702336774], [2566406.365353354, 1122517.669948358], [2566406.365496014, 1122518.5317645473], [2566408.9509445815, 1122518.5313365683], [2566408.951087241, 1122519.3931527575], [2566410.67471962, 1122519.3928674383], [2566410.6748622796, 1122520.2546836275], [2566412.398494658, 1122520.254398308], [2566412.3986373176, 1122521.1162144975], [2566414.984085886, 1122521.1157865184], [2566415.8461873946, 1122522.8392762372], [2566418.4316359623, 1122522.8388482581], [2566418.431778622, 1122523.7006644474], [2566420.1554110004, 1122523.700379128], [2566420.1555536604, 1122524.5621953174], [2566422.741002228, 1122524.5617673383], [2566422.7411448876, 1122525.4235835276], [2566424.4647772666, 1122525.4232982083], [2566424.464919926, 1122526.2851143975], [2566427.050368494, 1122526.2846864185], [2566427.050511154, 1122527.1465026077], [2566428.7741435324, 1122527.1462172884], [2566428.774286192, 1122528.0080334777], [2566431.3597347597, 1122528.0076054987], [2566431.3598774197, 1122528.869421688], [2566433.083509798, 1122528.8691363686], [2566433.0836524577, 1122529.7309525579], [2566435.5356248654, 1122529.7305466738], [2566460.856, 1122471.072], [2566428.477, 1122457.111], [2566443.867, 1122420.351], [2566420.277, 1122410.391], [2566379.882086304, 1122506.4707214653], [2566381.3708292884, 1122506.470475028]]]}}, {"type": "Feature", "properties": {"egrid": "CH244583798738", "kind": "DP communal", "overlap_m2": 51.338848112468405, "parcel_area_m2": 1123.6704590028191, "overlap_fraction": 0.04568852700642155}, "geometry": {"type": "MultiPolygon", "coordinates": [[[[2566361.548058317, 1122500.4410428756], [2566361.5480075413, 1122500.134305248], [2566360.6861298867, 1122499.7631293146], [2566360.686242128, 1122500.4411855354], [2566361.548058317, 1122500.4410428756]]], [[[2566370.1667908486, 1122503.886881036], [2566370.2615242735, 1122503.8868653544], [2566370.1667840923, 1122503.8460645806], [2566370.1667908486, 1122503.886881036]]], [[[2566371.0287496974, 1122504.7485545657], [2566371.599482584, 1122504.4630700182], [2566371.028661747, 1122504.2172405138], [2566371.0287496974, 1122504.7485545657]]], [[[2566373.614340925, 1122505.609942776], [2566374.2622941267, 1122505.6098355178], [2566373.4363669017, 1122505.2541419843], [2566373.614340925, 1122505.609942776]]], [[[2566374.4762997744, 1122506.4716163054], [2566376.199932153, 1122506.4713309861], [2566376.199927678, 1122506.4442961137], [2566374.4761723676, 1122505.701944247], [2566374.4762997744, 1122506.4716163054]]], [[[2566382.2332161167, 1122509.9175971255], [2566383.956848495, 1122509.9173118062], [2566383.956827881, 1122509.7927780089], [2566382.5907912324, 1122509.2021508424], [2566382.2332161167, 1122509.9175971255]]], [[[2566335.692146041, 1122491.8271607733], [2566335.6920033814, 1122490.965344584], [2566336.5538195707, 1122490.9652019243], [2566337.4159210795, 1122492.6886916433], [2566339.139553458, 1122492.6884063238], [2566339.1396961175, 1122493.550222513], [2566344.310735913, 1122494.4111827444], [2566344.310878573, 1122495.2729989337], [2566347.75814333, 1122495.2724282949], [2566347.7582859895, 1122496.1342444841], [2566350.3437345577, 1122496.133816505], [2566350.3438772173, 1122496.9956326943], [2566353.7911419743, 1122496.9950620558], [2566353.7912846343, 1122497.856878245], [2566355.514917013, 1122497.8565929255], [2566355.6467278274, 1122497.5928621644], [2566355.178, 1122497.391], [2566341.458, 1122491.471], [2566337.758, 1122487.831], [2566336.638, 1122482.07], [2566334.9973394717, 1122491.8272757872], [2566335.692146041, 1122491.8271607733]]]]}}, {"type": "Feature", "properties": {"egrid": "CH152983794577", "kind": "parcelle priv\u00e9e", "overlap_m2": 1162.9594735009057, "parcel_area_m2": 1377.6396550031295, "overlap_fraction": 0.844168117023507}, "geometry": {"type": "Polygon", "coordinates": [[[2566529.6134853447, 1122568.4967031917], [2566529.6136280047, 1122569.358519381], [2566535.6463413294, 1122569.357520763], [2566535.64619867, 1122568.4957045738], [2566538.2316472377, 1122568.4952765948], [2566538.231504578, 1122567.6334604055], [2566542.5405855244, 1122567.632747107], [2566542.540442865, 1122566.7709309177], [2566545.1258914326, 1122566.7705029387], [2566545.125748773, 1122565.9086867494], [2566548.57301353, 1122565.9081161106], [2566548.5728708706, 1122565.0462999213], [2566551.1583194383, 1122565.0458719423], [2566551.158176779, 1122564.184055753], [2566555.467257725, 1122564.1833424545], [2566555.4671150655, 1122563.3215262652], [2566558.0525636333, 1122563.3210982862], [2566558.052420974, 1122562.459282097], [2566561.499685731, 1122562.4587114581], [2566561.4995430713, 1122561.596895269], [2566564.084991639, 1122561.5964672898], [2566564.0848489795, 1122560.7346511006], [2566565.245295217, 1122560.7344590074], [2566575.244, 1122541.123], [2566551.244, 1122530.763], [2566545.104, 1122528.013], [2566524.778697019, 1122567.6917276666], [2566529.6134853447, 1122568.4967031917]]]}}, {"type": "Feature", "properties": {"egrid": "CH927983834544", "kind": "parcelle priv\u00e9e", "overlap_m2": 202.27830264084716, "parcel_area_m2": 203.19280000172583, "overlap_fraction": 0.995499361390409}, "geometry": {"type": "Polygon", "coordinates": [[[2566653.684059452, 1122381.4620471196], [2566653.684044529, 1122381.3718981787], [2566651.9603225985, 1122380.8311938257], [2566651.9604270733, 1122381.462332439], [2566651.098610884, 1122381.4624750987], [2566650.5636996767, 1122380.3930952672], [2566650.404, 1122380.343], [2566650.264, 1122380.833], [2566646.884, 1122391.923], [2566643.154, 1122403.863], [2566638.424, 1122419.133], [2566643.254, 1122420.543], [2566647.674, 1122406.273], [2566651.504, 1122393.843], [2566655.0439999998, 1122382.313], [2566655.154, 1122381.833], [2566653.9712805236, 1122381.461999575], [2566653.684059452, 1122381.4620471196]]]}}, {"type": "Feature", "properties": {"egrid": "CH527768834578", "kind": "parcelle priv\u00e9e", "overlap_m2": 6.771645033091342, "parcel_area_m2": 744.7138454964542, "overlap_fraction": 0.00909294902201947}, "geometry": {"type": "MultiPolygon", "coordinates": [[[[2566703.6718236455, 1122396.104648076], [2566701.662560977, 1122396.104980677], [2566703.671924465, 1122396.713703026], [2566703.6718236455, 1122396.104648076]]], [[[2566701.086232418, 1122395.2432598658], [2566698.8193003093, 1122395.2436351196], [2566701.086346166, 1122395.9304205063], [2566701.086232418, 1122395.2432598658]]], [[[2566698.5006411904, 1122394.3818716556], [2566695.9760396406, 1122394.3822895624], [2566698.500767868, 1122395.1471379865], [2566698.5006411904, 1122394.3818716556]]], [[[2566695.0532337734, 1122393.520626105], [2566693.132778973, 1122393.520944005], [2566695.0533301365, 1122394.1027612935], [2566695.0532337734, 1122393.520626105]]], [[[2566692.467642546, 1122392.6592378947], [2566690.289518305, 1122392.6595984478], [2566692.4677518383, 1122393.3194787737], [2566692.467642546, 1122392.6592378947]]], [[[2566689.020235129, 1122391.7979923442], [2566688.15841894, 1122391.7981350038], [2566688.1584546743, 1122392.0140079076], [2566689.0203141067, 1122392.2751020808], [2566689.020235129, 1122391.7979923442]]], [[[2566686.4346439014, 1122390.9366041338], [2566684.711011523, 1122390.9368894533], [2566684.7108688634, 1122390.075073264], [2566681.912404763, 1122390.0755365044], [2566686.673, 1122391.564], [2566686.7619507364, 1122391.5909469917], [2566686.4346439014, 1122390.9366041338]]], [[[2566680.401645257, 1122389.2139703732], [2566679.157491935, 1122389.2141763226], [2566680.4017096874, 1122389.6031975716], [2566680.401645257, 1122389.2139703732]]], [[[2566678.677870219, 1122388.3524395032], [2566676.7517700363, 1122388.3527583377], [2566676.723, 1122388.453], [2566678.677988048, 1122389.0642530469], [2566678.677870219, 1122388.3524395032]]]]}}, {"type": "Feature", "properties": {"egrid": "CH614556837795", "kind": "parcelle priv\u00e9e", "overlap_m2": 1351.5730804387842, "parcel_area_m2": 1351.6739000093044, "overlap_fraction": 0.999925411321089}, "geometry": {"type": "Polygon", "coordinates": [[[2566444.247318207, 1122288.420564979], [2566444.3385100896, 1122288.4205498837], [2566445.108722096, 1122285.9296918425], [2566445.108706417, 1122285.8349737516], [2566445.1380119016, 1122285.8349689005], [2566446.8314322955, 1122280.3584640299], [2566446.831340178, 1122279.801975107], [2566447.0035161297, 1122279.801946606], [2566447.6927873953, 1122277.5728501237], [2566447.692701204, 1122277.0521655744], [2566419.579, 1122267.86], [2566417.139, 1122267.16], [2566416.029, 1122270.69], [2566408.489, 1122295.64], [2566372.86, 1122284.7], [2566371.61, 1122290.05], [2566437.318, 1122310.86], [2566440.498, 1122300.75], [2566443.779, 1122290.23], [2566444.2473669965, 1122288.7153057486], [2566444.247318207, 1122288.420564979]]]}}, {"type": "Feature", "properties": {"egrid": "CH467783456736", "kind": "parcelle priv\u00e9e", "overlap_m2": 4149.263287923594, "parcel_area_m2": 4291.27330500009, "overlap_fraction": 0.9669072540984447}, "geometry": {"type": "Polygon", "coordinates": [[[2566604.205177483, 1122337.6832049885], [2566599.8466623905, 1122336.0157603195], [2566598.5202623736, 1122335.7949193069], [2566598.5202149283, 1122335.5082990162], [2566597.017366981, 1122334.933351874], [2566596.796487335, 1122334.933388437], [2566596.79647334, 1122334.848844211], [2566592.513931912, 1122333.2104649185], [2566591.62530488, 1122333.2106120163], [2566591.625248577, 1122332.8704797956], [2566590.2622143775, 1122332.349021441], [2566589.901529842, 1122332.3490811465], [2566589.9015069893, 1122332.2110249905], [2566588.0104968427, 1122331.4875779632], [2566587.3159386143, 1122331.487692936], [2566587.315894607, 1122331.2218427828], [2566586.506, 1122330.912], [2566585.7658094945, 1122330.626133322], [2566585.592163576, 1122330.6261620664], [2566585.5921524693, 1122330.5590657813], [2566585.491, 1122330.52], [2566582.0471249297, 1122329.1741329625], [2566580.420981121, 1122328.9033856457], [2566580.4209207385, 1122328.538612053], [2566579.1496005747, 1122328.0417798893], [2566578.6972060828, 1122328.0418547757], [2566578.697176803, 1122327.8649725926], [2566576.973432867, 1122327.1913331319], [2566576.9735737043, 1122328.0421400953], [2566576.1117575145, 1122328.042282755], [2566576.112042834, 1122329.7659151335], [2566575.250226645, 1122329.7660577933], [2566575.250654624, 1122332.351506361], [2566574.3888384346, 1122332.3516490208], [2566574.389409073, 1122335.798913778], [2566573.527592884, 1122335.7990564376], [2566573.528020863, 1122338.3845050056], [2566572.6662046737, 1122338.3846476653], [2566572.6667753123, 1122341.8319124223], [2566571.804959123, 1122341.832055082], [2566571.805387102, 1122344.41750365], [2566570.943570913, 1122344.4176463096], [2566570.9438562323, 1122346.1412786883], [2566569.2203665134, 1122347.0033801969], [2566569.220509173, 1122347.8651963861], [2566567.4968767944, 1122347.8654817056], [2566567.496734135, 1122347.0036655164], [2566564.911285567, 1122347.0040934954], [2566564.911142907, 1122346.142277306], [2566563.1875105286, 1122346.1425626255], [2566563.187367869, 1122345.2807464362], [2566558.0163280736, 1122344.4197862048], [2566558.016185414, 1122343.5579700156], [2566555.430736846, 1122343.5583979946], [2566555.4305941863, 1122342.6965818054], [2566553.706961808, 1122342.6968671246], [2566553.706819148, 1122341.8350509354], [2566551.12137058, 1122341.8354789144], [2566551.1212279205, 1122340.9736627252], [2566549.397595542, 1122340.9739480447], [2566549.397452882, 1122340.1121318552], [2566544.2264130865, 1122339.251171624], [2566544.226270427, 1122338.3893554348], [2566541.6408218592, 1122338.3897834138], [2566541.6406791992, 1122337.5279672246], [2566539.9170468207, 1122337.5282525439], [2566539.916904161, 1122336.6664363546], [2566537.3314555935, 1122336.6668643337], [2566537.3313129335, 1122335.8050481444], [2566534.7458643657, 1122335.8054761235], [2566534.745721706, 1122334.9436599342], [2566533.022089327, 1122334.9439452535], [2566533.0219466677, 1122334.0821290642], [2566531.298314289, 1122334.0824143835], [2566531.2984569487, 1122334.9442305728], [2566530.4366407595, 1122334.9443732325], [2566529.7082964703, 1122333.488287283], [2566511.236, 1122383.882], [2566520.62, 1122387.927], [2566579.765, 1122413.423], [2566575.825, 1122377.652], [2566604.2994047618, 1122337.8715815824], [2566604.205177483, 1122337.6832049885]]]}}, {"type": "Feature", "properties": {"egrid": "CH144583783134", "kind": "parcelle priv\u00e9e", "overlap_m2": 3942.963818002587, "parcel_area_m2": 3942.963818002588, "overlap_fraction": 0.9999999999999997}, "geometry": {"type": "Polygon", "coordinates": [[[2566621.654, 1122431.503], [2566579.765, 1122413.423], [2566520.62, 1122387.927], [2566518.177, 1122393.619], [2566534.705, 1122400.757], [2566532.644, 1122405.531], [2566536.536, 1122407.212], [2566540.447, 1122408.901], [2566529.245, 1122434.852], [2566527.685, 1122438.552], [2566607.604, 1122473.183], [2566609.034, 1122469.073], [2566615.904, 1122448.513], [2566619.184, 1122438.713], [2566621.654, 1122431.503]]]}}, {"type": "Feature", "properties": {"egrid": "CH974579838370", "kind": "parcelle priv\u00e9e", "overlap_m2": 4277.709903769994, "parcel_area_m2": 4281.30091998775, "overlap_fraction": 0.9991612324653493}, "geometry": {"type": "Polygon", "coordinates": [[[2566640.7553900154, 1122372.8460251219], [2566641.3713655346, 1122372.8459231572], [2566641.617088791, 1122372.1365770148], [2566641.6169208856, 1122371.1222500836], [2566641.9684800245, 1122371.1221918887], [2566642.4784933752, 1122369.6499014401], [2566642.478309096, 1122368.536658856], [2566642.864151759, 1122368.536594986], [2566643.339897959, 1122367.163225866], [2566643.339697306, 1122365.9510676286], [2566643.759823493, 1122365.9509980835], [2566644.2013025433, 1122364.6765502922], [2566644.201228176, 1122364.2272925903], [2566644.356937983, 1122364.227266815], [2566645.9241117113, 1122359.703199144], [2566645.924004596, 1122359.056110135], [2566646.1482814522, 1122359.0560730097], [2566647.64692088, 1122354.7298479949], [2566647.646852072, 1122354.3141736411], [2566644.448146512, 1122353.0858316051], [2566644.1993736, 1122353.0236821293], [2566644.1993680736, 1122352.9902976437], [2566642.0429919967, 1122352.1622228704], [2566641.6137823723, 1122352.1622939191], [2566641.6137550753, 1122351.9973906456], [2566639.799717379, 1122351.3007779953], [2566639.028191145, 1122351.300905709], [2566639.028142077, 1122351.0044836476], [2566637.556442761, 1122350.4393331201], [2566636.4425999173, 1122350.4395174987], [2566636.4425290786, 1122350.0115766497], [2566635.3131681425, 1122349.577888245], [2566634.718824879, 1122349.5779866287], [2566634.7187870797, 1122349.349638651], [2566633.0698935245, 1122348.7164433696], [2566632.1332336515, 1122348.7165984185], [2566632.1331740813, 1122348.356731653], [2566630.8266189066, 1122347.8549984945], [2566630.409458613, 1122347.8550675486], [2566630.4094320824, 1122347.6947936541], [2566628.5833442886, 1122346.9935536194], [2566627.8238673857, 1122346.9936793384], [2566627.823819084, 1122346.7018866562], [2566626.3400696707, 1122346.132108744], [2566626.1000923472, 1122346.1321484684], [2566626.100077085, 1122346.0399486576], [2566624.0967950528, 1122345.2706638689], [2566623.5145011195, 1122345.2707602582], [2566623.5144640864, 1122345.0470416595], [2566622.905, 1122344.813], [2566621.849973352, 1122344.4092195807], [2566621.7907260815, 1122344.4092293882], [2566621.790722326, 1122344.3865429934], [2566619.5991312265, 1122343.5477759584], [2566618.3433186645, 1122343.5479838378], [2566618.0458565704, 1122342.9533057683], [2566617.465, 1122342.731], [2566613.2636294123, 1122341.1222803548], [2566612.3101773607, 1122340.9635338876], [2566612.310143203, 1122340.7571871157], [2566610.599043324, 1122340.1020009252], [2566609.724586133, 1122340.1021456774], [2566609.724530679, 1122339.7671469431], [2566608.3492761524, 1122339.2405571246], [2566607.138994905, 1122339.2407574672], [2566607.1389181553, 1122338.7771067703], [2566606.995, 1122338.722], [2566606.0723994724, 1122338.3791178118], [2566604.553403678, 1122338.3793692568], [2566604.2994047618, 1122337.8715815824], [2566575.825, 1122377.652], [2566579.765, 1122413.423], [2566621.654, 1122431.503], [2566626.954, 1122415.693], [2566639.914, 1122377.053], [2566640.7556842067, 1122374.6232525888], [2566640.7553900154, 1122372.8460251219]]]}}, {"type": "Feature", "properties": {"egrid": "CH486883457710", "kind": "parcelle priv\u00e9e", "overlap_m2": 198.85137883837152, "parcel_area_m2": 200.38698500044535, "overlap_fraction": 0.9923367969128812}, "geometry": {"type": "Polygon", "coordinates": [[[2566664.888383211, 1122385.7692734902], [2566664.5843469547, 1122385.161452536], [2566664.5439999998, 1122385.273], [2566660.804, 1122397.713], [2566656.913, 1122410.163], [2566652.883, 1122423.3530000001], [2566657.633, 1122424.753], [2566661.713, 1122411.6030000001], [2566665.193, 1122400.093], [2566669.384, 1122386.753], [2566669.554, 1122386.283], [2566667.872360121, 1122385.7687795411], [2566664.888383211, 1122385.7692734902]]]}}, {"type": "Feature", "properties": {"egrid": "CH884083459629", "kind": "parcelle priv\u00e9e", "overlap_m2": 8.919884241816609, "parcel_area_m2": 3628.7129249966347, "overlap_fraction": 0.002458139959314881}, "geometry": {"type": "MultiPolygon", "coordinates": [[[[2566617.4812171557, 1122341.8244941188], [2566613.2636294123, 1122341.1222803548], [2566617.465, 1122342.731], [2566617.651339836, 1122342.1645987206], [2566617.4812171557, 1122341.8244941188]]], [[[2566612.3100347007, 1122340.1017176984], [2566610.599043324, 1122340.1020009252], [2566612.310143203, 1122340.7571871157], [2566612.3100347007, 1122340.1017176984]]], [[[2566609.7244434734, 1122339.240329488], [2566608.3492761524, 1122339.2405571246], [2566609.724530679, 1122339.7671469431], [2566609.7244434734, 1122339.240329488]]], [[[2566607.1388522456, 1122338.3789412777], [2566606.0723994724, 1122338.3791178118], [2566606.995, 1122338.722], [2566607.1389181553, 1122338.7771067703], [2566607.1388522456, 1122338.3789412777]]], [[[2566603.691302169, 1122336.655879538], [2566599.8466623905, 1122336.0157603195], [2566604.205177483, 1122337.6832049885], [2566603.691302169, 1122336.655879538]]], [[[2566598.520119714, 1122334.9331031174], [2566597.017366981, 1122334.933351874], [2566598.5202149283, 1122335.5082990162], [2566598.520119714, 1122334.9331031174]]], [[[2566596.7963446756, 1122334.0715722477], [2566595.072712297, 1122334.071857567], [2566595.0725696376, 1122333.2100413777], [2566592.513931912, 1122333.2104649185], [2566596.79647334, 1122334.848844211], [2566596.7963446756, 1122334.0715722477]]], [[[2566591.6251622206, 1122332.348795827], [2566590.2622143775, 1122332.349021441], [2566591.625248577, 1122332.8704797956], [2566591.6251622206, 1122332.348795827]]], [[[2566589.901387182, 1122331.487264957], [2566588.0104968427, 1122331.4875779632], [2566589.9015069893, 1122332.2110249905], [2566589.901387182, 1122331.487264957]]], [[[2566587.315795955, 1122330.6258767468], [2566585.7658094945, 1122330.626133322], [2566586.506, 1122330.912], [2566587.315894607, 1122331.2218427828], [2566587.315795955, 1122330.6258767468]]], [[[2566585.5920910225, 1122330.1878634642], [2566585.491, 1122330.52], [2566585.5921524693, 1122330.5590657813], [2566585.5920910225, 1122330.1878634642]]]]}}, {"type": "Feature", "properties": {"egrid": "CH667983452850", "kind": "parcelle priv\u00e9e", "overlap_m2": 1946.2475404988277, "parcel_area_m2": 1946.247540498828, "overlap_fraction": 0.9999999999999999}, "geometry": {"type": "Polygon", "coordinates": [[[2566615.904, 1122448.513], [2566609.034, 1122469.073], [2566627.943, 1122477.233], [2566628.973, 1122477.673], [2566639.423, 1122482.184], [2566642.063, 1122483.314], [2566647.453, 1122485.664], [2566666.852, 1122494.054], [2566674.512, 1122467.134], [2566660.193, 1122456.594], [2566655.123, 1122454.354], [2566619.184, 1122438.713], [2566615.904, 1122448.513]]]}}, {"type": "Feature", "properties": {"egrid": "CH244583792996", "kind": "parcelle priv\u00e9e", "overlap_m2": 1761.7900932768648, "parcel_area_m2": 1804.1774580501165, "overlap_fraction": 0.9765059891508332}, "geometry": {"type": "Polygon", "coordinates": [[[2566606.312130339, 1122550.3858665044], [2566606.311987679, 1122549.5240503151], [2566607.1738038682, 1122549.5239076554], [2566607.1736612087, 1122548.6620914661], [2566608.897436247, 1122549.523622336], [2566608.897293587, 1122548.6618061468], [2566614.068190723, 1122548.6609501888], [2566614.068048063, 1122547.7991339993], [2566616.6534966314, 1122547.7987060202], [2566616.6533539714, 1122546.936889831], [2566620.100618729, 1122546.9363191922], [2566620.100476069, 1122546.074503003], [2566622.685924637, 1122546.0740750239], [2566622.685781977, 1122545.2122588346], [2566626.1330467346, 1122545.2116881958], [2566626.1329040746, 1122544.3498720066], [2566627.8565364536, 1122544.3495866873], [2566627.8563937936, 1122543.4877704978], [2566631.303658551, 1122543.4871998592], [2566631.303515891, 1122542.62538367], [2566633.8889644593, 1122542.624955691], [2566633.8888217993, 1122541.7631395014], [2566636.4742703675, 1122541.7627115224], [2566636.4741277075, 1122540.9008953332], [2566639.0595762753, 1122540.900467354], [2566639.0594336158, 1122540.0386511649], [2566641.6448821835, 1122540.0382231858], [2566641.644739524, 1122539.1764069966], [2566644.2301880918, 1122539.1759790175], [2566644.230045432, 1122538.314162828], [2566647.677310189, 1122538.3135921895], [2566647.6771675297, 1122537.451776], [2566650.2626160975, 1122537.451348021], [2566650.262473438, 1122536.5895318317], [2566651.3483168464, 1122537.1322288746], [2566653.994, 1122536.273], [2566681.7939999998, 1122527.124], [2566682.143405771, 1122526.9395375217], [2566682.460098934, 1122526.703282914], [2566682.736466923, 1122526.4209151866], [2566682.9658664973, 1122526.0992218012], [2566683.1427834257, 1122525.7459355157], [2566683.2629650384, 1122525.369548509], [2566683.323522449, 1122524.979108246], [2566683.323, 1122524.584], [2566683.274373115, 1122524.1787445836], [2566683.161154517, 1122523.7865991062], [2566682.9862963497, 1122523.4177886564], [2566682.754357994, 1122523.0819298683], [2566682.47138718, 1122522.7877801703], [2566682.144762296, 1122522.5430094372], [2566681.783, 1122522.354], [2566640.163, 1122504.454], [2566635.223, 1122502.284], [2566632.203, 1122500.974], [2566631.093, 1122500.474], [2566621.253, 1122519.433], [2566619.223, 1122523.313], [2566617.134, 1122527.383], [2566614.764, 1122532.063], [2566612.964, 1122535.623], [2566610.934, 1122539.613], [2566608.8140000002, 1122543.623], [2566607.0439999998, 1122547.043], [2566605.3601974295, 1122550.3860240814], [2566606.312130339, 1122550.3858665044]]]}}, {"type": "Feature", "properties": {"egrid": "CH707745608322", "kind": "DP communal", "overlap_m2": 315.49991914066595, "parcel_area_m2": 1335.3196238269902, "overlap_fraction": 0.23627295930576656}, "geometry": {"type": "MultiPolygon", "coordinates": [[[[2566686.4574694512, 1122528.8271944213], [2566686.4573267917, 1122527.965378232], [2566689.0427753595, 1122527.964950253], [2566689.904306229, 1122526.2411752148], [2566690.7661224185, 1122526.241032555], [2566690.765979759, 1122525.3792163657], [2566691.627795948, 1122525.379073706], [2566691.6276532887, 1122524.5172575167], [2566692.489469478, 1122524.517114857], [2566692.4893268184, 1122523.6552986677], [2566693.3511430076, 1122523.655156008], [2566694.212388558, 1122520.2077485912], [2566695.935878277, 1122519.3456470824], [2566695.9357356173, 1122518.4838308932], [2566696.7975518066, 1122518.4836882334], [2566696.797409147, 1122517.6218720442], [2566697.6592253363, 1122517.6217293846], [2566697.6590826763, 1122516.7599131952], [2566698.520898866, 1122516.7597705356], [2566698.520756206, 1122515.8979543464], [2566699.3825723953, 1122515.8978116866], [2566699.3824297357, 1122515.0359954974], [2566700.244245925, 1122515.0358528376], [2566700.2441032655, 1122514.1740366484], [2566701.967735644, 1122514.1737513288], [2566701.9674503244, 1122512.4501189503], [2566703.6909400434, 1122511.5880174418], [2566703.690797384, 1122510.7262012523], [2566704.552613573, 1122510.7260585928], [2566704.552470913, 1122509.8642424033], [2566705.414287103, 1122509.8640997438], [2566705.413859124, 1122507.2786511758], [2566707.1373488423, 1122506.4165496673], [2566707.1372241112, 1122505.6630403753], [2566706.583809817, 1122505.9093507987], [2566705.263, 1122506.274], [2566702.4492717446, 1122506.472998071], [2566699.633, 1122506.314], [2566694.083, 1122505.304], [2566691.359682521, 1122504.4758908316], [2566688.703, 1122503.454], [2566681.783, 1122522.354], [2566682.144762296, 1122522.5430094372], [2566682.47138718, 1122522.7877801703], [2566682.754357994, 1122523.0819298683], [2566682.9862963497, 1122523.4177886564], [2566683.161154517, 1122523.7865991062], [2566683.274373115, 1122524.1787445836], [2566683.323, 1122524.584], [2566683.3235224495, 1122524.979108246], [2566683.2629650384, 1122525.3695485091], [2566683.142783426, 1122525.745935516], [2566682.9658664977, 1122526.0992218014], [2566682.7364669233, 1122526.4209151869], [2566682.460098934, 1122526.7032829141], [2566682.1434057713, 1122526.939537522], [2566681.7939999998, 1122527.124], [2566685.8476091274, 1122528.8272953737], [2566686.4574694512, 1122528.8271944213]]], [[[2566707.999022372, 1122505.5545908182], [2566707.99897161, 1122505.2479337137], [2566707.8356415117, 1122505.3521928105], [2566707.380660369, 1122505.5546931778], [2566707.999022372, 1122505.5545908182]]], [[[2566711.4457164905, 1122502.1067554222], [2566711.445711004, 1122502.0736124206], [2566711.4234909946, 1122502.1067591012], [2566711.4457164905, 1122502.1067554222]]], [[[2566712.30739002, 1122501.2447965732], [2566712.307310616, 1122500.765111705], [2566712.26958124, 1122500.844604676], [2566712.0012770398, 1122501.2448472453], [2566712.30739002, 1122501.2447965732]]], [[[2566713.16906355, 1122500.3828377244], [2566713.168873775, 1122499.2363956317], [2566713.053, 1122499.194], [2566712.4886940694, 1122500.3829503483], [2566713.16906355, 1122500.3828377244]]]]}}, {"type": "Feature", "properties": {"egrid": "CH914583837939", "kind": "parcelle priv\u00e9e", "overlap_m2": 7.294578213545541, "parcel_area_m2": 969.1053150076689, "overlap_fraction": 0.007527126412971759}, "geometry": {"type": "MultiPolygon", "coordinates": [[[[2566739.008141983, 1122407.3024094896], [2566738.147880785, 1122407.302551892], [2566739.0081857513, 1122407.5668185425], [2566739.008141983, 1122407.3024094896]]], [[[2566737.2843669443, 1122406.44087862], [2566735.3437984767, 1122406.4411998496], [2566737.2844656776, 1122407.0373298747], [2566737.2843669443, 1122406.44087862]]], [[[2566734.698775717, 1122405.5794904095], [2566732.5397161674, 1122405.5798478068], [2566734.698885566, 1122406.2430968727], [2566734.698775717, 1122405.5794904095]]], [[[2566732.1131844893, 1122404.7181021993], [2566729.735633858, 1122404.7184957643], [2566732.113305455, 1122405.4488638707], [2566732.1131844893, 1122404.7181021993]]], [[[2566728.6657770723, 1122403.8568566488], [2566726.931551549, 1122403.8571437218], [2566728.6658653067, 1122404.389886535], [2566728.6657770723, 1122403.8568566488]]], [[[2566726.080185845, 1122402.9954684386], [2566724.12746924, 1122402.9957916792], [2566726.0802851957, 1122403.595653533], [2566726.080185845, 1122402.9954684386]]], [[[2566723.4945946173, 1122402.1340802284], [2566721.323386931, 1122402.1344396365], [2566723.4947050847, 1122402.801420531], [2566723.4945946173, 1122402.1340802284]]], [[[2566719.185371011, 1122401.2729773375], [2566718.519304622, 1122401.273087594], [2566719.1854048995, 1122401.4776988612], [2566719.185371011, 1122401.2729773375]]], [[[2566717.461595973, 1122400.4114464675], [2566713.6463319696, 1122399.776218214], [2566717.4616848254, 1122400.9482101933], [2566717.461595973, 1122400.4114464675]]], [[[2566712.2904135175, 1122398.688670047], [2566710.1070576943, 1122398.6890314661], [2566712.2905246033, 1122399.3597441893], [2566712.2904135175, 1122398.688670047]]], [[[2566708.843006101, 1122397.8274244964], [2566707.3029753854, 1122397.8276794236], [2566708.843084455, 1122398.3007668536], [2566708.843006101, 1122397.8274244964]]], [[[2566707.1192310625, 1122396.9658936264], [2566704.498893076, 1122396.9663273809], [2566707.1193643813, 1122397.7712781855], [2566707.1192310625, 1122396.9658936264]]]]}}, {"type": "Feature", "properties": {"egrid": "CH153183784526", "kind": "parcelle priv\u00e9e", "overlap_m2": 766.8641999963838, "parcel_area_m2": 766.8641999963838, "overlap_fraction": 1.0}, "geometry": {"type": "Polygon", "coordinates": [[[2566386.88, 1122230.32], [2566380.41, 1122255.3], [2566389.94, 1122258.28], [2566405.41, 1122263.21], [2566406.22, 1122263.47], [2566410.6, 1122250.15], [2566414.25, 1122251.4], [2566418.05, 1122240.02], [2566386.88, 1122230.32]]]}}, {"type": "Feature", "properties": {"egrid": "CH698377694552", "kind": "parcelle priv\u00e9e", "overlap_m2": 8806.391981498193, "parcel_area_m2": 8908.032759492244, "overlap_fraction": 0.9885899860566022}, "geometry": {"type": "Polygon", "coordinates": [[[2566529.5745392507, 1122333.2208835136], [2566526.127131834, 1122332.3596379631], [2566526.126989174, 1122331.4978217739], [2566522.679724417, 1122331.4983924127], [2566522.6795817576, 1122330.6365762232], [2566520.9559493787, 1122330.6368615427], [2566520.955806719, 1122329.7750453532], [2566519.2321743406, 1122329.7753306727], [2566519.2320316806, 1122328.9135144835], [2566514.0609918856, 1122328.0525542523], [2566514.0608492256, 1122327.1907380628], [2566512.337216847, 1122327.1910233824], [2566512.3370741876, 1122326.329207193], [2566507.166034392, 1122325.4682469617], [2566507.165891732, 1122324.6064307725], [2566505.4422593536, 1122324.606716092], [2566505.442116694, 1122323.7448999025], [2566502.8566681263, 1122323.7453278815], [2566502.8565254663, 1122322.8835116923], [2566500.2710768986, 1122322.8839396713], [2566500.270934239, 1122322.022123482], [2566498.54730186, 1122322.0224088014], [2566498.5471592005, 1122321.160592612], [2566495.0998944435, 1122321.161163251], [2566494.2377929348, 1122319.437673532], [2566490.7905281777, 1122319.4382441707], [2566490.7903855178, 1122318.5764279815], [2566489.0667531393, 1122318.5767133008], [2566489.0666104797, 1122317.7148971115], [2566483.895570684, 1122316.8539368804], [2566483.895428024, 1122315.992120691], [2566482.1717956457, 1122315.9924060104], [2566482.171652986, 1122315.1305898211], [2566479.5862044184, 1122315.1310178002], [2566479.5860617585, 1122314.269201611], [2566477.86242938, 1122314.2694869302], [2566477.8622867204, 1122313.407670741], [2566472.691246925, 1122312.5467105098], [2566472.691104265, 1122311.6848943206], [2566470.9674718864, 1122311.6851796398], [2566470.9673480843, 1122310.93728169], [2566470.2886708286, 1122310.7103691758], [2566465.7962894314, 1122309.9624032194], [2566465.7961646053, 1122309.2083210761], [2566465.4741000994, 1122309.1006403395], [2566463.2106982036, 1122309.1010150092], [2566463.210572866, 1122308.343840769], [2566462.897751999, 1122308.2392505994], [2566461.4869231656, 1122308.2394841393], [2566461.4868450398, 1122307.7675205646], [2566460.3214038983, 1122307.377860859], [2566458.0395157486, 1122307.3782385886], [2566457.581020049, 1122306.4616265458], [2566455.168707697, 1122305.6550813785], [2566453.730149483, 1122305.6553195084], [2566453.7300698217, 1122305.1740796436], [2566452.5923595964, 1122304.7936916382], [2566452.0063744443, 1122304.7937886384], [2566452.0063419947, 1122304.597759439], [2566450.0160114956, 1122303.9323018978], [2566448.558967028, 1122303.932543088], [2566448.5588863427, 1122303.4451190296], [2566447.4396633953, 1122303.0709121577], [2566446.8351919893, 1122303.071012218], [2566446.835158516, 1122302.868798825], [2566444.8633152945, 1122302.2095224173], [2566444.249600762, 1122302.2096240078], [2566444.1262882, 1122301.9631009118], [2566440.498, 1122300.75], [2566437.318, 1122310.86], [2566430.818, 1122332.001], [2566423.738, 1122354.541], [2566414.306, 1122384.929], [2566413.098, 1122388.821], [2566496.146, 1122424.902], [2566497.516, 1122421.082], [2566507.266, 1122394.572], [2566511.236, 1122383.882], [2566529.7082964703, 1122333.488287283], [2566529.5745392507, 1122333.2208835136]]]}}, {"type": "Feature", "properties": {"egrid": "CH667783452510", "kind": "parcelle priv\u00e9e", "overlap_m2": 1817.5411299849932, "parcel_area_m2": 1817.5411299849934, "overlap_fraction": 0.9999999999999999}, "geometry": {"type": "Polygon", "coordinates": [[[2566555.5439999998, 1122467.953], [2566530.585, 1122457.2719999999], [2566525.015, 1122459.762], [2566500.205, 1122508.532], [2566528.354, 1122520.803], [2566555.5439999998, 1122467.953]]]}}, {"type": "Feature", "properties": {"egrid": "CH767983458556", "kind": "parcelle priv\u00e9e", "overlap_m2": 1550.2736849956561, "parcel_area_m2": 1550.2736849956564, "overlap_fraction": 0.9999999999999999}, "geometry": {"type": "Polygon", "coordinates": [[[2566576.604, 1122538.453], [2566584.933, 1122522.333], [2566592.053, 1122508.393], [2566592.703, 1122507.1030000001], [2566594.063, 1122504.473], [2566596.723, 1122499.303], [2566597.273, 1122498.253], [2566602.443, 1122488.223], [2566578.524, 1122477.833], [2566551.244, 1122530.763], [2566575.244, 1122541.123], [2566576.604, 1122538.453]]]}}, {"type": "Feature", "properties": {"egrid": "CH874579858301", "kind": "DP communal", "overlap_m2": 487.39393030948145, "parcel_area_m2": 573.3371799999928, "overlap_fraction": 0.850099988822437}, "geometry": {"type": "Polygon", "coordinates": [[[2566565.808481358, 1122560.734365781], [2566565.8083386985, 1122559.8725495918], [2566567.531971077, 1122559.8722642725], [2566567.5321137365, 1122560.7340804618], [2566568.3939299257, 1122560.733937802], [2566568.393787266, 1122559.8721216128], [2566570.979235834, 1122559.8716936337], [2566570.9790931745, 1122559.0098774445], [2566574.4263579315, 1122559.0093068057], [2566574.426346386, 1122558.9395601104], [2566573.555, 1122557.883], [2566582.304, 1122540.813], [2566588.954, 1122527.983], [2566592.773, 1122520.533], [2566600.093, 1122506.233], [2566601.233, 1122504.013], [2566608.123, 1122490.573], [2566602.443, 1122488.223], [2566597.273, 1122498.253], [2566596.723, 1122499.303], [2566594.063, 1122504.473], [2566592.703, 1122507.1030000001], [2566592.053, 1122508.393], [2566584.933, 1122522.333], [2566576.604, 1122538.453], [2566575.244, 1122541.123], [2566565.245295217, 1122560.7344590074], [2566565.808481358, 1122560.734365781]]]}}, {"type": "Feature", "properties": {"egrid": "CH798377604545", "kind": "parcelle priv\u00e9e", "overlap_m2": 7.192276583982934, "parcel_area_m2": 1209.8352960068514, "overlap_fraction": 0.0059448394403118845}, "geometry": {"type": "MultiPolygon", "coordinates": [[[[2566647.646781017, 1122353.88492768], [2566644.448146512, 1122353.0858316051], [2566647.646852072, 1122354.3141736411], [2566647.646781017, 1122353.88492768]]], [[[2566644.19923094, 1122352.16186594], [2566642.0429919967, 1122352.1622228704], [2566644.1993680736, 1122352.9902976437], [2566644.19923094, 1122352.16186594]]], [[[2566641.613639713, 1122351.3004777299], [2566639.799717379, 1122351.3007779953], [2566641.6137550753, 1122351.9973906456], [2566641.613639713, 1122351.3004777299]]], [[[2566639.028048485, 1122350.4390895197], [2566637.556442761, 1122350.4393331201], [2566639.028142077, 1122351.0044836476], [2566639.028048485, 1122350.4390895197]]], [[[2566636.442457258, 1122349.5777013095], [2566635.3131681425, 1122349.577888245], [2566636.4425290786, 1122350.0115766497], [2566636.442457258, 1122349.5777013095]]], [[[2566634.7186822193, 1122348.7161704395], [2566633.0698935245, 1122348.7164433696], [2566634.7187870797, 1122349.349638651], [2566634.7186822193, 1122348.7161704395]]], [[[2566632.1330909915, 1122347.8547822293], [2566630.8266189066, 1122347.8549984945], [2566632.1331740813, 1122348.356731653], [2566632.1330909915, 1122347.8547822293]]], [[[2566630.4093159535, 1122346.9932513593], [2566628.5833442886, 1122346.9935536194], [2566630.4094320824, 1122347.6947936541], [2566630.4093159535, 1122346.9932513593]]], [[[2566627.8237247257, 1122346.131863149], [2566626.3400696707, 1122346.132108744], [2566627.823819084, 1122346.7018866562], [2566627.8237247257, 1122346.131863149]]], [[[2566626.0999496877, 1122345.2703322791], [2566624.0967950528, 1122345.2706638689], [2566626.100077085, 1122346.0399486576], [2566626.0999496877, 1122345.2703322791]]], [[[2566623.51435846, 1122344.408944069], [2566621.849973352, 1122344.4092195807], [2566622.905, 1122344.813], [2566623.5144640864, 1122345.0470416595], [2566623.51435846, 1122344.408944069]]], [[[2566621.790583422, 1122343.547413199], [2566619.5991312265, 1122343.5477759584], [2566621.790722326, 1122344.3865429934], [2566621.790583422, 1122343.547413199]]], [[[2566617.651339836, 1122342.1645987206], [2566617.465, 1122342.731], [2566618.0458565704, 1122342.9533057683], [2566617.651339836, 1122342.1645987206]]]]}}, {"type": "Feature", "properties": {"egrid": "CH107745568344", "kind": "parcelle priv\u00e9e", "overlap_m2": 2355.53009901114, "parcel_area_m2": 2356.7508555080094, "overlap_fraction": 0.9994820171618836}, "geometry": {"type": "Polygon", "coordinates": [[[2566445.0940124695, 1122197.067906254], [2566445.0939776087, 1122196.8573092471], [2566442.936365102, 1122196.2064472046], [2566442.5084212422, 1122196.2065180438], [2566442.50839986, 1122196.0773478735], [2566440.08100482, 1122195.3451036501], [2566439.0610138252, 1122195.345272493], [2566439.060962862, 1122195.037399375], [2566437.2256445377, 1122194.483760096], [2566436.4754225975, 1122194.4838842829], [2566436.475385113, 1122194.2574380012], [2566435.075, 1122193.835], [2566434.3706991393, 1122193.6224164728], [2566433.88983137, 1122193.6224960727], [2566433.8898073295, 1122193.4772658949], [2566431.5170198777, 1122192.7610726403], [2566430.442423953, 1122192.7612505222], [2566430.44237023, 1122192.436704426], [2566428.6633406146, 1122191.8997288074], [2566427.8568327255, 1122191.8998623118], [2566427.856792405, 1122191.6562833246], [2566425.809661353, 1122191.038384975], [2566425.271241498, 1122191.0384741016], [2566425.27121458, 1122190.875862223], [2566422.955982091, 1122190.1770411422], [2566422.6856502704, 1122190.1770858914], [2566422.6856367555, 1122190.0954411214], [2566420.102302829, 1122189.3156973098], [2566420.1000590427, 1122189.3156976812], [2566420.1000589305, 1122189.31502002], [2566415.2350899237, 1122187.8465960433], [2566413.205244209, 1122187.59320658], [2566413.205184731, 1122187.2338970825], [2566411.541265043, 1122186.731665812], [2566410.6196529814, 1122186.7318183698], [2566410.6196069065, 1122186.453475981], [2566405.8339065188, 1122185.0089781468], [2566405.4484705264, 1122185.0090419494], [2566405.448451257, 1122184.8926337778], [2566399.241, 1122183.019], [2566390.92, 1122214.879], [2566386.88, 1122230.32], [2566418.05, 1122240.02], [2566431.729, 1122244.36], [2566436.949, 1122227.37], [2566446.23, 1122197.2], [2566445.791725384, 1122197.067790759], [2566445.0940124695, 1122197.067906254]]]}}, {"type": "Feature", "properties": {"egrid": "CH638377452548", "kind": "parcelle priv\u00e9e", "overlap_m2": 822.8909200036491, "parcel_area_m2": 822.890920003649, "overlap_fraction": 1.0000000000000002}, "geometry": {"type": "Polygon", "coordinates": [[[2566337.758, 1122487.831], [2566341.458, 1122491.471], [2566355.178, 1122497.391], [2566369.348, 1122463.881], [2566340.188, 1122459.01], [2566336.638, 1122482.07], [2566337.758, 1122487.831]]]}}, {"type": "Feature", "properties": {"egrid": "CH844583798530", "kind": "parcelle priv\u00e9e", "overlap_m2": 1093.4847818990502, "parcel_area_m2": 1094.4688749999048, "overlap_fraction": 0.9991008487099693}, "geometry": {"type": "Polygon", "coordinates": [[[2566447.6924430686, 1122275.4927515008], [2566448.458775581, 1122275.1094266642], [2566449.415503392, 1122272.036642048], [2566449.415362149, 1122271.183385235], [2566449.681183133, 1122271.1833412326], [2566451.999578193, 1122263.7372018048], [2566451.9995267796, 1122263.4266115522], [2566452.096495958, 1122263.4265955007], [2566452.860947888, 1122261.0397605347], [2566452.86091499, 1122260.8410203247], [2566452.9246034813, 1122260.8410097822], [2566453.7223189073, 1122258.3503167818], [2566453.7223032, 1122258.2554290972], [2566453.752711005, 1122258.2554240637], [2566455.4450609456, 1122252.9714292758], [2566455.444936961, 1122252.2224304527], [2566455.6849618927, 1122252.2223907204], [2566455.769, 1122251.96], [2566431.729, 1122244.36], [2566418.05, 1122240.02], [2566414.25, 1122251.4], [2566410.6, 1122250.15], [2566406.22, 1122263.47], [2566417.139, 1122267.16], [2566419.579, 1122267.86], [2566447.692701204, 1122277.0521655744], [2566447.6924430686, 1122275.4927515008]]]}}, {"type": "Feature", "properties": {"egrid": "CH614525837783", "kind": "DP communal", "overlap_m2": 436.6372436208519, "parcel_area_m2": 455.74230000617695, "overlap_fraction": 0.9580792557876104}, "geometry": {"type": "Polygon", "coordinates": [[[2566476.177457776, 1122547.8219595489], [2566477.9010901544, 1122547.8216742296], [2566477.9012328144, 1122548.6834904188], [2566480.4278802136, 1122548.6830721733], [2566480.135, 1122548.182], [2566500.205, 1122508.532], [2566525.015, 1122459.762], [2566530.585, 1122457.2719999999], [2566520.075, 1122452.762], [2566521.375, 1122458.012], [2566505.045, 1122490.162], [2566476.525, 1122546.412], [2566475.5907074166, 1122546.6489443046], [2566476.177457776, 1122547.8219595489]]]}}, {"type": "Feature", "properties": {"egrid": "CH174577568353", "kind": "DP communal", "overlap_m2": 6558.407876494155, "parcel_area_m2": 6558.407876494156, "overlap_fraction": 0.9999999999999999}, "geometry": {"type": "Polygon", "coordinates": [[[2566608.123, 1122490.573], [2566631.093, 1122500.474], [2566632.203, 1122500.974], [2566635.223, 1122502.284], [2566640.163, 1122504.454], [2566681.783, 1122522.354], [2566688.703, 1122503.454], [2566666.852, 1122494.054], [2566647.453, 1122485.664], [2566642.063, 1122483.314], [2566639.423, 1122482.184], [2566628.973, 1122477.673], [2566627.943, 1122477.233], [2566609.034, 1122469.073], [2566607.604, 1122473.183], [2566527.685, 1122438.552], [2566529.245, 1122434.852], [2566525.205, 1122433.122], [2566497.516, 1122421.082], [2566496.146, 1122424.902], [2566413.098, 1122388.821], [2566414.306, 1122384.929], [2566408.276, 1122382.303], [2566386.599, 1122372.851], [2566384.042, 1122371.748], [2566383.517, 1122371.5219999999], [2566378.6595251723, 1122369.2992636343], [2566373.975, 1122366.732], [2566370.5811571153, 1122364.5681089594], [2566367.365, 1122362.148], [2566349.969, 1122398.43], [2566365.989, 1122387.45], [2566396.308, 1122400.251], [2566420.277, 1122410.391], [2566443.867, 1122420.351], [2566496.6859999998, 1122442.632], [2566520.075, 1122452.762], [2566530.585, 1122457.2719999999], [2566555.5439999998, 1122467.953], [2566576.504, 1122476.993], [2566578.004, 1122477.653], [2566578.524, 1122477.833], [2566602.443, 1122488.223], [2566608.123, 1122490.573]]]}}, {"type": "Feature", "properties": {"egrid": "CH407845398363", "kind": "parcelle priv\u00e9e", "overlap_m2": 860.7171999987888, "parcel_area_m2": 860.7171999987889, "overlap_fraction": 0.9999999999999999}, "geometry": {"type": "Polygon", "coordinates": [[[2566601.233, 1122504.013], [2566600.093, 1122506.233], [2566592.773, 1122520.533], [2566594.023, 1122521.183], [2566599.693, 1122524.163], [2566614.764, 1122532.063], [2566617.134, 1122527.383], [2566619.223, 1122523.313], [2566621.253, 1122519.433], [2566631.093, 1122500.474], [2566608.123, 1122490.573], [2566601.233, 1122504.013]]]}}, {"type": "Feature", "properties": {"egrid": "CH567783456997", "kind": "parcelle priv\u00e9e", "overlap_m2": 200.66760229355202, "parcel_area_m2": 201.76969999790407, "overlap_fraction": 0.9945378433711132}, "geometry": {"type": "Polygon", "coordinates": [[[2566658.855241907, 1122383.18482354], [2566658.855210471, 1122382.994918464], [2566657.131488471, 1122382.453791599], [2566657.1316095283, 1122383.1851088596], [2566656.269793339, 1122383.185251519], [2566655.6752374745, 1122381.996631723], [2566655.154, 1122381.833], [2566655.0439999998, 1122382.313], [2566651.504, 1122393.843], [2566647.674, 1122406.273], [2566643.254, 1122420.543], [2566648.033, 1122421.923], [2566652.444, 1122407.743], [2566655.984, 1122396.233], [2566659.824, 1122383.813], [2566659.964, 1122383.343], [2566659.4598210934, 1122383.1847234617], [2566658.855241907, 1122383.18482354]]]}}, {"type": "Feature", "properties": {"egrid": "CH274578308388", "kind": "parcelle priv\u00e9e", "overlap_m2": 537.109470729486, "parcel_area_m2": 538.1194649921755, "overlap_fraction": 0.9981231040161237}, "geometry": {"type": "Polygon", "coordinates": [[[2566680.4017879167, 1122390.0757865624], [2566680.4017096874, 1122389.6031975716], [2566679.157491935, 1122389.2141763226], [2566678.6780128786, 1122389.2142556924], [2566678.677988048, 1122389.0642530469], [2566676.723, 1122388.453], [2566676.390890059, 1122388.3528180756], [2566674.3687892724, 1122388.3531528015], [2566674.368688241, 1122387.742815048], [2566674.303, 1122387.723], [2566674.143, 1122388.183], [2566670.343, 1122400.613], [2566666.473, 1122413.033], [2566662.453, 1122426.203], [2566667.013, 1122427.494], [2566675.763, 1122430.034], [2566686.673, 1122391.564], [2566681.912404763, 1122390.0755365044], [2566680.4017879167, 1122390.0757865624]]]}}, {"type": "Feature", "properties": {"egrid": "CH182883457926", "kind": "parcelle priv\u00e9e", "overlap_m2": 2996.0836553398194, "parcel_area_m2": 2998.2892923590416, "overlap_fraction": 0.9992643681765988}, "geometry": {"type": "Polygon", "coordinates": [[[2566707.137206183, 1122505.5547334778], [2566707.380660369, 1122505.5546931778], [2566707.8356415117, 1122505.3521928105], [2566707.99897161, 1122505.2479337137], [2566707.9988797125, 1122504.692774629], [2566708.860695902, 1122504.6926319692], [2566708.8605532423, 1122503.83081578], [2566709.7223694315, 1122503.8306731202], [2566709.7222267715, 1122502.968856931], [2566710.584042961, 1122502.9687142712], [2566710.5839003013, 1122502.106898082], [2566711.4234909946, 1122502.1067591012], [2566711.445711004, 1122502.0736124206], [2566711.445573831, 1122501.244939233], [2566712.0012770398, 1122501.2448472453], [2566712.26958124, 1122500.844604676], [2566712.307310616, 1122500.765111705], [2566712.3072473607, 1122500.382980384], [2566712.4886940694, 1122500.3829503483], [2566713.053, 1122499.194], [2566713.1687995372, 1122498.7879212783], [2566713.1687782304, 1122498.6592053457], [2566713.2055065813, 1122498.659199266], [2566714.03011577, 1122495.767510294], [2566714.030023781, 1122495.211797929], [2566714.1885931073, 1122495.2117716803], [2566714.891432003, 1122492.74709931], [2566714.8914119913, 1122492.6262067012], [2566714.9259080016, 1122492.626200991], [2566716.614064469, 1122486.7062773418], [2566716.614045752, 1122486.5932080569], [2566716.6463094223, 1122486.5932027162], [2566718.3366969344, 1122480.665455375], [2566718.3366795126, 1122480.5602094124], [2566718.3667108426, 1122480.5602044412], [2566720.0593294003, 1122474.624633407], [2566720.0593132735, 1122474.5272107678], [2566720.087112263, 1122474.5272061662], [2566720.9206456332, 1122471.6042224227], [2566720.920558824, 1122471.079803351], [2566721.0701987892, 1122471.0797785807], [2566721.781961866, 1122468.5838114386], [2566721.7819470344, 1122468.4942121236], [2566721.8075136836, 1122468.4942078914], [2566724.252801529, 1122459.9192223216], [2566724.365826346, 1122459.0138060623], [2566724.5110016298, 1122459.013782031], [2566725.2272267975, 1122456.5021675031], [2566725.227071896, 1122455.5663986453], [2566725.4940881557, 1122455.566354445], [2566726.9498592634, 1122450.4613455357], [2566726.9498483166, 1122450.3952161903], [2566726.968717945, 1122450.3952130666], [2566728.412, 1122445.334], [2566728.0307909297, 1122445.2241399803], [2566727.8108085482, 1122445.2241763948], [2566727.8107980476, 1122445.1607405904], [2566684.413, 1122432.654], [2566674.512, 1122467.134], [2566666.852, 1122494.054], [2566688.703, 1122503.454], [2566691.359682521, 1122504.4758908316], [2566694.083, 1122505.304], [2566699.633, 1122506.314], [2566702.4492717446, 1122506.472998071], [2566705.263, 1122506.274], [2566706.583809817, 1122505.9093507987], [2566707.1372241112, 1122505.6630403753], [2566707.137206183, 1122505.5547334778]]]}}, {"type": "Feature", "properties": {"egrid": "CH698379724525", "kind": "parcelle priv\u00e9e", "overlap_m2": 5414.264235612996, "parcel_area_m2": 5437.48369049097, "overlap_fraction": 0.9957297426163173}, "geometry": {"type": "Polygon", "coordinates": [[[2566361.547915657, 1122499.5792266864], [2566364.1333642253, 1122499.5787987073], [2566364.133506885, 1122500.4406148966], [2566366.7189554526, 1122500.4401869175], [2566366.7190981125, 1122501.3020031068], [2566368.442730491, 1122501.3017177875], [2566369.304832, 1122503.0252075065], [2566370.166648189, 1122503.0250648467], [2566370.1667840923, 1122503.8460645806], [2566370.2615242735, 1122503.8868653544], [2566371.028607038, 1122503.8867383765], [2566371.028661747, 1122504.2172405138], [2566371.599482584, 1122504.4630700182], [2566372.7522394164, 1122503.886453057], [2566373.4363669017, 1122505.2541419843], [2566374.2622941267, 1122505.6098355178], [2566374.4761571144, 1122505.6098001162], [2566374.4761723676, 1122505.701944247], [2566376.199927678, 1122506.4442961137], [2566376.199789493, 1122505.6095147969], [2566378.785238061, 1122505.6090868178], [2566378.7853807206, 1122506.470903007], [2566379.882086304, 1122506.4707214653], [2566420.277, 1122410.391], [2566396.308, 1122400.251], [2566365.989, 1122387.45], [2566349.969, 1122398.43], [2566340.188, 1122459.01], [2566369.348, 1122463.881], [2566355.178, 1122497.391], [2566355.6467278274, 1122497.5928621644], [2566356.3764478825, 1122496.1328178872], [2566357.238264072, 1122496.1326752277], [2566357.2384067317, 1122496.994491417], [2566358.9620391103, 1122496.9942060977], [2566359.824140619, 1122498.7176958164], [2566360.6859568083, 1122498.717553157], [2566360.6861298867, 1122499.7631293146], [2566361.5480075413, 1122500.134305248], [2566361.547915657, 1122499.5792266864]]]}}, {"type": "Feature", "properties": {"egrid": "CH198377694528", "kind": "parcelle priv\u00e9e", "overlap_m2": 4213.739261607241, "parcel_area_m2": 4424.486189980987, "overlap_fraction": 0.9523680447119554}, "geometry": {"type": "Polygon", "coordinates": [[[2566323.5753619047, 1122181.575329862], [2566323.5759325433, 1122185.0225946193], [2566322.714116354, 1122185.022737279], [2566322.714401673, 1122186.7463696576], [2566321.852585484, 1122186.7465123173], [2566321.853013463, 1122189.3319608853], [2566320.9911972736, 1122189.3321035448], [2566320.9916252526, 1122191.9175521128], [2566320.1298090634, 1122191.9176947726], [2566320.130094383, 1122193.641327151], [2566319.2682781937, 1122193.6414698109], [2566319.268848832, 1122197.0887345679], [2566318.407032643, 1122197.0888772276], [2566318.4073179625, 1122198.8125096061], [2566317.5455017732, 1122198.812652266], [2566316.684541542, 1122203.9836920614], [2566315.822725353, 1122203.9838347211], [2566315.823153332, 1122206.569283289], [2566314.961337142, 1122206.5694259487], [2566314.961765121, 1122209.1548745164], [2566314.099948932, 1122209.1550171762], [2566314.100376911, 1122211.7404657442], [2566313.2385607217, 1122211.7406084037], [2566313.2388460413, 1122213.4642407824], [2566312.377029852, 1122213.464383442], [2566311.516069621, 1122218.6354232375], [2566310.6542534316, 1122218.6355658972], [2566310.6546814106, 1122221.221014465], [2566309.7928652214, 1122221.2211571247], [2566309.7932932004, 1122223.8066056927], [2566308.931477011, 1122223.8067483522], [2566308.93190499, 1122226.3921969202], [2566308.070088801, 1122226.39233958], [2566308.07051678, 1122228.9777881477], [2566307.2087005903, 1122228.9779308075], [2566307.2091285693, 1122231.5633793755], [2566306.34731238, 1122231.563522035], [2566306.3475976996, 1122233.2871544138], [2566305.4857815104, 1122233.2872970733], [2566305.486352149, 1122236.7345618305], [2566304.6245359597, 1122236.7347044903], [2566304.624821279, 1122238.4583368688], [2566303.76300509, 1122238.4584795285], [2566303.763433069, 1122241.0439280963], [2566302.9016168797, 1122241.044070756], [2566302.901902199, 1122242.7677031346], [2566302.0400860095, 1122242.7678457943], [2566301.1791257784, 1122247.9388855898], [2566300.317309589, 1122247.9390282496], [2566300.317737568, 1122250.5244768173], [2566299.455921379, 1122250.524619477], [2566299.456349358, 1122253.1100680449], [2566298.5945331687, 1122253.1102107046], [2566298.594818488, 1122254.8338430831], [2566297.733002299, 1122254.8339857429], [2566297.7335729375, 1122258.2812505001], [2566296.8717567483, 1122258.2813931599], [2566296.872042068, 1122260.0050255384], [2566296.010225878, 1122260.0051681981], [2566296.0109391767, 1122264.3142491446], [2566295.8130279775, 1122264.4132456987], [2566353.74, 1122283.409], [2566354.44, 1122280.849], [2566366.351, 1122236.339], [2566369.771, 1122222.729], [2566335.621, 1122212.509], [2566342.652, 1122186.199], [2566324.3971250597, 1122181.1642782334], [2566323.5753619047, 1122181.575329862]]]}}, {"type": "Feature", "properties": {"egrid": "CH827982834587", "kind": "parcelle priv\u00e9e", "overlap_m2": 2044.8987359200003, "parcel_area_m2": 2088.346005019355, "overlap_fraction": 0.9791953684902173}, "geometry": {"type": "Polygon", "coordinates": [[[2566383.038253751, 1122166.9146111258], [2566383.0381110916, 1122166.0527949366], [2566377.867071296, 1122165.1918347054], [2566377.8669286366, 1122164.3300185162], [2566374.419663879, 1122164.330589155], [2566374.4195212196, 1122163.4687729655], [2566372.695888841, 1122163.469058285], [2566372.6957461815, 1122162.6072420955], [2566367.524706386, 1122161.7462818644], [2566367.524563726, 1122160.884465675], [2566364.077298969, 1122160.885036314], [2566364.0771563095, 1122160.0232201247], [2566362.3535239305, 1122160.023505444], [2566362.353381271, 1122159.1616892547], [2566358.906116514, 1122159.1622598935], [2566358.905973854, 1122158.300443704], [2566356.3205252863, 1122158.300871683], [2566356.3203826267, 1122157.4390554938], [2566353.7349340585, 1122157.4394834728], [2566353.7347981683, 1122156.6185610162], [2566353.574850377, 1122156.5776937592], [2566351.149342831, 1122156.5780952626], [2566351.149240175, 1122155.9579413084], [2566350.762, 1122155.859], [2566342.652, 1122186.199], [2566335.621, 1122212.509], [2566369.771, 1122222.729], [2566383.8036523624, 1122166.9144844266], [2566383.038253751, 1122166.9146111258]]]}}, {"type": "Feature", "properties": {"egrid": "CH585183457747", "kind": "parcelle priv\u00e9e", "overlap_m2": 44.59093059936702, "parcel_area_m2": 16688.861759975352, "overlap_fraction": 0.0026718976548963202}, "geometry": {"type": "MultiPolygon", "coordinates": [[[[2566585.5920209163, 1122329.7643458769], [2566582.0471249297, 1122329.1741329625], [2566585.491, 1122330.52], [2566585.5920910225, 1122330.1878634642], [2566585.5920209163, 1122329.7643458769]]], [[[2566580.4208384613, 1122328.0415694565], [2566579.1496005747, 1122328.0417798893], [2566580.4209207385, 1122328.538612053], [2566580.4208384613, 1122328.0415694565]]], [[[2566578.6970634228, 1122327.1800385865], [2566576.9734310443, 1122327.180323906], [2566576.973432867, 1122327.1913331319], [2566578.697176803, 1122327.8649725926], [2566578.6970634228, 1122327.1800385865]]], [[[2566470.967329227, 1122310.8233634506], [2566470.2886708286, 1122310.7103691758], [2566470.9673480843, 1122310.93728169], [2566470.967329227, 1122310.8233634506]]], [[[2566465.796146772, 1122309.10058703], [2566465.4741000994, 1122309.1006403395], [2566465.7961646053, 1122309.2083210761], [2566465.796146772, 1122309.10058703]]], [[[2566463.210555544, 1122308.2391988197], [2566462.897751999, 1122308.2392505994], [2566463.210572866, 1122308.343840769], [2566463.210555544, 1122308.2391988197]]], [[[2566461.486780506, 1122307.3776679498], [2566460.3214038983, 1122307.377860859], [2566461.4868450398, 1122307.7675205646], [2566461.486780506, 1122307.3776679498]]], [[[2566457.17741424, 1122305.6547488698], [2566455.168707697, 1122305.6550813785], [2566457.581020049, 1122306.4616265458], [2566457.17741424, 1122305.6547488698]]], [[[2566453.7300068233, 1122304.7935033191], [2566452.5923595964, 1122304.7936916382], [2566453.7300698217, 1122305.1740796436], [2566453.7300068233, 1122304.7935033191]]], [[[2566452.006231785, 1122303.9319724492], [2566450.0160114956, 1122303.9323018978], [2566452.0063419947, 1122304.597759439], [2566452.006231785, 1122303.9319724492]]], [[[2566448.558824368, 1122303.0707268987], [2566447.4396633953, 1122303.0709121577], [2566448.5588863427, 1122303.4451190296], [2566448.558824368, 1122303.0707268987]]], [[[2566446.83504933, 1122302.2091960288], [2566444.8633152945, 1122302.2095224173], [2566446.835158516, 1122302.868798825], [2566446.83504933, 1122302.2091960288]]], [[[2566443.3874992533, 1122300.4861342888], [2566442.525683064, 1122300.4862769486], [2566442.525540404, 1122299.6244607593], [2566441.663724215, 1122299.6246034189], [2566441.6632962357, 1122297.039154851], [2566442.525112425, 1122297.0390121914], [2566442.524684446, 1122294.4535636236], [2566443.386500635, 1122294.4534209638], [2566443.386072656, 1122291.8679723958], [2566444.2478888454, 1122291.8678297363], [2566444.2473669965, 1122288.7153057486], [2566443.779, 1122290.23], [2566440.498, 1122300.75], [2566444.1262882, 1122301.9631009118], [2566443.3874992533, 1122300.4861342888]]], [[[2566445.109134396, 1122288.4204223193], [2566445.108722096, 1122285.9296918425], [2566444.3385100896, 1122288.4205498837], [2566445.109134396, 1122288.4204223193]]], [[[2566445.9705226063, 1122285.8348310918], [2566445.9700946272, 1122283.2493825238], [2566446.8319108165, 1122283.2492398643], [2566446.8314322955, 1122280.3584640299], [2566445.1380119016, 1122285.8349689005], [2566445.9705226063, 1122285.8348310918]]], [[[2566447.693156367, 1122279.8018324473], [2566447.6927873953, 1122277.5728501237], [2566447.0035161297, 1122279.801946606], [2566447.693156367, 1122279.8018324473]]], [[[2566449.4159327876, 1122274.6306499923], [2566449.415503392, 1122272.036642048], [2566448.458775581, 1122275.1094266642], [2566449.4159327876, 1122274.6306499923]]], [[[2566450.2771783383, 1122271.1832425753], [2566450.2768930187, 1122269.4596101968], [2566451.138709208, 1122269.459467537], [2566451.138281229, 1122266.8740189692], [2566452.000097418, 1122266.8738763095], [2566451.999578193, 1122263.7372018048], [2566449.681183133, 1122271.1833412326], [2566450.2771783383, 1122271.1832425753]]], [[[2566452.861342969, 1122263.4264688927], [2566452.860947888, 1122261.0397605347], [2566452.096495958, 1122263.4265955007], [2566452.861342969, 1122263.4264688927]]], [[[2566453.722731179, 1122260.840877665], [2566453.7223189073, 1122258.3503167818], [2566452.9246034813, 1122260.8410097822], [2566453.722731179, 1122260.840877665]]], [[[2566454.5841193893, 1122258.2552864375], [2566454.5836914103, 1122255.6698378695], [2566455.4455075995, 1122255.66969521], [2566455.4450609456, 1122252.9714292758], [2566453.752711005, 1122258.2554240637], [2566454.5841193893, 1122258.2552864375]]], [[[2566456.30675315, 1122252.222287793], [2566456.306467831, 1122250.4986554144], [2566457.1682840204, 1122250.4985127547], [2566457.167802393, 1122247.588973499], [2566455.769, 1122251.96], [2566455.6849618927, 1122252.2223907204], [2566456.30675315, 1122252.222287793]]], [[[2566458.0295295706, 1122247.051105338], [2566458.0291730487, 1122244.8973324352], [2566457.3398927674, 1122247.0512194962], [2566458.0295295706, 1122247.051105338]]], [[[2566458.890917781, 1122244.4655141104], [2566458.8906324618, 1122242.7418817317], [2566459.752448651, 1122242.7417390721], [2566459.751914359, 1122239.5140503077], [2566458.167323883, 1122244.4656338894], [2566458.890917781, 1122244.4655141104]]], [[[2566460.6136942017, 1122239.2943316551], [2566460.613285015, 1122236.8224092426], [2566459.8221861143, 1122239.2944626766], [2566460.6136942017, 1122239.2943316551]]], [[[2566461.475082412, 1122236.7087404276], [2566461.47465567, 1122234.1307681794], [2566460.64961723, 1122236.7088770699], [2566461.475082412, 1122236.7087404276]]], [[[2566462.336327962, 1122233.2613330106], [2566462.3360263254, 1122231.439127116], [2566461.7528587175, 1122233.2614295946], [2566462.336327962, 1122233.2613330106]]], [[[2566463.1977161723, 1122230.675741783], [2566463.197396981, 1122228.747486052], [2566462.5802898332, 1122230.675843988], [2566463.1977161723, 1122230.675741783]]], [[[2566464.059104383, 1122228.0901505556], [2566464.0588190635, 1122226.3665181769], [2566464.9206352527, 1122226.3663755173], [2566464.920138292, 1122223.3642039231], [2566463.407720949, 1122228.0902583816], [2566464.059104383, 1122228.0901505556]]], [[[2566465.7818808034, 1122222.9189681003], [2566465.7815089473, 1122220.6725628593], [2566465.0625831806, 1122222.9190871685], [2566465.7818808034, 1122222.9189681003]]], [[[2566466.6432690136, 1122220.3333768728], [2566466.642879603, 1122217.9809217956], [2566465.890014296, 1122220.333501562], [2566466.6432690136, 1122220.3333768728]]], [[[2566467.504657224, 1122217.7477856453], [2566467.504250258, 1122215.2892807317], [2566466.7174454117, 1122217.7479159555], [2566467.504657224, 1122217.7477856453]]], [[[2566468.366045434, 1122215.1621944178], [2566468.3656209134, 1122212.597639668], [2566467.5448765275, 1122215.1623303487], [2566468.366045434, 1122215.1621944178]]], [[[2566469.2274336442, 1122212.57660319], [2566469.226991569, 1122209.905998604], [2566468.3723076433, 1122212.5767447425], [2566469.2274336442, 1122212.57660319]]], [[[2566470.088679195, 1122209.1291957733], [2566470.0883938754, 1122207.4055633948], [2566470.9502100646, 1122207.405420735], [2566470.9497820856, 1122204.819972167], [2566470.85460099, 1122204.8199879227], [2566469.4755491307, 1122209.129297267], [2566470.088679195, 1122209.1291957733]]]]}}, {"type": "Feature", "properties": {"egrid": "CH414569837746", "kind": "parcelle priv\u00e9e", "overlap_m2": 7714.934628567685, "parcel_area_m2": 74896.545508529, "overlap_fraction": 0.10300788342353026}, "geometry": {"type": "Polygon", "coordinates": [[[2566257.247043119, 1122372.0476924924], [2566257.2473284383, 1122373.771324871], [2566256.385512249, 1122373.7714675306], [2566256.385940228, 1122376.3569160986], [2566255.524124039, 1122376.3570587581], [2566255.5244093584, 1122378.080691137], [2566254.662593169, 1122378.0808337966], [2566254.663021148, 1122380.6662823644], [2566253.8012049585, 1122380.6664250242], [2566253.8016329375, 1122383.251873592], [2566252.9398167483, 1122383.2520162517], [2566252.940102068, 1122384.9756486302], [2566252.0782858785, 1122384.97579129], [2566252.0787138576, 1122387.561239858], [2566251.2168976683, 1122387.5613825175], [2566251.217182988, 1122389.2850148962], [2566250.355366798, 1122389.2851575557], [2566250.355937437, 1122392.732422313], [2566249.494121248, 1122392.7325649727], [2566249.494406567, 1122394.4561973512], [2566248.6325903777, 1122394.456340011], [2566247.7716301465, 1122399.6273798065], [2566246.9098139573, 1122399.627522466], [2566246.9102419363, 1122402.212971034], [2566246.048425747, 1122402.2131136938], [2566246.0487110666, 1122403.9367460723], [2566245.1868948773, 1122403.936888732], [2566245.1873228564, 1122406.5223372998], [2566244.325506667, 1122406.5224799595], [2566244.325791986, 1122408.246112338], [2566243.463975797, 1122408.2462549978], [2566242.603015566, 1122413.4172947933], [2566241.7411993765, 1122413.417437453], [2566241.7416273556, 1122416.0028860208], [2566240.8798111663, 1122416.0030286806], [2566240.880096486, 1122417.726661059], [2566240.0182802966, 1122417.7268037188], [2566239.157320065, 1122422.8978435143], [2566238.2955038757, 1122422.8979861739], [2566238.2959318548, 1122425.4834347419], [2566236.5724421362, 1122426.3455362506], [2566236.573012775, 1122429.7928010076], [2566235.7111965856, 1122429.7929436674], [2566235.7116245646, 1122432.3783922354], [2566234.8498083754, 1122432.378534895], [2566234.8500936944, 1122434.1021672736], [2566233.988277505, 1122434.1023099332], [2566233.988705484, 1122436.6877585012], [2566233.126889295, 1122436.687901161], [2566233.127317274, 1122439.2733497287], [2566232.2655010847, 1122439.2734923884], [2566232.265929064, 1122441.8589409562], [2566231.4041128745, 1122441.859083616], [2566231.404398194, 1122443.5827159944], [2566230.542582005, 1122443.5828586542], [2566230.542867324, 1122445.306491033], [2566231.404683513, 1122445.3063483732], [2566231.404826173, 1122446.1681645624], [2566233.1284585516, 1122446.1678792431], [2566233.128601211, 1122447.0296954324], [2566234.85223359, 1122447.0294101129], [2566234.8523762496, 1122447.8912263024], [2566236.576008628, 1122447.8909409828], [2566236.5761512876, 1122448.7527571723], [2566239.161599856, 1122448.752329193], [2566239.1617425154, 1122449.6141453825], [2566240.885374894, 1122449.613860063], [2566240.885517554, 1122450.4756762523], [2566242.6091499324, 1122450.475390933], [2566242.609292592, 1122451.3372071222], [2566244.3329249704, 1122451.336921803], [2566244.3330676304, 1122452.1987379922], [2566246.056700009, 1122452.198452673], [2566246.0568426684, 1122453.0602688622], [2566247.780475047, 1122453.059983543], [2566247.780617707, 1122453.9217997321], [2566250.3660662747, 1122453.921371753], [2566250.366208934, 1122454.7831879423], [2566252.089841313, 1122454.782902623], [2566252.0899839727, 1122455.6447188123], [2566253.813616351, 1122455.6444334928], [2566253.8137590108, 1122456.5062496823], [2566255.5373913897, 1122456.5059643628], [2566255.5375340492, 1122457.367780552], [2566258.9847988063, 1122457.3672099134], [2566259.846900315, 1122459.0906996322], [2566261.5705326935, 1122459.090414313], [2566261.5706753535, 1122459.9522305022], [2566264.1561239213, 1122459.951802523], [2566264.156266581, 1122460.8136187124], [2566265.8798989593, 1122460.813333393], [2566265.8800416193, 1122461.6751495823], [2566267.603673998, 1122461.674864263], [2566267.6038166573, 1122462.5366804523], [2566269.327449036, 1122462.536395133], [2566269.327591696, 1122463.3982113223], [2566271.0512240743, 1122463.397926003], [2566271.051366734, 1122464.2597421922], [2566272.774999113, 1122464.2594568727], [2566272.7751417723, 1122465.1212730622], [2566275.36059034, 1122465.1208450831], [2566275.360733, 1122465.9826612724], [2566277.0843653786, 1122465.9823759529], [2566277.084508038, 1122466.8441921424], [2566278.8081404166, 1122466.8439068228], [2566278.8082830766, 1122467.705723012], [2566281.3937316444, 1122467.705295033], [2566282.255833153, 1122469.428784752], [2566284.841281721, 1122469.428356773], [2566284.8414243804, 1122470.2901729622], [2566286.565056759, 1122470.289887643], [2566286.565199419, 1122471.1517038322], [2566289.1506479867, 1122471.1512758532], [2566289.150790646, 1122472.0130920424], [2566290.874423025, 1122472.0128067231], [2566290.8745656847, 1122472.8746229124], [2566291.736381874, 1122472.8744802526], [2566291.7365245335, 1122473.7362964419], [2566296.907564329, 1122474.5972566733], [2566296.907706989, 1122475.4590728625], [2566298.6313393675, 1122475.458787543], [2566298.631482027, 1122476.3206037325], [2566300.3551144055, 1122476.320318413], [2566300.3552570655, 1122477.1821346022], [2566302.078889444, 1122477.181849283], [2566302.0790321035, 1122478.0436654722], [2566304.6644806718, 1122478.0432374931], [2566305.52658218, 1122479.7667272121], [2566308.1120307483, 1122479.766299233], [2566308.112173408, 1122480.6281154223], [2566309.8358057863, 1122480.627830103], [2566309.835948446, 1122481.4896462923], [2566311.559580825, 1122481.489360973], [2566311.5597234843, 1122482.3511771623], [2566313.283355863, 1122482.3508918427], [2566313.283498523, 1122483.2127080322], [2566315.8689470906, 1122483.2122800532], [2566315.86908975, 1122484.0740962424], [2566315.93005793, 1122484.0740861502], [2566324.859, 1122427.59], [2566329.829, 1122399.21], [2566330.639, 1122379.0], [2566328.16, 1122371.5], [2566306.27, 1122362.369], [2566303.83, 1122368.309], [2566296.36, 1122386.349], [2566282.1, 1122380.839], [2566267.89, 1122375.269], [2566258.339533545, 1122371.5012212053], [2566257.247043119, 1122372.0476924924]]]}}, {"type": "Feature", "properties": {"egrid": "CH598377604516", "kind": "parcelle priv\u00e9e", "overlap_m2": 1526.7656419919504, "parcel_area_m2": 1526.7656419919504, "overlap_fraction": 1.0}, "geometry": {"type": "Polygon", "coordinates": [[[2566437.318, 1122310.86], [2566371.61, 1122290.05], [2566366.21, 1122312.05], [2566396.714, 1122321.47], [2566430.818, 1122332.001], [2566437.318, 1122310.86]]]}}, {"type": "Feature", "properties": {"egrid": "CH614572837946", "kind": "parcelle priv\u00e9e", "overlap_m2": 2969.566192961514, "parcel_area_m2": 3037.428299997374, "overlap_fraction": 0.9776580382042537}, "geometry": {"type": "Polygon", "coordinates": [[[2566436.530917215, 1122529.7303819193], [2566437.3930187235, 1122531.453871638], [2566440.8404261405, 1122532.3151171887], [2566440.8405688, 1122533.176933378], [2566443.426017368, 1122533.176505399], [2566443.4261600277, 1122534.0383215882], [2566445.1497924062, 1122534.038036269], [2566445.1499350662, 1122534.8998524582], [2566446.8735674447, 1122534.8995671389], [2566446.8737101043, 1122535.7613833281], [2566448.597342483, 1122535.7610980086], [2566448.5974851428, 1122536.622914198], [2566450.3211175213, 1122536.6226288786], [2566450.321260181, 1122537.4844450678], [2566452.9067087485, 1122537.4840170888], [2566452.9068514085, 1122538.3458332783], [2566454.630483787, 1122538.3455479587], [2566454.6306264466, 1122539.207364148], [2566457.216075015, 1122539.206936169], [2566457.2162176743, 1122540.0687523582], [2566458.939850053, 1122540.068467039], [2566458.9399927123, 1122540.9302832282], [2566460.6636250913, 1122540.9299979089], [2566460.663767751, 1122541.7918140981], [2566463.2492163186, 1122541.791386119], [2566463.2493589786, 1122542.6532023083], [2566464.972991357, 1122542.652916989], [2566464.9731340166, 1122543.5147331783], [2566467.5585825844, 1122543.5143051993], [2566467.5587252444, 1122544.3761213885], [2566469.282357623, 1122544.3758360692], [2566469.2825002824, 1122545.2376522585], [2566471.8679488506, 1122545.2372242794], [2566471.86809151, 1122546.0990404687], [2566475.315356267, 1122546.0984698301], [2566475.5907074166, 1122546.6489443046], [2566476.525, 1122546.412], [2566505.045, 1122490.162], [2566480.566, 1122479.602], [2566460.856, 1122471.072], [2566435.5356248654, 1122529.7305466738], [2566436.530917215, 1122529.7303819193]]]}}, {"type": "Feature", "properties": {"egrid": "CH238379458707", "kind": "parcelle priv\u00e9e", "overlap_m2": 1114.8729150012286, "parcel_area_m2": 1114.8729150012289, "overlap_fraction": 0.9999999999999998}, "geometry": {"type": "Polygon", "coordinates": [[[2566505.045, 1122490.162], [2566521.375, 1122458.012], [2566520.075, 1122452.762], [2566496.6859999998, 1122442.632], [2566480.566, 1122479.602], [2566505.045, 1122490.162]]]}}, {"type": "Feature", "properties": {"egrid": "CH444583776991", "kind": "parcelle priv\u00e9e", "overlap_m2": 1205.6311525107665, "parcel_area_m2": 1205.6311525107665, "overlap_fraction": 1.0}, "geometry": {"type": "Polygon", "coordinates": [[[2566507.266, 1122394.572], [2566497.516, 1122421.082], [2566525.205, 1122433.122], [2566529.245, 1122434.852], [2566540.447, 1122408.901], [2566536.536, 1122407.212], [2566532.644, 1122405.531], [2566534.705, 1122400.757], [2566518.177, 1122393.619], [2566520.62, 1122387.927], [2566511.236, 1122383.882], [2566507.266, 1122394.572]]]}}, {"type": "Feature", "properties": {"egrid": "CH567983457240", "kind": "parcelle priv\u00e9e", "overlap_m2": 2172.078100844712, "parcel_area_m2": 2296.338684499317, "overlap_fraction": 0.9458875189041646}, "geometry": {"type": "Polygon", "coordinates": [[[2566480.486681382, 1122548.6830624398], [2566480.4865387226, 1122547.8212462505], [2566481.348354912, 1122547.8211035908], [2566482.21045642, 1122549.5445933098], [2566483.07227261, 1122549.54445065], [2566483.0724152694, 1122550.4062668392], [2566486.5198226864, 1122551.26751239], [2566486.519965346, 1122552.1293285792], [2566489.1054139137, 1122552.1289006001], [2566489.1055565737, 1122552.9907167894], [2566490.829188952, 1122552.99043147], [2566490.8293316117, 1122553.8522476593], [2566493.4147801795, 1122553.8518196803], [2566493.4149228395, 1122554.7136358696], [2566495.138555218, 1122554.7133505503], [2566495.1386978775, 1122555.5751667395], [2566497.7241464457, 1122555.5747387605], [2566497.7242891053, 1122556.4365549497], [2566499.447921484, 1122556.4362696304], [2566499.4480641433, 1122557.2980858197], [2566501.1716965223, 1122557.2978005004], [2566501.171839182, 1122558.1596166897], [2566503.7572877496, 1122558.1591887106], [2566503.7574304095, 1122559.0210048999], [2566505.481062788, 1122559.0207195806], [2566505.4812054476, 1122559.8825357698], [2566508.0666540153, 1122559.8821077908], [2566508.0667966753, 1122560.74392398], [2566509.790429054, 1122560.7436386608], [2566509.7905717134, 1122561.60545485], [2566512.3760202816, 1122561.605026871], [2566512.376162941, 1122562.4668430602], [2566514.0997953196, 1122562.466557741], [2566514.099937979, 1122563.3283739302], [2566516.6853865474, 1122563.3279459511], [2566516.685529207, 1122564.1897621404], [2566518.4091615854, 1122564.189476821], [2566518.4093042454, 1122565.0512930104], [2566520.994752813, 1122565.0508650313], [2566520.9948954727, 1122565.9126812206], [2566522.718527851, 1122565.912395901], [2566522.718670511, 1122566.7742120905], [2566524.4423028897, 1122566.773926771], [2566524.442445549, 1122567.6357429605], [2566524.778697019, 1122567.6917276666], [2566545.104, 1122528.013], [2566528.354, 1122520.803], [2566500.205, 1122508.532], [2566480.135, 1122548.182], [2566480.4278802136, 1122548.6830721733], [2566480.486681382, 1122548.6830624398]]]}}, {"type": "Feature", "properties": {"egrid": "CH556783774585", "kind": "DP communal", "overlap_m2": 37.940224497135375, "parcel_area_m2": 3007.1750149974314, "overlap_fraction": 0.012616566813677049}, "geometry": {"type": "MultiPolygon", "coordinates": [[[[2566713.1687995372, 1122498.7879212783], [2566713.053, 1122499.194], [2566713.168873775, 1122499.2363956317], [2566713.1687995372, 1122498.7879212783]]], [[[2566714.0305944197, 1122498.659062686], [2566714.03011577, 1122495.767510294], [2566713.2055065813, 1122498.659199266], [2566714.0305944197, 1122498.659062686]]], [[[2566714.8918399704, 1122495.2116552691], [2566714.891432003, 1122492.74709931], [2566714.1885931073, 1122495.2117716803], [2566714.8918399704, 1122495.2116552691]]], [[[2566715.7532281806, 1122492.6260640416], [2566715.7528002015, 1122490.0406154736], [2566716.614616391, 1122490.040472814], [2566716.614064469, 1122486.7062773418], [2566714.9259080016, 1122492.626200991], [2566715.7532281806, 1122492.6260640416]]], [[[2566717.4758619415, 1122486.593065397], [2566717.4754339624, 1122484.0076168291], [2566718.3372501517, 1122484.0074741696], [2566718.3366969344, 1122480.665455375], [2566716.6463094223, 1122486.5932027162], [2566717.4758619415, 1122486.593065397]]], [[[2566719.1984957024, 1122480.5600667526], [2566719.1980677233, 1122477.9746181848], [2566720.0598839126, 1122477.974475525], [2566720.0593294003, 1122474.624633407], [2566718.3667108426, 1122480.5602044412], [2566719.1984957024, 1122480.5600667526]]], [[[2566720.921129463, 1122474.5270681083], [2566720.9206456332, 1122471.6042224227], [2566720.087112263, 1122474.5272061662], [2566720.921129463, 1122474.5270681083]]], [[[2566721.7823750135, 1122471.0796606913], [2566721.781961866, 1122468.5838114386], [2566721.0701987892, 1122471.0797785807], [2566721.7823750135, 1122471.0796606913]]], [[[2566722.6437632237, 1122468.4940694638], [2566722.6433352446, 1122465.9086208958], [2566723.505151434, 1122465.9084782363], [2566724.252801529, 1122459.9192223216], [2566721.8075136836, 1122468.4942078914], [2566722.6437632237, 1122468.4940694638]]], [[[2566725.227642535, 1122459.0136634025], [2566725.2272267975, 1122456.5021675031], [2566724.5110016298, 1122459.013782031], [2566725.227642535, 1122459.0136634025]]], [[[2566726.0888880854, 1122455.5662559855], [2566726.0886027664, 1122453.842623607], [2566726.9504189556, 1122453.8424809473], [2566726.9498592634, 1122450.4613455357], [2566725.4940881557, 1122455.566354445], [2566726.0888880854, 1122455.5662559855]]], [[[2566727.8116645063, 1122450.3950735305], [2566727.8112365273, 1122447.8096249625], [2566728.6730527165, 1122447.809482303], [2566728.6726247375, 1122445.224033735], [2566728.4437415274, 1122445.2240716228], [2566728.412, 1122445.334], [2566726.968717945, 1122450.3952130666], [2566727.8116645063, 1122450.3950735305]]], [[[2566729.534155607, 1122443.5002586967], [2566729.5338702877, 1122441.7766263182], [2566730.395686477, 1122441.7764836585], [2566731.124092967, 1122435.9413839157], [2566728.841436081, 1122443.8467618073], [2566729.534155607, 1122443.5002586967]]], [[[2566732.1181775783, 1122434.8816688247], [2566732.117892259, 1122433.1580364462], [2566732.979708448, 1122433.1578937864], [2566733.780788585, 1122426.7406218858], [2566731.4300499964, 1122434.8817827331], [2566732.1181775783, 1122434.8816688247]]], [[[2566734.7021995494, 1122426.2630789527], [2566734.7017715704, 1122423.6776303847], [2566735.5635877596, 1122423.6774877252], [2566735.5631597806, 1122421.0920391572], [2566736.42497597, 1122421.0918964976], [2566737.196540093, 1122414.9110707068], [2566733.9186403872, 1122426.2632086582], [2566734.7021995494, 1122426.2630789527]]], [[[2566738.1474670707, 1122414.1970816639], [2566738.147040355, 1122411.6192646527], [2566737.4026669348, 1122414.1972049533], [2566738.1474670707, 1122414.1970816639]]], [[[2566739.008855281, 1122411.6114904361], [2566739.008362787, 1122408.6363024064], [2566738.1492440524, 1122411.6116327308], [2566739.008855281, 1122411.6114904361]]]]}}, {"type": "Feature", "properties": {"egrid": "CH514515839988", "kind": "parcelle priv\u00e9e", "overlap_m2": 7.948624685791389, "parcel_area_m2": 1414.4505574895622, "overlap_fraction": 0.005619584681630022}, "geometry": {"type": "MultiPolygon", "coordinates": [[[[2566470.087823237, 1122203.9582986375], [2566468.61846372, 1122203.9585418662], [2566470.0878967056, 1122204.4021285488], [2566470.087823237, 1122203.9582986375]]], [[[2566467.502232009, 1122203.0969104273], [2566465.7785996306, 1122203.0971957466], [2566465.7784569706, 1122202.2353795574], [2566460.8879711456, 1122201.6248910017], [2566467.5023188638, 1122203.621604422], [2566467.502232009, 1122203.0969104273]]], [[[2566458.883642137, 1122200.5128884562], [2566457.205252454, 1122200.5131662863], [2566458.8837260576, 1122201.0198573333], [2566458.883642137, 1122200.5128884562]]], [[[2566456.2980509093, 1122199.651500246], [2566454.3519496373, 1122199.6518223914], [2566456.2981482157, 1122200.2393332066], [2566456.2980509093, 1122199.651500246]]], [[[2566452.850643493, 1122198.7902546953], [2566451.4986468214, 1122198.7904784966], [2566452.8507110933, 1122199.1986343712], [2566452.850643493, 1122198.7902546953]]], [[[2566451.1268684543, 1122197.9287238254], [2566448.6453440045, 1122197.9291346015], [2566451.126992532, 1122198.6782849533], [2566451.1268684543, 1122197.9287238254]]], [[[2566446.817644848, 1122197.0676209347], [2566445.791725384, 1122197.067790759], [2566446.23, 1122197.2], [2566446.817696129, 1122197.3774114088], [2566446.817644848, 1122197.0676209347]]], [[[2566445.09386981, 1122196.2060900647], [2566442.936365102, 1122196.2064472046], [2566445.0939776087, 1122196.8573092471], [2566445.09386981, 1122196.2060900647]]], [[[2566442.5082785822, 1122195.3447018545], [2566440.08100482, 1122195.3451036501], [2566442.50839986, 1122196.0773478735], [2566442.5082785822, 1122195.3447018545]]], [[[2566439.0608711652, 1122194.4834563038], [2566437.2256445377, 1122194.483760096], [2566439.060962862, 1122195.037399375], [2566439.0608711652, 1122194.4834563038]]], [[[2566436.475279938, 1122193.6220680936], [2566435.136433026, 1122193.622289718], [2566435.075, 1122193.835], [2566436.475385113, 1122194.2574380012], [2566436.475279938, 1122193.6220680936]]]]}}, {"type": "Feature", "properties": {"egrid": "CH207845318358", "kind": "DP communal", "overlap_m2": 1281.4656297622853, "parcel_area_m2": 1333.7191200021305, "overlap_fraction": 0.9608212183088732}, "geometry": {"type": "Polygon", "coordinates": [[[2566273.613704433, 1122324.6450915472], [2566272.7524588825, 1122328.092498964], [2566271.8906426933, 1122328.0926416237], [2566271.891213332, 1122331.539906381], [2566271.0293971426, 1122331.5400490405], [2566271.029682462, 1122333.2636814192], [2566270.167866273, 1122333.2638240787], [2566271.029967781, 1122334.9873137977], [2566270.168151592, 1122334.9874564575], [2566270.1684369114, 1122336.711088836], [2566269.306620722, 1122336.7112314957], [2566269.307048701, 1122339.2966800635], [2566268.445232512, 1122339.2968227232], [2566268.44594581, 1122343.6059036697], [2566269.307762, 1122343.60576101], [2566269.3078559777, 1122344.1734880023], [2566270.531, 1122344.049], [2566307.17, 1122360.309], [2566306.27, 1122362.369], [2566328.16, 1122371.5], [2566338.81, 1122344.44], [2566331.77, 1122347.8], [2566319.84, 1122348.35], [2566312.24, 1122345.069], [2566294.221, 1122337.279], [2566295.431, 1122333.439], [2566274.1875621937, 1122324.358043916], [2566273.613704433, 1122324.6450915472]]]}}, {"type": "Feature", "properties": {"egrid": "CH467783455647", "kind": "parcelle priv\u00e9e", "overlap_m2": 1485.2857899827645, "parcel_area_m2": 1485.2857899827643, "overlap_fraction": 1.0000000000000002}, "geometry": {"type": "Polygon", "coordinates": [[[2566370.5811571153, 1122364.5681089594], [2566373.975, 1122366.732], [2566378.6595251723, 1122369.2992636343], [2566383.517, 1122371.5219999999], [2566384.042, 1122371.748], [2566396.714, 1122321.47], [2566366.21, 1122312.05], [2566360.839, 1122333.87], [2566360.304, 1122336.312], [2566359.381, 1122340.236], [2566359.0250019026, 1122344.3876560235], [2566359.335, 1122348.543], [2566360.425034488, 1122352.420093216], [2566362.121, 1122356.073], [2566363.557934668, 1122358.3532228644], [2566365.319083954, 1122360.393455876], [2566367.365, 1122362.148], [2566370.5811571153, 1122364.5681089594]]]}}, {"type": "Feature", "properties": {"egrid": "CH557283794541", "kind": "parcelle priv\u00e9e", "overlap_m2": 2285.8973599902056, "parcel_area_m2": 2285.8973599902056, "overlap_fraction": 1.0}, "geometry": {"type": "Polygon", "coordinates": [[[2566496.6859999998, 1122442.632], [2566443.867, 1122420.351], [2566428.477, 1122457.111], [2566460.856, 1122471.072], [2566480.566, 1122479.602], [2566496.6859999998, 1122442.632]]]}}, {"type": "Feature", "properties": {"egrid": "CH967783455671", "kind": "parcelle priv\u00e9e", "overlap_m2": 1481.9430000191812, "parcel_area_m2": 1481.9430000191815, "overlap_fraction": 0.9999999999999999}, "geometry": {"type": "Polygon", "coordinates": [[[2566578.524, 1122477.833], [2566578.004, 1122477.653], [2566576.504, 1122476.993], [2566555.5439999998, 1122467.953], [2566528.354, 1122520.803], [2566545.104, 1122528.013], [2566551.244, 1122530.763], [2566578.524, 1122477.833]]]}}, {"type": "Feature", "properties": {"egrid": "CH556883774558", "kind": "parcelle priv\u00e9e", "overlap_m2": 201.5874052620102, "parcel_area_m2": 202.0902049975922, "overlap_fraction": 0.9975120034363467}, "geometry": {"type": "Polygon", "coordinates": [[[2566664.3489155783, 1122384.6907845777], [2566662.2514099106, 1122384.0460775725], [2566660.5790169453, 1122384.04635441], [2566660.5789318043, 1122383.5320106177], [2566659.964, 1122383.343], [2566659.824, 1122383.813], [2566655.984, 1122396.233], [2566652.444, 1122407.743], [2566648.033, 1122421.923], [2566652.883, 1122423.3530000001], [2566656.913, 1122410.163], [2566660.804, 1122397.713], [2566664.5439999998, 1122385.273], [2566664.5843469547, 1122385.161452536], [2566664.3489155783, 1122384.6907845777]]]}}, {"type": "Feature", "properties": {"egrid": "CH267883456381", "kind": "parcelle priv\u00e9e", "overlap_m2": 1732.558659506482, "parcel_area_m2": 1732.558659506482, "overlap_fraction": 1.0}, "geometry": {"type": "Polygon", "coordinates": [[[2566675.763, 1122430.034], [2566667.013, 1122427.494], [2566662.453, 1122426.203], [2566657.633, 1122424.753], [2566652.883, 1122423.3530000001], [2566648.033, 1122421.923], [2566643.254, 1122420.543], [2566638.424, 1122419.133], [2566626.954, 1122415.693], [2566621.654, 1122431.503], [2566619.184, 1122438.713], [2566655.123, 1122454.354], [2566660.193, 1122456.594], [2566674.512, 1122467.134], [2566684.413, 1122432.654], [2566675.763, 1122430.034]]]}}, {"type": "Feature", "properties": {"egrid": "CH844583775665", "kind": "parcelle priv\u00e9e", "overlap_m2": 16.539457214843218, "parcel_area_m2": 1398.0235900065652, "overlap_fraction": 0.011830599521404032}, "geometry": {"type": "MultiPolygon", "coordinates": [[[[2566434.3706991393, 1122193.6224164728], [2566435.075, 1122193.835], [2566435.136433026, 1122193.622289718], [2566434.3706991393, 1122193.6224164728]]], [[[2566433.88968871, 1122192.7606798834], [2566431.5170198777, 1122192.7610726403], [2566433.8898073295, 1122193.4772658949], [2566433.88968871, 1122192.7606798834]]], [[[2566430.442281293, 1122191.8994343327], [2566428.6633406146, 1122191.8997288074], [2566430.44237023, 1122192.436704426], [2566430.442281293, 1122191.8994343327]]], [[[2566427.856690066, 1122191.0380461225], [2566425.809661353, 1122191.038384975], [2566427.856792405, 1122191.6562833246], [2566427.856690066, 1122191.0380461225]]], [[[2566425.271098838, 1122190.1766579123], [2566422.955982091, 1122190.1770411422], [2566425.27121458, 1122190.875862223], [2566425.271098838, 1122190.1766579123]]], [[[2566422.685507611, 1122189.315269702], [2566420.102302829, 1122189.3156973098], [2566422.6856367555, 1122190.0954411214], [2566422.685507611, 1122189.315269702]]], [[[2566420.099916383, 1122188.453881492], [2566415.2350899237, 1122187.8465960433], [2566420.1000589305, 1122189.31502002], [2566420.099916383, 1122188.453881492]]], [[[2566413.2051015496, 1122186.7313903908], [2566411.541265043, 1122186.731665812], [2566413.205184731, 1122187.2338970825], [2566413.2051015496, 1122186.7313903908]]], [[[2566410.619510322, 1122185.8700021806], [2566408.8958779434, 1122185.8702874999], [2566408.8957352834, 1122185.0084713106], [2566405.8339065188, 1122185.0089781468], [2566410.6196069065, 1122186.453475981], [2566410.619510322, 1122185.8700021806]]], [[[2566405.448327867, 1122184.14722576], [2566403.724695488, 1122184.1475110794], [2566402.8625939796, 1122182.4240213605], [2566402.0007777903, 1122182.4241640202], [2566402.0006351303, 1122181.562347831], [2566400.277002752, 1122181.5626331503], [2566399.836519503, 1122180.6820311062], [2566399.241, 1122183.019], [2566405.448451257, 1122184.8926337778], [2566405.448327867, 1122184.14722576]]]]}}, {"type": "Feature", "properties": {"egrid": "CH207845828302", "kind": "parcelle priv\u00e9e", "overlap_m2": 1259.9459502846112, "parcel_area_m2": 1262.243639999295, "overlap_fraction": 0.9981796781208696}, "geometry": {"type": "Polygon", "coordinates": [[[2566457.1677133814, 1122247.0512479977], [2566457.3398927674, 1122247.0512194962], [2566458.0291730487, 1122244.8973324352], [2566458.0291015916, 1122244.46565677], [2566458.167323883, 1122244.4656338894], [2566459.751914359, 1122239.5140503077], [2566459.751878012, 1122239.294474315], [2566459.8221861143, 1122239.2944626766], [2566460.613285015, 1122236.8224092426], [2566460.6132662226, 1122236.7088830872], [2566460.64961723, 1122236.7088770699], [2566461.47465567, 1122234.1307681794], [2566461.474511773, 1122233.2614756704], [2566461.7528587175, 1122233.2614295946], [2566462.3360263254, 1122231.439127116], [2566462.335899983, 1122230.6758844429], [2566462.5802898332, 1122230.675843988], [2566463.197396981, 1122228.747486052], [2566463.1972881933, 1122228.0902932154], [2566463.407720949, 1122228.0902583816], [2566464.920138292, 1122223.3642039231], [2566464.920064614, 1122222.91911076], [2566465.0625831806, 1122222.9190871685], [2566465.7815089473, 1122220.6725628593], [2566465.7814528244, 1122220.3335195326], [2566465.890014296, 1122220.333501562], [2566466.642879603, 1122217.9809217956], [2566466.6428410346, 1122217.747928305], [2566466.7174454117, 1122217.7479159555], [2566467.504250258, 1122215.2892807317], [2566467.504229245, 1122215.1623370773], [2566467.5448765275, 1122215.1623303487], [2566468.3656209134, 1122212.597639668], [2566468.365617455, 1122212.5767458498], [2566468.3723076433, 1122212.5767447425], [2566469.226991569, 1122209.905998604], [2566469.2268630057, 1122209.129338433], [2566469.4755491307, 1122209.129297267], [2566470.85460099, 1122204.8199879227], [2566470.0879658964, 1122204.8201148268], [2566470.0878967056, 1122204.4021285488], [2566468.61846372, 1122203.9585418662], [2566467.5023746686, 1122203.9587266166], [2566467.5023188638, 1122203.621604422], [2566460.8879711456, 1122201.6248910017], [2566458.8837847966, 1122201.3747046455], [2566458.8837260576, 1122201.0198573333], [2566457.205252454, 1122200.5131662863], [2566456.2981935693, 1122200.5133164353], [2566456.2981482157, 1122200.2393332066], [2566454.3519496373, 1122199.6518223914], [2566452.8507861523, 1122199.6520708846], [2566452.8507110933, 1122199.1986343712], [2566451.4986468214, 1122198.7904784966], [2566451.1270111143, 1122198.7905400149], [2566451.126992532, 1122198.6782849533], [2566448.6453440045, 1122197.9291346015], [2566446.817787508, 1122197.929437124], [2566446.817696129, 1122197.3774114088], [2566446.23, 1122197.2], [2566436.949, 1122227.37], [2566431.729, 1122244.36], [2566455.769, 1122251.96], [2566457.167802393, 1122247.588973499], [2566457.1677133814, 1122247.0512479977]]]}}, {"type": "Feature", "properties": {"egrid": "CH374579878368", "kind": "DP communal", "overlap_m2": 70.94283763740631, "parcel_area_m2": 2190.6477400015287, "overlap_fraction": 0.032384411396675215}, "geometry": {"type": "Polygon", "coordinates": [[[2566651.9862484764, 1122537.4510627016], [2566651.986391136, 1122538.312878891], [2566652.848207325, 1122538.3127362314], [2566652.8480646657, 1122537.4509200419], [2566655.4335132334, 1122537.4504920628], [2566656.295044103, 1122535.7267170246], [2566657.1568602924, 1122535.726574365], [2566657.1570029524, 1122536.5883905543], [2566659.74245152, 1122536.5879625753], [2566659.7423088606, 1122535.726146386], [2566662.3277574284, 1122535.725718407], [2566662.327614769, 1122534.8639022175], [2566666.636695715, 1122534.8631889191], [2566666.6365530556, 1122534.00137273], [2566669.2220016234, 1122534.0009447508], [2566669.221858964, 1122533.1391285616], [2566676.1162458183, 1122532.2761710947], [2566676.116103159, 1122531.4143549055], [2566679.563367916, 1122531.4137842667], [2566679.5632252563, 1122530.5519680774], [2566682.148673824, 1122530.5515400984], [2566682.1485311645, 1122529.6897239091], [2566684.7339797323, 1122529.6892959299], [2566684.7338370727, 1122528.8274797406], [2566685.8476091274, 1122528.8272953737], [2566681.7939999998, 1122527.124], [2566653.994, 1122536.273], [2566651.3483168464, 1122537.1322288746], [2566651.9862484764, 1122537.4510627016]]]}}, {"type": "Feature", "properties": {"egrid": "CH955683774552", "kind": "parcelle priv\u00e9e", "overlap_m2": 794.4192161076147, "parcel_area_m2": 912.9114599969602, "overlap_fraction": 0.8702040131145468}, "geometry": {"type": "Polygon", "coordinates": [[[2566574.426215272, 1122558.1474906164], [2566577.0116638397, 1122558.1470626374], [2566577.01152118, 1122557.2852464481], [2566581.320602127, 1122557.2845331496], [2566581.320459467, 1122556.4227169603], [2566583.9059080346, 1122556.4222889813], [2566583.905765375, 1122555.560472792], [2566588.214846322, 1122555.5597594935], [2566588.214703662, 1122554.6979433042], [2566590.80015223, 1122554.6975153252], [2566590.80000957, 1122553.835699136], [2566595.109090517, 1122553.8349858376], [2566595.108947857, 1122552.973169648], [2566597.694396425, 1122552.972741669], [2566597.694253765, 1122552.1109254798], [2566600.2797023333, 1122552.1104975007], [2566600.2795596733, 1122551.2486813115], [2566604.58864062, 1122551.2479680132], [2566604.58849796, 1122550.3861518237], [2566605.3601974295, 1122550.3860240814], [2566607.0439999998, 1122547.043], [2566608.8140000002, 1122543.623], [2566610.934, 1122539.613], [2566612.964, 1122535.623], [2566614.764, 1122532.063], [2566599.693, 1122524.163], [2566594.023, 1122521.183], [2566592.773, 1122520.533], [2566588.954, 1122527.983], [2566582.304, 1122540.813], [2566573.555, 1122557.883], [2566574.426346386, 1122558.9395601104], [2566574.426215272, 1122558.1474906164]]]}}, {"type": "Feature", "properties": {"egrid": "CH283083457836", "kind": "parcelle priv\u00e9e", "overlap_m2": 467.7607287685456, "parcel_area_m2": 467.95740000448177, "overlap_fraction": 0.999579724060493}, "geometry": {"type": "Polygon", "coordinates": [[[2566645.06546958, 1122378.8780251485], [2566645.065434922, 1122378.6686549948], [2566642.986240793, 1122378.0165531181], [2566642.4798783525, 1122378.0166369383], [2566642.385608714, 1122377.8281756598], [2566639.914, 1122377.053], [2566626.954, 1122415.693], [2566638.424, 1122419.133], [2566643.154, 1122403.863], [2566646.884, 1122391.923], [2566650.264, 1122380.833], [2566650.404, 1122380.343], [2566646.488370897, 1122379.1149332938], [2566645.06546958, 1122378.8780251485]]]}}, {"type": "Feature", "properties": {"egrid": "CH858383794530", "kind": "parcelle priv\u00e9e", "overlap_m2": 201.73645203576586, "parcel_area_m2": 201.91983000272066, "overlap_fraction": 0.9990918278459707}, "geometry": {"type": "Polygon", "coordinates": [[[2566672.6450142344, 1122387.4916219315], [2566672.644969313, 1122387.2202490652], [2566670.6987988306, 1122386.630127883], [2566670.0594230066, 1122386.6302337213], [2566670.059390895, 1122386.436245502], [2566669.554, 1122386.283], [2566669.384, 1122386.753], [2566665.193, 1122400.093], [2566661.713, 1122411.6030000001], [2566657.633, 1122424.753], [2566662.453, 1122426.203], [2566666.473, 1122413.033], [2566670.343, 1122400.613], [2566674.143, 1122388.183], [2566674.303, 1122387.723], [2566673.5394461267, 1122387.491473873], [2566672.6450142344, 1122387.4916219315]]]}}, {"type": "Feature", "properties": {"egrid": "CH556983774531", "kind": "parcelle priv\u00e9e", "overlap_m2": 2174.6200731799486, "parcel_area_m2": 2179.129240003157, "overlap_fraction": 0.997930748328079}, "geometry": {"type": "MultiPolygon", "coordinates": [[[[2566728.0307909297, 1122445.2241399803], [2566728.412, 1122445.334], [2566728.4437415274, 1122445.2240716228], [2566728.0307909297, 1122445.2241399803]]], [[[2566727.8106658882, 1122444.3623602055], [2566728.841436081, 1122443.8467618073], [2566731.124092967, 1122435.9413839157], [2566731.256361389, 1122434.8818114845], [2566731.4300499964, 1122434.8817827331], [2566733.780788585, 1122426.7406218858], [2566733.84038336, 1122426.2632216124], [2566733.9186403872, 1122426.2632086582], [2566737.196540093, 1122414.9110707068], [2566737.2856508815, 1122414.1972243234], [2566737.4026669348, 1122414.1972049533], [2566738.147040355, 1122411.6192646527], [2566738.1470390917, 1122411.611633096], [2566738.1492440524, 1122411.6116327308], [2566739.008362787, 1122408.6363024064], [2566739.0081857513, 1122407.5668185425], [2566738.147880785, 1122407.302551892], [2566737.2845096043, 1122407.3026948092], [2566737.2844656776, 1122407.0373298747], [2566735.3437984767, 1122406.4411998496], [2566734.6989183766, 1122406.441306599], [2566734.698885566, 1122406.2430968727], [2566732.5397161674, 1122405.5798478068], [2566732.113327149, 1122405.5799183887], [2566732.113305455, 1122405.4488638707], [2566729.735633858, 1122404.7184957643], [2566728.6659197323, 1122404.718672838], [2566728.6658653067, 1122404.389886535], [2566726.931551549, 1122403.8571437218], [2566726.0803285046, 1122403.8572846279], [2566726.0802851957, 1122403.595653533], [2566724.12746924, 1122402.9957916792], [2566723.494737277, 1122402.9958964176], [2566723.4947050847, 1122402.801420531], [2566721.323386931, 1122402.1344396365], [2566719.185513671, 1122402.1347935267], [2566719.1854048995, 1122401.4776988612], [2566718.519304622, 1122401.273087594], [2566717.4617386325, 1122401.2732626568], [2566717.4616848254, 1122400.9482101933], [2566713.6463319696, 1122399.776218214], [2566712.2905561775, 1122399.5504862363], [2566712.2905246033, 1122399.3597441893], [2566710.1070576943, 1122398.6890314661], [2566708.8431487605, 1122398.6892406857], [2566708.843084455, 1122398.3007668536], [2566707.3029753854, 1122397.8276794236], [2566707.1193737225, 1122397.827709816], [2566707.1193643813, 1122397.7712781855], [2566704.498893076, 1122396.9663273809], [2566703.6719663055, 1122396.9664642652], [2566703.671924465, 1122396.713703026], [2566701.662560977, 1122396.104980677], [2566701.0863750777, 1122396.105076055], [2566701.086346166, 1122395.9304205063], [2566698.8193003093, 1122395.2436351196], [2566698.5007838504, 1122395.2436878448], [2566698.500767868, 1122395.1471379865], [2566695.9760396406, 1122394.3822895624], [2566695.0533764334, 1122394.3824422942], [2566695.0533301365, 1122394.1027612935], [2566693.132778973, 1122393.520944005], [2566692.4677852057, 1122393.521054084], [2566692.4677518383, 1122393.3194787737], [2566690.289518305, 1122392.6595984478], [2566689.0203777887, 1122392.6598085335], [2566689.0203141067, 1122392.2751020808], [2566688.1584546743, 1122392.0140079076], [2566688.1585615994, 1122392.659951193], [2566687.29674541, 1122392.6600938528], [2566686.7619507364, 1122391.5909469917], [2566686.673, 1122391.564], [2566675.763, 1122430.034], [2566684.413, 1122432.654], [2566727.8107980476, 1122445.1607405904], [2566727.8106658882, 1122444.3623602055]]]]}}, {"type": "Feature", "properties": {"egrid": "CH674577588371", "kind": "parcelle priv\u00e9e", "overlap_m2": 13.45716073270221, "parcel_area_m2": 2228.1840250015925, "overlap_fraction": 0.006039519439016081}, "geometry": {"type": "MultiPolygon", "coordinates": [[[[2566676.390890059, 1122388.3528180756], [2566676.723, 1122388.453], [2566676.7517700363, 1122388.3527583377], [2566676.390890059, 1122388.3528180756]]], [[[2566674.368646613, 1122387.4913366123], [2566673.5394461267, 1122387.491473873], [2566674.303, 1122387.723], [2566674.368688241, 1122387.742815048], [2566674.368646613, 1122387.4913366123]]], [[[2566672.6448715744, 1122386.6298057423], [2566670.6987988306, 1122386.630127883], [2566672.644969313, 1122387.2202490652], [2566672.6448715744, 1122386.6298057423]]], [[[2566670.059280347, 1122385.768417532], [2566667.872360121, 1122385.7687795411], [2566669.554, 1122386.283], [2566670.059390895, 1122386.436245502], [2566670.059280347, 1122385.768417532]]], [[[2566664.0262817023, 1122384.0457837714], [2566662.2514099106, 1122384.0460775725], [2566664.3489155783, 1122384.6907845777], [2566664.0262817023, 1122384.0457837714]]], [[[2566660.578874286, 1122383.1845382208], [2566659.4598210934, 1122383.1847234617], [2566659.964, 1122383.343], [2566660.5789318043, 1122383.5320106177], [2566660.578874286, 1122383.1845382208]]], [[[2566658.8550992473, 1122382.3230073508], [2566657.131466869, 1122382.3232926703], [2566657.131488471, 1122382.453791599], [2566658.855210471, 1122382.994918464], [2566658.8550992473, 1122382.3230073508]]], [[[2566655.4076918303, 1122381.4617618003], [2566653.9712805236, 1122381.461999575], [2566655.154, 1122381.833], [2566655.6752374745, 1122381.996631723], [2566655.4076918303, 1122381.4617618003]]], [[[2566653.6839167923, 1122380.6002309304], [2566651.960284414, 1122380.6005162497], [2566651.9603225985, 1122380.8311938257], [2566653.684044529, 1122381.3718981787], [2566653.6839167923, 1122380.6002309304]]], [[[2566650.2365093753, 1122379.7389853797], [2566646.488370897, 1122379.1149332938], [2566650.404, 1122380.343], [2566650.5636996767, 1122380.3930952672], [2566650.2365093753, 1122379.7389853797]]], [[[2566645.0653269202, 1122378.0162089593], [2566642.986240793, 1122378.0165531181], [2566645.065434922, 1122378.6686549948], [2566645.0653269202, 1122378.0162089593]]], [[[2566641.6177768437, 1122376.2931472196], [2566640.7559606545, 1122376.293289879], [2566640.7556842067, 1122374.6232525888], [2566639.914, 1122377.053], [2566642.385608714, 1122377.8281756598], [2566641.6177768437, 1122376.2931472196]]], [[[2566641.6172062047, 1122372.8458824623], [2566641.617088791, 1122372.1365770148], [2566641.3713655346, 1122372.8459231572], [2566641.6172062047, 1122372.8458824623]]], [[[2566642.478737075, 1122371.122107424], [2566642.4784933752, 1122369.6499014401], [2566641.9684800245, 1122371.1221918887], [2566642.478737075, 1122371.122107424]]], [[[2566643.340125285, 1122368.5365161963], [2566643.339897959, 1122367.163225866], [2566642.864151759, 1122368.536594986], [2566643.340125285, 1122368.5365161963]]], [[[2566644.2015134953, 1122365.9509249688], [2566644.2013025433, 1122364.6765502922], [2566643.759823493, 1122365.9509980835], [2566644.2015134953, 1122365.9509249688]]], [[[2566645.063044365, 1122364.2271499305], [2566645.062759046, 1122362.503517552], [2566645.924575235, 1122362.5033748923], [2566645.9241117113, 1122359.703199144], [2566644.356937983, 1122364.227266815], [2566645.063044365, 1122364.2271499305]]], [[[2566646.785820786, 1122359.0559674755], [2566646.7855354664, 1122357.3323350968], [2566647.6473516556, 1122357.3321924373], [2566647.64692088, 1122354.7298479949], [2566646.1482814522, 1122359.0560730097], [2566646.785820786, 1122359.0559674755]]]]}}]}