{"type": "FeatureCollection", "features": [{"type": "Feature", "id": 51962796, "geometry": {"type": "Polygon", "coordinates": [[[2526813.828, 1151504.474], [2526810.078, 1151509.655], [2526793.868, 1151533.305], [2526790.068, 1151538.745], [2526778.318, 1151530.505], [2526773.038, 1151526.775], [2526761.198, 1151518.405], [2526763.238, 1151515.445], [2526764.898, 1151513.295], [2526771.328, 1151503.945], [2526775.148, 1151498.545], [2526783.578, 1151486.424], [2526784.878, 1151484.384], [2526813.828, 1151504.474]]]}, "properties": {"OBJECTID": 51962796, "EGRID": "CH982783458962", "NUMERO": "1261", "NO_COM_FED": 5642, "GENRE_TXT": "parcelle priv\u00e9e", "SUPERFICIE_MO": 1462, "SUPERFICIE_RF": 1480}}, {"type": "Feature", "id": 51964576, "geometry": {"type": "Polygon", "coordinates": [[[2527568.149, 1151117.689], [2527563.829, 1151136.799], [2527472.3109999998, 1151120.136], [2527446.591, 1151115.126], [2527421.412, 1151107.635], [2527410.832, 1151114.184], [2527404.372, 1151112.444], [2527405.012, 1151101.964], [2527376.422, 1151090.973], [2527335.113, 1151074.142], [2527287.053, 1151053.77], [2527260.144, 1151041.079], [2527203.594, 1151004.757], [2527180.645, 1151003.737], [2527179.265, 1151006.557], [2527176.424059122, 1151005.499019649], [2527173.515, 1151004.646], [2527167.795, 1151003.596], [2527163.9176766207, 1151003.243982519], [2527160.025, 1151003.176], [2527155.095, 1150983.996], [2527156.475, 1150980.546], [2527150.405, 1150963.426], [2527113.725, 1150909.574], [2527100.678, 1150889.881], [2527078.026, 1150855.693], [2527069.926, 1150843.693], [2526994.66, 1150732.226], [2526994.397460073, 1150732.4201154811], [2526994.166811287, 1150732.6512197233], [2526993.9732141024, 1150732.914142076], [2526993.821, 1150733.203], [2526990.295, 1150729.663], [2526987.378248483, 1150727.455086005], [2526984.1525423992, 1150725.7296458054], [2526980.697, 1150724.529], [2526978.840502372, 1150724.1501143263], [2526976.946961117, 1150724.082001818], [2526975.0680390196, 1150724.3265208362], [2526973.255, 1150724.877], [2526970.367, 1150720.92], [2526967.396, 1150716.866], [2526968.639184186, 1150715.7368071424], [2526969.71, 1150714.443], [2526970.5834129723, 1150712.290081483], [2526971.12054703, 1150710.0296843133], [2526971.309, 1150707.714], [2526971.42316045, 1150705.7218673879], [2526971.2060606694, 1150703.7383118332], [2526970.663687926, 1150701.8180366552], [2526969.8109999998, 1150700.014], [2526954.608, 1150677.171], [2526928.511, 1150638.26], [2526866.394, 1150545.801], [2526867.9189999998, 1150544.096], [2526868.569, 1150543.476], [2526876.668, 1150534.926], [2526878.118, 1150537.076], [2526909.728, 1150584.158], [2526937.868, 1150626.059], [2526980.357, 1150688.781], [2526983.4701346424, 1150691.4401010077], [2526986.894, 1150693.685], [2526990.937953128, 1150695.7199781556], [2526995.097, 1150697.508], [2526996.8234079485, 1150698.032202451], [2526998.6101281913, 1150698.2830079328], [2527000.414138419, 1150698.2543773176], [2527002.192, 1150697.947], [2527005.634, 1150704.835], [2527004.5154526597, 1150705.4968462726], [2527003.5239040907, 1150706.3370962804], [2527002.687504659, 1150707.33189507], [2527002.03, 1150708.453], [2527001.5493760672, 1150710.0126533417], [2527001.2960088826, 1150711.6248949429], [2527001.2750743073, 1150713.2567894415], [2527001.487, 1150714.875], [2527002.5568793216, 1150719.4365872843], [2527004.113, 1150723.856], [2527088.246, 1150848.124], [2527145.385, 1150929.055], [2527162.885, 1150947.256], [2527199.764, 1150962.727], [2527228.154, 1150991.208], [2527289.143, 1151023.29], [2527344.273, 1151054.592], [2527383.352, 1151072.033], [2527426.901, 1151088.995], [2527467.781, 1151098.516], [2527568.149, 1151117.689]]]}, "properties": {"OBJECTID": 51964576, "EGRID": "CH538388456144", "NUMERO": "DP 43", "NO_COM_FED": 5642, "GENRE_TXT": "DP communal", "SUPERFICIE_MO": 18948, "SUPERFICIE_RF": null}}, {"type": "Feature", "id": 51966584, "geometry": {"type": "Polygon", "coordinates": [[[2527435.941, 1151791.045], [2527435.631, 1151787.695], [2527435.291, 1151784.255], [2527434.591, 1151777.035], [2527453.64, 1151770.045], [2527455.141, 1151787.435], [2527453.631, 1151787.715], [2527435.941, 1151791.045]]]}, "properties": {"OBJECTID": 51966584, "EGRID": "CH268883453038", "NUMERO": "537", "NO_COM_FED": 5642, "GENRE_TXT": "parcelle priv\u00e9e", "SUPERFICIE_MO": 308, "SUPERFICIE_RF": 308}}, {"type": "Feature", "id": 51967294, "geometry": {"type": "Polygon", "coordinates": [[[2527424.191, 1151645.364], [2527422.021, 1151646.194], [2527416.761, 1151646.644], [2527412.571, 1151646.944], [2527406.651, 1151647.424], [2527403.691, 1151647.464], [2527405.751, 1151631.944], [2527408.771, 1151631.054], [2527417.381, 1151628.184], [2527421.931, 1151626.754], [2527422.961, 1151635.614], [2527424.191, 1151645.364]]]}, "properties": {"OBJECTID": 51967294, "EGRID": "CH244583897421", "NUMERO": "674", "NO_COM_FED": 5642, "GENRE_TXT": "parcelle priv\u00e9e", "SUPERFICIE_MO": 320, "SUPERFICIE_RF": 319}}, {"type": "Feature", "id": 51967888, "geometry": {"type": "Polygon", "coordinates": [[[2527342.352, 1151132.362], [2527332.513, 1151125.122], [2527331.693, 1151124.542], [2527317.113, 1151114.091], [2527333.173, 1151085.332], [2527346.932, 1151090.562], [2527371.502, 1151098.553], [2527373.802, 1151099.323], [2527376.762, 1151100.693], [2527388.702, 1151106.174], [2527388.912, 1151105.624], [2527401.322, 1151110.334], [2527401.112, 1151110.884], [2527404.372, 1151112.444], [2527399.212, 1151119.124], [2527397.472, 1151121.434], [2527396.282, 1151122.914], [2527394.572, 1151125.284], [2527393.872, 1151126.314], [2527388.842, 1151132.384], [2527382.482, 1151139.173], [2527370.892, 1151152.963], [2527342.552, 1151132.132], [2527342.352, 1151132.362]]]}, "properties": {"OBJECTID": 51967888, "EGRID": "CH614509838822", "NUMERO": "141", "NO_COM_FED": 5642, "GENRE_TXT": "parcelle priv\u00e9e", "SUPERFICIE_MO": 3038, "SUPERFICIE_RF": 3038}}, {"type": "Feature", "id": 51968806, "geometry": {"type": "Polygon", "coordinates": [[[2526757.43, 1151033.932], [2526799.909, 1151080.744], [2526755.41, 1151121.452], [2526736.9, 1151101.171], [2526691.72, 1151051.67], [2526741.86, 1151037.862], [2526757.43, 1151033.932]]]}, "properties": {"OBJECTID": 51968806, "EGRID": "CH986183458818", "NUMERO": "2516", "NO_COM_FED": 5642, "GENRE_TXT": "parcelle priv\u00e9e", "SUPERFICIE_MO": 4773, "SUPERFICIE_RF": 4728}}, {"type": "Feature", "id": 51972281, "geometry": {"type": "Polygon", "coordinates": [[[2526549.457, 1151720.07], [2526546.137, 1151694.21], [2526543.867, 1151676.469], [2526536.227, 1151677.449], [2526534.167, 1151661.339], [2526513.028, 1151634.999], [2526532.888, 1151618.958], [2526625.317, 1151656.568], [2526626.8367413674, 1151657.360243492], [2526628.1999393813, 1151658.3989709588], [2526629.3670243896, 1151659.6540311798], [2526630.3041193276, 1151661.0889934273], [2526630.9840230704, 1151662.6622049438], [2526631.387, 1151664.328], [2526631.501370505, 1151666.0275606485], [2526631.3273853543, 1151667.722056496], [2526630.8700318714, 1151669.3629144428], [2526630.142420195, 1151670.9030989313], [2526629.1654074755, 1151672.298460231], [2526627.967, 1151673.509], [2526591.647, 1151704.039], [2526549.457, 1151720.07]]]}, "properties": {"OBJECTID": 51972281, "EGRID": "CH314520838825", "NUMERO": "2328", "NO_COM_FED": 5642, "GENRE_TXT": "parcelle priv\u00e9e", "SUPERFICIE_MO": 6110, "SUPERFICIE_RF": 6110}}, {"type": "Feature", "id": 51973964, "geometry": {"type": "Polygon", "coordinates": [[[2527321.933, 1151140.721], [2527298.833, 1151129.231], [2527310.793, 1151107.321], [2527324.623, 1151082.111], [2527328.443, 1151083.612], [2527330.883, 1151084.462], [2527333.173, 1151085.332], [2527317.113, 1151114.091], [2527331.693, 1151124.542], [2527332.513, 1151125.122], [2527342.352, 1151132.362], [2527332.853, 1151145.452], [2527332.643, 1151145.802], [2527331.893, 1151145.462], [2527327.573, 1151143.431], [2527323.473, 1151141.471], [2527321.933, 1151140.721]]]}, "properties": {"OBJECTID": 51973964, "EGRID": "CH153783884528", "NUMERO": "140", "NO_COM_FED": 5642, "GENRE_TXT": "parcelle priv\u00e9e", "SUPERFICIE_MO": 1055, "SUPERFICIE_RF": 1044}}, {"type": "Feature", "id": 51974095, "geometry": {"type": "Polygon", "coordinates": [[[2526858.808, 1151437.965], [2526833.798, 1151421.715], [2526831.098, 1151419.704], [2526844.658, 1151399.835], [2526846.148, 1151397.885], [2526873.178, 1151416.316], [2526869.108, 1151422.346], [2526865.078, 1151428.426], [2526860.628, 1151435.115], [2526858.808, 1151437.965]]]}, "properties": {"OBJECTID": 51974095, "EGRID": "CH768983452738", "NUMERO": "800", "NO_COM_FED": 5642, "GENRE_TXT": "parcelle priv\u00e9e", "SUPERFICIE_MO": 868, "SUPERFICIE_RF": 868}}, {"type": "Feature", "id": 51974988, "geometry": {"type": "Polygon", "coordinates": [[[2527218.923, 1151592.247], [2527168.7939999998, 1151533.546], [2527178.734, 1151524.676], [2527196.804, 1151520.067], [2527212.284, 1151538.277], [2527244.443, 1151573.628], [2527218.923, 1151592.247]]]}, "properties": {"OBJECTID": 51974988, "EGRID": "CH198389764593", "NUMERO": "1424", "NO_COM_FED": 5642, "GENRE_TXT": "parcelle priv\u00e9e", "SUPERFICIE_MO": 2325, "SUPERFICIE_RF": 2325}}, {"type": "Feature", "id": 51975047, "geometry": {"type": "Polygon", "coordinates": [[[2527373.122, 1151375.283], [2527371.118, 1151377.867], [2527380.552, 1151385.953], [2527386.882, 1151391.513], [2527418.751, 1151418.994], [2527419.681, 1151419.804], [2527401.021, 1151438.204], [2527384.292, 1151423.233], [2527383.762, 1151422.923], [2527363.332, 1151404.943], [2527363.402, 1151404.863], [2527354.232, 1151396.742], [2527348.282, 1151391.412], [2527340.442, 1151384.332], [2527357.222, 1151362.872], [2527373.122, 1151375.283]]]}, "properties": {"OBJECTID": 51975047, "EGRID": "CH974588878374", "NUMERO": "703", "NO_COM_FED": 5642, "GENRE_TXT": "parcelle priv\u00e9e", "SUPERFICIE_MO": 2173, "SUPERFICIE_RF": 2178}}, {"type": "Feature", "id": 51975794, "geometry": {"type": "Polygon", "coordinates": [[[2527434.761, 1151641.275], [2527432.5810000002, 1151633.045], [2527422.961, 1151635.614], [2527421.931, 1151626.754], [2527417.381, 1151628.184], [2527408.771, 1151631.054], [2527405.751, 1151631.944], [2527406.411, 1151623.614], [2527408.951, 1151601.504], [2527410.451, 1151591.034], [2527413.761, 1151576.884], [2527417.641, 1151563.194], [2527436.911, 1151582.325], [2527438.611, 1151592.515], [2527488.23, 1151640.387], [2527489.96, 1151643.917], [2527492.58, 1151653.187], [2527473.61, 1151663.306], [2527450.461, 1151675.805], [2527446.521, 1151678.045], [2527443.981, 1151679.325], [2527441.891, 1151670.625], [2527434.761, 1151641.275]]]}, "properties": {"OBJECTID": 51975794, "EGRID": "CH853383884592", "NUMERO": "677", "NO_COM_FED": 5642, "GENRE_TXT": "parcelle priv\u00e9e", "SUPERFICIE_MO": 4347, "SUPERFICIE_RF": 4347}}, {"type": "Feature", "id": 51976952, "geometry": {"type": "Polygon", "coordinates": [[[2526348.809, 1151482.937], [2526340.699, 1151476.167], [2526336.319, 1151472.537], [2526319.859, 1151459.027], [2526340.229, 1151434.357], [2526356.729, 1151447.9070000001], [2526361.099, 1151451.537], [2526372.549, 1151461.047], [2526361.959, 1151472.027], [2526348.809, 1151482.937]]]}, "properties": {"OBJECTID": 51976952, "EGRID": "CH338388452056", "NUMERO": "2462", "NO_COM_FED": 5642, "GENRE_TXT": "parcelle priv\u00e9e", "SUPERFICIE_MO": 1285, "SUPERFICIE_RF": 1285}}, {"type": "Feature", "id": 51976991, "geometry": {"type": "Polygon", "coordinates": [[[2526426.667, 1151774.601], [2526437.887, 1151786.961], [2526438.983775644, 1151787.8706466444], [2526440.196752263, 1151788.6183508323], [2526441.502195722, 1151789.1894823457], [2526442.874562601, 1151789.5728659383], [2526444.287, 1151789.761], [2526445.818443762, 1151789.7416925996], [2526447.3296670816, 1151789.4929018198], [2526448.786478408, 1151789.020256572], [2526450.155917269, 1151788.3344504926], [2526451.407, 1151787.451], [2526433.797, 1151802.501], [2526434.4891737797, 1151801.7078786471], [2526435.0562321865, 1151800.8209791123], [2526435.4856646317, 1151799.8598684021], [2526435.767996865, 1151798.8457507899], [2526435.897, 1151797.801], [2526435.8715866185, 1151796.7694802636], [2526435.6966389604, 1151795.752586895], [2526435.375866449, 1151794.7718811273], [2526434.9160704375, 1151793.8481569076], [2526434.327, 1151793.001], [2526417.447, 1151774.502], [2526399.177, 1151754.452], [2526375.447, 1151728.761], [2526357.367, 1151709.081], [2526346.027, 1151696.731], [2526344.8941724487, 1151695.709880701], [2526343.6225132165, 1151694.8679390873], [2526342.240112117, 1151694.2237728946], [2526340.7775051524, 1151693.7916111771], [2526339.267, 1151693.581], [2526337.7669233414, 1151693.5944108046], [2526336.284822444, 1151693.8263305342], [2526334.8523553284, 1151694.271805329], [2526333.5001198254, 1151694.921319744], [2526332.257, 1151695.761], [2526353.548, 1151678.695], [2526352.8020885196, 1151679.3989080533], [2526352.127, 1151680.171], [2526351.3198812054, 1151681.3421998967], [2526350.677, 1151682.611], [2526350.1719989977, 1151683.9350033943], [2526349.877, 1151685.321], [2526349.800993491, 1151686.743736076], [2526349.947, 1151688.161], [2526350.2730693356, 1151689.5402228734], [2526350.787, 1151690.861], [2526351.483726441, 1151692.105582669], [2526352.347, 1151693.241], [2526368.087, 1151710.441], [2526389.707, 1151734.071], [2526409.247, 1151755.361], [2526426.667, 1151774.601]]]}, "properties": {"OBJECTID": 51976991, "EGRID": "CH774588848354", "NUMERO": "DP 16", "NO_COM_FED": 5642, "GENRE_TXT": "DP communal", "SUPERFICIE_MO": 1085, "SUPERFICIE_RF": null}}, {"type": "Feature", "id": 51977515, "geometry": {"type": "Polygon", "coordinates": [[[2526874.118, 1151192.016], [2526875.978, 1151193.666], [2526867.578, 1151203.396], [2526862.328, 1151198.796], [2526861.738, 1151199.626], [2526857.838, 1151196.096], [2526858.448, 1151195.426], [2526856.378, 1151193.675], [2526854.568, 1151192.085], [2526851.338, 1151195.655], [2526849.998, 1151194.345], [2526853.228, 1151190.975], [2526854.108, 1151189.995], [2526861.208, 1151181.646], [2526850.998, 1151172.955], [2526850.008, 1151172.005], [2526846.158, 1151168.945], [2526848.248, 1151166.775], [2526847.478, 1151165.935], [2526850.658, 1151162.265], [2526851.398, 1151162.995], [2526862.838, 1151149.666], [2526867.208, 1151153.596], [2526875.038, 1151144.526], [2526877.158, 1151146.436], [2526877.698, 1151145.876], [2526881.138, 1151148.926], [2526880.668, 1151149.436], [2526884.278, 1151152.476], [2526876.368, 1151161.516], [2526880.668, 1151165.166], [2526881.568, 1151166.006], [2526865.668, 1151184.796], [2526873.178, 1151191.176], [2526874.118, 1151192.016]]]}, "properties": {"OBJECTID": 51977515, "EGRID": "CH614535838978", "NUMERO": "2633", "NO_COM_FED": 5642, "GENRE_TXT": "DDP superficie", "SUPERFICIE_MO": 1037, "SUPERFICIE_RF": 1040}}, {"type": "Feature", "id": 51977825, "geometry": {"type": "Polygon", "coordinates": [[[2527349.302, 1151656.132], [2527339.732, 1151659.952], [2527329.692, 1151647.271], [2527351.562, 1151630.072], [2527354.742, 1151630.512], [2527354.721029085, 1151631.4351385436], [2527354.84094088, 1151632.3506961393], [2527355.09893592, 1151633.2372981408], [2527355.4889910407, 1151634.0742459001], [2527356.002, 1151634.842], [2527361.052, 1151643.262], [2527364.852, 1151649.482], [2527364.952, 1151649.652], [2527349.302, 1151656.132]]]}, "properties": {"OBJECTID": 51977825, "EGRID": "CH128976834512", "NUMERO": "653", "NO_COM_FED": 5642, "GENRE_TXT": "parcelle priv\u00e9e", "SUPERFICIE_MO": 559, "SUPERFICIE_RF": 559}}, {"type": "Feature", "id": 51978633, "geometry": {"type": "Polygon", "coordinates": [[[2526799.909, 1151080.744], [2526852.768, 1151138.665], [2526816.232, 1151172.052], [2526802.037, 1151172.467], [2526774.429, 1151142.253], [2526755.41, 1151121.452], [2526799.909, 1151080.744]]]}, "properties": {"OBJECTID": 51978633, "EGRID": "CH784383458887", "NUMERO": "2514", "NO_COM_FED": 5642, "GENRE_TXT": "parcelle priv\u00e9e", "SUPERFICIE_MO": 4676, "SUPERFICIE_RF": 4655}}, {"type": "Feature", "id": 51979156, "geometry": {"type": "Polygon", "coordinates": [[[2527227.244, 1151187.328], [2527226.624, 1151187.848], [2527210.3140000002, 1151201.107], [2527211.754, 1151206.598], [2527203.554, 1151203.9070000001], [2527223.114, 1151186.598], [2527223.504, 1151183.768], [2527227.244, 1151187.328]]]}, "properties": {"OBJECTID": 51979156, "EGRID": "CH868883459065", "NUMERO": "770", "NO_COM_FED": 5642, "GENRE_TXT": "parcelle priv\u00e9e", "SUPERFICIE_MO": 92, "SUPERFICIE_RF": 88}}, {"type": "Feature", "id": 51979209, "geometry": {"type": "Polygon", "coordinates": [[[2527320.432, 1151740.301], [2527300.642, 1151750.19], [2527286.262, 1151721.57], [2527294.509, 1151717.8530000001], [2527306.432, 1151712.48], [2527320.432, 1151740.301]]]}, "properties": {"OBJECTID": 51979209, "EGRID": "CH868883453622", "NUMERO": "645", "NO_COM_FED": 5642, "GENRE_TXT": "parcelle priv\u00e9e", "SUPERFICIE_MO": 699, "SUPERFICIE_RF": 699}}, {"type": "Feature", "id": 51979461, "geometry": {"type": "Polygon", "coordinates": [[[2527441.5609999998, 1151732.175], [2527446.09, 1151747.945], [2527449.49, 1151761.075], [2527425.941, 1151769.604], [2527422.226, 1151756.528], [2527416.691, 1151737.064], [2527441.171, 1151730.725], [2527441.5609999998, 1151732.175]]]}, "properties": {"OBJECTID": 51979461, "EGRID": "CH898388524533", "NUMERO": "662", "NO_COM_FED": 5642, "GENRE_TXT": "parcelle priv\u00e9e", "SUPERFICIE_MO": 823, "SUPERFICIE_RF": 823}}, {"type": "Feature", "id": 51980081, "geometry": {"type": "Polygon", "coordinates": [[[2527246.0640000002, 1151123.369], [2527232.464, 1151105.168], [2527245.404, 1151082.319], [2527282.973, 1151102.76], [2527280.583, 1151107.08], [2527261.853, 1151140.459], [2527260.733, 1151142.819], [2527246.0640000002, 1151123.369]]]}, "properties": {"OBJECTID": 51980081, "EGRID": "CH928890834529", "NUMERO": "780", "NO_COM_FED": 5642, "GENRE_TXT": "parcelle priv\u00e9e", "SUPERFICIE_MO": 1544, "SUPERFICIE_RF": 1542}}, {"type": "Feature", "id": 51980527, "geometry": {"type": "Polygon", "coordinates": [[[2526796.079, 1151428.113], [2526797.509, 1151429.123], [2526796.109, 1151431.373], [2526783.539, 1151450.244], [2526782.949, 1151449.894], [2526765.589, 1151438.384], [2526761.409, 1151435.704], [2526773.6689999998, 1151416.463], [2526774.879, 1151414.363], [2526784.399, 1151420.583], [2526796.079, 1151428.113]]]}, "properties": {"OBJECTID": 51980527, "EGRID": "CH328907834580", "NUMERO": "795", "NO_COM_FED": 5642, "GENRE_TXT": "parcelle priv\u00e9e", "SUPERFICIE_MO": 676, "SUPERFICIE_RF": 686}}, {"type": "Feature", "id": 51980811, "geometry": {"type": "Polygon", "coordinates": [[[2526903.907, 1151709.937], [2526910.397, 1151717.1469999999], [2526931.877, 1151741.117], [2526914.517, 1151757.8969999999], [2526884.507, 1151729.677], [2526903.907, 1151709.937]]]}, "properties": {"OBJECTID": 51980811, "EGRID": "CH752783894591", "NUMERO": "851", "NO_COM_FED": 5642, "GENRE_TXT": "parcelle priv\u00e9e", "SUPERFICIE_MO": 1076, "SUPERFICIE_RF": 1076}}, {"type": "Feature", "id": 51981716, "geometry": {"type": "Polygon", "coordinates": [[[2527568.259, 1151408.579], [2527562.849, 1151415.669], [2527560.779, 1151418.349], [2527560.6689999998, 1151418.269], [2527557.23, 1151422.639], [2527557.34, 1151422.739], [2527555.14, 1151425.589], [2527554.1, 1151424.569], [2527541.09, 1151440.489], [2527534.84, 1151447.798], [2527528.79, 1151453.988], [2527488.67, 1151494.567], [2527475.1, 1151505.356], [2527458.711, 1151490.906], [2527459.121, 1151489.006], [2527459.491, 1151486.796], [2527459.821, 1151486.596], [2527475.95, 1151474.826], [2527481.14, 1151471.286], [2527480.28, 1151470.526], [2527480.51, 1151470.316], [2527512.34, 1151441.4780000001], [2527512.67, 1151441.178], [2527513.46, 1151442.048], [2527520.85, 1151435.338], [2527521.72, 1151436.128], [2527530, 1151427.688], [2527538.11, 1151418.998], [2527542.76, 1151413.799], [2527553.25, 1151400.959], [2527568.259, 1151408.579]]]}, "properties": {"OBJECTID": 51981716, "EGRID": "CH214584838865", "NUMERO": "DP 1054", "NO_COM_FED": 5642, "GENRE_TXT": "DP communal", "SUPERFICIE_MO": 2646, "SUPERFICIE_RF": null}}, {"type": "Feature", "id": 51981848, "geometry": {"type": "Polygon", "coordinates": [[[2527158.834, 1151542.595], [2527114.105, 1151586.504], [2527153.974, 1151609.035], [2527168.484, 1151617.246], [2527157.934, 1151620.455], [2527144.614, 1151622.485], [2527141.5439999998, 1151620.635], [2527126.235, 1151623.804], [2527117.455, 1151624.114], [2527105.885, 1151630.154], [2527099.495, 1151632.963], [2527095.495, 1151638.713], [2527088.965, 1151645.393], [2527089.325, 1151646.513], [2527087.915, 1151646.963], [2527088.185, 1151650.823], [2527085.495, 1151653.083], [2527072.895, 1151667.472], [2527071.875, 1151668.252], [2527069.625, 1151669.0320000001], [2527068.475, 1151669.252], [2527066.835, 1151669.662], [2527068.495, 1151671.7719999999], [2527059.845, 1151684.012], [2527058.435, 1151686.362], [2527057.035, 1151688.392], [2527055.375, 1151690.2820000001], [2527046.855, 1151697.462], [2527040.425, 1151702.971], [2527033.016, 1151707.671], [2527029.806, 1151710.141], [2527022.006, 1151704.371], [2527005.916, 1151692.46], [2527000.366, 1151688.36], [2526967.416, 1151665.319], [2526956.387, 1151656.409], [2526962.316, 1151651.479], [2526980.1859999998, 1151634.129], [2526999.246, 1151617.76], [2527019.026, 1151602.691], [2527039.516, 1151588.261], [2527060.675, 1151575.222], [2527083.135, 1151564.143], [2527105.975, 1151554.034], [2527129.055, 1151544.524], [2527152.114, 1151535.125], [2527158.834, 1151542.595]]]}, "properties": {"OBJECTID": 51981848, "EGRID": "CH358783894562", "NUMERO": "681", "NO_COM_FED": 5642, "GENRE_TXT": "parcelle priv\u00e9e", "SUPERFICIE_MO": 14628, "SUPERFICIE_RF": 14628}}, {"type": "Feature", "id": 51982223, "geometry": {"type": "Polygon", "coordinates": [[[2527336.482, 1151205.762], [2527359.472, 1151177.763], [2527369.872, 1151184.993], [2527369.692, 1151185.283], [2527354.862, 1151204.592], [2527342.362, 1151221.142], [2527336.042, 1151210.972], [2527335.7668868783, 1151210.4164444993], [2527335.568065991, 1151209.8292482807], [2527335.4490663046, 1151209.2208337686], [2527335.412, 1151208.602], [2527335.4430477633, 1151208.0885938543], [2527335.532, 1151207.582], [2527335.7486399272, 1151206.926515082], [2527336.068090705, 1151206.314514644], [2527336.482, 1151205.762]]]}, "properties": {"OBJECTID": 51982223, "EGRID": "CH614525838872", "NUMERO": "131", "NO_COM_FED": 5642, "GENRE_TXT": "parcelle priv\u00e9e", "SUPERFICIE_MO": 567, "SUPERFICIE_RF": 560}}, {"type": "Feature", "id": 51983981, "geometry": {"type": "Polygon", "coordinates": [[[2526482.389, 1151431.386], [2526384.888, 1151509.378], [2526381.498, 1151505.018], [2526478.9390000002, 1151427.086], [2526482.389, 1151431.386]]]}, "properties": {"OBJECTID": 51983981, "EGRID": "CH574588348378", "NUMERO": "1542", "NO_COM_FED": 5642, "GENRE_TXT": "parcelle priv\u00e9e", "SUPERFICIE_MO": 689, "SUPERFICIE_RF": 689}}, {"type": "Feature", "id": 51984058, "geometry": {"type": "Polygon", "coordinates": [[[2526315.318, 1151553.779], [2526306.708, 1151544.419], [2526311.888, 1151539.789], [2526389.018, 1151623.97], [2526381.778, 1151626.4], [2526364.198, 1151607.259], [2526337.418, 1151578.029], [2526315.318, 1151553.779]]]}, "properties": {"OBJECTID": 51984058, "EGRID": "CH968983452767", "NUMERO": "DP 10", "NO_COM_FED": 5642, "GENRE_TXT": "DP communal", "SUPERFICIE_MO": 787, "SUPERFICIE_RF": null}}, {"type": "Feature", "id": 51984114, "geometry": {"type": "Polygon", "coordinates": [[[2526782.949, 1151449.894], [2526783.539, 1151450.244], [2526788.449, 1151453.324], [2526800.449, 1151461.364], [2526786.838, 1151481.444], [2526784.878, 1151484.384], [2526767.568, 1151472.294], [2526769.458, 1151469.484], [2526782.949, 1151449.894]]]}, "properties": {"OBJECTID": 51984114, "EGRID": "CH282983458853", "NUMERO": "787", "NO_COM_FED": 5642, "GENRE_TXT": "parcelle priv\u00e9e", "SUPERFICIE_MO": 579, "SUPERFICIE_RF": 581}}, {"type": "Feature", "id": 51984280, "geometry": {"type": "Polygon", "coordinates": [[[2527491.951, 1151867.446], [2527497.99, 1151839.426], [2527501.01, 1151828.707], [2527512.9, 1151838.077], [2527528.63, 1151850.487], [2527540.09, 1151859.518], [2527538.2, 1151861.898], [2527517.96, 1151887.437], [2527491.951, 1151867.446]]]}, "properties": {"OBJECTID": 51984280, "EGRID": "CH589683458981", "NUMERO": "545", "NO_COM_FED": 5642, "GENRE_TXT": "parcelle priv\u00e9e", "SUPERFICIE_MO": 1491, "SUPERFICIE_RF": 1491}}, {"type": "Feature", "id": 51984473, "geometry": {"type": "Polygon", "coordinates": [[[2526694.529, 1151421.594], [2526696.819, 1151423.174], [2526714.929, 1151435.894], [2526732.889, 1151448.344], [2526735.409, 1151450.134], [2526734.109, 1151452.094], [2526731.929, 1151455.484], [2526720.908, 1151471.195], [2526713.998, 1151481.415], [2526708.738, 1151477.675], [2526702.248, 1151473.345], [2526675.329, 1151454.605], [2526672.809, 1151452.845], [2526694.529, 1151421.594]]]}, "properties": {"OBJECTID": 51984473, "EGRID": "CH538389459697", "NUMERO": "785", "NO_COM_FED": 5642, "GENRE_TXT": "parcelle priv\u00e9e", "SUPERFICIE_MO": 1900, "SUPERFICIE_RF": 1900}}, {"type": "Feature", "id": 51984889, "geometry": {"type": "Polygon", "coordinates": [[[2527010.9560000002, 1151230.741], [2526989.577, 1151254.46], [2526985.057, 1151250.63], [2526955.977, 1151225.119], [2526962.827, 1151217.349], [2526985.607, 1151191.18], [2526998.387, 1151197.09], [2527016.006, 1151207.231], [2527018.876, 1151211.401], [2527018.776, 1151216.061], [2527009.076, 1151229.261], [2527010.9560000002, 1151230.741]]]}, "properties": {"OBJECTID": 51984889, "EGRID": "CH168883456339", "NUMERO": "2506", "NO_COM_FED": 5642, "GENRE_TXT": "parcelle priv\u00e9e", "SUPERFICIE_MO": 2182, "SUPERFICIE_RF": 2192}}, {"type": "Feature", "id": 51985262, "geometry": {"type": "Polygon", "coordinates": [[[2526973.827, 1151006.68], [2526984.407, 1151010.99], [2526988.217, 1151015.05], [2527009.787, 1151027.031], [2527022.086, 1151035.511], [2527037.446, 1151049.572], [2527051.816, 1151066.362], [2527073.146, 1151096.923], [2527087.7060000002, 1151117.823], [2527096.455, 1151132.274], [2527115.305, 1151162.934], [2527123.835, 1151176.455], [2527132.705, 1151190.765], [2527144.935, 1151210.475], [2527153.745, 1151224.766], [2527150.025, 1151228.455], [2527132.605, 1151199.305], [2527128.795, 1151192.945], [2527125.915, 1151187.375], [2527113.025, 1151167.184], [2527105.455, 1151155.434], [2527099.205, 1151145.474], [2527096.295, 1151140.624], [2527084.326, 1151119.943], [2527069.856, 1151099.363], [2527048.616, 1151068.882], [2527034.856, 1151052.5219999999], [2527019.466, 1151038.751], [2527007.437, 1151030.321], [2526986.237, 1151018.61], [2526975.207, 1151010.68], [2526973.827, 1151006.68]]]}, "properties": {"OBJECTID": 51985262, "EGRID": "CH914526838858", "NUMERO": "DP 1072", "NO_COM_FED": 5642, "GENRE_TXT": "DP communal", "SUPERFICIE_MO": 1209, "SUPERFICIE_RF": null}}, {"type": "Feature", "id": 51985523, "geometry": {"type": "Polygon", "coordinates": [[[2527500.91, 1151255.677], [2527518.61, 1151261.528], [2527524.08, 1151263.488], [2527523.76, 1151264.388], [2527522.39, 1151267.918], [2527514.98, 1151283.628], [2527513.08, 1151286.998], [2527510.66, 1151290.838], [2527509.64, 1151292.458], [2527506.77, 1151296.607], [2527503.09, 1151295.497], [2527499.02, 1151294.257], [2527494.83, 1151292.987], [2527490.52, 1151291.677], [2527488.541, 1151291.067], [2527486.731, 1151290.537], [2527479.741, 1151288.4070000001], [2527464.8109999998, 1151283.906], [2527462.721, 1151283.276], [2527462.881, 1151282.816], [2527463.461, 1151281.306], [2527466.861, 1151272.186], [2527473.221, 1151255.296], [2527476.151, 1151247.416], [2527500.91, 1151255.677]]]}, "properties": {"OBJECTID": 51985523, "EGRID": "CH774588838357", "NUMERO": "144", "NO_COM_FED": 5642, "GENRE_TXT": "parcelle priv\u00e9e", "SUPERFICIE_MO": 1843, "SUPERFICIE_RF": 1840}}, {"type": "Feature", "id": 51985670, "geometry": {"type": "Polygon", "coordinates": [[[2526677.878, 1151539.066], [2526720.138, 1151560.846], [2526721.098, 1151561.286], [2526671.688, 1151600.767], [2526622.568, 1151583.247], [2526677.878, 1151539.066]]]}, "properties": {"OBJECTID": 51985670, "EGRID": "CH998389844588", "NUMERO": "1508", "NO_COM_FED": 5642, "GENRE_TXT": "parcelle priv\u00e9e", "SUPERFICIE_MO": 2971, "SUPERFICIE_RF": 2971}}, {"type": "Feature", "id": 51986270, "geometry": {"type": "Polygon", "coordinates": [[[2527294.509, 1151717.8530000001], [2527286.262, 1151721.57], [2527267.923, 1151729.869], [2527255.253, 1151704.399], [2527250.603, 1151694.788], [2527257.8048325675, 1151690.7881022352], [2527264.653, 1151686.209], [2527269.37694194, 1151682.5420479216], [2527273.873, 1151678.599], [2527277.503, 1151685.509], [2527294.509, 1151717.8530000001]]]}, "properties": {"OBJECTID": 51986270, "EGRID": "CH428988834593", "NUMERO": "649", "NO_COM_FED": 5642, "GENRE_TXT": "parcelle priv\u00e9e", "SUPERFICIE_MO": 1177, "SUPERFICIE_RF": 1177}}, {"type": "Feature", "id": 51989014, "geometry": {"type": "Polygon", "coordinates": [[[2526864.398, 1151313.256], [2526852.628, 1151304.765], [2526841.418, 1151296.765], [2526834.988, 1151292.095], [2526842.618, 1151283.005], [2526853.618, 1151269.995], [2526857.738, 1151265.225], [2526860.278, 1151262.226], [2526864.468, 1151257.276], [2526872.928, 1151264.666], [2526877.128, 1151268.336], [2526898.458, 1151286.977], [2526887.378, 1151299.966], [2526879.718, 1151308.846], [2526871.378, 1151318.306], [2526864.398, 1151313.256]]]}, "properties": {"OBJECTID": 51989014, "EGRID": "CH728842834544", "NUMERO": "2511", "NO_COM_FED": 5642, "GENRE_TXT": "parcelle priv\u00e9e", "SUPERFICIE_MO": 1959, "SUPERFICIE_RF": 1934}}, {"type": "Feature", "id": 51989312, "geometry": {"type": "Polygon", "coordinates": [[[2527164.635, 1151104.386], [2527171.335, 1151114.056], [2527168.765, 1151117.746], [2527165.595, 1151122.196], [2527153.095, 1151139.556], [2527148.425, 1151145.995], [2527139.625, 1151158.155], [2527132.635, 1151149.135], [2527164.635, 1151104.386]]]}, "properties": {"OBJECTID": 51989312, "EGRID": "CH338388453442", "NUMERO": "765", "NO_COM_FED": 5642, "GENRE_TXT": "parcelle priv\u00e9e", "SUPERFICIE_MO": 605, "SUPERFICIE_RF": 613}}, {"type": "Feature", "id": 51989791, "geometry": {"type": "Polygon", "coordinates": [[[2527373.122, 1151375.283], [2527390.412, 1151352.993], [2527408.921, 1151329.104], [2527434.981, 1151296.345], [2527449.481, 1151302.286], [2527484.221, 1151316.6469999999], [2527486.221, 1151318.6469999999], [2527486.19, 1151321.567], [2527466.491, 1151349.386], [2527444.471, 1151383.525], [2527421.121, 1151418.394], [2527419.681, 1151419.804], [2527418.751, 1151418.994], [2527386.882, 1151391.513], [2527380.552, 1151385.953], [2527371.118, 1151377.867], [2527373.122, 1151375.283]]]}, "properties": {"OBJECTID": 51989791, "EGRID": "CH258283884540", "NUMERO": "704", "NO_COM_FED": 5642, "GENRE_TXT": "parcelle priv\u00e9e", "SUPERFICIE_MO": 6784, "SUPERFICIE_RF": 6796}}, {"type": "Feature", "id": 51992865, "geometry": {"type": "Polygon", "coordinates": [[[2526961.697, 1151751.458], [2526982.486, 1151731.539], [2527009.036, 1151744.58], [2527011.236, 1151745.66], [2527010.726, 1151753.95], [2527012.126, 1151769.36], [2527012.086, 1151776.08], [2527010.106, 1151781.63], [2527008.886, 1151785.74], [2527002.756, 1151798.91], [2526999.116, 1151795.483], [2526966.737, 1151764.998], [2526961.697, 1151751.458]]]}, "properties": {"OBJECTID": 51992865, "EGRID": "CH474588298330", "NUMERO": "2801", "NO_COM_FED": 5642, "GENRE_TXT": "parcelle priv\u00e9e", "SUPERFICIE_MO": 2039, "SUPERFICIE_RF": 2039}}, {"type": "Feature", "id": 51993761, "geometry": {"type": "Polygon", "coordinates": [[[2526337.458, 1151627.7], [2526339.518, 1151629.98], [2526362.728, 1151655.44], [2526345.217, 1151669.331], [2526343.9964187127, 1151670.386306031], [2526342.633072709, 1151671.249310767], [2526341.157, 1151671.901], [2526339.5780943413, 1151672.3313010675], [2526337.9524486926, 1151672.5193922997], [2526336.317, 1151672.461], [2526334.6462203353, 1151672.0750696177], [2526333.057, 1151671.431], [2526331.5736516383, 1151670.557755785], [2526330.247, 1151669.461], [2526312.758, 1151650.401], [2526337.458, 1151627.7]]]}, "properties": {"OBJECTID": 51993761, "EGRID": "CH652883884504", "NUMERO": "1498", "NO_COM_FED": 5642, "GENRE_TXT": "parcelle priv\u00e9e", "SUPERFICIE_MO": 1196, "SUPERFICIE_RF": 1196}}, {"type": "Feature", "id": 51993940, "geometry": {"type": "Polygon", "coordinates": [[[2527502.25, 1151691.107], [2527492.58, 1151653.187], [2527489.96, 1151643.917], [2527488.23, 1151640.387], [2527438.611, 1151592.515], [2527436.911, 1151582.325], [2527446.3310000002, 1151591.435], [2527446.5838092538, 1151592.5144799172], [2527447.018103761, 1151593.534567017], [2527447.621, 1151594.465], [2527492.17, 1151637.607], [2527497.19, 1151645.357], [2527494.55, 1151647.507], [2527504.17, 1151686.137], [2527515.49, 1151730.6570000001], [2527515.7692730175, 1151731.1031503612], [2527516.1213961993, 1151731.494370028], [2527516.5357890474, 1151731.8189037403], [2527517, 1151732.067], [2527517.4338635486, 1151732.2156060422], [2527517.8851758977, 1151732.2970830183], [2527518.343613983, 1151732.3095672699], [2527518.798691748, 1151732.2527732388], [2527519.24, 1151732.128], [2527512.2, 1151735.107], [2527512.321849163, 1151734.9869917408], [2527512.426950221, 1151734.8520733642], [2527512.5134964264, 1151734.7045641947], [2527512.58, 1151734.547], [2527512.62832292, 1151734.3606952429], [2527512.648471564, 1151734.169283124], [2527512.64, 1151733.977], [2527505.32, 1151703.6570000001], [2527505.03, 1151701.577], [2527502.25, 1151691.107]]]}, "properties": {"OBJECTID": 51993940, "EGRID": "CH214533838839", "NUMERO": "DP 1060", "NO_COM_FED": 5642, "GENRE_TXT": "DP communal", "SUPERFICIE_MO": 709, "SUPERFICIE_RF": null}}, {"type": "Feature", "id": 51995115, "geometry": {"type": "Polygon", "coordinates": [[[2527057.886, 1151222.542], [2527042.046, 1151226.2820000001], [2527028.196, 1151229.861], [2527018.176, 1151236.211], [2527010.9560000002, 1151230.741], [2527009.076, 1151229.261], [2527018.776, 1151216.061], [2527018.876, 1151211.401], [2527016.006, 1151207.231], [2526998.387, 1151197.09], [2526985.607, 1151191.18], [2526980.817, 1151189.02], [2526956.147, 1151179.289], [2526952.517, 1151177.859], [2526925.517, 1151164.318], [2526922.807, 1151162.148], [2526910.018, 1151151.6469999999], [2526901.298, 1151141.137], [2526897.058, 1151136.257], [2526889.268, 1151123.127], [2526886.538, 1151118.307], [2526881.508, 1151107.736], [2526850.838, 1151042.615], [2526842.6890000002, 1151030.345], [2526822.679, 1151013.914], [2526885.838, 1151002.037], [2526914.328, 1150998.088], [2526938.417, 1151000.458], [2526957.857, 1151003.869], [2526954.107, 1151024.039], [2526959.927, 1151043.099], [2526967.817, 1151061.969], [2526978.487, 1151078.03], [2526999.057, 1151100.63], [2527052.9560000002, 1151149.622], [2527056.856, 1151156.132], [2527070.606, 1151169.053], [2527091.285, 1151189.263], [2527112.095, 1151209.744], [2527057.886, 1151222.542]]]}, "properties": {"OBJECTID": 51995115, "EGRID": "CH998388264577", "NUMERO": "DP 1071", "NO_COM_FED": 5642, "GENRE_TXT": "DP cantonal", "SUPERFICIE_MO": 26230, "SUPERFICIE_RF": null}}, {"type": "Feature", "id": 51996037, "geometry": {"type": "Polygon", "coordinates": [[[2527251.663, 1151596.229], [2527253.673, 1151599.739], [2527255.623, 1151603.129], [2527260.023, 1151600.629], [2527262.803, 1151605.489], [2527267.403, 1151602.829], [2527270.233, 1151607.829], [2527261.363, 1151612.979], [2527278.083, 1151642.209], [2527244.953, 1151661.248], [2527241.903, 1151663.008], [2527217.923, 1151621.227], [2527216.993, 1151619.607], [2527212.853, 1151612.337], [2527213.293, 1151612.197], [2527221.013, 1151609.538], [2527229.923, 1151606.668], [2527236.723, 1151602.388], [2527243.343, 1151598.998], [2527247.593, 1151597.9780000001], [2527251.663, 1151596.229]]]}, "properties": {"OBJECTID": 51996037, "EGRID": "CH344583898771", "NUMERO": "1434", "NO_COM_FED": 5642, "GENRE_TXT": "parcelle priv\u00e9e", "SUPERFICIE_MO": 2401, "SUPERFICIE_RF": 2401}}, {"type": "Feature", "id": 51997820, "geometry": {"type": "Polygon", "coordinates": [[[2526809.739, 1151340.794], [2526822.318, 1151349.524], [2526808.729, 1151369.364], [2526807.239, 1151371.314], [2526801.089, 1151367.143], [2526789.819, 1151359.383], [2526791.109, 1151357.413], [2526804.809, 1151337.404], [2526809.739, 1151340.794]]]}, "properties": {"OBJECTID": 51997820, "EGRID": "CH314507838944", "NUMERO": "810", "NO_COM_FED": 5642, "GENRE_TXT": "parcelle priv\u00e9e", "SUPERFICIE_MO": 566, "SUPERFICIE_RF": 573}}, {"type": "Feature", "id": 51998581, "geometry": {"type": "Polygon", "coordinates": [[[2527489.79, 1151397.757], [2527482.08, 1151392.467], [2527474.031, 1151386.936], [2527474.661, 1151386.026], [2527461.271, 1151376.836], [2527459.201, 1151375.416], [2527475.291, 1151351.986], [2527487.84, 1151334.047], [2527497.98, 1151330.937], [2527497.48, 1151333.437], [2527491.86, 1151343.357], [2527498.25, 1151365.567], [2527498.855892205, 1151367.3156284587], [2527499.28, 1151369.117], [2527499.51797096, 1151370.9396334486], [2527499.57, 1151372.777], [2527499.463969084, 1151374.5882714791], [2527499.16, 1151376.377], [2527498.655908738, 1151378.1402631463], [2527497.96, 1151379.837], [2527492.82, 1151390.367], [2527489.79, 1151397.757]]]}, "properties": {"OBJECTID": 51998581, "EGRID": "CH808845848307", "NUMERO": "701", "NO_COM_FED": 5642, "GENRE_TXT": "parcelle priv\u00e9e", "SUPERFICIE_MO": 1396, "SUPERFICIE_RF": 1399}}, {"type": "Feature", "id": 51998930, "geometry": {"type": "Polygon", "coordinates": [[[2527210.7939999998, 1151811.387], [2527204.404, 1151810.676], [2527188.994, 1151808.986], [2527189.274, 1151806.346], [2527192.804, 1151772.776], [2527214.2939999998, 1151779.557], [2527211.084, 1151808.787], [2527210.7939999998, 1151811.387]]]}, "properties": {"OBJECTID": 51998930, "EGRID": "CH874588288391", "NUMERO": "690", "NO_COM_FED": 5642, "GENRE_TXT": "parcelle priv\u00e9e", "SUPERFICIE_MO": 753, "SUPERFICIE_RF": 753}}, {"type": "Feature", "id": 51999212, "geometry": {"type": "Polygon", "coordinates": [[[2527309.983, 1151355.501], [2527327.982, 1151332.931], [2527328.142, 1151333.071], [2527332.352, 1151337.2820000001], [2527357.752, 1151362.212], [2527357.222, 1151362.872], [2527340.442, 1151384.332], [2527324.342, 1151369.751], [2527320.022, 1151365.521], [2527309.983, 1151355.501]]]}, "properties": {"OBJECTID": 51999212, "EGRID": "CH628883834597", "NUMERO": "1348", "NO_COM_FED": 5642, "GENRE_TXT": "parcelle priv\u00e9e", "SUPERFICIE_MO": 1195, "SUPERFICIE_RF": 1198}}, {"type": "Feature", "id": 52000086, "geometry": {"type": "Polygon", "coordinates": [[[2527218.213, 1151704.8969999999], [2527226.5709855263, 1151703.3100033267], [2527234.783, 1151701.088], [2527242.813709747, 1151698.2411155873], [2527250.603, 1151694.788], [2527255.253, 1151704.399], [2527267.923, 1151729.869], [2527256.473, 1151735.089], [2527260.993, 1151748.069], [2527241.493, 1151750.898], [2527240.923, 1151747.828], [2527223.513, 1151717.548], [2527221.353, 1151718.417], [2527218.213, 1151704.8969999999]]]}, "properties": {"OBJECTID": 52000086, "EGRID": "CH108945768348", "NUMERO": "640", "NO_COM_FED": 5642, "GENRE_TXT": "parcelle priv\u00e9e", "SUPERFICIE_MO": 1582, "SUPERFICIE_RF": 1582}}, {"type": "Feature", "id": 52000722, "geometry": {"type": "Polygon", "coordinates": [[[2527502.25, 1151691.107], [2527505.03, 1151701.577], [2527505.32, 1151703.6570000001], [2527512.64, 1151733.977], [2527512.648471564, 1151734.169283124], [2527512.62832292, 1151734.3606952429], [2527512.58, 1151734.547], [2527512.5134964264, 1151734.7045641947], [2527512.426950221, 1151734.8520733642], [2527512.321849163, 1151734.9869917408], [2527512.2, 1151735.107], [2527501.06, 1151739.997], [2527495.1, 1151742.597], [2527494.41, 1151740.577], [2527492.78, 1151734.717], [2527482.43, 1151696.616], [2527502.25, 1151691.107]]]}, "properties": {"OBJECTID": 52000722, "EGRID": "CH228833834504", "NUMERO": "668", "NO_COM_FED": 5642, "GENRE_TXT": "parcelle priv\u00e9e", "SUPERFICIE_MO": 925, "SUPERFICIE_RF": 920}}, {"type": "Feature", "id": 52000978, "geometry": {"type": "Polygon", "coordinates": [[[2527249.164, 1151169.579], [2527231.014, 1151145.668], [2527246.0640000002, 1151123.369], [2527260.733, 1151142.819], [2527268.853, 1151153.579], [2527254.253, 1151165.439], [2527249.164, 1151169.579]]]}, "properties": {"OBJECTID": 52000978, "EGRID": "CH914590838864", "NUMERO": "779", "NO_COM_FED": 5642, "GENRE_TXT": "parcelle priv\u00e9e", "SUPERFICIE_MO": 862, "SUPERFICIE_RF": 861}}, {"type": "Feature", "id": 52001923, "geometry": {"type": "Polygon", "coordinates": [[[2527671.797, 1151598.108], [2527655.834, 1151608.681], [2527674.356, 1151625.081], [2527677.481, 1151627.835], [2527674.108, 1151630.533], [2527678.128, 1151637.683], [2527680.728, 1151642.373], [2527686.688, 1151653.063], [2527688.818, 1151656.983], [2527693.008, 1151664.633], [2527696.228, 1151670.574], [2527699.828, 1151677.224], [2527710.307, 1151692.194], [2527718.207, 1151701.724], [2527718.047, 1151701.924], [2527722.32, 1151706.845], [2527722.937, 1151706.184], [2527743.217, 1151723.855], [2527744.346685474, 1151724.6759589976], [2527745.590524875, 1151725.3108026707], [2527746.9181136335, 1151725.7440128196], [2527748.297, 1151725.965], [2527749.689756304, 1151725.9682145324], [2527751.0660957904, 1151725.7549773983], [2527752.3925846405, 1151725.3304685205], [2527753.637, 1151724.705], [2527778.057, 1151709.786], [2527778.847, 1151706.836], [2527778.407, 1151703.226], [2527781.6859999998, 1151708.186], [2527782.916, 1151711.767], [2527782.836, 1151715.436], [2527781.056, 1151718.866], [2527762.367, 1151739.906], [2527762.057, 1151740.436], [2527758.677, 1151745.906], [2527755.6890000002, 1151743.659], [2527723.062, 1151717.401], [2527716.869, 1151712.605], [2527702.864, 1151701.759], [2527702.4, 1151702.33], [2527671.853, 1151677.509], [2527654.992, 1151663.738], [2527649.203, 1151658.896], [2527570.208, 1151589.23], [2527563.009, 1151582.882], [2527475.1, 1151505.356], [2527488.67, 1151494.567], [2527490.03, 1151496.327], [2527494.03, 1151493.247], [2527529.26, 1151524.328], [2527531.508, 1151521.781], [2527554.069, 1151541.673], [2527576.966, 1151526.512], [2527621.986, 1151496.703], [2527628.351, 1151492.489], [2527632.183, 1151489.952], [2527673.761, 1151552.731], [2527651.504, 1151567.472], [2527671.797, 1151598.108]]]}, "properties": {"OBJECTID": 52001923, "EGRID": "CH698388834508", "NUMERO": "281", "NO_COM_FED": 5642, "GENRE_TXT": "parcelle priv\u00e9e", "SUPERFICIE_MO": 16654, "SUPERFICIE_RF": 16702}}, {"type": "Feature", "id": 52002779, "geometry": {"type": "Polygon", "coordinates": [[[2526315.318, 1151553.779], [2526337.418, 1151578.029], [2526312.748, 1151600.69], [2526287.978, 1151623.34], [2526265.798, 1151599.11], [2526290.478, 1151576.44], [2526315.318, 1151553.779]]]}, "properties": {"OBJECTID": 52002779, "EGRID": "CH708945738347", "NUMERO": "1524", "NO_COM_FED": 5642, "GENRE_TXT": "parcelle priv\u00e9e", "SUPERFICIE_MO": 2206, "SUPERFICIE_RF": 2206}}, {"type": "Feature", "id": 52003096, "geometry": {"type": "Polygon", "coordinates": [[[2527154.069, 1151708.301], [2527092.575, 1151711.443], [2527077.605, 1151712.233], [2527072.135, 1151712.922], [2527066.725, 1151714.442], [2527061.585, 1151716.562], [2527058.285, 1151718.412], [2527055.425, 1151720.412], [2527052.515, 1151722.832], [2527050.015, 1151725.2820000001], [2527047.725, 1151727.951], [2527046.035, 1151731.061], [2527045.176, 1151734.441], [2527045.076, 1151737.951], [2527045.816, 1151741.391], [2527047.426, 1151744.491], [2527051.316, 1151749.841], [2527056.506, 1151755.452], [2527040.166, 1151753.541], [2527033.346, 1151734.771], [2527038.316, 1151721.541], [2527049.265, 1151712.642], [2527067.125, 1151703.542], [2527070.705, 1151702.882], [2527075.065, 1151702.433], [2527161.674, 1151698.015], [2527191.514, 1151696.446], [2527203.663, 1151695.6469999999], [2527215.523, 1151694.257], [2527218.213, 1151704.8969999999], [2527209.353, 1151705.477], [2527154.069, 1151708.301]]]}, "properties": {"OBJECTID": 52003096, "EGRID": "CH674589768306", "NUMERO": "DP 60", "NO_COM_FED": 5642, "GENRE_TXT": "DP communal", "SUPERFICIE_MO": 2125, "SUPERFICIE_RF": null}}, {"type": "Feature", "id": 52003782, "geometry": {"type": "Polygon", "coordinates": [[[2526714.929, 1151435.894], [2526716.999, 1151432.884], [2526728.859, 1151415.624], [2526738.1689999998, 1151421.274], [2526747.9189999998, 1151427.024], [2526734.979, 1151445.394], [2526732.889, 1151448.344], [2526714.929, 1151435.894]]]}, "properties": {"OBJECTID": 52003782, "EGRID": "CH874588458340", "NUMERO": "790", "NO_COM_FED": 5642, "GENRE_TXT": "parcelle priv\u00e9e", "SUPERFICIE_MO": 557, "SUPERFICIE_RF": 555}}, {"type": "Feature", "id": 52004505, "geometry": {"type": "Polygon", "coordinates": [[[2526662.576, 1151697.684], [2526655.358, 1151704.899], [2526652.754, 1151706.502], [2526635.207, 1151717.281], [2526626.621, 1151703.308], [2526645.127, 1151691.937], [2526658.06, 1151679.004], [2526669.657, 1151690.601], [2526662.576, 1151697.684]]]}, "properties": {"OBJECTID": 52004505, "EGRID": "CH200845488354", "NUMERO": "4182", "NO_COM_FED": 5642, "GENRE_TXT": "parcelle priv\u00e9e", "SUPERFICIE_MO": 688, "SUPERFICIE_RF": 688}}, {"type": "Feature", "id": 52004989, "geometry": {"type": "Polygon", "coordinates": [[[2526688.056, 1151666.902], [2526703.137, 1151681.984], [2526720.865, 1151699.712], [2526720.22, 1151700.357], [2526708.562, 1151712.016], [2526675.752, 1151679.206], [2526688.056, 1151666.902]]]}, "properties": {"OBJECTID": 52004989, "EGRID": "CH900945208367", "NUMERO": "4193", "NO_COM_FED": 5642, "GENRE_TXT": "DDP superficie", "SUPERFICIE_MO": 807, "SUPERFICIE_RF": 807}}, {"type": "Feature", "id": 52005454, "geometry": {"type": "Polygon", "coordinates": [[[2527424.191, 1151645.364], [2527427.781, 1151674.124], [2527428.011, 1151676.064], [2527426.591, 1151676.174], [2527404.901, 1151676.734], [2527399.901, 1151676.874], [2527403.691, 1151647.464], [2527406.651, 1151647.424], [2527412.571, 1151646.944], [2527416.761, 1151646.644], [2527422.021, 1151646.194], [2527424.191, 1151645.364]]]}, "properties": {"OBJECTID": 52005454, "EGRID": "CH257483894559", "NUMERO": "672", "NO_COM_FED": 5642, "GENRE_TXT": "parcelle priv\u00e9e", "SUPERFICIE_MO": 724, "SUPERFICIE_RF": 748}}, {"type": "Feature", "id": 52005488, "geometry": {"type": "Polygon", "coordinates": [[[2526831.157, 1151769.188], [2526876.847, 1151722.447], [2526884.11, 1151714.771], [2526940.709, 1151656.851], [2526945.592, 1151652.318], [2526956.387, 1151656.409], [2526944.407, 1151668.588], [2526923.497, 1151689.9070000001], [2526903.907, 1151709.937], [2526884.507, 1151729.677], [2526871.867, 1151742.568], [2526842.747, 1151772.258], [2526838.607, 1151776.4679999999], [2526831.157, 1151769.188]]]}, "properties": {"OBJECTID": 52005488, "EGRID": "CH198389154582", "NUMERO": "DP 25", "NO_COM_FED": 5642, "GENRE_TXT": "DP cantonal", "SUPERFICIE_MO": 1767, "SUPERFICIE_RF": null}}, {"type": "Feature", "id": 52006687, "geometry": {"type": "Polygon", "coordinates": [[[2526848.838, 1151334.915], [2526872.648, 1151352.026], [2526871.228, 1151354.106], [2526857.488, 1151373.935], [2526839.728, 1151361.665], [2526832.838, 1151356.795], [2526846.638, 1151336.755], [2526848.188, 1151334.485], [2526848.838, 1151334.915]]]}, "properties": {"OBJECTID": 52006687, "EGRID": "CH208845298385", "NUMERO": "814", "NO_COM_FED": 5642, "GENRE_TXT": "parcelle priv\u00e9e", "SUPERFICIE_MO": 809, "SUPERFICIE_RF": 799}}, {"type": "Feature", "id": 52006871, "geometry": {"type": "Polygon", "coordinates": [[[2526445.007, 1151745.021], [2526433.737, 1151732.781], [2526421.027, 1151718.921], [2526445.697, 1151696.22], [2526469.687, 1151722.441], [2526445.007, 1151745.021]]]}, "properties": {"OBJECTID": 52006871, "EGRID": "CH989883458886", "NUMERO": "3936", "NO_COM_FED": 5642, "GENRE_TXT": "parcelle priv\u00e9e", "SUPERFICIE_MO": 1189, "SUPERFICIE_RF": 1189}}, {"type": "Feature", "id": 52006952, "geometry": {"type": "Polygon", "coordinates": [[[2526513.028, 1151634.999], [2526455.507, 1151681.07], [2526449.617, 1151674.6], [2526441.877, 1151681.7], [2526409.338, 1151646.21], [2526408.048, 1151643.81], [2526407.028, 1151641.28], [2526406.8474869607, 1151640.00275151], [2526406.8878830546, 1151638.7134428509], [2526407.148, 1151637.45], [2526407.6244433485, 1151636.2426129994], [2526408.301144783, 1151635.134977318], [2526409.158, 1151634.16], [2526441.618, 1151608.109], [2526445.701649169, 1151605.1740205272], [2526450.0727718794, 1151602.6873397494], [2526454.6823490844, 1151600.676844031], [2526459.4786876384, 1151599.1650796589], [2526464.408, 1151598.169], [2526469.417628265, 1151597.6999232974], [2526474.4487616904, 1151597.763991711], [2526479.4448205754, 1151598.3604847335], [2526484.349619664, 1151599.4826942543], [2526489.108, 1151601.118], [2526532.888, 1151618.958], [2526513.028, 1151634.999]]]}, "properties": {"OBJECTID": 52006952, "EGRID": "CH128800834544", "NUMERO": "1470", "NO_COM_FED": 5642, "GENRE_TXT": "parcelle priv\u00e9e", "SUPERFICIE_MO": 5911, "SUPERFICIE_RF": 5911}}, {"type": "Feature", "id": 52007294, "geometry": {"type": "Polygon", "coordinates": [[[2526492.36, 1151567.338], [2526492.808, 1151566.9780000001], [2526565.408, 1151508.906], [2526568.7101064934, 1151506.7598218354], [2526572.192977733, 1151504.9214540988], [2526575.828, 1151503.406], [2526579.5837343615, 1151502.2254526117], [2526583.4309371044, 1151501.389830817], [2526587.338, 1151500.906], [2526593.2433378375, 1151500.9040221192], [2526599.098, 1151501.676], [2526604.8404871235, 1151503.2231665642], [2526610.328, 1151505.516], [2526613.558, 1151506.036], [2526630.378, 1151514.616], [2526591.208, 1151546.017], [2526594.128, 1151549.6469999999], [2526525.518, 1151604.618], [2526496.388, 1151592.748], [2526494.371153737, 1151591.755749197], [2526492.5255726837, 1151590.4727600776], [2526490.892850124, 1151588.927946967], [2526489.509782215, 1151587.1561248356], [2526488.407538728, 1151585.1972246855], [2526487.6109605785, 1151583.095393637], [2526487.138, 1151580.898], [2526487.000266959, 1151578.376194251], [2526487.2883156417, 1151575.8671102384], [2526487.993951772, 1151573.4421252327], [2526489.0971017363, 1151571.1702240943], [2526490.5663836314, 1151569.1160368246], [2526492.36, 1151567.338]]]}, "properties": {"OBJECTID": 52007294, "EGRID": "CH644583882831", "NUMERO": "1473", "NO_COM_FED": 5642, "GENRE_TXT": "parcelle priv\u00e9e", "SUPERFICIE_MO": 6561, "SUPERFICIE_RF": 6561}}, {"type": "Feature", "id": 52009440, "geometry": {"type": "Polygon", "coordinates": [[[2527433.111, 1151817.314], [2527432.861, 1151817.244], [2527424.101, 1151814.764], [2527425.5609999998, 1151809.444], [2527417.5810000002, 1151803.184], [2527419.121, 1151801.814], [2527435.451, 1151808.664], [2527434.5609999998, 1151811.964], [2527433.111, 1151817.314]]]}, "properties": {"OBJECTID": 52009440, "EGRID": "CH253083884586", "NUMERO": "530", "NO_COM_FED": 5642, "GENRE_TXT": "parcelle priv\u00e9e", "SUPERFICIE_MO": 118, "SUPERFICIE_RF": 118}}, {"type": "Feature", "id": 52009488, "geometry": {"type": "Polygon", "coordinates": [[[2526889.268, 1151123.127], [2526897.058, 1151136.257], [2526901.298, 1151141.137], [2526888.518, 1151156.007], [2526880.668, 1151165.166], [2526864.698, 1151183.966], [2526856.378, 1151193.675], [2526795.389, 1151264.123], [2526785.879, 1151257.503], [2526778.279, 1151251.493], [2526802.499, 1151208.514], [2526809.829, 1151199.944], [2526811.639, 1151201.334], [2526822.909, 1151187.574], [2526824.429, 1151188.414], [2526874.718, 1151124.956], [2526889.268, 1151123.127]]]}, "properties": {"OBJECTID": 52009488, "EGRID": "CH554183884575", "NUMERO": "2509", "NO_COM_FED": 5642, "GENRE_TXT": "parcelle priv\u00e9e", "SUPERFICIE_MO": 4702, "SUPERFICIE_RF": 4701}}, {"type": "Feature", "id": 52009929, "geometry": {"type": "Polygon", "coordinates": [[[2526796.079, 1151428.113], [2526797.309, 1151425.973], [2526806.9189999998, 1151409.634], [2526809.459, 1151405.164], [2526831.098, 1151419.704], [2526833.798, 1151421.715], [2526821.428, 1151441.764], [2526820.128, 1151443.954], [2526797.509, 1151429.123], [2526796.079, 1151428.113]]]}, "properties": {"OBJECTID": 52009929, "EGRID": "CH708845218336", "NUMERO": "799", "NO_COM_FED": 5642, "GENRE_TXT": "parcelle priv\u00e9e", "SUPERFICIE_MO": 768, "SUPERFICIE_RF": 763}}, {"type": "Feature", "id": 52010020, "geometry": {"type": "Polygon", "coordinates": [[[2527084.316, 1151849.172], [2527061.637, 1151923.381], [2527062.2189172576, 1151926.9166685634], [2527063.367, 1151930.311], [2527063.9453848647, 1151931.394062657], [2527064.6941436217, 1151932.3671577675], [2527065.592853084, 1151933.203743132], [2527066.617, 1151933.881], [2527107.276, 1151956.132], [2527108.556, 1151956.842], [2527105.557, 1151962.402], [2527112.396, 1151966.162], [2527112.746, 1151965.512], [2527115.426, 1151960.602], [2527121.656, 1151964.053], [2527128.946, 1151962.773], [2527112.587, 1151983.662], [2527113.1815875554, 1151982.3962739646], [2527113.584396777, 1151981.057116958], [2527113.786741374, 1151979.6734069372], [2527113.7842579302, 1151978.274982613], [2527113.577, 1151976.892], [2527113.1492785625, 1151975.5117790494], [2527112.5177601078, 1151974.212109883], [2527111.6969692097, 1151973.0228841677], [2527110.7057836014, 1151971.971453433], [2527109.567, 1151971.082], [2527093.087, 1151962.2820000001], [2527093.817, 1151960.912], [2527068.197, 1151946.791], [2527066.4331286727, 1151945.996395981], [2527064.5644880165, 1151945.4955769477], [2527062.6396515304, 1151945.301561205], [2527060.70865347, 1151945.4193920032], [2527058.821688255, 1151945.8460064454], [2527057.0278057125, 1151946.5703151033], [2527055.3736360786, 1151947.5734902767], [2527053.902177886, 1151948.8294554013], [2527052.651680262, 1151950.3055628831], [2527051.6546486774, 1151951.9634427417], [2527050.937, 1151953.76], [2527039.877, 1151953.51], [2527051.417, 1151915.8], [2527062.986, 1151878.031], [2527074.486, 1151840.382], [2527076.746, 1151832.902], [2527078.656, 1151819.392], [2527076.366, 1151805.962], [2527070.026, 1151793.832], [2527040.166, 1151753.541], [2527056.506, 1151755.452], [2527082.105, 1151790.042], [2527087.716, 1151802.102], [2527090.616, 1151819.222], [2527088.226, 1151836.412], [2527087.516, 1151838.692], [2527084.316, 1151849.172]]]}, "properties": {"OBJECTID": 52010020, "EGRID": "CH608845058321", "NUMERO": "DP 61", "NO_COM_FED": 5642, "GENRE_TXT": "DP communal", "SUPERFICIE_MO": 3440, "SUPERFICIE_RF": null}}, {"type": "Feature", "id": 52010239, "geometry": {"type": "Polygon", "coordinates": [[[2526312.748, 1151600.69], [2526337.418, 1151578.029], [2526364.198, 1151607.259], [2526339.518, 1151629.98], [2526337.458, 1151627.7], [2526312.748, 1151600.69]]]}, "properties": {"OBJECTID": 52010239, "EGRID": "CH714573838990", "NUMERO": "1538", "NO_COM_FED": 5642, "GENRE_TXT": "parcelle priv\u00e9e", "SUPERFICIE_MO": 1329, "SUPERFICIE_RF": 1329}}, {"type": "Feature", "id": 52010534, "geometry": {"type": "Polygon", "coordinates": [[[2527399.891, 1151567.914], [2527400.1834798073, 1151568.891694845], [2527400.3079868783, 1151569.9045766923], [2527400.261, 1151570.924], [2527396.981, 1151595.464], [2527394.981, 1151597.583], [2527394.3840830224, 1151597.6199880382], [2527393.801, 1151597.753], [2527393.2486704267, 1151597.9791678747], [2527392.741, 1151598.293], [2527382.781, 1151605.023], [2527361.242, 1151622.872], [2527359.862, 1151624.072], [2527356.722, 1151620.312], [2527354.562, 1151617.722], [2527349.122, 1151611.172], [2527345.082, 1151606.302], [2527367.282, 1151583.5929999999], [2527386.741, 1151570.453], [2527395.791, 1151564.363], [2527396.613215299, 1151564.608478247], [2527397.3891094015, 1151564.9749286654], [2527398.101, 1151565.454], [2527398.834171567, 1151566.168649394], [2527399.4365699464, 1151566.9965264963], [2527399.891, 1151567.914]]]}, "properties": {"OBJECTID": 52010534, "EGRID": "CH598389754557", "NUMERO": "658", "NO_COM_FED": 5642, "GENRE_TXT": "parcelle priv\u00e9e", "SUPERFICIE_MO": 1514, "SUPERFICIE_RF": 1514}}, {"type": "Feature", "id": 52010725, "geometry": {"type": "Polygon", "coordinates": [[[2526755.719, 1151303.292], [2526763.549, 1151285.742], [2526767.309, 1151277.132], [2526772.529, 1151280.703], [2526797.559, 1151298.513], [2526800.399, 1151300.613], [2526798.949, 1151302.653], [2526784.069, 1151323.253], [2526764.799, 1151309.922], [2526759.369, 1151306.132], [2526755.719, 1151303.292]]]}, "properties": {"OBJECTID": 52010725, "EGRID": "CH428908834537", "NUMERO": "817", "NO_COM_FED": 5642, "GENRE_TXT": "parcelle priv\u00e9e", "SUPERFICIE_MO": 1060, "SUPERFICIE_RF": 1055}}, {"type": "Feature", "id": 52011126, "geometry": {"type": "Polygon", "coordinates": [[[2526399.177, 1151754.452], [2526375.367, 1151776.232], [2526366.327, 1151766.672], [2526351.317, 1151750.892], [2526375.447, 1151728.761], [2526399.177, 1151754.452]]]}, "properties": {"OBJECTID": 52011126, "EGRID": "CH244583888612", "NUMERO": "1460", "NO_COM_FED": 5642, "GENRE_TXT": "parcelle priv\u00e9e", "SUPERFICIE_MO": 1136, "SUPERFICIE_RF": 1136}}, {"type": "Feature", "id": 52011674, "geometry": {"type": "Polygon", "coordinates": [[[2526841.498, 1151729.879], [2526826.295, 1151745.082], [2526814.415, 1151733.202], [2526826.948, 1151720.67], [2526829.618, 1151718], [2526841.498, 1151729.879]]]}, "properties": {"OBJECTID": 52011674, "EGRID": "CH160883454880", "NUMERO": "4176", "NO_COM_FED": 5642, "GENRE_TXT": "parcelle priv\u00e9e", "SUPERFICIE_MO": 361, "SUPERFICIE_RF": 361}}, {"type": "Feature", "id": 52013011, "geometry": {"type": "Polygon", "coordinates": [[[2526748.389, 1151396.963], [2526721.369, 1151379.063], [2526732.819, 1151353.7719999999], [2526761.409, 1151372.643], [2526763.409, 1151374.203], [2526749.829, 1151394.823], [2526748.389, 1151396.963]]]}, "properties": {"OBJECTID": 52013011, "EGRID": "CH182783458943", "NUMERO": "804", "NO_COM_FED": 5642, "GENRE_TXT": "parcelle priv\u00e9e", "SUPERFICIE_MO": 949, "SUPERFICIE_RF": 930}}, {"type": "Feature", "id": 52014319, "geometry": {"type": "Polygon", "coordinates": [[[2527482.43, 1151696.616], [2527492.78, 1151734.717], [2527494.41, 1151740.577], [2527495.1, 1151742.597], [2527475.59, 1151750.856], [2527475.11, 1151748.786], [2527473.5, 1151742.986], [2527464.11, 1151726.436], [2527457.46, 1151701.605], [2527457.36, 1151701.115], [2527481.93, 1151694.806], [2527482.43, 1151696.616]]]}, "properties": {"OBJECTID": 52014319, "EGRID": "CH438388453309", "NUMERO": "667", "NO_COM_FED": 5642, "GENRE_TXT": "parcelle priv\u00e9e", "SUPERFICIE_MO": 1229, "SUPERFICIE_RF": 1224}}, {"type": "Feature", "id": 52014462, "geometry": {"type": "Polygon", "coordinates": [[[2527457.46, 1151701.605], [2527464.11, 1151726.436], [2527463.38, 1151726.586], [2527458.27, 1151727.915], [2527441.5609999998, 1151732.175], [2527441.171, 1151730.725], [2527437.231, 1151716.685], [2527435.301, 1151707.295], [2527457.46, 1151701.605]]]}, "properties": {"OBJECTID": 52014462, "EGRID": "CH138389458451", "NUMERO": "666", "NO_COM_FED": 5642, "GENRE_TXT": "parcelle priv\u00e9e", "SUPERFICIE_MO": 598, "SUPERFICIE_RF": 587}}, {"type": "Feature", "id": 52016614, "geometry": {"type": "Polygon", "coordinates": [[[2527177.894, 1151123.626], [2527146.475, 1151167.295], [2527139.625, 1151158.155], [2527148.425, 1151145.995], [2527153.095, 1151139.556], [2527165.595, 1151122.196], [2527168.765, 1151117.746], [2527171.335, 1151114.056], [2527177.894, 1151123.626]]]}, "properties": {"OBJECTID": 52016614, "EGRID": "CH144583883993", "NUMERO": "766", "NO_COM_FED": 5642, "GENRE_TXT": "parcelle priv\u00e9e", "SUPERFICIE_MO": 586, "SUPERFICIE_RF": 594}}, {"type": "Feature", "id": 52017194, "geometry": {"type": "Polygon", "coordinates": [[[2527218.923, 1151592.247], [2527153.974, 1151609.035], [2527114.105, 1151586.504], [2527158.834, 1151542.595], [2527168.7939999998, 1151533.546], [2527218.923, 1151592.247]]]}, "properties": {"OBJECTID": 52017194, "EGRID": "CH698389764520", "NUMERO": "682", "NO_COM_FED": 5642, "GENRE_TXT": "parcelle priv\u00e9e", "SUPERFICIE_MO": 4015, "SUPERFICIE_RF": 4015}}, {"type": "Feature", "id": 52017602, "geometry": {"type": "Polygon", "coordinates": [[[2526590.698, 1151485.436], [2526581.539, 1151480.896], [2526489.199, 1151413.205], [2526466.979, 1151379.045], [2526446.369, 1151366.605], [2526450.559, 1151356.805], [2526451.1689999998, 1151341.334], [2526461.89, 1151317.454], [2526475.9, 1151288.053], [2526482.83, 1151274.163], [2526497.01, 1151242.2820000001], [2526505.08, 1151223.302], [2526554.72, 1151256.982], [2526587.34, 1151279.112], [2526603.49, 1151274.632], [2526629.94, 1151240.241], [2526736.9, 1151101.171], [2526755.41, 1151121.452], [2526774.429, 1151142.253], [2526802.037, 1151172.467], [2526814.9189999998, 1151186.564], [2526802.499, 1151208.514], [2526778.279, 1151251.493], [2526785.879, 1151257.503], [2526772.049, 1151272.233], [2526767.309, 1151277.132], [2526763.549, 1151285.742], [2526755.719, 1151303.292], [2526752.629, 1151309.822], [2526748.1689999998, 1151319.5320000001], [2526744.139, 1151328.492], [2526732.819, 1151353.7719999999], [2526721.369, 1151379.063], [2526709.899, 1151404.504], [2526687.9390000002, 1151394.143], [2526667.4390000002, 1151380.903], [2526656.679, 1151395.394], [2526590.698, 1151485.436]]]}, "properties": {"OBJECTID": 52017602, "EGRID": "CH798388424597", "NUMERO": "3085", "NO_COM_FED": 5642, "GENRE_TXT": "parcelle priv\u00e9e", "SUPERFICIE_MO": 64349, "SUPERFICIE_RF": 64455}}, {"type": "Feature", "id": 52018821, "geometry": {"type": "Polygon", "coordinates": [[[2526754.603, 1151689.08], [2526765.775, 1151700.252], [2526731.657, 1151734.37], [2526718.222, 1151720.935], [2526729.508, 1151709.649], [2526731.77, 1151711.912], [2526754.603, 1151689.08]]]}, "properties": {"OBJECTID": 52018821, "EGRID": "CH298308484596", "NUMERO": "4181", "NO_COM_FED": 5642, "GENRE_TXT": "parcelle priv\u00e9e", "SUPERFICIE_MO": 813, "SUPERFICIE_RF": 813}}, {"type": "Feature", "id": 52019291, "geometry": {"type": "Polygon", "coordinates": [[[2527166.754, 1151767.315], [2527162.855, 1151803.515], [2527162.585, 1151806.085], [2527143.925, 1151804.024], [2527144.195, 1151801.524], [2527148.164, 1151765.145], [2527166.754, 1151767.315]]]}, "properties": {"OBJECTID": 52019291, "EGRID": "CH882883458870", "NUMERO": "688", "NO_COM_FED": 5642, "GENRE_TXT": "parcelle priv\u00e9e", "SUPERFICIE_MO": 732, "SUPERFICIE_RF": 732}}, {"type": "Feature", "id": 52019448, "geometry": {"type": "Polygon", "coordinates": [[[2527177.204, 1151623.106], [2527184.084, 1151621.276], [2527198.2939999998, 1151617.507], [2527203.974, 1151615.137], [2527212.853, 1151612.337], [2527216.993, 1151619.607], [2527217.923, 1151621.227], [2527241.903, 1151663.008], [2527252.293, 1151681.269], [2527246.3665938815, 1151684.567758738], [2527240.223147547, 1151687.4421570802], [2527233.893, 1151689.878], [2527227.869675993, 1151691.737794498], [2527221.7375848377, 1151693.1995488347], [2527215.523, 1151694.257], [2527201.954, 1151640.447], [2527188.034, 1151643.286], [2527185.154, 1151638.006], [2527183.444, 1151634.866], [2527178.784, 1151626.096], [2527177.204, 1151623.106]]]}, "properties": {"OBJECTID": 52019448, "EGRID": "CH444583897549", "NUMERO": "695", "NO_COM_FED": 5642, "GENRE_TXT": "parcelle priv\u00e9e", "SUPERFICIE_MO": 2648, "SUPERFICIE_RF": 2648}}, {"type": "Feature", "id": 52019671, "geometry": {"type": "Polygon", "coordinates": [[[2527310.773, 1151822.92], [2527305.523, 1151826.9], [2527267.354, 1151855.388], [2527251.934, 1151853.558], [2527255.813, 1151819.068], [2527256.093, 1151816.578], [2527277.393, 1151819.039], [2527299.433, 1151821.61], [2527310.773, 1151822.92]]]}, "properties": {"OBJECTID": 52019671, "EGRID": "CH780183458956", "NUMERO": "632", "NO_COM_FED": 5642, "GENRE_TXT": "parcelle priv\u00e9e", "SUPERFICIE_MO": 1316, "SUPERFICIE_RF": 1316}}, {"type": "Feature", "id": 52020442, "geometry": {"type": "Polygon", "coordinates": [[[2527299.833, 1151071.611], [2527298.313, 1151074.531], [2527282.973, 1151102.76], [2527245.404, 1151082.319], [2527261.054, 1151054.379], [2527293.583, 1151068.8], [2527299.833, 1151071.611]]]}, "properties": {"OBJECTID": 52020442, "EGRID": "CH714557838841", "NUMERO": "3334", "NO_COM_FED": 5642, "GENRE_TXT": "parcelle priv\u00e9e", "SUPERFICIE_MO": 1436, "SUPERFICIE_RF": 1426}}, {"type": "Feature", "id": 52021376, "geometry": {"type": "Polygon", "coordinates": [[[2527505.31, 1151315.977], [2527510.39, 1151318.378], [2527508.86, 1151320.588], [2527505.65, 1151326.447], [2527505.1, 1151334.217], [2527506.65, 1151334.967], [2527508.09, 1151346.237], [2527510.59, 1151368.318], [2527498.25, 1151365.567], [2527491.86, 1151343.357], [2527497.48, 1151333.437], [2527497.98, 1151330.937], [2527498.49, 1151331.187], [2527499.23, 1151326.557], [2527500.62, 1151324.057], [2527503.58, 1151318.137], [2527505.31, 1151315.977]]]}, "properties": {"OBJECTID": 52021376, "EGRID": "CH498388844573", "NUMERO": "DP 1030", "NO_COM_FED": 5642, "GENRE_TXT": "DP cantonal", "SUPERFICIE_MO": 557, "SUPERFICIE_RF": null}}, {"type": "Feature", "id": 52021886, "geometry": {"type": "Polygon", "coordinates": [[[2526634.828, 1151507.616], [2526598.508, 1151491.826], [2526590.018, 1151486.376], [2526590.698, 1151485.436], [2526656.679, 1151395.394], [2526669.539, 1151404.174], [2526677.219, 1151409.664], [2526694.529, 1151421.594], [2526672.809, 1151452.845], [2526660.299, 1151470.895], [2526634.828, 1151507.616]]]}, "properties": {"OBJECTID": 52021886, "EGRID": "CH544583885142", "NUMERO": "1258", "NO_COM_FED": 5642, "GENRE_TXT": "parcelle priv\u00e9e", "SUPERFICIE_MO": 5188, "SUPERFICIE_RF": 5184}}, {"type": "Feature", "id": 52023980, "geometry": {"type": "Polygon", "coordinates": [[[2526680.409, 1151646.915], [2526673.691441423, 1151648.8974552415], [2526666.8233249946, 1151650.270298549], [2526659.8598544626, 1151651.022495442], [2526652.857, 1151651.148], [2526645.8720455263, 1151650.6459227083], [2526638.960168217, 1151649.5200352098], [2526632.1769655556, 1151647.7793938732], [2526625.577, 1151645.438], [2526583.098, 1151628.108], [2526599.068, 1151608.618], [2526620.448, 1151582.497], [2526622.568, 1151583.247], [2526671.688, 1151600.767], [2526691.578, 1151611.267], [2526710.918, 1151618.457], [2526729.648, 1151624.387], [2526716.817, 1151634.277], [2526680.487, 1151646.888], [2526680.409, 1151646.915]]]}, "properties": {"OBJECTID": 52023980, "EGRID": "CH382183458841", "NUMERO": "1474", "NO_COM_FED": 5642, "GENRE_TXT": "parcelle priv\u00e9e", "SUPERFICIE_MO": 5554, "SUPERFICIE_RF": 5554}}, {"type": "Feature", "id": 52024035, "geometry": {"type": "Polygon", "coordinates": [[[2527395.551, 1151502.764], [2527395.841, 1151498.734], [2527397.371, 1151497.144], [2527390.231, 1151489.783], [2527389.041, 1151488.553], [2527385.472, 1151484.923], [2527383.222, 1151481.633], [2527372.522, 1151471.163], [2527361.222, 1151459.822], [2527338.722, 1151436.982], [2527337.562, 1151435.872], [2527314.812, 1151414.241], [2527307.493, 1151407.281], [2527294.163, 1151394.01], [2527262.643, 1151365.449], [2527234.334, 1151335.708], [2527190.334, 1151284.057], [2527175.474, 1151259.976], [2527153.745, 1151224.766], [2527144.935, 1151210.475], [2527132.705, 1151190.765], [2527123.835, 1151176.455], [2527115.305, 1151162.934], [2527096.455, 1151132.274], [2527087.7060000002, 1151117.823], [2527073.146, 1151096.923], [2527051.816, 1151066.362], [2527037.446, 1151049.572], [2527022.086, 1151035.511], [2527009.787, 1151027.031], [2526988.217, 1151015.05], [2526984.407, 1151010.99], [2526973.827, 1151006.68], [2526957.857, 1151003.869], [2526938.417, 1151000.458], [2526914.328, 1150998.088], [2526885.838, 1151002.037], [2526885.368, 1150993.417], [2526880.628, 1150994.326], [2526879.468, 1150988.696], [2526873.108, 1150984.006], [2526882.818, 1150981.9070000001], [2526921.568, 1150975.158], [2526950.887, 1150974.249], [2526987.927, 1150990.63], [2526997.087, 1150991.93], [2527025.606, 1151010.321], [2527036.396, 1151029.382], [2527045.586, 1151041.412], [2527059.496, 1151061.222], [2527078.886, 1151092.613], [2527092.395, 1151114.214], [2527115.145, 1151150.444], [2527144.535, 1151194.715], [2527154.705, 1151209.246], [2527172.304, 1151232.226], [2527184.5439999998, 1151247.387], [2527194.744, 1151259.887], [2527212.364, 1151281.077], [2527220.344, 1151290.398], [2527232.704, 1151304.458], [2527251.203, 1151324.869], [2527258.043, 1151332.209], [2527296.103, 1151372.19], [2527316.502, 1151393.121], [2527335.452, 1151412.362], [2527353.832, 1151430.872], [2527369.492, 1151446.483], [2527397.841, 1151474.394], [2527407.181, 1151483.594], [2527415.931, 1151494.994], [2527433.121, 1151512.375], [2527421.3310000002, 1151521.794], [2527417.421, 1151524.904], [2527395.551, 1151502.764]]]}, "properties": {"OBJECTID": 52024035, "EGRID": "CH328884834593", "NUMERO": "700", "NO_COM_FED": 5642, "GENRE_TXT": "parcelle priv\u00e9e", "SUPERFICIE_MO": 12323, "SUPERFICIE_RF": 12081}}, {"type": "Feature", "id": 52024395, "geometry": {"type": "Polygon", "coordinates": [[[2527250.603, 1151694.788], [2527242.813709747, 1151698.2411155873], [2527234.783, 1151701.088], [2527226.5709855263, 1151703.3100033272], [2527218.213, 1151704.8969999999], [2527215.523, 1151694.257], [2527221.7375848377, 1151693.1995488347], [2527227.869675993, 1151691.737794498], [2527233.893, 1151689.878], [2527240.223147547, 1151687.4421570802], [2527246.3665938815, 1151684.567758738], [2527252.293, 1151681.269], [2527257.0370480926, 1151678.1309659516], [2527261.573, 1151674.699], [2527265.874057154, 1151670.995947563], [2527269.933, 1151667.029], [2527292.372, 1151644.21], [2527324.202, 1151611.771], [2527332.902, 1151602.951], [2527333.432, 1151600.641], [2527335.872, 1151599.271], [2527338.092, 1151597.552], [2527339.402, 1151599.172], [2527357.852, 1151580.332], [2527361.582, 1151576.842], [2527365.882, 1151573.622], [2527373.352, 1151568.623], [2527368.632, 1151562.863], [2527368.322, 1151562.493], [2527369.972, 1151560.623], [2527375.732, 1151554.613], [2527382.022, 1151547.5929999999], [2527386.251, 1151540.113], [2527386.611, 1151539.823], [2527388.681, 1151541.403], [2527389.5609999998, 1151540.773], [2527396.931, 1151549.534], [2527399.891, 1151567.914], [2527399.4365699464, 1151566.9965264963], [2527398.834171567, 1151566.168649394], [2527398.101, 1151565.454], [2527397.3891094015, 1151564.9749286654], [2527396.613215299, 1151564.608478247], [2527395.791, 1151564.363], [2527386.741, 1151570.453], [2527367.282, 1151583.5929999999], [2527345.082, 1151606.302], [2527336.292, 1151615.221], [2527301.022, 1151651.12], [2527285.113, 1151667.27], [2527283.263, 1151669.15], [2527284.273, 1151670.15], [2527283.323, 1151671.13], [2527282.303, 1151670.12], [2527277.143, 1151675.409], [2527273.873, 1151678.599], [2527269.37694194, 1151682.5420479216], [2527264.653, 1151686.209], [2527257.8048325675, 1151690.7881022352], [2527250.603, 1151694.788]]]}, "properties": {"OBJECTID": 52024395, "EGRID": "CH738388458450", "NUMERO": "DP 37", "NO_COM_FED": 5642, "GENRE_TXT": "DP communal", "SUPERFICIE_MO": 2798, "SUPERFICIE_RF": null}}, {"type": "Feature", "id": 52024570, "geometry": {"type": "Polygon", "coordinates": [[[2527189.268, 1151072.656], [2527210.06, 1151086.644], [2527184.634, 1151124.537], [2527169.265, 1151102.336], [2527189.268, 1151072.656]]]}, "properties": {"OBJECTID": 52024570, "EGRID": "CH138388453908", "NUMERO": "775", "NO_COM_FED": 5642, "GENRE_TXT": "parcelle priv\u00e9e", "SUPERFICIE_MO": 1022, "SUPERFICIE_RF": 1018}}, {"type": "Feature", "id": 52026326, "geometry": {"type": "Polygon", "coordinates": [[[2526375.319, 1151382.456], [2526339.089, 1151352.555], [2526341.209, 1151350.065], [2526364.31, 1151321.985], [2526398.629, 1151346.115], [2526399.1816844875, 1151346.583708627], [2526399.6594628226, 1151347.128571712], [2526400.051953822, 1151347.7377504501], [2526400.3506294256, 1151348.3980085836], [2526400.549, 1151349.095], [2526400.6438791933, 1151349.8282556697], [2526400.6277073678, 1151350.5674473976], [2526400.500850389, 1151351.2958519869], [2526400.266178221, 1151351.9969902844], [2526399.929, 1151352.655], [2526375.319, 1151382.456]]]}, "properties": {"OBJECTID": 52026326, "EGRID": "CH938388454917", "NUMERO": "2492", "NO_COM_FED": 5642, "GENRE_TXT": "parcelle priv\u00e9e", "SUPERFICIE_MO": 1940, "SUPERFICIE_RF": 1940}}, {"type": "Feature", "id": 52027226, "geometry": {"type": "Polygon", "coordinates": [[[2527386.341, 1151678.123], [2527375.961, 1151759.313], [2527374.801, 1151764.173], [2527373.361, 1151768.673], [2527371.452, 1151773.442], [2527369.182, 1151778.072], [2527349.552, 1151739.892], [2527330.752, 1151703.291], [2527386.341, 1151678.123]]]}, "properties": {"OBJECTID": 52027226, "EGRID": "CH655583884551", "NUMERO": "648", "NO_COM_FED": 5642, "GENRE_TXT": "parcelle priv\u00e9e", "SUPERFICIE_MO": 2750, "SUPERFICIE_RF": 2750}}, {"type": "Feature", "id": 52027413, "geometry": {"type": "Polygon", "coordinates": [[[2526829.618, 1151718], [2526849.283, 1151698.335], [2526861.162, 1151710.214], [2526841.498, 1151729.879], [2526829.618, 1151718]]]}, "properties": {"OBJECTID": 52027413, "EGRID": "CH274508488382", "NUMERO": "4177", "NO_COM_FED": 5642, "GENRE_TXT": "parcelle priv\u00e9e", "SUPERFICIE_MO": 467, "SUPERFICIE_RF": 467}}, {"type": "Feature", "id": 52027830, "geometry": {"type": "Polygon", "coordinates": [[[2526265.798, 1151599.11], [2526287.978, 1151623.34], [2526312.758, 1151650.401], [2526330.247, 1151669.461], [2526326.207, 1151675.331], [2526287.778, 1151633.37], [2526267.598, 1151611.35], [2526244.638, 1151586.17], [2526247.138, 1151583.88], [2526249.718, 1151581.52], [2526265.798, 1151599.11]]]}, "properties": {"OBJECTID": 52027830, "EGRID": "CH308945078390", "NUMERO": "DP 9", "NO_COM_FED": 5642, "GENRE_TXT": "DP communal", "SUPERFICIE_MO": 831, "SUPERFICIE_RF": null}}, {"type": "Feature", "id": 52028188, "geometry": {"type": "Polygon", "coordinates": [[[2526312.748, 1151600.69], [2526337.458, 1151627.7], [2526312.758, 1151650.401], [2526287.978, 1151623.34], [2526312.748, 1151600.69]]]}, "properties": {"OBJECTID": 52028188, "EGRID": "CH698389844593", "NUMERO": "1501", "NO_COM_FED": 5642, "GENRE_TXT": "parcelle priv\u00e9e", "SUPERFICIE_MO": 1230, "SUPERFICIE_RF": 1230}}, {"type": "Feature", "id": 52028209, "geometry": {"type": "Polygon", "coordinates": [[[2526755.719, 1151303.292], [2526759.369, 1151306.132], [2526764.799, 1151309.922], [2526784.069, 1151323.253], [2526787.329, 1151325.403], [2526773.6689999998, 1151345.443], [2526772.239, 1151347.363], [2526744.139, 1151328.492], [2526748.1689999998, 1151319.5320000001], [2526752.629, 1151309.822], [2526755.719, 1151303.292]]]}, "properties": {"OBJECTID": 52028209, "EGRID": "CH714564838875", "NUMERO": "812", "NO_COM_FED": 5642, "GENRE_TXT": "parcelle priv\u00e9e", "SUPERFICIE_MO": 974, "SUPERFICIE_RF": 981}}, {"type": "Feature", "id": 52028685, "geometry": {"type": "Polygon", "coordinates": [[[2526380.447, 1151835.302], [2526385.997, 1151830.912], [2526387.1491583977, 1151831.9281002781], [2526388.438552788, 1151832.7631995876], [2526389.83699317, 1151833.3990401707], [2526391.313905474, 1151833.8217206595], [2526392.837, 1151834.0219999999], [2526394.3864842756, 1151833.9940672002], [2526395.914561226, 1151833.7358761951], [2526397.387205883, 1151833.253176002], [2526398.7716275626, 1151832.5567146786], [2526400.037, 1151831.662], [2526414.947, 1151818.562], [2526433.797, 1151802.501], [2526451.407, 1151787.451], [2526469.477, 1151771.741], [2526486.747, 1151755.881], [2526508.337, 1151735.671], [2526549.457, 1151720.07], [2526550.307, 1151726.72], [2526547.739, 1151727.732], [2526513.967, 1151741.041], [2526491.267, 1151761.511], [2526487.467, 1151764.931], [2526469.207, 1151781.341], [2526466.899, 1151783.317], [2526427.687, 1151816.892], [2526412.237, 1151830.082], [2526402.297, 1151838.552], [2526391.727, 1151847.562], [2526380.447, 1151835.302]]]}, "properties": {"OBJECTID": 52028685, "EGRID": "CH298388984502", "NUMERO": "DP 18", "NO_COM_FED": 5642, "GENRE_TXT": "DP communal", "SUPERFICIE_MO": 1512, "SUPERFICIE_RF": null}}, {"type": "Feature", "id": 52028692, "geometry": {"type": "Polygon", "coordinates": [[[2527319.362, 1151634.431], [2527329.692, 1151647.271], [2527339.732, 1151659.952], [2527313.022, 1151670.981], [2527302.712, 1151651.67], [2527319.362, 1151634.431]]]}, "properties": {"OBJECTID": 52028692, "EGRID": "CH587583458966", "NUMERO": "652", "NO_COM_FED": 5642, "GENRE_TXT": "parcelle priv\u00e9e", "SUPERFICIE_MO": 704, "SUPERFICIE_RF": 704}}, {"type": "Feature", "id": 52029235, "geometry": {"type": "Polygon", "coordinates": [[[2526425.149, 1151465.597], [2526411.869, 1151476.207], [2526386.899, 1151496.227], [2526379.409, 1151486.867], [2526404.259, 1151466.997], [2526395.069, 1151455.3969999999], [2526398.9189999998, 1151450.577], [2526402.099, 1151446.596], [2526406.079, 1151441.646], [2526406.9390000002, 1151442.716], [2526425.149, 1151465.597]]]}, "properties": {"OBJECTID": 52029235, "EGRID": "CH938389458470", "NUMERO": "1784", "NO_COM_FED": 5642, "GENRE_TXT": "parcelle priv\u00e9e", "SUPERFICIE_MO": 874, "SUPERFICIE_RF": 874}}, {"type": "Feature", "id": 52029848, "geometry": {"type": "Polygon", "coordinates": [[[2527427.79, 1151456.701], [2527440.771, 1151452.105], [2527447.761, 1151450.848], [2527454.301, 1151449.686], [2527454.973576928, 1151449.8198845966], [2527455.621, 1151450.046], [2527456.171, 1151450.336], [2527455.911, 1151450.786], [2527455.8642633697, 1151450.8677474472], [2527455.832182289, 1151450.9562785828], [2527455.8157003582, 1151451.0489894436], [2527455.81530236, 1151451.143153127], [2527455.8310000002, 1151451.236], [2527455.8632575725, 1151451.32385495], [2527455.909915041, 1151451.4049852388], [2527455.96962698, 1151451.477051372], [2527456.0406715195, 1151451.5379752312], [2527456.121, 1151451.586], [2527456.2817177363, 1151451.598658219], [2527456.4425456924, 1151451.5874872797], [2527456.599970085, 1151451.5527312448], [2527456.750551493, 1151451.4951494678], [2527456.891, 1151451.416], [2527457.037806459, 1151451.2979016856], [2527457.162353013, 1151451.156524516], [2527457.261, 1151450.996], [2527459.431, 1151452.476], [2527460.8310000002, 1151453.406], [2527461.921, 1151454.216], [2527464.721, 1151456.296], [2527472.341, 1151463.426], [2527477.12, 1151467.726], [2527480.28, 1151470.526], [2527481.14, 1151471.286], [2527475.95, 1151474.826], [2527459.821, 1151486.596], [2527459.491, 1151486.796], [2527426.721, 1151457.205], [2527427.271, 1151456.885], [2527427.79, 1151456.701]]]}, "properties": {"OBJECTID": 52029848, "EGRID": "CH374588848393", "NUMERO": "363", "NO_COM_FED": 5642, "GENRE_TXT": "parcelle priv\u00e9e", "SUPERFICIE_MO": 1015, "SUPERFICIE_RF": 1018}}, {"type": "Feature", "id": 52030641, "geometry": {"type": "Polygon", "coordinates": [[[2527419.681, 1151419.804], [2527421.121, 1151418.394], [2527444.471, 1151383.525], [2527466.491, 1151349.386], [2527486.19, 1151321.567], [2527486.221, 1151318.6469999999], [2527484.221, 1151316.6469999999], [2527499.62, 1151323.547], [2527500.08, 1151323.777], [2527500.62, 1151324.057], [2527499.23, 1151326.557], [2527498.49, 1151331.187], [2527497.98, 1151330.937], [2527487.84, 1151334.047], [2527475.291, 1151351.986], [2527459.201, 1151375.416], [2527441.131, 1151401.705], [2527426.211, 1151423.325], [2527425.611, 1151424.185], [2527407.801, 1151444.634], [2527401.021, 1151438.204], [2527419.681, 1151419.804]]]}, "properties": {"OBJECTID": 52030641, "EGRID": "CH538388458322", "NUMERO": "DP 1063", "NO_COM_FED": 5642, "GENRE_TXT": "DP communal", "SUPERFICIE_MO": 1276, "SUPERFICIE_RF": null}}, {"type": "Feature", "id": 52030968, "geometry": {"type": "Polygon", "coordinates": [[[2527297.043, 1151777.2], [2527291.393, 1151777.14], [2527280.543, 1151754.649], [2527267.923, 1151729.869], [2527286.262, 1151721.57], [2527300.642, 1151750.19], [2527304.422, 1151757.86], [2527296.632, 1151761.26], [2527297.043, 1151777.2]]]}, "properties": {"OBJECTID": 52030968, "EGRID": "CH744583892990", "NUMERO": "642", "NO_COM_FED": 5642, "GENRE_TXT": "parcelle priv\u00e9e", "SUPERFICIE_MO": 928, "SUPERFICIE_RF": 928}}, {"type": "Feature", "id": 52031224, "geometry": {"type": "Polygon", "coordinates": [[[2526521.478, 1151528.047], [2526491.458, 1151490.937], [2526535.519, 1151455.626], [2526542.209, 1151460.126], [2526565.359, 1151476.466], [2526566.555283443, 1151477.4473323072], [2526567.5858191294, 1151478.6015001342], [2526568.425923331, 1151479.900858477], [2526569.0554735996, 1151481.3142846804], [2526569.459390741, 1151482.8079238995], [2526569.628, 1151484.346], [2526569.5564910276, 1151485.8931883713], [2526569.246956588, 1151487.4107831197], [2526568.706820111, 1151488.8623884297], [2526567.9490354555, 1151490.213191082], [2526566.991776241, 1151491.4307953636], [2526565.858, 1151492.486], [2526521.478, 1151528.047]]]}, "properties": {"OBJECTID": 52031224, "EGRID": "CH768983457389", "NUMERO": "1500", "NO_COM_FED": 5642, "GENRE_TXT": "parcelle priv\u00e9e", "SUPERFICIE_MO": 2986, "SUPERFICIE_RF": 2986}}, {"type": "Feature", "id": 52031418, "geometry": {"type": "Polygon", "coordinates": [[[2526809.485, 1151703.207], [2526818.76, 1151712.482], [2526807.71, 1151723.5320000001], [2526805.962, 1151725.105], [2526801.676, 1151720.345], [2526790.292, 1151708.96], [2526785.44, 1151704.591], [2526787.105, 1151702.926], [2526793.304, 1151696.727], [2526797.9, 1151691.622], [2526809.485, 1151703.207]]]}, "properties": {"OBJECTID": 52031418, "EGRID": "CH154883084568", "NUMERO": "4175", "NO_COM_FED": 5642, "GENRE_TXT": "parcelle priv\u00e9e", "SUPERFICIE_MO": 517, "SUPERFICIE_RF": 517}}, {"type": "Feature", "id": 52031489, "geometry": {"type": "Polygon", "coordinates": [[[2526800.399, 1151300.613], [2526797.559, 1151298.513], [2526798.9390000002, 1151296.373], [2526801.289, 1151293.224], [2526804.839, 1151288.174], [2526812.979, 1151276.514], [2526827.398, 1151286.624], [2526813.349, 1151306.434], [2526811.739, 1151308.614], [2526800.399, 1151300.613]]]}, "properties": {"OBJECTID": 52031489, "EGRID": "CH574588478339", "NUMERO": "822", "NO_COM_FED": 5642, "GENRE_TXT": "parcelle priv\u00e9e", "SUPERFICIE_MO": 473, "SUPERFICIE_RF": 469}}, {"type": "Feature", "id": 52031622, "geometry": {"type": "Polygon", "coordinates": [[[2527161.674, 1151698.015], [2527158.984, 1151693.325], [2527154.494, 1151685.525], [2527142.0439999998, 1151663.875], [2527138.774, 1151658.195], [2527149.264, 1151654.585], [2527172.664, 1151646.536], [2527188.034, 1151643.286], [2527201.954, 1151640.447], [2527215.523, 1151694.257], [2527203.663, 1151695.6469999999], [2527191.514, 1151696.446], [2527161.674, 1151698.015]]]}, "properties": {"OBJECTID": 52031622, "EGRID": "CH474589878341", "NUMERO": "2020", "NO_COM_FED": 5642, "GENRE_TXT": "parcelle priv\u00e9e", "SUPERFICIE_MO": 3022, "SUPERFICIE_RF": 3022}}, {"type": "Feature", "id": 52032806, "geometry": {"type": "Polygon", "coordinates": [[[2526389.707, 1151734.071], [2526368.087, 1151710.441], [2526392.587, 1151687.881], [2526396.877, 1151692.551], [2526414.227, 1151711.491], [2526389.707, 1151734.071]]]}, "properties": {"OBJECTID": 52032806, "EGRID": "CH588583458888", "NUMERO": "1465", "NO_COM_FED": 5642, "GENRE_TXT": "parcelle priv\u00e9e", "SUPERFICIE_MO": 1067, "SUPERFICIE_RF": 1067}}, {"type": "Feature", "id": 52032911, "geometry": {"type": "Polygon", "coordinates": [[[2527087.516, 1151838.692], [2527088.226, 1151836.412], [2527090.616, 1151819.222], [2527087.716, 1151802.102], [2527082.105, 1151790.042], [2527105.215, 1151792.823], [2527114.535, 1151800.293], [2527121.935, 1151801.124], [2527124.405, 1151801.404], [2527124.355, 1151801.874], [2527135.155, 1151803.064], [2527134.845, 1151805.454], [2527130.275, 1151841.494], [2527129.565, 1151841.444], [2527093.156, 1151839.062], [2527087.516, 1151838.692]]]}, "properties": {"OBJECTID": 52032911, "EGRID": "CH754583884593", "NUMERO": "1559", "NO_COM_FED": 5642, "GENRE_TXT": "parcelle priv\u00e9e", "SUPERFICIE_MO": 1934, "SUPERFICIE_RF": 1934}}, {"type": "Feature", "id": 52033226, "geometry": {"type": "Polygon", "coordinates": [[[2526957.087, 1151723.538], [2526969.417, 1151736.449], [2526953.767, 1151751.388], [2526941.427, 1151738.458], [2526957.087, 1151723.538]]]}, "properties": {"OBJECTID": 52033226, "EGRID": "CH898388204532", "NUMERO": "3132", "NO_COM_FED": 5642, "GENRE_TXT": "parcelle priv\u00e9e", "SUPERFICIE_MO": 386, "SUPERFICIE_RF": 386}}, {"type": "Feature", "id": 52033427, "geometry": {"type": "Polygon", "coordinates": [[[2527399.891, 1151567.914], [2527396.931, 1151549.534], [2527417.641, 1151563.194], [2527413.761, 1151576.884], [2527410.451, 1151591.034], [2527408.951, 1151601.504], [2527406.411, 1151623.614], [2527405.751, 1151631.944], [2527403.691, 1151647.464], [2527399.901, 1151676.874], [2527386.8109999998, 1151674.563], [2527391.431, 1151638.863], [2527394.351, 1151615.933], [2527396.281, 1151601.143], [2527394.981, 1151597.583], [2527396.981, 1151595.464], [2527400.261, 1151570.924], [2527400.3079868783, 1151569.9045766923], [2527400.1834798073, 1151568.891694845], [2527399.891, 1151567.914]]]}, "properties": {"OBJECTID": 52033427, "EGRID": "CH314584838831", "NUMERO": "DP 35", "NO_COM_FED": 5642, "GENRE_TXT": "DP communal", "SUPERFICIE_MO": 1656, "SUPERFICIE_RF": null}}, {"type": "Feature", "id": 52033801, "geometry": {"type": "Polygon", "coordinates": [[[2526771.079, 1151411.823], [2526774.879, 1151414.363], [2526773.6689999998, 1151416.463], [2526761.409, 1151435.704], [2526751.4189999998, 1151429.164], [2526747.9189999998, 1151427.024], [2526738.1689999998, 1151421.274], [2526750.799, 1151401.543], [2526752.1689999998, 1151399.503], [2526771.079, 1151411.823]]]}, "properties": {"OBJECTID": 52033801, "EGRID": "CH774589738378", "NUMERO": "796", "NO_COM_FED": 5642, "GENRE_TXT": "parcelle priv\u00e9e", "SUPERFICIE_MO": 695, "SUPERFICIE_RF": 696}}, {"type": "Feature", "id": 52035535, "geometry": {"type": "Polygon", "coordinates": [[[2527434.491, 1151704.355], [2527435.301, 1151707.295], [2527437.231, 1151716.685], [2527441.171, 1151730.725], [2527416.691, 1151737.064], [2527414.8109999998, 1151730.104], [2527408.911, 1151708.634], [2527433.741, 1151701.685], [2527434.491, 1151704.355]]]}, "properties": {"OBJECTID": 52035535, "EGRID": "CH998388364547", "NUMERO": "663", "NO_COM_FED": 5642, "GENRE_TXT": "parcelle priv\u00e9e", "SUPERFICIE_MO": 756, "SUPERFICIE_RF": 756}}, {"type": "Feature", "id": 52035980, "geometry": {"type": "Polygon", "coordinates": [[[2526396.877, 1151692.551], [2526421.557, 1151669.85], [2526445.697, 1151696.22], [2526421.027, 1151718.921], [2526414.227, 1151711.491], [2526396.877, 1151692.551]]]}, "properties": {"OBJECTID": 52035980, "EGRID": "CH798388844568", "NUMERO": "2494", "NO_COM_FED": 5642, "GENRE_TXT": "parcelle priv\u00e9e", "SUPERFICIE_MO": 1199, "SUPERFICIE_RF": 1199}}, {"type": "Feature", "id": 52036133, "geometry": {"type": "Polygon", "coordinates": [[[2526809.485, 1151703.207], [2526817.511, 1151695.181], [2526841.624, 1151671.069], [2526859.086, 1151688.5320000001], [2526849.283, 1151698.335], [2526829.618, 1151718], [2526826.948, 1151720.67], [2526818.76, 1151712.482], [2526809.485, 1151703.207]]]}, "properties": {"OBJECTID": 52036133, "EGRID": "CH300845488320", "NUMERO": "4186", "NO_COM_FED": 5642, "GENRE_TXT": "parcelle priv\u00e9e", "SUPERFICIE_MO": 1122, "SUPERFICIE_RF": 1122}}, {"type": "Feature", "id": 52036830, "geometry": {"type": "Polygon", "coordinates": [[[2527083.135, 1151564.143], [2527060.675, 1151575.222], [2527039.516, 1151588.261], [2527019.026, 1151602.691], [2526999.246, 1151617.76], [2526980.1859999998, 1151634.129], [2526962.316, 1151651.479], [2526956.387, 1151656.409], [2526945.592, 1151652.318], [2526954.077, 1151643.758], [2526956.817, 1151641.149], [2526965.6720703035, 1151632.7669349555], [2526974.716, 1151624.589], [2526983.7276338506, 1151616.6173166386], [2526992.916, 1151608.85], [2527005.5295871417, 1151598.962238964], [2527018.433440478, 1151589.4564003393], [2527031.616, 1151580.341], [2527043.2970862016, 1151572.6379447533], [2527055.175, 1151565.242], [2527067.1296332576, 1151558.1212120526], [2527079.265, 1151551.313], [2527083.135, 1151564.143]]]}, "properties": {"OBJECTID": 52036830, "EGRID": "CH438389457555", "NUMERO": "DP 1076", "NO_COM_FED": 5642, "GENRE_TXT": "DP communal", "SUPERFICIE_MO": 1839, "SUPERFICIE_RF": null}}, {"type": "Feature", "id": 52037255, "geometry": {"type": "Polygon", "coordinates": [[[2526809.739, 1151340.794], [2526804.809, 1151337.404], [2526787.329, 1151325.403], [2526784.069, 1151323.253], [2526798.949, 1151302.653], [2526800.399, 1151300.613], [2526811.739, 1151308.614], [2526825.608, 1151318.454], [2526824.129, 1151320.594], [2526809.739, 1151340.794]]]}, "properties": {"OBJECTID": 52037255, "EGRID": "CH214584838964", "NUMERO": "816", "NO_COM_FED": 5642, "GENRE_TXT": "parcelle priv\u00e9e", "SUPERFICIE_MO": 856, "SUPERFICIE_RF": 847}}, {"type": "Feature", "id": 52037366, "geometry": {"type": "Polygon", "coordinates": [[[2526440.299, 1151377.775], [2526446.369, 1151366.605], [2526466.979, 1151379.045], [2526489.199, 1151413.205], [2526496.269, 1151429.096], [2526461.089, 1151402.475], [2526458.619, 1151391.865], [2526440.299, 1151377.775]]]}, "properties": {"OBJECTID": 52037366, "EGRID": "CH608945848348", "NUMERO": "DP 12", "NO_COM_FED": 5642, "GENRE_TXT": "DP communal", "SUPERFICIE_MO": 936, "SUPERFICIE_RF": null}}, {"type": "Feature", "id": 52038764, "geometry": {"type": "Polygon", "coordinates": [[[2526713.026, 1151678.192], [2526736.855, 1151669.056], [2526745.985, 1151664.7719999999], [2526762.448, 1151681.235], [2526754.603, 1151689.08], [2526731.77, 1151711.912], [2526729.508, 1151709.649], [2526720.22, 1151700.357], [2526720.865, 1151699.712], [2526703.137, 1151681.984], [2526713.026, 1151678.192]]]}, "properties": {"OBJECTID": 52038764, "EGRID": "CH238308454806", "NUMERO": "4187", "NO_COM_FED": 5642, "GENRE_TXT": "parcelle priv\u00e9e", "SUPERFICIE_MO": 1375, "SUPERFICIE_RF": 1375}}, {"type": "Feature", "id": 52038968, "geometry": {"type": "Polygon", "coordinates": [[[2526681.451, 1151731.398], [2526666.2060000002, 1151716.153], [2526664.536, 1151714.484], [2526663.7166987876, 1151713.776276166], [2526662.8036281024, 1151713.1945292922], [2526661.816, 1151712.751], [2526658.757, 1151711.638], [2526657.886404774, 1151711.246825325], [2526657.08173479, 1151710.7335418852], [2526656.36, 1151710.109], [2526652.754, 1151706.502], [2526655.358, 1151704.899], [2526662.576, 1151697.684], [2526675.895, 1151711.003], [2526676.622577615, 1151711.6307032483], [2526677.434047905, 1151712.1453842393], [2526678.312, 1151712.536], [2526681.292, 1151713.621], [2526682.3076714175, 1151714.0513412275], [2526683.2402160745, 1151714.6405291967], [2526684.065, 1151715.373], [2526695.068, 1151726.375], [2526692.961, 1151728.484], [2526706.676, 1151742.198], [2526705.465, 1151743.41], [2526714.65, 1151752.598], [2526715.4197979267, 1151753.2630652024], [2526716.2778340555, 1151753.809576477], [2526717.2060000002, 1151754.226], [2526720.264, 1151755.34], [2526721.1921659447, 1151755.756423523], [2526722.0502020735, 1151756.3029347975], [2526722.82, 1151756.9679999999], [2526727.961, 1151762.109], [2526726.728, 1151763.341], [2526720.386, 1151769.682], [2526719.512813586, 1151768.8802762732], [2526718.5254534977, 1151768.2242766507], [2526717.448, 1151767.73], [2526714.39, 1151766.61], [2526713.5211264915, 1151766.2239074889], [2526712.7180397823, 1151765.7149277849], [2526711.998, 1151765.094], [2526706.466, 1151759.561], [2526708.038, 1151757.989], [2526692.949, 1151742.899], [2526691.05, 1151744.798], [2526687.3140000002, 1151741.062], [2526686.6914088265, 1151740.3420162161], [2526686.179803745, 1151739.5393602129], [2526685.79, 1151738.671], [2526684.677, 1151735.612], [2526684.2334707077, 1151734.6243718977], [2526683.6517238338, 1151733.7113012127], [2526682.944, 1151732.892], [2526681.451, 1151731.398]]]}, "properties": {"OBJECTID": 52038968, "EGRID": "CH244583084896", "NUMERO": "4188", "NO_COM_FED": 5642, "GENRE_TXT": "parcelle priv\u00e9e", "SUPERFICIE_MO": 1060, "SUPERFICIE_RF": 1060}}, {"type": "Feature", "id": 52039174, "geometry": {"type": "Polygon", "coordinates": [[[2527358.612, 1151294.832], [2527371.402, 1151278.833], [2527374.282, 1151275.293], [2527375.222, 1151274.073], [2527376.822, 1151272.043], [2527387.142, 1151276.633], [2527408.351, 1151285.314], [2527408.572, 1151285.403], [2527408.8858104004, 1151285.5817180553], [2527409.1669770125, 1151285.8083509016], [2527409.408252889, 1151286.0770571763], [2527409.6034192494, 1151286.3809110923], [2527409.747445767, 1151286.7120809474], [2527409.8366202195, 1151287.0620309832], [2527409.8686441756, 1151287.4217413901], [2527409.8426922313, 1151287.7819407894], [2527409.7594332867, 1151288.1333451986], [2527409.6210133047, 1151288.4668973223], [2527409.431, 1151288.774], [2527387.942, 1151316.8530000001], [2527358.612, 1151294.832]]]}, "properties": {"OBJECTID": 52039174, "EGRID": "CH157683884542", "NUMERO": "711", "NO_COM_FED": 5642, "GENRE_TXT": "parcelle priv\u00e9e", "SUPERFICIE_MO": 1218, "SUPERFICIE_RF": 1226}}, {"type": "Feature", "id": 52039248, "geometry": {"type": "Polygon", "coordinates": [[[2527249.164, 1151169.579], [2527231.364, 1151184.018], [2527231.104, 1151183.788], [2527227.304, 1151179.148], [2527216.5640000002, 1151167.298], [2527231.014, 1151145.668], [2527249.164, 1151169.579]]]}, "properties": {"OBJECTID": 52039248, "EGRID": "CH844583889194", "NUMERO": "778", "NO_COM_FED": 5642, "GENRE_TXT": "parcelle priv\u00e9e", "SUPERFICIE_MO": 623, "SUPERFICIE_RF": 608}}, {"type": "Feature", "id": 52039641, "geometry": {"type": "Polygon", "coordinates": [[[2527420.133, 1151449.557], [2527420.053, 1151449.621], [2527419.301, 1151450.224], [2527419.441, 1151450.454], [2527419.611, 1151450.744], [2527419.991, 1151451.034], [2527416.221, 1151455.174], [2527422.691, 1151459.754], [2527425.991, 1151457.175], [2527426.241, 1151457.415], [2527426.721, 1151457.205], [2527459.491, 1151486.796], [2527459.121, 1151489.006], [2527458.711, 1151490.906], [2527475.1, 1151505.356], [2527563.009, 1151582.882], [2527570.208, 1151589.23], [2527649.203, 1151658.896], [2527654.992, 1151663.738], [2527671.853, 1151677.509], [2527702.4, 1151702.33], [2527702.864, 1151701.759], [2527716.869, 1151712.605], [2527723.062, 1151717.401], [2527755.6890000002, 1151743.659], [2527758.677, 1151745.906], [2527743.087, 1151764.625], [2527742.634140428, 1151765.124575543], [2527742.1111060292, 1151765.5501252257], [2527741.529865867, 1151765.891910814], [2527740.9037209796, 1151766.142110923], [2527740.247, 1151766.295], [2527739.584621944, 1151766.3467652116], [2527738.92190631, 1151766.299517826], [2527738.273571374, 1151766.154307162], [2527737.6540160286, 1151765.9143582084], [2527737.077, 1151765.585], [2527716.437, 1151752.334], [2527692.238, 1151736.793], [2527688.388, 1151734.733], [2527684.278, 1151733.293], [2527647.008, 1151723.152], [2527641.308, 1151721.502], [2527628.628, 1151718.041], [2527622.718, 1151716.781], [2527615.298, 1151715.601], [2527611.099, 1151715.111], [2527603.129, 1151707.42], [2527564.949, 1151667.949], [2527522.7, 1151625.748], [2527507.52, 1151611.707], [2527506.07, 1151613.187], [2527483.71, 1151591.356], [2527461.281, 1151571.446], [2527462.681, 1151570.026], [2527466.19, 1151566.466], [2527465.08, 1151565.326], [2527459.051, 1151559.946], [2527437.691, 1151538.265], [2527437.021, 1151537.725], [2527421.3310000002, 1151521.794], [2527433.121, 1151512.375], [2527415.931, 1151494.994], [2527407.181, 1151483.594], [2527397.841, 1151474.394], [2527369.492, 1151446.483], [2527353.832, 1151430.872], [2527335.452, 1151412.362], [2527316.502, 1151393.121], [2527296.103, 1151372.19], [2527258.043, 1151332.209], [2527251.203, 1151324.869], [2527232.704, 1151304.458], [2527220.344, 1151290.398], [2527212.364, 1151281.077], [2527194.744, 1151259.887], [2527184.5439999998, 1151247.387], [2527172.304, 1151232.226], [2527154.705, 1151209.246], [2527144.535, 1151194.715], [2527115.145, 1151150.444], [2527092.395, 1151114.214], [2527078.886, 1151092.613], [2527059.496, 1151061.222], [2527045.586, 1151041.412], [2527036.396, 1151029.382], [2527025.606, 1151010.321], [2527013.767, 1150985.691], [2527015.487, 1150979.711], [2527026.816, 1150981.741], [2527040.266, 1150989.462], [2527044.196, 1150993.952], [2527046.316, 1151000.7719999999], [2527051.196, 1151000.812], [2527075.6689999998, 1151042.876], [2527094.746, 1151075.664], [2527089.026, 1151083.823], [2527090.106, 1151085.863], [2527102.565, 1151106.494], [2527110.535, 1151119.664], [2527116.985, 1151128.094], [2527127.355, 1151142.025], [2527132.635, 1151149.135], [2527139.625, 1151158.155], [2527146.475, 1151167.295], [2527156.985, 1151181.296], [2527159.095, 1151184.006], [2527172.374, 1151201.306], [2527176.494, 1151206.756], [2527181.194, 1151213.126], [2527182.584, 1151212.057], [2527183.444, 1151213.1469999999], [2527191.474, 1151223.267], [2527201.5439999998, 1151235.677], [2527206.624, 1151241.837], [2527211.734, 1151247.987], [2527216.894, 1151254.098], [2527222.0640000002, 1151260.178], [2527227.2939999998, 1151266.258], [2527231.864, 1151271.538], [2527232.484, 1151272.248], [2527237.764, 1151278.268], [2527243.053, 1151284.249], [2527248.393, 1151290.229], [2527253.743, 1151296.209], [2527259.053, 1151302.109], [2527264.493, 1151308.049], [2527268.373, 1151312.269], [2527269.863, 1151313.899], [2527275.293, 1151319.77], [2527280.733, 1151325.64], [2527286.203, 1151331.48], [2527291.783, 1151337.24], [2527303.123, 1151348.621], [2527309.983, 1151355.501], [2527320.022, 1151365.521], [2527324.342, 1151369.751], [2527340.442, 1151384.332], [2527348.282, 1151391.412], [2527354.232, 1151396.742], [2527363.402, 1151404.863], [2527363.332, 1151404.943], [2527383.762, 1151422.923], [2527384.292, 1151423.233], [2527401.021, 1151438.204], [2527407.801, 1151444.634], [2527419.951, 1151449.39], [2527420.133, 1151449.557]]]}, "properties": {"OBJECTID": 52039641, "EGRID": "CH638393454578", "NUMERO": "4121", "NO_COM_FED": 5642, "GENRE_TXT": "parcelle priv\u00e9e", "SUPERFICIE_MO": 36046, "SUPERFICIE_RF": 36126}}, {"type": "Feature", "id": 52039919, "geometry": {"type": "Polygon", "coordinates": [[[2527108.695, 1151760.993], [2527124.035, 1151762.634], [2527128.535, 1151763.094], [2527124.405, 1151801.404], [2527121.935, 1151801.124], [2527114.535, 1151800.293], [2527105.215, 1151792.823], [2527108.695, 1151760.993]]]}, "properties": {"OBJECTID": 52039919, "EGRID": "CH728973834529", "NUMERO": "686", "NO_COM_FED": 5642, "GENRE_TXT": "parcelle priv\u00e9e", "SUPERFICIE_MO": 736, "SUPERFICIE_RF": 736}}, {"type": "Feature", "id": 52040001, "geometry": {"type": "Polygon", "coordinates": [[[2527441.131, 1151401.705], [2527443.211, 1151403.135], [2527456.601, 1151412.336], [2527457.3310000002, 1151411.256], [2527465.381, 1151416.786], [2527474.661, 1151423.156], [2527471.0609999998, 1151426.496], [2527468.201, 1151424.396], [2527455.991, 1151438.646], [2527455.0127886618, 1151439.437149487], [2527453.941, 1151440.096], [2527452.79453887, 1151440.611798458], [2527451.591, 1151440.975], [2527450.891, 1151440.265], [2527426.211, 1151423.325], [2527441.131, 1151401.705]]]}, "properties": {"OBJECTID": 52040001, "EGRID": "CH858783884589", "NUMERO": "3236", "NO_COM_FED": 5642, "GENRE_TXT": "parcelle priv\u00e9e", "SUPERFICIE_MO": 934, "SUPERFICIE_RF": 933}}, {"type": "Feature", "id": 52041615, "geometry": {"type": "Polygon", "coordinates": [[[2526776.469, 1151350.333], [2526772.239, 1151347.363], [2526773.6689999998, 1151345.443], [2526787.329, 1151325.403], [2526804.809, 1151337.404], [2526791.109, 1151357.413], [2526789.819, 1151359.383], [2526776.469, 1151350.333]]]}, "properties": {"OBJECTID": 52041615, "EGRID": "CH298388294515", "NUMERO": "811", "NO_COM_FED": 5642, "GENRE_TXT": "parcelle priv\u00e9e", "SUPERFICIE_MO": 565, "SUPERFICIE_RF": 574}}, {"type": "Feature", "id": 52041814, "geometry": {"type": "Polygon", "coordinates": [[[2527395.551, 1151502.764], [2527388.711, 1151496.333], [2527390.231, 1151489.783], [2527397.371, 1151497.144], [2527395.841, 1151498.734], [2527395.551, 1151502.764]]]}, "properties": {"OBJECTID": 52041814, "EGRID": "CH888483458813", "NUMERO": "DP 1079", "NO_COM_FED": 5642, "GENRE_TXT": "DP cantonal", "SUPERFICIE_MO": 51, "SUPERFICIE_RF": null}}, {"type": "Feature", "id": 52042504, "geometry": {"type": "Polygon", "coordinates": [[[2526786.649, 1150993.213], [2526730.165, 1151010.903], [2526720.1898317994, 1151011.9843474552], [2526710.180093218, 1151012.6760312635], [2526700.151, 1151012.977], [2526691.1065061963, 1151012.6020345674], [2526682.095, 1151011.744], [2526679.1973273414, 1151011.14309273], [2526676.415, 1151010.135], [2526668.431, 1150988.899], [2526676.101, 1150948.04], [2526689.451, 1150933.52], [2526712.86, 1150929.541], [2526740.95, 1150946.292], [2526786.649, 1150993.213]]]}, "properties": {"OBJECTID": 52042504, "EGRID": "CH544583892763", "NUMERO": "1516", "NO_COM_FED": 5642, "GENRE_TXT": "parcelle priv\u00e9e", "SUPERFICIE_MO": 6530, "SUPERFICIE_RF": 6496}}, {"type": "Feature", "id": 52042649, "geometry": {"type": "Polygon", "coordinates": [[[2526802.037, 1151172.467], [2526816.232, 1151172.052], [2526852.768, 1151138.665], [2526814.9189999998, 1151186.564], [2526802.037, 1151172.467]]]}, "properties": {"OBJECTID": 52042649, "EGRID": "CH929473834520", "NUMERO": "4122", "NO_COM_FED": 5642, "GENRE_TXT": "parcelle priv\u00e9e", "SUPERFICIE_MO": 346, "SUPERFICIE_RF": 345}}, {"type": "Feature", "id": 52043319, "geometry": {"type": "Polygon", "coordinates": [[[2527522.7, 1151625.748], [2527497.19, 1151645.357], [2527492.17, 1151637.607], [2527447.621, 1151594.465], [2527447.018103761, 1151593.534567017], [2527446.5838092538, 1151592.5144799172], [2527446.3310000002, 1151591.435], [2527436.911, 1151582.325], [2527417.641, 1151563.194], [2527417.421, 1151524.904], [2527462.681, 1151570.026], [2527461.281, 1151571.446], [2527483.71, 1151591.356], [2527506.07, 1151613.187], [2527507.52, 1151611.707], [2527522.7, 1151625.748]]]}, "properties": {"OBJECTID": 52043319, "EGRID": "CH674588828394", "NUMERO": "DP 1061", "NO_COM_FED": 5642, "GENRE_TXT": "DP cantonal", "SUPERFICIE_MO": 3561, "SUPERFICIE_RF": null}}, {"type": "Feature", "id": 52044111, "geometry": {"type": "Polygon", "coordinates": [[[2526677.219, 1151409.664], [2526669.539, 1151404.174], [2526656.679, 1151395.394], [2526667.4390000002, 1151380.903], [2526687.9390000002, 1151394.143], [2526679.299, 1151406.804], [2526677.219, 1151409.664]]]}, "properties": {"OBJECTID": 52044111, "EGRID": "CH228829834540", "NUMERO": "1259", "NO_COM_FED": 5642, "GENRE_TXT": "parcelle priv\u00e9e", "SUPERFICIE_MO": 455, "SUPERFICIE_RF": 436}}, {"type": "Feature", "id": 52044852, "geometry": {"type": "Polygon", "coordinates": [[[2527570.612, 1151490.537], [2527580.045, 1151498.856], [2527576.249, 1151501.46], [2527573.749, 1151503.17], [2527575.329, 1151505.14], [2527573.389, 1151505.15], [2527570.679, 1151505.189], [2527566.499, 1151508.059], [2527565.308, 1151508.893], [2527557.059, 1151514.669], [2527552.639, 1151517.819], [2527543.16, 1151508.579], [2527531.508, 1151521.781], [2527529.26, 1151524.328], [2527494.03, 1151493.247], [2527490.03, 1151496.327], [2527488.67, 1151494.567], [2527528.79, 1151453.988], [2527528.2218260258, 1151454.6721111014], [2527527.7580561624, 1151455.4308911606], [2527527.4083523136, 1151456.2485322081], [2527527.18, 1151457.108], [2527527.1197521742, 1151458.0269512055], [2527527.2120442996, 1151458.9432389783], [2527527.4543434842, 1151459.8317164532], [2527527.84, 1151460.668], [2527528.2310877657, 1151461.2911214468], [2527528.7, 1151461.858], [2527552.36, 1151487.659], [2527558.899, 1151494.669], [2527559.2829885636, 1151495.0543731905], [2527559.7233943455, 1151495.3737514296], [2527560.209, 1151495.619], [2527560.6656226935, 1151495.768648398], [2527561.1387626156, 1151495.8525384553], [2527561.619, 1151495.869], [2527562.2455210607, 1151495.7701004425], [2527562.859, 1151495.609], [2527563.6375986706, 1151495.3041887216], [2527564.369, 1151494.899], [2527570.612, 1151490.537]]]}, "properties": {"OBJECTID": 52044852, "EGRID": "CH344583002611", "NUMERO": "DP 1053", "NO_COM_FED": 5642, "GENRE_TXT": "DP communal", "SUPERFICIE_MO": 2661, "SUPERFICIE_RF": null}}, {"type": "Feature", "id": 52045434, "geometry": {"type": "Polygon", "coordinates": [[[2526425.149, 1151465.597], [2526406.9390000002, 1151442.716], [2526406.079, 1151441.646], [2526411.119, 1151435.336], [2526416.249, 1151426.856], [2526431.109, 1151445.416], [2526455.9189999998, 1151425.576], [2526463.449, 1151434.966], [2526438.409, 1151454.956], [2526425.149, 1151465.597]]]}, "properties": {"OBJECTID": 52045434, "EGRID": "CH308845218375", "NUMERO": "1785", "NO_COM_FED": 5642, "GENRE_TXT": "parcelle priv\u00e9e", "SUPERFICIE_MO": 948, "SUPERFICIE_RF": 948}}, {"type": "Feature", "id": 52045471, "geometry": {"type": "Polygon", "coordinates": [[[2526681.451, 1151731.398], [2526666.772, 1151746.078], [2526651.526, 1151730.833], [2526666.2060000002, 1151716.153], [2526681.451, 1151731.398]]]}, "properties": {"OBJECTID": 52045471, "EGRID": "CH214548830881", "NUMERO": "4183", "NO_COM_FED": 5642, "GENRE_TXT": "parcelle priv\u00e9e", "SUPERFICIE_MO": 448, "SUPERFICIE_RF": 448}}, {"type": "Feature", "id": 52045818, "geometry": {"type": "Polygon", "coordinates": [[[2526884.11, 1151714.771], [2526886.9951714133, 1151711.213777019], [2526889.691, 1151707.511], [2526891.087032809, 1151705.2659365507], [2526892.112, 1151702.829], [2526892.6599267535, 1151700.470395516], [2526892.993, 1151698.072], [2526892.8887013705, 1151696.3431500406], [2526892.5727721704, 1151694.6402145966], [2526892.05, 1151692.989], [2526890.936170354, 1151690.8619828166], [2526890.14294262, 1151688.595794753], [2526889.687124965, 1151686.238455396], [2526889.578375976, 1151683.839915791], [2526889.819, 1151681.451], [2526887.752, 1151679.161], [2526839.373, 1151639.79], [2526847.467, 1151629.726], [2526886.924, 1151661.836], [2526892.4458864215, 1151664.5889463918], [2526898.0810000002, 1151667.102], [2526900.1177874245, 1151667.8159414816], [2526902.233, 1151668.245], [2526904.9306662977, 1151667.8316616544], [2526907.659563976, 1151667.8686684777], [2526910.345029663, 1151668.355007953], [2526912.913588299, 1151669.2773737023], [2526915.2949634315, 1151670.6105295517], [2526917.424, 1151672.318], [2526918.3667092337, 1151672.23004709], [2526919.289, 1151672.016], [2526923.3300506896, 1151670.2569744682], [2526927.149, 1151668.057], [2526931.91770198, 1151664.6295996422], [2526936.4445640165, 1151660.8885955138], [2526940.709, 1151656.851], [2526884.11, 1151714.771]]]}, "properties": {"OBJECTID": 52045818, "EGRID": "CH328821834578", "NUMERO": "DP 26", "NO_COM_FED": 5642, "GENRE_TXT": "DP communal", "SUPERFICIE_MO": 1553, "SUPERFICIE_RF": null}}, {"type": "Feature", "id": 52048969, "geometry": {"type": "Polygon", "coordinates": [[[2527056.506, 1151755.452], [2527108.695, 1151760.993], [2527105.215, 1151792.823], [2527082.105, 1151790.042], [2527056.506, 1151755.452]]]}, "properties": {"OBJECTID": 52048969, "EGRID": "CH554683884537", "NUMERO": "734", "NO_COM_FED": 5642, "GENRE_TXT": "parcelle priv\u00e9e", "SUPERFICIE_MO": 1204, "SUPERFICIE_RF": 1204}}, {"type": "Feature", "id": 52049499, "geometry": {"type": "Polygon", "coordinates": [[[2526445.697, 1151696.22], [2526421.557, 1151669.85], [2526401.378, 1151647.9], [2526400.592906588, 1151647.2656069011], [2526399.722434446, 1151646.7546230278], [2526398.7858238313, 1151646.3783427808], [2526397.803776875, 1151646.1450831734], [2526396.798, 1151646.06], [2526395.7211219217, 1151646.136291336], [2526394.669886371, 1151646.3820362852], [2526393.670786107, 1151646.791041696], [2526392.749, 1151647.3530000001], [2526409.158, 1151634.16], [2526408.301144783, 1151635.134977318], [2526407.6244433485, 1151636.2426129994], [2526407.148, 1151637.45], [2526406.8878830546, 1151638.7134428509], [2526406.8474869607, 1151640.00275151], [2526407.028, 1151641.28], [2526408.048, 1151643.81], [2526409.338, 1151646.21], [2526441.877, 1151681.7], [2526447.327, 1151687.66], [2526486.357, 1151730.281], [2526488.5270142867, 1151732.378802152], [2526490.9888797174, 1151734.124927713], [2526493.6861545625, 1151735.479344298], [2526496.557, 1151736.411], [2526499.510365747, 1151736.8958436968], [2526502.5030338224, 1151736.9329978756], [2526505.4675261616, 1151736.5216247914], [2526508.337, 1151735.671], [2526486.747, 1151755.881], [2526487.1689999998, 1151755.47], [2526488.0936108558, 1151754.3683090005], [2526488.850473274, 1151753.145285054], [2526489.4239053414, 1151751.8262687703], [2526489.802025756, 1151750.4385896844], [2526489.977, 1151749.011], [2526489.932502055, 1151747.457315389], [2526489.647560512, 1151745.9293349395], [2526489.1290719784, 1151744.4640412563], [2526488.389585735, 1151743.0968997008], [2526487.447, 1151741.861], [2526469.687, 1151722.441], [2526445.697, 1151696.22]]]}, "properties": {"OBJECTID": 52049499, "EGRID": "CH914598838889", "NUMERO": "DP 17", "NO_COM_FED": 5642, "GENRE_TXT": "DP communal", "SUPERFICIE_MO": 1112, "SUPERFICIE_RF": null}}, {"type": "Feature", "id": 52049793, "geometry": {"type": "Polygon", "coordinates": [[[2527349.182, 1151246.982], [2527354.182, 1151243.222], [2527359.832, 1151251.802], [2527366.482, 1151259.073], [2527372.982, 1151262.793], [2527373.5640000002, 1151261.385], [2527376.249, 1151262.955], [2527379.532, 1151264.648], [2527386.981, 1151268.028], [2527491.338, 1151310.988], [2527491.892603974, 1151311.1672704448], [2527492.468251615, 1151311.258666581], [2527493.0511081186, 1151311.259991843], [2527493.627165427, 1151311.17121438], [2527494.1825788897, 1151310.994467822], [2527494.704, 1151310.734], [2527495.25, 1151310.217], [2527505.31, 1151315.977], [2527503.58, 1151318.137], [2527500.62, 1151324.057], [2527500.08, 1151323.777], [2527499.62, 1151323.547], [2527484.221, 1151316.6469999999], [2527449.481, 1151302.286], [2527434.981, 1151296.345], [2527414.8109999998, 1151287.924], [2527408.572, 1151285.403], [2527408.351, 1151285.314], [2527387.142, 1151276.633], [2527376.822, 1151272.043], [2527372.642, 1151270.083], [2527362.592, 1151264.483], [2527355.802, 1151257.332], [2527354.902, 1151256.352], [2527349.182, 1151246.982]]]}, "properties": {"OBJECTID": 52049793, "EGRID": "CH544583888310", "NUMERO": "DP 1064", "NO_COM_FED": 5642, "GENRE_TXT": "DP communal", "SUPERFICIE_MO": 1335, "SUPERFICIE_RF": null}}, {"type": "Feature", "id": 52050038, "geometry": {"type": "Polygon", "coordinates": [[[2527014.306, 1151730.33], [2527014.726, 1151729.48], [2527018.626, 1151721.581], [2527025.9359999998, 1151713.111], [2527029.806, 1151710.141], [2527033.016, 1151707.671], [2527040.425, 1151702.971], [2527046.855, 1151697.462], [2527055.375, 1151690.2820000001], [2527057.035, 1151688.392], [2527058.435, 1151686.362], [2527059.845, 1151684.012], [2527068.495, 1151671.7719999999], [2527072.865, 1151677.412], [2527064.895, 1151687.442], [2527062.985, 1151689.742], [2527061.535, 1151691.7820000001], [2527055.985, 1151700.712], [2527050.775, 1151702.5320000001], [2527045.345, 1151706.571], [2527038.885, 1151710.791], [2527031.476, 1151716.641], [2527025.816, 1151722.851], [2527021.966, 1151729.251], [2527019.796, 1151733.71], [2527017.766, 1151740.14], [2527017.236, 1151751.56], [2527016.906, 1151756.98], [2527017.126, 1151765.64], [2527017.176, 1151772.43], [2527016.416, 1151779.26], [2527015.356, 1151784.89], [2527011.986, 1151793.39], [2527008.677, 1151801.47], [2527001.997, 1151809.899], [2526995.897, 1151818.059], [2526990.397, 1151822.899], [2526987.747, 1151826.919], [2526986.867, 1151828.269], [2526981.887, 1151835.279], [2526980.297, 1151842.678], [2526977.807, 1151848.9780000001], [2526975.917, 1151859.018], [2526973.678, 1151869.078], [2526975.088, 1151874.738], [2526976.588, 1151881.278], [2526972.798, 1151896.888], [2526970.478, 1151903.2179999999], [2526968.148, 1151903.4780000001], [2526967.038, 1151906.508], [2526963.538, 1151909.527], [2526955.688, 1151913.297], [2526954.418, 1151914.577], [2526953.458, 1151916.318], [2526949.788, 1151916.178], [2526939.718, 1151916.7179999999], [2526930.348, 1151914.2280000001], [2526923.078, 1151911.938], [2526917.088, 1151906.398], [2526910.838, 1151897.528], [2526904.098, 1151890.768], [2526897.298, 1151889.538], [2526894.668, 1151889.068], [2526887.348, 1151890.088], [2526875.658, 1151892.818], [2526866.138, 1151896.328], [2526853.768, 1151906.438], [2526851.658, 1151912.158], [2526850.388, 1151932.278], [2526851.628, 1151936.9780000001], [2526843.708, 1151953.459], [2526832.098, 1151965.249], [2526828.188, 1151978.359], [2526825.398, 1151984.569], [2526821.428, 1151989.619], [2526814.828, 1151993.489], [2526813.618, 1151995.029], [2526812.188, 1151989.889], [2526821.088, 1151987.139], [2526823.078, 1151984.619], [2526825.518, 1151978.969], [2526829.138, 1151964.279], [2526833.598, 1151957.979], [2526842.628, 1151950.969], [2526843.398, 1151949.359], [2526848.778, 1151936.128], [2526848.158, 1151933.778], [2526847.998, 1151913.308], [2526849.728, 1151906.778], [2526851.798, 1151904.588], [2526858.598, 1151898.2280000001], [2526864.688, 1151893.948], [2526874.258, 1151889.258], [2526878.708, 1151889.118], [2526886.348, 1151887.118], [2526893.988, 1151885.818], [2526897.528, 1151886.128], [2526904.598, 1151888.448], [2526911.878, 1151894.878], [2526912.358, 1151894.448], [2526920.048, 1151902.918], [2526919.728, 1151905.168], [2526922.718, 1151907.938], [2526930.028, 1151910.308], [2526941.128, 1151912.638], [2526949.638, 1151912.2280000001], [2526953.298, 1151912.227], [2526954.858, 1151910.697], [2526961.918, 1151907.4070000001], [2526965.338, 1151904.498], [2526966.118, 1151902.788], [2526967.288, 1151902.658], [2526969.848, 1151895.628], [2526972.048, 1151888.898], [2526972.768, 1151881.618], [2526970.778, 1151869.398], [2526972.447, 1151859.328], [2526974.507, 1151848.358], [2526976.257, 1151842.538], [2526979.307, 1151833.808], [2526981.857, 1151828.149], [2526983.057, 1151825.979], [2526985.107, 1151824.449], [2526982.457, 1151821.979], [2526985.097, 1151820.569], [2526990.687, 1151813.559], [2526995.017, 1151808.019], [2526997.727, 1151806.359], [2527001.937, 1151800.669], [2527002.756, 1151798.91], [2527008.886, 1151785.74], [2527010.106, 1151781.63], [2527012.086, 1151776.08], [2527012.126, 1151769.36], [2527010.726, 1151753.95], [2527011.236, 1151745.66], [2527011.536, 1151740.85], [2527012.7060000002, 1151735.72], [2527014.306, 1151730.33]]]}, "properties": {"OBJECTID": 52050038, "EGRID": "CH474588008320", "NUMERO": "DP 27", "NO_COM_FED": 5642, "GENRE_TXT": "DP cantonal", "SUPERFICIE_MO": 2107, "SUPERFICIE_RF": null}}, {"type": "Feature", "id": 52050335, "geometry": {"type": "Polygon", "coordinates": [[[2526973.827, 1151006.68], [2526975.207, 1151010.68], [2526986.237, 1151018.61], [2527007.437, 1151030.321], [2527019.466, 1151038.751], [2527034.856, 1151052.5219999999], [2527048.616, 1151068.882], [2527069.856, 1151099.363], [2527084.326, 1151119.943], [2527096.295, 1151140.624], [2527070.606, 1151169.053], [2527056.856, 1151156.132], [2527052.9560000002, 1151149.622], [2526999.057, 1151100.63], [2526978.487, 1151078.03], [2526967.817, 1151061.969], [2526959.927, 1151043.099], [2526954.107, 1151024.039], [2526957.857, 1151003.869], [2526973.827, 1151006.68]]]}, "properties": {"OBJECTID": 52050335, "EGRID": "CH608845248361", "NUMERO": "1410", "NO_COM_FED": 5642, "GENRE_TXT": "parcelle priv\u00e9e", "SUPERFICIE_MO": 9033, "SUPERFICIE_RF": 9032}}, {"type": "Feature", "id": 52051726, "geometry": {"type": "Polygon", "coordinates": [[[2527192.804, 1151772.776], [2527182.5640000002, 1151769.636], [2527179.204, 1151768.806], [2527166.754, 1151767.315], [2527148.164, 1151765.145], [2527133.475, 1151763.614], [2527128.535, 1151763.094], [2527124.035, 1151762.634], [2527108.695, 1151760.993], [2527056.506, 1151755.452], [2527051.316, 1151749.841], [2527060.295, 1151750.992], [2527091.045, 1151754.123], [2527111.025, 1151756.234], [2527157.384, 1151761.145], [2527181.304, 1151763.986], [2527191.274, 1151767.116], [2527197.304, 1151768.906], [2527201.784, 1151770.477], [2527217.524, 1151775.427], [2527220.444, 1151775.847], [2527243.433, 1151778.878], [2527246.693, 1151778.618], [2527268.553, 1151777.989], [2527291.393, 1151777.14], [2527297.043, 1151777.2], [2527301.742, 1151777.9], [2527329.732, 1151781.991], [2527338.642, 1151784.451], [2527351.842, 1151787.552], [2527353.654136611, 1151787.7930101336], [2527355.482, 1151787.822], [2527357.3448891104, 1151787.6320180309], [2527359.172, 1151787.222], [2527339.162, 1151801.421], [2527339.7658353983, 1151800.8090151101], [2527340.2590863695, 1151800.1048516533], [2527340.627921994, 1151799.3282546047], [2527340.862, 1151798.501], [2527340.9534135642, 1151797.7034002878], [2527340.9194957023, 1151796.901295981], [2527340.7610741113, 1151796.114260823], [2527340.482014752, 1151795.361500825], [2527340.089127507, 1151794.6613855823], [2527339.592, 1151794.031], [2527338.935245667, 1151793.3081280317], [2527338.1780474056, 1151792.6912642475], [2527337.337334724, 1151792.1942005458], [2527336.4319043565, 1151791.8280503228], [2527335.482, 1151791.601], [2527303.813, 1151787.21], [2527303.123, 1151787.11], [2527303.502, 1151783.19], [2527295.863, 1151781.93], [2527281.213, 1151782.429], [2527255.063, 1151783.308], [2527242.923, 1151783.598], [2527234.033, 1151782.438], [2527226.743, 1151781.457], [2527217.554, 1151780.537], [2527214.2939999998, 1151779.557], [2527192.804, 1151772.776]]]}, "properties": {"OBJECTID": 52051726, "EGRID": "CH538388455253", "NUMERO": "DP 59", "NO_COM_FED": 5642, "GENRE_TXT": "DP communal", "SUPERFICIE_MO": 1701, "SUPERFICIE_RF": null}}, {"type": "Feature", "id": 52051807, "geometry": {"type": "Polygon", "coordinates": [[[2526858.808, 1151437.965], [2526860.628, 1151435.115], [2526865.078, 1151428.426], [2526869.108, 1151422.346], [2526873.178, 1151416.316], [2526877.598, 1151409.726], [2526886.578, 1151396.236], [2526887.678, 1151394.486], [2526892.758, 1151386.797], [2526897.368, 1151379.747], [2526899.528, 1151376.547], [2526901.928, 1151372.817], [2526906.027, 1151366.377], [2526916.287, 1151350.947], [2526923.807, 1151339.458], [2526936.817, 1151320.488], [2526954.777, 1151294.819], [2526981.307, 1151263.34], [2526989.577, 1151254.46], [2527010.9560000002, 1151230.741], [2527018.176, 1151236.211], [2526988.417, 1151268.09], [2526962.327, 1151299.749], [2526941.787, 1151328.948], [2526938.087, 1151334.268], [2526931.317, 1151344.248], [2526923.437, 1151355.998], [2526910.652, 1151375.356], [2526893.658, 1151401.087], [2526838.388, 1151483.575], [2526835.958, 1151486.865], [2526780.148, 1151567.556], [2526769.468, 1151563.796], [2526776.528, 1151558.306], [2526790.068, 1151538.745], [2526793.868, 1151533.305], [2526810.078, 1151509.655], [2526813.828, 1151504.474], [2526820.228, 1151495.114], [2526826.678, 1151486.044], [2526826.348, 1151485.844], [2526826.778, 1151485.194], [2526827.098, 1151485.404], [2526829.878, 1151481.354], [2526834.858, 1151473.805], [2526839.398, 1151466.915], [2526844.178, 1151459.685], [2526849.018, 1151452.365], [2526858.808, 1151437.965]]]}, "properties": {"OBJECTID": 52051807, "EGRID": "CH252983884516", "NUMERO": "DP 1075", "NO_COM_FED": 5642, "GENRE_TXT": "DP communal", "SUPERFICIE_MO": 3521, "SUPERFICIE_RF": null}}, {"type": "Feature", "id": 52052684, "geometry": {"type": "Polygon", "coordinates": [[[2526380.999, 1151384.996], [2526404.329, 1151356.725], [2526404.955663562, 1151356.107624142], [2526405.66425193, 1151355.5863155052], [2526406.440169039, 1151355.1718124177], [2526407.267431935, 1151354.8726531428], [2526408.129, 1151354.695], [2526408.9942339137, 1151354.6429322537], [2526409.8581718705, 1151354.7133025709], [2526410.7035742723, 1151354.9047067352], [2526411.5135713913, 1151355.2133253394], [2526412.272, 1151355.633], [2526412.289, 1151355.645], [2526429.879, 1151369.695], [2526415.579, 1151402.926], [2526411.1890000002, 1151409.946], [2526401.889, 1151402.056], [2526397.459, 1151398.426], [2526380.999, 1151384.996]]]}, "properties": {"OBJECTID": 52052684, "EGRID": "CH208845498325", "NUMERO": "2465", "NO_COM_FED": 5642, "GENRE_TXT": "parcelle priv\u00e9e", "SUPERFICIE_MO": 1446, "SUPERFICIE_RF": 1446}}, {"type": "Feature", "id": 52052729, "geometry": {"type": "Polygon", "coordinates": [[[2527331.632, 1151286.012], [2527351.852, 1151303.372], [2527349.832, 1151305.842], [2527338.102, 1151320.382], [2527327.982, 1151332.931], [2527306.783, 1151315.431], [2527331.632, 1151286.012]]]}, "properties": {"OBJECTID": 52052729, "EGRID": "CH568883458377", "NUMERO": "713", "NO_COM_FED": 5642, "GENRE_TXT": "parcelle priv\u00e9e", "SUPERFICIE_MO": 1035, "SUPERFICIE_RF": 1037}}, {"type": "Feature", "id": 52052822, "geometry": {"type": "Polygon", "coordinates": [[[2527161.674, 1151698.015], [2527075.065, 1151702.433], [2527070.705, 1151702.882], [2527086.185, 1151685.143], [2527092.145, 1151678.313], [2527104.735, 1151672.524], [2527127.364, 1151662.104], [2527138.774, 1151658.195], [2527142.0439999998, 1151663.875], [2527154.494, 1151685.525], [2527158.984, 1151693.325], [2527161.674, 1151698.015]]]}, "properties": {"OBJECTID": 52052822, "EGRID": "CH574589758343", "NUMERO": "2019", "NO_COM_FED": 5642, "GENRE_TXT": "parcelle priv\u00e9e", "SUPERFICIE_MO": 2238, "SUPERFICIE_RF": 2238}}, {"type": "Feature", "id": 52053383, "geometry": {"type": "Polygon", "coordinates": [[[2526331.33, 1151287.544], [2526331.51, 1151287.294], [2526453.491, 1151118.471], [2526468.491, 1151098.77], [2526493.431, 1151115.09], [2526463.551, 1151161.191], [2526437.41, 1151199.112], [2526415.67, 1151229.483], [2526351.25, 1151301.224], [2526348.43, 1151298.994], [2526331.33, 1151287.544]]]}, "properties": {"OBJECTID": 52053383, "EGRID": "CH284583458809", "NUMERO": "1482", "NO_COM_FED": 5642, "GENRE_TXT": "parcelle priv\u00e9e", "SUPERFICIE_MO": 7355, "SUPERFICIE_RF": 7444}}, {"type": "Feature", "id": 52054219, "geometry": {"type": "Polygon", "coordinates": [[[2526381.778, 1151626.4], [2526382.839236623, 1151627.683692216], [2526383.666215078, 1151629.129443063], [2526384.234746903, 1151630.6949654806], [2526384.5282029966, 1151632.3344691852], [2526384.538, 1151634], [2526384.2655666918, 1151635.637855949], [2526383.7187496214, 1151637.205587785], [2526382.9134574346, 1151638.6575852062], [2526381.8731186404, 1151639.951604994], [2526380.628, 1151641.05], [2526362.728, 1151655.44], [2526339.518, 1151629.98], [2526364.198, 1151607.259], [2526381.778, 1151626.4]]]}, "properties": {"OBJECTID": 52054219, "EGRID": "CH952783894523", "NUMERO": "1523", "NO_COM_FED": 5642, "GENRE_TXT": "parcelle priv\u00e9e", "SUPERFICIE_MO": 1172, "SUPERFICIE_RF": 1172}}, {"type": "Feature", "id": 52054513, "geometry": {"type": "Polygon", "coordinates": [[[2526848.838, 1151334.915], [2526850.338, 1151332.855], [2526852.508, 1151329.755], [2526856.268, 1151324.535], [2526862.818, 1151315.286], [2526864.398, 1151313.256], [2526871.378, 1151318.306], [2526889.258, 1151331.306], [2526876.668, 1151351.876], [2526875.418, 1151353.966], [2526872.648, 1151352.026], [2526848.838, 1151334.915]]]}, "properties": {"OBJECTID": 52054513, "EGRID": "CH928849834510", "NUMERO": "819", "NO_COM_FED": 5642, "GENRE_TXT": "parcelle priv\u00e9e", "SUPERFICIE_MO": 844, "SUPERFICIE_RF": 845}}, {"type": "Feature", "id": 52055076, "geometry": {"type": "Polygon", "coordinates": [[[2527218.923, 1151592.247], [2527244.443, 1151573.628], [2527212.284, 1151538.277], [2527196.804, 1151520.067], [2527206.684, 1151517.717], [2527218.214, 1151515.317], [2527249.993, 1151509.489], [2527285.553, 1151503.23], [2527285.513, 1151502.82], [2527300.093, 1151500.44], [2527305.2691436815, 1151499.9599900367], [2527310.462, 1151499.721], [2527315.524478035, 1151499.717010391], [2527320.582, 1151499.941], [2527325.557409223, 1151500.3010387374], [2527330.512, 1151500.881], [2527332.5837464887, 1151501.285938785], [2527334.612, 1151501.871], [2527337.502029201, 1151503.1440152067], [2527340.202, 1151504.7820000001], [2527355.032, 1151515.962], [2527357.852, 1151518.072], [2527372.732, 1151529.233], [2527372.302, 1151531.303], [2527380.742, 1151537.313], [2527379.292, 1151540.633], [2527374.802, 1151545.743], [2527371.212, 1151549.983], [2527366.902, 1151555.813], [2527361.402, 1151560.932], [2527355.012, 1151568.262], [2527349.572, 1151573.232], [2527342.032, 1151579.582], [2527337.762, 1151581.472], [2527334.102, 1151584.071], [2527329.602, 1151586.131], [2527327.842, 1151586.831], [2527322.392, 1151588.311], [2527311.542, 1151589.531], [2527262.253, 1151589.879], [2527255.043, 1151590.199], [2527246.753, 1151591.778], [2527243.283, 1151592.778], [2527239.643, 1151594.2179999999], [2527235.863, 1151595.508], [2527231.003, 1151597.9780000001], [2527225.433, 1151601.808], [2527222.823, 1151600.818], [2527210.484, 1151607.277], [2527208.914, 1151606.927], [2527199.024, 1151610.767], [2527196.514, 1151610.367], [2527184.454, 1151615.056], [2527175.094, 1151617.586], [2527169.2939999998, 1151616.996], [2527168.484, 1151617.246], [2527153.974, 1151609.035], [2527218.923, 1151592.247]]]}, "properties": {"OBJECTID": 52055076, "EGRID": "CH768883458408", "NUMERO": "683", "NO_COM_FED": 5642, "GENRE_TXT": "parcelle priv\u00e9e", "SUPERFICIE_MO": 12498, "SUPERFICIE_RF": 12498}}, {"type": "Feature", "id": 52055338, "geometry": {"type": "Polygon", "coordinates": [[[2527149.585, 1151081.825], [2527116.985, 1151128.094], [2527110.535, 1151119.664], [2527102.565, 1151106.494], [2527136.365, 1151058.605], [2527149.585, 1151081.825]]]}, "properties": {"OBJECTID": 52055338, "EGRID": "CH650983894529", "NUMERO": "763", "NO_COM_FED": 5642, "GENRE_TXT": "parcelle priv\u00e9e", "SUPERFICIE_MO": 1404, "SUPERFICIE_RF": 1405}}, {"type": "Feature", "id": 52055513, "geometry": {"type": "Polygon", "coordinates": [[[2527338.092, 1151597.552], [2527335.872, 1151599.271], [2527333.432, 1151600.641], [2527332.762, 1151599.831], [2527328.552, 1151594.721], [2527328.002, 1151594.051], [2527329.812, 1151592.341], [2527332.102, 1151591.601], [2527333.342, 1151591.521], [2527338.092, 1151597.552]]]}, "properties": {"OBJECTID": 52055513, "EGRID": "CH528912834564", "NUMERO": "697", "NO_COM_FED": 5642, "GENRE_TXT": "parcelle priv\u00e9e", "SUPERFICIE_MO": 49, "SUPERFICIE_RF": 49}}, {"type": "Feature", "id": 52055581, "geometry": {"type": "Polygon", "coordinates": [[[2526445.007, 1151745.021], [2526469.687, 1151722.441], [2526487.447, 1151741.861], [2526488.389585735, 1151743.0968997008], [2526489.1290719784, 1151744.4640412563], [2526489.647560512, 1151745.9293349395], [2526489.932502055, 1151747.457315389], [2526489.977, 1151749.011], [2526489.802025756, 1151750.4385896844], [2526489.4239053414, 1151751.8262687703], [2526488.850473274, 1151753.145285054], [2526488.0936108558, 1151754.3683090005], [2526487.1689999998, 1151755.47], [2526486.747, 1151755.881], [2526469.477, 1151771.741], [2526451.307, 1151751.871], [2526445.007, 1151745.021]]]}, "properties": {"OBJECTID": 52055581, "EGRID": "CH908845988328", "NUMERO": "1468", "NO_COM_FED": 5642, "GENRE_TXT": "parcelle priv\u00e9e", "SUPERFICIE_MO": 1189, "SUPERFICIE_RF": 1189}}, {"type": "Feature", "id": 52055869, "geometry": {"type": "Polygon", "coordinates": [[[2527297.043, 1151777.2], [2527296.632, 1151761.26], [2527304.422, 1151757.86], [2527323.032, 1151753.781], [2527338.642, 1151784.451], [2527329.732, 1151781.991], [2527301.742, 1151777.9], [2527297.043, 1151777.2]]]}, "properties": {"OBJECTID": 52055869, "EGRID": "CH598388524538", "NUMERO": "643", "NO_COM_FED": 5642, "GENRE_TXT": "parcelle priv\u00e9e", "SUPERFICIE_MO": 790, "SUPERFICIE_RF": 790}}, {"type": "Feature", "id": 52056482, "geometry": {"type": "Polygon", "coordinates": [[[2527427.781, 1151674.124], [2527441.891, 1151670.625], [2527443.981, 1151679.325], [2527446.521, 1151678.045], [2527450.461, 1151675.805], [2527455, 1151692.685], [2527456.64, 1151698.685], [2527434.491, 1151704.355], [2527433.741, 1151701.685], [2527426.591, 1151676.174], [2527428.011, 1151676.064], [2527427.781, 1151674.124]]]}, "properties": {"OBJECTID": 52056482, "EGRID": "CH514586838941", "NUMERO": "669", "NO_COM_FED": 5642, "GENRE_TXT": "parcelle priv\u00e9e", "SUPERFICIE_MO": 651, "SUPERFICIE_RF": 617}}, {"type": "Feature", "id": 52058400, "geometry": {"type": "Polygon", "coordinates": [[[2527129.045, 1151035.355], [2527160.025, 1151003.176], [2527171.485, 1151008.976], [2527140.375, 1151055.405], [2527129.045, 1151035.355]]]}, "properties": {"OBJECTID": 52058400, "EGRID": "CH668983450990", "NUMERO": "772", "NO_COM_FED": 5642, "GENRE_TXT": "parcelle priv\u00e9e", "SUPERFICIE_MO": 849, "SUPERFICIE_RF": 844}}, {"type": "Feature", "id": 52058861, "geometry": {"type": "Polygon", "coordinates": [[[2527331.632, 1151286.012], [2527311.013, 1151268.501], [2527339.112, 1151236.352], [2527341.062, 1151233.942], [2527349.182, 1151246.982], [2527354.902, 1151256.352], [2527355.802, 1151257.332], [2527331.632, 1151286.012]]]}, "properties": {"OBJECTID": 52058861, "EGRID": "CH558383884508", "NUMERO": "716", "NO_COM_FED": 5642, "GENRE_TXT": "parcelle priv\u00e9e", "SUPERFICIE_MO": 1108, "SUPERFICIE_RF": 1102}}, {"type": "Feature", "id": 52059170, "geometry": {"type": "Polygon", "coordinates": [[[2526820.532, 1151624.44], [2526824.887, 1151627.987], [2526804.329, 1151648.528], [2526800.381, 1151644.574], [2526820.532, 1151624.44]]]}, "properties": {"OBJECTID": 52059170, "EGRID": "CH254883084534", "NUMERO": "4189", "NO_COM_FED": 5642, "GENRE_TXT": "parcelle priv\u00e9e", "SUPERFICIE_MO": 161, "SUPERFICIE_RF": 161}}, {"type": "Feature", "id": 52060081, "geometry": {"type": "Polygon", "coordinates": [[[2526944.407, 1151668.588], [2526953.607, 1151676.638], [2526977.476, 1151697.549], [2526950.977, 1151722.818], [2526923.497, 1151689.9070000001], [2526944.407, 1151668.588]]]}, "properties": {"OBJECTID": 52060081, "EGRID": "CH244583884949", "NUMERO": "853", "NO_COM_FED": 5642, "GENRE_TXT": "parcelle priv\u00e9e", "SUPERFICIE_MO": 1439, "SUPERFICIE_RF": 1439}}, {"type": "Feature", "id": 52060770, "geometry": {"type": "Polygon", "coordinates": [[[2527427.79, 1151456.701], [2527427.271, 1151456.885], [2527426.721, 1151457.205], [2527426.241, 1151457.415], [2527425.991, 1151457.175], [2527422.691, 1151459.754], [2527416.221, 1151455.174], [2527419.991, 1151451.034], [2527419.611, 1151450.744], [2527419.441, 1151450.454], [2527419.301, 1151450.224], [2527420.053, 1151449.621], [2527427.79, 1151456.701]]]}, "properties": {"OBJECTID": 52060770, "EGRID": "CH174591058380", "NUMERO": "DP 1095", "NO_COM_FED": 5642, "GENRE_TXT": "DP cantonal", "SUPERFICIE_MO": 53, "SUPERFICIE_RF": null}}, {"type": "Feature", "id": 52060862, "geometry": {"type": "Polygon", "coordinates": [[[2527309.663, 1151217.051], [2527318.593, 1151211.961], [2527323.493, 1151209.141], [2527327.413, 1151204.811], [2527333.842, 1151197.602], [2527335.522, 1151195.702], [2527340.692, 1151189.432], [2527347.432, 1151181.352], [2527354.382, 1151172.852], [2527359.872, 1151166.073], [2527370.892, 1151152.963], [2527382.482, 1151139.173], [2527388.842, 1151132.384], [2527393.872, 1151126.314], [2527394.572, 1151125.284], [2527396.282, 1151122.914], [2527397.472, 1151121.434], [2527399.212, 1151119.124], [2527404.372, 1151112.444], [2527410.832, 1151114.184], [2527405.882, 1151119.854], [2527396.972, 1151130.714], [2527393.142, 1151135.084], [2527357.682, 1151176.5320000001], [2527359.472, 1151177.763], [2527336.482, 1151205.762], [2527327.383, 1151214.751], [2527324.573, 1151215.001], [2527311.393, 1151222.811], [2527309.063, 1151217.361], [2527309.663, 1151217.051]]]}, "properties": {"OBJECTID": 52060862, "EGRID": "CH208845378361", "NUMERO": "DP 1027", "NO_COM_FED": 5642, "GENRE_TXT": "DP communal", "SUPERFICIE_MO": 867, "SUPERFICIE_RF": null}}, {"type": "Feature", "id": 52061388, "geometry": {"type": "Polygon", "coordinates": [[[2526389.707, 1151734.071], [2526414.227, 1151711.491], [2526421.027, 1151718.921], [2526433.737, 1151732.781], [2526409.247, 1151755.361], [2526389.707, 1151734.071]]]}, "properties": {"OBJECTID": 52061388, "EGRID": "CH498388244559", "NUMERO": "1466", "NO_COM_FED": 5642, "GENRE_TXT": "parcelle priv\u00e9e", "SUPERFICIE_MO": 962, "SUPERFICIE_RF": 962}}, {"type": "Feature", "id": 52061558, "geometry": {"type": "Polygon", "coordinates": [[[2526813.828, 1151504.474], [2526784.878, 1151484.384], [2526786.838, 1151481.444], [2526800.449, 1151461.364], [2526806.308, 1151465.284], [2526829.878, 1151481.354], [2526827.098, 1151485.404], [2526826.778, 1151485.194], [2526826.348, 1151485.844], [2526826.678, 1151486.044], [2526820.228, 1151495.114], [2526813.828, 1151504.474]]]}, "properties": {"OBJECTID": 52061558, "EGRID": "CH156283884532", "NUMERO": "786", "NO_COM_FED": 5642, "GENRE_TXT": "parcelle priv\u00e9e", "SUPERFICIE_MO": 991, "SUPERFICIE_RF": 996}}, {"type": "Feature", "id": 52062491, "geometry": {"type": "Polygon", "coordinates": [[[2527216.824, 1151031.408], [2527199.134, 1151058.017], [2527189.268, 1151072.656], [2527169.265, 1151102.336], [2527153.455, 1151078.866], [2527184.524, 1151033.257], [2527193.694, 1151019.017], [2527213.444, 1151029.4780000001], [2527216.824, 1151031.408]]]}, "properties": {"OBJECTID": 52062491, "EGRID": "CH128839834581", "NUMERO": "774", "NO_COM_FED": 5642, "GENRE_TXT": "parcelle priv\u00e9e", "SUPERFICIE_MO": 2055, "SUPERFICIE_RF": 2051}}, {"type": "Feature", "id": 52064273, "geometry": {"type": "Polygon", "coordinates": [[[2527246.693, 1151778.618], [2527242.433, 1151755.908], [2527241.593, 1151751.428], [2527241.493, 1151750.898], [2527260.993, 1151748.069], [2527264.623, 1151759.089], [2527268.553, 1151777.989], [2527246.693, 1151778.618]]]}, "properties": {"OBJECTID": 52064273, "EGRID": "CH408845338305", "NUMERO": "1379", "NO_COM_FED": 5642, "GENRE_TXT": "parcelle priv\u00e9e", "SUPERFICIE_MO": 620, "SUPERFICIE_RF": 620}}, {"type": "Feature", "id": 52064698, "geometry": {"type": "Polygon", "coordinates": [[[2527425.941, 1151840.884], [2527400.171, 1151818.923], [2527417.5810000002, 1151803.184], [2527425.5609999998, 1151809.444], [2527424.101, 1151814.764], [2527432.861, 1151817.244], [2527433.111, 1151817.314], [2527432.851, 1151818.254], [2527427.401, 1151837.594], [2527426.781, 1151839.044], [2527425.941, 1151840.884]]]}, "properties": {"OBJECTID": 52064698, "EGRID": "CH338388453937", "NUMERO": "529", "NO_COM_FED": 5642, "GENRE_TXT": "parcelle priv\u00e9e", "SUPERFICIE_MO": 615, "SUPERFICIE_RF": 615}}, {"type": "Feature", "id": 52065033, "geometry": {"type": "Polygon", "coordinates": [[[2527309.663, 1151217.051], [2527309.063, 1151217.361], [2527301.083, 1151219.601], [2527298.483, 1151210.99], [2527306.953, 1151208.351], [2527309.663, 1151217.051]]]}, "properties": {"OBJECTID": 52065033, "EGRID": "CH468983450763", "NUMERO": "1374", "NO_COM_FED": 5642, "GENRE_TXT": "parcelle priv\u00e9e", "SUPERFICIE_MO": 81, "SUPERFICIE_RF": 80}}, {"type": "Feature", "id": 52066186, "geometry": {"type": "Polygon", "coordinates": [[[2527318.593, 1151211.961], [2527302.213, 1151196.771], [2527299.693, 1151193.441], [2527318.093, 1151170.931], [2527320.513, 1151172.911], [2527340.692, 1151189.432], [2527335.522, 1151195.702], [2527333.842, 1151197.602], [2527327.413, 1151204.811], [2527323.493, 1151209.141], [2527318.593, 1151211.961]]]}, "properties": {"OBJECTID": 52066186, "EGRID": "CH283783458831", "NUMERO": "134", "NO_COM_FED": 5642, "GENRE_TXT": "parcelle priv\u00e9e", "SUPERFICIE_MO": 878, "SUPERFICIE_RF": 873}}, {"type": "Feature", "id": 52067920, "geometry": {"type": "Polygon", "coordinates": [[[2527462.622, 1151953.494], [2527470.961, 1151926.755], [2527480.281, 1151893.045], [2527482.111, 1151884.736], [2527488.281, 1151856.516], [2527493.2, 1151833.886], [2527496.66, 1151822.006], [2527499.67, 1151809.837], [2527503.49, 1151800.957], [2527506.333, 1151794.014], [2527506.52, 1151793.557], [2527507.41, 1151791.707], [2527509.36, 1151786.027], [2527511.2, 1151780.277], [2527512.97, 1151774.597], [2527519.39, 1151751.998], [2527526.65, 1151755.428], [2527516.86, 1151788.057], [2527516.19, 1151790.227], [2527514.88, 1151793.817], [2527509.52, 1151806.1570000001], [2527509.13, 1151805.937], [2527505.9, 1151813.137], [2527501.01, 1151828.707], [2527497.99, 1151839.426], [2527491.951, 1151867.446], [2527487.841, 1151886.456], [2527485.921, 1151894.886], [2527476.051, 1151932.475], [2527475.508269605, 1151935.2403648729], [2527475.3239256004, 1151938.0524488774], [2527475.501, 1151940.865], [2527467.322, 1151957.495], [2527464.782, 1151963.224], [2527454.252, 1151998.084], [2527450.152, 1152008.104], [2527437.723, 1152038.3530000001], [2527432.203, 1152038.393], [2527439.643, 1152019.833], [2527447.372, 1152000.214], [2527449.072, 1151996.104], [2527452.472, 1151985.284], [2527454.182, 1151979.884], [2527456.302, 1151973.124], [2527459.332, 1151963.674], [2527460.242, 1151960.484], [2527462.622, 1151953.494]]]}, "properties": {"OBJECTID": 52067920, "EGRID": "CH714592838916", "NUMERO": "DP 63", "NO_COM_FED": 5642, "GENRE_TXT": "DP communal", "SUPERFICIE_MO": 1874, "SUPERFICIE_RF": null}}, {"type": "Feature", "id": 52068188, "geometry": {"type": "Polygon", "coordinates": [[[2526757.43, 1151033.932], [2526814.6890000002, 1151020.094], [2526822.679, 1151013.914], [2526842.6890000002, 1151030.345], [2526850.838, 1151042.615], [2526881.508, 1151107.736], [2526873.568, 1151112.146], [2526852.768, 1151138.665], [2526799.909, 1151080.744], [2526757.43, 1151033.932]]]}, "properties": {"OBJECTID": 52068188, "EGRID": "CH914536838865", "NUMERO": "2515", "NO_COM_FED": 5642, "GENRE_TXT": "parcelle priv\u00e9e", "SUPERFICIE_MO": 6988, "SUPERFICIE_RF": 7017}}, {"type": "Feature", "id": 52068723, "geometry": {"type": "Polygon", "coordinates": [[[2527426.591, 1151676.174], [2527433.741, 1151701.685], [2527408.911, 1151708.634], [2527404.901, 1151676.734], [2527426.591, 1151676.174]]]}, "properties": {"OBJECTID": 52068723, "EGRID": "CH174589858352", "NUMERO": "664", "NO_COM_FED": 5642, "GENRE_TXT": "parcelle priv\u00e9e", "SUPERFICIE_MO": 689, "SUPERFICIE_RF": 689}}, {"type": "Feature", "id": 52069216, "geometry": {"type": "Polygon", "coordinates": [[[2527101.766, 1151001.214], [2527125.475, 1151001.845], [2527122.145, 1151002.395], [2527119.455, 1151003.815], [2527117.615, 1151006.254], [2527117.005, 1151009.374], [2527117.355, 1151012.234], [2527118.575, 1151014.884], [2527122.905, 1151024.635], [2527126.965, 1151031.885], [2527129.045, 1151035.355], [2527140.375, 1151055.405], [2527153.455, 1151078.866], [2527169.265, 1151102.336], [2527184.634, 1151124.537], [2527194.494, 1151138.627], [2527205.114, 1151153.467], [2527216.5640000002, 1151167.298], [2527227.304, 1151179.148], [2527231.104, 1151183.788], [2527231.364, 1151184.018], [2527228.624, 1151186.258], [2527227.244, 1151187.328], [2527223.504, 1151183.768], [2527220.994, 1151180.768], [2527203.234, 1151158.837], [2527189.844, 1151140.967], [2527177.894, 1151123.626], [2527171.335, 1151114.056], [2527164.635, 1151104.386], [2527149.585, 1151081.825], [2527136.365, 1151058.605], [2527123.125, 1151035.185], [2527110.024, 1151011.771], [2527104.895, 1151002.604], [2527101.766, 1151001.214]]]}, "properties": {"OBJECTID": 52069216, "EGRID": "CH974588908365", "NUMERO": "DP 1073", "NO_COM_FED": 5642, "GENRE_TXT": "DP communal", "SUPERFICIE_MO": 1184, "SUPERFICIE_RF": null}}, {"type": "Feature", "id": 52069849, "geometry": {"type": "Polygon", "coordinates": [[[2526590.698, 1151485.436], [2526590.018, 1151486.376], [2526598.508, 1151491.826], [2526634.828, 1151507.616], [2526641.298, 1151510.416], [2526667.278, 1151523.276], [2526680.798, 1151530.026], [2526734.628, 1151556.736], [2526751.898, 1151565.266], [2526760.818, 1151566.326], [2526769.468, 1151563.796], [2526780.148, 1151567.556], [2526779.238, 1151569.366], [2526778.978, 1151571.386], [2526779.528, 1151571.306], [2526779.628, 1151572.296], [2526779.088, 1151572.346], [2526779.838, 1151574.246], [2526781.158, 1151575.786], [2526794.868, 1151586.916], [2526846.607, 1151628.986], [2526847.467, 1151629.726], [2526839.373, 1151639.79], [2526824.887, 1151627.987], [2526820.532, 1151624.44], [2526786.953, 1151597.081], [2526768.678, 1151587.065], [2526766.7939999998, 1151586.31], [2526768.678, 1151583.756], [2526770.818, 1151582.536], [2526751.078, 1151574.626], [2526721.098, 1151561.286], [2526720.138, 1151560.846], [2526677.878, 1151539.066], [2526660.278, 1151530.046], [2526630.378, 1151514.616], [2526613.558, 1151506.036], [2526610.328, 1151505.516], [2526604.8404871235, 1151503.2231665642], [2526599.098, 1151501.676], [2526593.2433378375, 1151500.9040221192], [2526587.338, 1151500.906], [2526569.628, 1151484.346], [2526569.459390741, 1151482.8079238995], [2526569.0554735996, 1151481.3142846804], [2526568.425923331, 1151479.900858477], [2526567.5858191294, 1151478.6015001342], [2526566.555283443, 1151477.4473323072], [2526565.359, 1151476.466], [2526542.209, 1151460.126], [2526535.519, 1151455.626], [2526496.269, 1151429.096], [2526489.199, 1151413.205], [2526581.539, 1151480.896], [2526590.698, 1151485.436]]]}, "properties": {"OBJECTID": 52069849, "EGRID": "CH787383458952", "NUMERO": "DP 23", "NO_COM_FED": 5642, "GENRE_TXT": "DP communal", "SUPERFICIE_MO": 4175, "SUPERFICIE_RF": null}}, {"type": "Feature", "id": 52070183, "geometry": {"type": "Polygon", "coordinates": [[[2526332.737, 1151731.702], [2526357.367, 1151709.081], [2526375.447, 1151728.761], [2526351.317, 1151750.892], [2526339.957, 1151739.232], [2526332.737, 1151731.702]]]}, "properties": {"OBJECTID": 52070183, "EGRID": "CH508845858309", "NUMERO": "1459", "NO_COM_FED": 5642, "GENRE_TXT": "parcelle priv\u00e9e", "SUPERFICIE_MO": 885, "SUPERFICIE_RF": 885}}, {"type": "Feature", "id": 52070400, "geometry": {"type": "Polygon", "coordinates": [[[2527420.053, 1151449.621], [2527420.133, 1151449.557], [2527419.951, 1151449.39], [2527407.801, 1151444.634], [2527425.611, 1151424.185], [2527426.211, 1151423.325], [2527450.891, 1151440.265], [2527439.275, 1151443.083], [2527447.761, 1151450.848], [2527454.301, 1151449.686], [2527454.973576928, 1151449.8198845966], [2527455.621, 1151450.046], [2527456.171, 1151450.336], [2527455.911, 1151450.786], [2527455.86404357, 1151450.867358721], [2527455.8318255553, 1151450.9555978696], [2527455.8153119, 1151451.0480719039], [2527455.814997708, 1151451.1420083137], [2527455.8308924, 1151451.234590745], [2527455.862519428, 1151451.323043438], [2527455.908930568, 1151451.4047144481], [2527455.968734343, 1151451.4771551567], [2527456.0401377473, 1151451.5381936827], [2527456.121, 1151451.586], [2527456.291950918, 1151451.5986916712], [2527456.4627747787, 1151451.584391203], [2527456.629236102, 1151451.5434531674], [2527456.787207573, 1151451.4768925996], [2527456.9327723794, 1151451.386359831], [2527457.062321323, 1151451.2740995707], [2527457.172642312, 1151451.1428952483], [2527457.261, 1151450.996], [2527460.8310000002, 1151453.406], [2527461.921, 1151454.216], [2527464.721, 1151456.296], [2527472.341, 1151463.426], [2527480.28, 1151470.526], [2527481.14, 1151471.286], [2527475.95, 1151474.826], [2527459.491, 1151486.796], [2527426.721, 1151457.205], [2527427.271, 1151456.885], [2527427.79, 1151456.701], [2527420.053, 1151449.621]]]}, "properties": {"OBJECTID": 52070400, "EGRID": "CH198391904533", "NUMERO": "4117", "NO_COM_FED": 5642, "GENRE_TXT": "DDP superficie", "SUPERFICIE_MO": 1742, "SUPERFICIE_RF": 1746}}, {"type": "Feature", "id": 52071261, "geometry": {"type": "Polygon", "coordinates": [[[2526532.888, 1151618.958], [2526489.108, 1151601.118], [2526484.349619664, 1151599.4826942543], [2526479.4448205754, 1151598.3604847335], [2526474.4487616904, 1151597.763991711], [2526469.417628265, 1151597.6999232974], [2526464.408, 1151598.169], [2526459.4786876384, 1151599.1650796589], [2526454.6823490844, 1151600.676844031], [2526450.0727718794, 1151602.6873397494], [2526445.701649169, 1151605.1740205272], [2526441.618, 1151608.109], [2526492.36, 1151567.338], [2526490.5663836314, 1151569.1160368246], [2526489.0971017363, 1151571.1702240943], [2526487.993951772, 1151573.4421252327], [2526487.2883156417, 1151575.8671102384], [2526487.000266959, 1151578.376194251], [2526487.138, 1151580.898], [2526487.6109605785, 1151583.095393637], [2526488.407538728, 1151585.1972246855], [2526489.509782215, 1151587.1561248356], [2526490.892850124, 1151588.927946967], [2526492.5255726837, 1151590.4727600776], [2526494.371153737, 1151591.755749197], [2526496.388, 1151592.748], [2526525.518, 1151604.618], [2526532.888, 1151618.958]]]}, "properties": {"OBJECTID": 52071261, "EGRID": "CH408945078356", "NUMERO": "DP 14", "NO_COM_FED": 5642, "GENRE_TXT": "DP communal", "SUPERFICIE_MO": 969, "SUPERFICIE_RF": null}}, {"type": "Feature", "id": 52071534, "geometry": {"type": "Polygon", "coordinates": [[[2526393.927, 1151796.082], [2526414.947, 1151818.562], [2526400.037, 1151831.662], [2526398.771627562, 1151832.5567146784], [2526397.387205883, 1151833.2531760018], [2526395.914561226, 1151833.735876195], [2526394.3864842756, 1151833.9940672], [2526392.837, 1151834.0219999999], [2526391.313905474, 1151833.8217206595], [2526389.83699317, 1151833.3990401707], [2526388.438552788, 1151832.7631995876], [2526387.1491583977, 1151831.9281002781], [2526385.997, 1151830.912], [2526368.827, 1151812.222], [2526390.417, 1151792.432], [2526393.927, 1151796.082]]]}, "properties": {"OBJECTID": 52071534, "EGRID": "CH944583886091", "NUMERO": "1780", "NO_COM_FED": 5642, "GENRE_TXT": "parcelle priv\u00e9e", "SUPERFICIE_MO": 1026, "SUPERFICIE_RF": 1026}}, {"type": "Feature", "id": 52072018, "geometry": {"type": "Polygon", "coordinates": [[[2526521.478, 1151528.047], [2526565.858, 1151492.486], [2526566.991776241, 1151491.4307953636], [2526567.9490354555, 1151490.213191082], [2526568.706820111, 1151488.8623884297], [2526569.246956588, 1151487.4107831197], [2526569.5564910276, 1151485.8931883713], [2526569.628, 1151484.346], [2526587.338, 1151500.906], [2526583.4309371044, 1151501.389830817], [2526579.5837343615, 1151502.2254526117], [2526575.828, 1151503.406], [2526572.192977733, 1151504.9214540988], [2526568.7101064934, 1151506.7598218354], [2526565.408, 1151508.906], [2526492.808, 1151566.9780000001], [2526496.198, 1151548.308], [2526521.478, 1151528.047]]]}, "properties": {"OBJECTID": 52072018, "EGRID": "CH214549838889", "NUMERO": "DP 22", "NO_COM_FED": 5642, "GENRE_TXT": "DP communal", "SUPERFICIE_MO": 1389, "SUPERFICIE_RF": null}}, {"type": "Feature", "id": 52072184, "geometry": {"type": "Polygon", "coordinates": [[[2526796.079, 1151428.113], [2526784.399, 1151420.583], [2526774.879, 1151414.363], [2526771.079, 1151411.823], [2526772.549, 1151409.623], [2526783.319, 1151393.473], [2526789.759, 1151397.963], [2526800.279, 1151405.153], [2526806.9189999998, 1151409.634], [2526797.309, 1151425.973], [2526796.079, 1151428.113]]]}, "properties": {"OBJECTID": 52072184, "EGRID": "CH882083458892", "NUMERO": "802", "NO_COM_FED": 5642, "GENRE_TXT": "parcelle priv\u00e9e", "SUPERFICIE_MO": 634, "SUPERFICIE_RF": 632}}, {"type": "Feature", "id": 52073210, "geometry": {"type": "Polygon", "coordinates": [[[2527453.64, 1151770.045], [2527472.16, 1151762.986], [2527480.17, 1151759.916], [2527488.008, 1151756.807], [2527483.732, 1151780.629], [2527485.893, 1151785.1469999999], [2527504.688, 1151791.351], [2527504.04, 1151793.087], [2527506.333, 1151794.014], [2527503.49, 1151800.957], [2527499.67, 1151809.837], [2527494.03, 1151811.306], [2527476.54, 1151813.306], [2527461.511, 1151812.545], [2527457.191, 1151811.285], [2527457.031, 1151809.415], [2527455.141, 1151787.435], [2527453.64, 1151770.045]]]}, "properties": {"OBJECTID": 52073210, "EGRID": "CH368983450007", "NUMERO": "538", "NO_COM_FED": 5642, "GENRE_TXT": "parcelle priv\u00e9e", "SUPERFICIE_MO": 1890, "SUPERFICIE_RF": 1890}}, {"type": "Feature", "id": 52073302, "geometry": {"type": "Polygon", "coordinates": [[[2527251.663, 1151596.229], [2527254.823, 1151594.879], [2527262.443, 1151594.079], [2527272.413, 1151594.449], [2527283.673, 1151593.82], [2527288.823, 1151595.13], [2527290.323, 1151595.13], [2527290.423, 1151596.02], [2527295.912, 1151594.91], [2527305.702, 1151595.53], [2527316.892, 1151595.211], [2527324.662, 1151594.401], [2527328.002, 1151594.051], [2527328.552, 1151594.721], [2527332.762, 1151599.831], [2527333.432, 1151600.641], [2527332.902, 1151602.951], [2527324.202, 1151611.771], [2527292.372, 1151644.21], [2527269.933, 1151667.029], [2527265.874057154, 1151670.995947563], [2527261.573, 1151674.699], [2527257.0370480926, 1151678.1309659516], [2527252.293, 1151681.269], [2527241.903, 1151663.008], [2527244.953, 1151661.248], [2527278.083, 1151642.209], [2527261.363, 1151612.979], [2527270.233, 1151607.829], [2527267.403, 1151602.829], [2527262.803, 1151605.489], [2527260.023, 1151600.629], [2527255.623, 1151603.129], [2527253.673, 1151599.739], [2527251.663, 1151596.229]]]}, "properties": {"OBJECTID": 52073302, "EGRID": "CH414588838957", "NUMERO": "696", "NO_COM_FED": 5642, "GENRE_TXT": "parcelle priv\u00e9e", "SUPERFICIE_MO": 3201, "SUPERFICIE_RF": 3201}}, {"type": "Feature", "id": 52073932, "geometry": {"type": "Polygon", "coordinates": [[[2527166.754, 1151767.315], [2527179.204, 1151768.806], [2527182.5640000002, 1151769.636], [2527192.804, 1151772.776], [2527189.274, 1151806.346], [2527188.994, 1151808.986], [2527173.904, 1151807.325], [2527162.585, 1151806.085], [2527162.855, 1151803.515], [2527166.754, 1151767.315]]]}, "properties": {"OBJECTID": 52073932, "EGRID": "CH568983458449", "NUMERO": "689", "NO_COM_FED": 5642, "GENRE_TXT": "parcelle priv\u00e9e", "SUPERFICIE_MO": 1016, "SUPERFICIE_RF": 1016}}, {"type": "Feature", "id": 52074245, "geometry": {"type": "Polygon", "coordinates": [[[2526876.668, 1150534.926], [2526910.097, 1150499.487], [2526921.297, 1150487.607], [2526922.537, 1150486.287], [2526923.777, 1150488.107], [2526927.337, 1150493.348], [2526932.077, 1150504.038], [2526949.607, 1150543.608], [2526972.317, 1150590.159], [2526984.677, 1150615.53], [2527018.767, 1150685.251], [2527042.836, 1150661.152], [2527077.826, 1150702.3530000001], [2527148.874, 1150734.835], [2527217.693, 1150753.057], [2527231.373, 1150755.418], [2527238.283, 1150756.528], [2527252.383, 1150758.598], [2527307.742, 1150767.46], [2527369.47, 1150776.822], [2527370.82, 1150777.0219999999], [2527372.47, 1150777.2719999999], [2527419.899, 1150770.913], [2527420.479, 1150768.313], [2527460.299, 1150778.514], [2527465.469, 1150758.955], [2527482.338, 1150759.515], [2527489.555, 1150762.895], [2527489.918, 1150763.065], [2527495.728, 1150768.875], [2527497.978, 1150772.466], [2527500.348, 1150778.076], [2527504.058, 1150793.376], [2527512.788, 1150829.606], [2527516.198, 1150831.736], [2527516.678, 1150834.096], [2527514.558, 1150836.826], [2527518.618, 1150852.676], [2527523.998, 1150874.837], [2527530.888, 1150903.587], [2527535.528, 1150920.637], [2527554.318, 1150999.348], [2527555.698, 1151000.248], [2527556.108, 1151001.948], [2527555.268, 1151003.258], [2527565.499, 1151045.709], [2527572.969, 1151077.419], [2527574.019, 1151077.619], [2527574.569, 1151079.809], [2527573.789, 1151080.569], [2527577.309, 1151095.469], [2527578.219, 1151102.329], [2527578.509, 1151115.239], [2527568.149, 1151117.689], [2527467.781, 1151098.516], [2527426.901, 1151088.995], [2527383.352, 1151072.033], [2527344.273, 1151054.592], [2527289.143, 1151023.29], [2527228.154, 1150991.208], [2527199.764, 1150962.727], [2527162.885, 1150947.256], [2527145.385, 1150929.055], [2527088.246, 1150848.124], [2527004.113, 1150723.856], [2527002.5568793216, 1150719.4365872843], [2527001.487, 1150714.875], [2527001.2750743073, 1150713.2567894415], [2527001.2960088826, 1150711.6248949429], [2527001.5493760672, 1150710.0126533417], [2527002.03, 1150708.453], [2527002.687504659, 1150707.33189507], [2527003.5239040907, 1150706.3370962804], [2527004.5154526597, 1150705.4968462726], [2527005.634, 1150704.835], [2527002.192, 1150697.947], [2527000.414138419, 1150698.2543773176], [2526998.6101281913, 1150698.2830079328], [2526996.8234079485, 1150698.032202451], [2526995.097, 1150697.508], [2526990.937953128, 1150695.7199781556], [2526986.894, 1150693.685], [2526983.4701346424, 1150691.4401010077], [2526980.357, 1150688.781], [2526937.868, 1150626.059], [2526909.728, 1150584.158], [2526878.118, 1150537.076], [2526876.668, 1150534.926]]]}, "properties": {"OBJECTID": 52074245, "EGRID": "CH468883453859", "NUMERO": "743", "NO_COM_FED": 5642, "GENRE_TXT": "parcelle priv\u00e9e", "SUPERFICIE_MO": 138659, "SUPERFICIE_RF": 138659}}, {"type": "Feature", "id": 52074270, "geometry": {"type": "Polygon", "coordinates": [[[2527489.79, 1151397.757], [2527492.82, 1151390.367], [2527497.96, 1151379.837], [2527498.655908738, 1151378.1402631463], [2527499.16, 1151376.377], [2527499.463969084, 1151374.5882714791], [2527499.57, 1151372.777], [2527499.51797096, 1151370.9396334486], [2527499.28, 1151369.117], [2527498.855892205, 1151367.3156284587], [2527498.25, 1151365.567], [2527510.59, 1151368.318], [2527511.99, 1151379.808], [2527507.66, 1151391.187], [2527495.76, 1151422.457], [2527495.6, 1151422.877], [2527496.03, 1151423.347], [2527464.001, 1151452.336], [2527462.251, 1151453.916], [2527461.921, 1151454.216], [2527460.8310000002, 1151453.406], [2527459.431, 1151452.476], [2527457.261, 1151450.996], [2527457.162353013, 1151451.156524516], [2527457.037806459, 1151451.2979016856], [2527456.891, 1151451.416], [2527456.750551493, 1151451.4951494678], [2527456.599970085, 1151451.5527312448], [2527456.4425456924, 1151451.5874872797], [2527456.2817177363, 1151451.598658219], [2527456.121, 1151451.586], [2527456.0406715195, 1151451.5379752312], [2527455.96962698, 1151451.477051372], [2527455.909915041, 1151451.4049852388], [2527455.8632575725, 1151451.32385495], [2527455.8310000002, 1151451.236], [2527455.8153023603, 1151451.143153127], [2527455.8157003587, 1151451.0489894436], [2527455.8321822896, 1151450.956278583], [2527455.8642633697, 1151450.8677474472], [2527455.911, 1151450.786], [2527456.171, 1151450.336], [2527455.621, 1151450.046], [2527454.973576928, 1151449.8198845966], [2527454.301, 1151449.686], [2527447.761, 1151450.848], [2527439.275, 1151443.083], [2527450.891, 1151440.265], [2527451.591, 1151440.975], [2527452.79453887, 1151440.611798458], [2527453.941, 1151440.096], [2527455.0127886618, 1151439.437149487], [2527455.991, 1151438.646], [2527468.201, 1151424.396], [2527471.0609999998, 1151426.496], [2527474.661, 1151423.156], [2527480.36, 1151416.336], [2527484.8, 1151408.847], [2527488.61, 1151400.927], [2527489.79, 1151397.757]]]}, "properties": {"OBJECTID": 52074270, "EGRID": "CH228884834530", "NUMERO": "DP 1055", "NO_COM_FED": 5642, "GENRE_TXT": "DP cantonal", "SUPERFICIE_MO": 1567, "SUPERFICIE_RF": null}}, {"type": "Feature", "id": 52075902, "geometry": {"type": "Polygon", "coordinates": [[[2526714.929, 1151435.894], [2526696.819, 1151423.174], [2526698.799, 1151420.354], [2526709.899, 1151404.504], [2526712.539, 1151405.944], [2526728.859, 1151415.624], [2526716.999, 1151432.884], [2526714.929, 1151435.894]]]}, "properties": {"OBJECTID": 52075902, "EGRID": "CH798389734592", "NUMERO": "791", "NO_COM_FED": 5642, "GENRE_TXT": "parcelle priv\u00e9e", "SUPERFICIE_MO": 523, "SUPERFICIE_RF": 522}}, {"type": "Feature", "id": 52076064, "geometry": {"type": "Polygon", "coordinates": [[[2527106.568, 1151739.848], [2527155.562, 1151737.33], [2527154.069, 1151708.301], [2527209.353, 1151705.477], [2527218.213, 1151704.8969999999], [2527221.353, 1151718.417], [2527223.773, 1151728.7179999999], [2527222.833, 1151745.737], [2527220.444, 1151775.847], [2527217.524, 1151775.427], [2527201.784, 1151770.477], [2527197.304, 1151768.906], [2527191.274, 1151767.116], [2527181.304, 1151763.986], [2527157.384, 1151761.145], [2527111.025, 1151756.234], [2527109.945, 1151752.283], [2527108.625, 1151747.423], [2527106.568, 1151739.848]]]}, "properties": {"OBJECTID": 52076064, "EGRID": "CH468983457592", "NUMERO": "694", "NO_COM_FED": 5642, "GENRE_TXT": "parcelle priv\u00e9e", "SUPERFICIE_MO": 4980, "SUPERFICIE_RF": 4980}}, {"type": "Feature", "id": 52076555, "geometry": {"type": "Polygon", "coordinates": [[[2526732.889, 1151448.344], [2526734.979, 1151445.394], [2526747.9189999998, 1151427.024], [2526751.4189999998, 1151429.164], [2526761.409, 1151435.704], [2526765.589, 1151438.384], [2526752.179, 1151457.454], [2526750.239, 1151460.294], [2526735.409, 1151450.134], [2526732.889, 1151448.344]]]}, "properties": {"OBJECTID": 52076555, "EGRID": "CH182083458839", "NUMERO": "789", "NO_COM_FED": 5642, "GENRE_TXT": "parcelle priv\u00e9e", "SUPERFICIE_MO": 556, "SUPERFICIE_RF": 557}}, {"type": "Feature", "id": 52076822, "geometry": {"type": "Polygon", "coordinates": [[[2527420.133, 1151449.557], [2527419.951, 1151449.39], [2527407.801, 1151444.634], [2527425.611, 1151424.185], [2527426.211, 1151423.325], [2527450.891, 1151440.265], [2527439.275, 1151443.083], [2527428.221, 1151445.765], [2527423.8310000002, 1151447.425], [2527420.133, 1151449.557]]]}, "properties": {"OBJECTID": 52076822, "EGRID": "CH228882834548", "NUMERO": "3655", "NO_COM_FED": 5642, "GENRE_TXT": "parcelle priv\u00e9e", "SUPERFICIE_MO": 527, "SUPERFICIE_RF": 527}}, {"type": "Feature", "id": 52077014, "geometry": {"type": "Polygon", "coordinates": [[[2526409.247, 1151755.361], [2526433.737, 1151732.781], [2526445.007, 1151745.021], [2526451.307, 1151751.871], [2526426.667, 1151774.601], [2526409.247, 1151755.361]]]}, "properties": {"OBJECTID": 52077014, "EGRID": "CH208845988372", "NUMERO": "1467", "NO_COM_FED": 5642, "GENRE_TXT": "parcelle priv\u00e9e", "SUPERFICIE_MO": 867, "SUPERFICIE_RF": 867}}, {"type": "Feature", "id": 52077485, "geometry": {"type": "Polygon", "coordinates": [[[2527299.833, 1151071.611], [2527309.173, 1151075.771], [2527313.213, 1151077.371], [2527317.753, 1151079.301], [2527324.623, 1151082.111], [2527310.793, 1151107.321], [2527298.833, 1151129.231], [2527284.413, 1151140.95], [2527282.023, 1151142.87], [2527268.853, 1151153.579], [2527260.733, 1151142.819], [2527261.853, 1151140.459], [2527280.583, 1151107.08], [2527282.973, 1151102.76], [2527298.313, 1151074.531], [2527299.833, 1151071.611]]]}, "properties": {"OBJECTID": 52077485, "EGRID": "CH908845908352", "NUMERO": "781", "NO_COM_FED": 5642, "GENRE_TXT": "parcelle priv\u00e9e", "SUPERFICIE_MO": 2061, "SUPERFICIE_RF": 2074}}, {"type": "Feature", "id": 52078947, "geometry": {"type": "Polygon", "coordinates": [[[2526903.907, 1151709.937], [2526923.497, 1151689.9070000001], [2526950.977, 1151722.818], [2526931.877, 1151741.117], [2526910.397, 1151717.1469999999], [2526903.907, 1151709.937]]]}, "properties": {"OBJECTID": 52078947, "EGRID": "CH744583892792", "NUMERO": "852", "NO_COM_FED": 5642, "GENRE_TXT": "parcelle priv\u00e9e", "SUPERFICIE_MO": 1151, "SUPERFICIE_RF": 1151}}, {"type": "Feature", "id": 52079002, "geometry": {"type": "Polygon", "coordinates": [[[2526785.9390000002, 1151389.453], [2526763.409, 1151374.203], [2526761.409, 1151372.643], [2526775.099, 1151352.623], [2526776.469, 1151350.333], [2526789.819, 1151359.383], [2526801.089, 1151367.143], [2526799.589, 1151369.283], [2526785.9390000002, 1151389.453]]]}, "properties": {"OBJECTID": 52079002, "EGRID": "CH968883452004", "NUMERO": "805", "NO_COM_FED": 5642, "GENRE_TXT": "parcelle priv\u00e9e", "SUPERFICIE_MO": 803, "SUPERFICIE_RF": 796}}, {"type": "Feature", "id": 52079311, "geometry": {"type": "Polygon", "coordinates": [[[2527386.341, 1151678.123], [2527386.8109999998, 1151674.563], [2527399.901, 1151676.874], [2527392.601, 1151731.763], [2527390.272, 1151749.294], [2527390.17, 1151757.528], [2527390.342, 1151760.7820000001], [2527392.046, 1151764.466], [2527395.162, 1151767.056], [2527400.173, 1151769.97], [2527409.04, 1151771.267], [2527416.6859999998, 1151771.037], [2527423.518, 1151770.293], [2527425.941, 1151769.604], [2527395.501, 1151780.173], [2527394.895, 1151780.291], [2527359.172, 1151787.222], [2527360.907807206, 1151786.615082955], [2527362.542, 1151785.7719999999], [2527364.0488527836, 1151784.7071203575], [2527365.392, 1151783.442], [2527369.182, 1151778.072], [2527371.452, 1151773.442], [2527373.361, 1151768.673], [2527374.801, 1151764.173], [2527375.961, 1151759.313], [2527386.341, 1151678.123]]]}, "properties": {"OBJECTID": 52079311, "EGRID": "CH508845528311", "NUMERO": "DP 56", "NO_COM_FED": 5642, "GENRE_TXT": "DP communal", "SUPERFICIE_MO": 1784, "SUPERFICIE_RF": null}}, {"type": "Feature", "id": 52079954, "geometry": {"type": "Polygon", "coordinates": [[[2527238.944, 1151043.219], [2527253.644, 1151051.069], [2527256.464, 1151052.329], [2527228.164, 1151102.598], [2527212.704, 1151125.618], [2527207.734, 1151133.007], [2527205.884, 1151135.9070000001], [2527203.434, 1151139.287], [2527200.274, 1151140.727], [2527197.084, 1151140.457], [2527194.494, 1151138.627], [2527184.634, 1151124.537], [2527210.06, 1151086.644], [2527215.284, 1151078.858], [2527238.944, 1151043.219]]]}, "properties": {"OBJECTID": 52079954, "EGRID": "CH998388904579", "NUMERO": "776", "NO_COM_FED": 5642, "GENRE_TXT": "parcelle priv\u00e9e", "SUPERFICIE_MO": 2335, "SUPERFICIE_RF": 2325}}, {"type": "Feature", "id": 52080067, "geometry": {"type": "Polygon", "coordinates": [[[2527183.444, 1151213.1469999999], [2527182.584, 1151212.057], [2527181.194, 1151213.126], [2527176.494, 1151206.756], [2527203.554, 1151203.9070000001], [2527211.754, 1151206.598], [2527214.674, 1151207.548], [2527236.974, 1151215.098], [2527257.893, 1151219.659], [2527285.483, 1151224.05], [2527301.083, 1151219.601], [2527309.063, 1151217.361], [2527311.393, 1151222.811], [2527286.583, 1151230.78], [2527256.673, 1151226.339], [2527255.663, 1151226.189], [2527235.874, 1151221.668], [2527204.744, 1151210.867], [2527183.444, 1151213.1469999999]]]}, "properties": {"OBJECTID": 52080067, "EGRID": "CH644583890947", "NUMERO": "DP 1065", "NO_COM_FED": 5642, "GENRE_TXT": "DP communal", "SUPERFICIE_MO": 895, "SUPERFICIE_RF": null}}, {"type": "Feature", "id": 52080654, "geometry": {"type": "Polygon", "coordinates": [[[2526344.977, 1151786.212], [2526319.287, 1151758.152], [2526339.957, 1151739.232], [2526351.317, 1151750.892], [2526366.327, 1151766.672], [2526344.977, 1151786.212]]]}, "properties": {"OBJECTID": 52080654, "EGRID": "CH258683884529", "NUMERO": "1777", "NO_COM_FED": 5642, "GENRE_TXT": "parcelle priv\u00e9e", "SUPERFICIE_MO": 1086, "SUPERFICIE_RF": 1086}}, {"type": "Feature", "id": 52081228, "geometry": {"type": "Polygon", "coordinates": [[[2526848.188, 1151334.485], [2526825.908, 1151318.664], [2526827.348, 1151316.634], [2526839.928, 1151298.975], [2526841.418, 1151296.765], [2526852.628, 1151304.765], [2526864.398, 1151313.256], [2526862.818, 1151315.286], [2526856.268, 1151324.535], [2526852.508, 1151329.755], [2526850.338, 1151332.855], [2526848.838, 1151334.915], [2526848.188, 1151334.485]]]}, "properties": {"OBJECTID": 52081228, "EGRID": "CH628972834572", "NUMERO": "820", "NO_COM_FED": 5642, "GENRE_TXT": "parcelle priv\u00e9e", "SUPERFICIE_MO": 753, "SUPERFICIE_RF": 752}}, {"type": "Feature", "id": 52081594, "geometry": {"type": "Polygon", "coordinates": [[[2526680.409, 1151646.915], [2526680.487, 1151646.888], [2526716.817, 1151634.277], [2526729.648, 1151624.387], [2526734.778, 1151629.717], [2526718.967, 1151639.777], [2526648.137, 1151663.308], [2526596.587, 1151707.409], [2526594.247, 1151709.41], [2526550.307, 1151726.72], [2526549.457, 1151720.07], [2526591.647, 1151704.039], [2526627.967, 1151673.509], [2526645.197, 1151659.068], [2526680.409, 1151646.915]]]}, "properties": {"OBJECTID": 52081594, "EGRID": "CH314521838816", "NUMERO": "DP 24", "NO_COM_FED": 5642, "GENRE_TXT": "DP communal", "SUPERFICIE_MO": 1194, "SUPERFICIE_RF": null}}, {"type": "Feature", "id": 52083238, "geometry": {"type": "Polygon", "coordinates": [[[2526713.998, 1151481.415], [2526720.908, 1151471.195], [2526731.929, 1151455.484], [2526734.109, 1151452.094], [2526735.409, 1151450.134], [2526750.239, 1151460.294], [2526767.568, 1151472.294], [2526784.878, 1151484.384], [2526783.578, 1151486.424], [2526775.148, 1151498.545], [2526771.328, 1151503.945], [2526764.898, 1151513.295], [2526763.238, 1151515.445], [2526714.678, 1151481.925], [2526713.998, 1151481.415]]]}, "properties": {"OBJECTID": 52083238, "EGRID": "CH338389450760", "NUMERO": "1297", "NO_COM_FED": 5642, "GENRE_TXT": "parcelle priv\u00e9e", "SUPERFICIE_MO": 2281, "SUPERFICIE_RF": 2288}}, {"type": "Feature", "id": 52084247, "geometry": {"type": "Polygon", "coordinates": [[[2527373.442, 1151476.363], [2527373.832, 1151475.963], [2527380.782, 1151482.873], [2527384.342, 1151488.5929999999], [2527383.772, 1151491.633], [2527377.712, 1151485.873], [2527370.892, 1151479.003], [2527373.442, 1151476.363]]]}, "properties": {"OBJECTID": 52084247, "EGRID": "CH874588848320", "NUMERO": "1537", "NO_COM_FED": 5642, "GENRE_TXT": "parcelle priv\u00e9e", "SUPERFICIE_MO": 66, "SUPERFICIE_RF": 66}}, {"type": "Feature", "id": 52085112, "geometry": {"type": "Polygon", "coordinates": [[[2527318.623, 1151832.6], [2527328.093, 1151841.78], [2527334.343, 1151847.881], [2527338.423, 1151851.871], [2527342.523, 1151855.841], [2527345.983, 1151859.331], [2527322.613, 1151877.8], [2527315.893, 1151883.1], [2527315.813, 1151883], [2527303.878, 1151867.816], [2527301.483, 1151864.769], [2527306.333, 1151860.94], [2527312.343, 1151856.17], [2527323.373, 1151847.4], [2527314.083, 1151836.11], [2527318.623, 1151832.6]]]}, "properties": {"OBJECTID": 52085112, "EGRID": "CH574589988371", "NUMERO": "622", "NO_COM_FED": 5642, "GENRE_TXT": "parcelle priv\u00e9e", "SUPERFICIE_MO": 956, "SUPERFICIE_RF": 956}}, {"type": "Feature", "id": 52086858, "geometry": {"type": "Polygon", "coordinates": [[[2527440.941, 1151120.765], [2527441.601, 1151120.905], [2527461.5810000002, 1151125.046], [2527462.661, 1151125.266], [2527471.131, 1151127.026], [2527469.261, 1151131.316], [2527467.731, 1151134.816], [2527453.391, 1151169.556], [2527449.781, 1151178.206], [2527444.041, 1151192.105], [2527439.351, 1151203.575], [2527434.221, 1151216.015], [2527433.361, 1151217.985], [2527431.991, 1151221.265], [2527426.781, 1151219.085], [2527417.991, 1151240.064], [2527387.472, 1151227.283], [2527396.902, 1151203.984], [2527397.792, 1151201.904], [2527417.572, 1151153.495], [2527433.0609999998, 1151137.635], [2527437.461, 1151129.005], [2527436.881, 1151128.735], [2527440.941, 1151120.765]]]}, "properties": {"OBJECTID": 52086858, "EGRID": "CH274588378374", "NUMERO": "142", "NO_COM_FED": 5642, "GENRE_TXT": "parcelle priv\u00e9e", "SUPERFICIE_MO": 4364, "SUPERFICIE_RF": 4368}}, {"type": "Feature", "id": 52087061, "geometry": {"type": "Polygon", "coordinates": [[[2526898.418, 1151213.007], [2526887.168, 1151203.237], [2526899.658, 1151188.717], [2526911.048, 1151175.677], [2526922.807, 1151162.148], [2526925.517, 1151164.318], [2526952.517, 1151177.859], [2526956.147, 1151179.289], [2526938.457, 1151199.658], [2526927.197, 1151212.748], [2526914.708, 1151227.4070000001], [2526898.418, 1151213.007]]]}, "properties": {"OBJECTID": 52087061, "EGRID": "CH468883454750", "NUMERO": "2508", "NO_COM_FED": 5642, "GENRE_TXT": "parcelle priv\u00e9e", "SUPERFICIE_MO": 2132, "SUPERFICIE_RF": 2149}}, {"type": "Feature", "id": 52088340, "geometry": {"type": "Polygon", "coordinates": [[[2526887.168, 1151203.237], [2526884.408, 1151200.976], [2526875.978, 1151193.666], [2526874.118, 1151192.016], [2526873.178, 1151191.176], [2526865.668, 1151184.796], [2526864.698, 1151183.966], [2526880.668, 1151165.166], [2526888.518, 1151156.007], [2526901.298, 1151141.137], [2526910.018, 1151151.6469999999], [2526922.807, 1151162.148], [2526911.048, 1151175.677], [2526899.658, 1151188.717], [2526887.168, 1151203.237]]]}, "properties": {"OBJECTID": 52088340, "EGRID": "CH314559838862", "NUMERO": "2507", "NO_COM_FED": 5642, "GENRE_TXT": "parcelle priv\u00e9e", "SUPERFICIE_MO": 1630, "SUPERFICIE_RF": 1623}}, {"type": "Feature", "id": 52088360, "geometry": {"type": "Polygon", "coordinates": [[[2527321.933, 1151140.721], [2527323.473, 1151141.471], [2527327.573, 1151143.431], [2527331.893, 1151145.462], [2527332.643, 1151145.802], [2527339.932, 1151149.192], [2527321.783, 1151171.341], [2527306.793, 1151159.071], [2527321.933, 1151140.721]]]}, "properties": {"OBJECTID": 52088360, "EGRID": "CH868883453226", "NUMERO": "137", "NO_COM_FED": 5642, "GENRE_TXT": "parcelle priv\u00e9e", "SUPERFICIE_MO": 506, "SUPERFICIE_RF": 516}}, {"type": "Feature", "id": 52089221, "geometry": {"type": "Polygon", "coordinates": [[[2526558.432, 1150981.797], [2526615.751, 1151002.747], [2526646.8310000002, 1150977.239], [2526643.761, 1150945.328], [2526636.981, 1150927.7179999999], [2526633.077, 1150920.194], [2526627.661, 1150909.758], [2526607.922, 1150881.257], [2526587.852, 1150856.307], [2526645.531, 1150792.049], [2526796.219, 1150894.024], [2526798.889, 1150895.814], [2526892.488, 1150958.737], [2526921.568, 1150975.158], [2526882.818, 1150981.9070000001], [2526873.108, 1150984.006], [2526879.468, 1150988.696], [2526880.628, 1150994.326], [2526885.368, 1150993.417], [2526885.838, 1151002.037], [2526822.679, 1151013.914], [2526816.529, 1151012.934], [2526814.969, 1151007.474], [2526806.849, 1151010.074], [2526704.77, 1151040.82], [2526672.471, 1151051.139], [2526649.281, 1151058.739], [2526648.32, 1151059.117], [2526640.715, 1151043.735], [2526630.178, 1151033.373], [2526618.891, 1151030.918], [2526604.761, 1151027.998], [2526576.451, 1151018.428], [2526549.521, 1151005.2280000001], [2526543.841, 1151001.678], [2526543.3109999998, 1151001.338], [2526546.391, 1150997.318], [2526554.312, 1150987.068], [2526558.432, 1150981.797]], [[2526786.649, 1150993.213], [2526788.589, 1150995.163], [2526815.989, 1150985.554], [2526733.41, 1150914.5320000001], [2526732.76, 1150915.411], [2526727.496847842, 1150912.6428030902], [2526721.952827073, 1150910.4916363184], [2526716.199992007, 1150908.9854578858], [2526710.313110868, 1150908.1438432338], [2526704.368694045, 1150907.9777306272], [2526698.4439997035, 1150908.489278992], [2526692.616029682, 1150909.6718398556], [2526686.960528716, 1150911.5100437575], [2526681.551, 1150913.98], [2526689.451, 1150933.52], [2526676.101, 1150948.04], [2526668.431, 1150988.899], [2526676.415, 1151010.135], [2526679.1973273414, 1151011.14309273], [2526682.095, 1151011.744], [2526691.1065061963, 1151012.6020345674], [2526700.151, 1151012.977], [2526710.180093218, 1151012.6760312635], [2526720.1898317994, 1151011.9843474552], [2526730.165, 1151010.903], [2526786.649, 1150993.213]]]}, "properties": {"OBJECTID": 52089221, "EGRID": "CH138388450047", "NUMERO": "DP 1069", "NO_COM_FED": 5642, "GENRE_TXT": "DP cantonal", "SUPERFICIE_MO": 34805, "SUPERFICIE_RF": null}}, {"type": "Feature", "id": 52089462, "geometry": {"type": "Polygon", "coordinates": [[[2526444.309, 1151339.734], [2526441.119, 1151348.245], [2526436.119, 1151358.715], [2526403.069, 1151333.285], [2526398.56, 1151332.005], [2526447.32, 1151277.983], [2526460.87, 1151290.493], [2526453.01, 1151313.764], [2526444.309, 1151339.734]]]}, "properties": {"OBJECTID": 52089462, "EGRID": "CH744583882894", "NUMERO": "1480", "NO_COM_FED": 5642, "GENRE_TXT": "parcelle priv\u00e9e", "SUPERFICIE_MO": 2295, "SUPERFICIE_RF": 2295}}, {"type": "Feature", "id": 52090753, "geometry": {"type": "Polygon", "coordinates": [[[2527408.921, 1151329.104], [2527390.412, 1151352.993], [2527374.462, 1151340.693], [2527380.622, 1151332.743], [2527392.822, 1151316.804], [2527408.921, 1151329.104]]]}, "properties": {"OBJECTID": 52090753, "EGRID": "CH788383458874", "NUMERO": "707", "NO_COM_FED": 5642, "GENRE_TXT": "parcelle priv\u00e9e", "SUPERFICIE_MO": 609, "SUPERFICIE_RF": 615}}, {"type": "Feature", "id": 52092763, "geometry": {"type": "Polygon", "coordinates": [[[2527306.793, 1151159.071], [2527321.783, 1151171.341], [2527320.513, 1151172.911], [2527318.093, 1151170.931], [2527299.693, 1151193.441], [2527285.673, 1151175.27], [2527282.353, 1151170.94], [2527268.853, 1151153.579], [2527282.023, 1151142.87], [2527293.973, 1151152.6], [2527301.303, 1151154.621], [2527306.793, 1151159.071]]]}, "properties": {"OBJECTID": 52092763, "EGRID": "CH989083458811", "NUMERO": "135", "NO_COM_FED": 5642, "GENRE_TXT": "parcelle priv\u00e9e", "SUPERFICIE_MO": 1156, "SUPERFICIE_RF": 1159}}, {"type": "Feature", "id": 52093452, "geometry": {"type": "Polygon", "coordinates": [[[2527094.746, 1151075.664], [2527123.125, 1151035.185], [2527136.365, 1151058.605], [2527102.565, 1151106.494], [2527090.106, 1151085.863], [2527089.026, 1151083.823], [2527094.746, 1151075.664]]]}, "properties": {"OBJECTID": 52093452, "EGRID": "CH452883894569", "NUMERO": "762", "NO_COM_FED": 5642, "GENRE_TXT": "parcelle priv\u00e9e", "SUPERFICIE_MO": 1430, "SUPERFICIE_RF": 1423}}, {"type": "Feature", "id": 52094421, "geometry": {"type": "Polygon", "coordinates": [[[2527507.66, 1151391.187], [2527516.31, 1151399.078], [2527524.07, 1151406.168], [2527537.38, 1151418.338], [2527537.52, 1151418.458], [2527538.11, 1151418.998], [2527530, 1151427.688], [2527521.72, 1151436.128], [2527520.85, 1151435.338], [2527513.46, 1151442.048], [2527512.67, 1151441.178], [2527511.32, 1151439.677], [2527498.69, 1151425.707], [2527495.76, 1151422.457], [2527507.66, 1151391.187]]]}, "properties": {"OBJECTID": 52094421, "EGRID": "CH238388458426", "NUMERO": "3650", "NO_COM_FED": 5642, "GENRE_TXT": "parcelle priv\u00e9e", "SUPERFICIE_MO": 1105, "SUPERFICIE_RF": 1107}}, {"type": "Feature", "id": 52095355, "geometry": {"type": "Polygon", "coordinates": [[[2526824.928, 1151383.404], [2526824.598, 1151383.204], [2526807.239, 1151371.314], [2526808.729, 1151369.364], [2526822.318, 1151349.524], [2526832.838, 1151356.795], [2526839.728, 1151361.665], [2526826.228, 1151381.334], [2526824.928, 1151383.404]]]}, "properties": {"OBJECTID": 52095355, "EGRID": "CH174589278332", "NUMERO": "809", "NO_COM_FED": 5642, "GENRE_TXT": "parcelle priv\u00e9e", "SUPERFICIE_MO": 561, "SUPERFICIE_RF": 569}}, {"type": "Feature", "id": 52096307, "geometry": {"type": "Polygon", "coordinates": [[[2527482.111, 1151884.736], [2527480.281, 1151893.045], [2527470.961, 1151926.755], [2527470.52044469, 1151927.8205370817], [2527469.9199056146, 1151928.804819091], [2527469.173926798, 1151929.6840084104], [2527468.3005745634, 1151930.4368125875], [2527467.321, 1151931.045], [2527466.3291099183, 1151931.469095375], [2527465.286164603, 1151931.7447181088], [2527464.2142568063, 1151931.866029675], [2527463.136092792, 1151931.830460325], [2527462.074511349, 1151931.6387635267], [2527461.052, 1151931.295], [2527434.362, 1151907.914], [2527398.002, 1151876.183], [2527412.012, 1151862.263], [2527420.531, 1151853.114], [2527425.941, 1151840.884], [2527426.781, 1151839.044], [2527445.941, 1151844.425], [2527433.271, 1151870.794], [2527482.111, 1151884.736]]]}, "properties": {"OBJECTID": 52096307, "EGRID": "CH981883458815", "NUMERO": "531", "NO_COM_FED": 5642, "GENRE_TXT": "parcelle priv\u00e9e", "SUPERFICIE_MO": 3406, "SUPERFICIE_RF": 3406}}, {"type": "Feature", "id": 52096351, "geometry": {"type": "Polygon", "coordinates": [[[2527204.404, 1151810.676], [2527204.124, 1151813.146], [2527200.304, 1151847.316], [2527182.615, 1151845.095], [2527169.795, 1151843.455], [2527173.624, 1151809.725], [2527173.904, 1151807.325], [2527188.994, 1151808.986], [2527204.404, 1151810.676]]]}, "properties": {"OBJECTID": 52096351, "EGRID": "CH928860834508", "NUMERO": "629", "NO_COM_FED": 5642, "GENRE_TXT": "parcelle priv\u00e9e", "SUPERFICIE_MO": 1125, "SUPERFICIE_RF": 1125}}, {"type": "Feature", "id": 52096579, "geometry": {"type": "Polygon", "coordinates": [[[2527392.601, 1151731.763], [2527399.901, 1151676.874], [2527404.901, 1151676.734], [2527408.911, 1151708.634], [2527414.8109999998, 1151730.104], [2527392.601, 1151731.763]]]}, "properties": {"OBJECTID": 52096579, "EGRID": "CH414533838868", "NUMERO": "661", "NO_COM_FED": 5642, "GENRE_TXT": "parcelle priv\u00e9e", "SUPERFICIE_MO": 687, "SUPERFICIE_RF": 687}}, {"type": "Feature", "id": 52096633, "geometry": {"type": "Polygon", "coordinates": [[[2527392.601, 1151731.763], [2527414.8109999998, 1151730.104], [2527416.691, 1151737.064], [2527422.226, 1151756.528], [2527390.17, 1151757.528], [2527390.272, 1151749.294], [2527392.601, 1151731.763]]]}, "properties": {"OBJECTID": 52096633, "EGRID": "CH514571838979", "NUMERO": "660", "NO_COM_FED": 5642, "GENRE_TXT": "parcelle priv\u00e9e", "SUPERFICIE_MO": 719, "SUPERFICIE_RF": 719}}, {"type": "Feature", "id": 52097786, "geometry": {"type": "Polygon", "coordinates": [[[2526355.579, 1151406.366], [2526375.319, 1151382.456], [2526399.929, 1151352.655], [2526400.266178221, 1151351.9969902844], [2526400.500850389, 1151351.2958519869], [2526400.6277073678, 1151350.5674473976], [2526400.6438791933, 1151349.8282556697], [2526400.549, 1151349.095], [2526400.3506294256, 1151348.3980085836], [2526400.051953822, 1151347.7377504501], [2526399.6594628226, 1151347.128571712], [2526399.1816844875, 1151346.583708627], [2526398.629, 1151346.115], [2526412.272, 1151355.633], [2526411.5135713913, 1151355.2133253394], [2526410.7035742723, 1151354.9047067352], [2526409.8581718705, 1151354.7133025709], [2526408.9942339137, 1151354.6429322537], [2526408.129, 1151354.695], [2526407.267431935, 1151354.8726531428], [2526406.440169039, 1151355.1718124177], [2526405.66425193, 1151355.5863155052], [2526404.955663562, 1151356.107624142], [2526404.329, 1151356.725], [2526380.999, 1151384.996], [2526360.619, 1151409.676], [2526340.229, 1151434.357], [2526319.859, 1151459.027], [2526299.699, 1151483.438], [2526299.1572507727, 1151484.2084923552], [2526298.742769146, 1151485.054279371], [2526298.465771186, 1151485.9545142432], [2526298.3330842895, 1151486.8870081478], [2526298.3479788974, 1151487.8287771458], [2526298.5100878906, 1151488.756608687], [2526298.8154156366, 1151489.6476337498], [2526299.2564364728, 1151490.4798905114], [2526299.822280198, 1151491.2328656593], [2526300.499, 1151491.888], [2526301.9888123814, 1151493.355862403], [2526303.2011276823, 1151495.0601078596], [2526304.09911727, 1151496.9489635096], [2526304.655501336, 1151498.9650482642], [2526304.8533776226, 1151501.0471159723], [2526304.6867348948, 1151503.1319160028], [2526304.1606355514, 1151505.15611472], [2526303.2910618368, 1151507.0582194808], [2526302.1044303207, 1151508.780446705], [2526300.636789395, 1151510.2704772681], [2526298.9327241685, 1151511.4830458926], [2526297.0440020254, 1151512.381316249], [2526295.028, 1151512.938], [2526292.947830071, 1151513.1367521656], [2526290.8647122, 1151512.9717391685], [2526288.8417770322, 1151512.4479618673], [2526286.9403313263, 1151511.5812937748], [2526285.218, 1151510.398], [2526283.7284494885, 1151508.930431097], [2526282.5162512367, 1151507.2265840943], [2526281.6182081187, 1151505.3381885404], [2526281.0615851204, 1151503.3225769587], [2526280.8632815625, 1151501.2409442079], [2526281.029318028, 1151499.1564895783], [2526281.554653577, 1151497.132498034], [2526282.4233387904, 1151495.230418853], [2526283.609, 1151493.508], [2526296.349, 1151478.088], [2526316.089, 1151454.167], [2526335.829, 1151430.267], [2526355.579, 1151406.366]]]}, "properties": {"OBJECTID": 52097786, "EGRID": "CH928984834556", "NUMERO": "DP 6", "NO_COM_FED": 5642, "GENRE_TXT": "DP communal", "SUPERFICIE_MO": 1556, "SUPERFICIE_RF": null}}, {"type": "Feature", "id": 52098688, "geometry": {"type": "Polygon", "coordinates": [[[2526677.878, 1151539.066], [2526622.568, 1151583.247], [2526620.448, 1151582.497], [2526594.128, 1151549.6469999999], [2526591.208, 1151546.017], [2526630.378, 1151514.616], [2526660.278, 1151530.046], [2526677.878, 1151539.066]]]}, "properties": {"OBJECTID": 52098688, "EGRID": "CH768883454547", "NUMERO": "1509", "NO_COM_FED": 5642, "GENRE_TXT": "parcelle priv\u00e9e", "SUPERFICIE_MO": 2974, "SUPERFICIE_RF": 2974}}, {"type": "Feature", "id": 52100727, "geometry": {"type": "Polygon", "coordinates": [[[2527364.952, 1151649.652], [2527391.431, 1151638.863], [2527386.8109999998, 1151674.563], [2527363.612, 1151685.072], [2527349.302, 1151656.132], [2527364.952, 1151649.652]]]}, "properties": {"OBJECTID": 52100727, "EGRID": "CH114576838973", "NUMERO": "651", "NO_COM_FED": 5642, "GENRE_TXT": "parcelle priv\u00e9e", "SUPERFICIE_MO": 1124, "SUPERFICIE_RF": 1124}}, {"type": "Feature", "id": 52104188, "geometry": {"type": "Polygon", "coordinates": [[[2527327.383, 1151214.751], [2527330.333, 1151216.322], [2527341.062, 1151233.942], [2527339.112, 1151236.352], [2527311.013, 1151268.501], [2527301.453, 1151279.52], [2527291.203, 1151267.44], [2527287.263, 1151262.62], [2527286.423, 1151261.69], [2527286.583, 1151230.78], [2527311.393, 1151222.811], [2527324.573, 1151215.001], [2527327.383, 1151214.751]]]}, "properties": {"OBJECTID": 52104188, "EGRID": "CH250083884523", "NUMERO": "718", "NO_COM_FED": 5642, "GENRE_TXT": "parcelle priv\u00e9e", "SUPERFICIE_MO": 2032, "SUPERFICIE_RF": 2040}}, {"type": "Feature", "id": 52105044, "geometry": {"type": "Polygon", "coordinates": [[[2527070.705, 1151702.882], [2527086.185, 1151685.143], [2527092.145, 1151678.313], [2527104.735, 1151672.524], [2527127.364, 1151662.104], [2527138.774, 1151658.195], [2527142.0439999998, 1151663.875], [2527154.494, 1151685.525], [2527158.984, 1151693.325], [2527161.674, 1151698.015], [2527075.065, 1151702.433], [2527070.705, 1151702.882]]]}, "properties": {"OBJECTID": 52105044, "EGRID": "CH829253834594", "NUMERO": "2406", "NO_COM_FED": 5642, "GENRE_TXT": "DDP superficie", "SUPERFICIE_MO": 2238, "SUPERFICIE_RF": 2238}}, {"type": "Feature", "id": 52107953, "geometry": {"type": "Polygon", "coordinates": [[[2527112.095, 1151209.744], [2527117.975, 1151215.324], [2527128.435, 1151225.815], [2527140.585, 1151237.785], [2527171.124, 1151269.426], [2527190.254, 1151289.137], [2527224.694, 1151330.808], [2527264.783, 1151370.579], [2527335.862, 1151440.7719999999], [2527318.942, 1151465.601], [2527223.214, 1151369.308], [2527221.594, 1151369.378], [2527132.025, 1151290.845], [2527104.705, 1151266.264], [2527057.886, 1151222.542], [2527112.095, 1151209.744]]]}, "properties": {"OBJECTID": 52107953, "EGRID": "CH608945098379", "NUMERO": "DP 1078", "NO_COM_FED": 5642, "GENRE_TXT": "DP cantonal", "SUPERFICIE_MO": 12102, "SUPERFICIE_RF": null}}, {"type": "Feature", "id": 52112510, "geometry": {"type": "Polygon", "coordinates": [[[2527251.934, 1151853.558], [2527224.154, 1151850.177], [2527228.004, 1151815.867], [2527228.284, 1151813.357], [2527230.654, 1151813.627], [2527251.533, 1151816.048], [2527256.093, 1151816.578], [2527255.813, 1151819.068], [2527251.934, 1151853.558]]]}, "properties": {"OBJECTID": 52112510, "EGRID": "CH298388384585", "NUMERO": "631", "NO_COM_FED": 5642, "GENRE_TXT": "parcelle priv\u00e9e", "SUPERFICIE_MO": 1039, "SUPERFICIE_RF": 1039}}, {"type": "Feature", "id": 52113229, "geometry": {"type": "Polygon", "coordinates": [[[2527148.164, 1151765.145], [2527144.195, 1151801.524], [2527143.925, 1151804.024], [2527135.155, 1151803.064], [2527124.355, 1151801.874], [2527124.405, 1151801.404], [2527128.535, 1151763.094], [2527133.475, 1151763.614], [2527148.164, 1151765.145]]]}, "properties": {"OBJECTID": 52113229, "EGRID": "CH254983884558", "NUMERO": "687", "NO_COM_FED": 5642, "GENRE_TXT": "parcelle priv\u00e9e", "SUPERFICIE_MO": 770, "SUPERFICIE_RF": 770}}, {"type": "Feature", "id": 52114085, "geometry": {"type": "Polygon", "coordinates": [[[2526901.928, 1151372.817], [2526875.418, 1151353.966], [2526876.668, 1151351.876], [2526889.258, 1151331.306], [2526915.417, 1151350.267], [2526916.287, 1151350.947], [2526906.027, 1151366.377], [2526901.928, 1151372.817]]]}, "properties": {"OBJECTID": 52114085, "EGRID": "CH398389074538", "NUMERO": "818", "NO_COM_FED": 5642, "GENRE_TXT": "parcelle priv\u00e9e", "SUPERFICIE_MO": 867, "SUPERFICIE_RF": 868}}, {"type": "Feature", "id": 52115095, "geometry": {"type": "Polygon", "coordinates": [[[2526393.927, 1151796.082], [2526390.417, 1151792.432], [2526375.367, 1151776.232], [2526399.177, 1151754.452], [2526417.447, 1151774.502], [2526393.927, 1151796.082]]]}, "properties": {"OBJECTID": 52115095, "EGRID": "CH788483458847", "NUMERO": "1461", "NO_COM_FED": 5642, "GENRE_TXT": "parcelle priv\u00e9e", "SUPERFICIE_MO": 872, "SUPERFICIE_RF": 872}}, {"type": "Feature", "id": 52115771, "geometry": {"type": "Polygon", "coordinates": [[[2527149.585, 1151081.825], [2527164.635, 1151104.386], [2527132.635, 1151149.135], [2527127.355, 1151142.025], [2527116.985, 1151128.094], [2527149.585, 1151081.825]]]}, "properties": {"OBJECTID": 52115771, "EGRID": "CH614524838881", "NUMERO": "764", "NO_COM_FED": 5642, "GENRE_TXT": "parcelle priv\u00e9e", "SUPERFICIE_MO": 1403, "SUPERFICIE_RF": 1400}}, {"type": "Feature", "id": 52116136, "geometry": {"type": "Polygon", "coordinates": [[[2526708.738, 1151477.675], [2526703.688, 1151484.925], [2526709.638, 1151488.945], [2526714.678, 1151481.925], [2526763.238, 1151515.445], [2526761.198, 1151518.405], [2526734.628, 1151556.736], [2526680.798, 1151530.026], [2526667.278, 1151523.276], [2526702.248, 1151473.345], [2526708.738, 1151477.675]]]}, "properties": {"OBJECTID": 52116136, "EGRID": "CH468883453463", "NUMERO": "783", "NO_COM_FED": 5642, "GENRE_TXT": "parcelle priv\u00e9e", "SUPERFICIE_MO": 4067, "SUPERFICIE_RF": 4054}}, {"type": "Feature", "id": 52117429, "geometry": {"type": "Polygon", "coordinates": [[[2527417.5810000002, 1151803.184], [2527400.171, 1151818.923], [2527390.372, 1151827.693], [2527382.962, 1151834.392], [2527380.272, 1151831.132], [2527377.482, 1151827.672], [2527362.352, 1151806.982], [2527368.012, 1151804.072], [2527374.092, 1151801.082], [2527380.822, 1151797.863], [2527389.001, 1151794.143], [2527398.741, 1151789.803], [2527407.691, 1151796.964], [2527419.121, 1151801.814], [2527417.5810000002, 1151803.184]]]}, "properties": {"OBJECTID": 52117429, "EGRID": "CH608945718387", "NUMERO": "527", "NO_COM_FED": 5642, "GENRE_TXT": "parcelle priv\u00e9e", "SUPERFICIE_MO": 1221, "SUPERFICIE_RF": 1221}}, {"type": "Feature", "id": 52117532, "geometry": {"type": "Polygon", "coordinates": [[[2527094.746, 1151075.664], [2527075.6689999998, 1151042.876], [2527100.893, 1151028.247], [2527094.91, 1151017.96], [2527110.024, 1151011.771], [2527123.125, 1151035.185], [2527094.746, 1151075.664]]]}, "properties": {"OBJECTID": 52117532, "EGRID": "CH159583994578", "NUMERO": "3935", "NO_COM_FED": 5642, "GENRE_TXT": "parcelle priv\u00e9e", "SUPERFICIE_MO": 1413, "SUPERFICIE_RF": 1418}}, {"type": "Feature", "id": 52117705, "geometry": {"type": "Polygon", "coordinates": [[[2527338.092, 1151597.552], [2527333.342, 1151591.521], [2527340.242, 1151588.382], [2527362.032, 1151569.632], [2527368.322, 1151562.493], [2527368.632, 1151562.863], [2527373.352, 1151568.623], [2527365.882, 1151573.622], [2527361.582, 1151576.842], [2527357.852, 1151580.332], [2527339.402, 1151599.172], [2527338.092, 1151597.552]]]}, "properties": {"OBJECTID": 52117705, "EGRID": "CH568983457657", "NUMERO": "747", "NO_COM_FED": 5642, "GENRE_TXT": "parcelle priv\u00e9e", "SUPERFICIE_MO": 294, "SUPERFICIE_RF": 294}}, {"type": "Feature", "id": 52121568, "geometry": {"type": "Polygon", "coordinates": [[[2526449.249, 1151466.816], [2526477.458, 1151502.1469999999], [2526426.648, 1151542.848], [2526393.648, 1151523.008], [2526393.6485452475, 1151521.3793823058], [2526393.3849066994, 1151519.7722449107], [2526392.864067396, 1151518.2291563484], [2526392.099822901, 1151516.7909886797], [2526391.112415894, 1151515.4958349075], [2526389.928, 1151514.378], [2526449.249, 1151466.816]]]}, "properties": {"OBJECTID": 52121568, "EGRID": "CH414507838910", "NUMERO": "1881", "NO_COM_FED": 5642, "GENRE_TXT": "parcelle priv\u00e9e", "SUPERFICIE_MO": 3287, "SUPERFICIE_RF": 3287}}, {"type": "Feature", "id": 52121720, "geometry": {"type": "Polygon", "coordinates": [[[2527129.045, 1151035.355], [2527126.965, 1151031.885], [2527122.905, 1151024.635], [2527118.575, 1151014.884], [2527117.355, 1151012.234], [2527117.005, 1151009.374], [2527117.615, 1151006.254], [2527119.455, 1151003.815], [2527122.145, 1151002.395], [2527125.475, 1151001.845], [2527140.615, 1151002.745], [2527160.025, 1151003.176], [2527129.045, 1151035.355]]]}, "properties": {"OBJECTID": 52121720, "EGRID": "CH853283884522", "NUMERO": "771", "NO_COM_FED": 5642, "GENRE_TXT": "parcelle priv\u00e9e", "SUPERFICIE_MO": 766, "SUPERFICIE_RF": 785}}, {"type": "Feature", "id": 52122888, "geometry": {"type": "Polygon", "coordinates": [[[2527277.393, 1151819.039], [2527256.093, 1151816.578], [2527251.533, 1151816.048], [2527251.803, 1151813.588], [2527255.063, 1151783.308], [2527281.213, 1151782.429], [2527277.643, 1151816.599], [2527277.393, 1151819.039]]]}, "properties": {"OBJECTID": 52122888, "EGRID": "CH538388455748", "NUMERO": "635", "NO_COM_FED": 5642, "GENRE_TXT": "parcelle priv\u00e9e", "SUPERFICIE_MO": 905, "SUPERFICIE_RF": 905}}, {"type": "Feature", "id": 52123031, "geometry": {"type": "Polygon", "coordinates": [[[2526393.927, 1151796.082], [2526417.447, 1151774.502], [2526434.327, 1151793.001], [2526434.9160704375, 1151793.8481569076], [2526435.375866449, 1151794.7718811273], [2526435.6966389604, 1151795.752586895], [2526435.8715866185, 1151796.7694802636], [2526435.897, 1151797.801], [2526435.767996865, 1151798.8457507899], [2526435.4856646317, 1151799.8598684021], [2526435.0562321865, 1151800.8209791123], [2526434.4891737797, 1151801.7078786471], [2526433.797, 1151802.501], [2526414.947, 1151818.562], [2526393.927, 1151796.082]]]}, "properties": {"OBJECTID": 52123031, "EGRID": "CH228802834589", "NUMERO": "1462", "NO_COM_FED": 5642, "GENRE_TXT": "parcelle priv\u00e9e", "SUPERFICIE_MO": 983, "SUPERFICIE_RF": 983}}, {"type": "Feature", "id": 52124628, "geometry": {"type": "Polygon", "coordinates": [[[2526360.619, 1151409.676], [2526380.999, 1151384.996], [2526397.459, 1151398.426], [2526401.889, 1151402.056], [2526411.1890000002, 1151409.946], [2526399.259, 1151429.036], [2526393.329, 1151436.696], [2526381.4390000002, 1151426.846], [2526377.069, 1151423.236], [2526360.619, 1151409.676]]]}, "properties": {"OBJECTID": 52124628, "EGRID": "CH328820834587", "NUMERO": "2464", "NO_COM_FED": 5642, "GENRE_TXT": "parcelle priv\u00e9e", "SUPERFICIE_MO": 1319, "SUPERFICIE_RF": 1319}}, {"type": "Feature", "id": 52125015, "geometry": {"type": "Polygon", "coordinates": [[[2526720.22, 1151700.357], [2526708.562, 1151712.016], [2526675.752, 1151679.206], [2526688.056, 1151666.902], [2526703.137, 1151681.984], [2526720.865, 1151699.712], [2526720.22, 1151700.357]]]}, "properties": {"OBJECTID": 52125015, "EGRID": "CH680083450804", "NUMERO": "4165", "NO_COM_FED": 5642, "GENRE_TXT": "parcelle priv\u00e9e", "SUPERFICIE_MO": 807, "SUPERFICIE_RF": 807}}, {"type": "Feature", "id": 52125031, "geometry": {"type": "Polygon", "coordinates": [[[2527255.663, 1151226.189], [2527243.374, 1151261.879], [2527238.514, 1151265.9780000001], [2527231.864, 1151271.538], [2527227.2939999998, 1151266.258], [2527222.0640000002, 1151260.178], [2527216.894, 1151254.098], [2527211.734, 1151247.987], [2527206.624, 1151241.837], [2527201.5439999998, 1151235.677], [2527191.474, 1151223.267], [2527183.444, 1151213.1469999999], [2527204.744, 1151210.867], [2527235.874, 1151221.668], [2527255.663, 1151226.189]]]}, "properties": {"OBJECTID": 52125031, "EGRID": "CH428826834596", "NUMERO": "719", "NO_COM_FED": 5642, "GENRE_TXT": "parcelle priv\u00e9e", "SUPERFICIE_MO": 2147, "SUPERFICIE_RF": 2148}}, {"type": "Feature", "id": 52125818, "geometry": {"type": "Polygon", "coordinates": [[[2526935.087, 1151245.088], [2526922.657, 1151234.4679999999], [2526914.708, 1151227.4070000001], [2526927.197, 1151212.748], [2526938.457, 1151199.658], [2526956.147, 1151179.289], [2526980.817, 1151189.02], [2526985.607, 1151191.18], [2526962.827, 1151217.349], [2526955.977, 1151225.119], [2526937.087, 1151246.858], [2526935.087, 1151245.088]]]}, "properties": {"OBJECTID": 52125818, "EGRID": "CH614572838936", "NUMERO": "759", "NO_COM_FED": 5642, "GENRE_TXT": "parcelle priv\u00e9e", "SUPERFICIE_MO": 2059, "SUPERFICIE_RF": 2059}}, {"type": "Feature", "id": 52127190, "geometry": {"type": "Polygon", "coordinates": [[[2526297.327, 1151734.082], [2526296.8053496084, 1151733.1715387974], [2526296.42260072, 1151732.1945218986], [2526296.187, 1151731.172], [2526296.134009401, 1151729.5996308129], [2526296.267, 1151728.0320000001], [2526296.850908515, 1151726.100231177], [2526297.747, 1151724.292], [2526298.930046997, 1151722.6579452893], [2526300.367, 1151721.242], [2526312.957, 1151711.212], [2526332.737, 1151731.702], [2526339.957, 1151739.232], [2526319.287, 1151758.152], [2526297.327, 1151734.082]]]}, "properties": {"OBJECTID": 52127190, "EGRID": "CH328886834575", "NUMERO": "1514", "NO_COM_FED": 5642, "GENRE_TXT": "parcelle priv\u00e9e", "SUPERFICIE_MO": 1072, "SUPERFICIE_RF": 1072}}, {"type": "Feature", "id": 52128299, "geometry": {"type": "Polygon", "coordinates": [[[2527194.494, 1151138.627], [2527197.084, 1151140.457], [2527200.274, 1151140.727], [2527203.434, 1151139.287], [2527205.884, 1151135.9070000001], [2527207.734, 1151133.007], [2527212.704, 1151125.618], [2527228.164, 1151102.598], [2527256.464, 1151052.329], [2527261.054, 1151054.379], [2527245.404, 1151082.319], [2527232.464, 1151105.168], [2527204.984, 1151146.037], [2527204.484, 1151150.197], [2527205.114, 1151153.467], [2527194.494, 1151138.627]]]}, "properties": {"OBJECTID": 52128299, "EGRID": "CH451083894570", "NUMERO": "DP 1074", "NO_COM_FED": 5642, "GENRE_TXT": "DP communal", "SUPERFICIE_MO": 582, "SUPERFICIE_RF": null}}, {"type": "Feature", "id": 52128609, "geometry": {"type": "Polygon", "coordinates": [[[2526540.691, 1151154.341], [2526530.47, 1151170.871], [2526522.7, 1151185.421], [2526521.48, 1151187.491], [2526520.59, 1151189.231], [2526509.66, 1151213.042], [2526506.4, 1151220.202], [2526505.08, 1151223.302], [2526497.01, 1151242.2820000001], [2526482.83, 1151274.163], [2526475.9, 1151288.053], [2526461.89, 1151317.454], [2526451.1689999998, 1151341.334], [2526444.309, 1151339.734], [2526453.01, 1151313.764], [2526460.87, 1151290.493], [2526463.35, 1151282.733], [2526469.22, 1151265.903], [2526479.88, 1151235.442], [2526488.7, 1151212.572], [2526502.94, 1151180.281], [2526514.42, 1151160.801], [2526528.741, 1151142.26], [2526540.431, 1151128.99], [2526542.571, 1151127.39], [2526550.241, 1151119.6], [2526560.911, 1151109.66], [2526576.891, 1151096.129], [2526593.491, 1151084.609], [2526609.421, 1151075.449], [2526629.111, 1151066.678], [2526648.32, 1151059.117], [2526649.281, 1151058.739], [2526672.471, 1151051.139], [2526704.77, 1151040.82], [2526806.849, 1151010.074], [2526814.969, 1151007.474], [2526816.529, 1151012.934], [2526822.679, 1151013.914], [2526814.6890000002, 1151020.094], [2526757.43, 1151033.932], [2526741.86, 1151037.862], [2526691.72, 1151051.67], [2526674.8310000002, 1151057.879], [2526652.111, 1151066.679], [2526632.8310000002, 1151075.329], [2526617.191, 1151083.839], [2526614.711, 1151085.129], [2526600.201, 1151094.159], [2526584.381, 1151106.189], [2526570.031, 1151119.09], [2526559.911, 1151129.83], [2526553.681, 1151137.51], [2526551.801, 1151139.86], [2526541.821, 1151152.75], [2526540.691, 1151154.341]]]}, "properties": {"OBJECTID": 52128609, "EGRID": "CH768883453557", "NUMERO": "1495", "NO_COM_FED": 5642, "GENRE_TXT": "parcelle priv\u00e9e", "SUPERFICIE_MO": 6622, "SUPERFICIE_RF": 6698}}, {"type": "Feature", "id": 52129745, "geometry": {"type": "Polygon", "coordinates": [[[2526392.587, 1151687.881], [2526368.087, 1151710.441], [2526352.347, 1151693.241], [2526351.483726441, 1151692.105582669], [2526350.787, 1151690.861], [2526350.2730693356, 1151689.5402228734], [2526349.947, 1151688.161], [2526349.800993491, 1151686.743736076], [2526349.877, 1151685.321], [2526350.1719989977, 1151683.9350033943], [2526350.677, 1151682.611], [2526351.3198812054, 1151681.3421998967], [2526352.127, 1151680.171], [2526352.8020885196, 1151679.3989080533], [2526353.548, 1151678.695], [2526354.077, 1151678.271], [2526356.847, 1151676.081], [2526371.207, 1151664.6], [2526392.587, 1151687.881]]]}, "properties": {"OBJECTID": 52129745, "EGRID": "CH308845868374", "NUMERO": "1464", "NO_COM_FED": 5642, "GENRE_TXT": "parcelle priv\u00e9e", "SUPERFICIE_MO": 1065, "SUPERFICIE_RF": 1065}}, {"type": "Feature", "id": 52129917, "geometry": {"type": "Polygon", "coordinates": [[[2527234.033, 1151782.438], [2527230.924, 1151811.1570000001], [2527230.654, 1151813.627], [2527228.284, 1151813.357], [2527220.224, 1151812.417], [2527210.7939999998, 1151811.387], [2527211.084, 1151808.787], [2527214.2939999998, 1151779.557], [2527217.554, 1151780.537], [2527226.743, 1151781.457], [2527234.033, 1151782.438]]]}, "properties": {"OBJECTID": 52129917, "EGRID": "CH308945288327", "NUMERO": "633", "NO_COM_FED": 5642, "GENRE_TXT": "parcelle priv\u00e9e", "SUPERFICIE_MO": 629, "SUPERFICIE_RF": 629}}, {"type": "Feature", "id": 52131506, "geometry": {"type": "Polygon", "coordinates": [[[2526905.408, 1151253.357], [2526908.608, 1151249.527], [2526912.988, 1151253.3969999999], [2526909.888, 1151257.207], [2526905.408, 1151253.357]]]}, "properties": {"OBJECTID": 52131506, "EGRID": "CH298388434570", "NUMERO": "3206", "NO_COM_FED": 5642, "GENRE_TXT": "parcelle priv\u00e9e", "SUPERFICIE_MO": 29, "SUPERFICIE_RF": 28}}, {"type": "Feature", "id": 52133907, "geometry": {"type": "Polygon", "coordinates": [[[2526540.691, 1151154.341], [2526556.35, 1151166.891], [2526561.05, 1151170.741], [2526575.74, 1151183.821], [2526578.6, 1151186.021], [2526578.21, 1151186.541], [2526581.19, 1151188.951], [2526575.6, 1151195.881], [2526629.94, 1151240.241], [2526603.49, 1151274.632], [2526587.34, 1151279.112], [2526554.72, 1151256.982], [2526505.08, 1151223.302], [2526506.4, 1151220.202], [2526509.66, 1151213.042], [2526520.59, 1151189.231], [2526521.48, 1151187.491], [2526522.7, 1151185.421], [2526530.47, 1151170.871], [2526540.691, 1151154.341]]]}, "properties": {"OBJECTID": 52133907, "EGRID": "CH608845338334", "NUMERO": "3469", "NO_COM_FED": 5642, "GENRE_TXT": "parcelle priv\u00e9e", "SUPERFICIE_MO": 7604, "SUPERFICIE_RF": 7577}}, {"type": "Feature", "id": 52134195, "geometry": {"type": "Polygon", "coordinates": [[[2527203.234, 1151158.837], [2527220.994, 1151180.768], [2527223.504, 1151183.768], [2527223.114, 1151186.598], [2527203.554, 1151203.9070000001], [2527176.494, 1151206.756], [2527172.374, 1151201.306], [2527203.234, 1151158.837]]]}, "properties": {"OBJECTID": 52134195, "EGRID": "CH859083884508", "NUMERO": "769", "NO_COM_FED": 5642, "GENRE_TXT": "parcelle priv\u00e9e", "SUPERFICIE_MO": 1258, "SUPERFICIE_RF": 1238}}, {"type": "Feature", "id": 52135354, "geometry": {"type": "Polygon", "coordinates": [[[2527203.234, 1151158.837], [2527172.374, 1151201.306], [2527159.095, 1151184.006], [2527162.655, 1151179.116], [2527189.844, 1151140.967], [2527203.234, 1151158.837]]]}, "properties": {"OBJECTID": 52135354, "EGRID": "CH214585838955", "NUMERO": "768", "NO_COM_FED": 5642, "GENRE_TXT": "parcelle priv\u00e9e", "SUPERFICIE_MO": 1110, "SUPERFICIE_RF": 1105}}, {"type": "Feature", "id": 52135792, "geometry": {"type": "Polygon", "coordinates": [[[2527097.755, 1151730.253], [2527084.095, 1151730.523], [2527085.955, 1151736.8530000001], [2527090.185, 1151744.263], [2527088.435, 1151745.263], [2527091.045, 1151754.123], [2527060.295, 1151750.992], [2527051.316, 1151749.841], [2527047.426, 1151744.491], [2527045.816, 1151741.391], [2527045.076, 1151737.951], [2527045.176, 1151734.441], [2527046.035, 1151731.061], [2527047.725, 1151727.951], [2527050.015, 1151725.2820000001], [2527052.515, 1151722.832], [2527055.425, 1151720.412], [2527058.285, 1151718.412], [2527061.585, 1151716.562], [2527066.725, 1151714.442], [2527072.135, 1151712.922], [2527077.605, 1151712.233], [2527092.575, 1151711.443], [2527097.755, 1151730.253]]]}, "properties": {"OBJECTID": 52135792, "EGRID": "CH457583894561", "NUMERO": "2021", "NO_COM_FED": 5642, "GENRE_TXT": "parcelle priv\u00e9e", "SUPERFICIE_MO": 1594, "SUPERFICIE_RF": 1594}}, {"type": "Feature", "id": 52135987, "geometry": {"type": "Polygon", "coordinates": [[[2527074.486, 1151840.382], [2527062.986, 1151878.031], [2526984.618, 1151925.4679999999], [2526995.067, 1151888.419], [2527000.537, 1151885.109], [2527052.056, 1151853.951], [2527074.486, 1151840.382]]]}, "properties": {"OBJECTID": 52135987, "EGRID": "CH828935834546", "NUMERO": "3400", "NO_COM_FED": 5642, "GENRE_TXT": "DDP superficie", "SUPERFICIE_MO": 2423, "SUPERFICIE_RF": 2423}}, {"type": "Feature", "id": 52136305, "geometry": {"type": "Polygon", "coordinates": [[[2527097.755, 1151730.253], [2527092.575, 1151711.443], [2527154.069, 1151708.301], [2527155.562, 1151737.33], [2527106.568, 1151739.848], [2527103.935, 1151730.133], [2527097.755, 1151730.253]]]}, "properties": {"OBJECTID": 52136305, "EGRID": "CH368983450797", "NUMERO": "4112", "NO_COM_FED": 5642, "GENRE_TXT": "parcelle priv\u00e9e", "SUPERFICIE_MO": 1636, "SUPERFICIE_RF": 1636}}, {"type": "Feature", "id": 52136564, "geometry": {"type": "Polygon", "coordinates": [[[2527465.451, 1151816.725], [2527469.291, 1151817.056], [2527473.401, 1151817.066], [2527477.48, 1151816.736], [2527481.83, 1151816.086], [2527488.85, 1151815.286], [2527489.85, 1151815.206], [2527490.654552864, 1151815.1600055431], [2527491.46, 1151815.186], [2527492.5635416117, 1151815.3389074688], [2527493.64, 1151815.626], [2527494.300939953, 1151815.942521911], [2527494.9086106154, 1151816.3521120816], [2527495.45, 1151816.846], [2527495.9340542066, 1151817.443976652], [2527496.3204483683, 1151818.1092466], [2527496.6, 1151818.826], [2527496.789016555, 1151819.9631994998], [2527496.79, 1151821.116], [2527496.66, 1151822.006], [2527493.2, 1151833.886], [2527488.281, 1151856.516], [2527463.261, 1151849.385], [2527465.991, 1151839.775], [2527459.381, 1151837.905], [2527465.451, 1151816.725]]]}, "properties": {"OBJECTID": 52136564, "EGRID": "CH138388455391", "NUMERO": "534", "NO_COM_FED": 5642, "GENRE_TXT": "parcelle priv\u00e9e", "SUPERFICIE_MO": 1104, "SUPERFICIE_RF": 1104}}, {"type": "Feature", "id": 52137817, "geometry": {"type": "Polygon", "coordinates": [[[2526898.418, 1151213.007], [2526868.098, 1151247.376], [2526867.938, 1151253.236], [2526864.468, 1151257.276], [2526860.278, 1151262.226], [2526857.738, 1151265.225], [2526853.618, 1151269.995], [2526842.618, 1151283.005], [2526834.988, 1151292.095], [2526827.398, 1151286.624], [2526812.979, 1151276.514], [2526795.389, 1151264.123], [2526856.378, 1151193.675], [2526864.698, 1151183.966], [2526865.668, 1151184.796], [2526873.178, 1151191.176], [2526874.118, 1151192.016], [2526875.978, 1151193.666], [2526884.408, 1151200.976], [2526887.168, 1151203.237], [2526898.418, 1151213.007]]]}, "properties": {"OBJECTID": 52137817, "EGRID": "CH784283458817", "NUMERO": "2512", "NO_COM_FED": 5642, "GENRE_TXT": "parcelle priv\u00e9e", "SUPERFICIE_MO": 4789, "SUPERFICIE_RF": 4791}}, {"type": "Feature", "id": 52138754, "geometry": {"type": "Polygon", "coordinates": [[[2527337.562, 1151435.872], [2527338.722, 1151436.982], [2527361.222, 1151459.822], [2527372.522, 1151471.163], [2527383.222, 1151481.633], [2527385.472, 1151484.923], [2527389.041, 1151488.553], [2527390.231, 1151489.783], [2527388.711, 1151496.333], [2527383.772, 1151491.633], [2527384.342, 1151488.5929999999], [2527380.782, 1151482.873], [2527373.832, 1151475.963], [2527373.442, 1151476.363], [2527356.192, 1151459.2719999999], [2527335.862, 1151440.7719999999], [2527337.562, 1151435.872]]]}, "properties": {"OBJECTID": 52138754, "EGRID": "CH208845828323", "NUMERO": "DP 1081", "NO_COM_FED": 5642, "GENRE_TXT": "DP communal", "SUPERFICIE_MO": 271, "SUPERFICIE_RF": null}}, {"type": "Feature", "id": 52141199, "geometry": {"type": "Polygon", "coordinates": [[[2527101.766, 1151001.214], [2527104.895, 1151002.604], [2527110.024, 1151011.771], [2527094.91, 1151017.96], [2527100.893, 1151028.247], [2527075.6689999998, 1151042.876], [2527051.196, 1151000.812], [2527101.766, 1151001.214]]]}, "properties": {"OBJECTID": 52141199, "EGRID": "CH169983459501", "NUMERO": "3934", "NO_COM_FED": 5642, "GENRE_TXT": "parcelle priv\u00e9e", "SUPERFICIE_MO": 1424, "SUPERFICIE_RF": 1433}}, {"type": "Feature", "id": 52141315, "geometry": {"type": "Polygon", "coordinates": [[[2527299.833, 1151071.611], [2527293.583, 1151068.8], [2527261.054, 1151054.379], [2527256.464, 1151052.329], [2527253.644, 1151051.069], [2527238.944, 1151043.219], [2527216.824, 1151031.408], [2527213.444, 1151029.4780000001], [2527193.694, 1151019.017], [2527182.085, 1151012.917], [2527174.565, 1151010.456], [2527172.685, 1151009.786], [2527171.485, 1151008.976], [2527160.025, 1151003.176], [2527163.9176766207, 1151003.243982519], [2527167.795, 1151003.596], [2527173.515, 1151004.646], [2527176.424059122, 1151005.499019649], [2527179.265, 1151006.557], [2527180.645, 1151003.737], [2527203.594, 1151004.757], [2527260.144, 1151041.079], [2527287.053, 1151053.77], [2527335.113, 1151074.142], [2527376.422, 1151090.973], [2527405.012, 1151101.964], [2527404.372, 1151112.444], [2527401.112, 1151110.884], [2527401.322, 1151110.334], [2527388.912, 1151105.624], [2527388.702, 1151106.174], [2527376.762, 1151100.693], [2527373.802, 1151099.323], [2527371.502, 1151098.553], [2527346.932, 1151090.562], [2527333.173, 1151085.332], [2527330.883, 1151084.462], [2527328.443, 1151083.612], [2527324.623, 1151082.111], [2527317.753, 1151079.301], [2527313.213, 1151077.371], [2527309.173, 1151075.771], [2527299.833, 1151071.611]]]}, "properties": {"OBJECTID": 52141315, "EGRID": "CH468983451159", "NUMERO": "741", "NO_COM_FED": 5642, "GENRE_TXT": "parcelle priv\u00e9e", "SUPERFICIE_MO": 2994, "SUPERFICIE_RF": 2994}}, {"type": "Feature", "id": 52141773, "geometry": {"type": "Polygon", "coordinates": [[[2526859.086, 1151688.5320000001], [2526841.624, 1151671.069], [2526817.511, 1151695.181], [2526806.198, 1151683.868], [2526838.795, 1151651.27], [2526849.558, 1151662.033], [2526852.386, 1151659.204], [2526879.751, 1151686.569], [2526868.437, 1151697.883], [2526859.086, 1151688.5320000001]]]}, "properties": {"OBJECTID": 52141773, "EGRID": "CH384883450871", "NUMERO": "4174", "NO_COM_FED": 5642, "GENRE_TXT": "parcelle priv\u00e9e", "SUPERFICIE_MO": 1347, "SUPERFICIE_RF": 1347}}, {"type": "Feature", "id": 52142122, "geometry": {"type": "Polygon", "coordinates": [[[2527476.151, 1151247.416], [2527484.501, 1151225.067], [2527486.591, 1151219.467], [2527488.471, 1151214.3969999999], [2527511.92, 1151223.028], [2527500.91, 1151255.677], [2527476.151, 1151247.416]]]}, "properties": {"OBJECTID": 52142122, "EGRID": "CH714583838801", "NUMERO": "145", "NO_COM_FED": 5642, "GENRE_TXT": "parcelle priv\u00e9e", "SUPERFICIE_MO": 890, "SUPERFICIE_RF": 892}}, {"type": "Feature", "id": 52142213, "geometry": {"type": "Polygon", "coordinates": [[[2527422.226, 1151756.528], [2527425.941, 1151769.604], [2527423.518, 1151770.293], [2527416.6859999998, 1151771.037], [2527409.04, 1151771.267], [2527400.173, 1151769.97], [2527395.162, 1151767.056], [2527392.046, 1151764.466], [2527390.342, 1151760.7820000001], [2527390.17, 1151757.528], [2527422.226, 1151756.528]]]}, "properties": {"OBJECTID": 52142213, "EGRID": "CH350083894583", "NUMERO": "659", "NO_COM_FED": 5642, "GENRE_TXT": "parcelle priv\u00e9e", "SUPERFICIE_MO": 425, "SUPERFICIE_RF": 425}}, {"type": "Feature", "id": 52142502, "geometry": {"type": "Polygon", "coordinates": [[[2526745.985, 1151664.7719999999], [2526758.204, 1151652.553], [2526785.838, 1151680.187], [2526773.619, 1151692.406], [2526762.448, 1151681.235], [2526745.985, 1151664.7719999999]]]}, "properties": {"OBJECTID": 52142502, "EGRID": "CH284883450808", "NUMERO": "4179", "NO_COM_FED": 5642, "GENRE_TXT": "parcelle priv\u00e9e", "SUPERFICIE_MO": 675, "SUPERFICIE_RF": 675}}, {"type": "Feature", "id": 52143957, "geometry": {"type": "Polygon", "coordinates": [[[2526961.697, 1151751.458], [2526953.947, 1151752.738], [2526931.657, 1151774.097], [2526928.257, 1151770.8969999999], [2526923.997, 1151766.857], [2526914.517, 1151757.8969999999], [2526931.877, 1151741.117], [2526950.977, 1151722.818], [2526977.476, 1151697.549], [2526988.786, 1151708.52], [2526990.306, 1151709.82], [2527009.236, 1151726], [2527014.306, 1151730.33], [2527012.7060000002, 1151735.72], [2527011.536, 1151740.85], [2527011.236, 1151745.66], [2527009.036, 1151744.58], [2526982.486, 1151731.539], [2526961.697, 1151751.458]], [[2526936.667, 1151741.588], [2526920.287, 1151757.367], [2526932.007, 1151769.517], [2526948.387, 1151753.738], [2526936.667, 1151741.588]], [[2526957.087, 1151723.538], [2526941.427, 1151738.458], [2526953.767, 1151751.388], [2526969.417, 1151736.449], [2526957.087, 1151723.538]]]}, "properties": {"OBJECTID": 52143957, "EGRID": "CH974588498391", "NUMERO": "855", "NO_COM_FED": 5642, "GENRE_TXT": "parcelle priv\u00e9e", "SUPERFICIE_MO": 1991, "SUPERFICIE_RF": 1991}}, {"type": "Feature", "id": 52144241, "geometry": {"type": "Polygon", "coordinates": [[[2527435.941, 1151791.045], [2527435.721, 1151791.065], [2527436.751, 1151805.294], [2527412.171, 1151794.714], [2527409.571, 1151792.674], [2527407.841, 1151789.914], [2527407.101, 1151786.694], [2527434.591, 1151777.035], [2527435.291, 1151784.255], [2527435.631, 1151787.695], [2527435.941, 1151791.045]]]}, "properties": {"OBJECTID": 52144241, "EGRID": "CH698389714535", "NUMERO": "535", "NO_COM_FED": 5642, "GENRE_TXT": "parcelle priv\u00e9e", "SUPERFICIE_MO": 480, "SUPERFICIE_RF": 480}}, {"type": "Feature", "id": 52145494, "geometry": {"type": "Polygon", "coordinates": [[[2527434.981, 1151296.345], [2527408.921, 1151329.104], [2527392.822, 1151316.804], [2527414.8109999998, 1151287.924], [2527434.981, 1151296.345]]]}, "properties": {"OBJECTID": 52145494, "EGRID": "CH338388458489", "NUMERO": "708", "NO_COM_FED": 5642, "GENRE_TXT": "parcelle priv\u00e9e", "SUPERFICIE_MO": 808, "SUPERFICIE_RF": 798}}, {"type": "Feature", "id": 52146000, "geometry": {"type": "Polygon", "coordinates": [[[2527246.693, 1151778.618], [2527243.433, 1151778.878], [2527220.444, 1151775.847], [2527222.833, 1151745.737], [2527223.773, 1151728.7179999999], [2527221.353, 1151718.417], [2527223.513, 1151717.548], [2527240.923, 1151747.828], [2527241.493, 1151750.898], [2527241.593, 1151751.428], [2527242.433, 1151755.908], [2527246.693, 1151778.618]]]}, "properties": {"OBJECTID": 52146000, "EGRID": "CH144583897653", "NUMERO": "639", "NO_COM_FED": 5642, "GENRE_TXT": "parcelle priv\u00e9e", "SUPERFICIE_MO": 939, "SUPERFICIE_RF": 939}}, {"type": "Feature", "id": 52147373, "geometry": {"type": "Polygon", "coordinates": [[[2526995.067, 1151888.419], [2526981.218, 1151879.618], [2526987.677, 1151844.679], [2526992.007, 1151836.739], [2527008.717, 1151813.73], [2527020.836, 1151793.68], [2527028.196, 1151768.411], [2527028.666, 1151752.551], [2527040.166, 1151753.541], [2527070.026, 1151793.832], [2527076.366, 1151805.962], [2527078.656, 1151819.392], [2527076.746, 1151832.902], [2527074.486, 1151840.382], [2527052.056, 1151853.951], [2527000.537, 1151885.109], [2526995.067, 1151888.419]]]}, "properties": {"OBJECTID": 52147373, "EGRID": "CH444583890819", "NUMERO": "1558", "NO_COM_FED": 5642, "GENRE_TXT": "parcelle priv\u00e9e", "SUPERFICIE_MO": 6822, "SUPERFICIE_RF": 6822}}, {"type": "Feature", "id": 52148088, "geometry": {"type": "Polygon", "coordinates": [[[2527087.014, 1151547.324], [2527079.265, 1151551.313], [2527067.1296332576, 1151558.1212120526], [2527055.175, 1151565.242], [2527043.2970862016, 1151572.6379447533], [2527031.616, 1151580.341], [2527018.433440478, 1151589.4564003393], [2527005.5295871417, 1151598.962238964], [2526992.916, 1151608.85], [2526983.7276338506, 1151616.6173166386], [2526974.716, 1151624.589], [2526965.6720703035, 1151632.7669349555], [2526956.817, 1151641.149], [2526954.077, 1151643.758], [2526945.592, 1151652.318], [2526940.709, 1151656.851], [2526936.4445640165, 1151660.8885955138], [2526931.91770198, 1151664.6295996422], [2526927.149, 1151668.057], [2526923.3300506896, 1151670.2569744682], [2526919.289, 1151672.016], [2526918.3667092337, 1151672.23004709], [2526917.424, 1151672.318], [2526915.2949634315, 1151670.6105295517], [2526912.913588299, 1151669.2773737023], [2526910.345029663, 1151668.355007953], [2526907.659563976, 1151667.8686684777], [2526904.9306662977, 1151667.8316616544], [2526902.233, 1151668.245], [2526900.1177874245, 1151667.8159414819], [2526898.0810000002, 1151667.102], [2526892.4458864215, 1151664.5889463918], [2526886.924, 1151661.836], [2526847.467, 1151629.726], [2526846.607, 1151628.986], [2526794.868, 1151586.916], [2526781.158, 1151575.786], [2526779.838, 1151574.246], [2526779.088, 1151572.346], [2526779.628, 1151572.296], [2526779.528, 1151571.306], [2526778.978, 1151571.386], [2526779.238, 1151569.366], [2526780.148, 1151567.556], [2526835.958, 1151486.865], [2526838.388, 1151483.575], [2526893.658, 1151401.087], [2526910.652, 1151375.356], [2527087.014, 1151547.324]]]}, "properties": {"OBJECTID": 52148088, "EGRID": "CH600845008362", "NUMERO": "4166", "NO_COM_FED": 5642, "GENRE_TXT": "parcelle priv\u00e9e", "SUPERFICIE_MO": 46070, "SUPERFICIE_RF": 46061}}, {"type": "Feature", "id": 52151095, "geometry": {"type": "Polygon", "coordinates": [[[2527386.341, 1151678.123], [2527330.752, 1151703.291], [2527312.572, 1151711.491], [2527311.841, 1151710.116], [2527306.432, 1151712.48], [2527294.509, 1151717.8530000001], [2527277.503, 1151685.509], [2527273.873, 1151678.599], [2527277.143, 1151675.409], [2527282.303, 1151670.12], [2527283.323, 1151671.13], [2527284.273, 1151670.15], [2527283.263, 1151669.15], [2527285.113, 1151667.27], [2527301.022, 1151651.12], [2527336.292, 1151615.221], [2527337.272, 1151616.261], [2527319.362, 1151634.431], [2527302.712, 1151651.67], [2527313.022, 1151670.981], [2527339.732, 1151659.952], [2527349.302, 1151656.132], [2527363.612, 1151685.072], [2527386.8109999998, 1151674.563], [2527386.341, 1151678.123]]]}, "properties": {"OBJECTID": 52151095, "EGRID": "CH138389457659", "NUMERO": "650", "NO_COM_FED": 5642, "GENRE_TXT": "parcelle priv\u00e9e", "SUPERFICIE_MO": 3537, "SUPERFICIE_RF": 3537}}, {"type": "Feature", "id": 52152764, "geometry": {"type": "Polygon", "coordinates": [[[2526729.648, 1151624.387], [2526710.918, 1151618.457], [2526691.578, 1151611.267], [2526671.688, 1151600.767], [2526721.098, 1151561.286], [2526751.078, 1151574.626], [2526752.373495302, 1151575.3255548617], [2526753.551775153, 1151576.208358166], [2526754.587118308, 1151577.2551387695], [2526755.4569237577, 1151578.443045989], [2526756.142204094, 1151579.7461484182], [2526756.628, 1151581.136], [2526756.905006061, 1151582.5934470643], [2526756.962738086, 1151584.0758610805], [2526756.799918495, 1151585.55043698], [2526756.420150404, 1151586.9845431475], [2526755.8318378865, 1151588.346443542], [2526755.048, 1151589.606], [2526729.648, 1151624.387]]]}, "properties": {"OBJECTID": 52152764, "EGRID": "CH228849834554", "NUMERO": "1475", "NO_COM_FED": 5642, "GENRE_TXT": "parcelle priv\u00e9e", "SUPERFICIE_MO": 2995, "SUPERFICIE_RF": 2995}}, {"type": "Feature", "id": 52153286, "geometry": {"type": "Polygon", "coordinates": [[[2527358.612, 1151294.832], [2527387.942, 1151316.8530000001], [2527368.082, 1151342.833], [2527338.102, 1151320.382], [2527349.832, 1151305.842], [2527351.852, 1151303.372], [2527358.612, 1151294.832]]]}, "properties": {"OBJECTID": 52153286, "EGRID": "CH168883457626", "NUMERO": "710", "NO_COM_FED": 5642, "GENRE_TXT": "parcelle priv\u00e9e", "SUPERFICIE_MO": 1212, "SUPERFICIE_RF": 1215}}, {"type": "Feature", "id": 52153610, "geometry": {"type": "Polygon", "coordinates": [[[2527334.343, 1151847.881], [2527335.893, 1151846.181], [2527343.792, 1151837.541], [2527356.522, 1151848.561], [2527354.272, 1151851.061], [2527349.362, 1151856.541], [2527345.983, 1151859.331], [2527342.523, 1151855.841], [2527338.423, 1151851.871], [2527334.343, 1151847.881]]]}, "properties": {"OBJECTID": 52153610, "EGRID": "CH608845578359", "NUMERO": "623", "NO_COM_FED": 5642, "GENRE_TXT": "parcelle priv\u00e9e", "SUPERFICIE_MO": 244, "SUPERFICIE_RF": 244}}, {"type": "Feature", "id": 52154888, "geometry": {"type": "Polygon", "coordinates": [[[2526331.33, 1151287.544], [2526348.43, 1151298.994], [2526351.25, 1151301.224], [2526382.23, 1151325.655], [2526391.58, 1151330.055], [2526398.56, 1151332.005], [2526403.069, 1151333.285], [2526436.119, 1151358.715], [2526429.879, 1151369.695], [2526412.289, 1151355.645], [2526412.272, 1151355.633], [2526398.629, 1151346.115], [2526364.31, 1151321.985], [2526365.27, 1151320.835], [2526345, 1151305.265], [2526335.65, 1151299.024], [2526327.44, 1151293.614], [2526331.33, 1151287.544]]]}, "properties": {"OBJECTID": 52154888, "EGRID": "CH814545838818", "NUMERO": "DP 7", "NO_COM_FED": 5642, "GENRE_TXT": "DP communal", "SUPERFICIE_MO": 1191, "SUPERFICIE_RF": null}}, {"type": "Feature", "id": 52155140, "geometry": {"type": "Polygon", "coordinates": [[[2526748.389, 1151396.963], [2526752.1689999998, 1151399.503], [2526750.799, 1151401.543], [2526738.1689999998, 1151421.274], [2526728.859, 1151415.624], [2526712.539, 1151405.944], [2526709.899, 1151404.504], [2526721.369, 1151379.063], [2526748.389, 1151396.963]]]}, "properties": {"OBJECTID": 52155140, "EGRID": "CH874588208318", "NUMERO": "797", "NO_COM_FED": 5642, "GENRE_TXT": "parcelle priv\u00e9e", "SUPERFICIE_MO": 931, "SUPERFICIE_RF": 949}}, {"type": "Feature", "id": 52155232, "geometry": {"type": "Polygon", "coordinates": [[[2527227.244, 1151187.328], [2527228.624, 1151186.258], [2527231.364, 1151184.018], [2527249.164, 1151169.579], [2527254.253, 1151165.439], [2527268.853, 1151153.579], [2527282.353, 1151170.94], [2527285.673, 1151175.27], [2527299.693, 1151193.441], [2527302.213, 1151196.771], [2527318.593, 1151211.961], [2527309.663, 1151217.051], [2527306.953, 1151208.351], [2527298.483, 1151210.99], [2527301.083, 1151219.601], [2527285.483, 1151224.05], [2527257.893, 1151219.659], [2527236.974, 1151215.098], [2527214.674, 1151207.548], [2527211.754, 1151206.598], [2527210.3140000002, 1151201.107], [2527226.624, 1151187.848], [2527227.244, 1151187.328]]]}, "properties": {"OBJECTID": 52155232, "EGRID": "CH938388459073", "NUMERO": "133", "NO_COM_FED": 5642, "GENRE_TXT": "parcelle priv\u00e9e", "SUPERFICIE_MO": 3877, "SUPERFICIE_RF": 3847}}, {"type": "Feature", "id": 52155668, "geometry": {"type": "Polygon", "coordinates": [[[2527420.133, 1151449.557], [2527423.8310000002, 1151447.425], [2527428.221, 1151445.765], [2527439.275, 1151443.083], [2527447.761, 1151450.848], [2527440.771, 1151452.105], [2527427.79, 1151456.701], [2527420.053, 1151449.621], [2527420.133, 1151449.557]]]}, "properties": {"OBJECTID": 52155668, "EGRID": "CH969183450535", "NUMERO": "4113", "NO_COM_FED": 5642, "GENRE_TXT": "parcelle priv\u00e9e", "SUPERFICIE_MO": 200, "SUPERFICIE_RF": 201}}, {"type": "Feature", "id": 52156121, "geometry": {"type": "Polygon", "coordinates": [[[2527246.0640000002, 1151123.369], [2527231.014, 1151145.668], [2527216.5640000002, 1151167.298], [2527205.114, 1151153.467], [2527204.484, 1151150.197], [2527204.984, 1151146.037], [2527232.464, 1151105.168], [2527246.0640000002, 1151123.369]]]}, "properties": {"OBJECTID": 52156121, "EGRID": "CH189083458889", "NUMERO": "777", "NO_COM_FED": 5642, "GENRE_TXT": "parcelle priv\u00e9e", "SUPERFICIE_MO": 1138, "SUPERFICIE_RF": 1138}}, {"type": "Feature", "id": 52158008, "geometry": {"type": "Polygon", "coordinates": [[[2526887.678, 1151394.486], [2526886.578, 1151396.236], [2526877.598, 1151409.726], [2526873.178, 1151416.316], [2526846.148, 1151397.885], [2526842.638, 1151395.425], [2526843.858, 1151393.475], [2526857.488, 1151373.935], [2526887.678, 1151394.486]]]}, "properties": {"OBJECTID": 52158008, "EGRID": "CH668883452801", "NUMERO": "807", "NO_COM_FED": 5642, "GENRE_TXT": "parcelle priv\u00e9e", "SUPERFICIE_MO": 965, "SUPERFICIE_RF": 963}}, {"type": "Feature", "id": 52158191, "geometry": {"type": "Polygon", "coordinates": [[[2526375.319, 1151382.456], [2526355.579, 1151406.366], [2526319.329, 1151376.456], [2526339.089, 1151352.555], [2526375.319, 1151382.456]]]}, "properties": {"OBJECTID": 52158191, "EGRID": "CH908945848343", "NUMERO": "2491", "NO_COM_FED": 5642, "GENRE_TXT": "parcelle priv\u00e9e", "SUPERFICIE_MO": 1457, "SUPERFICIE_RF": 1457}}, {"type": "Feature", "id": 52159996, "geometry": {"type": "Polygon", "coordinates": [[[2526287.778, 1151633.37], [2526326.207, 1151675.331], [2526326.917, 1151676.501], [2526327.427, 1151677.771], [2526327.7239685776, 1151679.1157689802], [2526327.797, 1151680.491], [2526327.1957975794, 1151682.268466004], [2526326.307, 1151683.921], [2526325.161076375, 1151685.3959169579], [2526323.787, 1151686.661], [2526307.017, 1151700.031], [2526265.018, 1151654.201], [2526287.778, 1151633.37]]]}, "properties": {"OBJECTID": 52159996, "EGRID": "CH514585838851", "NUMERO": "1456", "NO_COM_FED": 5642, "GENRE_TXT": "parcelle priv\u00e9e", "SUPERFICIE_MO": 1935, "SUPERFICIE_RF": 1935}}, {"type": "Feature", "id": 52160315, "geometry": {"type": "Polygon", "coordinates": [[[2527482.111, 1151884.736], [2527433.271, 1151870.794], [2527445.941, 1151844.425], [2527448.891, 1151835.005], [2527459.381, 1151837.905], [2527465.991, 1151839.775], [2527463.261, 1151849.385], [2527488.281, 1151856.516], [2527482.111, 1151884.736]]]}, "properties": {"OBJECTID": 52160315, "EGRID": "CH244583883266", "NUMERO": "532", "NO_COM_FED": 5642, "GENRE_TXT": "parcelle priv\u00e9e", "SUPERFICIE_MO": 1544, "SUPERFICIE_RF": 1544}}, {"type": "Feature", "id": 52160448, "geometry": {"type": "Polygon", "coordinates": [[[2527563.829, 1151136.799], [2527568.149, 1151117.689], [2527578.509, 1151115.239], [2527577.429, 1151135.409], [2527575.349, 1151138.859], [2527574.359, 1151142.139], [2527573.159, 1151146.939], [2527570.629, 1151157.319], [2527568.139, 1151166.069], [2527564.049, 1151178.959], [2527560.79, 1151186.549], [2527554.7, 1151198.389], [2527549.69, 1151210.399], [2527546.85, 1151217.229], [2527540.11, 1151236.589], [2527538.37, 1151241.039], [2527535.47, 1151250.588], [2527527.72, 1151275.628], [2527527.32, 1151276.868], [2527524.66, 1151284.408], [2527521.83, 1151292.308], [2527521.75, 1151292.798], [2527520.51, 1151295.698], [2527516.35, 1151301.018], [2527514.43, 1151304.108], [2527505.31, 1151315.977], [2527495.25, 1151310.217], [2527506.77, 1151296.607], [2527509.64, 1151292.458], [2527510.66, 1151290.838], [2527513.08, 1151286.998], [2527514.98, 1151283.628], [2527522.39, 1151267.918], [2527523.76, 1151264.388], [2527524.08, 1151263.488], [2527524.55, 1151262.208], [2527525, 1151261.038], [2527526.25, 1151257.678], [2527533.38, 1151237.178], [2527535.25, 1151231.7179999999], [2527535.69, 1151230.448], [2527545.89, 1151200.539], [2527550.38, 1151187.529], [2527551.32, 1151184.759], [2527553.04, 1151179.719], [2527558.969, 1151162.519], [2527565.459, 1151143.789], [2527565.530055182, 1151143.4150505336], [2527565.541105855, 1151143.034570672], [2527565.491874148, 1151142.6571275885], [2527565.3835979947, 1151142.2922120956], [2527565.219, 1151141.949], [2527564.98554067, 1151141.6151163573], [2527564.6989099607, 1151141.3255919504], [2527564.367388168, 1151141.0887906698], [2527564.0005524177, 1151140.91155332], [2527563.609, 1151140.799], [2527563.829, 1151136.799]]]}, "properties": {"OBJECTID": 52160448, "EGRID": "CH738388458351", "NUMERO": "DP 1028", "NO_COM_FED": 5642, "GENRE_TXT": "DP communal", "SUPERFICIE_MO": 1850, "SUPERFICIE_RF": null}}, {"type": "Feature", "id": 52161398, "geometry": {"type": "Polygon", "coordinates": [[[2527320.432, 1151740.301], [2527326.362, 1151752.021], [2527323.032, 1151753.781], [2527304.422, 1151757.86], [2527300.642, 1151750.19], [2527320.432, 1151740.301]]]}, "properties": {"OBJECTID": 52161398, "EGRID": "CH514552838857", "NUMERO": "644", "NO_COM_FED": 5642, "GENRE_TXT": "parcelle priv\u00e9e", "SUPERFICIE_MO": 250, "SUPERFICIE_RF": 250}}, {"type": "Feature", "id": 52164780, "geometry": {"type": "Polygon", "coordinates": [[[2527136.405, 1151861.144], [2527129.035, 1151851.224], [2527130.275, 1151841.494], [2527134.845, 1151805.454], [2527135.155, 1151803.064], [2527143.925, 1151804.024], [2527162.585, 1151806.085], [2527173.904, 1151807.325], [2527173.624, 1151809.725], [2527169.795, 1151843.455], [2527161.305, 1151842.355], [2527136.405, 1151861.144]]]}, "properties": {"OBJECTID": 52164780, "EGRID": "CH744583897346", "NUMERO": "723", "NO_COM_FED": 5642, "GENRE_TXT": "parcelle priv\u00e9e", "SUPERFICIE_MO": 1804, "SUPERFICIE_RF": 1804}}, {"type": "Feature", "id": 52164955, "geometry": {"type": "Polygon", "coordinates": [[[2527489.79, 1151397.757], [2527488.61, 1151400.927], [2527484.8, 1151408.847], [2527480.36, 1151416.336], [2527474.661, 1151423.156], [2527465.381, 1151416.786], [2527457.3310000002, 1151411.256], [2527456.601, 1151412.336], [2527443.211, 1151403.135], [2527441.131, 1151401.705], [2527459.201, 1151375.416], [2527461.271, 1151376.836], [2527474.661, 1151386.026], [2527474.031, 1151386.936], [2527482.08, 1151392.467], [2527489.79, 1151397.757]]]}, "properties": {"OBJECTID": 52164955, "EGRID": "CH208845848317", "NUMERO": "3654", "NO_COM_FED": 5642, "GENRE_TXT": "parcelle priv\u00e9e", "SUPERFICIE_MO": 1219, "SUPERFICIE_RF": 1218}}, {"type": "Feature", "id": 52165301, "geometry": {"type": "Polygon", "coordinates": [[[2527519.24, 1151732.128], [2527518.798691748, 1151732.2527732388], [2527518.343613983, 1151732.3095672699], [2527517.8851758977, 1151732.2970830183], [2527517.4338635486, 1151732.2156060422], [2527517, 1151732.067], [2527516.5357890474, 1151731.8189037403], [2527516.1213961993, 1151731.494370028], [2527515.7692730175, 1151731.1031503612], [2527515.49, 1151730.6570000001], [2527504.17, 1151686.137], [2527494.55, 1151647.507], [2527497.19, 1151645.357], [2527505.49, 1151658.297], [2527518.37, 1151673.338], [2527557.759, 1151709.839], [2527570.599, 1151715.469], [2527561.019, 1151717.219], [2527551.059, 1151719.709], [2527541.639, 1151722.868], [2527529.74, 1151727.548], [2527519.24, 1151732.128]]]}, "properties": {"OBJECTID": 52165301, "EGRID": "CH428839834576", "NUMERO": "580", "NO_COM_FED": 5642, "GENRE_TXT": "parcelle priv\u00e9e", "SUPERFICIE_MO": 2200, "SUPERFICIE_RF": 2198}}, {"type": "Feature", "id": 52165577, "geometry": {"type": "Polygon", "coordinates": [[[2526521.478, 1151528.047], [2526496.198, 1151548.308], [2526491.4762752787, 1151551.6486728266], [2526486.384110448, 1151554.3917799352], [2526480.9967447235, 1151556.4967905818], [2526475.3937790585, 1151557.932602209], [2526469.658, 1151558.678], [2526463.875582835, 1151558.722090941], [2526458.1305283224, 1151558.0643364873], [2526452.5077079856, 1151556.7144536267], [2526447.090187588, 1151554.6923841394], [2526441.958, 1151552.028], [2526426.648, 1151542.848], [2526477.458, 1151502.1469999999], [2526491.458, 1151490.937], [2526521.478, 1151528.047]]]}, "properties": {"OBJECTID": 52165577, "EGRID": "CH544583899691", "NUMERO": "1499", "NO_COM_FED": 5642, "GENRE_TXT": "parcelle priv\u00e9e", "SUPERFICIE_MO": 3348, "SUPERFICIE_RF": 3348}}, {"type": "Feature", "id": 52165659, "geometry": {"type": "Polygon", "coordinates": [[[2526713.998, 1151481.415], [2526714.678, 1151481.925], [2526709.638, 1151488.945], [2526703.688, 1151484.925], [2526708.738, 1151477.675], [2526713.998, 1151481.415]]]}, "properties": {"OBJECTID": 52165659, "EGRID": "CH453483884507", "NUMERO": "1408", "NO_COM_FED": 5642, "GENRE_TXT": "parcelle priv\u00e9e", "SUPERFICIE_MO": 63, "SUPERFICIE_RF": 64}}, {"type": "Feature", "id": 52165695, "geometry": {"type": "Polygon", "coordinates": [[[2526729.648, 1151624.387], [2526755.048, 1151589.606], [2526755.8318378865, 1151588.346443542], [2526756.420150404, 1151586.9845431475], [2526756.799918495, 1151585.55043698], [2526756.962738086, 1151584.0758610805], [2526756.905006061, 1151582.5934470643], [2526756.628, 1151581.136], [2526756.142204094, 1151579.7461484182], [2526755.4569237577, 1151578.443045989], [2526754.587118308, 1151577.2551387695], [2526753.551775153, 1151576.208358166], [2526752.373495302, 1151575.3255548617], [2526751.078, 1151574.626], [2526770.818, 1151582.536], [2526768.678, 1151583.756], [2526766.7939999998, 1151586.31], [2526734.778, 1151629.717], [2526729.648, 1151624.387]]]}, "properties": {"OBJECTID": 52165695, "EGRID": "CH168883456240", "NUMERO": "DP 20", "NO_COM_FED": 5642, "GENRE_TXT": "DP communal", "SUPERFICIE_MO": 465, "SUPERFICIE_RF": null}}, {"type": "Feature", "id": 52166856, "geometry": {"type": "Polygon", "coordinates": [[[2527361.242, 1151622.872], [2527382.781, 1151605.023], [2527392.741, 1151598.293], [2527393.2486704267, 1151597.9791678747], [2527393.801, 1151597.753], [2527394.3840830224, 1151597.6199880382], [2527394.981, 1151597.583], [2527396.281, 1151601.143], [2527394.351, 1151615.933], [2527367.302, 1151630.422], [2527361.242, 1151622.872]]]}, "properties": {"OBJECTID": 52166856, "EGRID": "CH538389451284", "NUMERO": "656", "NO_COM_FED": 5642, "GENRE_TXT": "parcelle priv\u00e9e", "SUPERFICIE_MO": 494, "SUPERFICIE_RF": 494}}, {"type": "Feature", "id": 52166876, "geometry": {"type": "Polygon", "coordinates": [[[2526961.697, 1151751.458], [2526966.737, 1151764.998], [2526999.116, 1151795.483], [2527002.756, 1151798.91], [2527001.937, 1151800.669], [2526997.727, 1151806.359], [2526995.017, 1151808.019], [2526990.687, 1151813.559], [2526985.097, 1151820.569], [2526982.457, 1151821.979], [2526980.527, 1151820.159], [2526974.23, 1151814.223], [2526931.657, 1151774.097], [2526953.947, 1151752.738], [2526961.697, 1151751.458]]]}, "properties": {"OBJECTID": 52166876, "EGRID": "CH938388452046", "NUMERO": "2800", "NO_COM_FED": 5642, "GENRE_TXT": "parcelle priv\u00e9e", "SUPERFICIE_MO": 2180, "SUPERFICIE_RF": 2180}}, {"type": "Feature", "id": 52167153, "geometry": {"type": "Polygon", "coordinates": [[[2527473.61, 1151663.306], [2527477.48, 1151678.166], [2527481.93, 1151694.806], [2527457.36, 1151701.115], [2527457.46, 1151701.605], [2527435.301, 1151707.295], [2527434.491, 1151704.355], [2527456.64, 1151698.685], [2527455, 1151692.685], [2527450.461, 1151675.805], [2527473.61, 1151663.306]]]}, "properties": {"OBJECTID": 52167153, "EGRID": "CH698389724532", "NUMERO": "670", "NO_COM_FED": 5642, "GENRE_TXT": "parcelle priv\u00e9e", "SUPERFICIE_MO": 819, "SUPERFICIE_RF": 818}}, {"type": "Feature", "id": 52167386, "geometry": {"type": "Polygon", "coordinates": [[[2526936.667, 1151741.588], [2526948.387, 1151753.738], [2526932.007, 1151769.517], [2526920.287, 1151757.367], [2526936.667, 1151741.588]]]}, "properties": {"OBJECTID": 52167386, "EGRID": "CH555183884596", "NUMERO": "3131", "NO_COM_FED": 5642, "GENRE_TXT": "parcelle priv\u00e9e", "SUPERFICIE_MO": 384, "SUPERFICIE_RF": 384}}, {"type": "Feature", "id": 52167622, "geometry": {"type": "Polygon", "coordinates": [[[2526709.899, 1151404.504], [2526698.799, 1151420.354], [2526696.819, 1151423.174], [2526694.529, 1151421.594], [2526677.219, 1151409.664], [2526679.299, 1151406.804], [2526687.9390000002, 1151394.143], [2526709.899, 1151404.504]]]}, "properties": {"OBJECTID": 52167622, "EGRID": "CH444583883493", "NUMERO": "792", "NO_COM_FED": 5642, "GENRE_TXT": "parcelle priv\u00e9e", "SUPERFICIE_MO": 496, "SUPERFICIE_RF": 500}}, {"type": "Feature", "id": 52168067, "geometry": {"type": "Polygon", "coordinates": [[[2526897.298, 1151889.538], [2526904.098, 1151890.768], [2526910.838, 1151897.528], [2526917.088, 1151906.398], [2526923.078, 1151911.938], [2526930.348, 1151914.2280000001], [2526939.718, 1151916.7179999999], [2526949.788, 1151916.178], [2526953.458, 1151916.318], [2526954.418, 1151914.577], [2526955.688, 1151913.297], [2526963.538, 1151909.527], [2526967.038, 1151906.508], [2526968.148, 1151903.4780000001], [2526970.478, 1151903.2179999999], [2526972.798, 1151896.888], [2526976.588, 1151881.278], [2526975.088, 1151874.738], [2526973.678, 1151869.078], [2526975.917, 1151859.018], [2526977.807, 1151848.9780000001], [2526980.297, 1151842.678], [2526981.887, 1151835.279], [2526986.867, 1151828.269], [2526987.747, 1151826.919], [2526990.397, 1151822.899], [2526995.897, 1151818.059], [2527001.997, 1151809.899], [2527008.677, 1151801.47], [2527011.986, 1151793.39], [2527015.356, 1151784.89], [2527016.416, 1151779.26], [2527017.176, 1151772.43], [2527017.126, 1151765.64], [2527016.906, 1151756.98], [2527017.236, 1151751.56], [2527025.496, 1151752.271], [2527028.666, 1151752.551], [2527028.196, 1151768.411], [2527020.836, 1151793.68], [2527008.717, 1151813.73], [2526992.007, 1151836.739], [2526987.677, 1151844.679], [2526981.218, 1151879.618], [2526995.067, 1151888.419], [2526984.618, 1151925.4679999999], [2526982.028, 1151934.558], [2526946.828, 1151955.9679999999], [2526938.528, 1151934.528], [2526919.478, 1151913.078], [2526899.128, 1151895.838], [2526898.238, 1151892.768], [2526897.298, 1151889.538]]]}, "properties": {"OBJECTID": 52168067, "EGRID": "CH438389450825", "NUMERO": "1557", "NO_COM_FED": 5642, "GENRE_TXT": "parcelle priv\u00e9e", "SUPERFICIE_MO": 3620, "SUPERFICIE_RF": 3620}}, {"type": "Feature", "id": 52168159, "geometry": {"type": "Polygon", "coordinates": [[[2526360.619, 1151409.676], [2526377.069, 1151423.236], [2526381.4390000002, 1151426.846], [2526393.329, 1151436.696], [2526382.299, 1151450.937], [2526372.549, 1151461.047], [2526361.099, 1151451.537], [2526356.729, 1151447.9070000001], [2526340.229, 1151434.357], [2526360.619, 1151409.676]]]}, "properties": {"OBJECTID": 52168159, "EGRID": "CH998389274565", "NUMERO": "2463", "NO_COM_FED": 5642, "GENRE_TXT": "parcelle priv\u00e9e", "SUPERFICIE_MO": 1363, "SUPERFICIE_RF": 1363}}, {"type": "Feature", "id": 52168241, "geometry": {"type": "Polygon", "coordinates": [[[2526935.087, 1151245.088], [2526937.087, 1151246.858], [2526955.977, 1151225.119], [2526985.057, 1151250.63], [2526989.577, 1151254.46], [2526981.307, 1151263.34], [2526954.777, 1151294.819], [2526936.817, 1151320.488], [2526898.458, 1151286.977], [2526923.827, 1151257.868], [2526935.087, 1151245.088]]]}, "properties": {"OBJECTID": 52168241, "EGRID": "CH298388424573", "NUMERO": "2505", "NO_COM_FED": 5642, "GENRE_TXT": "parcelle priv\u00e9e", "SUPERFICIE_MO": 3970, "SUPERFICIE_RF": 3959}}, {"type": "Feature", "id": 52168821, "geometry": {"type": "Polygon", "coordinates": [[[2527405.112, 1151891.073], [2527403.582, 1151889.673], [2527391.962, 1151879.442], [2527374.592, 1151864.432], [2527356.522, 1151848.561], [2527343.792, 1151837.541], [2527336.152, 1151830.941], [2527334.222, 1151829.511], [2527332.5577792036, 1151828.627900865], [2527330.792, 1151827.971], [2527329.568326078, 1151827.7372379815], [2527328.324155502, 1151827.673503172], [2527327.083, 1151827.781], [2527326.0404730123, 1151828.0057836242], [2527325.0317709865, 1151828.3520644656], [2527324.071, 1151828.815], [2527345.662, 1151815.961], [2527344.5776793812, 1151816.7512048513], [2527343.6340195113, 1151817.7049768164], [2527342.8554166844, 1151818.7976581738], [2527342.262, 1151820.001], [2527341.8329291763, 1151821.2691516227], [2527341.612036456, 1151822.5895745533], [2527341.6049997723, 1151823.9283280014], [2527341.812, 1151825.251], [2527342.1896606134, 1151826.5344831902], [2527342.767961767, 1151827.7409343552], [2527343.5319801643, 1151828.8392205324], [2527344.462, 1151829.801], [2527366.642, 1151848.832], [2527398.002, 1151876.183], [2527434.362, 1151907.914], [2527461.052, 1151931.295], [2527462.074511349, 1151931.6387635267], [2527463.136092792, 1151931.830460325], [2527464.2142568063, 1151931.866029675], [2527465.286164603, 1151931.7447181088], [2527466.3291099183, 1151931.469095375], [2527467.321, 1151931.045], [2527468.3005745634, 1151930.4368125875], [2527469.173926798, 1151929.6840084104], [2527469.9199056146, 1151928.804819091], [2527470.52044469, 1151927.8205370817], [2527470.961, 1151926.755], [2527462.622, 1151953.494], [2527462.712, 1151944.645], [2527457.872, 1151937.004], [2527456.252, 1151935.604], [2527455.482, 1151934.934], [2527448.572, 1151928.944], [2527433.502, 1151915.804], [2527423.062, 1151906.633], [2527412.902, 1151897.703], [2527405.112, 1151891.073]]]}, "properties": {"OBJECTID": 52168821, "EGRID": "CH508845538308", "NUMERO": "DP 54", "NO_COM_FED": 5642, "GENRE_TXT": "DP communal", "SUPERFICIE_MO": 1240, "SUPERFICIE_RF": null}}, {"type": "Feature", "id": 52168895, "geometry": {"type": "Polygon", "coordinates": [[[2526785.9390000002, 1151389.453], [2526799.589, 1151369.283], [2526801.089, 1151367.143], [2526807.239, 1151371.314], [2526824.598, 1151383.204], [2526823.308, 1151385.334], [2526809.459, 1151405.164], [2526806.9189999998, 1151409.634], [2526800.279, 1151405.153], [2526789.759, 1151397.963], [2526783.319, 1151393.473], [2526785.9390000002, 1151389.453]]]}, "properties": {"OBJECTID": 52168895, "EGRID": "CH914527838948", "NUMERO": "1420", "NO_COM_FED": 5642, "GENRE_TXT": "parcelle priv\u00e9e", "SUPERFICIE_MO": 906, "SUPERFICIE_RF": 900}}, {"type": "Feature", "id": 52170741, "geometry": {"type": "Polygon", "coordinates": [[[2526634.828, 1151507.616], [2526660.299, 1151470.895], [2526672.809, 1151452.845], [2526675.329, 1151454.605], [2526702.248, 1151473.345], [2526667.278, 1151523.276], [2526641.298, 1151510.416], [2526634.828, 1151507.616]]]}, "properties": {"OBJECTID": 52170741, "EGRID": "CH808945278354", "NUMERO": "784", "NO_COM_FED": 5642, "GENRE_TXT": "parcelle priv\u00e9e", "SUPERFICIE_MO": 2274, "SUPERFICIE_RF": 2263}}, {"type": "Feature", "id": 52170982, "geometry": {"type": "Polygon", "coordinates": [[[2527285.383, 1151297.76], [2527305.353, 1151314.271], [2527306.783, 1151315.431], [2527327.982, 1151332.931], [2527309.983, 1151355.501], [2527303.123, 1151348.621], [2527291.783, 1151337.24], [2527286.203, 1151331.48], [2527280.733, 1151325.64], [2527275.293, 1151319.77], [2527269.863, 1151313.899], [2527268.373, 1151312.269], [2527282.853, 1151295.84], [2527285.383, 1151297.76]]]}, "properties": {"OBJECTID": 52170982, "EGRID": "CH438388452616", "NUMERO": "712", "NO_COM_FED": 5642, "GENRE_TXT": "parcelle priv\u00e9e", "SUPERFICIE_MO": 1518, "SUPERFICIE_RF": 1502}}, {"type": "Feature", "id": 52172422, "geometry": {"type": "Polygon", "coordinates": [[[2526549.457, 1151720.07], [2526508.337, 1151735.671], [2526505.4675261616, 1151736.5216247914], [2526502.5030338224, 1151736.9329978756], [2526499.510365747, 1151736.8958436968], [2526496.557, 1151736.411], [2526493.6861545625, 1151735.479344298], [2526490.9888797174, 1151734.124927713], [2526488.5270142867, 1151732.378802152], [2526486.357, 1151730.281], [2526447.327, 1151687.66], [2526455.507, 1151681.07], [2526513.028, 1151634.999], [2526534.167, 1151661.339], [2526536.227, 1151677.449], [2526543.867, 1151676.469], [2526546.137, 1151694.21], [2526549.457, 1151720.07]]]}, "properties": {"OBJECTID": 52172422, "EGRID": "CH214598838836", "NUMERO": "1511", "NO_COM_FED": 5642, "GENRE_TXT": "parcelle priv\u00e9e", "SUPERFICIE_MO": 6161, "SUPERFICIE_RF": 6161}}, {"type": "Feature", "id": 52172955, "geometry": {"type": "Polygon", "coordinates": [[[2527178.445, 1151882.005], [2527148.705, 1151878.564], [2527136.405, 1151861.144], [2527161.305, 1151842.355], [2527169.795, 1151843.455], [2527182.615, 1151845.095], [2527179.905, 1151869.095], [2527179.185, 1151875.455], [2527178.725, 1151879.525], [2527178.445, 1151882.005]]]}, "properties": {"OBJECTID": 52172955, "EGRID": "CH738389457352", "NUMERO": "626", "NO_COM_FED": 5642, "GENRE_TXT": "parcelle priv\u00e9e", "SUPERFICIE_MO": 1291, "SUPERFICIE_RF": 1291}}, {"type": "Feature", "id": 52174363, "geometry": {"type": "Polygon", "coordinates": [[[2527285.383, 1151297.76], [2527301.453, 1151279.52], [2527311.013, 1151268.501], [2527331.632, 1151286.012], [2527306.783, 1151315.431], [2527305.353, 1151314.271], [2527285.383, 1151297.76]]]}, "properties": {"OBJECTID": 52174363, "EGRID": "CH228985834591", "NUMERO": "715", "NO_COM_FED": 5642, "GENRE_TXT": "parcelle priv\u00e9e", "SUPERFICIE_MO": 1059, "SUPERFICIE_RF": 1066}}, {"type": "Feature", "id": 52174613, "geometry": {"type": "Polygon", "coordinates": [[[2527359.862, 1151624.072], [2527357.442, 1151626.052], [2527356.730308431, 1151626.5988619654], [2527356.107362479, 1151627.2450053226], [2527355.5868748375, 1151627.9762067404], [2527355.1803028225, 1151628.7763705326], [2527354.8965961644, 1151629.6278829696], [2527354.742, 1151630.512], [2527351.562, 1151630.072], [2527348.412, 1151629.602], [2527337.272, 1151616.261], [2527336.292, 1151615.221], [2527345.082, 1151606.302], [2527349.122, 1151611.172], [2527354.562, 1151617.722], [2527356.722, 1151620.312], [2527359.862, 1151624.072]]]}, "properties": {"OBJECTID": 52174613, "EGRID": "CH687683458905", "NUMERO": "657", "NO_COM_FED": 5642, "GENRE_TXT": "parcelle priv\u00e9e", "SUPERFICIE_MO": 277, "SUPERFICIE_RF": 277}}, {"type": "Feature", "id": 52174712, "geometry": {"type": "Polygon", "coordinates": [[[2527359.862, 1151624.072], [2527361.242, 1151622.872], [2527367.302, 1151630.422], [2527394.351, 1151615.933], [2527391.431, 1151638.863], [2527364.952, 1151649.652], [2527364.852, 1151649.482], [2527361.052, 1151643.262], [2527356.002, 1151634.842], [2527355.4889910407, 1151634.0742459001], [2527355.09893592, 1151633.2372981408], [2527354.84094088, 1151632.3506961393], [2527354.721029085, 1151631.4351385436], [2527354.742, 1151630.512], [2527354.8965961644, 1151629.6278829696], [2527355.1803028225, 1151628.7763705326], [2527355.5868748375, 1151627.9762067404], [2527356.107362479, 1151627.2450053226], [2527356.730308431, 1151626.5988619654], [2527357.442, 1151626.052], [2527359.862, 1151624.072]]]}, "properties": {"OBJECTID": 52174712, "EGRID": "CH544583897614", "NUMERO": "655", "NO_COM_FED": 5642, "GENRE_TXT": "parcelle priv\u00e9e", "SUPERFICIE_MO": 717, "SUPERFICIE_RF": 717}}, {"type": "Feature", "id": 52176956, "geometry": {"type": "Polygon", "coordinates": [[[2527359.172, 1151787.222], [2527357.3448891104, 1151787.6320180309], [2527355.482, 1151787.822], [2527353.654136611, 1151787.7930101336], [2527351.842, 1151787.552], [2527338.642, 1151784.451], [2527323.032, 1151753.781], [2527326.362, 1151752.021], [2527349.552, 1151739.892], [2527369.182, 1151778.072], [2527365.392, 1151783.442], [2527364.0488527836, 1151784.7071203575], [2527362.542, 1151785.7719999999], [2527360.907807206, 1151786.6150829545], [2527359.172, 1151787.222]]]}, "properties": {"OBJECTID": 52176956, "EGRID": "CH668883455571", "NUMERO": "646", "NO_COM_FED": 5642, "GENRE_TXT": "parcelle priv\u00e9e", "SUPERFICIE_MO": 1296, "SUPERFICIE_RF": 1296}}, {"type": "Feature", "id": 52178676, "geometry": {"type": "Polygon", "coordinates": [[[2527465.451, 1151816.725], [2527459.381, 1151837.905], [2527448.891, 1151835.005], [2527445.941, 1151844.425], [2527426.781, 1151839.044], [2527427.401, 1151837.594], [2527432.851, 1151818.254], [2527433.111, 1151817.314], [2527434.5609999998, 1151811.964], [2527435.451, 1151808.664], [2527461.181, 1151815.955], [2527465.451, 1151816.725]]]}, "properties": {"OBJECTID": 52178676, "EGRID": "CH514561838873", "NUMERO": "533", "NO_COM_FED": 5642, "GENRE_TXT": "parcelle priv\u00e9e", "SUPERFICIE_MO": 868, "SUPERFICIE_RF": 868}}, {"type": "Feature", "id": 52178835, "geometry": {"type": "Polygon", "coordinates": [[[2526824.928, 1151383.404], [2526842.638, 1151395.425], [2526846.148, 1151397.885], [2526844.658, 1151399.835], [2526831.098, 1151419.704], [2526809.459, 1151405.164], [2526823.308, 1151385.334], [2526824.598, 1151383.204], [2526824.928, 1151383.404]]]}, "properties": {"OBJECTID": 52178835, "EGRID": "CH844583897114", "NUMERO": "801", "NO_COM_FED": 5642, "GENRE_TXT": "parcelle priv\u00e9e", "SUPERFICIE_MO": 691, "SUPERFICIE_RF": 695}}, {"type": "Feature", "id": 52178939, "geometry": {"type": "Polygon", "coordinates": [[[2527268.553, 1151777.989], [2527264.623, 1151759.089], [2527260.993, 1151748.069], [2527256.473, 1151735.089], [2527267.923, 1151729.869], [2527280.543, 1151754.649], [2527291.393, 1151777.14], [2527268.553, 1151777.989]]]}, "properties": {"OBJECTID": 52178939, "EGRID": "CH108845398389", "NUMERO": "641", "NO_COM_FED": 5642, "GENRE_TXT": "parcelle priv\u00e9e", "SUPERFICIE_MO": 803, "SUPERFICIE_RF": 803}}, {"type": "Feature", "id": 52179213, "geometry": {"type": "Polygon", "coordinates": [[[2526769.468, 1151563.796], [2526760.818, 1151566.326], [2526751.898, 1151565.266], [2526734.628, 1151556.736], [2526761.198, 1151518.405], [2526773.038, 1151526.775], [2526778.318, 1151530.505], [2526790.068, 1151538.745], [2526776.528, 1151558.306], [2526769.468, 1151563.796]]]}, "properties": {"OBJECTID": 52179213, "EGRID": "CH174588208362", "NUMERO": "782", "NO_COM_FED": 5642, "GENRE_TXT": "parcelle priv\u00e9e", "SUPERFICIE_MO": 1467, "SUPERFICIE_RF": 1464}}, {"type": "Feature", "id": 52180226, "geometry": {"type": "Polygon", "coordinates": [[[2527312.343, 1151856.17], [2527311.273, 1151854.75], [2527305.863, 1151847.56], [2527303.433, 1151844.29], [2527314.083, 1151836.11], [2527323.373, 1151847.4], [2527312.343, 1151856.17]]]}, "properties": {"OBJECTID": 52180226, "EGRID": "CH814564838841", "NUMERO": "1385", "NO_COM_FED": 5642, "GENRE_TXT": "parcelle priv\u00e9e", "SUPERFICIE_MO": 203, "SUPERFICIE_RF": 203}}, {"type": "Feature", "id": 52181614, "geometry": {"type": "Polygon", "coordinates": [[[2527359.872, 1151166.073], [2527354.382, 1151172.852], [2527347.432, 1151181.352], [2527340.692, 1151189.432], [2527320.513, 1151172.911], [2527321.783, 1151171.341], [2527339.932, 1151149.192], [2527340.772, 1151149.602], [2527351.772, 1151159.922], [2527351.652, 1151160.082], [2527353.122, 1151161.482], [2527353.412, 1151161.722], [2527359.872, 1151166.073]]]}, "properties": {"OBJECTID": 52181614, "EGRID": "CH608845098309", "NUMERO": "136", "NO_COM_FED": 5642, "GENRE_TXT": "parcelle priv\u00e9e", "SUPERFICIE_MO": 789, "SUPERFICIE_RF": 813}}, {"type": "Feature", "id": 52182917, "geometry": {"type": "Polygon", "coordinates": [[[2527210.7939999998, 1151811.387], [2527220.224, 1151812.417], [2527228.284, 1151813.357], [2527228.004, 1151815.867], [2527224.154, 1151850.177], [2527212.394, 1151848.846], [2527200.304, 1151847.316], [2527204.124, 1151813.146], [2527204.404, 1151810.676], [2527210.7939999998, 1151811.387]]]}, "properties": {"OBJECTID": 52182917, "EGRID": "CH944583883618", "NUMERO": "630", "NO_COM_FED": 5642, "GENRE_TXT": "parcelle priv\u00e9e", "SUPERFICIE_MO": 889, "SUPERFICIE_RF": 889}}, {"type": "Feature", "id": 52183232, "geometry": {"type": "Polygon", "coordinates": [[[2527368.322, 1151562.493], [2527362.032, 1151569.632], [2527340.242, 1151588.382], [2527333.342, 1151591.521], [2527332.102, 1151591.601], [2527329.812, 1151592.341], [2527328.002, 1151594.051], [2527324.662, 1151594.401], [2527316.892, 1151595.211], [2527305.702, 1151595.53], [2527295.912, 1151594.91], [2527290.423, 1151596.02], [2527290.323, 1151595.13], [2527288.823, 1151595.13], [2527283.673, 1151593.82], [2527272.413, 1151594.449], [2527262.443, 1151594.079], [2527254.823, 1151594.879], [2527251.663, 1151596.229], [2527247.593, 1151597.9780000001], [2527243.343, 1151598.998], [2527236.723, 1151602.388], [2527229.923, 1151606.668], [2527221.013, 1151609.538], [2527213.293, 1151612.197], [2527212.853, 1151612.337], [2527203.974, 1151615.137], [2527198.2939999998, 1151617.507], [2527184.084, 1151621.276], [2527177.204, 1151623.106], [2527173.844, 1151624.006], [2527159.194, 1151626.025], [2527139.654, 1151629.885], [2527132.264, 1151632.014], [2527125.954, 1151631.864], [2527117.145, 1151633.524], [2527111.375, 1151637.194], [2527107.305, 1151642.784], [2527102.215, 1151653.673], [2527100.085, 1151654.5929999999], [2527095.705, 1151656.633], [2527093.235, 1151658.5929999999], [2527079.675, 1151672.833], [2527078.185, 1151673.633], [2527077.085, 1151674.403], [2527076.375, 1151676.113], [2527076.115, 1151677.203], [2527072.865, 1151677.412], [2527068.495, 1151671.7719999999], [2527066.835, 1151669.662], [2527068.475, 1151669.252], [2527069.625, 1151669.0320000001], [2527071.875, 1151668.252], [2527072.895, 1151667.472], [2527085.495, 1151653.083], [2527088.185, 1151650.823], [2527087.915, 1151646.963], [2527089.325, 1151646.513], [2527088.965, 1151645.393], [2527095.495, 1151638.713], [2527099.495, 1151632.963], [2527105.885, 1151630.154], [2527117.455, 1151624.114], [2527126.235, 1151623.804], [2527141.5439999998, 1151620.635], [2527144.614, 1151622.485], [2527157.934, 1151620.455], [2527168.484, 1151617.246], [2527169.2939999998, 1151616.996], [2527175.094, 1151617.586], [2527184.454, 1151615.056], [2527196.514, 1151610.367], [2527199.024, 1151610.767], [2527208.914, 1151606.927], [2527210.484, 1151607.277], [2527222.823, 1151600.818], [2527225.433, 1151601.808], [2527231.003, 1151597.9780000001], [2527235.863, 1151595.508], [2527239.643, 1151594.2179999999], [2527243.283, 1151592.778], [2527246.753, 1151591.778], [2527255.043, 1151590.199], [2527262.253, 1151589.879], [2527311.542, 1151589.531], [2527322.392, 1151588.311], [2527327.842, 1151586.831], [2527329.602, 1151586.131], [2527334.102, 1151584.071], [2527337.762, 1151581.472], [2527342.032, 1151579.582], [2527349.572, 1151573.232], [2527355.012, 1151568.262], [2527361.402, 1151560.932], [2527366.902, 1151555.813], [2527371.212, 1151549.983], [2527374.802, 1151545.743], [2527379.292, 1151540.633], [2527380.742, 1151537.313], [2527386.611, 1151539.823], [2527386.251, 1151540.113], [2527382.022, 1151547.5929999999], [2527375.732, 1151554.613], [2527369.972, 1151560.623], [2527368.322, 1151562.493]]]}, "properties": {"OBJECTID": 52183232, "EGRID": "CH744583888438", "NUMERO": "DP 38", "NO_COM_FED": 5642, "GENRE_TXT": "DP cantonal", "SUPERFICIE_MO": 2506, "SUPERFICIE_RF": null}}, {"type": "Feature", "id": 52185391, "geometry": {"type": "Polygon", "coordinates": [[[2526898.458, 1151286.977], [2526936.817, 1151320.488], [2526923.807, 1151339.458], [2526916.287, 1151350.947], [2526915.417, 1151350.267], [2526889.258, 1151331.306], [2526871.378, 1151318.306], [2526879.718, 1151308.846], [2526887.378, 1151299.966], [2526898.458, 1151286.977]]]}, "properties": {"OBJECTID": 52185391, "EGRID": "CH708845428370", "NUMERO": "2504", "NO_COM_FED": 5642, "GENRE_TXT": "parcelle priv\u00e9e", "SUPERFICIE_MO": 2067, "SUPERFICIE_RF": 2064}}, {"type": "Feature", "id": 52186242, "geometry": {"type": "Polygon", "coordinates": [[[2527112.095, 1151209.744], [2527091.285, 1151189.263], [2527113.025, 1151167.184], [2527125.915, 1151187.375], [2527128.795, 1151192.945], [2527112.095, 1151209.744]]]}, "properties": {"OBJECTID": 52186242, "EGRID": "CH244583892273", "NUMERO": "1362", "NO_COM_FED": 5642, "GENRE_TXT": "parcelle priv\u00e9e", "SUPERFICIE_MO": 807, "SUPERFICIE_RF": 809}}, {"type": "Feature", "id": 52186815, "geometry": {"type": "Polygon", "coordinates": [[[2527440.941, 1151120.765], [2527429.191, 1151118.275], [2527417.772, 1151115.905], [2527416.112, 1151115.555], [2527410.832, 1151114.184], [2527421.412, 1151107.635], [2527446.591, 1151115.126], [2527472.3109999998, 1151120.136], [2527563.829, 1151136.799], [2527563.609, 1151140.799], [2527557.479, 1151139.799], [2527555.6689999998, 1151139.499], [2527518.89, 1151133.508], [2527514.94, 1151132.868], [2527513.15, 1151132.578], [2527492.4, 1151129.217], [2527483.891, 1151127.837], [2527471.541, 1151125.836], [2527471.371, 1151127.086], [2527471.131, 1151127.026], [2527462.661, 1151125.266], [2527461.5810000002, 1151125.046], [2527441.601, 1151120.905], [2527440.941, 1151120.765]]]}, "properties": {"OBJECTID": 52186815, "EGRID": "CH288483458922", "NUMERO": "148", "NO_COM_FED": 5642, "GENRE_TXT": "parcelle priv\u00e9e", "SUPERFICIE_MO": 876, "SUPERFICIE_RF": 876}}, {"type": "Feature", "id": 52187490, "geometry": {"type": "Polygon", "coordinates": [[[2526824.928, 1151383.404], [2526826.228, 1151381.334], [2526839.728, 1151361.665], [2526857.488, 1151373.935], [2526843.858, 1151393.475], [2526842.638, 1151395.425], [2526824.928, 1151383.404]]]}, "properties": {"OBJECTID": 52187490, "EGRID": "CH774588298325", "NUMERO": "808", "NO_COM_FED": 5642, "GENRE_TXT": "parcelle priv\u00e9e", "SUPERFICIE_MO": 563, "SUPERFICIE_RF": 570}}, {"type": "Feature", "id": 52187686, "geometry": {"type": "Polygon", "coordinates": [[[2527369.872, 1151184.993], [2527374.012, 1151187.913], [2527391.292, 1151199.984], [2527396.902, 1151203.984], [2527387.472, 1151227.283], [2527384.582, 1151234.423], [2527375.912, 1151255.703], [2527373.5640000002, 1151261.385], [2527372.982, 1151262.793], [2527366.482, 1151259.073], [2527359.832, 1151251.802], [2527354.182, 1151243.222], [2527341.362, 1151222.422], [2527342.172, 1151221.372], [2527342.362, 1151221.142], [2527354.862, 1151204.592], [2527369.692, 1151185.283], [2527369.872, 1151184.993]]]}, "properties": {"OBJECTID": 52187686, "EGRID": "CH658283884501", "NUMERO": "130", "NO_COM_FED": 5642, "GENRE_TXT": "parcelle priv\u00e9e", "SUPERFICIE_MO": 2299, "SUPERFICIE_RF": 2304}}, {"type": "Feature", "id": 52189576, "geometry": {"type": "Polygon", "coordinates": [[[2526706.466, 1151759.561], [2526692.836, 1151773.192], [2526677.746, 1151758.102], [2526691.05, 1151744.798], [2526692.949, 1151742.899], [2526708.038, 1151757.989], [2526706.466, 1151759.561]]]}, "properties": {"OBJECTID": 52189576, "EGRID": "CH220848834589", "NUMERO": "4184", "NO_COM_FED": 5642, "GENRE_TXT": "parcelle priv\u00e9e", "SUPERFICIE_MO": 459, "SUPERFICIE_RF": 459}}, {"type": "Feature", "id": 52191916, "geometry": {"type": "Polygon", "coordinates": [[[2527351.562, 1151630.072], [2527329.692, 1151647.271], [2527319.362, 1151634.431], [2527337.272, 1151616.261], [2527348.412, 1151629.602], [2527351.562, 1151630.072]]]}, "properties": {"OBJECTID": 52191916, "EGRID": "CH557683894597", "NUMERO": "654", "NO_COM_FED": 5642, "GENRE_TXT": "parcelle priv\u00e9e", "SUPERFICIE_MO": 464, "SUPERFICIE_RF": 464}}, {"type": "Feature", "id": 52192706, "geometry": {"type": "Polygon", "coordinates": [[[2527495.76, 1151422.457], [2527498.69, 1151425.707], [2527511.32, 1151439.677], [2527512.67, 1151441.178], [2527512.34, 1151441.4780000001], [2527480.51, 1151470.316], [2527480.28, 1151470.526], [2527477.12, 1151467.726], [2527472.341, 1151463.426], [2527464.721, 1151456.296], [2527461.921, 1151454.216], [2527462.251, 1151453.916], [2527464.001, 1151452.336], [2527496.03, 1151423.347], [2527495.6, 1151422.877], [2527495.76, 1151422.457]]]}, "properties": {"OBJECTID": 52192706, "EGRID": "CH268883458481", "NUMERO": "364", "NO_COM_FED": 5642, "GENRE_TXT": "parcelle priv\u00e9e", "SUPERFICIE_MO": 1097, "SUPERFICIE_RF": 1098}}, {"type": "Feature", "id": 52193285, "geometry": {"type": "Polygon", "coordinates": [[[2527249.033, 1151410.749], [2527264.263, 1151425.799], [2527276.218, 1151437.761], [2527278.670565643, 1151440.3715072947], [2527280.953, 1151443.132], [2527284.273, 1151447.944], [2527277.723, 1151453.67], [2527233.243, 1151460.2280000001], [2527217.5640000002, 1151446.178], [2527249.033, 1151410.749]]]}, "properties": {"OBJECTID": 52193285, "EGRID": "CH468983457493", "NUMERO": "829", "NO_COM_FED": 5642, "GENRE_TXT": "parcelle priv\u00e9e", "SUPERFICIE_MO": 1804, "SUPERFICIE_RF": 1804}}, {"type": "Feature", "id": 52193453, "geometry": {"type": "Polygon", "coordinates": [[[2526785.9390000002, 1151389.453], [2526783.319, 1151393.473], [2526772.549, 1151409.623], [2526771.079, 1151411.823], [2526752.1689999998, 1151399.503], [2526748.389, 1151396.963], [2526749.829, 1151394.823], [2526763.409, 1151374.203], [2526785.9390000002, 1151389.453]]]}, "properties": {"OBJECTID": 52193453, "EGRID": "CH198388204576", "NUMERO": "803", "NO_COM_FED": 5642, "GENRE_TXT": "parcelle priv\u00e9e", "SUPERFICIE_MO": 736, "SUPERFICIE_RF": 729}}, {"type": "Feature", "id": 52195951, "geometry": {"type": "Polygon", "coordinates": [[[2527359.872, 1151166.073], [2527353.412, 1151161.722], [2527353.122, 1151161.482], [2527351.652, 1151160.082], [2527351.772, 1151159.922], [2527340.772, 1151149.602], [2527339.932, 1151149.192], [2527332.643, 1151145.802], [2527332.853, 1151145.452], [2527342.352, 1151132.362], [2527342.552, 1151132.132], [2527370.892, 1151152.963], [2527359.872, 1151166.073]]]}, "properties": {"OBJECTID": 52195951, "EGRID": "CH628809834584", "NUMERO": "139", "NO_COM_FED": 5642, "GENRE_TXT": "parcelle priv\u00e9e", "SUPERFICIE_MO": 567, "SUPERFICIE_RF": 568}}, {"type": "Feature", "id": 52196143, "geometry": {"type": "Polygon", "coordinates": [[[2527482.43, 1151696.616], [2527481.93, 1151694.806], [2527477.48, 1151678.166], [2527473.61, 1151663.306], [2527492.58, 1151653.187], [2527502.25, 1151691.107], [2527482.43, 1151696.616]]]}, "properties": {"OBJECTID": 52196143, "EGRID": "CH153283884566", "NUMERO": "671", "NO_COM_FED": 5642, "GENRE_TXT": "parcelle priv\u00e9e", "SUPERFICIE_MO": 764, "SUPERFICIE_RF": 766}}, {"type": "Feature", "id": 52196283, "geometry": {"type": "Polygon", "coordinates": [[[2526540.691, 1151154.341], [2526541.821, 1151152.75], [2526551.801, 1151139.86], [2526553.681, 1151137.51], [2526559.911, 1151129.83], [2526570.031, 1151119.09], [2526584.381, 1151106.189], [2526600.201, 1151094.159], [2526614.711, 1151085.129], [2526617.191, 1151083.839], [2526632.8310000002, 1151075.329], [2526652.111, 1151066.679], [2526674.8310000002, 1151057.879], [2526691.72, 1151051.67], [2526736.9, 1151101.171], [2526629.94, 1151240.241], [2526575.6, 1151195.881], [2526581.19, 1151188.951], [2526578.21, 1151186.541], [2526578.6, 1151186.021], [2526575.74, 1151183.821], [2526561.05, 1151170.741], [2526556.35, 1151166.891], [2526540.691, 1151154.341]]]}, "properties": {"OBJECTID": 52196283, "EGRID": "CH552783894562", "NUMERO": "824", "NO_COM_FED": 5642, "GENRE_TXT": "parcelle priv\u00e9e", "SUPERFICIE_MO": 18857, "SUPERFICIE_RF": 18835}}, {"type": "Feature", "id": 52197158, "geometry": {"type": "Polygon", "coordinates": [[[2526449.249, 1151466.816], [2526496.269, 1151429.096], [2526535.519, 1151455.626], [2526491.458, 1151490.937], [2526477.458, 1151502.1469999999], [2526449.249, 1151466.816]]]}, "properties": {"OBJECTID": 52197158, "EGRID": "CH814527838982", "NUMERO": "1472", "NO_COM_FED": 5642, "GENRE_TXT": "parcelle priv\u00e9e", "SUPERFICIE_MO": 3046, "SUPERFICIE_RF": 3046}}, {"type": "Feature", "id": 52197921, "geometry": {"type": "Polygon", "coordinates": [[[2527188.034, 1151643.286], [2527172.664, 1151646.536], [2527149.264, 1151654.585], [2527138.774, 1151658.195], [2527127.364, 1151662.104], [2527104.735, 1151672.524], [2527092.145, 1151678.313], [2527086.185, 1151685.143], [2527070.705, 1151702.882], [2527067.125, 1151703.542], [2527049.265, 1151712.642], [2527038.316, 1151721.541], [2527033.346, 1151734.771], [2527040.166, 1151753.541], [2527028.666, 1151752.551], [2527025.496, 1151752.271], [2527017.236, 1151751.56], [2527017.766, 1151740.14], [2527019.796, 1151733.71], [2527021.966, 1151729.251], [2527025.816, 1151722.851], [2527031.476, 1151716.641], [2527038.885, 1151710.791], [2527045.345, 1151706.571], [2527050.775, 1151702.5320000001], [2527055.985, 1151700.712], [2527061.535, 1151691.7820000001], [2527062.985, 1151689.742], [2527064.895, 1151687.442], [2527072.865, 1151677.412], [2527076.115, 1151677.203], [2527076.375, 1151676.113], [2527077.085, 1151674.403], [2527078.185, 1151673.633], [2527079.675, 1151672.833], [2527093.235, 1151658.5929999999], [2527095.705, 1151656.633], [2527100.085, 1151654.5929999999], [2527102.215, 1151653.673], [2527107.305, 1151642.784], [2527111.375, 1151637.194], [2527117.145, 1151633.524], [2527125.954, 1151631.864], [2527132.264, 1151632.014], [2527139.654, 1151629.885], [2527159.194, 1151626.025], [2527173.844, 1151624.006], [2527177.204, 1151623.106], [2527178.784, 1151626.096], [2527183.444, 1151634.866], [2527185.154, 1151638.006], [2527188.034, 1151643.286]]]}, "properties": {"OBJECTID": 52197921, "EGRID": "CH514512838928", "NUMERO": "162", "NO_COM_FED": 5642, "GENRE_TXT": "parcelle priv\u00e9e", "SUPERFICIE_MO": 3773, "SUPERFICIE_RF": 3773}}, {"type": "Feature", "id": 52198746, "geometry": {"type": "Polygon", "coordinates": [[[2526375.108, 1151517.128], [2526376.0984892016, 1151515.7407273592], [2526377.3100084164, 1151514.5416379415], [2526378.707421519, 1151513.5655073868], [2526380.2502011443, 1151512.840645147], [2526381.8936040504, 1151512.3880734644], [2526383.5899687475, 1151512.2209176903], [2526385.2900977647, 1151512.3440256272], [2526386.9446844584, 1151512.753826935], [2526388.505742991, 1151513.4384366763], [2526389.928, 1151514.378], [2526391.112415894, 1151515.4958349075], [2526392.099822901, 1151516.7909886797], [2526392.864067396, 1151518.2291563484], [2526393.3849066994, 1151519.7722449107], [2526393.6485452475, 1151521.3793823058], [2526393.648, 1151523.008], [2526426.648, 1151542.848], [2526441.958, 1151552.028], [2526447.090187588, 1151554.6923841394], [2526452.5077079856, 1151556.7144536267], [2526458.1305283224, 1151558.0643364873], [2526463.875582835, 1151558.722090941], [2526469.658, 1151558.678], [2526446.768, 1151576.078], [2526446.251218824, 1151572.6549593974], [2526445.1941991285, 1151569.3584492556], [2526443.62409502, 1151566.2731546445], [2526441.581241388, 1151563.478334652], [2526439.118117733, 1151561.0457862744], [2526436.298, 1151559.038], [2526389.088, 1151530.678], [2526387.628494451, 1151531.4522813887], [2526386.0615298264, 1151531.976008401], [2526384.4297723267, 1151532.234920702], [2526382.7776523684, 1151532.2219684806], [2526381.150154808, 1151531.9375044073], [2526379.5915940707, 1151531.389274031], [2526378.1444075303, 1151530.5922048786], [2526376.848, 1151529.568], [2526375.714434502, 1151528.307461947], [2526374.80983229, 1151526.8737179814], [2526374.160137433, 1151525.3078880052], [2526373.783983237, 1151523.6548801581], [2526373.692157837, 1151521.9621028493], [2526373.8872947935, 1151520.2781050792], [2526374.3637975613, 1151518.6511840506], [2526375.108, 1151517.128]]]}, "properties": {"OBJECTID": 52198746, "EGRID": "CH814520838849", "NUMERO": "DP 11", "NO_COM_FED": 5642, "GENRE_TXT": "DP communal", "SUPERFICIE_MO": 1133, "SUPERFICIE_RF": null}}, {"type": "Feature", "id": 52199320, "geometry": {"type": "Polygon", "coordinates": [[[2527369.872, 1151184.993], [2527359.472, 1151177.763], [2527357.682, 1151176.5320000001], [2527393.142, 1151135.084], [2527396.972, 1151130.714], [2527405.882, 1151119.854], [2527410.832, 1151114.184], [2527416.112, 1151115.555], [2527417.772, 1151115.905], [2527429.191, 1151118.275], [2527440.941, 1151120.765], [2527436.881, 1151128.735], [2527437.461, 1151129.005], [2527433.0609999998, 1151137.635], [2527417.572, 1151153.495], [2527397.792, 1151201.904], [2527396.902, 1151203.984], [2527391.292, 1151199.984], [2527374.012, 1151187.913], [2527369.872, 1151184.993]]]}, "properties": {"OBJECTID": 52199320, "EGRID": "CH638388450962", "NUMERO": "132", "NO_COM_FED": 5642, "GENRE_TXT": "parcelle priv\u00e9e", "SUPERFICIE_MO": 3159, "SUPERFICIE_RF": 3158}}, {"type": "Feature", "id": 52199526, "geometry": {"type": "Polygon", "coordinates": [[[2526255.188, 1151538.139], [2526291.068, 1151519.049], [2526296.678, 1151515.768], [2526339.1689999998, 1151490.948], [2526348.809, 1151482.937], [2526361.959, 1151472.027], [2526372.549, 1151461.047], [2526382.299, 1151450.937], [2526393.329, 1151436.696], [2526399.259, 1151429.036], [2526411.1890000002, 1151409.946], [2526415.579, 1151402.926], [2526429.879, 1151369.695], [2526436.119, 1151358.715], [2526441.119, 1151348.245], [2526444.309, 1151339.734], [2526451.1689999998, 1151341.334], [2526450.559, 1151356.805], [2526446.369, 1151366.605], [2526440.299, 1151377.775], [2526427.249, 1151408.616], [2526416.249, 1151426.856], [2526411.119, 1151435.336], [2526406.079, 1151441.646], [2526402.099, 1151446.596], [2526398.9189999998, 1151450.577], [2526395.069, 1151455.3969999999], [2526391.899, 1151459.337], [2526369.249, 1151481.117], [2526344.679, 1151498.878], [2526298.668, 1151525.429], [2526295.618, 1151527.199], [2526263.308, 1151545.749], [2526262.638, 1151546.139], [2526229.828, 1151564.94], [2526195.208, 1151585.21], [2526165.448, 1151600.481], [2526158.668, 1151593.041], [2526182.818, 1151577.09], [2526186.168, 1151574.89], [2526224.228, 1151554.61], [2526255.188, 1151538.139]]]}, "properties": {"OBJECTID": 52199526, "EGRID": "CH374588298364", "NUMERO": "1477", "NO_COM_FED": 5642, "GENRE_TXT": "parcelle priv\u00e9e", "SUPERFICIE_MO": 4574, "SUPERFICIE_RF": 4574}}, {"type": "Feature", "id": 52200610, "geometry": {"type": "Polygon", "coordinates": [[[2526858.808, 1151437.965], [2526849.018, 1151452.365], [2526844.178, 1151459.685], [2526820.608, 1151444.344], [2526820.128, 1151443.954], [2526821.428, 1151441.764], [2526833.798, 1151421.715], [2526858.808, 1151437.965]]]}, "properties": {"OBJECTID": 52200610, "EGRID": "CH108845208349", "NUMERO": "798", "NO_COM_FED": 5642, "GENRE_TXT": "parcelle priv\u00e9e", "SUPERFICIE_MO": 766, "SUPERFICIE_RF": 760}}, {"type": "Feature", "id": 52200797, "geometry": {"type": "Polygon", "coordinates": [[[2527435.941, 1151791.045], [2527453.631, 1151787.715], [2527455.141, 1151787.435], [2527457.031, 1151809.415], [2527457.191, 1151811.285], [2527454.171, 1151810.395], [2527447.221, 1151808.355], [2527436.751, 1151805.294], [2527435.721, 1151791.065], [2527435.941, 1151791.045]]]}, "properties": {"OBJECTID": 52200797, "EGRID": "CH608945288322", "NUMERO": "536", "NO_COM_FED": 5642, "GENRE_TXT": "parcelle priv\u00e9e", "SUPERFICIE_MO": 377, "SUPERFICIE_RF": 377}}, {"type": "Feature", "id": 52200877, "geometry": {"type": "Polygon", "coordinates": [[[2527189.268, 1151072.656], [2527199.134, 1151058.017], [2527216.824, 1151031.408], [2527238.944, 1151043.219], [2527215.284, 1151078.858], [2527210.06, 1151086.644], [2527189.268, 1151072.656]]]}, "properties": {"OBJECTID": 52200877, "EGRID": "CH774507358357", "NUMERO": "4144", "NO_COM_FED": 5642, "GENRE_TXT": "parcelle priv\u00e9e", "SUPERFICIE_MO": 1272, "SUPERFICIE_RF": 1269}}, {"type": "Feature", "id": 52201382, "geometry": {"type": "Polygon", "coordinates": [[[2527338.102, 1151320.382], [2527368.082, 1151342.833], [2527387.942, 1151316.8530000001], [2527409.431, 1151288.774], [2527409.6210133047, 1151288.4668973223], [2527409.7594332867, 1151288.1333451986], [2527409.8426922313, 1151287.7819407894], [2527409.8686441756, 1151287.4217413901], [2527409.8366202195, 1151287.0620309832], [2527409.747445767, 1151286.7120809474], [2527409.6034192494, 1151286.3809110923], [2527409.408252889, 1151286.0770571763], [2527409.1669770125, 1151285.8083509016], [2527408.8858104004, 1151285.5817180553], [2527408.572, 1151285.403], [2527414.8109999998, 1151287.924], [2527392.822, 1151316.804], [2527380.622, 1151332.743], [2527374.462, 1151340.693], [2527357.752, 1151362.212], [2527332.352, 1151337.2820000001], [2527328.142, 1151333.071], [2527327.982, 1151332.931], [2527338.102, 1151320.382]]]}, "properties": {"OBJECTID": 52201382, "EGRID": "CH728883834563", "NUMERO": "709", "NO_COM_FED": 5642, "GENRE_TXT": "parcelle priv\u00e9e", "SUPERFICIE_MO": 1057, "SUPERFICIE_RF": 1055}}, {"type": "Feature", "id": 52202271, "geometry": {"type": "Polygon", "coordinates": [[[2527519.39, 1151751.998], [2527512.97, 1151774.597], [2527511.2, 1151780.277], [2527509.36, 1151786.027], [2527507.41, 1151791.707], [2527506.52, 1151793.557], [2527506.333, 1151794.014], [2527504.04, 1151793.087], [2527504.688, 1151791.351], [2527485.893, 1151785.1469999999], [2527483.732, 1151780.629], [2527488.008, 1151756.807], [2527491.31, 1151755.497], [2527496.86, 1151753.217], [2527513.42, 1151746.387], [2527514.0925242435, 1151746.1672385638], [2527514.7912402134, 1151746.0559733827], [2527515.4987597866, 1151746.0559733827], [2527516.1974757565, 1151746.1672385638], [2527516.87, 1151746.387], [2527517.4750012243, 1151746.6854705557], [2527518.028303577, 1151747.0714338452], [2527518.5173510714, 1151747.536131276], [2527518.931045845, 1151748.069017557], [2527519.26, 1151748.658], [2527519.491203668, 1151749.3021540812], [2527519.6216350896, 1151749.9740002397], [2527519.648252868, 1151750.6578723844], [2527519.57043633, 1151751.3378240026], [2527519.39, 1151751.998]]]}, "properties": {"OBJECTID": 52202271, "EGRID": "CH138388452918", "NUMERO": "539", "NO_COM_FED": 5642, "GENRE_TXT": "parcelle priv\u00e9e", "SUPERFICIE_MO": 1079, "SUPERFICIE_RF": 1079}}, {"type": "Feature", "id": 52203413, "geometry": {"type": "Polygon", "coordinates": [[[2526583.098, 1151628.108], [2526525.518, 1151604.618], [2526594.128, 1151549.6469999999], [2526620.448, 1151582.497], [2526599.068, 1151608.618], [2526583.098, 1151628.108]]]}, "properties": {"OBJECTID": 52203413, "EGRID": "CH583583458979", "NUMERO": "2077", "NO_COM_FED": 5642, "GENRE_TXT": "DDP superficie", "SUPERFICIE_MO": 3602, "SUPERFICIE_RF": 3602}}, {"type": "Feature", "id": 52204261, "geometry": {"type": "Polygon", "coordinates": [[[2527425.941, 1151840.884], [2527420.531, 1151853.114], [2527412.012, 1151862.263], [2527398.002, 1151876.183], [2527366.642, 1151848.832], [2527382.962, 1151834.392], [2527390.372, 1151827.693], [2527400.171, 1151818.923], [2527425.941, 1151840.884]]]}, "properties": {"OBJECTID": 52204261, "EGRID": "CH614528838944", "NUMERO": "528", "NO_COM_FED": 5642, "GENRE_TXT": "parcelle priv\u00e9e", "SUPERFICIE_MO": 1768, "SUPERFICIE_RF": 1768}}, {"type": "Feature", "id": 52204930, "geometry": {"type": "Polygon", "coordinates": [[[2527417.421, 1151524.904], [2527421.3310000002, 1151521.794], [2527437.021, 1151537.725], [2527437.691, 1151538.265], [2527459.051, 1151559.946], [2527465.08, 1151565.326], [2527466.19, 1151566.466], [2527462.681, 1151570.026], [2527417.421, 1151524.904]]]}, "properties": {"OBJECTID": 52204930, "EGRID": "CH644583888274", "NUMERO": "DP 1082", "NO_COM_FED": 5642, "GENRE_TXT": "DP communal", "SUPERFICIE_MO": 304, "SUPERFICIE_RF": null}}, {"type": "Feature", "id": 52206128, "geometry": {"type": "Polygon", "coordinates": [[[2527331.632, 1151286.012], [2527355.802, 1151257.332], [2527362.592, 1151264.483], [2527372.642, 1151270.083], [2527376.822, 1151272.043], [2527375.222, 1151274.073], [2527374.282, 1151275.293], [2527371.402, 1151278.833], [2527358.612, 1151294.832], [2527351.852, 1151303.372], [2527331.632, 1151286.012]]]}, "properties": {"OBJECTID": 52206128, "EGRID": "CH344583888477", "NUMERO": "714", "NO_COM_FED": 5642, "GENRE_TXT": "parcelle priv\u00e9e", "SUPERFICIE_MO": 985, "SUPERFICIE_RF": 992}}, {"type": "Feature", "id": 52206808, "geometry": {"type": "Polygon", "coordinates": [[[2527434.761, 1151641.275], [2527424.191, 1151645.364], [2527422.961, 1151635.614], [2527432.5810000002, 1151633.045], [2527434.761, 1151641.275]]]}, "properties": {"OBJECTID": 52206808, "EGRID": "CH438389450924", "NUMERO": "675", "NO_COM_FED": 5642, "GENRE_TXT": "parcelle priv\u00e9e", "SUPERFICIE_MO": 96, "SUPERFICIE_RF": 95}}, {"type": "Feature", "id": 52207159, "geometry": {"type": "Polygon", "coordinates": [[[2526447.327, 1151687.66], [2526441.877, 1151681.7], [2526449.617, 1151674.6], [2526455.507, 1151681.07], [2526447.327, 1151687.66]]]}, "properties": {"OBJECTID": 52207159, "EGRID": "CH238388450211", "NUMERO": "1783", "NO_COM_FED": 5642, "GENRE_TXT": "parcelle priv\u00e9e", "SUPERFICIE_MO": 88, "SUPERFICIE_RF": 88}}, {"type": "Feature", "id": 52208320, "geometry": {"type": "Polygon", "coordinates": [[[2526344.977, 1151786.212], [2526366.327, 1151766.672], [2526375.367, 1151776.232], [2526390.417, 1151792.432], [2526368.827, 1151812.222], [2526344.977, 1151786.212]]]}, "properties": {"OBJECTID": 52208320, "EGRID": "CH314586838813", "NUMERO": "1457", "NO_COM_FED": 5642, "GENRE_TXT": "parcelle priv\u00e9e", "SUPERFICIE_MO": 1028, "SUPERFICIE_RF": 1028}}, {"type": "Feature", "id": 52208494, "geometry": {"type": "Polygon", "coordinates": [[[2527087.516, 1151838.692], [2527093.156, 1151839.062], [2527129.565, 1151841.444], [2527130.275, 1151841.494], [2527129.035, 1151851.224], [2527136.405, 1151861.144], [2527130.285, 1151865.953], [2527129.576, 1151877.123], [2527121.276, 1151883.273], [2527144.646, 1151915.974], [2527158.446, 1151937.244], [2527155.2060000002, 1151939.714], [2527145.586, 1151923.564], [2527142.286, 1151917.624], [2527136.536, 1151921.453], [2527121.866, 1151901.173], [2527084.316, 1151849.172], [2527087.516, 1151838.692]]]}, "properties": {"OBJECTID": 52208494, "EGRID": "CH538388455154", "NUMERO": "1560", "NO_COM_FED": 5642, "GENRE_TXT": "parcelle priv\u00e9e", "SUPERFICIE_MO": 2074, "SUPERFICIE_RF": 2074}}, {"type": "Feature", "id": 52208853, "geometry": {"type": "Polygon", "coordinates": [[[2527465.451, 1151816.725], [2527461.181, 1151815.955], [2527435.451, 1151808.664], [2527419.121, 1151801.814], [2527407.691, 1151796.964], [2527398.741, 1151789.803], [2527407.101, 1151786.694], [2527407.841, 1151789.914], [2527409.571, 1151792.674], [2527412.171, 1151794.714], [2527436.751, 1151805.294], [2527447.221, 1151808.355], [2527454.171, 1151810.395], [2527457.191, 1151811.285], [2527461.511, 1151812.545], [2527476.54, 1151813.306], [2527494.03, 1151811.306], [2527499.67, 1151809.837], [2527496.66, 1151822.006], [2527496.79, 1151821.116], [2527496.789016555, 1151819.9631994998], [2527496.6, 1151818.826], [2527496.3204483683, 1151818.1092466], [2527495.9340542066, 1151817.443976652], [2527495.45, 1151816.846], [2527494.9086106154, 1151816.3521120816], [2527494.300939953, 1151815.942521911], [2527493.64, 1151815.626], [2527492.5635416117, 1151815.3389074688], [2527491.46, 1151815.186], [2527490.654552864, 1151815.1600055431], [2527489.85, 1151815.206], [2527488.85, 1151815.286], [2527481.83, 1151816.086], [2527477.48, 1151816.736], [2527473.401, 1151817.066], [2527469.291, 1151817.056], [2527465.451, 1151816.725]]]}, "properties": {"OBJECTID": 52208853, "EGRID": "CH951583894556", "NUMERO": "DP 55", "NO_COM_FED": 5642, "GENRE_TXT": "DP communal", "SUPERFICIE_MO": 411, "SUPERFICIE_RF": null}}, {"type": "Feature", "id": 52209358, "geometry": {"type": "Polygon", "coordinates": [[[2527285.568, 1151450.179], [2527284.273, 1151447.944], [2527280.953, 1151443.132], [2527278.670565643, 1151440.3715072947], [2527276.218, 1151437.761], [2527264.263, 1151425.799], [2527249.033, 1151410.749], [2527239.493, 1151401.168], [2527226.184, 1151388.568], [2527214.714, 1151377.9070000001], [2527197.0439999998, 1151362.087], [2527189.7939999998, 1151355.627], [2527144.405, 1151316.365], [2527136.875, 1151309.785], [2527109.915, 1151285.904], [2527091.455, 1151268.8530000001], [2527084.035, 1151262.133], [2527070.156, 1151249.303], [2527065.746, 1151245.213], [2527042.046, 1151226.2820000001], [2527057.886, 1151222.542], [2527104.705, 1151266.264], [2527132.025, 1151290.845], [2527221.594, 1151369.378], [2527223.214, 1151369.308], [2527318.942, 1151465.601], [2527310.542, 1151477.921], [2527285.568, 1151450.179]]]}, "properties": {"OBJECTID": 52209358, "EGRID": "CH144583886270", "NUMERO": "DP 1077", "NO_COM_FED": 5642, "GENRE_TXT": "DP communal", "SUPERFICIE_MO": 4112, "SUPERFICIE_RF": null}}, {"type": "Feature", "id": 52210412, "geometry": {"type": "Polygon", "coordinates": [[[2527476.151, 1151247.416], [2527473.221, 1151255.296], [2527466.861, 1151272.186], [2527463.461, 1151281.306], [2527462.881, 1151282.816], [2527462.721, 1151283.276], [2527464.8109999998, 1151283.906], [2527479.741, 1151288.4070000001], [2527486.731, 1151290.537], [2527488.541, 1151291.067], [2527490.52, 1151291.677], [2527494.83, 1151292.987], [2527499.02, 1151294.257], [2527503.09, 1151295.497], [2527506.77, 1151296.607], [2527495.25, 1151310.217], [2527494.704, 1151310.734], [2527494.1825788897, 1151310.994467822], [2527493.627165427, 1151311.17121438], [2527493.0511081186, 1151311.259991843], [2527492.468251615, 1151311.258666581], [2527491.892603974, 1151311.1672704448], [2527491.338, 1151310.988], [2527386.981, 1151268.028], [2527379.532, 1151264.648], [2527376.249, 1151262.955], [2527373.5640000002, 1151261.385], [2527375.912, 1151255.703], [2527384.582, 1151234.423], [2527387.472, 1151227.283], [2527417.991, 1151240.064], [2527426.781, 1151219.085], [2527431.991, 1151221.265], [2527433.361, 1151217.985], [2527434.221, 1151216.015], [2527439.351, 1151203.575], [2527444.041, 1151192.105], [2527449.781, 1151178.206], [2527453.391, 1151169.556], [2527467.731, 1151134.816], [2527469.261, 1151131.316], [2527471.131, 1151127.026], [2527471.371, 1151127.086], [2527471.541, 1151125.836], [2527483.891, 1151127.837], [2527492.4, 1151129.217], [2527513.15, 1151132.578], [2527514.94, 1151132.868], [2527518.89, 1151133.508], [2527555.6689999998, 1151139.499], [2527557.479, 1151139.799], [2527563.609, 1151140.799], [2527564.0005524177, 1151140.91155332], [2527564.367388168, 1151141.0887906698], [2527564.6989099607, 1151141.3255919504], [2527564.98554067, 1151141.6151163573], [2527565.219, 1151141.949], [2527565.3835979947, 1151142.2922120956], [2527565.491874148, 1151142.6571275885], [2527565.541105855, 1151143.034570672], [2527565.530055182, 1151143.4150505336], [2527565.459, 1151143.789], [2527558.969, 1151162.519], [2527553.04, 1151179.719], [2527551.32, 1151184.759], [2527550.38, 1151187.529], [2527545.89, 1151200.539], [2527535.69, 1151230.448], [2527535.25, 1151231.7179999999], [2527533.83, 1151231.208], [2527522.53, 1151226.938], [2527511.92, 1151223.028], [2527488.471, 1151214.3969999999], [2527486.591, 1151219.467], [2527484.501, 1151225.067], [2527476.151, 1151247.416]]]}, "properties": {"OBJECTID": 52210412, "EGRID": "CH314582838849", "NUMERO": "143", "NO_COM_FED": 5642, "GENRE_TXT": "parcelle priv\u00e9e", "SUPERFICIE_MO": 15125, "SUPERFICIE_RF": 15144}}, {"type": "Feature", "id": 52210965, "geometry": {"type": "Polygon", "coordinates": [[[2526776.469, 1151350.333], [2526775.099, 1151352.623], [2526761.409, 1151372.643], [2526732.819, 1151353.7719999999], [2526744.139, 1151328.492], [2526772.239, 1151347.363], [2526776.469, 1151350.333]]]}, "properties": {"OBJECTID": 52210965, "EGRID": "CH908945278320", "NUMERO": "806", "NO_COM_FED": 5642, "GENRE_TXT": "parcelle priv\u00e9e", "SUPERFICIE_MO": 997, "SUPERFICIE_RF": 1005}}, {"type": "Feature", "id": 52211189, "geometry": {"type": "Polygon", "coordinates": [[[2527336.482, 1151205.762], [2527336.068090705, 1151206.314514644], [2527335.7486399272, 1151206.926515082], [2527335.532, 1151207.582], [2527335.4430477633, 1151208.0885938543], [2527335.412, 1151208.602], [2527335.4490663046, 1151209.2208337686], [2527335.568065991, 1151209.8292482807], [2527335.7668868783, 1151210.4164444993], [2527336.042, 1151210.972], [2527342.362, 1151221.142], [2527342.172, 1151221.372], [2527341.362, 1151222.422], [2527354.182, 1151243.222], [2527349.182, 1151246.982], [2527341.062, 1151233.942], [2527330.333, 1151216.322], [2527327.383, 1151214.751], [2527336.482, 1151205.762]]]}, "properties": {"OBJECTID": 52211189, "EGRID": "CH328837834531", "NUMERO": "DP 1026", "NO_COM_FED": 5642, "GENRE_TXT": "DP communal", "SUPERFICIE_MO": 276, "SUPERFICIE_RF": null}}, {"type": "Feature", "id": 52211215, "geometry": {"type": "Polygon", "coordinates": [[[2526887.678, 1151394.486], [2526857.488, 1151373.935], [2526871.228, 1151354.106], [2526872.648, 1151352.026], [2526875.418, 1151353.966], [2526901.928, 1151372.817], [2526899.528, 1151376.547], [2526897.368, 1151379.747], [2526892.758, 1151386.797], [2526887.678, 1151394.486]]]}, "properties": {"OBJECTID": 52211215, "EGRID": "CH808845458327", "NUMERO": "813", "NO_COM_FED": 5642, "GENRE_TXT": "parcelle priv\u00e9e", "SUPERFICIE_MO": 952, "SUPERFICIE_RF": 955}}, {"type": "Feature", "id": 52211468, "geometry": {"type": "Polygon", "coordinates": [[[2526426.667, 1151774.601], [2526451.307, 1151751.871], [2526469.477, 1151771.741], [2526451.407, 1151787.451], [2526450.155917269, 1151788.3344504926], [2526448.786478408, 1151789.020256572], [2526447.3296670816, 1151789.4929018198], [2526445.818443762, 1151789.7416925996], [2526444.287, 1151789.761], [2526442.874562601, 1151789.5728659383], [2526441.502195722, 1151789.1894823457], [2526440.196752263, 1151788.6183508323], [2526438.983775644, 1151787.8706466444], [2526437.887, 1151786.961], [2526426.667, 1151774.601]]]}, "properties": {"OBJECTID": 52211468, "EGRID": "CH288383458850", "NUMERO": "1492", "NO_COM_FED": 5642, "GENRE_TXT": "parcelle priv\u00e9e", "SUPERFICIE_MO": 866, "SUPERFICIE_RF": 866}}, {"type": "Feature", "id": 52212397, "geometry": {"type": "Polygon", "coordinates": [[[2527373.122, 1151375.283], [2527357.222, 1151362.872], [2527357.752, 1151362.212], [2527374.462, 1151340.693], [2527390.412, 1151352.993], [2527373.122, 1151375.283]]]}, "properties": {"OBJECTID": 52212397, "EGRID": "CH638388458286", "NUMERO": "706", "NO_COM_FED": 5642, "GENRE_TXT": "parcelle priv\u00e9e", "SUPERFICIE_MO": 567, "SUPERFICIE_RF": 566}}, {"type": "Feature", "id": 52212465, "geometry": {"type": "Polygon", "coordinates": [[[2527318.942, 1151465.601], [2527335.862, 1151440.7719999999], [2527356.192, 1151459.2719999999], [2527373.442, 1151476.363], [2527370.892, 1151479.003], [2527377.712, 1151485.873], [2527383.772, 1151491.633], [2527388.711, 1151496.333], [2527395.551, 1151502.764], [2527417.421, 1151524.904], [2527417.641, 1151563.194], [2527396.931, 1151549.534], [2527389.5609999998, 1151540.773], [2527388.681, 1151541.403], [2527386.611, 1151539.823], [2527380.742, 1151537.313], [2527372.302, 1151531.303], [2527372.732, 1151529.233], [2527357.852, 1151518.072], [2527355.032, 1151515.962], [2527340.202, 1151504.7820000001], [2527310.542, 1151477.921], [2527318.942, 1151465.601]]]}, "properties": {"OBJECTID": 52212465, "EGRID": "CH758483884510", "NUMERO": "DP 1062", "NO_COM_FED": 5642, "GENRE_TXT": "DP cantonal", "SUPERFICIE_MO": 4873, "SUPERFICIE_RF": null}}, {"type": "Feature", "id": 52212684, "geometry": {"type": "Polygon", "coordinates": [[[2527234.033, 1151782.438], [2527242.923, 1151783.598], [2527255.063, 1151783.308], [2527251.803, 1151813.588], [2527251.533, 1151816.048], [2527230.654, 1151813.627], [2527230.924, 1151811.1570000001], [2527234.033, 1151782.438]]]}, "properties": {"OBJECTID": 52212684, "EGRID": "CH314539838848", "NUMERO": "634", "NO_COM_FED": 5642, "GENRE_TXT": "parcelle priv\u00e9e", "SUPERFICIE_MO": 667, "SUPERFICIE_RF": 667}}, {"type": "Feature", "id": 52213316, "geometry": {"type": "Polygon", "coordinates": [[[2527321.933, 1151140.721], [2527306.793, 1151159.071], [2527301.303, 1151154.621], [2527293.973, 1151152.6], [2527282.023, 1151142.87], [2527284.413, 1151140.95], [2527298.833, 1151129.231], [2527321.933, 1151140.721]]]}, "properties": {"OBJECTID": 52213316, "EGRID": "CH444583891017", "NUMERO": "138", "NO_COM_FED": 5642, "GENRE_TXT": "parcelle priv\u00e9e", "SUPERFICIE_MO": 617, "SUPERFICIE_RF": 625}}, {"type": "Feature", "id": 52213694, "geometry": {"type": "Polygon", "coordinates": [[[2527441.5609999998, 1151732.175], [2527458.27, 1151727.915], [2527463.38, 1151726.586], [2527464.11, 1151726.436], [2527473.5, 1151742.986], [2527475.11, 1151748.786], [2527475.59, 1151750.856], [2527468.03, 1151753.886], [2527449.49, 1151761.075], [2527446.09, 1151747.945], [2527441.5609999998, 1151732.175]]]}, "properties": {"OBJECTID": 52213694, "EGRID": "CH968983458509", "NUMERO": "665", "NO_COM_FED": 5642, "GENRE_TXT": "parcelle priv\u00e9e", "SUPERFICIE_MO": 744, "SUPERFICIE_RF": 751}}, {"type": "Feature", "id": 52214489, "geometry": {"type": "Polygon", "coordinates": [[[2526492.36, 1151567.338], [2526441.618, 1151608.109], [2526409.158, 1151634.16], [2526392.749, 1151647.3530000001], [2526392.223, 1151647.776], [2526392.218, 1151647.78], [2526371.207, 1151664.6], [2526356.847, 1151676.081], [2526354.077, 1151678.271], [2526353.548, 1151678.695], [2526332.257, 1151695.761], [2526323.787, 1151686.661], [2526325.161076375, 1151685.3959169579], [2526326.307, 1151683.921], [2526327.1957975794, 1151682.268466004], [2526327.797, 1151680.491], [2526327.7239685776, 1151679.1157689802], [2526327.427, 1151677.771], [2526326.917, 1151676.501], [2526326.207, 1151675.331], [2526330.247, 1151669.461], [2526331.5736516383, 1151670.557755785], [2526333.057, 1151671.431], [2526334.6462203353, 1151672.0750696177], [2526336.317, 1151672.461], [2526337.9524486926, 1151672.5193922997], [2526339.5780943413, 1151672.3313010675], [2526341.157, 1151671.901], [2526342.633072709, 1151671.249310767], [2526343.9964187127, 1151670.386306031], [2526345.217, 1151669.331], [2526362.728, 1151655.44], [2526380.628, 1151641.05], [2526381.8731186404, 1151639.951604994], [2526382.9134574346, 1151638.6575852062], [2526383.7187496214, 1151637.205587785], [2526384.2655666918, 1151635.637855949], [2526384.538, 1151634], [2526384.5282029966, 1151632.3344691852], [2526384.234746903, 1151630.6949654806], [2526383.666215078, 1151629.129443063], [2526382.839236623, 1151627.683692216], [2526381.778, 1151626.4], [2526389.018, 1151623.97], [2526390.113841991, 1151624.7509015924], [2526391.298, 1151625.39], [2526392.5769302556, 1151625.882978088], [2526393.908, 1151626.21], [2526395.838, 1151626.2499999998], [2526397.748, 1151625.97], [2526399.5738285924, 1151625.3810713815], [2526401.278, 1151624.5], [2526438.748, 1151594.419], [2526438.965, 1151594.242], [2526441.421769366, 1151591.864679306], [2526443.4726964203, 1151589.129525267], [2526445.066408234, 1151586.1050497661], [2526446.162984497, 1151582.8670117953], [2526446.734957467, 1151579.4965197954], [2526446.768, 1151576.078], [2526469.658, 1151558.678], [2526475.3937790585, 1151557.932602209], [2526480.9967447235, 1151556.4967905818], [2526486.384110448, 1151554.3917799352], [2526491.4762752787, 1151551.6486728266], [2526496.198, 1151548.308], [2526492.808, 1151566.9780000001], [2526492.36, 1151567.338]]]}, "properties": {"OBJECTID": 52214489, "EGRID": "CH398388864504", "NUMERO": "DP 13", "NO_COM_FED": 5642, "GENRE_TXT": "DP communal", "SUPERFICIE_MO": 3240, "SUPERFICIE_RF": null}}, {"type": "Feature", "id": 52215395, "geometry": {"type": "Polygon", "coordinates": [[[2527453.64, 1151770.045], [2527434.591, 1151777.035], [2527407.101, 1151786.694], [2527398.741, 1151789.803], [2527395.501, 1151780.173], [2527425.941, 1151769.604], [2527449.49, 1151761.075], [2527468.03, 1151753.886], [2527475.59, 1151750.856], [2527495.1, 1151742.597], [2527501.06, 1151739.997], [2527512.2, 1151735.107], [2527513.42, 1151746.387], [2527496.86, 1151753.217], [2527491.31, 1151755.497], [2527488.008, 1151756.807], [2527480.17, 1151759.916], [2527472.16, 1151762.986], [2527453.64, 1151770.045]]]}, "properties": {"OBJECTID": 52215395, "EGRID": "CH344583884420", "NUMERO": "DP 64", "NO_COM_FED": 5642, "GENRE_TXT": "DP communal", "SUPERFICIE_MO": 1252, "SUPERFICIE_RF": null}}, {"type": "Feature", "id": 52215415, "geometry": {"type": "Polygon", "coordinates": [[[2526425.149, 1151465.597], [2526438.409, 1151454.956], [2526463.449, 1151434.966], [2526455.9189999998, 1151425.576], [2526431.109, 1151445.416], [2526416.249, 1151426.856], [2526427.249, 1151408.616], [2526440.299, 1151377.775], [2526458.619, 1151391.865], [2526461.089, 1151402.475], [2526496.269, 1151429.096], [2526449.249, 1151466.816], [2526389.928, 1151514.378], [2526388.505742991, 1151513.4384366763], [2526386.9446844584, 1151512.753826935], [2526385.2900977647, 1151512.3440256272], [2526383.5899687475, 1151512.2209176903], [2526381.8936040504, 1151512.3880734644], [2526380.2502011443, 1151512.840645147], [2526378.707421519, 1151513.5655073868], [2526377.3100084164, 1151514.5416379415], [2526376.0984892016, 1151515.7407273592], [2526375.108, 1151517.128], [2526344.679, 1151498.878], [2526369.249, 1151481.117], [2526391.899, 1151459.337], [2526395.069, 1151455.3969999999], [2526404.259, 1151466.997], [2526379.409, 1151486.867], [2526386.899, 1151496.227], [2526411.869, 1151476.207], [2526425.149, 1151465.597]], [[2526482.389, 1151431.386], [2526478.9390000002, 1151427.086], [2526381.498, 1151505.018], [2526384.888, 1151509.378], [2526482.389, 1151431.386]]]}, "properties": {"OBJECTID": 52215415, "EGRID": "CH638388452843", "NUMERO": "1471", "NO_COM_FED": 5642, "GENRE_TXT": "parcelle priv\u00e9e", "SUPERFICIE_MO": 4836, "SUPERFICIE_RF": 4836}}, {"type": "Feature", "id": 52215476, "geometry": {"type": "Polygon", "coordinates": [[[2527153.455, 1151078.866], [2527140.375, 1151055.405], [2527171.485, 1151008.976], [2527172.685, 1151009.786], [2527174.565, 1151010.456], [2527182.085, 1151012.917], [2527193.694, 1151019.017], [2527184.524, 1151033.257], [2527153.455, 1151078.866]]]}, "properties": {"OBJECTID": 52215476, "EGRID": "CH457483894588", "NUMERO": "773", "NO_COM_FED": 5642, "GENRE_TXT": "parcelle priv\u00e9e", "SUPERFICIE_MO": 1555, "SUPERFICIE_RF": 1542}}, {"type": "Feature", "id": 52215781, "geometry": {"type": "Polygon", "coordinates": [[[2527362.352, 1151806.982], [2527377.482, 1151827.672], [2527380.272, 1151831.132], [2527382.962, 1151834.392], [2527366.642, 1151848.832], [2527344.462, 1151829.801], [2527343.5319801643, 1151828.8392205324], [2527342.767961767, 1151827.7409343552], [2527342.1896606134, 1151826.5344831902], [2527341.812, 1151825.251], [2527341.6049997723, 1151823.9283280014], [2527341.612036456, 1151822.5895745533], [2527341.8329291763, 1151821.2691516227], [2527342.262, 1151820.001], [2527342.8554166844, 1151818.7976581738], [2527343.6340195113, 1151817.7049768164], [2527344.5776793812, 1151816.7512048513], [2527345.662, 1151815.961], [2527350.352, 1151813.401], [2527355.562, 1151810.562], [2527362.352, 1151806.982]]]}, "properties": {"OBJECTID": 52215781, "EGRID": "CH374588308361", "NUMERO": "526", "NO_COM_FED": 5642, "GENRE_TXT": "parcelle priv\u00e9e", "SUPERFICIE_MO": 934, "SUPERFICIE_RF": 934}}, {"type": "Feature", "id": 52217621, "geometry": {"type": "Polygon", "coordinates": [[[2527434.761, 1151641.275], [2527441.891, 1151670.625], [2527427.781, 1151674.124], [2527424.191, 1151645.364], [2527434.761, 1151641.275]]]}, "properties": {"OBJECTID": 52217621, "EGRID": "CH998388594575", "NUMERO": "673", "NO_COM_FED": 5642, "GENRE_TXT": "parcelle priv\u00e9e", "SUPERFICIE_MO": 379, "SUPERFICIE_RF": 380}}, {"type": "Feature", "id": 52218305, "geometry": {"type": "Polygon", "coordinates": [[[2526995.067, 1151888.419], [2527000.537, 1151885.109], [2527052.056, 1151853.951], [2527074.486, 1151840.382], [2527062.986, 1151878.031], [2526984.618, 1151925.4679999999], [2526995.067, 1151888.419]]]}, "properties": {"OBJECTID": 52218305, "EGRID": "CH559683894542", "NUMERO": "1556", "NO_COM_FED": 5642, "GENRE_TXT": "parcelle priv\u00e9e", "SUPERFICIE_MO": 2423, "SUPERFICIE_RF": 2423}}, {"type": "Feature", "id": 52218378, "geometry": {"type": "Polygon", "coordinates": [[[2526889.268, 1151123.127], [2526874.718, 1151124.956], [2526824.429, 1151188.414], [2526822.909, 1151187.574], [2526811.639, 1151201.334], [2526809.829, 1151199.944], [2526802.499, 1151208.514], [2526814.9189999998, 1151186.564], [2526852.768, 1151138.665], [2526873.568, 1151112.146], [2526881.508, 1151107.736], [2526886.538, 1151118.307], [2526889.268, 1151123.127]]]}, "properties": {"OBJECTID": 52218378, "EGRID": "CH414508838901", "NUMERO": "2740", "NO_COM_FED": 5642, "GENRE_TXT": "parcelle priv\u00e9e", "SUPERFICIE_MO": 1034, "SUPERFICIE_RF": 1027}}, {"type": "Feature", "id": 52218773, "geometry": {"type": "Polygon", "coordinates": [[[2526944.407, 1151668.588], [2526956.387, 1151656.409], [2526967.416, 1151665.319], [2527000.366, 1151688.36], [2527005.916, 1151692.46], [2527022.006, 1151704.371], [2527029.806, 1151710.141], [2527025.9359999998, 1151713.111], [2527018.626, 1151721.581], [2527014.726, 1151729.48], [2527014.306, 1151730.33], [2527009.236, 1151726], [2526990.306, 1151709.82], [2526988.786, 1151708.52], [2526977.476, 1151697.549], [2526953.607, 1151676.638], [2526944.407, 1151668.588]]]}, "properties": {"OBJECTID": 52218773, "EGRID": "CH638389457287", "NUMERO": "854", "NO_COM_FED": 5642, "GENRE_TXT": "parcelle priv\u00e9e", "SUPERFICIE_MO": 1920, "SUPERFICIE_RF": 1920}}, {"type": "Feature", "id": 52219183, "geometry": {"type": "Polygon", "coordinates": [[[2526844.178, 1151459.685], [2526839.398, 1151466.915], [2526834.858, 1151473.805], [2526829.878, 1151481.354], [2526806.308, 1151465.284], [2526819.238, 1151446.434], [2526820.608, 1151444.344], [2526844.178, 1151459.685]]]}, "properties": {"OBJECTID": 52219183, "EGRID": "CH928927834584", "NUMERO": "793", "NO_COM_FED": 5642, "GENRE_TXT": "parcelle priv\u00e9e", "SUPERFICIE_MO": 726, "SUPERFICIE_RF": 731}}, {"type": "Feature", "id": 52221066, "geometry": {"type": "Polygon", "coordinates": [[[2526680.409, 1151646.915], [2526645.197, 1151659.068], [2526627.967, 1151673.509], [2526629.1654074755, 1151672.298460231], [2526630.142420195, 1151670.9030989313], [2526630.8700318714, 1151669.3629144428], [2526631.3273853543, 1151667.722056496], [2526631.501370505, 1151666.0275606485], [2526631.387, 1151664.328], [2526630.9840230704, 1151662.6622049438], [2526630.3041193276, 1151661.0889934273], [2526629.3670243896, 1151659.6540311798], [2526628.1999393813, 1151658.3989709588], [2526626.8367413674, 1151657.360243492], [2526625.317, 1151656.568], [2526532.888, 1151618.958], [2526525.518, 1151604.618], [2526583.098, 1151628.108], [2526625.577, 1151645.438], [2526632.1769655556, 1151647.7793938732], [2526638.960168217, 1151649.5200352098], [2526645.8720455263, 1151650.6459227083], [2526652.857, 1151651.148], [2526659.8598544626, 1151651.022495442], [2526666.8233249946, 1151650.270298549], [2526673.691441423, 1151648.8974552415], [2526680.409, 1151646.915]]]}, "properties": {"OBJECTID": 52221066, "EGRID": "CH757383894513", "NUMERO": "DP 21", "NO_COM_FED": 5642, "GENRE_TXT": "DP communal", "SUPERFICIE_MO": 1480, "SUPERFICIE_RF": null}}, {"type": "Feature", "id": 52222498, "geometry": {"type": "Polygon", "coordinates": [[[2527339.162, 1151801.421], [2527313.663, 1151820.75], [2527310.773, 1151822.92], [2527299.433, 1151821.61], [2527299.693, 1151819.14], [2527303.123, 1151787.11], [2527303.813, 1151787.21], [2527335.482, 1151791.601], [2527336.4319043565, 1151791.8280503228], [2527337.337334724, 1151792.1942005458], [2527338.1780474056, 1151792.6912642475], [2527338.935245667, 1151793.3081280317], [2527339.592, 1151794.031], [2527340.089127507, 1151794.6613855823], [2527340.482014752, 1151795.361500825], [2527340.7610741113, 1151796.114260823], [2527340.9194957023, 1151796.901295981], [2527340.9534135642, 1151797.7034002878], [2527340.862, 1151798.501], [2527340.627921994, 1151799.3282546047], [2527340.2590863695, 1151800.1048516533], [2527339.7658353983, 1151800.8090151101], [2527339.162, 1151801.421]]]}, "properties": {"OBJECTID": 52222498, "EGRID": "CH528852834522", "NUMERO": "637", "NO_COM_FED": 5642, "GENRE_TXT": "parcelle priv\u00e9e", "SUPERFICIE_MO": 965, "SUPERFICIE_RF": 965}}, {"type": "Feature", "id": 52223814, "geometry": {"type": "Polygon", "coordinates": [[[2527337.562, 1151435.872], [2527335.862, 1151440.7719999999], [2527264.783, 1151370.579], [2527224.694, 1151330.808], [2527190.254, 1151289.137], [2527171.124, 1151269.426], [2527140.585, 1151237.785], [2527128.435, 1151225.815], [2527117.975, 1151215.324], [2527112.095, 1151209.744], [2527128.795, 1151192.945], [2527132.605, 1151199.305], [2527150.025, 1151228.455], [2527153.745, 1151224.766], [2527175.474, 1151259.976], [2527190.334, 1151284.057], [2527234.334, 1151335.708], [2527262.643, 1151365.449], [2527294.163, 1151394.01], [2527307.493, 1151407.281], [2527314.812, 1151414.241], [2527337.562, 1151435.872]]]}, "properties": {"OBJECTID": 52223814, "EGRID": "CH628824834546", "NUMERO": "857", "NO_COM_FED": 5642, "GENRE_TXT": "parcelle priv\u00e9e", "SUPERFICIE_MO": 2243, "SUPERFICIE_RF": 2112}}, {"type": "Feature", "id": 52223940, "geometry": {"type": "Polygon", "coordinates": [[[2526782.949, 1151449.894], [2526769.458, 1151469.484], [2526767.568, 1151472.294], [2526750.239, 1151460.294], [2526752.179, 1151457.454], [2526765.589, 1151438.384], [2526782.949, 1151449.894]]]}, "properties": {"OBJECTID": 52223940, "EGRID": "CH938388456006", "NUMERO": "788", "NO_COM_FED": 5642, "GENRE_TXT": "parcelle priv\u00e9e", "SUPERFICIE_MO": 565, "SUPERFICIE_RF": 571}}, {"type": "Feature", "id": 52224315, "geometry": {"type": "Polygon", "coordinates": [[[2527318.623, 1151832.6], [2527323.593, 1151829.1], [2527323.607, 1151829.092], [2527324.071, 1151828.815], [2527325.0317709865, 1151828.3520644656], [2527326.0404730123, 1151828.0057836242], [2527327.083, 1151827.781], [2527328.324155502, 1151827.673503172], [2527329.568326078, 1151827.7372379815], [2527330.792, 1151827.971], [2527332.5577792036, 1151828.627900865], [2527334.222, 1151829.511], [2527336.152, 1151830.941], [2527343.792, 1151837.541], [2527335.893, 1151846.181], [2527334.343, 1151847.881], [2527328.093, 1151841.78], [2527318.623, 1151832.6]]]}, "properties": {"OBJECTID": 52224315, "EGRID": "CH653883884525", "NUMERO": "624", "NO_COM_FED": 5642, "GENRE_TXT": "parcelle priv\u00e9e", "SUPERFICIE_MO": 263, "SUPERFICIE_RF": 263}}, {"type": "Feature", "id": 52225178, "geometry": {"type": "Polygon", "coordinates": [[[2526841.418, 1151296.765], [2526839.928, 1151298.975], [2526827.348, 1151316.634], [2526825.908, 1151318.664], [2526825.608, 1151318.454], [2526811.739, 1151308.614], [2526813.349, 1151306.434], [2526827.398, 1151286.624], [2526834.988, 1151292.095], [2526841.418, 1151296.765]]]}, "properties": {"OBJECTID": 52225178, "EGRID": "CH428827834587", "NUMERO": "821", "NO_COM_FED": 5642, "GENRE_TXT": "parcelle priv\u00e9e", "SUPERFICIE_MO": 467, "SUPERFICIE_RF": 470}}, {"type": "Feature", "id": 52226012, "geometry": {"type": "Polygon", "coordinates": [[[2526898.418, 1151213.007], [2526914.708, 1151227.4070000001], [2526922.657, 1151234.4679999999], [2526935.087, 1151245.088], [2526923.827, 1151257.868], [2526898.458, 1151286.977], [2526877.128, 1151268.336], [2526872.928, 1151264.666], [2526864.468, 1151257.276], [2526867.938, 1151253.236], [2526868.098, 1151247.376], [2526898.418, 1151213.007]], [[2526905.408, 1151253.357], [2526909.888, 1151257.207], [2526912.988, 1151253.3969999999], [2526908.608, 1151249.527], [2526905.408, 1151253.357]]]}, "properties": {"OBJECTID": 52226012, "EGRID": "CH208845438343", "NUMERO": "2510", "NO_COM_FED": 5642, "GENRE_TXT": "parcelle priv\u00e9e", "SUPERFICIE_MO": 2655, "SUPERFICIE_RF": 2663}}, {"type": "Feature", "id": 52226090, "geometry": {"type": "Polygon", "coordinates": [[[2526525.518, 1151604.618], [2526594.128, 1151549.6469999999], [2526620.448, 1151582.497], [2526599.068, 1151608.618], [2526583.098, 1151628.108], [2526525.518, 1151604.618]]]}, "properties": {"OBJECTID": 52226090, "EGRID": "CH398388214505", "NUMERO": "1880", "NO_COM_FED": 5642, "GENRE_TXT": "parcelle priv\u00e9e", "SUPERFICIE_MO": 3602, "SUPERFICIE_RF": 3602}}, {"type": "Feature", "id": 52226293, "geometry": {"type": "Polygon", "coordinates": [[[2526278.377, 1151713.452], [2526279.184554572, 1151714.1019787404], [2526280.0734636653, 1151714.6353241962], [2526281.027, 1151715.042], [2526282.02217789, 1151715.3144632878], [2526283.0452193627, 1151715.4486326613], [2526284.077, 1151715.442], [2526285.235673984, 1151715.40436855], [2526286.381284071, 1151715.226832484], [2526287.497, 1151714.912], [2526288.567940971, 1151714.4627768472], [2526289.5762684834, 1151713.8865896973], [2526290.507, 1151713.192], [2526307.017, 1151700.031], [2526323.787, 1151686.661], [2526332.257, 1151695.761], [2526312.957, 1151711.212], [2526300.367, 1151721.242], [2526298.930046997, 1151722.6579452893], [2526297.747, 1151724.292], [2526296.850908515, 1151726.1002311772], [2526296.267, 1151728.0320000001], [2526296.134009401, 1151729.5996308129], [2526296.187, 1151731.172], [2526296.42260072, 1151732.1945218986], [2526296.8053496084, 1151733.1715387974], [2526297.327, 1151734.082], [2526278.377, 1151713.452]]]}, "properties": {"OBJECTID": 52226293, "EGRID": "CH598388854536", "NUMERO": "DP 19", "NO_COM_FED": 5642, "GENRE_TXT": "DP communal", "SUPERFICIE_MO": 681, "SUPERFICIE_RF": null}}, {"type": "Feature", "id": 52226467, "geometry": {"type": "Polygon", "coordinates": [[[2526355.579, 1151406.366], [2526335.829, 1151430.267], [2526299.589, 1151400.356], [2526305.809, 1151392.916], [2526311.179, 1151386.396], [2526319.329, 1151376.456], [2526355.579, 1151406.366]]]}, "properties": {"OBJECTID": 52226467, "EGRID": "CH882183458865", "NUMERO": "1451", "NO_COM_FED": 5642, "GENRE_TXT": "parcelle priv\u00e9e", "SUPERFICIE_MO": 1456, "SUPERFICIE_RF": 1456}}, {"type": "Feature", "id": 52226553, "geometry": {"type": "Polygon", "coordinates": [[[2526709.638, 1151488.945], [2526703.688, 1151484.925], [2526708.738, 1151477.675], [2526713.998, 1151481.415], [2526714.678, 1151481.925], [2526709.638, 1151488.945]]]}, "properties": {"OBJECTID": 52226553, "EGRID": "CH828936834537", "NUMERO": "1409", "NO_COM_FED": 5642, "GENRE_TXT": "DDP superficie", "SUPERFICIE_MO": 63, "SUPERFICIE_RF": 64}}, {"type": "Feature", "id": 52227474, "geometry": {"type": "Polygon", "coordinates": [[[2527282.633, 1151859.759], [2527272.414, 1151867.278], [2527257.004, 1151878.648], [2527243.454, 1151888.577], [2527241.094, 1151890.427], [2527241.504, 1151890.827], [2527218.785, 1151907.916], [2527195.385, 1151925.395], [2527161.836, 1151950.744], [2527160.365925037, 1151952.160277836], [2527159.117099925, 1151953.775022134], [2527158.116, 1151955.554], [2527141.266, 1151971.273], [2527139.5927780643, 1151971.6700721604], [2527138.006, 1151972.333], [2527136.5814826, 1151973.2696236211], [2527135.326, 1151974.423], [2527128.476, 1151983.233], [2527122.317, 1151992.252], [2527119.371027767, 1151997.0579525176], [2527116.627, 1152001.982], [2527114.129963707, 1152006.9280756917], [2527111.837, 1152011.972], [2527099.487, 1152008.222], [2527102.12296096, 1152002.3010831107], [2527104.997, 1151996.492], [2527107.117, 1151992.572], [2527112.587, 1151983.662], [2527128.946, 1151962.773], [2527133.3087087115, 1151958.2062932514], [2527137.846, 1151953.813], [2527142.5798043213, 1151949.5741684297], [2527147.476, 1151945.524], [2527155.2060000002, 1151939.714], [2527158.446, 1151937.244], [2527170.085, 1151928.554], [2527175.845, 1151924.205], [2527224.874, 1151887.377], [2527267.354, 1151855.388], [2527305.523, 1151826.9], [2527310.773, 1151822.92], [2527313.663, 1151820.75], [2527339.162, 1151801.421], [2527359.172, 1151787.222], [2527394.895, 1151780.291], [2527395.501, 1151780.173], [2527398.741, 1151789.803], [2527389.001, 1151794.143], [2527380.822, 1151797.863], [2527374.092, 1151801.082], [2527368.012, 1151804.072], [2527362.352, 1151806.982], [2527355.562, 1151810.562], [2527350.352, 1151813.401], [2527345.662, 1151815.961], [2527324.071, 1151828.815], [2527323.607, 1151829.092], [2527323.593, 1151829.1], [2527318.623, 1151832.6], [2527314.083, 1151836.11], [2527303.433, 1151844.29], [2527298.803, 1151847.859], [2527287.763, 1151855.989], [2527282.633, 1151859.759]]]}, "properties": {"OBJECTID": 52227474, "EGRID": "CH174588988322", "NUMERO": "DP 57", "NO_COM_FED": 5642, "GENRE_TXT": "DP communal", "SUPERFICIE_MO": 4999, "SUPERFICIE_RF": null}}, {"type": "Feature", "id": 52227543, "geometry": {"type": "Polygon", "coordinates": [[[2526720.386, 1151769.682], [2526726.728, 1151763.341], [2526734.59, 1151771.205], [2526736.954, 1151768.842], [2526747.114, 1151779.004], [2526736.683, 1151789.433], [2526737.9560000002, 1151790.706], [2526732.334, 1151796.327], [2526720.774, 1151784.764], [2526718.617, 1151786.921], [2526713.066, 1151781.37], [2526722.246, 1151772.192], [2526720.0609999998, 1151770.007], [2526720.386, 1151769.682]]]}, "properties": {"OBJECTID": 52227543, "EGRID": "CH374508488348", "NUMERO": "4185", "NO_COM_FED": 5642, "GENRE_TXT": "parcelle priv\u00e9e", "SUPERFICIE_MO": 549, "SUPERFICIE_RF": 549}}, {"type": "Feature", "id": 52228322, "geometry": {"type": "Polygon", "coordinates": [[[2527522.7, 1151625.748], [2527564.949, 1151667.949], [2527603.129, 1151707.42], [2527570.599, 1151715.469], [2527557.759, 1151709.839], [2527518.37, 1151673.338], [2527505.49, 1151658.297], [2527497.19, 1151645.357], [2527522.7, 1151625.748]]]}, "properties": {"OBJECTID": 52228322, "EGRID": "CH144583883203", "NUMERO": "DP 1080", "NO_COM_FED": 5642, "GENRE_TXT": "DP cantonal", "SUPERFICIE_MO": 3723, "SUPERFICIE_RF": null}}, {"type": "Feature", "id": 52228349, "geometry": {"type": "Polygon", "coordinates": [[[2527277.393, 1151819.039], [2527277.643, 1151816.599], [2527281.213, 1151782.429], [2527295.863, 1151781.93], [2527303.502, 1151783.19], [2527303.123, 1151787.11], [2527299.693, 1151819.14], [2527299.433, 1151821.61], [2527277.393, 1151819.039]]]}, "properties": {"OBJECTID": 52228349, "EGRID": "CH308845398321", "NUMERO": "636", "NO_COM_FED": 5642, "GENRE_TXT": "parcelle priv\u00e9e", "SUPERFICIE_MO": 850, "SUPERFICIE_RF": 850}}, {"type": "Feature", "id": 52228735, "geometry": {"type": "Polygon", "coordinates": [[[2526296.678, 1151515.768], [2526295.028, 1151512.938], [2526297.0440020254, 1151512.381316249], [2526298.9327241685, 1151511.4830458926], [2526300.636789395, 1151510.2704772681], [2526302.1044303207, 1151508.780446705], [2526303.2910618368, 1151507.0582194808], [2526304.1606355514, 1151505.15611472], [2526304.6867348948, 1151503.1319160028], [2526304.8533776226, 1151501.0471159723], [2526304.655501336, 1151498.9650482642], [2526304.09911727, 1151496.9489635096], [2526303.2011276823, 1151495.0601078596], [2526301.9888123814, 1151493.355862403], [2526300.499, 1151491.888], [2526299.822280198, 1151491.2328656593], [2526299.2564364728, 1151490.4798905114], [2526298.8154156366, 1151489.6476337498], [2526298.5100878906, 1151488.756608687], [2526298.3479788974, 1151487.8287771458], [2526298.3330842895, 1151486.8870081478], [2526298.465771186, 1151485.9545142432], [2526298.742769146, 1151485.054279371], [2526299.1572507727, 1151484.2084923552], [2526299.699, 1151483.438], [2526319.859, 1151459.027], [2526336.319, 1151472.537], [2526340.699, 1151476.167], [2526348.809, 1151482.937], [2526339.1689999998, 1151490.948], [2526296.678, 1151515.768]]]}, "properties": {"OBJECTID": 52228735, "EGRID": "CH238388452981", "NUMERO": "2461", "NO_COM_FED": 5642, "GENRE_TXT": "parcelle priv\u00e9e", "SUPERFICIE_MO": 1341, "SUPERFICIE_RF": 1341}}, {"type": "Feature", "id": 52229023, "geometry": {"type": "Polygon", "coordinates": [[[2527285.383, 1151297.76], [2527282.853, 1151295.84], [2527268.373, 1151312.269], [2527264.493, 1151308.049], [2527259.053, 1151302.109], [2527253.743, 1151296.209], [2527248.393, 1151290.229], [2527243.053, 1151284.249], [2527237.764, 1151278.268], [2527232.484, 1151272.248], [2527231.864, 1151271.538], [2527238.514, 1151265.9780000001], [2527243.374, 1151261.879], [2527255.663, 1151226.189], [2527256.673, 1151226.339], [2527286.583, 1151230.78], [2527286.423, 1151261.69], [2527287.263, 1151262.62], [2527291.203, 1151267.44], [2527301.453, 1151279.52], [2527285.383, 1151297.76]]]}, "properties": {"OBJECTID": 52229023, "EGRID": "CH153983884571", "NUMERO": "717", "NO_COM_FED": 5642, "GENRE_TXT": "parcelle priv\u00e9e", "SUPERFICIE_MO": 3294, "SUPERFICIE_RF": 3298}}, {"type": "Feature", "id": 52231896, "geometry": {"type": "Polygon", "coordinates": [[[2526332.737, 1151731.702], [2526312.957, 1151711.212], [2526332.257, 1151695.761], [2526333.5001198254, 1151694.921319744], [2526334.8523553284, 1151694.271805329], [2526336.284822444, 1151693.8263305342], [2526337.7669233414, 1151693.5944108046], [2526339.267, 1151693.581], [2526340.7775051524, 1151693.7916111771], [2526342.240112117, 1151694.2237728946], [2526343.6225132165, 1151694.8679390873], [2526344.8941724487, 1151695.709880701], [2526346.027, 1151696.731], [2526357.367, 1151709.081], [2526332.737, 1151731.702]]]}, "properties": {"OBJECTID": 52231896, "EGRID": "CH388683458832", "NUMERO": "1458", "NO_COM_FED": 5642, "GENRE_TXT": "parcelle priv\u00e9e", "SUPERFICIE_MO": 903, "SUPERFICIE_RF": 903}}, {"type": "Feature", "id": 52232018, "geometry": {"type": "Polygon", "coordinates": [[[2527091.285, 1151189.263], [2527070.606, 1151169.053], [2527096.295, 1151140.624], [2527099.205, 1151145.474], [2527105.455, 1151155.434], [2527113.025, 1151167.184], [2527091.285, 1151189.263]]]}, "properties": {"OBJECTID": 52232018, "EGRID": "CH908845268350", "NUMERO": "1361", "NO_COM_FED": 5642, "GENRE_TXT": "parcelle priv\u00e9e", "SUPERFICIE_MO": 1024, "SUPERFICIE_RF": 1024}}, {"type": "Feature", "id": 52233188, "geometry": {"type": "Polygon", "coordinates": [[[2526797.509, 1151429.123], [2526820.128, 1151443.954], [2526820.608, 1151444.344], [2526819.238, 1151446.434], [2526806.308, 1151465.284], [2526800.449, 1151461.364], [2526788.449, 1151453.324], [2526783.539, 1151450.244], [2526796.109, 1151431.373], [2526797.509, 1151429.123]]]}, "properties": {"OBJECTID": 52233188, "EGRID": "CH714521838874", "NUMERO": "794", "NO_COM_FED": 5642, "GENRE_TXT": "parcelle priv\u00e9e", "SUPERFICIE_MO": 695, "SUPERFICIE_RF": 699}}, {"type": "Feature", "id": 52234051, "geometry": {"type": "Polygon", "coordinates": [[[2527320.432, 1151740.301], [2527306.432, 1151712.48], [2527311.841, 1151710.116], [2527312.572, 1151711.491], [2527330.752, 1151703.291], [2527349.552, 1151739.892], [2527326.362, 1151752.021], [2527320.432, 1151740.301]]]}, "properties": {"OBJECTID": 52234051, "EGRID": "CH974588368333", "NUMERO": "647", "NO_COM_FED": 5642, "GENRE_TXT": "parcelle priv\u00e9e", "SUPERFICIE_MO": 1100, "SUPERFICIE_RF": 1100}}, {"type": "Feature", "id": 52235682, "geometry": {"type": "Polygon", "coordinates": [[[2526298.668, 1151525.429], [2526344.679, 1151498.878], [2526375.108, 1151517.128], [2526374.3637975613, 1151518.6511840506], [2526373.8872947935, 1151520.2781050792], [2526373.692157837, 1151521.9621028493], [2526373.783983237, 1151523.6548801581], [2526374.160137433, 1151525.3078880052], [2526374.80983229, 1151526.8737179814], [2526375.714434502, 1151528.307461947], [2526376.848, 1151529.568], [2526378.1444075303, 1151530.5922048786], [2526379.5915940707, 1151531.389274031], [2526381.150154808, 1151531.9375044073], [2526382.7776523684, 1151532.2219684806], [2526384.4297723267, 1151532.234920702], [2526386.0615298264, 1151531.976008401], [2526387.628494451, 1151531.4522813887], [2526389.088, 1151530.678], [2526436.298, 1151559.038], [2526439.118117733, 1151561.0457862744], [2526441.581241388, 1151563.478334652], [2526443.62409502, 1151566.2731546445], [2526445.1941991285, 1151569.3584492556], [2526446.251218824, 1151572.6549593974], [2526446.768, 1151576.078], [2526446.734957467, 1151579.4965197954], [2526446.162984497, 1151582.8670117953], [2526445.066408234, 1151586.1050497661], [2526443.4726964203, 1151589.129525267], [2526441.421769366, 1151591.864679306], [2526438.965, 1151594.242], [2526438.748, 1151594.419], [2526401.278, 1151624.5], [2526399.5738285924, 1151625.3810713815], [2526397.748, 1151625.97], [2526395.838, 1151626.2499999998], [2526393.908, 1151626.21], [2526392.5769302556, 1151625.882978088], [2526391.298, 1151625.39], [2526390.113841991, 1151624.7509015924], [2526389.018, 1151623.97], [2526311.888, 1151539.789], [2526298.668, 1151525.429]]]}, "properties": {"OBJECTID": 52235682, "EGRID": "CH808845208305", "NUMERO": "1469", "NO_COM_FED": 5642, "GENRE_TXT": "parcelle priv\u00e9e", "SUPERFICIE_MO": 9064, "SUPERFICIE_RF": 9064}}, {"type": "Feature", "id": 52235872, "geometry": {"type": "Polygon", "coordinates": [[[2526468.491, 1151098.77], [2526479.931, 1151084.02], [2526500.261, 1151057.489], [2526520.191, 1151031.439], [2526543.3109999998, 1151001.338], [2526543.841, 1151001.678], [2526549.521, 1151005.2280000001], [2526576.451, 1151018.428], [2526604.761, 1151027.998], [2526618.891, 1151030.918], [2526630.178, 1151033.373], [2526640.715, 1151043.735], [2526648.32, 1151059.117], [2526629.111, 1151066.678], [2526609.421, 1151075.449], [2526593.491, 1151084.609], [2526576.891, 1151096.129], [2526560.911, 1151109.66], [2526550.241, 1151119.6], [2526542.571, 1151127.39], [2526540.431, 1151128.99], [2526528.741, 1151142.26], [2526514.42, 1151160.801], [2526502.94, 1151180.281], [2526488.7, 1151212.572], [2526479.88, 1151235.442], [2526469.22, 1151265.903], [2526463.35, 1151282.733], [2526460.87, 1151290.493], [2526447.32, 1151277.983], [2526398.56, 1151332.005], [2526391.58, 1151330.055], [2526382.23, 1151325.655], [2526351.25, 1151301.224], [2526415.67, 1151229.483], [2526437.41, 1151199.112], [2526463.551, 1151161.191], [2526493.431, 1151115.09], [2526468.491, 1151098.77]]]}, "properties": {"OBJECTID": 52235872, "EGRID": "CH444583897153", "NUMERO": "1481", "NO_COM_FED": 5642, "GENRE_TXT": "parcelle priv\u00e9e", "SUPERFICIE_MO": 24515, "SUPERFICIE_RF": 24597}}, {"type": "Feature", "id": 52238007, "geometry": {"type": "Polygon", "coordinates": [[[2526713.026, 1151678.192], [2526706.772, 1151661.88], [2526730.601, 1151652.744], [2526736.855, 1151669.056], [2526713.026, 1151678.192]]]}, "properties": {"OBJECTID": 52238007, "EGRID": "CH398308484562", "NUMERO": "4180", "NO_COM_FED": 5642, "GENRE_TXT": "parcelle priv\u00e9e", "SUPERFICIE_MO": 446, "SUPERFICIE_RF": 446}}, {"type": "Feature", "id": 52240019, "geometry": {"type": "Polygon", "coordinates": [[[2527087.014, 1151547.324], [2527100.615, 1151540.323], [2527122.345, 1151530.194], [2527130.575, 1151526.765], [2527139.614, 1151523.215], [2527147.0439999998, 1151520.545], [2527154.604, 1151518.055], [2527162.194, 1151515.786], [2527169.984, 1151513.846], [2527177.764, 1151512.376], [2527180.404, 1151513.056], [2527180.994, 1151513.166], [2527191.914, 1151509.607], [2527217.284, 1151503.677], [2527236.863, 1151499.088], [2527246.343, 1151497.108], [2527278.743, 1151490.712], [2527280.1880679466, 1151490.068964913], [2527281.549, 1151489.263], [2527285.7972507994, 1151486.0587887026], [2527289.676, 1151482.416], [2527290.341458263, 1151481.5933316348], [2527290.869675057, 1151480.6764865236], [2527291.247579877, 1151479.6881516178], [2527291.4658216247, 1151478.6527828535], [2527291.519, 1151477.596], [2527291.627016385, 1151475.2418634403], [2527292.079, 1151472.929], [2527292.415656538, 1151471.2149082448], [2527292.5000026063, 1151469.470106276], [2527292.330252473, 1151467.7315341427], [2527291.91, 1151466.036], [2527290.1279310775, 1151460.6215728077], [2527288.011176047, 1151455.3290176962], [2527285.568, 1151450.179], [2527310.542, 1151477.921], [2527340.202, 1151504.7820000001], [2527337.502029201, 1151503.1440152067], [2527334.612, 1151501.871], [2527332.5837464887, 1151501.285938785], [2527330.512, 1151500.881], [2527325.557409223, 1151500.3010387374], [2527320.582, 1151499.941], [2527315.524478035, 1151499.717010391], [2527310.462, 1151499.721], [2527305.2691436815, 1151499.9599900367], [2527300.093, 1151500.44], [2527285.513, 1151502.82], [2527285.553, 1151503.23], [2527249.993, 1151509.489], [2527218.214, 1151515.317], [2527206.684, 1151517.717], [2527196.804, 1151520.067], [2527178.734, 1151524.676], [2527168.7939999998, 1151533.546], [2527158.834, 1151542.595], [2527152.114, 1151535.125], [2527129.055, 1151544.524], [2527105.975, 1151554.034], [2527083.135, 1151564.143], [2527079.265, 1151551.313], [2527087.014, 1151547.324]]]}, "properties": {"OBJECTID": 52240019, "EGRID": "CH368983458717", "NUMERO": "DP 36", "NO_COM_FED": 5642, "GENRE_TXT": "DP communal", "SUPERFICIE_MO": 4070, "SUPERFICIE_RF": null}}, {"type": "Feature", "id": 52240118, "geometry": {"type": "Polygon", "coordinates": [[[2526795.389, 1151264.123], [2526812.979, 1151276.514], [2526804.839, 1151288.174], [2526801.289, 1151293.224], [2526798.9390000002, 1151296.373], [2526797.559, 1151298.513], [2526772.529, 1151280.703], [2526767.309, 1151277.132], [2526772.049, 1151272.233], [2526785.879, 1151257.503], [2526795.389, 1151264.123]]]}, "properties": {"OBJECTID": 52240118, "EGRID": "CH568883454122", "NUMERO": "823", "NO_COM_FED": 5642, "GENRE_TXT": "parcelle priv\u00e9e", "SUPERFICIE_MO": 938, "SUPERFICIE_RF": 936}}, {"type": "Feature", "id": 52240278, "geometry": {"type": "Polygon", "coordinates": [[[2526279.849, 1151424.257], [2526292.339, 1151409.207], [2526299.589, 1151400.356], [2526335.829, 1151430.267], [2526316.089, 1151454.167], [2526279.849, 1151424.257]]]}, "properties": {"OBJECTID": 52240278, "EGRID": "CH874588218315", "NUMERO": "2490", "NO_COM_FED": 5642, "GENRE_TXT": "parcelle priv\u00e9e", "SUPERFICIE_MO": 1456, "SUPERFICIE_RF": 1456}}, {"type": "Feature", "id": 52240781, "geometry": {"type": "Polygon", "coordinates": [[[2526769.174, 1151646.844], [2526753.335, 1151631.005], [2526769.174, 1151615.166], [2526787.525, 1151627.083], [2526784.268, 1151630.34], [2526782.599, 1151638.14], [2526769.174, 1151646.844]]]}, "properties": {"OBJECTID": 52240781, "EGRID": "CH260883454846", "NUMERO": "4178", "NO_COM_FED": 5642, "GENRE_TXT": "parcelle priv\u00e9e", "SUPERFICIE_MO": 584, "SUPERFICIE_RF": 584}}, {"type": "Feature", "id": 52240800, "geometry": {"type": "Polygon", "coordinates": [[[2527312.343, 1151856.17], [2527306.333, 1151860.94], [2527301.483, 1151864.769], [2527303.878, 1151867.816], [2527298.566, 1151872.042], [2527296.423, 1151868.649], [2527287.763, 1151855.989], [2527298.803, 1151847.859], [2527303.433, 1151844.29], [2527305.863, 1151847.56], [2527311.273, 1151854.75], [2527312.343, 1151856.17]]]}, "properties": {"OBJECTID": 52240800, "EGRID": "CH468983459869", "NUMERO": "621", "NO_COM_FED": 5642, "GENRE_TXT": "parcelle priv\u00e9e", "SUPERFICIE_MO": 326, "SUPERFICIE_RF": 326}}, {"type": "Feature", "id": 52241686, "geometry": {"type": "Polygon", "coordinates": [[[2526831.157, 1151769.188], [2526783.558, 1151817.799], [2526781.998, 1151821.979], [2526750.618, 1151850.779], [2526748.148, 1151852.749], [2526727.668, 1151833.909], [2526711.567, 1151819.109], [2526654.967, 1151767.049], [2526617.007, 1151732.13], [2526599.357, 1151710.76], [2526596.587, 1151707.409], [2526648.137, 1151663.308], [2526718.967, 1151639.777], [2526734.778, 1151629.717], [2526766.7939999998, 1151586.31], [2526768.678, 1151587.065], [2526786.953, 1151597.081], [2526820.532, 1151624.44], [2526800.381, 1151644.574], [2526804.329, 1151648.528], [2526824.887, 1151627.987], [2526839.373, 1151639.79], [2526887.752, 1151679.161], [2526889.819, 1151681.451], [2526889.578375976, 1151683.839915791], [2526889.687124965, 1151686.238455396], [2526890.14294262, 1151688.595794753], [2526890.936170354, 1151690.8619828166], [2526892.05, 1151692.989], [2526892.5727721704, 1151694.6402145966], [2526892.8887013705, 1151696.3431500406], [2526892.993, 1151698.072], [2526892.6599267535, 1151700.470395516], [2526892.112, 1151702.829], [2526891.087032809, 1151705.2659365507], [2526889.691, 1151707.511], [2526886.9951714133, 1151711.213777019], [2526884.11, 1151714.771], [2526876.847, 1151722.447], [2526831.157, 1151769.188]], [[2526769.174, 1151646.844], [2526782.599, 1151638.14], [2526784.268, 1151630.34], [2526787.525, 1151627.083], [2526769.174, 1151615.166], [2526753.335, 1151631.005], [2526769.174, 1151646.844]], [[2526662.576, 1151697.684], [2526669.657, 1151690.601], [2526658.06, 1151679.004], [2526645.127, 1151691.937], [2526626.621, 1151703.308], [2526635.207, 1151717.281], [2526652.754, 1151706.502], [2526656.36, 1151710.109], [2526657.08173479, 1151710.7335418852], [2526657.886404774, 1151711.246825325], [2526658.757, 1151711.638], [2526661.816, 1151712.751], [2526662.8036281024, 1151713.1945292922], [2526663.7166987876, 1151713.776276166], [2526664.536, 1151714.484], [2526666.2060000002, 1151716.153], [2526651.526, 1151730.833], [2526666.772, 1151746.078], [2526681.451, 1151731.398], [2526682.944, 1151732.892], [2526683.6517238338, 1151733.7113012127], [2526684.2334707077, 1151734.6243718977], [2526684.677, 1151735.612], [2526685.79, 1151738.671], [2526686.179803745, 1151739.5393602129], [2526686.6914088265, 1151740.3420162161], [2526687.3140000002, 1151741.062], [2526691.05, 1151744.798], [2526677.746, 1151758.102], [2526692.836, 1151773.192], [2526706.466, 1151759.561], [2526711.998, 1151765.094], [2526712.7180397823, 1151765.7149277849], [2526713.5211264915, 1151766.2239074889], [2526714.39, 1151766.61], [2526717.448, 1151767.73], [2526718.5254534977, 1151768.2242766507], [2526719.512813586, 1151768.8802762732], [2526720.386, 1151769.682], [2526720.0609999998, 1151770.007], [2526722.246, 1151772.192], [2526713.066, 1151781.37], [2526718.617, 1151786.921], [2526720.774, 1151784.764], [2526732.334, 1151796.327], [2526737.9560000002, 1151790.706], [2526736.683, 1151789.433], [2526747.114, 1151779.004], [2526736.954, 1151768.842], [2526734.59, 1151771.205], [2526726.728, 1151763.341], [2526727.961, 1151762.109], [2526722.82, 1151756.9679999999], [2526722.0502020735, 1151756.3029347975], [2526721.1921659447, 1151755.756423523], [2526720.264, 1151755.34], [2526717.2060000002, 1151754.226], [2526716.2778340555, 1151753.809576477], [2526715.4197979267, 1151753.2630652024], [2526714.65, 1151752.598], [2526705.465, 1151743.41], [2526706.676, 1151742.198], [2526692.961, 1151728.484], [2526695.068, 1151726.375], [2526684.065, 1151715.373], [2526683.2402160745, 1151714.6405291967], [2526682.3076714175, 1151714.0513412275], [2526681.292, 1151713.621], [2526678.312, 1151712.536], [2526677.434047905, 1151712.1453842393], [2526676.622577615, 1151711.6307032483], [2526675.895, 1151711.003], [2526662.576, 1151697.684]], [[2526809.485, 1151703.207], [2526797.9, 1151691.622], [2526793.304, 1151696.727], [2526787.105, 1151702.926], [2526785.44, 1151704.591], [2526790.292, 1151708.96], [2526801.676, 1151720.345], [2526805.962, 1151725.105], [2526807.71, 1151723.5320000001], [2526818.76, 1151712.482], [2526826.948, 1151720.67], [2526814.415, 1151733.202], [2526826.295, 1151745.082], [2526841.498, 1151729.879], [2526861.162, 1151710.214], [2526849.283, 1151698.335], [2526859.086, 1151688.5320000001], [2526868.437, 1151697.883], [2526879.751, 1151686.569], [2526852.386, 1151659.204], [2526849.558, 1151662.033], [2526838.795, 1151651.27], [2526806.198, 1151683.868], [2526817.511, 1151695.181], [2526809.485, 1151703.207]], [[2526713.026, 1151678.192], [2526703.137, 1151681.984], [2526688.056, 1151666.902], [2526675.752, 1151679.206], [2526708.562, 1151712.016], [2526720.22, 1151700.357], [2526729.508, 1151709.649], [2526718.222, 1151720.935], [2526731.657, 1151734.37], [2526765.775, 1151700.252], [2526754.603, 1151689.08], [2526762.448, 1151681.235], [2526773.619, 1151692.406], [2526785.838, 1151680.187], [2526758.204, 1151652.553], [2526745.985, 1151664.7719999999], [2526736.855, 1151669.056], [2526730.601, 1151652.744], [2526706.772, 1151661.88], [2526713.026, 1151678.192]]]}, "properties": {"OBJECTID": 52241686, "EGRID": "CH608945938321", "NUMERO": "2486", "NO_COM_FED": 5642, "GENRE_TXT": "parcelle priv\u00e9e", "SUPERFICIE_MO": 28894, "SUPERFICIE_RF": 28894}}, {"type": "Feature", "id": 52242188, "geometry": {"type": "Polygon", "coordinates": [[[2526380.447, 1151835.302], [2526360.927, 1151813.962], [2526336.097, 1151786.842], [2526311.297, 1151759.762], [2526292.787, 1151739.552], [2526270.657, 1151715.402], [2526247.517, 1151690.142], [2526237.587, 1151679.312], [2526242.758, 1151674.582], [2526278.377, 1151713.452], [2526297.327, 1151734.082], [2526319.287, 1151758.152], [2526344.977, 1151786.212], [2526368.827, 1151812.222], [2526385.997, 1151830.912], [2526380.447, 1151835.302]]]}, "properties": {"OBJECTID": 52242188, "EGRID": "CH374588868387", "NUMERO": "DP 15", "NO_COM_FED": 5642, "GENRE_TXT": "DP communal", "SUPERFICIE_MO": 1483, "SUPERFICIE_RF": null}}, {"type": "Feature", "id": 52242796, "geometry": {"type": "Polygon", "coordinates": [[[2526809.739, 1151340.794], [2526824.129, 1151320.594], [2526825.608, 1151318.454], [2526825.908, 1151318.664], [2526848.188, 1151334.485], [2526846.638, 1151336.755], [2526832.838, 1151356.795], [2526822.318, 1151349.524], [2526809.739, 1151340.794]]]}, "properties": {"OBJECTID": 52242796, "EGRID": "CH898388484545", "NUMERO": "815", "NO_COM_FED": 5642, "GENRE_TXT": "parcelle priv\u00e9e", "SUPERFICIE_MO": 760, "SUPERFICIE_RF": 758}}, {"type": "Feature", "id": 52246199, "geometry": {"type": "Polygon", "coordinates": [[[2527087.014, 1151547.324], [2526910.652, 1151375.356], [2526923.437, 1151355.998], [2526931.317, 1151344.248], [2526938.087, 1151334.268], [2526941.787, 1151328.948], [2526962.327, 1151299.749], [2526988.417, 1151268.09], [2527018.176, 1151236.211], [2527028.196, 1151229.861], [2527042.046, 1151226.2820000001], [2527065.746, 1151245.213], [2527070.156, 1151249.303], [2527084.035, 1151262.133], [2527091.455, 1151268.8530000001], [2527109.915, 1151285.904], [2527136.875, 1151309.785], [2527144.405, 1151316.365], [2527189.7939999998, 1151355.627], [2527197.0439999998, 1151362.087], [2527214.714, 1151377.9070000001], [2527226.184, 1151388.568], [2527239.493, 1151401.168], [2527249.033, 1151410.749], [2527217.5640000002, 1151446.178], [2527233.243, 1151460.2280000001], [2527277.723, 1151453.67], [2527284.273, 1151447.944], [2527285.568, 1151450.179], [2527288.011176047, 1151455.3290176962], [2527290.1279310775, 1151460.6215728077], [2527291.91, 1151466.036], [2527292.330252473, 1151467.7315341427], [2527292.5000026063, 1151469.470106276], [2527292.415656538, 1151471.2149082448], [2527292.079, 1151472.929], [2527291.627016385, 1151475.2418634403], [2527291.519, 1151477.596], [2527291.4658216247, 1151478.6527828535], [2527291.247579877, 1151479.6881516178], [2527290.869675057, 1151480.6764865236], [2527290.341458263, 1151481.5933316348], [2527289.676, 1151482.416], [2527285.7972507994, 1151486.0587887026], [2527281.549, 1151489.263], [2527280.1880679466, 1151490.068964913], [2527278.743, 1151490.712], [2527246.343, 1151497.108], [2527236.863, 1151499.088], [2527217.284, 1151503.677], [2527191.914, 1151509.607], [2527180.994, 1151513.166], [2527180.404, 1151513.056], [2527177.764, 1151512.376], [2527169.984, 1151513.846], [2527162.194, 1151515.786], [2527154.604, 1151518.055], [2527147.0439999998, 1151520.545], [2527139.614, 1151523.215], [2527130.575, 1151526.765], [2527122.345, 1151530.194], [2527100.615, 1151540.323], [2527087.014, 1151547.324]]]}, "properties": {"OBJECTID": 52246199, "EGRID": "CH157683894539", "NUMERO": "828", "NO_COM_FED": 5642, "GENRE_TXT": "parcelle priv\u00e9e", "SUPERFICIE_MO": 62430, "SUPERFICIE_RF": 62422}}, {"type": "Feature", "id": 52246674, "geometry": {"type": "Polygon", "coordinates": [[[2526396.877, 1151692.551], [2526392.587, 1151687.881], [2526371.207, 1151664.6], [2526392.218, 1151647.78], [2526392.223, 1151647.776], [2526392.749, 1151647.3530000001], [2526393.670786107, 1151646.791041696], [2526394.669886371, 1151646.3820362852], [2526395.7211219217, 1151646.136291336], [2526396.798, 1151646.06], [2526397.803776875, 1151646.1450831734], [2526398.7858238313, 1151646.3783427808], [2526399.722434446, 1151646.7546230278], [2526400.592906588, 1151647.2656069011], [2526401.378, 1151647.9], [2526421.557, 1151669.85], [2526396.877, 1151692.551]]]}, "properties": {"OBJECTID": 52246674, "EGRID": "CH674588848388", "NUMERO": "2330", "NO_COM_FED": 5642, "GENRE_TXT": "parcelle priv\u00e9e", "SUPERFICIE_MO": 1225, "SUPERFICIE_RF": 1225}}, {"type": "Feature", "id": 52247164, "geometry": {"type": "Polygon", "coordinates": [[[2527097.755, 1151730.253], [2527103.935, 1151730.133], [2527106.568, 1151739.848], [2527108.625, 1151747.423], [2527109.945, 1151752.283], [2527111.025, 1151756.234], [2527091.045, 1151754.123], [2527088.435, 1151745.263], [2527090.185, 1151744.263], [2527085.955, 1151736.8530000001], [2527084.095, 1151730.523], [2527097.755, 1151730.253]]]}, "properties": {"OBJECTID": 52247164, "EGRID": "CH482983458882", "NUMERO": "691", "NO_COM_FED": 5642, "GENRE_TXT": "parcelle priv\u00e9e", "SUPERFICIE_MO": 480, "SUPERFICIE_RF": 480}}, {"type": "Feature", "id": 52248315, "geometry": {"type": "Polygon", "coordinates": [[[2527177.894, 1151123.626], [2527189.844, 1151140.967], [2527162.655, 1151179.116], [2527159.095, 1151184.006], [2527156.985, 1151181.296], [2527146.475, 1151167.295], [2527177.894, 1151123.626]]]}, "properties": {"OBJECTID": 52248315, "EGRID": "CH414531838886", "NUMERO": "767", "NO_COM_FED": 5642, "GENRE_TXT": "parcelle priv\u00e9e", "SUPERFICIE_MO": 1064, "SUPERFICIE_RF": 1058}}]}