{"type": "FeatureCollection", "crs": {"type": "name", "properties": {"name": "EPSG:2056"}}, "features": [{"type": "Feature", "id": 51962204, "geometry": {"type": "Polygon", "coordinates": [[[2546721.097, 1182826.511], [2546719.137, 1182826.981], [2546711.297, 1182835.861], [2546711.247, 1182839.151], [2546719.237, 1182845.231], [2546717.437, 1182847.681], [2546729.397, 1182856.751], [2546735.017, 1182861.01], [2546736.047, 1182861.79], [2546729.917, 1182868.021], [2546721.988, 1182869.351], [2546681.728, 1182848.662], [2546686.238, 1182844.592], [2546699.577, 1182832.712], [2546710.347, 1182823.121], [2546712.757, 1182820.981], [2546721.097, 1182826.511]]]}, "properties": {"OBJECTID": 51962204, "NUMERO": "630", "EGRID": "CH314589839873", "NO_COM_FED": 5939, "GENRE_TXT": "parcelle priv\u00e9e", "SUPERFICIE_MO": 1069, "SUPERFICIE_RF": 1070}}, {"type": "Feature", "id": 51962824, "geometry": {"type": "Polygon", "coordinates": [[[2547020.607, 1183635.248], [2547020.437, 1183634.828], [2547017.987, 1183625.428], [2547010.767, 1183597.549], [2547028.077, 1183594.948], [2547036.627, 1183616.398], [2547038.697, 1183621.668], [2547040.577, 1183626.308], [2547020.607, 1183635.248]]]}, "properties": {"OBJECTID": 51962824, "NUMERO": "28", "EGRID": "CH181083459709", "NO_COM_FED": 5939, "GENRE_TXT": "parcelle priv\u00e9e", "SUPERFICIE_MO": 709, "SUPERFICIE_RF": 709}}, {"type": "Feature", "id": 51962913, "geometry": {"type": "Polygon", "coordinates": [[[2546837.929, 1183428.304], [2546836.219, 1183430.174], [2546827.989, 1183438.564], [2546827.109, 1183431.474], [2546766.75, 1183351.676], [2546729.241, 1183380.107], [2546721.671, 1183385.847], [2546716.891, 1183392.307], [2546715.781, 1183399.017], [2546719.491, 1183407.067], [2546719.437688353, 1183408.7541455114], [2546719.10136307, 1183410.408288012], [2546718.4916071557, 1183411.982295583], [2546717.6257945457, 1183413.4313196107], [2546716.528595068, 1183414.7140726713], [2546715.2312715165, 1183415.7940049432], [2546713.7707888745, 1183416.640345631], [2546712.1887610583, 1183417.2289797256], [2546710.5302652046, 1183417.5431351212], [2546708.8425572743, 1183417.5738605047], [2546707.173725574, 1183417.3202804097], [2546705.5713205663, 1183416.7896201606], [2546704.0810000002, 1183415.997], [2546702.7095022937, 1183414.9344383457], [2546701.5423154403, 1183413.650803632], [2546700.614577163, 1183412.1847392004], [2546699.954216674, 1183410.580380371], [2546699.581113879, 1183408.8860257643], [2546699.5065008975, 1183407.1526832904], [2546699.732623925, 1183405.4325345745], [2546700.252675613, 1183403.7773640484], [2546701.051, 1183402.237], [2546702.084818635, 1183400.8788511353], [2546703.334576983, 1183399.7163308642], [2546704.763854723, 1183398.7833172255], [2546706.3310000002, 1183398.107], [2546707.5197366364, 1183397.464166341], [2546708.611, 1183396.667], [2546710.851, 1183393.257], [2546713.961, 1183387.177], [2546718.441, 1183382.027], [2546726.191, 1183376.1469999999], [2546744.23, 1183362.467], [2546759.74, 1183350.716], [2546760.71, 1183343.706], [2546742.69, 1183319.827], [2546727.525, 1183299.739], [2546701.201, 1183264.868], [2546695.011, 1183264.7179999999], [2546680.501, 1183281.856], [2546677.941, 1183284.879], [2546679.791, 1183276.429], [2546692.841, 1183261.128], [2546693.001, 1183253.458], [2546686.751, 1183244.889], [2546688.871, 1183235.049], [2546690.271, 1183242.888], [2546695.761, 1183250.248], [2546701.841, 1183250.528], [2546731.5, 1183215.828], [2546734.55, 1183218.438], [2546704.471, 1183253.658], [2546704.291, 1183258.248], [2546718.031, 1183276.378], [2546731.91, 1183294.787], [2546745.12, 1183312.357], [2546765.88, 1183339.806], [2546767.78, 1183342.346], [2546778.83, 1183356.996], [2546792.64, 1183375.255], [2546805.35, 1183392.045], [2546832.479, 1183427.854], [2546837.929, 1183428.304]]]}, "properties": {"OBJECTID": 51962913, "NUMERO": "DP 1219", "EGRID": "CH269783454274", "NO_COM_FED": 5939, "GENRE_TXT": "DP communal", "SUPERFICIE_MO": 2588, "SUPERFICIE_RF": null}}, {"type": "Feature", "id": 51962932, "geometry": {"type": "Polygon", "coordinates": [[[2547317.872, 1183298.913], [2547296.393, 1183309.023], [2547277.483, 1183275.044], [2547285.883, 1183272.034], [2547287.453, 1183271.484], [2547298.503, 1183267.644], [2547299.953, 1183267.104], [2547317.872, 1183298.913]]]}, "properties": {"OBJECTID": 51962932, "NUMERO": "92", "EGRID": "CH474597518377", "NO_COM_FED": 5939, "GENRE_TXT": "parcelle priv\u00e9e", "SUPERFICIE_MO": 889, "SUPERFICIE_RF": 890}}, {"type": "Feature", "id": 51963177, "geometry": {"type": "Polygon", "coordinates": [[[2547376.851, 1183133.933], [2547384.381, 1183141.342], [2547396.661, 1183153.402], [2547402.201, 1183158.872], [2547407.741, 1183164.302], [2547419.951, 1183176.301], [2547425.531, 1183181.691], [2547426.501, 1183181.961], [2547433.301, 1183182.051], [2547436.411, 1183182.091], [2547439.301, 1183182.071], [2547442.421, 1183182.211], [2547445.31, 1183182.121], [2547453.99, 1183182.31], [2547456.303032149, 1183182.143996156], [2547458.59, 1183181.76], [2547460.823082552, 1183181.1639737338], [2547462.99, 1183180.36], [2547465.0892402385, 1183179.3808716394], [2547467.07, 1183178.18], [2547469.043317579, 1183176.625717995], [2547470.82, 1183174.85], [2547475.04, 1183170.77], [2547479.26, 1183166.31], [2547483.41, 1183161.99], [2547488.24, 1183157.159], [2547490.43, 1183154.029], [2547490.8, 1183150.269], [2547489.08, 1183146.899], [2547468.86, 1183126.95], [2547423.86, 1183082.621], [2547411.44, 1183095.001], [2547392.06, 1183075.912], [2547428.839, 1183038.951], [2547443.949, 1183054.01], [2547421.78, 1183076.341], [2547453.48, 1183107.68], [2547486.87, 1183140.389], [2547494.449, 1183147.859], [2547498.299, 1183150.139], [2547502.519, 1183150.559], [2547526.959, 1183150.248], [2547529.1249332335, 1183150.1820058867], [2547531.269, 1183149.868], [2547533.247764661, 1183149.3480756248], [2547535.159, 1183148.618], [2547537.049645198, 1183147.7511836549], [2547538.849, 1183146.708], [2547540.5189693696, 1183145.5140241617], [2547542.069, 1183144.168], [2547551.908, 1183134.488], [2547553.2699660696, 1183133.2680276958], [2547554.738, 1183132.178], [2547556.32169862, 1183131.217164133], [2547557.988, 1183130.408], [2547561.378, 1183129.257], [2547563.8386530927, 1183128.7540524532], [2547566.338, 1183128.507], [2547575.078, 1183128.417], [2547577.1718976293, 1183128.3530100896], [2547579.238, 1183128.007], [2547581.285757145, 1183127.5130763105], [2547583.248, 1183126.747], [2547586.838, 1183124.557], [2547590.238, 1183121.957], [2547604.917, 1183106.956], [2547604.847, 1183104.226], [2547603.187, 1183101.636], [2547576.687, 1183075.227], [2547547.608, 1183046.588], [2547541.978, 1183044.398], [2547536.238, 1183046.748], [2547521.238, 1183061.948], [2547519.138, 1183059.838], [2547534.118, 1183044.678], [2547536.408, 1183039.038], [2547534.128, 1183033.328], [2547503.988, 1183003.839], [2547488.578, 1182988.459], [2547485.618, 1182977.799], [2547511.638, 1183003.608], [2547571.677, 1183062.837], [2547641.417, 1183131.605], [2547648.547, 1183138.665], [2547621.437, 1183143.416], [2547595.108, 1183150.177], [2547580.858, 1183154.227], [2547579.918, 1183154.417], [2547568.568, 1183157.777], [2547525.359, 1183174.059], [2547509.62, 1183180.119], [2547445.491, 1183202.8], [2547441.451, 1183201.811], [2547354.592, 1183116.023], [2547358.801, 1183116.1030000001], [2547376.851, 1183133.933]]]}, "properties": {"OBJECTID": 51963177, "NUMERO": "1759", "EGRID": "CH644583866993", "NO_COM_FED": 5939, "GENRE_TXT": "parcelle priv\u00e9e", "SUPERFICIE_MO": 8492, "SUPERFICIE_RF": 8488}}, {"type": "Feature", "id": 51963698, "geometry": {"type": "Polygon", "coordinates": [[[2547448.846, 1183347.934], [2547431.041, 1183354.59], [2547424.171, 1183351.84], [2547401.651, 1183309.031], [2547421.151, 1183299.061], [2547423.082, 1183298.932], [2547448.846, 1183347.934]]]}, "properties": {"OBJECTID": 51963698, "NUMERO": "1463", "EGRID": "CH329880834553", "NO_COM_FED": 5939, "GENRE_TXT": "parcelle priv\u00e9e", "SUPERFICIE_MO": 1283, "SUPERFICIE_RF": 1282}}, {"type": "Feature", "id": 51964479, "geometry": {"type": "Polygon", "coordinates": [[[2546354.256, 1183557.525], [2546400.605, 1183558.374], [2546405.675, 1183558.054], [2546417.135, 1183557.363], [2546433.705, 1183556.583], [2546441.375, 1183556.243], [2546442.405, 1183556.053], [2546445.445, 1183555.743], [2546478.244, 1183552.182], [2546489.934, 1183551.352], [2546492.704, 1183551.042], [2546509.114, 1183549.761], [2546519.0640000002, 1183548.961], [2546526.424, 1183548.351], [2546536.923, 1183547.421], [2546540.923, 1183557.94], [2546538.173, 1183558.13], [2546536.950258213, 1183557.7143496082], [2546535.6804902516, 1183557.4786547835], [2546534.3900341447, 1183557.4278044004], [2546533.105657042, 1183557.5628532178], [2546531.854, 1183557.881], [2546523.344, 1183559.061], [2546512.0640000002, 1183560.331], [2546498.174, 1183561.691], [2546495.249, 1183561.958], [2546484.394, 1183562.952], [2546473.434, 1183563.912], [2546465.994, 1183564.542], [2546456.885, 1183565.2820000001], [2546445.595, 1183566.003], [2546432.555, 1183566.613], [2546429.525, 1183566.703], [2546423.755, 1183566.953], [2546422.945, 1183567.033], [2546416.115, 1183567.233], [2546413.685, 1183567.303], [2546400.005, 1183567.614], [2546382.826, 1183567.664], [2546379.546, 1183567.664], [2546373.026, 1183567.504], [2546370.4560000002, 1183567.485], [2546364.716, 1183567.445], [2546359.736, 1183567.305], [2546358.636, 1183567.255], [2546357.03, 1183567.215], [2546353.876, 1183567.135], [2546352.726, 1183567.095], [2546346.4560000002, 1183566.925], [2546340.466, 1183566.515], [2546330.386, 1183565.996], [2546295.246, 1183564.687], [2546293.28, 1183564.86], [2546288.076, 1183565.317], [2546264.046, 1183569.127], [2546262.296, 1183559.387], [2546275.006, 1183557.857], [2546297.736, 1183554.997], [2546325.086, 1183556.166], [2546335.376, 1183556.526], [2546345.046, 1183557.045], [2546354.256, 1183557.525]]]}, "properties": {"OBJECTID": 51964479, "NUMERO": "DP 1034", "EGRID": "CH988783459783", "NO_COM_FED": 5939, "GENRE_TXT": "DP communal", "SUPERFICIE_MO": 2769, "SUPERFICIE_RF": null}}, {"type": "Feature", "id": 51964873, "geometry": {"type": "Polygon", "coordinates": [[[2546781.068, 1182958.898], [2546800.238, 1182939.308], [2546822.998, 1182962.967], [2546827.188, 1182967.317], [2546803.598, 1182990.117], [2546781.068, 1182958.898]]]}, "properties": {"OBJECTID": 51964873, "NUMERO": "2042", "EGRID": "CH957783974507", "NO_COM_FED": 5939, "GENRE_TXT": "parcelle priv\u00e9e", "SUPERFICIE_MO": 1157, "SUPERFICIE_RF": 1164}}, {"type": "Feature", "id": 51964885, "geometry": {"type": "Polygon", "coordinates": [[[2546402.965, 1183603.903], [2546399.675, 1183600.144], [2546393.036, 1183606.494], [2546386.48, 1183587.612], [2546380.846, 1183571.384], [2546379.546, 1183567.664], [2546382.826, 1183567.664], [2546400.005, 1183567.614], [2546413.685, 1183567.303], [2546416.115, 1183567.233], [2546417.095, 1183569.943], [2546422.535, 1183585.973], [2546402.965, 1183603.903]]]}, "properties": {"OBJECTID": 51964885, "NUMERO": "231", "EGRID": "CH568683456651", "NO_COM_FED": 5939, "GENRE_TXT": "parcelle priv\u00e9e", "SUPERFICIE_MO": 1093, "SUPERFICIE_RF": 1096}}, {"type": "Feature", "id": 51965336, "geometry": {"type": "Polygon", "coordinates": [[[2547777.604, 1183086.661], [2547768.364, 1183083.542], [2547773.134, 1183077.981], [2547774.8140000002, 1183076.031], [2547776.0640000002, 1183074.491], [2547781.914, 1183067.671], [2547782.104, 1183067.371], [2547788.653, 1183059.831], [2547796.863, 1183041.771], [2547810.703, 1183053.7], [2547798.283, 1183062.751], [2547791.504, 1183070.691], [2547790.874, 1183071.381], [2547789.774, 1183072.491], [2547783.684, 1183079.641], [2547777.604, 1183086.661]]]}, "properties": {"OBJECTID": 51965336, "NUMERO": "2005", "EGRID": "CH255283974547", "NO_COM_FED": 5939, "GENRE_TXT": "parcelle priv\u00e9e", "SUPERFICIE_MO": 523, "SUPERFICIE_RF": 516}}, {"type": "Feature", "id": 51965409, "geometry": {"type": "Polygon", "coordinates": [[[2546547.043, 1183650.661], [2546551.847, 1183644.621], [2546571.506, 1183634.544], [2546575.183, 1183643.909], [2546576.943, 1183656.739], [2546570.6890000002, 1183652.6], [2546561.56, 1183662.621], [2546547.043, 1183650.661]]]}, "properties": {"OBJECTID": 51965409, "NUMERO": "2593", "EGRID": "CH754183934589", "NO_COM_FED": 5939, "GENRE_TXT": "parcelle priv\u00e9e", "SUPERFICIE_MO": 450, "SUPERFICIE_RF": 450}}, {"type": "Feature", "id": 51965951, "geometry": {"type": "Polygon", "coordinates": [[[2547376.102, 1182756.643], [2547341.71, 1182788.683], [2547290.739, 1182750.974], [2547324.978, 1182718.933], [2547356.448, 1182741.042], [2547376.102, 1182756.643]]]}, "properties": {"OBJECTID": 51965951, "NUMERO": "157", "EGRID": "CH886583458643", "NO_COM_FED": 5939, "GENRE_TXT": "parcelle priv\u00e9e", "SUPERFICIE_MO": 2958, "SUPERFICIE_RF": 2960}}, {"type": "Feature", "id": 51966192, "geometry": {"type": "Polygon", "coordinates": [[[2546663.978, 1182881.202], [2546646.938, 1182914.572], [2546619.238, 1182900.433], [2546636.248, 1182866.913], [2546649.398, 1182873.703], [2546663.978, 1182881.202]]]}, "properties": {"OBJECTID": 51966192, "NUMERO": "1875", "EGRID": "CH588983459768", "NO_COM_FED": 5939, "GENRE_TXT": "parcelle priv\u00e9e", "SUPERFICIE_MO": 1169, "SUPERFICIE_RF": 1166}}, {"type": "Feature", "id": 51967600, "geometry": {"type": "Polygon", "coordinates": [[[2547376.102, 1182756.643], [2547356.448, 1182741.042], [2547324.978, 1182718.933], [2547308.898, 1182707.533], [2547312.268, 1182702.803], [2547360.188, 1182736.302], [2547380.817, 1182752.271], [2547398.437, 1182765.791], [2547413.147, 1182777.051], [2547422.477, 1182786.13], [2547430.037, 1182799.62], [2547438.517, 1182810.27], [2547417.447, 1182807.651], [2547420.567, 1182803.16], [2547420.927, 1182797.58], [2547415.917, 1182789.881], [2547408.187, 1182782.111], [2547376.102, 1182756.643]]]}, "properties": {"OBJECTID": 51967600, "NUMERO": "DP 1166", "EGRID": "CH198386664553", "NO_COM_FED": 5939, "GENRE_TXT": "DP communal", "SUPERFICIE_MO": 1096, "SUPERFICIE_RF": null}}, {"type": "Feature", "id": 51967711, "geometry": {"type": "Polygon", "coordinates": [[[2546702.821, 1183668.376], [2546694.662, 1183670.526], [2546692.912, 1183658.006], [2546685.792, 1183626.196], [2546683.592, 1183608.167], [2546684.462, 1183600.317], [2546683.532, 1183597.357], [2546681.922, 1183590.597], [2546681.562, 1183587.327], [2546681.592, 1183579.877], [2546675.062, 1183542.517], [2546671.702, 1183526.977], [2546676.662, 1183525.807], [2546681.452, 1183551.707], [2546686.681, 1183580.447], [2546698.961, 1183647.836], [2546702.821, 1183668.376]]]}, "properties": {"OBJECTID": 51967711, "NUMERO": "44", "EGRID": "CH614563838623", "NO_COM_FED": 5939, "GENRE_TXT": "parcelle priv\u00e9e", "SUPERFICIE_MO": 964, "SUPERFICIE_RF": 963}}, {"type": "Feature", "id": 51968030, "geometry": {"type": "Polygon", "coordinates": [[[2546608.903, 1183704.408], [2546613.223, 1183739.888], [2546584.423, 1183741.798], [2546581.283, 1183717.789], [2546580.753, 1183713.849], [2546580.313, 1183710.869], [2546608.903, 1183704.408]]]}, "properties": {"OBJECTID": 51968030, "NUMERO": "290", "EGRID": "CH169883458736", "NO_COM_FED": 5939, "GENRE_TXT": "parcelle priv\u00e9e", "SUPERFICIE_MO": 970, "SUPERFICIE_RF": 970}}, {"type": "Feature", "id": 51968248, "geometry": {"type": "Polygon", "coordinates": [[[2547184.525, 1183467.475], [2547182.035, 1183463.095], [2547187.174, 1183460.115], [2547189.704, 1183464.525], [2547184.525, 1183467.475]]]}, "properties": {"OBJECTID": 51968248, "NUMERO": "2142", "EGRID": "CH809845078365", "NO_COM_FED": 5939, "GENRE_TXT": "DDP superficie", "SUPERFICIE_MO": 30, "SUPERFICIE_RF": 30}}, {"type": "Feature", "id": 51968826, "geometry": {"type": "Polygon", "coordinates": [[[2547250.674, 1183547.483], [2547273.093, 1183539.813], [2547281.043, 1183563.742], [2547259.474, 1183573.633], [2547250.674, 1183547.483]]]}, "properties": {"OBJECTID": 51968826, "NUMERO": "71", "EGRID": "CH987883459834", "NO_COM_FED": 5939, "GENRE_TXT": "parcelle priv\u00e9e", "SUPERFICIE_MO": 624, "SUPERFICIE_RF": 625}}, {"type": "Feature", "id": 51970070, "geometry": {"type": "Polygon", "coordinates": [[[2547390.902, 1183392.781], [2547380.202, 1183396.801], [2547372.872, 1183385.391], [2547383.602, 1183381.371], [2547390.902, 1183392.781]]]}, "properties": {"OBJECTID": 51970070, "NUMERO": "1896", "EGRID": "CH114538839719", "NO_COM_FED": 5939, "GENRE_TXT": "parcelle priv\u00e9e", "SUPERFICIE_MO": 152, "SUPERFICIE_RF": 151}}, {"type": "Feature", "id": 51970740, "geometry": {"type": "Polygon", "coordinates": [[[2546670.466, 1183319.018], [2546673.021, 1183307.309], [2546677.941, 1183284.879], [2546680.501, 1183281.856], [2546706.559, 1183315.586], [2546689.422, 1183328.539], [2546677.731, 1183313.405], [2546670.466, 1183319.018]]]}, "properties": {"OBJECTID": 51970740, "NUMERO": "2697", "EGRID": "CH689183450968", "NO_COM_FED": 5939, "GENRE_TXT": "parcelle priv\u00e9e", "SUPERFICIE_MO": 803, "SUPERFICIE_RF": 803}}, {"type": "Feature", "id": 51971470, "geometry": {"type": "Polygon", "coordinates": [[[2547221.673, 1183029.367], [2547232.553, 1183039.676], [2547245.018, 1183051.475], [2547242.063, 1183054.466], [2547236.543, 1183060.116], [2547231.223, 1183065.846], [2547212.534, 1183084.877], [2547206.006, 1183078.456], [2547190.394, 1183063.097], [2547197.764, 1183055.267], [2547221.673, 1183029.367]]]}, "properties": {"OBJECTID": 51971470, "NUMERO": "115", "EGRID": "CH438397458075", "NO_COM_FED": 5939, "GENRE_TXT": "parcelle priv\u00e9e", "SUPERFICIE_MO": 1463, "SUPERFICIE_RF": 1464}}, {"type": "Feature", "id": 51971691, "geometry": {"type": "Polygon", "coordinates": [[[2546615.402, 1183370.28], [2546615.022, 1183370.98], [2546560.203, 1183391.661], [2546550.493, 1183395.321], [2546500.933, 1183414.162], [2546500.763, 1183413.662], [2546615.402, 1183370.28]]]}, "properties": {"OBJECTID": 51971691, "NUMERO": "619", "EGRID": "CH414556839746", "NO_COM_FED": 5939, "GENRE_TXT": "parcelle priv\u00e9e", "SUPERFICIE_MO": 59, "SUPERFICIE_RF": 59}}, {"type": "Feature", "id": 51972061, "geometry": {"type": "Polygon", "coordinates": [[[2546323.585, 1183520.836], [2546331.715, 1183527.916], [2546343.645, 1183537.375], [2546335.376, 1183556.526], [2546325.086, 1183556.166], [2546318.7060000002, 1183549.936], [2546315.276, 1183543.136], [2546314.825, 1183534.346], [2546315.755, 1183527.536], [2546317.075, 1183523.006], [2546319.935, 1183517.546], [2546323.585, 1183520.836]]]}, "properties": {"OBJECTID": 51972061, "NUMERO": "249", "EGRID": "CH614553839705", "NO_COM_FED": 5939, "GENRE_TXT": "parcelle priv\u00e9e", "SUPERFICIE_MO": 706, "SUPERFICIE_RF": 704}}, {"type": "Feature", "id": 51972296, "geometry": {"type": "Polygon", "coordinates": [[[2547186.093, 1182999.507], [2547177.333, 1182978.028], [2547169.333, 1182958.428], [2547169.753, 1182958.138], [2547186.473, 1182999.117], [2547186.093, 1182999.507]]]}, "properties": {"OBJECTID": 51972296, "NUMERO": "170", "EGRID": "CH283783459722", "NO_COM_FED": 5939, "GENRE_TXT": "parcelle priv\u00e9e", "SUPERFICIE_MO": 22, "SUPERFICIE_RF": 22}}, {"type": "Feature", "id": 51972357, "geometry": {"type": "Polygon", "coordinates": [[[2546781.068, 1182958.898], [2546774.878, 1182952.849], [2546758.178, 1182936.499], [2546763.538, 1182931.139], [2546780.538, 1182913.729], [2546803.378, 1182936.098], [2546800.238, 1182939.308], [2546781.068, 1182958.898]]]}, "properties": {"OBJECTID": 51972357, "NUMERO": "2182", "EGRID": "CH998397774537", "NO_COM_FED": 5939, "GENRE_TXT": "parcelle priv\u00e9e", "SUPERFICIE_MO": 1020, "SUPERFICIE_RF": 1023}}, {"type": "Feature", "id": 51972840, "geometry": {"type": "Polygon", "coordinates": [[[2547380.792, 1183282.092], [2547373.852, 1183279.5219999999], [2547340.072, 1183293.693], [2547321.002, 1183302.153], [2547306.183, 1183308.773], [2547283.683, 1183319.674], [2547281.523, 1183326.254], [2547276.063, 1183318.964], [2547296.393, 1183309.023], [2547317.872, 1183298.913], [2547341.322, 1183288.873], [2547356.112, 1183282.5219999999], [2547356.852, 1183282.222], [2547371.782, 1183276.152], [2547376.052, 1183274.412], [2547376.662, 1183274.202], [2547380.792, 1183282.092]]]}, "properties": {"OBJECTID": 51972840, "NUMERO": "DP 1017", "EGRID": "CH485183459761", "NO_COM_FED": 5939, "GENRE_TXT": "DP communal", "SUPERFICIE_MO": 469, "SUPERFICIE_RF": null}}, {"type": "Feature", "id": 51973046, "geometry": {"type": "Polygon", "coordinates": [[[2547784.085, 1183160.701], [2547816.964, 1183169.38], [2547839.504, 1183177.1], [2547847.797, 1183178.316], [2547856.343, 1183179.569], [2547862.443, 1183180.369], [2547897.483, 1183194.088], [2547937.322, 1183213.3969999999], [2547971.122, 1183231.786], [2547951.383, 1183267.237], [2547931.693, 1183302.948], [2547876.0640000002, 1183265.509], [2547791.945, 1183208.531], [2547783.065, 1183200.541], [2547776.605, 1183190.912], [2547773.595, 1183179.492], [2547773.535, 1183170.552], [2547784.085, 1183160.701]]]}, "properties": {"OBJECTID": 51973046, "NUMERO": "1871", "EGRID": "CH938397458495", "NO_COM_FED": 5939, "GENRE_TXT": "parcelle priv\u00e9e", "SUPERFICIE_MO": 12556, "SUPERFICIE_RF": 12535}}, {"type": "Feature", "id": 51973239, "geometry": {"type": "Polygon", "coordinates": [[[2546799.501, 1183208.232], [2546805.864, 1183201.463], [2546860.157, 1183252.492], [2546842.35, 1183271.439], [2546825.336, 1183255.447], [2546788.058, 1183220.408], [2546792.851, 1183215.308], [2546799.501, 1183208.232]]]}, "properties": {"OBJECTID": 51973239, "NUMERO": "2639", "EGRID": "CH398392424503", "NO_COM_FED": 5939, "GENRE_TXT": "parcelle priv\u00e9e", "SUPERFICIE_MO": 1937, "SUPERFICIE_RF": 1937}}, {"type": "Feature", "id": 51974115, "geometry": {"type": "Polygon", "coordinates": [[[2546759.177, 1182853.03], [2546746.447, 1182844.2], [2546721.097, 1182826.511], [2546712.757, 1182820.981], [2546688.657, 1182804.992], [2546674.347, 1182795.503], [2546664.477, 1182789.0929999999], [2546646.427, 1182777.364], [2546642.56, 1182774.851], [2546646.672, 1182768.499], [2546689.607, 1182796.1030000001], [2546714.685, 1182813.062], [2546750.032, 1182837.136], [2546762.23, 1182845.624], [2546779.4390000002, 1182857.757], [2546794.129, 1182868.362], [2546815.867, 1182884.268], [2546830.727, 1182895.008], [2546850.312, 1182909.249], [2546856.657, 1182914.967], [2546864.107, 1182921.766], [2546877.7939999998, 1182934.87], [2546886.777, 1182944.066], [2546892.889, 1182948.953], [2546906.608, 1182963.837], [2546919.347, 1182980.344], [2546917.387, 1182990.364], [2546898.237, 1182968.815], [2546881.287, 1182949.426], [2546858.437, 1182927.4070000001], [2546858.097, 1182927.087], [2546845.387, 1182915.3969999999], [2546832.657, 1182906.177], [2546806.417, 1182887.2179999999], [2546803.987, 1182885.4679999999], [2546768.017, 1182859.21], [2546759.177, 1182853.03]]]}, "properties": {"OBJECTID": 51974115, "NUMERO": "DP 1031", "EGRID": "CH198397394535", "NO_COM_FED": 5939, "GENRE_TXT": "DP communal", "SUPERFICIE_MO": 2788, "SUPERFICIE_RF": null}}, {"type": "Feature", "id": 51974734, "geometry": {"type": "Polygon", "coordinates": [[[2546671.702, 1183526.977], [2546671.282, 1183525.067], [2546671.282, 1183523.017], [2546669.012, 1183512.368], [2546678.282, 1183510.737], [2546683.91, 1183509.607], [2546687.154, 1183511.429], [2546708.041, 1183506.167], [2546756.64, 1183493.946], [2546769.69, 1183490.465], [2546816.85, 1183480.284], [2546842.879, 1183472.644], [2546843.9189999998, 1183472.344], [2546864.389, 1183466.213], [2546868.859, 1183465.183], [2546884.009, 1183461.053], [2546885.6689999998, 1183460.583], [2546894.138, 1183458.2820000001], [2546911.468, 1183453.482], [2546915.298, 1183452.402], [2546923.038, 1183450.192], [2546928.308, 1183452.432], [2546940.538, 1183450.451], [2546956.928, 1183445.211], [2546958.258, 1183444.741], [2546963.918, 1183456.221], [2546953.658, 1183458.671], [2546952.708, 1183458.891], [2546936.878, 1183462.721], [2546936.128, 1183461.891], [2546931.098, 1183462.041], [2546920.168, 1183464.652], [2546899.858, 1183469.432], [2546896.018, 1183470.382], [2546876.459, 1183475.153], [2546872.319, 1183476.183], [2546849.6890000002, 1183481.883], [2546828.589, 1183488.744], [2546794.22, 1183496.105], [2546715.163, 1183513.736], [2546715.071, 1183513.756], [2546698.361, 1183517.747], [2546680.111, 1183522.037], [2546678.492, 1183525.4070000001], [2546676.662, 1183525.807], [2546671.702, 1183526.977]]]}, "properties": {"OBJECTID": 51974734, "NUMERO": "DP 1008", "EGRID": "CH638386456326", "NO_COM_FED": 5939, "GENRE_TXT": "DP communal", "SUPERFICIE_MO": 3282, "SUPERFICIE_RF": null}}, {"type": "Feature", "id": 51974767, "geometry": {"type": "Polygon", "coordinates": [[[2546832.84, 1183632.883], [2546847.619, 1183628.783], [2546851.899, 1183627.632], [2546854.929, 1183626.7820000001], [2546875.159, 1183621.292], [2546890.619, 1183616.892], [2546904.059, 1183613.501], [2546906.519, 1183612.771], [2546955.128, 1183599.56], [2546985.357, 1183591.329], [2546987.957, 1183590.609], [2547007.937, 1183585.219], [2547032.307, 1183578.648], [2547032.847, 1183580.358], [2547022.197, 1183582.709], [2546973.048, 1183596.25], [2546932.928, 1183606.881], [2546897.239, 1183616.111], [2546821.19, 1183637.713], [2546789.8, 1183646.634], [2546771.23, 1183651.814], [2546790.15, 1183644.324], [2546815.96, 1183619.263], [2546825.65, 1183612.273], [2546812.85, 1183624.503], [2546792.43, 1183644.014], [2546816.88, 1183637.293], [2546823.43, 1183635.483], [2546832.84, 1183632.883]]]}, "properties": {"OBJECTID": 51974767, "NUMERO": "32", "EGRID": "CH944583987843", "NO_COM_FED": 5939, "GENRE_TXT": "parcelle priv\u00e9e", "SUPERFICIE_MO": 419, "SUPERFICIE_RF": 428}}, {"type": "Feature", "id": 51975128, "geometry": {"type": "Polygon", "coordinates": [[[2547055.996, 1182999.261], [2547118.535, 1183061.679], [2547121.035, 1183059.009], [2547150.184, 1183087.928], [2547152.164, 1183090.048], [2547116.135, 1183128.359], [2547112.375, 1183132.409], [2547110.465, 1183130.189], [2547087.925, 1183102.96], [2547087.042, 1183101.893], [2547063.546, 1183073.52], [2547057.296, 1183066.011], [2547028.526, 1183032.481], [2547024.806, 1183028.262], [2547055.996, 1182999.261]]]}, "properties": {"OBJECTID": 51975128, "NUMERO": "166", "EGRID": "CH798397804596", "NO_COM_FED": 5939, "GENRE_TXT": "parcelle priv\u00e9e", "SUPERFICIE_MO": 6617, "SUPERFICIE_RF": 6619}}, {"type": "Feature", "id": 51975729, "geometry": {"type": "Polygon", "coordinates": [[[2546742.69, 1183319.827], [2546760.71, 1183343.706], [2546759.74, 1183350.716], [2546744.23, 1183362.467], [2546723.301, 1183334.487], [2546742.69, 1183319.827]]]}, "properties": {"OBJECTID": 51975729, "NUMERO": "2416", "EGRID": "CH398397494534", "NO_COM_FED": 5939, "GENRE_TXT": "parcelle priv\u00e9e", "SUPERFICIE_MO": 839, "SUPERFICIE_RF": 839}}, {"type": "Feature", "id": 51975768, "geometry": {"type": "Polygon", "coordinates": [[[2546898.455, 1183324.173], [2546870.039, 1183297.464], [2546887.845, 1183278.518], [2546916.263, 1183305.227], [2546898.455, 1183324.173]]]}, "properties": {"OBJECTID": 51975768, "NUMERO": "2622", "EGRID": "CH998391244556", "NO_COM_FED": 5939, "GENRE_TXT": "parcelle priv\u00e9e", "SUPERFICIE_MO": 1014, "SUPERFICIE_RF": 1014}}, {"type": "Feature", "id": 51975770, "geometry": {"type": "Polygon", "coordinates": [[[2546573.363, 1183622.879], [2546582.933, 1183647.159], [2546589.443, 1183663.059], [2546565.463, 1183701.609], [2546560.543, 1183697.369], [2546559.973, 1183696.879], [2546570.193, 1183681.519], [2546575.353, 1183669.619], [2546576.573, 1183660.029], [2546576.943, 1183656.739], [2546575.183, 1183643.909], [2546571.506, 1183634.544], [2546565.779, 1183619.956], [2546560.633, 1183606.85], [2546559.013, 1183602.82], [2546558.043, 1183600.44], [2546551.343, 1183583.66], [2546548.203, 1183575.87], [2546542.713, 1183562.41], [2546542.068963451, 1183561.3113208513], [2546541.275589898, 1183560.3151093507], [2546540.348924665, 1183559.4415130517], [2546539.307708789, 1183558.7081997162], [2546538.173, 1183558.13], [2546540.923, 1183557.94], [2546555.593, 1183556.92], [2546552.903, 1183562.97], [2546560.053, 1183583.84], [2546563.963, 1183595.37], [2546573.363, 1183622.879]]]}, "properties": {"OBJECTID": 51975770, "NUMERO": "DP 1043", "EGRID": "CH544583973927", "NO_COM_FED": 5939, "GENRE_TXT": "DP communal", "SUPERFICIE_MO": 1199, "SUPERFICIE_RF": null}}, {"type": "Feature", "id": 51975907, "geometry": {"type": "Polygon", "coordinates": [[[2547339.942, 1183430.7820000001], [2547355.132, 1183454.831], [2547356.752, 1183457.391], [2547348.432, 1183457.651], [2547327.823, 1183463.212], [2547326.223, 1183460.752], [2547311.503, 1183437.5219999999], [2547339.942, 1183430.7820000001]]]}, "properties": {"OBJECTID": 51975907, "NUMERO": "1889", "EGRID": "CH909745868315", "NO_COM_FED": 5939, "GENRE_TXT": "parcelle priv\u00e9e", "SUPERFICIE_MO": 834, "SUPERFICIE_RF": 833}}, {"type": "Feature", "id": 51976842, "geometry": {"type": "Polygon", "coordinates": [[[2547416.021, 1183182.311], [2547397.0609999998, 1183201.592], [2547395.001, 1183199.582], [2547390.051, 1183194.802], [2547389.201, 1183193.972], [2547384.281, 1183188.972], [2547380.941, 1183185.652], [2547397.091, 1183169.232], [2547402.741, 1183169.242], [2547416.021, 1183182.311]]]}, "properties": {"OBJECTID": 51976842, "NUMERO": "1747", "EGRID": "CH728660834533", "NO_COM_FED": 5939, "GENRE_TXT": "parcelle priv\u00e9e", "SUPERFICIE_MO": 605, "SUPERFICIE_RF": 605}}, {"type": "Feature", "id": 51977556, "geometry": {"type": "Polygon", "coordinates": [[[2546110.382, 1183083.035], [2546156.943, 1183154.433], [2546203.543, 1183225.562], [2546250.014, 1183296.57], [2546296.734, 1183367.668], [2546304.934, 1183383.578], [2546267.734, 1183398.769], [2546287.755, 1183433.258], [2546295.475, 1183447.417], [2546304.165, 1183463.697], [2546286.095, 1183473.458], [2546281.755, 1183475.868], [2546287.735, 1183489.107], [2546282.495, 1183491.3969999999], [2546277.065, 1183494.088], [2546290.555, 1183501.997], [2546279.875, 1183507.287], [2546267.116, 1183513.658], [2546265.386, 1183514.598], [2546268.036, 1183520.658], [2546268.646, 1183521.848], [2546258.366, 1183526.628], [2546247.286, 1183531.938], [2546239.116, 1183535.768], [2546206.276, 1183551.089], [2546190.106, 1183540.22], [2546185.326, 1183537.17], [2546148.826, 1183514.371], [2546107.096, 1183485.512], [2546100.9560000002, 1183479.0219999999], [2546041.045, 1183386.725], [2545986.305, 1183302.347], [2545931.634, 1183217.849], [2545932.994, 1183210.669], [2546013.643, 1183149.677], [2546103.312, 1183081.825], [2546110.382, 1183083.035]]]}, "properties": {"OBJECTID": 51977556, "NUMERO": "241", "EGRID": "CH229776834553", "NO_COM_FED": 5939, "GENRE_TXT": "parcelle priv\u00e9e", "SUPERFICIE_MO": 92127, "SUPERFICIE_RF": 92136}}, {"type": "Feature", "id": 51977930, "geometry": {"type": "Polygon", "coordinates": [[[2546385.076, 1183639.604], [2546395.316, 1183652.193], [2546370.346, 1183659.104], [2546367.445, 1183661.665], [2546366.917, 1183649.045], [2546359.355, 1183626.858], [2546372.472, 1183622.351], [2546373.496, 1183625.384], [2546385.076, 1183639.604]]]}, "properties": {"OBJECTID": 51977930, "NUMERO": "2539", "EGRID": "CH385583459982", "NO_COM_FED": 5939, "GENRE_TXT": "parcelle priv\u00e9e", "SUPERFICIE_MO": 687, "SUPERFICIE_RF": 687}}, {"type": "Feature", "id": 51978340, "geometry": {"type": "Polygon", "coordinates": [[[2547351.089, 1182891.043], [2547364.679, 1182877.042], [2547370.309, 1182871.082], [2547373.999, 1182877.172], [2547377.139, 1182879.5219999999], [2547370.779, 1182886.362], [2547369.179, 1182888.0320000001], [2547369.039, 1182887.892], [2547365.519, 1182891.5320000001], [2547365.339, 1182891.362], [2547359.289, 1182897.292], [2547357.949, 1182898.602], [2547351.089, 1182891.043]]]}, "properties": {"OBJECTID": 51978340, "NUMERO": "1659", "EGRID": "CH274598768361", "NO_COM_FED": 5939, "GENRE_TXT": "parcelle priv\u00e9e", "SUPERFICIE_MO": 285, "SUPERFICIE_RF": 284}}, {"type": "Feature", "id": 51978615, "geometry": {"type": "Polygon", "coordinates": [[[2546855.237, 1183640.686], [2546872.471, 1183701.604], [2546855.579, 1183709.182], [2546848.1890000002, 1183712.482], [2546829.84, 1183647.623], [2546837.61, 1183645.463], [2546844.379, 1183643.713], [2546855.237, 1183640.686]]]}, "properties": {"OBJECTID": 51978615, "NUMERO": "2699", "EGRID": "CH744583083140", "NO_COM_FED": 5939, "GENRE_TXT": "parcelle priv\u00e9e", "SUPERFICIE_MO": 1720, "SUPERFICIE_RF": 1717}}, {"type": "Feature", "id": 51979442, "geometry": {"type": "Polygon", "coordinates": [[[2546464.724, 1183506.762], [2546447.754, 1183474.793], [2546464.304, 1183463.6030000001], [2546483.234, 1183494.352], [2546486.284, 1183500.572], [2546470.454, 1183511.492], [2546466.484, 1183505.502], [2546464.724, 1183506.762]]]}, "properties": {"OBJECTID": 51979442, "NUMERO": "2505", "EGRID": "CH974597268379", "NO_COM_FED": 5939, "GENRE_TXT": "parcelle priv\u00e9e", "SUPERFICIE_MO": 899, "SUPERFICIE_RF": 900}}, {"type": "Feature", "id": 51980133, "geometry": {"type": "Polygon", "coordinates": [[[2546106.452, 1183069.426], [2546046.341, 1182977.638], [2545986.001, 1182885.91], [2545988.411, 1182879.05], [2546107.43, 1182834.2280000001], [2546170.62, 1182931.015], [2546233.621, 1183026.882], [2546190.251, 1183043.253], [2546113.782, 1183071.875], [2546106.452, 1183069.426]]]}, "properties": {"OBJECTID": 51980133, "NUMERO": "639", "EGRID": "CH838397452492", "NO_COM_FED": 5939, "GENRE_TXT": "parcelle priv\u00e9e", "SUPERFICIE_MO": 29828, "SUPERFICIE_RF": 29840}}, {"type": "Feature", "id": 51980322, "geometry": {"type": "Polygon", "coordinates": [[[2546702.491, 1183476.387], [2546677.911, 1183480.967], [2546670.612, 1183441.778], [2546698.441, 1183454.667], [2546702.491, 1183476.387]]]}, "properties": {"OBJECTID": 51980322, "NUMERO": "2530", "EGRID": "CH669783459381", "NO_COM_FED": 5939, "GENRE_TXT": "parcelle priv\u00e9e", "SUPERFICIE_MO": 774, "SUPERFICIE_RF": 775}}, {"type": "Feature", "id": 51980555, "geometry": {"type": "Polygon", "coordinates": [[[2547499.517, 1182925.279], [2547515.587, 1182908.268], [2547532.977, 1182924.768], [2547516.217, 1182941.658], [2547499.517, 1182925.279]]]}, "properties": {"OBJECTID": 51980555, "NUMERO": "2411", "EGRID": "CH886483458670", "NO_COM_FED": 5939, "GENRE_TXT": "parcelle priv\u00e9e", "SUPERFICIE_MO": 559, "SUPERFICIE_RF": 559}}, {"type": "Feature", "id": 51980589, "geometry": {"type": "Polygon", "coordinates": [[[2546855.237, 1183640.686], [2546883.559, 1183632.792], [2546899.9390000002, 1183689.281], [2546872.471, 1183701.604], [2546855.237, 1183640.686]]]}, "properties": {"OBJECTID": 51980589, "NUMERO": "26", "EGRID": "CH654883974519", "NO_COM_FED": 5939, "GENRE_TXT": "parcelle priv\u00e9e", "SUPERFICIE_MO": 1807, "SUPERFICIE_RF": 1804}}, {"type": "Feature", "id": 51980604, "geometry": {"type": "Polygon", "coordinates": [[[2546776.4, 1183644.324], [2546770.23, 1183641.334], [2546755.171, 1183593.115], [2546763.05, 1183589.655], [2546783.28, 1183580.954], [2546794.99, 1183611.444], [2546798.09, 1183610.224], [2546800.49, 1183616.314], [2546803.61, 1183624.464], [2546801.04, 1183626.944], [2546787.34, 1183640.374], [2546776.4, 1183644.324]]]}, "properties": {"OBJECTID": 51980604, "NUMERO": "47", "EGRID": "CH654283974584", "NO_COM_FED": 5939, "GENRE_TXT": "parcelle priv\u00e9e", "SUPERFICIE_MO": 1795, "SUPERFICIE_RF": 1789}}, {"type": "Feature", "id": 51980837, "geometry": {"type": "Polygon", "coordinates": [[[2546359.355, 1183626.858], [2546366.917, 1183649.045], [2546367.445, 1183661.665], [2546326.507, 1183697.805], [2546314.887, 1183709.025], [2546311.917, 1183705.525], [2546323.577, 1183695.225], [2546335.261, 1183685.234], [2546336.816, 1183683.905], [2546357.776, 1183662.684], [2546363.176, 1183653.184], [2546351.076, 1183618.225], [2546341.466, 1183590.475], [2546333.516, 1183568.285], [2546330.386, 1183565.996], [2546340.466, 1183566.515], [2546346.4560000002, 1183566.925], [2546352.726, 1183567.095], [2546339.876, 1183569.715], [2546359.355, 1183626.858]]]}, "properties": {"OBJECTID": 51980837, "NUMERO": "DP 1050", "EGRID": "CH214583839864", "NO_COM_FED": 5939, "GENRE_TXT": "DP communal", "SUPERFICIE_MO": 844, "SUPERFICIE_RF": null}}, {"type": "Feature", "id": 51980842, "geometry": {"type": "Polygon", "coordinates": [[[2546815.867, 1182884.268], [2546794.129, 1182868.362], [2546779.4390000002, 1182857.757], [2546762.23, 1182845.624], [2546764.137, 1182843.68], [2546826.746, 1182775.399], [2546864.996, 1182733.668], [2546879.746, 1182747.707], [2546880.9560000002, 1182748.847], [2546903.826, 1182774.776], [2546870.366, 1182816.497], [2546817.787, 1182881.918], [2546815.867, 1182884.268]]]}, "properties": {"OBJECTID": 51980842, "NUMERO": "1342", "EGRID": "CH598397894540", "NO_COM_FED": 5939, "GENRE_TXT": "parcelle priv\u00e9e", "SUPERFICIE_MO": 8943, "SUPERFICIE_RF": 8951}}, {"type": "Feature", "id": 51981100, "geometry": {"type": "Polygon", "coordinates": [[[2547225.0439999998, 1183556.234], [2547227.894, 1183555.274], [2547250.674, 1183547.483], [2547259.474, 1183573.633], [2547244.104, 1183580.663], [2547237.434, 1183583.183], [2547234.5439999998, 1183584.183], [2547225.0439999998, 1183556.234]]]}, "properties": {"OBJECTID": 51981100, "NUMERO": "70", "EGRID": "CH969883458359", "NO_COM_FED": 5939, "GENRE_TXT": "parcelle priv\u00e9e", "SUPERFICIE_MO": 779, "SUPERFICIE_RF": 778}}, {"type": "Feature", "id": 51981611, "geometry": {"type": "Polygon", "coordinates": [[[2547327.823, 1183463.212], [2547303.533, 1183469.982], [2547294.493, 1183466.483], [2547282.993, 1183448.233], [2547311.503, 1183437.5219999999], [2547326.223, 1183460.752], [2547327.823, 1183463.212]]]}, "properties": {"OBJECTID": 51981611, "NUMERO": "1888", "EGRID": "CH338398458003", "NO_COM_FED": 5939, "GENRE_TXT": "parcelle priv\u00e9e", "SUPERFICIE_MO": 849, "SUPERFICIE_RF": 848}}, {"type": "Feature", "id": 51982346, "geometry": {"type": "Polygon", "coordinates": [[[2547436.411, 1183182.091], [2547436.491, 1183176.991], [2547436.571, 1183170.961], [2547439.441, 1183170.981], [2547439.321, 1183177.001], [2547439.301, 1183182.071], [2547436.411, 1183182.091]]]}, "properties": {"OBJECTID": 51982346, "NUMERO": "2037", "EGRID": "CH798398804587", "NO_COM_FED": 5939, "GENRE_TXT": "parcelle priv\u00e9e", "SUPERFICIE_MO": 32, "SUPERFICIE_RF": 34}}, {"type": "Feature", "id": 51982524, "geometry": {"type": "Polygon", "coordinates": [[[2547352.6689999998, 1182876.333], [2547320.509, 1182850.893], [2547338.579, 1182828.003], [2547342.1890000002, 1182830.763], [2547343.569, 1182831.753], [2547349.509, 1182836.042], [2547373.929, 1182854.072], [2547352.6689999998, 1182876.333]]]}, "properties": {"OBJECTID": 51982524, "NUMERO": "154", "EGRID": "CH169883457647", "NO_COM_FED": 5939, "GENRE_TXT": "parcelle priv\u00e9e", "SUPERFICIE_MO": 1268, "SUPERFICIE_RF": 1268}}, {"type": "Feature", "id": 51983010, "geometry": {"type": "Polygon", "coordinates": [[[2546906.608, 1183565.121], [2546902.929, 1183559.5219999999], [2546894.519, 1183546.332], [2546888.479, 1183536.832], [2546907.858, 1183516.852], [2546918.408, 1183523.581], [2546933.528, 1183533.321], [2546914.848, 1183555.381], [2546913.398, 1183557.111], [2546906.608, 1183565.121]]]}, "properties": {"OBJECTID": 51983010, "NUMERO": "59", "EGRID": "CH429717834531", "NO_COM_FED": 5939, "GENRE_TXT": "parcelle priv\u00e9e", "SUPERFICIE_MO": 1087, "SUPERFICIE_RF": 1087}}, {"type": "Feature", "id": 51984336, "geometry": {"type": "Polygon", "coordinates": [[[2546773.167, 1183255.4679999999], [2546778.124, 1183250.195], [2546805.812, 1183276.221], [2546800.855, 1183281.494], [2546773.167, 1183255.4679999999]]]}, "properties": {"OBJECTID": 51984336, "NUMERO": "2649", "EGRID": "CH187683459572", "NO_COM_FED": 5939, "GENRE_TXT": "parcelle priv\u00e9e", "SUPERFICIE_MO": 275, "SUPERFICIE_RF": 275}}, {"type": "Feature", "id": 51984693, "geometry": {"type": "Polygon", "coordinates": [[[2547094.845, 1183151.219], [2547092.905, 1183148.959], [2547073.499, 1183125.586], [2547068.746, 1183119.86], [2547067.405, 1183118.245], [2547087.042, 1183101.893], [2547087.925, 1183102.96], [2547110.465, 1183130.189], [2547112.375, 1183132.409], [2547094.845, 1183151.219]]]}, "properties": {"OBJECTID": 51984693, "NUMERO": "2412", "EGRID": "CH709745898374", "NO_COM_FED": 5939, "GENRE_TXT": "parcelle priv\u00e9e", "SUPERFICIE_MO": 1054, "SUPERFICIE_RF": 1056}}, {"type": "Feature", "id": 51985085, "geometry": {"type": "Polygon", "coordinates": [[[2546159.677, 1183597.096], [2546157.31, 1183588.262], [2546214.076, 1183572.059], [2546231.386, 1183566.128], [2546262.296, 1183559.387], [2546264.046, 1183569.127], [2546159.677, 1183597.096]]]}, "properties": {"OBJECTID": 51985085, "NUMERO": "DP 1386", "EGRID": "CH559183084532", "NO_COM_FED": 5939, "GENRE_TXT": "DP communal", "SUPERFICIE_MO": 1095, "SUPERFICIE_RF": null}}, {"type": "Feature", "id": 51985110, "geometry": {"type": "Polygon", "coordinates": [[[2546483.621, 1183626.723], [2546495.014, 1183611.041], [2546511.964, 1183623.381], [2546515.204, 1183625.751], [2546513.424, 1183628.121], [2546513.114, 1183628.571], [2546507.164, 1183636.701], [2546506.764, 1183637.251], [2546503.034, 1183642.401], [2546495.244, 1183653.281], [2546491.729, 1183658.19], [2546471.965, 1183642.768], [2546475.0640000002, 1183638.502], [2546483.621, 1183626.723]]]}, "properties": {"OBJECTID": 51985110, "NUMERO": "1693", "EGRID": "CH138390456165", "NO_COM_FED": 5939, "GENRE_TXT": "parcelle priv\u00e9e", "SUPERFICIE_MO": 989, "SUPERFICIE_RF": 989}}, {"type": "Feature", "id": 51985435, "geometry": {"type": "Polygon", "coordinates": [[[2546647.982, 1183516.038], [2546636.372, 1183446.209], [2546623.872, 1183370.829], [2546610.602, 1183290.07], [2546598.891, 1183218.831], [2546586.04, 1183140.672], [2546572.88, 1183060.423], [2546561.109, 1182989.394], [2546548.179, 1182910.665], [2546529.488, 1182796.447], [2546517.428, 1182723.758], [2546509.577, 1182693.568], [2546518.627, 1182698.4780000001], [2546526.787, 1182702.878], [2546527.917, 1182707.328], [2546529.437, 1182720.3969999999], [2546545.808, 1182820.676], [2546551.728, 1182872.915], [2546559.679, 1182908.275], [2546568.639, 1182940.044], [2546571.9390000002, 1182960.344], [2546574.429, 1182982.044], [2546575.259, 1183010.553], [2546578.059, 1183026.913], [2546585.29, 1183058.963], [2546599.16, 1183135.722], [2546599.87, 1183137.472], [2546604.401, 1183163.091], [2546614.592, 1183264.81], [2546619.822, 1183280.94], [2546626.152, 1183300.74], [2546631.542, 1183355.549], [2546646.652, 1183430.399], [2546650.722, 1183460.548], [2546659.532, 1183514.028], [2546647.982, 1183516.038]]]}, "properties": {"OBJECTID": 51985435, "NUMERO": "204", "EGRID": "CH644583866302", "NO_COM_FED": 5939, "GENRE_TXT": "parcelle priv\u00e9e", "SUPERFICIE_MO": 10030, "SUPERFICIE_RF": 9976}}, {"type": "Feature", "id": 51985738, "geometry": {"type": "Polygon", "coordinates": [[[2547746.924, 1183076.302], [2547769.574, 1183050.681], [2547746.554, 1183030.162], [2547747.624, 1183028.982], [2547767.0439999998, 1183046.0320000001], [2547800.093, 1183008.73], [2547800.713, 1183008.05], [2547830.162, 1183033.54], [2547835.582, 1183038.27], [2547817.303, 1183059.46], [2547810.703, 1183053.7], [2547796.863, 1183041.771], [2547793.253, 1183038.561], [2547756.464, 1183079.922], [2547746.924, 1183076.302]]]}, "properties": {"OBJECTID": 51985738, "NUMERO": "2017", "EGRID": "CH474597328337", "NO_COM_FED": 5939, "GENRE_TXT": "parcelle priv\u00e9e", "SUPERFICIE_MO": 2012, "SUPERFICIE_RF": 2010}}, {"type": "Feature", "id": 51985982, "geometry": {"type": "Polygon", "coordinates": [[[2546304.934, 1183383.578], [2546308.614, 1183381.988], [2546333.024, 1183438.1469999999], [2546352.055, 1183474.436], [2546352.505, 1183475.296], [2546341.905, 1183484.216], [2546341.335, 1183478.026], [2546341.005, 1183477.146], [2546340.105, 1183474.286], [2546337.615, 1183466.046], [2546328.195, 1183439.467], [2546324.694, 1183430.8969999999], [2546304.934, 1183383.578]]]}, "properties": {"OBJECTID": 51985982, "NUMERO": "DP 1039", "EGRID": "CH158383984517", "NO_COM_FED": 5939, "GENRE_TXT": "DP communal", "SUPERFICIE_MO": 636, "SUPERFICIE_RF": null}}, {"type": "Feature", "id": 51986289, "geometry": {"type": "Polygon", "coordinates": [[[2547556.585, 1182772.327], [2547561.244, 1182758.476], [2547562.384, 1182725.996], [2547568.334, 1182731.586], [2547594.014, 1182755.216], [2547570.354, 1182785.046], [2547564.085, 1182779.276], [2547556.585, 1182772.327]]]}, "properties": {"OBJECTID": 51986289, "NUMERO": "1671", "EGRID": "CH829706834591", "NO_COM_FED": 5939, "GENRE_TXT": "parcelle priv\u00e9e", "SUPERFICIE_MO": 1104, "SUPERFICIE_RF": 1103}}, {"type": "Feature", "id": 51986325, "geometry": {"type": "Polygon", "coordinates": [[[2546308.614, 1183381.988], [2546299.994, 1183365.538], [2546253.533, 1183294.4], [2546206.983, 1183223.382], [2546160.393, 1183152.233], [2546113.882, 1183081.095], [2546115.842, 1183075.305], [2546191.641, 1183046.873], [2546264.261, 1183019.542], [2546345.85, 1182988.77], [2546384.351, 1183094.458], [2546422.732, 1183199.666], [2546424.132, 1183203.416], [2546462.583, 1183308.884], [2546500.763, 1183413.662], [2546444.574, 1183434.684], [2546437.494, 1183437.024], [2546428.934, 1183439.554], [2546396.444, 1183450.145], [2546391.614, 1183452.085], [2546381.934, 1183457.085], [2546359.665, 1183470.346], [2546359.965, 1183470.776], [2546352.505, 1183475.296], [2546352.055, 1183474.436], [2546333.024, 1183438.1469999999], [2546308.614, 1183381.988]]]}, "properties": {"OBJECTID": 51986325, "NUMERO": "617", "EGRID": "CH369883458468", "NO_COM_FED": 5939, "GENRE_TXT": "parcelle priv\u00e9e", "SUPERFICIE_MO": 90399, "SUPERFICIE_RF": 90418}}, {"type": "Feature", "id": 51987044, "geometry": {"type": "Polygon", "coordinates": [[[2547367.949, 1182910.232], [2547365.019, 1182907.482], [2547365.9189999998, 1182906.632], [2547377.709, 1182895.052], [2547392.538, 1182876.831], [2547391.646, 1182875.967], [2547394.694, 1182872.7719999999], [2547402.873, 1182880.574], [2547400.028, 1182884.061], [2547390.1689999998, 1182896.062], [2547386.079, 1182892.012], [2547380.729, 1182898.232], [2547368.629, 1182909.562], [2547367.949, 1182910.232]]]}, "properties": {"OBJECTID": 51987044, "NUMERO": "129", "EGRID": "CH228666834552", "NO_COM_FED": 5939, "GENRE_TXT": "parcelle priv\u00e9e", "SUPERFICIE_MO": 321, "SUPERFICIE_RF": 322}}, {"type": "Feature", "id": 51987076, "geometry": {"type": "Polygon", "coordinates": [[[2547494.33, 1183197.719], [2547513.44, 1183190.929], [2547518.849, 1183193.209], [2547530.639, 1183216.248], [2547506.27, 1183225.059], [2547494.33, 1183197.719]]]}, "properties": {"OBJECTID": 51987076, "NUMERO": "1465", "EGRID": "CH938397450478", "NO_COM_FED": 5939, "GENRE_TXT": "parcelle priv\u00e9e", "SUPERFICIE_MO": 735, "SUPERFICIE_RF": 735}}, {"type": "Feature", "id": 51987390, "geometry": {"type": "Polygon", "coordinates": [[[2546810.87, 1183541.374], [2546788.07, 1183551.444], [2546755.55, 1183530.245], [2546752.531, 1183528.405], [2546741.911, 1183521.836], [2546722.451, 1183515.216], [2546774.45, 1183502.175], [2546776.32, 1183510.215], [2546789.88, 1183540.794], [2546793.84, 1183542.334], [2546808.56, 1183535.814], [2546810.87, 1183541.374]]]}, "properties": {"OBJECTID": 51987390, "NUMERO": "2168", "EGRID": "CH568683456354", "NO_COM_FED": 5939, "GENRE_TXT": "parcelle priv\u00e9e", "SUPERFICIE_MO": 1464, "SUPERFICIE_RF": 1464}}, {"type": "Feature", "id": 51987802, "geometry": {"type": "Polygon", "coordinates": [[[2546538.685, 1183633.845], [2546526.818, 1183624.29], [2546525.316, 1183619.426], [2546495.249, 1183561.958], [2546498.174, 1183561.691], [2546512.0640000002, 1183560.331], [2546523.344, 1183559.061], [2546531.854, 1183557.881], [2546533.105657042, 1183557.5628532178], [2546534.3900341447, 1183557.4278044004], [2546535.6804902516, 1183557.4786547835], [2546536.950258213, 1183557.7143496082], [2546538.173, 1183558.13], [2546539.307708789, 1183558.7081997162], [2546540.348924665, 1183559.4415130517], [2546541.275589898, 1183560.3151093507], [2546542.068963451, 1183561.3113208513], [2546542.713, 1183562.41], [2546548.203, 1183575.87], [2546551.343, 1183583.66], [2546558.043, 1183600.44], [2546559.013, 1183602.82], [2546560.633, 1183606.85], [2546565.779, 1183619.956], [2546538.685, 1183633.845]]]}, "properties": {"OBJECTID": 51987802, "NUMERO": "296", "EGRID": "CH629742834529", "NO_COM_FED": 5939, "GENRE_TXT": "parcelle priv\u00e9e", "SUPERFICIE_MO": 2946, "SUPERFICIE_RF": 2947}}, {"type": "Feature", "id": 51988346, "geometry": {"type": "Polygon", "coordinates": [[[2547448.846, 1183347.934], [2547423.082, 1183298.932], [2547440.341, 1183297.79], [2547446.901, 1183295.33], [2547475.49, 1183284.619], [2547483.87, 1183302.509], [2547496.77, 1183330.019], [2547468.28, 1183340.669], [2547448.846, 1183347.934]]]}, "properties": {"OBJECTID": 51988346, "NUMERO": "2169", "EGRID": "CH669783450374", "NO_COM_FED": 5939, "GENRE_TXT": "parcelle priv\u00e9e", "SUPERFICIE_MO": 2653, "SUPERFICIE_RF": 2643}}, {"type": "Feature", "id": 51988501, "geometry": {"type": "Polygon", "coordinates": [[[2546708.288, 1182895.961], [2546720.468, 1182907.87], [2546725.448, 1182917.62], [2546700.608, 1182942.931], [2546699.228, 1182943.171], [2546697.768, 1182943.421], [2546675.028, 1182931.591], [2546675.138, 1182929.841], [2546708.288, 1182895.961]]]}, "properties": {"OBJECTID": 51988501, "NUMERO": "2192", "EGRID": "CH156583864554", "NO_COM_FED": 5939, "GENRE_TXT": "parcelle priv\u00e9e", "SUPERFICIE_MO": 1210, "SUPERFICIE_RF": 1210}}, {"type": "Feature", "id": 51989554, "geometry": {"type": "Polygon", "coordinates": [[[2546693.982, 1184002.094], [2546703.652, 1184000.524], [2546704.032, 1183988.074], [2546710.432, 1183971.354], [2546713.542, 1183958.634], [2546729.361, 1183893.344], [2546736.721, 1183863.244], [2546739.441, 1183852.094], [2546739.571, 1183841.124], [2546733.341, 1183825.794], [2546730.101, 1183809.924], [2546741.8109999998, 1183807.094], [2546737.571, 1183813.284], [2546739.431, 1183828.464], [2546755.271, 1183848.284], [2546768.821, 1183865.363], [2546786.321, 1183887.403], [2546800.94, 1183878.192], [2546773.091, 1183833.933], [2546754.251, 1183804.074], [2546769.651, 1183800.334], [2546833, 1183771.712], [2546928.278, 1183724.93], [2547001.677, 1183690.399], [2547035.547, 1183674.438], [2547052.237, 1183666.597], [2547073.616, 1183656.477], [2547094.266, 1183695.356], [2547117.9359999998, 1183739.995], [2547116.426, 1183740.325], [2547136.586, 1183786.075], [2547032.447, 1183878.197], [2547028.677, 1183895.207], [2547031.677, 1183897.317], [2547027.367, 1183907.557], [2547022.317, 1183908.067], [2547018.747, 1183911.037], [2547016.898, 1183921.057], [2547002.838, 1183942.6570000001], [2547000.938, 1183949.567], [2546995.638, 1183961.417], [2546988.658, 1183972.437], [2546969.708, 1183987.268], [2546964.908, 1183993.088], [2546966.028, 1183994.938], [2546964.548, 1184001.608], [2546962.068, 1184007.058], [2546958.558, 1184010.488], [2546931.729, 1184030.898], [2546922.569, 1184042.368], [2546923.729, 1184053.018], [2546919.159, 1184062.748], [2546867.6, 1184102.449], [2546858.58, 1184112.16], [2546855.72, 1184117.66], [2546855.2, 1184127.31], [2546860.79, 1184135.389], [2546861.68, 1184141.419], [2546855.13, 1184147.97], [2546848.03, 1184158.91], [2546847.49, 1184166.38], [2546799.941, 1184169.741], [2546776.751, 1184141.201], [2546766.231, 1184127.612], [2546748.721, 1184108.432], [2546729.182, 1184079.203], [2546726.032, 1184072.493], [2546715.552, 1184049.793], [2546696.572, 1184022.454], [2546693.982, 1184002.094]], [[2546724.532, 1183934.814], [2546750.011, 1183941.053], [2546760.421, 1183898.243], [2546734.931, 1183892.044], [2546724.532, 1183934.814]]]}, "properties": {"OBJECTID": 51989554, "NUMERO": "306", "EGRID": "CH314584839722", "NO_COM_FED": 5939, "GENRE_TXT": "parcelle priv\u00e9e", "SUPERFICIE_MO": 111556, "SUPERFICIE_RF": 111562}}, {"type": "Feature", "id": 51990226, "geometry": {"type": "Polygon", "coordinates": [[[2547391.902, 1183498.92], [2547273.093, 1183539.813], [2547250.674, 1183547.483], [2547227.894, 1183555.274], [2547225.0439999998, 1183556.234], [2547204.654, 1183563.434], [2547207.784, 1183571.874], [2547149.385, 1183586.606], [2547115.7060000002, 1183595.146], [2547095.199, 1183600.296], [2547069.066, 1183606.857], [2547050.637, 1183599.2179999999], [2547045.317, 1183603.108], [2547039.607, 1183593.288], [2547038.477, 1183591.358], [2547010.537, 1183596.169], [2546975.678, 1183605.06], [2546936.718, 1183615.81], [2546905.609, 1183625.201], [2546901.209, 1183626.001], [2546883.109, 1183631.222], [2546843.869, 1183642.173], [2546823.29, 1183647.943], [2546725.661, 1183674.905], [2546725.8109999998, 1183676.425], [2546726.111, 1183681.405], [2546717.101, 1183682.025], [2546716.861, 1183679.365], [2546704.391, 1183682.176], [2546696.612, 1183683.986], [2546694.662, 1183670.526], [2546702.821, 1183668.376], [2546715.911, 1183664.876], [2546725.501, 1183664.145], [2546730.0609999998, 1183661.115], [2546765.421, 1183654.484], [2546789.8, 1183646.634], [2546821.19, 1183637.713], [2546897.239, 1183616.111], [2546932.928, 1183606.881], [2546973.048, 1183596.25], [2547022.197, 1183582.709], [2547032.847, 1183580.358], [2547032.307, 1183578.648], [2547030.387, 1183574.328], [2547031.367, 1183574.078], [2547038.467, 1183572.058], [2547103.346, 1183554.747], [2547117.803, 1183550.671], [2547142.435, 1183543.726], [2547137.215, 1183521.246], [2547157.435, 1183515.196], [2547162.245, 1183513.786], [2547177.745, 1183509.525], [2547189.834, 1183506.265], [2547204.174, 1183502.275], [2547269.543, 1183484.393], [2547349.192, 1183462.611], [2547407.261, 1183460.86], [2547415.661, 1183459.19], [2547439.341, 1183454.419], [2547446.861, 1183452.809], [2547451.711, 1183460.459], [2547481.47, 1183452.168], [2547514.74, 1183443.027], [2547546.06, 1183434.347], [2547544.82, 1183430.1469999999], [2547548.699, 1183428.947], [2547549.879, 1183428.597], [2547610.609, 1183411.555], [2547631.608, 1183404.545], [2547640.728, 1183402.415], [2547690.547, 1183390.784], [2547729.587, 1183379.193], [2547736.977, 1183383.552], [2547773.7060000002, 1183376.122], [2547828.676, 1183361.94], [2547870.545, 1183354.029], [2547886.025, 1183352.809], [2547900.644, 1183351.649], [2547967.373, 1183351.607], [2547976.453, 1183351.727], [2547995.963, 1183352.176], [2548001.023, 1183351.246], [2548003.753, 1183355.506], [2548036.112, 1183361.435], [2548057.872, 1183365.604], [2548075.022, 1183369.944], [2548076.442, 1183372.484], [2548106.451, 1183380.953], [2548143.611, 1183395.432], [2548178.79, 1183414.031], [2548194.73, 1183423.661], [2548207.73, 1183428.05], [2548240.36, 1183448.729], [2548279.859, 1183481.768], [2548286.299, 1183490.748], [2548297.059, 1183501.308], [2548320.459, 1183527.957], [2548381.968, 1183585.276], [2548448.607, 1183647.304], [2548494.127, 1183692.2719999999], [2548531.566, 1183727.901], [2548532.826, 1183728.931], [2548526.537, 1183735.381], [2548525.537, 1183734.231], [2548502.397, 1183711.432], [2548487.197, 1183699.243], [2548440.678, 1183656.114], [2548375.058, 1183593.046], [2548314.999, 1183533.928], [2548288.979, 1183511.768], [2548269.9390000002, 1183493.389], [2548241.3, 1183468.5], [2548224.39, 1183456.54], [2548221.44, 1183459.37], [2548199.39, 1183438.821], [2548189.67, 1183431.941], [2548172.87, 1183424.771], [2548138.551, 1183406.302], [2548102.241, 1183391.303], [2548071.932, 1183380.534], [2548034.232, 1183370.245], [2548008.463, 1183365.716], [2548010.213, 1183371.186], [2548004.683, 1183371.066], [2547999.073, 1183364.136], [2547966.963, 1183361.817], [2547901.775, 1183360.739], [2547871.925, 1183363.399], [2547848.645, 1183367.2], [2547799.486, 1183377.441], [2547770.576, 1183387.852], [2547740.607, 1183396.252], [2547647.028, 1183421.864], [2547579.099, 1183440.656], [2547538.72, 1183455.827], [2547536.22, 1183452.317], [2547508.57, 1183462.4780000001], [2547489.39, 1183469.518], [2547436.241, 1183484.049], [2547391.372, 1183496.49], [2547391.902, 1183498.92]]]}, "properties": {"OBJECTID": 51990226, "NUMERO": "31", "EGRID": "CH298397594538", "NO_COM_FED": 5939, "GENRE_TXT": "parcelle priv\u00e9e", "SUPERFICIE_MO": 39971, "SUPERFICIE_RF": 39992}}, {"type": "Feature", "id": 51990228, "geometry": {"type": "Polygon", "coordinates": [[[2546762.23, 1182845.624], [2546750.032, 1182837.136], [2546714.685, 1182813.062], [2546716.107, 1182811.561], [2546788.556, 1182739.19], [2546828.856, 1182699.209], [2546864.996, 1182733.668], [2546826.746, 1182775.399], [2546764.137, 1182843.68], [2546762.23, 1182845.624]]]}, "properties": {"OBJECTID": 51990228, "NUMERO": "1343", "EGRID": "CH169783459456", "NO_COM_FED": 5939, "GENRE_TXT": "parcelle priv\u00e9e", "SUPERFICIE_MO": 8378, "SUPERFICIE_RF": 8363}}, {"type": "Feature", "id": 51990367, "geometry": {"type": "Polygon", "coordinates": [[[2546843.819, 1183363.004], [2546855.478, 1183378.368], [2546868.459, 1183395.473], [2546837.929, 1183428.304], [2546832.479, 1183427.854], [2546805.35, 1183392.045], [2546843.819, 1183363.004]]]}, "properties": {"OBJECTID": 51990367, "NUMERO": "223", "EGRID": "CH314542839712", "NO_COM_FED": 5939, "GENRE_TXT": "parcelle priv\u00e9e", "SUPERFICIE_MO": 2162, "SUPERFICIE_RF": 2160}}, {"type": "Feature", "id": 51991512, "geometry": {"type": "Polygon", "coordinates": [[[2547425.531, 1183266.241], [2547440.341, 1183297.79], [2547423.082, 1183298.932], [2547421.151, 1183299.061], [2547401.651, 1183309.031], [2547384.901, 1183277.192], [2547391.111, 1183274.611], [2547392.861, 1183273.871], [2547398.681, 1183271.541], [2547400.261, 1183270.801], [2547406.241, 1183268.201], [2547403.251, 1183262.941], [2547420.631, 1183255.811], [2547425.531, 1183266.241]]]}, "properties": {"OBJECTID": 51991512, "NUMERO": "2187", "EGRID": "CH444583975248", "NO_COM_FED": 5939, "GENRE_TXT": "parcelle priv\u00e9e", "SUPERFICIE_MO": 1575, "SUPERFICIE_RF": 1573}}, {"type": "Feature", "id": 51991577, "geometry": {"type": "Polygon", "coordinates": [[[2547082.826, 1183658.527], [2547100.766, 1183692.226], [2547125.366, 1183738.515], [2547117.9359999998, 1183739.995], [2547094.266, 1183695.356], [2547073.616, 1183656.477], [2547078.2060000002, 1183648.347], [2547082.826, 1183658.527]]]}, "properties": {"OBJECTID": 51991577, "NUMERO": "DP 1046", "EGRID": "CH309745848331", "NO_COM_FED": 5939, "GENRE_TXT": "DP communal", "SUPERFICIE_MO": 710, "SUPERFICIE_RF": null}}, {"type": "Feature", "id": 51992048, "geometry": {"type": "Polygon", "coordinates": [[[2547995.582, 1183229.396], [2548033.051, 1183251.465], [2548080.291, 1183284.123], [2548107.83, 1183306.963], [2548171.72, 1183352.181], [2548162.99, 1183363.521], [2548100.781, 1183316.663], [2548071.911, 1183296.284], [2548024.541, 1183264.705], [2547971.122, 1183231.786], [2547937.322, 1183213.3969999999], [2547897.483, 1183194.088], [2547862.443, 1183180.369], [2547856.343, 1183179.569], [2547847.797, 1183178.316], [2547851.39, 1183162.901], [2547853.483, 1183163.389], [2547867.243, 1183166.809], [2547903.533, 1183180.018], [2547979.752, 1183220.106], [2547995.582, 1183229.396]]]}, "properties": {"OBJECTID": 51992048, "NUMERO": "DP 1178", "EGRID": "CH944583975569", "NO_COM_FED": 5939, "GENRE_TXT": "DP cantonal", "SUPERFICIE_MO": 5324, "SUPERFICIE_RF": null}}, {"type": "Feature", "id": 51992203, "geometry": {"type": "Polygon", "coordinates": [[[2547717.716, 1183198.673], [2547686.617, 1183214.714], [2547677.427, 1183196.624], [2547675.117, 1183197.794], [2547653.017, 1183154.775], [2547681.286, 1183152.214], [2547710.606, 1183152.273], [2547717.716, 1183198.673]]]}, "properties": {"OBJECTID": 51992203, "NUMERO": "2083", "EGRID": "CH450783974530", "NO_COM_FED": 5939, "GENRE_TXT": "parcelle priv\u00e9e", "SUPERFICIE_MO": 2619, "SUPERFICIE_RF": 2628}}, {"type": "Feature", "id": 51992908, "geometry": {"type": "Polygon", "coordinates": [[[2547136.665, 1183360.767], [2547125.055, 1183367.387], [2547123.405, 1183364.727], [2547123.815, 1183364.447], [2547124.015, 1183364.327], [2547120.565, 1183358.787], [2547127.545, 1183354.577], [2547128.965, 1183353.767], [2547130.765, 1183350.687], [2547136.665, 1183360.767]]]}, "properties": {"OBJECTID": 51992908, "NUMERO": "117", "EGRID": "CH398397834529", "NO_COM_FED": 5939, "GENRE_TXT": "parcelle priv\u00e9e", "SUPERFICIE_MO": 131, "SUPERFICIE_RF": 132}}, {"type": "Feature", "id": 51993225, "geometry": {"type": "Polygon", "coordinates": [[[2547485.618, 1182977.799], [2547488.578, 1182988.459], [2547483.808, 1182986.689], [2547479.208, 1182988.599], [2547456.429, 1183011.45], [2547438.109, 1183029.691], [2547437.399, 1183028.961], [2547433.019, 1183033.161], [2547433.809, 1183033.901], [2547428.839, 1183038.951], [2547392.06, 1183075.912], [2547378.631, 1183089.332], [2547373.141, 1183094.763], [2547367.481, 1183100.323], [2547358.721, 1183109.0929999999], [2547357.211, 1183112.733], [2547358.801, 1183116.1030000001], [2547354.592, 1183116.023], [2547354.571, 1183108.973], [2547404.91, 1183058.602], [2547436.259, 1183027.241], [2547485.618, 1182977.799]]]}, "properties": {"OBJECTID": 51993225, "NUMERO": "1684", "EGRID": "CH169783451934", "NO_COM_FED": 5939, "GENRE_TXT": "parcelle priv\u00e9e", "SUPERFICIE_MO": 608, "SUPERFICIE_RF": 600}}, {"type": "Feature", "id": 51994655, "geometry": {"type": "Polygon", "coordinates": [[[2546538.685, 1183633.845], [2546565.779, 1183619.956], [2546571.506, 1183634.544], [2546551.847, 1183644.621], [2546547.043, 1183650.661], [2546540.707, 1183645.442], [2546545.542, 1183639.365], [2546538.685, 1183633.845]]]}, "properties": {"OBJECTID": 51994655, "NUMERO": "2644", "EGRID": "CH769383454113", "NO_COM_FED": 5939, "GENRE_TXT": "parcelle priv\u00e9e", "SUPERFICIE_MO": 473, "SUPERFICIE_RF": 473}}, {"type": "Feature", "id": 51995913, "geometry": {"type": "Polygon", "coordinates": [[[2547792.883, 1182992.221], [2547796.013, 1182985.781], [2547798.673, 1182985.68], [2547838.322, 1182992.129], [2547828.432, 1183003.67], [2547822.142, 1183010.67], [2547818.332, 1183015.3], [2547812.413, 1183010.12], [2547809.293, 1183007.62], [2547794.203, 1182994.421], [2547792.883, 1182992.221]]]}, "properties": {"OBJECTID": 51995913, "NUMERO": "1906", "EGRID": "CH338397458705", "NO_COM_FED": 5939, "GENRE_TXT": "parcelle priv\u00e9e", "SUPERFICIE_MO": 696, "SUPERFICIE_RF": 686}}, {"type": "Feature", "id": 51996349, "geometry": {"type": "Polygon", "coordinates": [[[2546746.057, 1182881.88], [2546768.017, 1182859.21], [2546803.987, 1182885.4679999999], [2546777.538, 1182912.669], [2546746.057, 1182881.88]]]}, "properties": {"OBJECTID": 51996349, "NUMERO": "627", "EGRID": "CH154183974587", "NO_COM_FED": 5939, "GENRE_TXT": "parcelle priv\u00e9e", "SUPERFICIE_MO": 1531, "SUPERFICIE_RF": 1529}}, {"type": "Feature", "id": 51997064, "geometry": {"type": "Polygon", "coordinates": [[[2546704.391, 1183682.176], [2546716.861, 1183679.365], [2546717.101, 1183682.025], [2546718.711, 1183698.155], [2546706.941, 1183701.336], [2546704.391, 1183682.176]]]}, "properties": {"OBJECTID": 51997064, "NUMERO": "17", "EGRID": "CH488683459786", "NO_COM_FED": 5939, "GENRE_TXT": "parcelle priv\u00e9e", "SUPERFICIE_MO": 236, "SUPERFICIE_RF": 235}}, {"type": "Feature", "id": 51997431, "geometry": {"type": "Polygon", "coordinates": [[[2547418.758, 1182861.191], [2547402.078, 1182845.171], [2547395.018, 1182845.261], [2547404.728, 1182835.121], [2547404.868, 1182842.201], [2547410.618, 1182847.751], [2547421.458, 1182858.211], [2547420.088, 1182859.661], [2547418.758, 1182861.191]]]}, "properties": {"OBJECTID": 51997431, "NUMERO": "DP 1380", "EGRID": "CH808645648324", "NO_COM_FED": 5939, "GENRE_TXT": "DP communal", "SUPERFICIE_MO": 139, "SUPERFICIE_RF": null}}, {"type": "Feature", "id": 51998714, "geometry": {"type": "Polygon", "coordinates": [[[2546926.505, 1183154.687], [2546935.347, 1183162.423], [2546951.967, 1183176.8429999999], [2546953.177, 1183177.893], [2546976.648, 1183207.924], [2546952.5, 1183233.616], [2546899.309, 1183183.622], [2546926.505, 1183154.687]]]}, "properties": {"OBJECTID": 51998714, "NUMERO": "2636", "EGRID": "CH269283454215", "NO_COM_FED": 5939, "GENRE_TXT": "parcelle priv\u00e9e", "SUPERFICIE_MO": 2864, "SUPERFICIE_RF": 2864}}, {"type": "Feature", "id": 51998845, "geometry": {"type": "Polygon", "coordinates": [[[2547360.752, 1183245.382], [2547366.412, 1183243.402], [2547382.151, 1183271.902], [2547384.901, 1183277.192], [2547401.651, 1183309.031], [2547424.171, 1183351.84], [2547418.541, 1183353.88], [2547402.211, 1183322.721], [2547390.0810000002, 1183299.781], [2547380.792, 1183282.092], [2547376.662, 1183274.202], [2547360.752, 1183245.382]]]}, "properties": {"OBJECTID": 51998845, "NUMERO": "DP 1018", "EGRID": "CH729771834525", "NO_COM_FED": 5939, "GENRE_TXT": "DP communal", "SUPERFICIE_MO": 727, "SUPERFICIE_RF": null}}, {"type": "Feature", "id": 51998915, "geometry": {"type": "Polygon", "coordinates": [[[2546468.529, 1182938.547], [2546343.1689999998, 1182745.642], [2546396.538, 1182725.701], [2546423.798, 1182715.47], [2546486.548, 1182811.768], [2546541.859, 1182896.875], [2546543.219, 1182905.095], [2546539.4189999998, 1182911.685], [2546468.529, 1182938.547]]]}, "properties": {"OBJECTID": 51998915, "NUMERO": "643", "EGRID": "CH269783450811", "NO_COM_FED": 5939, "GENRE_TXT": "parcelle priv\u00e9e", "SUPERFICIE_MO": 19297, "SUPERFICIE_RF": 19268}}, {"type": "Feature", "id": 51999246, "geometry": {"type": "Polygon", "coordinates": [[[2547430.012, 1182946.85], [2547407.944, 1182925.48], [2547411.039, 1182922.191], [2547424.738, 1182907.861], [2547446.883, 1182929.267], [2547430.012, 1182946.85]]]}, "properties": {"OBJECTID": 51999246, "NUMERO": "2655", "EGRID": "CH309545008346", "NO_COM_FED": 5939, "GENRE_TXT": "parcelle priv\u00e9e", "SUPERFICIE_MO": 749, "SUPERFICIE_RF": 750}}, {"type": "Feature", "id": 51999396, "geometry": {"type": "Polygon", "coordinates": [[[2547111.497, 1183639.398], [2547088.266, 1183649.977], [2547083.376, 1183650.757], [2547078.2060000002, 1183648.347], [2547075.076, 1183643.667], [2547050.637, 1183599.2179999999], [2547069.066, 1183606.857], [2547095.199, 1183600.296], [2547111.497, 1183639.398]]]}, "properties": {"OBJECTID": 51999396, "NUMERO": "67", "EGRID": "CH598397844555", "NO_COM_FED": 5939, "GENRE_TXT": "parcelle priv\u00e9e", "SUPERFICIE_MO": 1736, "SUPERFICIE_RF": 1737}}, {"type": "Feature", "id": 51999733, "geometry": {"type": "Polygon", "coordinates": [[[2547185.244, 1183446.205], [2547189.3140000002, 1183440.135], [2547187.784, 1183432.985], [2547169.265, 1183406.846], [2547171.265, 1183405.426], [2547149.545, 1183374.677], [2547143.955, 1183370.227], [2547147.395, 1183366.4070000001], [2547152.365, 1183371.847], [2547165.655, 1183390.506], [2547171.415, 1183398.616], [2547184.934, 1183417.656], [2547198.214, 1183436.505], [2547205.734, 1183438.855], [2547185.244, 1183446.205]]]}, "properties": {"OBJECTID": 51999733, "NUMERO": "DP 1014", "EGRID": "CH652983974547", "NO_COM_FED": 5939, "GENRE_TXT": "DP communal", "SUPERFICIE_MO": 529, "SUPERFICIE_RF": null}}, {"type": "Feature", "id": 52000145, "geometry": {"type": "Polygon", "coordinates": [[[2546385.076, 1183639.604], [2546417.145, 1183620.0929999999], [2546435.475, 1183641.012], [2546420.335, 1183645.233], [2546395.316, 1183652.193], [2546385.076, 1183639.604]]]}, "properties": {"OBJECTID": 52000145, "NUMERO": "1710", "EGRID": "CH774597108301", "NO_COM_FED": 5939, "GENRE_TXT": "parcelle priv\u00e9e", "SUPERFICIE_MO": 824, "SUPERFICIE_RF": 824}}, {"type": "Feature", "id": 52000835, "geometry": {"type": "Polygon", "coordinates": [[[2545928.384, 1183220.149], [2545922.144, 1183219.409], [2545857.825, 1183289.15], [2545791.366, 1183361.342], [2545792.916, 1183366.392], [2545779.126, 1183362.642], [2545787.446, 1183360.0219999999], [2545855.075, 1183286.501], [2545916.634, 1183219.559], [2545914.3140000002, 1183211.9], [2545915.174, 1183208.04], [2545917.994, 1183204.179], [2545928.384, 1183220.149]]]}, "properties": {"OBJECTID": 52000835, "NUMERO": "DP 1057", "EGRID": "CH252283974581", "NO_COM_FED": 5939, "GENRE_TXT": "DP communal", "SUPERFICIE_MO": 895, "SUPERFICIE_RF": null}}, {"type": "Feature", "id": 52000894, "geometry": {"type": "Polygon", "coordinates": [[[2547083.856, 1183386.7280000001], [2547074.326, 1183391.598], [2547060.9359999998, 1183398.419], [2547057.426, 1183391.609], [2547067.076, 1183386.389], [2547070.486, 1183384.129], [2547078.576, 1183378.778], [2547082.2060000002, 1183372.258], [2547083.766, 1183369.458], [2547083.856, 1183386.7280000001]]]}, "properties": {"OBJECTID": 52000894, "NUMERO": "202", "EGRID": "CH569783458130", "NO_COM_FED": 5939, "GENRE_TXT": "parcelle priv\u00e9e", "SUPERFICIE_MO": 255, "SUPERFICIE_RF": 256}}, {"type": "Feature", "id": 52001703, "geometry": {"type": "Polygon", "coordinates": [[[2547364.052, 1183197.192], [2547343.012, 1183204.663], [2547308.262, 1183217.114], [2547286.713, 1183224.874], [2547257.033, 1183235.405], [2547240.123, 1183248.735], [2547186.7939999998, 1183198.067], [2547121.725, 1183136.669], [2547123.415, 1183134.939], [2547168.834, 1183086.298], [2547183.946, 1183100.558], [2547200.43, 1183116.113], [2547232.913, 1183146.766], [2547235.063, 1183148.846], [2547274.143, 1183108.925], [2547295.612, 1183129.975], [2547319.282, 1183153.304], [2547319.721, 1183153.735], [2547332.202, 1183165.983], [2547347.322, 1183180.883], [2547364.052, 1183197.192]]]}, "properties": {"OBJECTID": 52001703, "NUMERO": "1752", "EGRID": "CH698397894506", "NO_COM_FED": 5939, "GENRE_TXT": "parcelle priv\u00e9e", "SUPERFICIE_MO": 18206, "SUPERFICIE_RF": 18274}}, {"type": "Feature", "id": 52002463, "geometry": {"type": "Polygon", "coordinates": [[[2546895.24, 1183366.209], [2546904.858, 1183355.663], [2546934.929, 1183322.771], [2546941.218, 1183315.892], [2546969.967, 1183285.304], [2546981.427, 1183273.111], [2546993.607, 1183260.061], [2546994.047, 1183259.591], [2547005.467, 1183246.991], [2547017.616, 1183233.951], [2547025.226, 1183226.021], [2547031.036, 1183240.62], [2547025.196, 1183239.87], [2547010.969, 1183255.132], [2547002.457, 1183263.691], [2547000.437, 1183265.901], [2546965.037, 1183304.442], [2546955.247, 1183315.102], [2546948.218, 1183322.762], [2546946.728, 1183324.392], [2546936.198, 1183335.542], [2546898.388, 1183375.813], [2546891.798, 1183369.983], [2546895.24, 1183366.209]]]}, "properties": {"OBJECTID": 52002463, "NUMERO": "DP 1214", "EGRID": "CH798397414519", "NO_COM_FED": 5939, "GENRE_TXT": "DP communal", "SUPERFICIE_MO": 1829, "SUPERFICIE_RF": null}}, {"type": "Feature", "id": 52002518, "geometry": {"type": "Polygon", "coordinates": [[[2546515.204, 1183625.751], [2546511.964, 1183623.381], [2546495.014, 1183611.041], [2546469.06, 1183592.1469999999], [2546476.124, 1183575.012], [2546484.394, 1183562.952], [2546495.249, 1183561.958], [2546525.316, 1183619.426], [2546526.818, 1183624.29], [2546520.344, 1183627.98], [2546516.299, 1183625.066], [2546515.204, 1183625.751]]]}, "properties": {"OBJECTID": 52002518, "NUMERO": "2595", "EGRID": "CH109045618366", "NO_COM_FED": 5939, "GENRE_TXT": "parcelle priv\u00e9e", "SUPERFICIE_MO": 1744, "SUPERFICIE_RF": 1744}}, {"type": "Feature", "id": 52002548, "geometry": {"type": "Polygon", "coordinates": [[[2547276.063, 1183318.964], [2547265.523, 1183299.554], [2547264.333, 1183297.414], [2547256.763, 1183283.795], [2547267.053, 1183279.244], [2547277.483, 1183275.044], [2547296.393, 1183309.023], [2547276.063, 1183318.964]]]}, "properties": {"OBJECTID": 52002548, "NUMERO": "91", "EGRID": "CH985183459785", "NO_COM_FED": 5939, "GENRE_TXT": "parcelle priv\u00e9e", "SUPERFICIE_MO": 888, "SUPERFICIE_RF": 889}}, {"type": "Feature", "id": 52002581, "geometry": {"type": "Polygon", "coordinates": [[[2547468.32, 1183269.31], [2547493.23, 1183260.109], [2547508.79, 1183293.398], [2547521.61, 1183320.678], [2547496.77, 1183330.019], [2547483.87, 1183302.509], [2547475.49, 1183284.619], [2547471.14, 1183275.299], [2547468.57, 1183269.87], [2547468.32, 1183269.31]]]}, "properties": {"OBJECTID": 52002581, "NUMERO": "1955", "EGRID": "CH838397451702", "NO_COM_FED": 5939, "GENRE_TXT": "parcelle priv\u00e9e", "SUPERFICIE_MO": 1771, "SUPERFICIE_RF": 1767}}, {"type": "Feature", "id": 52003665, "geometry": {"type": "Polygon", "coordinates": [[[2546609.082, 1183530.439], [2546578.363, 1183537.86], [2546572.883, 1183515.61], [2546538.523, 1183524.111], [2546534.343, 1183525.151], [2546521.824, 1183498.821], [2546560.013, 1183446.911], [2546555.503, 1183400.511], [2546610.652, 1183379.52], [2546611.666267366, 1183379.1688374253], [2546612.7255764827, 1183378.995870262], [2546613.7988645844, 1183379.0061705315], [2546614.8546589906, 1183379.199436193], [2546615.862, 1183379.57], [2546616.667991808, 1183380.0218193852], [2546617.398704364, 1183380.5873480863], [2546618.038221204, 1183381.2542676933], [2546618.5726123005, 1183382.0080512878], [2546618.9902374856, 1183382.83227987], [2546619.282, 1183383.709], [2546620.882, 1183383.339], [2546630.302, 1183440.539], [2546589.583, 1183450.49], [2546601.433, 1183498.959], [2546609.082, 1183530.439]]]}, "properties": {"OBJECTID": 52003665, "NUMERO": "270", "EGRID": "CH574586668397", "NO_COM_FED": 5939, "GENRE_TXT": "parcelle priv\u00e9e", "SUPERFICIE_MO": 8910, "SUPERFICIE_RF": 8888}}, {"type": "Feature", "id": 52003697, "geometry": {"type": "Polygon", "coordinates": [[[2546374.675, 1183505.515], [2546372.215, 1183509.905], [2546367.965, 1183519.615], [2546368.425, 1183519.805], [2546365.895, 1183525.175], [2546365.375, 1183526.335], [2546361.895, 1183535.825], [2546356.485, 1183550.065], [2546354.256, 1183557.525], [2546345.046, 1183557.045], [2546335.376, 1183556.526], [2546343.645, 1183537.375], [2546331.715, 1183527.916], [2546323.585, 1183520.836], [2546326.375, 1183517.616], [2546322.775, 1183514.466], [2546339.275, 1183496.356], [2546344.725, 1183499.226], [2546345.785, 1183499.806], [2546354.105, 1183504.335], [2546356.935, 1183498.625], [2546367.635, 1183501.385], [2546374.675, 1183505.515]]]}, "properties": {"OBJECTID": 52003697, "NUMERO": "258", "EGRID": "CH369783451765", "NO_COM_FED": 5939, "GENRE_TXT": "parcelle priv\u00e9e", "SUPERFICIE_MO": 1761, "SUPERFICIE_RF": 1758}}, {"type": "Feature", "id": 52003789, "geometry": {"type": "Polygon", "coordinates": [[[2547430.012, 1182946.85], [2547403.1890000002, 1182974.801], [2547390.31, 1182987.722], [2547378.41, 1182999.702], [2547346.732, 1182968.46], [2547351.046, 1182964.041], [2547361.364, 1182974.115], [2547381.479, 1182953.512], [2547397.009, 1182937.101], [2547405.299, 1182928.291], [2547407.944, 1182925.48], [2547430.012, 1182946.85]]]}, "properties": {"OBJECTID": 52003789, "NUMERO": "2654", "EGRID": "CH398395004505", "NO_COM_FED": 5939, "GENRE_TXT": "parcelle priv\u00e9e", "SUPERFICIE_MO": 2331, "SUPERFICIE_RF": 2332}}, {"type": "Feature", "id": 52003832, "geometry": {"type": "Polygon", "coordinates": [[[2547111.497, 1183639.398], [2547131.155, 1183630.446], [2547155.985, 1183619.155], [2547158.795, 1183617.865], [2547215.254, 1183592.444], [2547234.5439999998, 1183584.183], [2547237.434, 1183583.183], [2547244.104, 1183580.663], [2547259.474, 1183573.633], [2547281.043, 1183563.742], [2547302.103, 1183554.132], [2547389.212, 1183514.89], [2547397.062, 1183511.69], [2547510.81, 1183465.887], [2547512.83, 1183470.947], [2547391.382, 1183519.95], [2547304.363, 1183558.972], [2547236.854, 1183589.293], [2547160.585, 1183623.635], [2547082.826, 1183658.527], [2547078.2060000002, 1183648.347], [2547083.376, 1183650.757], [2547088.266, 1183649.977], [2547111.497, 1183639.398]]]}, "properties": {"OBJECTID": 52003832, "NUMERO": "DP 1010", "EGRID": "CH509745848360", "NO_COM_FED": 5939, "GENRE_TXT": "DP communal", "SUPERFICIE_MO": 2622, "SUPERFICIE_RF": null}}, {"type": "Feature", "id": 52004347, "geometry": {"type": "Polygon", "coordinates": [[[2547149.374, 1183028.459], [2547133.914, 1183012.949], [2547154.704, 1182996.2280000001], [2547155.374, 1182995.688], [2547169.874, 1183015.788], [2547154.594, 1183030.888], [2547150.5640000002, 1183027.168], [2547149.374, 1183028.459]]]}, "properties": {"OBJECTID": 52004347, "NUMERO": "2526", "EGRID": "CH609745378370", "NO_COM_FED": 5939, "GENRE_TXT": "parcelle priv\u00e9e", "SUPERFICIE_MO": 651, "SUPERFICIE_RF": 651}}, {"type": "Feature", "id": 52004465, "geometry": {"type": "Polygon", "coordinates": [[[2547555.539, 1183251.818], [2547551.409, 1183243.7280000001], [2547579.819, 1183233.4070000001], [2547581.719, 1183237.067], [2547557.909, 1183245.668], [2547555.539, 1183251.818]]]}, "properties": {"OBJECTID": 52004465, "NUMERO": "1483", "EGRID": "CH898397304518", "NO_COM_FED": 5939, "GENRE_TXT": "parcelle priv\u00e9e", "SUPERFICIE_MO": 135, "SUPERFICIE_RF": 134}}, {"type": "Feature", "id": 52004865, "geometry": {"type": "Polygon", "coordinates": [[[2547135.343, 1182981.97], [2547124.097, 1182966.015], [2547142.356, 1182953.106], [2547153.65, 1182969.284], [2547141.394, 1182977.769], [2547139.344, 1182979.189], [2547135.343, 1182981.97]]]}, "properties": {"OBJECTID": 52004865, "NUMERO": "2663", "EGRID": "CH229643834586", "NO_COM_FED": 5939, "GENRE_TXT": "parcelle priv\u00e9e", "SUPERFICIE_MO": 438, "SUPERFICIE_RF": 438}}, {"type": "Feature", "id": 52004907, "geometry": {"type": "Polygon", "coordinates": [[[2547712.684, 1182997.293], [2547694.704, 1182981.873], [2547727.343, 1182944.302], [2547745.173, 1182959.742], [2547712.684, 1182997.293]]]}, "properties": {"OBJECTID": 52004907, "NUMERO": "2162", "EGRID": "CH314587839792", "NO_COM_FED": 5939, "GENRE_TXT": "parcelle priv\u00e9e", "SUPERFICIE_MO": 1175, "SUPERFICIE_RF": 1178}}, {"type": "Feature", "id": 52005082, "geometry": {"type": "Polygon", "coordinates": [[[2546765.77, 1183430.586], [2546768.11, 1183434.936], [2546771.8, 1183441.815], [2546774.76, 1183440.105], [2546779.44, 1183446.715], [2546785.92, 1183455.795], [2546786.5, 1183456.645], [2546788.5, 1183459.475], [2546788.99, 1183460.155], [2546789.16, 1183460.345], [2546784.28, 1183463.005], [2546783.21, 1183463.585], [2546778.37, 1183466.105], [2546787.26, 1183478.985], [2546776.754, 1183485.849], [2546765.652, 1183460.876], [2546753.599, 1183439.767], [2546765.77, 1183430.586]]]}, "properties": {"OBJECTID": 52005082, "NUMERO": "210", "EGRID": "CH468683456487", "NO_COM_FED": 5939, "GENRE_TXT": "parcelle priv\u00e9e", "SUPERFICIE_MO": 833, "SUPERFICIE_RF": 833}}, {"type": "Feature", "id": 52005537, "geometry": {"type": "Polygon", "coordinates": [[[2546898.455, 1183324.173], [2546913.695, 1183338.497], [2546914.344806856, 1183338.9010504028], [2546915.053218268, 1183339.1902889714], [2546915.8001300036, 1183339.356507313], [2546916.5643452187, 1183339.3949882644], [2546917.3241760065, 1183339.3046397625], [2546918.058058889, 1183339.0880258363], [2546918.7451667706, 1183338.7512938406], [2546919.366, 1183338.304], [2546931.884, 1183324.826], [2546934.929, 1183322.771], [2546904.858, 1183355.663], [2546895.24, 1183366.209], [2546896.483, 1183362.973], [2546909.838, 1183348.563], [2546910.2316761767, 1183348.074764715], [2546910.5434756284, 1183347.5305811728], [2546910.765603258, 1183346.9440541556], [2546910.892505795, 1183346.3298470476], [2546910.9210106325, 1183345.7033152448], [2546910.850405138, 1183345.080122265], [2546910.6824544743, 1183344.4758481549], [2546910.421357468, 1183343.9055999818], [2546910.0736416364, 1183343.383634153], [2546909.648, 1183342.923], [2546821.227, 1183259.819], [2546825.336, 1183255.447], [2546842.35, 1183271.439], [2546870.039, 1183297.464], [2546898.455, 1183324.173]]]}, "properties": {"OBJECTID": 52005537, "NUMERO": "2625", "EGRID": "CH974591248342", "NO_COM_FED": 5939, "GENRE_TXT": "parcelle priv\u00e9e", "SUPERFICIE_MO": 818, "SUPERFICIE_RF": 818}}, {"type": "Feature", "id": 52005690, "geometry": {"type": "Polygon", "coordinates": [[[2547538.929, 1183219.508], [2547559.562, 1183212.148], [2547568.699, 1183208.887], [2547579.819, 1183233.4070000001], [2547551.409, 1183243.7280000001], [2547538.929, 1183219.508]]]}, "properties": {"OBJECTID": 52005690, "NUMERO": "2008", "EGRID": "CH698397824527", "NO_COM_FED": 5939, "GENRE_TXT": "parcelle priv\u00e9e", "SUPERFICIE_MO": 832, "SUPERFICIE_RF": 835}}, {"type": "Feature", "id": 52005923, "geometry": {"type": "Polygon", "coordinates": [[[2547573.9189999998, 1183200.417], [2547579.538, 1183198.477], [2547580.878, 1183202.317], [2547575.819, 1183204.197], [2547573.9189999998, 1183200.417]]]}, "properties": {"OBJECTID": 52005923, "NUMERO": "2087", "EGRID": "CH582283459734", "NO_COM_FED": 5939, "GENRE_TXT": "parcelle priv\u00e9e", "SUPERFICIE_MO": 23, "SUPERFICIE_RF": 23}}, {"type": "Feature", "id": 52007425, "geometry": {"type": "Polygon", "coordinates": [[[2547585.678, 1183168.477], [2547594.618, 1183192.937], [2547579.538, 1183198.477], [2547573.9189999998, 1183200.417], [2547560.369, 1183174.448], [2547577.478, 1183168.3969999999], [2547579.828, 1183167.607], [2547584.918, 1183166.247], [2547585.678, 1183168.477]]]}, "properties": {"OBJECTID": 52007425, "NUMERO": "1715", "EGRID": "CH229713834538", "NO_COM_FED": 5939, "GENRE_TXT": "parcelle priv\u00e9e", "SUPERFICIE_MO": 692, "SUPERFICIE_RF": 692}}, {"type": "Feature", "id": 52007515, "geometry": {"type": "Polygon", "coordinates": [[[2547102.425, 1182981.34], [2547089.335, 1182968.25], [2547084.555, 1182963.3], [2547106.654, 1182944.449], [2547109.554, 1182941.949], [2547117.82, 1182934.983], [2547119.984, 1182933.159], [2547119.184, 1182932.069], [2547122.118, 1182929.402], [2547138.483, 1182949.108], [2547144.108, 1182945.098], [2547147.334, 1182949.671], [2547158.853, 1182941.628], [2547161.523, 1182939.688], [2547169.753, 1182958.138], [2547169.333, 1182958.428], [2547153.65, 1182969.284], [2547142.356, 1182953.106], [2547124.097, 1182966.015], [2547102.425, 1182981.34]]]}, "properties": {"OBJECTID": 52007515, "NUMERO": "2664", "EGRID": "CH214543839638", "NO_COM_FED": 5939, "GENRE_TXT": "parcelle priv\u00e9e", "SUPERFICIE_MO": 1826, "SUPERFICIE_RF": 1828}}, {"type": "Feature", "id": 52008269, "geometry": {"type": "Polygon", "coordinates": [[[2547106.926, 1183427.487], [2547116.625, 1183442.8969999999], [2547116.1012854865, 1183442.250347471], [2547115.478428836, 1183441.6985449903], [2547114.773364037, 1183441.2565947517], [2547114.0052601197, 1183440.936512329], [2547113.195, 1183440.747], [2547112.345748687, 1183440.6933145109], [2547111.499541586, 1183440.7829998822], [2547110.6804106846, 1183441.0135090805], [2547109.911619017, 1183441.3782957245], [2547109.215, 1183441.867], [2547102.1859999998, 1183447.727], [2547073.656, 1183483.138], [2547057.616, 1183503.118], [2547029.807, 1183536.719], [2547026.447, 1183545.049], [2547013.877, 1183530.249], [2547019.787, 1183532.579], [2547026.757, 1183531.069], [2547052.916, 1183499.7280000001], [2547081.126, 1183464.488], [2547083.286, 1183461.828], [2547103.136, 1183437.067], [2547105.676, 1183430.587], [2547106.926, 1183427.487]]]}, "properties": {"OBJECTID": 52008269, "NUMERO": "DP 1011", "EGRID": "CH538397450519", "NO_COM_FED": 5939, "GENRE_TXT": "DP communal", "SUPERFICIE_MO": 907, "SUPERFICIE_RF": null}}, {"type": "Feature", "id": 52008394, "geometry": {"type": "Polygon", "coordinates": [[[2547053.766, 1183349.179], [2547027.217, 1183368.56], [2547027.047, 1183368.68], [2547015.149, 1183354.148], [2547005.637, 1183342.53], [2547010.797, 1183338.41], [2547017.337, 1183333.2], [2547021.137, 1183330.24], [2547024.036, 1183334.39], [2547024.636, 1183333.99], [2547027.826, 1183331.87], [2547043.066, 1183321.75], [2547047.096, 1183331.179], [2547051.726, 1183334.009], [2547054.406, 1183340.259], [2547050.366, 1183341.959], [2547050.836, 1183346.169], [2547053.766, 1183349.179]]]}, "properties": {"OBJECTID": 52008394, "NUMERO": "2117", "EGRID": "CH869783455452", "NO_COM_FED": 5939, "GENRE_TXT": "parcelle priv\u00e9e", "SUPERFICIE_MO": 1222, "SUPERFICIE_RF": 1224}}, {"type": "Feature", "id": 52008633, "geometry": {"type": "Polygon", "coordinates": [[[2546335.261, 1183685.234], [2546334.672, 1183683.545], [2546352.914, 1183666.341], [2546355.259351016, 1183663.8285336872], [2546357.176423834, 1183660.9758174072], [2546358.6166646867, 1183657.8551020008], [2546359.5435965466, 1183654.5454259305], [2546359.933742979, 1183651.1306134725], [2546359.777222732, 1183647.6971516954], [2546359.078, 1183644.332], [2546338.841, 1183585.081], [2546337.384, 1183582.437], [2546336.533, 1183580.623], [2546332.12, 1183567.872], [2546293.846, 1183566.483], [2546293.28, 1183564.86], [2546295.246, 1183564.687], [2546330.386, 1183565.996], [2546333.516, 1183568.285], [2546341.466, 1183590.475], [2546351.076, 1183618.225], [2546363.176, 1183653.184], [2546357.776, 1183662.684], [2546336.816, 1183683.905], [2546335.261, 1183685.234]]]}, "properties": {"OBJECTID": 52008633, "NUMERO": "2653", "EGRID": "CH651283964524", "NO_COM_FED": 5939, "GENRE_TXT": "parcelle priv\u00e9e", "SUPERFICIE_MO": 220, "SUPERFICIE_RF": 243}}, {"type": "Feature", "id": 52009671, "geometry": {"type": "Polygon", "coordinates": [[[2546914.744, 1183050.923], [2546915.268, 1183051.604], [2546916.826, 1183050.041], [2546933.446, 1183067.269], [2546932.446, 1183068.234], [2546910.041, 1183089.863], [2546892.895, 1183072.429], [2546894.225, 1183071.12], [2546914.744, 1183050.923]]]}, "properties": {"OBJECTID": 52009671, "NUMERO": "2682", "EGRID": "CH914577830867", "NO_COM_FED": 5939, "GENRE_TXT": "parcelle priv\u00e9e", "SUPERFICIE_MO": 802, "SUPERFICIE_RF": 801}}, {"type": "Feature", "id": 52009914, "geometry": {"type": "Polygon", "coordinates": [[[2546610.963, 1183648.168], [2546635.912, 1183642.448], [2546656.642, 1183637.717], [2546661.682, 1183630.427], [2546658.382, 1183602.8969999999], [2546657.392, 1183594.977], [2546653.452, 1183563.868], [2546652.802, 1183558.438], [2546649.592, 1183533.278], [2546654.312, 1183531.268], [2546668.122, 1183641.197], [2546664.922, 1183641.917], [2546634.852, 1183648.818], [2546607.273, 1183655.158], [2546596.893, 1183657.588], [2546589.443, 1183663.059], [2546582.933, 1183647.159], [2546592.923, 1183652.259], [2546610.963, 1183648.168]]]}, "properties": {"OBJECTID": 52009914, "NUMERO": "DP 1044", "EGRID": "CH628663834540", "NO_COM_FED": 5939, "GENRE_TXT": "DP communal", "SUPERFICIE_MO": 1072, "SUPERFICIE_RF": null}}, {"type": "Feature", "id": 52009956, "geometry": {"type": "Polygon", "coordinates": [[[2546856.657, 1182914.967], [2546850.312, 1182909.249], [2546830.727, 1182895.008], [2546832.617, 1182892.758], [2546889.6859999998, 1182826.377], [2546925.076, 1182844.345], [2546858.727, 1182912.777], [2546856.657, 1182914.967]]]}, "properties": {"OBJECTID": 52009956, "NUMERO": "1339", "EGRID": "CH669783453938", "NO_COM_FED": 5939, "GENRE_TXT": "parcelle priv\u00e9e", "SUPERFICIE_MO": 3331, "SUPERFICIE_RF": 3330}}, {"type": "Feature", "id": 52010636, "geometry": {"type": "Polygon", "coordinates": [[[2547155.374, 1182995.688], [2547177.333, 1182978.028], [2547186.093, 1182999.507], [2547169.874, 1183015.788], [2547155.374, 1182995.688]]]}, "properties": {"OBJECTID": 52010636, "NUMERO": "2528", "EGRID": "CH569783453774", "NO_COM_FED": 5939, "GENRE_TXT": "parcelle priv\u00e9e", "SUPERFICIE_MO": 594, "SUPERFICIE_RF": 594}}, {"type": "Feature", "id": 52011474, "geometry": {"type": "Polygon", "coordinates": [[[2545955.8109999998, 1183906.783], [2545922.871, 1183878.164], [2545765.003, 1184015.517], [2545761.853, 1184011.167], [2545751.013, 1183996.828], [2545705.823, 1184038.309], [2545722.323, 1184053.698], [2545739.343, 1184069.377], [2545751.773, 1184080.847], [2545764.513, 1184090.537], [2545779.613, 1184101.876], [2545799.503, 1184116.835], [2545734.004, 1184111.487], [2545732.014, 1184109.777], [2545709.104, 1184086.4780000001], [2545699.333, 1184073.699], [2545694.223, 1184059.009], [2545690.263, 1184047.309], [2545683.273, 1184038.409], [2545674.883, 1184028.72], [2545663.373, 1184017.74], [2545650.393, 1184008.87], [2545635.653, 1184000.521], [2545623.863, 1183992.601], [2545616.993, 1183980.931], [2545612.653, 1183968.242], [2545607.223, 1183956.262], [2545600.843, 1183940.5320000001], [2545597.433, 1183924.062], [2545594.112, 1183903.173], [2545591.122, 1183889.463], [2545586.892, 1183879.363], [2545579.732, 1183868.533], [2545572.032, 1183858.854], [2545552.672, 1183836.834], [2545545.142, 1183827.395], [2545538.272, 1183817.215], [2545533.432, 1183806.025], [2545531.572, 1183793.725], [2545532.231, 1183780.895], [2545532.281, 1183767.385], [2545522.5810000002, 1183733.466], [2545529.781, 1183729.586], [2545548.961, 1183729.005], [2545586.901, 1183723.944], [2545618.83, 1183714.443], [2545656.41, 1183695.5929999999], [2545668.09, 1183687.7719999999], [2545725.51, 1183693.441], [2545725.01, 1183697.761], [2545787.22, 1183703.249], [2545855.239, 1183705.507], [2545949.159, 1183710.155], [2546044.198, 1183714.612], [2546130.688, 1183718.45], [2546154.248, 1183719.529], [2546191.378, 1183784.698], [2546167.059, 1183805.188], [2546152.4189999998, 1183819.168], [2546138.829, 1183834.089], [2546080.33, 1183913.63], [2546037.891, 1183971.42], [2546031.381, 1183972.1], [2545955.8109999998, 1183906.783]]]}, "properties": {"OBJECTID": 52011474, "NUMERO": "1781", "EGRID": "CH657083974507", "NO_COM_FED": 5939, "GENRE_TXT": "parcelle priv\u00e9e", "SUPERFICIE_MO": 148779, "SUPERFICIE_RF": 148922}}, {"type": "Feature", "id": 52011582, "geometry": {"type": "Polygon", "coordinates": [[[2547570.395, 1182858.266], [2547602.244, 1182824.975], [2547623.154, 1182844.875], [2547594.955, 1182874.206], [2547583.755, 1182866.876], [2547570.395, 1182858.266]]]}, "properties": {"OBJECTID": 52011582, "NUMERO": "1866", "EGRID": "CH756583864544", "NO_COM_FED": 5939, "GENRE_TXT": "parcelle priv\u00e9e", "SUPERFICIE_MO": 1249, "SUPERFICIE_RF": 1254}}, {"type": "Feature", "id": 52012936, "geometry": {"type": "Polygon", "coordinates": [[[2547041.756, 1183230.31], [2547042.2361190733, 1183229.6746123685], [2547042.8180654217, 1183229.130948672], [2547043.4846053454, 1183228.6951089113], [2547044.216, 1183228.38], [2547064.036, 1183226.7], [2547085.585, 1183233.889], [2547089.665, 1183235.269], [2547072.606, 1183248.889], [2547068.366, 1183251.699], [2547055.356, 1183259.19], [2547054.266, 1183259.33], [2547051.676, 1183259.4], [2547042.116, 1183242.98], [2547041.286, 1183235.62], [2547041.056, 1183232.54], [2547041.1611370756, 1183231.76039268], [2547041.39673751, 1183231.0098370104], [2547041.756, 1183230.31]], [[2547046.6859999998, 1183234.8], [2547043.516, 1183235.08], [2547044.216, 1183243], [2547047.376, 1183242.55], [2547047.676, 1183245.06], [2547066.486, 1183243.229], [2547068.776, 1183239.319], [2547068.256, 1183234.099], [2547065.346, 1183230.57], [2547046.446, 1183232.35], [2547046.6859999998, 1183234.8]]]}, "properties": {"OBJECTID": 52012936, "NUMERO": "1661", "EGRID": "CH289783459751", "NO_COM_FED": 5939, "GENRE_TXT": "parcelle priv\u00e9e", "SUPERFICIE_MO": 677, "SUPERFICIE_RF": 680}}, {"type": "Feature", "id": 52013043, "geometry": {"type": "Polygon", "coordinates": [[[2547608.485, 1182882.975], [2547594.955, 1182874.206], [2547623.154, 1182844.875], [2547640.384, 1182861.265], [2547616.915, 1182885.685], [2547610.155, 1182880.955], [2547608.485, 1182882.975]]]}, "properties": {"OBJECTID": 52013043, "NUMERO": "1388", "EGRID": "CH238397450821", "NO_COM_FED": 5939, "GENRE_TXT": "parcelle priv\u00e9e", "SUPERFICIE_MO": 894, "SUPERFICIE_RF": 878}}, {"type": "Feature", "id": 52013867, "geometry": {"type": "Polygon", "coordinates": [[[2547418.251, 1183131.411], [2547423.8310000002, 1183136.881], [2547416.111, 1183144.691], [2547415.901, 1183144.911], [2547415.281, 1183145.521], [2547407.821, 1183153.132], [2547407.0810000002, 1183153.842], [2547405.841, 1183155.062], [2547402.201, 1183158.872], [2547396.661, 1183153.402], [2547399.881, 1183149.992], [2547400.091, 1183149.7820000001], [2547408.261, 1183141.502], [2547411.571, 1183138.212], [2547418.251, 1183131.411]]]}, "properties": {"OBJECTID": 52013867, "NUMERO": "2023", "EGRID": "CH714560838616", "NO_COM_FED": 5939, "GENRE_TXT": "parcelle priv\u00e9e", "SUPERFICIE_MO": 241, "SUPERFICIE_RF": 240}}, {"type": "Feature", "id": 52013927, "geometry": {"type": "Polygon", "coordinates": [[[2546893.038, 1183412.473], [2546887.918, 1183415.993], [2546884.079, 1183416.763], [2546876.039, 1183423.8530000001], [2546874.6689999998, 1183425.333], [2546869.059, 1183431.043], [2546864.049, 1183426.483], [2546863.389, 1183427.1030000001], [2546858.969, 1183422.763], [2546858.639, 1183423.063], [2546856.149, 1183420.714], [2546880.4189999998, 1183394.873], [2546886.608, 1183395.983], [2546888.008, 1183399.083], [2546893.038, 1183412.473]]]}, "properties": {"OBJECTID": 52013927, "NUMERO": "216", "EGRID": "CH438394458894", "NO_COM_FED": 5939, "GENRE_TXT": "parcelle priv\u00e9e", "SUPERFICIE_MO": 638, "SUPERFICIE_RF": 639}}, {"type": "Feature", "id": 52014439, "geometry": {"type": "Polygon", "coordinates": [[[2545758.233, 1182967.686], [2545753.023, 1182969.896], [2545747.303, 1182970.486], [2545738.723, 1182967.756], [2545734.543, 1182967.056], [2545722.933, 1182967.567], [2545716.143, 1182964.947], [2545718.723, 1182970.127], [2545709.903, 1182968.857], [2545710.183, 1182965.137], [2545708.543, 1182964.837], [2545707.053, 1182964.137], [2545705.763, 1182965.637], [2545699.693, 1182966.357], [2545698.733, 1182963.697], [2545691.043, 1182964.037], [2545685.873, 1182963.778], [2545684.983, 1182961.438], [2545685.573, 1182959.318], [2545684.833, 1182958.578], [2545681.143, 1182959.538], [2545678.793, 1182962.768], [2545676.083, 1182964.428], [2545672.843, 1182962.028], [2545667.543, 1182964.188], [2545665.003, 1182959.608], [2545663.833, 1182959.658], [2545660.373, 1182963.298], [2545659.973, 1182964.4780000001], [2545661.253, 1182968.788], [2545655.893, 1182973.908], [2545648.843, 1182974.069], [2545643.563, 1182967.309], [2545640.273, 1182961.279], [2545639.163, 1182954.009], [2545634.753, 1182955.499], [2545627.673, 1182952.569], [2545620.663, 1182953.099], [2545616.983, 1182952.03], [2545614.883, 1182948.08], [2545613.063, 1182947.89], [2545608.603, 1182951.89], [2545602.933, 1182951.14], [2545598.993, 1182950.22], [2545591.383, 1182951.03], [2545585.293, 1182947.09], [2545576.353, 1182945.101], [2545574.303, 1182948.021], [2545566.843, 1182948.231], [2545563.263, 1182944.871], [2545559.873, 1182944.421], [2545555.373, 1182946.801], [2545551.203, 1182948.231], [2545548.323, 1182944.702], [2545536.364, 1182943.912], [2545513.074, 1182945.122], [2545511.014, 1182944.993], [2545510.914, 1182943.583], [2545513.114, 1182943.7820000001], [2545536.224, 1182943.042], [2545549.183, 1182943.871], [2545551.583, 1182947.001], [2545555.063, 1182945.941], [2545559.923, 1182943.301], [2545563.813, 1182943.761], [2545567.123, 1182947.101], [2545573.393, 1182946.931], [2545575.603, 1182943.971], [2545585.993, 1182946.36], [2545592.283, 1182949.82], [2545603.833, 1182947.96], [2545607.073, 1182950.29], [2545612.563, 1182946.45], [2545616.583, 1182946.74], [2545618.333, 1182950.36], [2545620.853, 1182951.719], [2545627.293, 1182951.389], [2545634.513, 1182954.049], [2545639.203, 1182952.469], [2545640.993, 1182953.779], [2545642.143, 1182960.669], [2545649.923, 1182972.469], [2545655.173, 1182972.268], [2545659.533, 1182967.888], [2545658.163, 1182963.558], [2545658.673, 1182962.128], [2545661.113, 1182960.888], [2545663.503, 1182958.648], [2545665.643, 1182958.588], [2545668.463, 1182962.398], [2545673.373, 1182960.768], [2545676.043, 1182963.028], [2545677.923, 1182961.768], [2545680.443, 1182958.078], [2545685.193, 1182957.288], [2545687.013, 1182958.858], [2545686.473, 1182961.858], [2545691.273, 1182962.488], [2545696.683, 1182962.057], [2545700.163, 1182962.737], [2545700.863, 1182964.787], [2545704.773, 1182964.297], [2545706.873, 1182962.497], [2545709.133, 1182963.717], [2545711.443, 1182965.077], [2545711.313, 1182967.607], [2545716.303, 1182968.357], [2545713.463, 1182962.437], [2545723.163, 1182966.327], [2545734.553, 1182965.936], [2545738.703, 1182966.526], [2545743.573, 1182968.136], [2545747.603, 1182969.526], [2545752.843, 1182968.996], [2545757.833, 1182966.756], [2545758.233, 1182967.686]]]}, "properties": {"OBJECTID": 52014439, "NUMERO": "DP 1067", "EGRID": "CH274598798352", "NO_COM_FED": 5939, "GENRE_TXT": "DP cantonal", "SUPERFICIE_MO": 418, "SUPERFICIE_RF": null}}, {"type": "Feature", "id": 52014445, "geometry": {"type": "Polygon", "coordinates": [[[2547125.735, 1183238.438], [2547122.485, 1183238.508], [2547121.665, 1183238.578], [2547118.355, 1183238.558], [2547114.085, 1183237.108], [2547104.805, 1183233.819], [2547101.945, 1183232.799], [2547097.215, 1183231.139], [2547096.095, 1183230.719], [2547095.725, 1183230.599], [2547064.026, 1183216.06], [2547085.335, 1183192.959], [2547077.266, 1183183.329], [2547093.355, 1183166.389], [2547103.395, 1183178.979], [2547128.985, 1183210.958], [2547132.765, 1183215.668], [2547137.015, 1183222.178], [2547133.615, 1183226.678], [2547128.355, 1183234.508], [2547128.815, 1183234.828], [2547125.735, 1183238.438]]]}, "properties": {"OBJECTID": 52014445, "NUMERO": "110", "EGRID": "CH214530839757", "NO_COM_FED": 5939, "GENRE_TXT": "parcelle priv\u00e9e", "SUPERFICIE_MO": 2633, "SUPERFICIE_RF": 2635}}, {"type": "Feature", "id": 52014554, "geometry": {"type": "Polygon", "coordinates": [[[2546345.85, 1182988.77], [2546387.7, 1182973.149], [2546463.259, 1182944.6469999999], [2546539.979, 1182915.835], [2546545.539, 1182919.025], [2546557.139, 1182990.044], [2546569, 1183061.003], [2546580.86, 1183134.612], [2546577.251, 1183141.372], [2546499.501, 1183170.754], [2546422.732, 1183199.666], [2546384.351, 1183094.458], [2546345.85, 1182988.77]]]}, "properties": {"OBJECTID": 52014554, "NUMERO": "620", "EGRID": "CH855483974580", "NO_COM_FED": 5939, "GENRE_TXT": "parcelle priv\u00e9e", "SUPERFICIE_MO": 42875, "SUPERFICIE_RF": 42861}}, {"type": "Feature", "id": 52014976, "geometry": {"type": "Polygon", "coordinates": [[[2547508.79, 1183293.398], [2547493.23, 1183260.109], [2547518.07, 1183250.768], [2547543.549, 1183241.388], [2547562.769, 1183278.697], [2547555.739, 1183275.957], [2547534.629, 1183283.7179999999], [2547508.79, 1183293.398]]]}, "properties": {"OBJECTID": 52014976, "NUMERO": "1685", "EGRID": "CH469783455293", "NO_COM_FED": 5939, "GENRE_TXT": "parcelle priv\u00e9e", "SUPERFICIE_MO": 2006, "SUPERFICIE_RF": 2010}}, {"type": "Feature", "id": 52015023, "geometry": {"type": "Polygon", "coordinates": [[[2546400.605, 1183558.374], [2546354.256, 1183557.525], [2546356.485, 1183550.065], [2546359.815, 1183549.495], [2546366.395, 1183548.385], [2546372.915, 1183545.215], [2546383.695, 1183536.934], [2546387.565, 1183533.884], [2546390.265, 1183531.774], [2546393.375, 1183545.064], [2546400.605, 1183558.374]]]}, "properties": {"OBJECTID": 52015023, "NUMERO": "253", "EGRID": "CH538386456657", "NO_COM_FED": 5939, "GENRE_TXT": "parcelle priv\u00e9e", "SUPERFICIE_MO": 611, "SUPERFICIE_RF": 611}}, {"type": "Feature", "id": 52016714, "geometry": {"type": "Polygon", "coordinates": [[[2547628.185, 1182905.265], [2547592.246, 1182946.566], [2547571.886, 1182923.417], [2547571.216, 1182922.667], [2547602.515, 1182892.656], [2547604.215, 1182889.656], [2547628.185, 1182905.265]]]}, "properties": {"OBJECTID": 52016714, "NUMERO": "2171", "EGRID": "CH238386456662", "NO_COM_FED": 5939, "GENRE_TXT": "parcelle priv\u00e9e", "SUPERFICIE_MO": 1495, "SUPERFICIE_RF": 1497}}, {"type": "Feature", "id": 52016851, "geometry": {"type": "Polygon", "coordinates": [[[2546783.0810000002, 1183244.921], [2546778.124, 1183250.195], [2546773.167, 1183255.4679999999], [2546771.96, 1183256.753], [2546768.8109999998, 1183253.813], [2546779.35, 1183242.615], [2546776.199, 1183239.65], [2546767.45, 1183231.416], [2546761.151, 1183225.488], [2546766.718, 1183219.565], [2546788.06, 1183239.624], [2546783.0810000002, 1183244.921]]]}, "properties": {"OBJECTID": 52016851, "NUMERO": "2629", "EGRID": "CH298392424537", "NO_COM_FED": 5939, "GENRE_TXT": "parcelle priv\u00e9e", "SUPERFICIE_MO": 304, "SUPERFICIE_RF": 304}}, {"type": "Feature", "id": 52017065, "geometry": {"type": "Polygon", "coordinates": [[[2546934.929, 1183322.771], [2546916.263, 1183305.227], [2546887.845, 1183278.518], [2546860.157, 1183252.492], [2546805.864, 1183201.463], [2546830.845, 1183174.885], [2546842.876, 1183186.193], [2546854.937, 1183198.183], [2546868.848, 1183214.044], [2546879.881, 1183227.127], [2546893.164, 1183243.658], [2546902.828, 1183258.196], [2546916.195, 1183280.4780000001], [2546925.175, 1183295.746], [2546934.929, 1183322.771]]]}, "properties": {"OBJECTID": 52017065, "NUMERO": "2624", "EGRID": "CH914524839173", "NO_COM_FED": 5939, "GENRE_TXT": "parcelle priv\u00e9e", "SUPERFICIE_MO": 4583, "SUPERFICIE_RF": 4582}}, {"type": "Feature", "id": 52018164, "geometry": {"type": "Polygon", "coordinates": [[[2547281.172, 1183049.225], [2547301.688, 1183069.4780000001], [2547301.522, 1183074.594], [2547289.576, 1183086.831], [2547266.593, 1183064.115], [2547281.172, 1183049.225]]]}, "properties": {"OBJECTID": 52018164, "NUMERO": "2512", "EGRID": "CH938398459575", "NO_COM_FED": 5939, "GENRE_TXT": "parcelle priv\u00e9e", "SUPERFICIE_MO": 667, "SUPERFICIE_RF": 668}}, {"type": "Feature", "id": 52019396, "geometry": {"type": "Polygon", "coordinates": [[[2547006.986, 1183160.991], [2547002.607, 1183150.371], [2547001.417, 1183141.963], [2547017.53, 1183137.098], [2547026.299, 1183149.634], [2547022.096, 1183152.451], [2547008.4359999998, 1183160.121], [2547007.506, 1183160.711], [2547006.986, 1183160.991]]]}, "properties": {"OBJECTID": 52019396, "NUMERO": "161", "EGRID": "CH869783454066", "NO_COM_FED": 5939, "GENRE_TXT": "parcelle priv\u00e9e", "SUPERFICIE_MO": 353, "SUPERFICIE_RF": 352}}, {"type": "Feature", "id": 52019618, "geometry": {"type": "Polygon", "coordinates": [[[2546162.88, 1182809.346], [2546102.069, 1182716.669], [2546041.329, 1182624.031], [2546101.029, 1182596.71], [2546184.388, 1182558.368], [2546248.618, 1182655.726], [2546312.679, 1182752.8530000001], [2546258.379, 1182773.304], [2546162.88, 1182809.346]]]}, "properties": {"OBJECTID": 52019618, "NUMERO": "651", "EGRID": "CH269783458630", "NO_COM_FED": 5939, "GENRE_TXT": "parcelle priv\u00e9e", "SUPERFICIE_MO": 35432, "SUPERFICIE_RF": 35444}}, {"type": "Feature", "id": 52019926, "geometry": {"type": "Polygon", "coordinates": [[[2547381.479, 1182953.512], [2547361.364, 1182974.115], [2547351.046, 1182964.041], [2547346.732, 1182968.46], [2547310.73, 1182932.954], [2547314.25, 1182931.364], [2547335.58, 1182908.133], [2547373.67, 1182945.652], [2547381.479, 1182953.512]]]}, "properties": {"OBJECTID": 52019926, "NUMERO": "124", "EGRID": "CH374586638377", "NO_COM_FED": 5939, "GENRE_TXT": "parcelle priv\u00e9e", "SUPERFICIE_MO": 2162, "SUPERFICIE_RF": 2162}}, {"type": "Feature", "id": 52020103, "geometry": {"type": "Polygon", "coordinates": [[[2546595.058, 1182896.474], [2546595.288, 1182889.334], [2546596.188, 1182883.234], [2546599.858, 1182890.374], [2546619.238, 1182900.433], [2546646.938, 1182914.572], [2546665.638, 1182924.162], [2546673.588, 1182922.882], [2546697.578, 1182898.331], [2546716.708, 1182878.751], [2546715.738, 1182872.891], [2546689.388, 1182859.392], [2546663.478, 1182846.173], [2546638.028, 1182832.903], [2546614.648, 1182820.954], [2546613.7829451533, 1182820.5888822575], [2546612.871153154, 1182820.3646810022], [2546611.9354198836, 1182820.2870015318], [2546610.9991397853, 1182820.357785925], [2546610.085720972, 1182820.5752644886], [2546609.218, 1182820.934], [2546608.431459615, 1182821.4150564005], [2546607.7288072864, 1182822.0119992308], [2546607.1269607334, 1182822.7104559327], [2546606.640410581, 1182823.4936098044], [2546606.280871469, 1182824.3426048954], [2546606.057, 1182825.237], [2546606.918, 1182819.994], [2546608.808, 1182808.334], [2546610.948, 1182812.324], [2546628.498, 1182821.294], [2546645.518, 1182830.113], [2546655.648, 1182835.263], [2546681.728, 1182848.662], [2546721.988, 1182869.351], [2546729.917, 1182868.021], [2546736.047, 1182861.79], [2546747.077, 1182850.64], [2546746.447, 1182844.2], [2546759.177, 1182853.03], [2546749.257, 1182854.13], [2546722.778, 1182881.151], [2546708.288, 1182895.961], [2546675.138, 1182929.841], [2546675.028, 1182931.591], [2546697.768, 1182943.421], [2546699.228, 1182943.171], [2546699.738, 1182946.131], [2546697.288, 1182946.551], [2546674.818, 1182934.901], [2546666.898, 1182929.162], [2546598.778, 1182894.344], [2546595.058, 1182896.474]]]}, "properties": {"OBJECTID": 52020103, "NUMERO": "DP 1226", "EGRID": "CH888983459862", "NO_COM_FED": 5939, "GENRE_TXT": "DP communal", "SUPERFICIE_MO": 1929, "SUPERFICIE_RF": null}}, {"type": "Feature", "id": 52020287, "geometry": {"type": "Polygon", "coordinates": [[[2547671.665, 1183027.344], [2547665.375, 1183022.294], [2547652.465, 1183011.425], [2547652.195, 1183008.505], [2547671.795, 1182985.834], [2547674.695, 1182983.954], [2547684.285, 1182983.304], [2547687.094, 1182979.874], [2547701.784, 1182992.5929999999], [2547671.665, 1183027.344]]]}, "properties": {"OBJECTID": 52020287, "NUMERO": "2164", "EGRID": "CH509745348316", "NO_COM_FED": 5939, "GENRE_TXT": "parcelle priv\u00e9e", "SUPERFICIE_MO": 1187, "SUPERFICIE_RF": 1184}}, {"type": "Feature", "id": 52022430, "geometry": {"type": "Polygon", "coordinates": [[[2546905.068, 1183572.761], [2546909.018, 1183577.431], [2546911.938, 1183580.991], [2546906.519, 1183612.771], [2546904.059, 1183613.501], [2546890.619, 1183616.892], [2546878.1890000002, 1183589.662], [2546886.829, 1183584.892], [2546905.068, 1183572.761]]]}, "properties": {"OBJECTID": 52022430, "NUMERO": "36", "EGRID": "CH174597108311", "NO_COM_FED": 5939, "GENRE_TXT": "parcelle priv\u00e9e", "SUPERFICIE_MO": 916, "SUPERFICIE_RF": 911}}, {"type": "Feature", "id": 52022684, "geometry": {"type": "Polygon", "coordinates": [[[2547013.877, 1183530.249], [2547026.447, 1183545.049], [2547032.927, 1183561.238], [2547033.747, 1183562.778], [2547038.467, 1183572.058], [2547031.367, 1183574.078], [2547022.347, 1183557.329], [2546999.497, 1183518.58], [2546995.917, 1183512.61], [2546983.467, 1183492], [2546982.347, 1183490.11], [2546976.467, 1183479.83], [2546963.918, 1183456.221], [2546973.777, 1183450.231], [2546970.157, 1183455.481], [2547013.877, 1183530.249]]]}, "properties": {"OBJECTID": 52022684, "NUMERO": "DP 1007", "EGRID": "CH169883458241", "NO_COM_FED": 5939, "GENRE_TXT": "DP communal", "SUPERFICIE_MO": 979, "SUPERFICIE_RF": null}}, {"type": "Feature", "id": 52022868, "geometry": {"type": "Polygon", "coordinates": [[[2547094.845, 1183151.219], [2547074.9560000002, 1183172.54], [2547070.846, 1183176.98], [2547068.9359999998, 1183178.99], [2547049.516, 1183200.03], [2547044.85, 1183194.623], [2547045.033, 1183181.084], [2547040.926, 1183174.223], [2547039.646, 1183170.483], [2547030.616, 1183155.443], [2547034.516, 1183152.421], [2547034.4560000002, 1183152.221], [2547039.786, 1183147.811], [2547041.9560000002, 1183145.991], [2547051.346, 1183138.49], [2547054.102, 1183141.779], [2547073.499, 1183125.586], [2547092.905, 1183148.959], [2547094.845, 1183151.219]]]}, "properties": {"OBJECTID": 52022868, "NUMERO": "2660", "EGRID": "CH869683450333", "NO_COM_FED": 5939, "GENRE_TXT": "parcelle priv\u00e9e", "SUPERFICIE_MO": 2287, "SUPERFICIE_RF": 2285}}, {"type": "Feature", "id": 52022909, "geometry": {"type": "Polygon", "coordinates": [[[2546645.302, 1183696.167], [2546667.892, 1183690.917], [2546674.172, 1183741.266], [2546651.632, 1183743.327], [2546650.822, 1183737.4070000001], [2546645.302, 1183696.167]]]}, "properties": {"OBJECTID": 52022909, "NUMERO": "2403", "EGRID": "CH488783459858", "NO_COM_FED": 5939, "GENRE_TXT": "parcelle priv\u00e9e", "SUPERFICIE_MO": 1124, "SUPERFICIE_RF": 1123}}, {"type": "Feature", "id": 52023043, "geometry": {"type": "Polygon", "coordinates": [[[2546536.047, 1182709.787], [2546540.737, 1182731.827], [2546547.568, 1182778.936], [2546555.228, 1182817.746], [2546561.308, 1182861.265], [2546561.268, 1182871.125], [2546565.638, 1182886.905], [2546580.819, 1182955.264], [2546584.049, 1182978.453], [2546585.249, 1183013.283], [2546586.819, 1183024.583], [2546595.91, 1183058.5320000001], [2546606.8, 1183113.7820000001], [2546609.86, 1183143.751], [2546613.591, 1183163.851], [2546618.591, 1183223.981], [2546624.701, 1183255.42], [2546629.132, 1183271.71], [2546619.822, 1183280.94], [2546614.592, 1183264.81], [2546604.401, 1183163.091], [2546599.87, 1183137.472], [2546599.16, 1183135.722], [2546585.29, 1183058.963], [2546578.059, 1183026.913], [2546575.259, 1183010.553], [2546574.429, 1182982.044], [2546571.9390000002, 1182960.344], [2546568.639, 1182940.044], [2546559.679, 1182908.275], [2546551.728, 1182872.915], [2546545.808, 1182820.676], [2546529.437, 1182720.3969999999], [2546527.917, 1182707.328], [2546526.787, 1182702.878], [2546521.767, 1182683.368], [2546535.767, 1182695.097], [2546535.837, 1182708.797], [2546536.047, 1182709.787]]]}, "properties": {"OBJECTID": 52023043, "NUMERO": "DP 1223", "EGRID": "CH774597308338", "NO_COM_FED": 5939, "GENRE_TXT": "DP cantonal", "SUPERFICIE_MO": 5762, "SUPERFICIE_RF": null}}, {"type": "Feature", "id": 52023325, "geometry": {"type": "Polygon", "coordinates": [[[2546912.848, 1183433.7719999999], [2546899.088, 1183418.212], [2546888.958, 1183395.203], [2546908.628, 1183402.462], [2546913.658, 1183402.162], [2546916.458, 1183406.5219999999], [2546919.668, 1183404.822], [2546933.148, 1183395.642], [2546936.208, 1183393.892], [2546940.028, 1183394.592], [2546947.158, 1183389.391], [2546950.918, 1183410.121], [2546932.308, 1183421.5219999999], [2546927.618, 1183424.382], [2546912.848, 1183433.7719999999]]]}, "properties": {"OBJECTID": 52023325, "NUMERO": "221", "EGRID": "CH129883834594", "NO_COM_FED": 5939, "GENRE_TXT": "parcelle priv\u00e9e", "SUPERFICIE_MO": 1331, "SUPERFICIE_RF": 1333}}, {"type": "Feature", "id": 52024282, "geometry": {"type": "Polygon", "coordinates": [[[2546663.978, 1182881.202], [2546649.398, 1182873.703], [2546663.478, 1182846.173], [2546689.388, 1182859.392], [2546675.318, 1182886.962], [2546663.978, 1182881.202]]]}, "properties": {"OBJECTID": 52024282, "NUMERO": "1878", "EGRID": "CH174597888368", "NO_COM_FED": 5939, "GENRE_TXT": "parcelle priv\u00e9e", "SUPERFICIE_MO": 901, "SUPERFICIE_RF": 897}}, {"type": "Feature", "id": 52024922, "geometry": {"type": "Polygon", "coordinates": [[[2547172.173, 1182945.318], [2547165.073, 1182930.418], [2547151.163, 1182904.958], [2547154.543, 1182901.768], [2547169.182, 1182888.188], [2547178.682, 1182879.437], [2547195.712, 1182923.527], [2547172.173, 1182945.318]]]}, "properties": {"OBJECTID": 52024922, "NUMERO": "1689", "EGRID": "CH458083974596", "NO_COM_FED": 5939, "GENRE_TXT": "parcelle priv\u00e9e", "SUPERFICIE_MO": 1516, "SUPERFICIE_RF": 1514}}, {"type": "Feature", "id": 52025110, "geometry": {"type": "Polygon", "coordinates": [[[2546699.228, 1182943.171], [2546700.608, 1182942.931], [2546725.448, 1182917.62], [2546751.348, 1182943.479], [2546732.228, 1182962.97], [2546699.738, 1182946.131], [2546699.228, 1182943.171]]]}, "properties": {"OBJECTID": 52025110, "NUMERO": "2191", "EGRID": "CH929777834597", "NO_COM_FED": 5939, "GENRE_TXT": "parcelle priv\u00e9e", "SUPERFICIE_MO": 1210, "SUPERFICIE_RF": 1210}}, {"type": "Feature", "id": 52025708, "geometry": {"type": "Polygon", "coordinates": [[[2546991.806, 1182917.473], [2547028.315, 1182888.942], [2547040.835, 1182905.101], [2547043.895, 1182909.001], [2547053.515, 1182921.231], [2547059.105, 1182928.441], [2547023.816, 1182958.422], [2546991.806, 1182917.473]]]}, "properties": {"OBJECTID": 52025708, "NUMERO": "175", "EGRID": "CH558983974513", "NO_COM_FED": 5939, "GENRE_TXT": "parcelle priv\u00e9e", "SUPERFICIE_MO": 2362, "SUPERFICIE_RF": 2366}}, {"type": "Feature", "id": 52025857, "geometry": {"type": "Polygon", "coordinates": [[[2545624.51, 1183652.504], [2545625.65, 1183650.464], [2545641.379, 1183622.324], [2545642.809, 1183623.394], [2545687.748, 1183542.723], [2545693.988, 1183541.243], [2545755.039, 1183589.721], [2545810.179, 1183633.569], [2545821.929, 1183641.119], [2545842.629, 1183646.7179999999], [2545807.739, 1183647.799], [2545728.079, 1183653.001], [2545647.97, 1183655.8530000001], [2545624.51, 1183652.504]]]}, "properties": {"OBJECTID": 52025857, "NUMERO": "329", "EGRID": "CH238398458334", "NO_COM_FED": 5939, "GENRE_TXT": "parcelle priv\u00e9e", "SUPERFICIE_MO": 11872, "SUPERFICIE_RF": 11892}}, {"type": "Feature", "id": 52026236, "geometry": {"type": "Polygon", "coordinates": [[[2547225.0439999998, 1183556.234], [2547234.5439999998, 1183584.183], [2547215.254, 1183592.444], [2547207.784, 1183571.874], [2547204.654, 1183563.434], [2547225.0439999998, 1183556.234]]]}, "properties": {"OBJECTID": 52026236, "NUMERO": "74", "EGRID": "CH414517839709", "NO_COM_FED": 5939, "GENRE_TXT": "parcelle priv\u00e9e", "SUPERFICIE_MO": 642, "SUPERFICIE_RF": 642}}, {"type": "Feature", "id": 52027364, "geometry": {"type": "Polygon", "coordinates": [[[2547364.052, 1183197.192], [2547347.322, 1183180.883], [2547361.452, 1183166.533], [2547375.5609999998, 1183180.372], [2547381.301, 1183180.392], [2547394.711, 1183166.792], [2547394.651, 1183161.162], [2547402.741, 1183169.242], [2547397.091, 1183169.232], [2547380.941, 1183185.652], [2547384.281, 1183188.972], [2547370.252, 1183203.262], [2547364.052, 1183197.192]]]}, "properties": {"OBJECTID": 52027364, "NUMERO": "1757", "EGRID": "CH798386604561", "NO_COM_FED": 5939, "GENRE_TXT": "parcelle priv\u00e9e", "SUPERFICIE_MO": 760, "SUPERFICIE_RF": 762}}, {"type": "Feature", "id": 52027451, "geometry": {"type": "Polygon", "coordinates": [[[2547756.464, 1183079.922], [2547768.364, 1183083.542], [2547777.604, 1183086.661], [2547789.364, 1183091.651], [2547805.5439999998, 1183100.201], [2547808.073, 1183096.271], [2547813.933, 1183099.8], [2547820.853, 1183104.58], [2547818.283, 1183108.72], [2547831.223, 1183117.48], [2547852.783, 1183132.819], [2547873.073, 1183148.489], [2547892.113, 1183163.798], [2547901.753, 1183171.208], [2547912.173, 1183177.308], [2547933.492, 1183188.547], [2547958.392, 1183201.807], [2547966.902, 1183206.286], [2547979.052, 1183209.706], [2547991.721, 1183208.356], [2547979.752, 1183220.106], [2547903.533, 1183180.018], [2547862.783, 1183147.049], [2547805.974, 1183107.801], [2547786.954, 1183097.261], [2547768.894, 1183089.312], [2547739.695, 1183080.342], [2547728.135, 1183073.513], [2547715.655, 1183066.113], [2547681.465, 1183042.844], [2547661.615, 1183027.044], [2547636.716, 1183006.355], [2547629.476, 1182997.895], [2547555.866, 1182914.477], [2547559.596, 1182911.077], [2547570.426, 1182923.427], [2547571.216, 1182922.667], [2547571.886, 1182923.417], [2547592.246, 1182946.566], [2547609.336, 1182965.926], [2547624.136, 1182982.695], [2547645.275, 1183005.445], [2547648.365, 1183005.275], [2547667.915, 1182982.594], [2547670.045, 1182979.414], [2547669.755, 1182975.424], [2547667.495, 1182973.454], [2547675.674, 1182964.014], [2547690.034, 1182976.453], [2547689.384, 1182977.203], [2547694.704, 1182981.873], [2547712.684, 1182997.293], [2547730.624, 1183012.952], [2547734.574, 1183016.182], [2547733.984, 1183016.952], [2547747.624, 1183028.982], [2547746.554, 1183030.162], [2547732.704, 1183018.062], [2547732.0640000002, 1183018.902], [2547723.054, 1183010.983], [2547701.784, 1182992.5929999999], [2547687.094, 1182979.874], [2547684.285, 1182983.304], [2547674.695, 1182983.954], [2547671.795, 1182985.834], [2547652.195, 1183008.505], [2547652.465, 1183011.425], [2547665.375, 1183022.294], [2547671.665, 1183027.344], [2547685.045, 1183038.024], [2547694.245, 1183044.234], [2547718.825, 1183061.453], [2547732.435, 1183069.813], [2547746.924, 1183076.302], [2547756.464, 1183079.922]]]}, "properties": {"OBJECTID": 52027451, "NUMERO": "DP 1179", "EGRID": "CH828664834560", "NO_COM_FED": 5939, "GENRE_TXT": "DP communal", "SUPERFICIE_MO": 3996, "SUPERFICIE_RF": null}}, {"type": "Feature", "id": 52028402, "geometry": {"type": "Polygon", "coordinates": [[[2546468.529, 1182938.547], [2546462.009, 1182940.967], [2546386.38, 1182969.329], [2546323.1689999998, 1182873.171], [2546259.809, 1182777.104], [2546313.879, 1182756.643], [2546343.1689999998, 1182745.642], [2546468.529, 1182938.547]]]}, "properties": {"OBJECTID": 52028402, "NUMERO": "642", "EGRID": "CH629738834565", "NO_COM_FED": 5939, "GENRE_TXT": "parcelle priv\u00e9e", "SUPERFICIE_MO": 19847, "SUPERFICIE_RF": 19843}}, {"type": "Feature", "id": 52028484, "geometry": {"type": "Polygon", "coordinates": [[[2546875.159, 1183621.292], [2546863.819, 1183596.512], [2546878.1890000002, 1183589.662], [2546890.619, 1183616.892], [2546875.159, 1183621.292]]]}, "properties": {"OBJECTID": 52028484, "NUMERO": "35", "EGRID": "CH674597538303", "NO_COM_FED": 5939, "GENRE_TXT": "parcelle priv\u00e9e", "SUPERFICIE_MO": 455, "SUPERFICIE_RF": 456}}, {"type": "Feature", "id": 52028566, "geometry": {"type": "Polygon", "coordinates": [[[2546745.12, 1183312.357], [2546764.65, 1183297.576], [2546785.38, 1183325.046], [2546765.88, 1183339.806], [2546745.12, 1183312.357]]]}, "properties": {"OBJECTID": 52028566, "NUMERO": "225", "EGRID": "CH244583974229", "NO_COM_FED": 5939, "GENRE_TXT": "parcelle priv\u00e9e", "SUPERFICIE_MO": 842, "SUPERFICIE_RF": 841}}, {"type": "Feature", "id": 52028571, "geometry": {"type": "Polygon", "coordinates": [[[2547051.687, 1183621.328], [2547040.577, 1183626.308], [2547038.697, 1183621.668], [2547036.627, 1183616.398], [2547028.077, 1183594.948], [2547039.607, 1183593.288], [2547045.317, 1183603.108], [2547052.387, 1183619.4780000001], [2547051.687, 1183621.328]]]}, "properties": {"OBJECTID": 52028571, "NUMERO": "29", "EGRID": "CH538397450816", "NO_COM_FED": 5939, "GENRE_TXT": "parcelle priv\u00e9e", "SUPERFICIE_MO": 410, "SUPERFICIE_RF": 409}}, {"type": "Feature", "id": 52028790, "geometry": {"type": "Polygon", "coordinates": [[[2546821.227, 1183259.819], [2546773.477, 1183214.97], [2546782.396, 1183205.48], [2546792.851, 1183215.308], [2546788.058, 1183220.408], [2546825.336, 1183255.447], [2546821.227, 1183259.819]]]}, "properties": {"OBJECTID": 52028790, "NUMERO": "2631", "EGRID": "CH214542839251", "NO_COM_FED": 5939, "GENRE_TXT": "parcelle priv\u00e9e", "SUPERFICIE_MO": 494, "SUPERFICIE_RF": 494}}, {"type": "Feature", "id": 52029515, "geometry": {"type": "Polygon", "coordinates": [[[2547897.441, 1182964.178], [2547877.071, 1182987.688], [2547872.861, 1182992.588], [2547839.962, 1182987.249], [2547864.461, 1182959.089], [2547897.441, 1182964.178]]]}, "properties": {"OBJECTID": 52029515, "NUMERO": "1905", "EGRID": "CH338397458408", "NO_COM_FED": 5939, "GENRE_TXT": "parcelle priv\u00e9e", "SUPERFICIE_MO": 1059, "SUPERFICIE_RF": 1059}}, {"type": "Feature", "id": 52029844, "geometry": {"type": "Polygon", "coordinates": [[[2546821.227, 1183259.819], [2546909.648, 1183342.923], [2546910.0736416364, 1183343.383634153], [2546910.421357468, 1183343.9055999818], [2546910.6824544743, 1183344.4758481549], [2546910.850405138, 1183345.080122265], [2546910.9210106325, 1183345.7033152448], [2546910.892505795, 1183346.3298470476], [2546910.765603258, 1183346.9440541556], [2546910.5434756284, 1183347.5305811728], [2546910.2316761767, 1183348.074764715], [2546909.838, 1183348.563], [2546896.483, 1183362.973], [2546895.24, 1183366.209], [2546891.798, 1183369.983], [2546868.459, 1183395.473], [2546855.478, 1183378.368], [2546897.545, 1183333.61], [2546875.467, 1183312.859], [2546871.016, 1183317.595], [2546815.748, 1183265.648], [2546821.227, 1183259.819]]]}, "properties": {"OBJECTID": 52029844, "NUMERO": "2619", "EGRID": "CH869183452450", "NO_COM_FED": 5939, "GENRE_TXT": "parcelle priv\u00e9e", "SUPERFICIE_MO": 1960, "SUPERFICIE_RF": 1958}}, {"type": "Feature", "id": 52030237, "geometry": {"type": "Polygon", "coordinates": [[[2546909.582, 1183090.306], [2546910.041, 1183089.863], [2546932.446, 1183068.234], [2546949.791, 1183087.054], [2546926.428, 1183108.586], [2546909.582, 1183090.306]]]}, "properties": {"OBJECTID": 52030237, "NUMERO": "2685", "EGRID": "CH944583087723", "NO_COM_FED": 5939, "GENRE_TXT": "parcelle priv\u00e9e", "SUPERFICIE_MO": 801, "SUPERFICIE_RF": 801}}, {"type": "Feature", "id": 52030440, "geometry": {"type": "Polygon", "coordinates": [[[2547248.442, 1183000.166], [2547286.461, 1182959.285], [2547293.011, 1182952.024], [2547322.231, 1182980.964], [2547273.892, 1183033.325], [2547248.762, 1183008.656], [2547248.442, 1183000.166]]]}, "properties": {"OBJECTID": 52030440, "NUMERO": "121", "EGRID": "CH698397744551", "NO_COM_FED": 5939, "GENRE_TXT": "parcelle priv\u00e9e", "SUPERFICIE_MO": 2915, "SUPERFICIE_RF": 2918}}, {"type": "Feature", "id": 52030735, "geometry": {"type": "Polygon", "coordinates": [[[2547638.312, 1182642.274], [2547662.371, 1182628.513], [2547707.11, 1182602.902], [2547715.5, 1182598.122], [2547725.13, 1182588.671], [2547738.289, 1182569.371], [2547739.92, 1182582.591], [2547729.04, 1182603.871], [2547713.86, 1182611.042], [2547705.73, 1182610.692], [2547626.032, 1182656.184], [2547609.463, 1182675.675], [2547596.213, 1182677.515], [2547592.313, 1182677.155], [2547583.193, 1182687.066], [2547569.104, 1182706.196], [2547562.424, 1182722.586], [2547562.384, 1182725.996], [2547561.244, 1182758.476], [2547556.585, 1182772.327], [2547555.275, 1182776.307], [2547547.345, 1182784.047], [2547543.295, 1182787.927], [2547538.845, 1182791.317], [2547532.325, 1182796.007], [2547529.045, 1182798.317], [2547506.676, 1182804.158], [2547498.656, 1182806.168], [2547491.086, 1182811.319], [2547491.356, 1182812.429], [2547482.146, 1182810.399], [2547489.516, 1182805.239], [2547495.646, 1182800.938], [2547517.745, 1182793.558], [2547525.665, 1182791.158], [2547538.775, 1182781.6570000001], [2547540.015, 1182780.267], [2547547.895, 1182771.637], [2547552.545, 1182756.997], [2547552.654, 1182755.577], [2547555.864, 1182721.946], [2547559.354, 1182713.986], [2547563.824, 1182703.326], [2547578.573, 1182682.886], [2547588.433, 1182672.505], [2547622.372, 1182651.374], [2547638.312, 1182642.274]]]}, "properties": {"OBJECTID": 52030735, "NUMERO": "DP 1172", "EGRID": "CH968683456612", "NO_COM_FED": 5939, "GENRE_TXT": "DP communal", "SUPERFICIE_MO": 2789, "SUPERFICIE_RF": null}}, {"type": "Feature", "id": 52031479, "geometry": {"type": "Polygon", "coordinates": [[[2546732.228, 1182962.97], [2546751.348, 1182943.479], [2546758.178, 1182936.499], [2546774.878, 1182952.849], [2546766.278, 1182961.649], [2546766.188, 1182967.299], [2546753.168, 1182976.669], [2546749.898, 1182972.129], [2546732.228, 1182962.97]]]}, "properties": {"OBJECTID": 52031479, "NUMERO": "2193", "EGRID": "CH909745778342", "NO_COM_FED": 5939, "GENRE_TXT": "parcelle priv\u00e9e", "SUPERFICIE_MO": 835, "SUPERFICIE_RF": 834}}, {"type": "Feature", "id": 52031569, "geometry": {"type": "Polygon", "coordinates": [[[2546708.288, 1182895.961], [2546722.778, 1182881.151], [2546749.257, 1182854.13], [2546759.177, 1182853.03], [2546768.017, 1182859.21], [2546746.057, 1182881.88], [2546733.578, 1182894.43], [2546720.468, 1182907.87], [2546708.288, 1182895.961]]]}, "properties": {"OBJECTID": 52031569, "NUMERO": "626", "EGRID": "CH198397884582", "NO_COM_FED": 5939, "GENRE_TXT": "parcelle priv\u00e9e", "SUPERFICIE_MO": 1115, "SUPERFICIE_RF": 1116}}, {"type": "Feature", "id": 52033090, "geometry": {"type": "Polygon", "coordinates": [[[2546803.546, 1183137.475], [2546824.958, 1183157.6], [2546836.71, 1183168.645], [2546830.845, 1183174.885], [2546805.864, 1183201.463], [2546799.501, 1183208.232], [2546787.751, 1183197.187], [2546768.268, 1183178.876], [2546774.66, 1183171.377], [2546803.546, 1183137.475]]]}, "properties": {"OBJECTID": 52033090, "NUMERO": "2633", "EGRID": "CH238392454232", "NO_COM_FED": 5939, "GENRE_TXT": "parcelle priv\u00e9e", "SUPERFICIE_MO": 2401, "SUPERFICIE_RF": 2400}}, {"type": "Feature", "id": 52033387, "geometry": {"type": "Polygon", "coordinates": [[[2546926.505, 1183154.687], [2546899.309, 1183183.622], [2546846.842, 1183134.306], [2546876.504, 1183102.758], [2546886.013, 1183113.059], [2546902.36, 1183130.768], [2546915.778, 1183145.304], [2546926.505, 1183154.687]]]}, "properties": {"OBJECTID": 52033387, "NUMERO": "2635", "EGRID": "CH254283924541", "NO_COM_FED": 5939, "GENRE_TXT": "parcelle priv\u00e9e", "SUPERFICIE_MO": 2945, "SUPERFICIE_RF": 2945}}, {"type": "Feature", "id": 52034326, "geometry": {"type": "Polygon", "coordinates": [[[2546536.047, 1182709.787], [2546535.837, 1182708.797], [2546535.767, 1182695.097], [2546537.747, 1182692.727], [2546542.307, 1182695.777], [2546569.787, 1182714.396], [2546594.307, 1182731.005], [2546606.577, 1182742.285], [2546630.227, 1182758.494], [2546639.487, 1182764.534], [2546639.879, 1182764.132], [2546646.672, 1182768.499], [2546642.56, 1182774.851], [2546625.757, 1182763.934], [2546615.107, 1182757.315], [2546601.937, 1182752.155], [2546544.667, 1182715.327], [2546536.047, 1182709.787]]]}, "properties": {"OBJECTID": 52034326, "NUMERO": "DP 1227", "EGRID": "CH774597758397", "NO_COM_FED": 5939, "GENRE_TXT": "DP cantonal", "SUPERFICIE_MO": 1525, "SUPERFICIE_RF": null}}, {"type": "Feature", "id": 52034622, "geometry": {"type": "Polygon", "coordinates": [[[2547211.364, 1183281.946], [2547213.254, 1183283.876], [2547214.684, 1183286.196], [2547215.254, 1183287.776], [2547215.574, 1183289.566], [2547215.364, 1183291.756], [2547214.774, 1183293.766], [2547212.8140000002, 1183297.686], [2547210.054, 1183300.436], [2547208.944, 1183301.986], [2547206.954, 1183304.386], [2547201.654, 1183308.956], [2547194.7939999998, 1183314.746], [2547192.324, 1183316.656], [2547186.104, 1183310.116], [2547186.994, 1183309.176], [2547193.0640000002, 1183302.236], [2547193.344, 1183301.936], [2547194.324, 1183300.896], [2547211.364, 1183281.946]]]}, "properties": {"OBJECTID": 52034622, "NUMERO": "104", "EGRID": "CH188383459874", "NO_COM_FED": 5939, "GENRE_TXT": "parcelle priv\u00e9e", "SUPERFICIE_MO": 395, "SUPERFICIE_RF": 399}}, {"type": "Feature", "id": 52034761, "geometry": {"type": "Polygon", "coordinates": [[[2546608.808, 1182808.334], [2546606.918, 1182819.994], [2546606.057, 1182825.237], [2546606.048, 1182825.294], [2546602.018, 1182849.274], [2546596.188, 1182883.234], [2546595.288, 1182889.334], [2546595.058, 1182896.474], [2546594.388, 1182917.534], [2546600.6890000002, 1182963.533], [2546609.099, 1182984.573], [2546614.4189999998, 1182997.952], [2546635.45, 1183072.841], [2546646.84, 1183097.781], [2546666.53, 1183126.35], [2546678.08, 1183149.22], [2546689.96, 1183180.239], [2546694.891, 1183207.459], [2546688.871, 1183235.049], [2546686.751, 1183244.889], [2546679.791, 1183276.429], [2546676.181, 1183274.419], [2546690.961, 1183207.409], [2546686.12, 1183181.579], [2546674.35, 1183150.73], [2546663.1, 1183128.38], [2546643.44, 1183099.871], [2546631.82, 1183074.621], [2546610.859, 1182999.753], [2546596.769, 1182964.583], [2546590.398, 1182918.064], [2546591.148, 1182889.014], [2546604.778, 1182808.104], [2546607.287, 1182763.745], [2546601.937, 1182752.155], [2546615.107, 1182757.315], [2546611.677, 1182759.145], [2546608.808, 1182808.334]]]}, "properties": {"OBJECTID": 52034761, "NUMERO": "DP 1224", "EGRID": "CH557483974530", "NO_COM_FED": 5939, "GENRE_TXT": "DP communal", "SUPERFICIE_MO": 2209, "SUPERFICIE_RF": null}}, {"type": "Feature", "id": 52035095, "geometry": {"type": "Polygon", "coordinates": [[[2547204.824, 1183317.956], [2547221.874, 1183335.705], [2547222.424, 1183336.695], [2547225.494, 1183342.185], [2547226.594, 1183344.495], [2547222.984, 1183346.875], [2547219.824, 1183348.935], [2547215.854, 1183349.925], [2547210.104, 1183348.475], [2547205.224, 1183347.335], [2547200.474, 1183344.906], [2547195.874, 1183341.736], [2547193.174, 1183337.856], [2547190.804, 1183333.976], [2547189.074, 1183331.176], [2547204.824, 1183317.956]]]}, "properties": {"OBJECTID": 52035095, "NUMERO": "89", "EGRID": "CH174598838374", "NO_COM_FED": 5939, "GENRE_TXT": "parcelle priv\u00e9e", "SUPERFICIE_MO": 663, "SUPERFICIE_RF": 667}}, {"type": "Feature", "id": 52035190, "geometry": {"type": "Polygon", "coordinates": [[[2547280.009, 1182760.994], [2547290.739, 1182750.974], [2547341.71, 1182788.683], [2547354.848, 1182798.402], [2547389.008, 1182823.701], [2547396.738, 1182829.351], [2547397.128, 1182829.641], [2547394.228, 1182832.681], [2547386.228, 1182841.171], [2547386.088, 1182841.321], [2547353.179, 1182816.302], [2547344.6890000002, 1182809.873], [2547330.479, 1182799.0929999999], [2547280.009, 1182760.994]]]}, "properties": {"OBJECTID": 52035190, "NUMERO": "156", "EGRID": "CH168683456690", "NO_COM_FED": 5939, "GENRE_TXT": "parcelle priv\u00e9e", "SUPERFICIE_MO": 2008, "SUPERFICIE_RF": 2012}}, {"type": "Feature", "id": 52035324, "geometry": {"type": "Polygon", "coordinates": [[[2547020.047, 1183417.2], [2547012.227, 1183405.91], [2547008.737, 1183402.31], [2547006.047, 1183399.53], [2546992.487, 1183386.26], [2546978.147, 1183373.171], [2547015.149, 1183354.148], [2547027.047, 1183368.68], [2547037.496, 1183381.449], [2547043.526, 1183388.869], [2547040.876, 1183390.909], [2547035.946, 1183393.289], [2547035.696, 1183393.499], [2547025.297, 1183401.83], [2547018.437, 1183407.37], [2547023.917, 1183415.359], [2547020.047, 1183417.2]]]}, "properties": {"OBJECTID": 52035324, "NUMERO": "196", "EGRID": "CH854383974586", "NO_COM_FED": 5939, "GENRE_TXT": "parcelle priv\u00e9e", "SUPERFICIE_MO": 1814, "SUPERFICIE_RF": 1818}}, {"type": "Feature", "id": 52035654, "geometry": {"type": "Polygon", "coordinates": [[[2546333.005, 1183492.926], [2546324.305, 1183488.096], [2546320.635, 1183479.357], [2546325.825, 1183477.416], [2546326.265, 1183477.296], [2546326.185, 1183476.986], [2546327.315, 1183476.546], [2546327.495, 1183476.836], [2546329.055, 1183476.246], [2546329.035, 1183475.976], [2546333.565, 1183474.146], [2546333.655, 1183474.336], [2546334.425, 1183474.036], [2546335.265, 1183476.016], [2546339.765, 1183474.386], [2546340.105, 1183474.286], [2546341.005, 1183477.146], [2546341.335, 1183478.026], [2546341.905, 1183484.216], [2546333.005, 1183492.926]]]}, "properties": {"OBJECTID": 52035654, "NUMERO": "1746", "EGRID": "CH638397454245", "NO_COM_FED": 5939, "GENRE_TXT": "parcelle priv\u00e9e", "SUPERFICIE_MO": 259, "SUPERFICIE_RF": 256}}, {"type": "Feature", "id": 52036014, "geometry": {"type": "Polygon", "coordinates": [[[2547768.435, 1183226.552], [2547766.146, 1183229.462], [2547746.466, 1183236.8429999999], [2547742.226, 1183194.813], [2547764.385, 1183191.352], [2547765.175, 1183192.992], [2547768.435, 1183226.552]]]}, "properties": {"OBJECTID": 52036014, "NUMERO": "2081", "EGRID": "CH674597218302", "NO_COM_FED": 5939, "GENRE_TXT": "parcelle priv\u00e9e", "SUPERFICIE_MO": 911, "SUPERFICIE_RF": 913}}, {"type": "Feature", "id": 52036023, "geometry": {"type": "Polygon", "coordinates": [[[2547672.174, 1182927.184], [2547689.414, 1182932.233], [2547714.5640000002, 1182936.153], [2547721.533, 1182939.202], [2547727.343, 1182944.302], [2547694.704, 1182981.873], [2547689.384, 1182977.203], [2547690.034, 1182976.453], [2547675.674, 1182964.014], [2547667.495, 1182973.454], [2547647.275, 1182955.945], [2547672.174, 1182927.184]]]}, "properties": {"OBJECTID": 52036023, "NUMERO": "2175", "EGRID": "CH782083459720", "NO_COM_FED": 5939, "GENRE_TXT": "parcelle priv\u00e9e", "SUPERFICIE_MO": 2399, "SUPERFICIE_RF": 2397}}, {"type": "Feature", "id": 52036085, "geometry": {"type": "Polygon", "coordinates": [[[2546854.6890000002, 1183754.442], [2546838.77, 1183725.612], [2546885.889, 1183704.331], [2546892.199, 1183736.031], [2546854.6890000002, 1183754.442]]]}, "properties": {"OBJECTID": 52036085, "NUMERO": "8", "EGRID": "CH544583978479", "NO_COM_FED": 5939, "GENRE_TXT": "parcelle priv\u00e9e", "SUPERFICIE_MO": 1501, "SUPERFICIE_RF": 1500}}, {"type": "Feature", "id": 52036089, "geometry": {"type": "Polygon", "coordinates": [[[2547560.1859999998, 1182880.957], [2547519.357, 1182850.6], [2547516.516, 1182848.488], [2547518.786, 1182845.328], [2547524.166, 1182837.908], [2547546.326, 1182851.977], [2547579.485, 1182873.646], [2547604.215, 1182889.656], [2547602.515, 1182892.656], [2547577.755, 1182876.456], [2547568.855, 1182869.527], [2547560.1859999998, 1182880.957]]]}, "properties": {"OBJECTID": 52036089, "NUMERO": "142", "EGRID": "CH738386456587", "NO_COM_FED": 5939, "GENRE_TXT": "parcelle priv\u00e9e", "SUPERFICIE_MO": 949, "SUPERFICIE_RF": 952}}, {"type": "Feature", "id": 52036583, "geometry": {"type": "Polygon", "coordinates": [[[2545974.011, 1182874.771], [2545971.961, 1182880.891], [2545905.562, 1182905.882], [2545837.862, 1182931.314], [2545769.063, 1182957.015], [2545760.323, 1182954.106], [2545711.762, 1182878.658], [2545662.732, 1182803.19], [2545664.822, 1182796.77], [2545747.661, 1182758.768], [2545803.211, 1182733.297], [2545860.021, 1182707.185], [2545863.711, 1182712.595], [2545866.59, 1182710.665], [2545919.921, 1182792.073], [2545974.011, 1182874.771]]]}, "properties": {"OBJECTID": 52036583, "NUMERO": "647", "EGRID": "CH369783459881", "NO_COM_FED": 5939, "GENRE_TXT": "parcelle priv\u00e9e", "SUPERFICIE_MO": 44069, "SUPERFICIE_RF": 44056}}, {"type": "Feature", "id": 52036626, "geometry": {"type": "Polygon", "coordinates": [[[2546606.742, 1183290.75], [2546606.562, 1183289.65], [2546594.981, 1183219.531], [2546583.271, 1183148.852], [2546580.86, 1183134.612], [2546569, 1183061.003], [2546557.139, 1182990.044], [2546545.539, 1182919.025], [2546543.219, 1182905.095], [2546541.859, 1182896.875], [2546525.378, 1182797.007], [2546513.578, 1182724.788], [2546506.917, 1182705.268], [2546499.027, 1182688.418], [2546509.577, 1182693.568], [2546517.428, 1182723.758], [2546529.488, 1182796.447], [2546548.179, 1182910.665], [2546561.109, 1182989.394], [2546572.88, 1183060.423], [2546586.04, 1183140.672], [2546598.891, 1183218.831], [2546610.602, 1183290.07], [2546606.742, 1183290.75]]]}, "properties": {"OBJECTID": 52036626, "NUMERO": "DP 1222", "EGRID": "CH469783458956", "NO_COM_FED": 5939, "GENRE_TXT": "DP communal", "SUPERFICIE_MO": 2500, "SUPERFICIE_RF": null}}, {"type": "Feature", "id": 52036833, "geometry": {"type": "Polygon", "coordinates": [[[2546928.308, 1183452.432], [2546923.038, 1183450.192], [2546922.968, 1183449.912], [2546911.268, 1183436.602], [2546910.438, 1183435.652], [2546902.388, 1183426.492], [2546900.908, 1183424.562], [2546897.028, 1183419.473], [2546893.038, 1183412.473], [2546888.008, 1183399.083], [2546886.608, 1183395.983], [2546887.258, 1183387.573], [2546889.998, 1183384.613], [2546888.958, 1183395.203], [2546899.088, 1183418.212], [2546912.848, 1183433.7719999999], [2546926.388, 1183450.092], [2546928.308, 1183452.432]]]}, "properties": {"OBJECTID": 52036833, "NUMERO": "219", "EGRID": "CH809745488366", "NO_COM_FED": 5939, "GENRE_TXT": "parcelle priv\u00e9e", "SUPERFICIE_MO": 214, "SUPERFICIE_RF": 212}}, {"type": "Feature", "id": 52036930, "geometry": {"type": "Polygon", "coordinates": [[[2546634.852, 1183648.818], [2546664.922, 1183641.917], [2546672.732, 1183678.177], [2546643.792, 1183687.447], [2546634.852, 1183648.818]]]}, "properties": {"OBJECTID": 52036930, "NUMERO": "299", "EGRID": "CH369883458765", "NO_COM_FED": 5939, "GENRE_TXT": "parcelle priv\u00e9e", "SUPERFICIE_MO": 1173, "SUPERFICIE_RF": 1169}}, {"type": "Feature", "id": 52037258, "geometry": {"type": "Polygon", "coordinates": [[[2546630.302, 1183440.539], [2546638.412, 1183489.838], [2546601.433, 1183498.959], [2546589.583, 1183450.49], [2546630.302, 1183440.539]]]}, "properties": {"OBJECTID": 52037258, "NUMERO": "1717", "EGRID": "CH569783453972", "NO_COM_FED": 5939, "GENRE_TXT": "parcelle priv\u00e9e", "SUPERFICIE_MO": 1994, "SUPERFICIE_RF": 1999}}, {"type": "Feature", "id": 52039003, "geometry": {"type": "Polygon", "coordinates": [[[2547243.365, 1182992.73], [2547224.352, 1182976.786], [2547212.062, 1182953.787], [2547204.212, 1182939.417], [2547230.872, 1182918.026], [2547268.711, 1182956.455], [2547271.021, 1182958.735], [2547271.601, 1182959.335], [2547273.101, 1182960.795], [2547243.365, 1182992.73]]]}, "properties": {"OBJECTID": 52039003, "NUMERO": "146", "EGRID": "CH688983459734", "NO_COM_FED": 5939, "GENRE_TXT": "parcelle priv\u00e9e", "SUPERFICIE_MO": 2630, "SUPERFICIE_RF": 2627}}, {"type": "Feature", "id": 52039749, "geometry": {"type": "Polygon", "coordinates": [[[2547398.481, 1183222.0219999999], [2547391.801, 1183224.452], [2547389.5810000002, 1183222.262], [2547375.291, 1183208.212], [2547370.252, 1183203.262], [2547384.281, 1183188.972], [2547389.201, 1183193.972], [2547390.051, 1183194.802], [2547395.001, 1183199.582], [2547397.0609999998, 1183201.592], [2547410.5609999998, 1183214.871], [2547412.691, 1183216.961], [2547398.481, 1183222.0219999999]]]}, "properties": {"OBJECTID": 52039749, "NUMERO": "1736", "EGRID": "CH744583866068", "NO_COM_FED": 5939, "GENRE_TXT": "parcelle priv\u00e9e", "SUPERFICIE_MO": 700, "SUPERFICIE_RF": 701}}, {"type": "Feature", "id": 52039788, "geometry": {"type": "Polygon", "coordinates": [[[2546855.237, 1183640.686], [2546844.379, 1183643.713], [2546837.61, 1183645.463], [2546829.84, 1183647.623], [2546798.56, 1183656.334], [2546771.43, 1183663.824], [2546755.381, 1183668.315], [2546725.8109999998, 1183676.425], [2546725.661, 1183674.905], [2546823.29, 1183647.943], [2546843.869, 1183642.173], [2546883.109, 1183631.222], [2546901.209, 1183626.001], [2546905.609, 1183625.201], [2546936.718, 1183615.81], [2546975.678, 1183605.06], [2547010.537, 1183596.169], [2547038.477, 1183591.358], [2547039.607, 1183593.288], [2547028.077, 1183594.948], [2547010.767, 1183597.549], [2546943.378, 1183615.52], [2546907.219, 1183626.201], [2546883.559, 1183632.792], [2546855.237, 1183640.686]]]}, "properties": {"OBJECTID": 52039788, "NUMERO": "30", "EGRID": "CH938398458387", "NO_COM_FED": 5939, "GENRE_TXT": "parcelle priv\u00e9e", "SUPERFICIE_MO": 512, "SUPERFICIE_RF": 511}}, {"type": "Feature", "id": 52041099, "geometry": {"type": "Polygon", "coordinates": [[[2546750.817, 1183117.912], [2546777.174, 1183140.328], [2546775.6859999998, 1183142.055], [2546782.637, 1183147.966], [2546757.558, 1183177.454], [2546750.607, 1183171.542], [2546760.031, 1183160.461], [2546757.735, 1183158.507], [2546762.601, 1183152.786], [2546738.553, 1183132.333], [2546750.817, 1183117.912]]]}, "properties": {"OBJECTID": 52041099, "NUMERO": "2698", "EGRID": "CH474509708336", "NO_COM_FED": 5939, "GENRE_TXT": "DDP superficie", "SUPERFICIE_MO": 1031, "SUPERFICIE_RF": 1031}}, {"type": "Feature", "id": 52041165, "geometry": {"type": "Polygon", "coordinates": [[[2547022.347, 1183557.329], [2546980.977, 1183574.3], [2546967.368, 1183545.29], [2546999.497, 1183518.58], [2547022.347, 1183557.329]]]}, "properties": {"OBJECTID": 52041165, "NUMERO": "40", "EGRID": "CH944583988338", "NO_COM_FED": 5939, "GENRE_TXT": "parcelle priv\u00e9e", "SUPERFICIE_MO": 1643, "SUPERFICIE_RF": 1640}}, {"type": "Feature", "id": 52041398, "geometry": {"type": "Polygon", "coordinates": [[[2547817.303, 1183059.46], [2547789.364, 1183091.651], [2547777.604, 1183086.661], [2547783.684, 1183079.641], [2547789.774, 1183072.491], [2547790.874, 1183071.381], [2547791.504, 1183070.691], [2547798.283, 1183062.751], [2547810.703, 1183053.7], [2547817.303, 1183059.46]]]}, "properties": {"OBJECTID": 52041398, "NUMERO": "2004", "EGRID": "CH609745418358", "NO_COM_FED": 5939, "GENRE_TXT": "parcelle priv\u00e9e", "SUPERFICIE_MO": 518, "SUPERFICIE_RF": 512}}, {"type": "Feature", "id": 52041963, "geometry": {"type": "Polygon", "coordinates": [[[2547860.112, 1182995.709], [2547862.462, 1182996.099], [2547871.541, 1183003.929], [2547858.052, 1183019.569], [2547851.422, 1183027.359], [2547850.412, 1183028.479], [2547843.092, 1183036.829], [2547832.472, 1183027.69], [2547860.112, 1182995.709]]]}, "properties": {"OBJECTID": 52041963, "NUMERO": "1907", "EGRID": "CH738397450152", "NO_COM_FED": 5939, "GENRE_TXT": "parcelle priv\u00e9e", "SUPERFICIE_MO": 610, "SUPERFICIE_RF": 610}}, {"type": "Feature", "id": 52042044, "geometry": {"type": "Polygon", "coordinates": [[[2547069.866, 1183300.709], [2547076.916, 1183319.459], [2547077.6859999998, 1183321.459], [2547087.276, 1183347.618], [2547089.566, 1183352.818], [2547094.136, 1183363.088], [2547098.2060000002, 1183372.288], [2547099.1402572664, 1183373.4059673727], [2547100.2318621776, 1183374.3708955592], [2547101.4560382515, 1183375.160883297], [2547102.785, 1183375.758], [2547083.856, 1183386.7280000001], [2547083.766, 1183369.458], [2547073.756, 1183345.229], [2547069.126, 1183334.039], [2547059.4359999998, 1183310.929], [2547058.316, 1183308.179], [2547053.036, 1183295.099], [2547052.616, 1183294.089], [2547050.356, 1183288.49], [2547050.156, 1183288.01], [2547049.786, 1183287.13], [2547047.536, 1183281.58], [2547045.596, 1183276.85], [2547044.826, 1183275], [2547043.286, 1183271.13], [2547036.776, 1183255.04], [2547031.036, 1183240.62], [2547025.226, 1183226.021], [2547035.916, 1183214.19], [2547041.756, 1183230.31], [2547041.39673751, 1183231.0098370104], [2547041.1611370756, 1183231.76039268], [2547041.056, 1183232.54], [2547041.286, 1183235.62], [2547042.116, 1183242.98], [2547051.676, 1183259.4], [2547054.266, 1183259.33], [2547069.866, 1183300.709]]]}, "properties": {"OBJECTID": 52042044, "NUMERO": "DP 1021", "EGRID": "CH288683459757", "NO_COM_FED": 5939, "GENRE_TXT": "DP communal", "SUPERFICIE_MO": 2243, "SUPERFICIE_RF": null}}, {"type": "Feature", "id": 52042790, "geometry": {"type": "Polygon", "coordinates": [[[2547860.112, 1182995.709], [2547832.472, 1183027.69], [2547824.322, 1183020.54], [2547818.332, 1183015.3], [2547822.142, 1183010.67], [2547828.432, 1183003.67], [2547838.322, 1182992.129], [2547839.232, 1182992.249], [2547860.112, 1182995.709]]]}, "properties": {"OBJECTID": 52042790, "NUMERO": "1939", "EGRID": "CH385583459784", "NO_COM_FED": 5939, "GENRE_TXT": "parcelle priv\u00e9e", "SUPERFICIE_MO": 686, "SUPERFICIE_RF": 684}}, {"type": "Feature", "id": 52042973, "geometry": {"type": "Polygon", "coordinates": [[[2546928.308, 1183452.432], [2546926.388, 1183450.092], [2546912.848, 1183433.7719999999], [2546927.618, 1183424.382], [2546932.308, 1183421.5219999999], [2546950.918, 1183410.121], [2546956.478, 1183435.511], [2546957.968, 1183443.431], [2546958.258, 1183444.741], [2546956.928, 1183445.211], [2546940.538, 1183450.451], [2546928.308, 1183452.432]]]}, "properties": {"OBJECTID": 52042973, "NUMERO": "220", "EGRID": "CH814548839779", "NO_COM_FED": 5939, "GENRE_TXT": "parcelle priv\u00e9e", "SUPERFICIE_MO": 1109, "SUPERFICIE_RF": 1112}}, {"type": "Feature", "id": 52043179, "geometry": {"type": "Polygon", "coordinates": [[[2547222.143, 1183094.334], [2547200.43, 1183116.113], [2547183.946, 1183100.558], [2547206.006, 1183078.456], [2547212.534, 1183084.877], [2547222.143, 1183094.334]]]}, "properties": {"OBJECTID": 52043179, "NUMERO": "2590", "EGRID": "CH469083456080", "NO_COM_FED": 5939, "GENRE_TXT": "parcelle priv\u00e9e", "SUPERFICIE_MO": 702, "SUPERFICIE_RF": 701}}, {"type": "Feature", "id": 52043262, "geometry": {"type": "Polygon", "coordinates": [[[2546729.391, 1183531.116], [2546725.911, 1183519.936], [2546725.345466534, 1183518.5604434242], [2546724.565892918, 1183517.2938539202], [2546723.592609891, 1183516.169263264], [2546722.451, 1183515.216], [2546741.911, 1183521.836], [2546752.531, 1183528.405], [2546755.55, 1183530.245], [2546788.07, 1183551.444], [2546774.23, 1183557.555], [2546746.881, 1183569.675], [2546754.071, 1183589.725], [2546751.221, 1183590.655], [2546732.241, 1183530.266], [2546729.391, 1183531.116]]]}, "properties": {"OBJECTID": 52043262, "NUMERO": "2086", "EGRID": "CH438386456493", "NO_COM_FED": 5939, "GENRE_TXT": "parcelle priv\u00e9e", "SUPERFICIE_MO": 1517, "SUPERFICIE_RF": 1511}}, {"type": "Feature", "id": 52043872, "geometry": {"type": "Polygon", "coordinates": [[[2547229.824, 1183394.705], [2547251.173, 1183383.654], [2547268.993, 1183415.214], [2547247.244, 1183423.374], [2547229.824, 1183394.705]]]}, "properties": {"OBJECTID": 52043872, "NUMERO": "1737", "EGRID": "CH714565839757", "NO_COM_FED": 5939, "GENRE_TXT": "parcelle priv\u00e9e", "SUPERFICIE_MO": 818, "SUPERFICIE_RF": 819}}, {"type": "Feature", "id": 52044758, "geometry": {"type": "Polygon", "coordinates": [[[2546674.347, 1182795.503], [2546660.127, 1182808.473], [2546664.197, 1182812.913], [2546645.518, 1182830.113], [2546628.498, 1182821.294], [2546635.948, 1182814.564], [2546643.278, 1182808.053], [2546648.657, 1182803.213], [2546648.857, 1182803.033], [2546661.967, 1182791.333], [2546664.477, 1182789.0929999999], [2546674.347, 1182795.503]]]}, "properties": {"OBJECTID": 52044758, "NUMERO": "632", "EGRID": "CH638386456623", "NO_COM_FED": 5939, "GENRE_TXT": "parcelle priv\u00e9e", "SUPERFICIE_MO": 714, "SUPERFICIE_RF": 715}}, {"type": "Feature", "id": 52044764, "geometry": {"type": "Polygon", "coordinates": [[[2547212.8140000002, 1183297.686], [2547214.774, 1183293.766], [2547215.364, 1183291.756], [2547215.574, 1183289.566], [2547215.254, 1183287.776], [2547214.684, 1183286.196], [2547213.254, 1183283.876], [2547211.364, 1183281.946], [2547210.164, 1183280.726], [2547195.624, 1183268.546], [2547185.624, 1183260.176], [2547175.254, 1183252.347], [2547167.154, 1183246.597], [2547159.205, 1183242.607], [2547147.685, 1183240.217], [2547123.255, 1183246.088], [2547089.665, 1183235.269], [2547085.585, 1183233.889], [2547064.036, 1183226.7], [2547044.216, 1183228.38], [2547054.746, 1183207.61], [2547064.026, 1183216.06], [2547095.725, 1183230.599], [2547096.095, 1183230.719], [2547097.215, 1183231.139], [2547101.945, 1183232.799], [2547104.805, 1183233.819], [2547114.085, 1183237.108], [2547118.355, 1183238.558], [2547121.665, 1183238.578], [2547122.485, 1183238.508], [2547125.735, 1183238.438], [2547142.525, 1183235.098], [2547148.065, 1183234.607], [2547152.545, 1183235.087], [2547155.035, 1183235.307], [2547162.214, 1183237.667], [2547174.284, 1183245.267], [2547178.224, 1183247.6570000001], [2547188.484, 1183255.046], [2547211.514, 1183272.826], [2547221.474, 1183277.935], [2547235.744, 1183279.175], [2547244.343, 1183277.085], [2547212.8140000002, 1183297.686]]]}, "properties": {"OBJECTID": 52044764, "NUMERO": "DP 1022", "EGRID": "CH198398834588", "NO_COM_FED": 5939, "GENRE_TXT": "DP communal", "SUPERFICIE_MO": 1604, "SUPERFICIE_RF": null}}, {"type": "Feature", "id": 52044924, "geometry": {"type": "Polygon", "coordinates": [[[2546606.742, 1183290.75], [2546618.842, 1183364.21], [2546615.402, 1183370.28], [2546500.763, 1183413.662], [2546462.583, 1183308.884], [2546424.132, 1183203.416], [2546483.521, 1183181.035], [2546500.8109999998, 1183174.534], [2546577.841, 1183145.582], [2546583.271, 1183148.852], [2546594.981, 1183219.531], [2546606.562, 1183289.65], [2546606.742, 1183290.75]]]}, "properties": {"OBJECTID": 52044924, "NUMERO": "618", "EGRID": "CH344583976470", "NO_COM_FED": 5939, "GENRE_TXT": "parcelle priv\u00e9e", "SUPERFICIE_MO": 33102, "SUPERFICIE_RF": 33102}}, {"type": "Feature", "id": 52045068, "geometry": {"type": "Polygon", "coordinates": [[[2546964.197, 1183256.962], [2546967.217, 1183259.692], [2546979.927, 1183271.651], [2546981.427, 1183273.111], [2546969.967, 1183285.304], [2546968.3223887174, 1183285.6538979409], [2546966.718, 1183286.1570000001], [2546965.1682594176, 1183286.8098759803], [2546963.687, 1183287.606], [2546973.752, 1183276.896], [2546973.665, 1183274.069], [2546848.338, 1183156.273], [2546843.531, 1183161.387], [2546833.075, 1183151.561], [2546841.991, 1183142.074], [2546946.348, 1183240.16], [2546964.197, 1183256.962]]]}, "properties": {"OBJECTID": 52045068, "NUMERO": "2637", "EGRID": "CH374592428386", "NO_COM_FED": 5939, "GENRE_TXT": "parcelle priv\u00e9e", "SUPERFICIE_MO": 1291, "SUPERFICIE_RF": 1291}}, {"type": "Feature", "id": 52045497, "geometry": {"type": "Polygon", "coordinates": [[[2547225.763, 1183024.936], [2547236.953, 1183012.566], [2547243.952, 1183012.516], [2547263.992, 1183032.275], [2547245.018, 1183051.475], [2547232.553, 1183039.676], [2547221.673, 1183029.367], [2547225.763, 1183024.936]]]}, "properties": {"OBJECTID": 52045497, "NUMERO": "2511", "EGRID": "CH474586568364", "NO_COM_FED": 5939, "GENRE_TXT": "parcelle priv\u00e9e", "SUPERFICIE_MO": 881, "SUPERFICIE_RF": 881}}, {"type": "Feature", "id": 52045547, "geometry": {"type": "Polygon", "coordinates": [[[2547229.673, 1183101.746], [2547251.053, 1183079.996], [2547274.035, 1183102.623], [2547269.513, 1183107.24], [2547267.222, 1183111.708], [2547253.763, 1183125.496], [2547229.673, 1183101.746]]]}, "properties": {"OBJECTID": 52045547, "NUMERO": "1931", "EGRID": "CH714580839719", "NO_COM_FED": 5939, "GENRE_TXT": "parcelle priv\u00e9e", "SUPERFICIE_MO": 1017, "SUPERFICIE_RF": 1021}}, {"type": "Feature", "id": 52046364, "geometry": {"type": "Polygon", "coordinates": [[[2547472.187, 1182881.379], [2547453.097, 1182863.35], [2547434.977, 1182846.22], [2547450.987, 1182828.54], [2547462.997, 1182834.789], [2547491.967, 1182858.539], [2547475.317, 1182877.769], [2547472.187, 1182881.379]]]}, "properties": {"OBJECTID": 52046364, "NUMERO": "133", "EGRID": "CH256683864590", "NO_COM_FED": 5939, "GENRE_TXT": "parcelle priv\u00e9e", "SUPERFICIE_MO": 1427, "SUPERFICIE_RF": 1427}}, {"type": "Feature", "id": 52046583, "geometry": {"type": "Polygon", "coordinates": [[[2546783.0810000002, 1183244.921], [2546810.768, 1183270.946], [2546805.812, 1183276.221], [2546778.124, 1183250.195], [2546783.0810000002, 1183244.921]]]}, "properties": {"OBJECTID": 52046583, "NUMERO": "2650", "EGRID": "CH198395764539", "NO_COM_FED": 5939, "GENRE_TXT": "parcelle priv\u00e9e", "SUPERFICIE_MO": 275, "SUPERFICIE_RF": 275}}, {"type": "Feature", "id": 52047072, "geometry": {"type": "Polygon", "coordinates": [[[2547119.133, 1182806.959], [2547124.832, 1182808.589], [2547201.3310000002, 1182748.866], [2547277.349, 1182689.454], [2547277.359, 1182683.244], [2547288.678, 1182692.034], [2547280.759, 1182691.884], [2547203.711, 1182752.156], [2547126.102, 1182812.799], [2547123.743, 1182820.679], [2547119.133, 1182806.959]]]}, "properties": {"OBJECTID": 52047072, "NUMERO": "DP 1162", "EGRID": "CH244583974328", "NO_COM_FED": 5939, "GENRE_TXT": "DP communal", "SUPERFICIE_MO": 881, "SUPERFICIE_RF": null}}, {"type": "Feature", "id": 52047524, "geometry": {"type": "Polygon", "coordinates": [[[2546628.382, 1183609.848], [2546620.572, 1183576.4780000001], [2546612.702, 1183542.989], [2546649.592, 1183533.278], [2546652.802, 1183558.438], [2546653.452, 1183563.868], [2546657.392, 1183594.977], [2546658.382, 1183602.8969999999], [2546628.382, 1183609.848]]]}, "properties": {"OBJECTID": 52047524, "NUMERO": "303", "EGRID": "CH838397453185", "NO_COM_FED": 5939, "GENRE_TXT": "parcelle priv\u00e9e", "SUPERFICIE_MO": 2384, "SUPERFICIE_RF": 2389}}, {"type": "Feature", "id": 52047531, "geometry": {"type": "Polygon", "coordinates": [[[2547453.48, 1183107.68], [2547421.78, 1183076.341], [2547443.949, 1183054.01], [2547451.319, 1183061.19], [2547457.129, 1183055.52], [2547474.889, 1183072.95], [2547481.459, 1183079.329], [2547453.48, 1183107.68]]]}, "properties": {"OBJECTID": 52047531, "NUMERO": "1954", "EGRID": "CH598397224547", "NO_COM_FED": 5939, "GENRE_TXT": "parcelle priv\u00e9e", "SUPERFICIE_MO": 1683, "SUPERFICIE_RF": 1688}}, {"type": "Feature", "id": 52047580, "geometry": {"type": "Polygon", "coordinates": [[[2546110.382, 1183083.035], [2546103.312, 1183081.825], [2546013.643, 1183149.677], [2545932.994, 1183210.669], [2545931.634, 1183217.849], [2545923.944, 1183206.069], [2545930.734, 1183207.269], [2546011.383, 1183146.427], [2546101.272, 1183078.556], [2546102.812, 1183071.476], [2546110.382, 1183083.035]]]}, "properties": {"OBJECTID": 52047580, "NUMERO": "DP 1107", "EGRID": "CH829724834526", "NO_COM_FED": 5939, "GENRE_TXT": "DP communal", "SUPERFICIE_MO": 936, "SUPERFICIE_RF": null}}, {"type": "Feature", "id": 52047581, "geometry": {"type": "Polygon", "coordinates": [[[2547265.6, 1182774.365], [2547316.729, 1182811.833], [2547295.71, 1182831.314], [2547285.02, 1182841.144], [2547236.92, 1182801.156], [2547265.6, 1182774.365]]]}, "properties": {"OBJECTID": 52047581, "NUMERO": "1837", "EGRID": "CH287683459835", "NO_COM_FED": 5939, "GENRE_TXT": "parcelle priv\u00e9e", "SUPERFICIE_MO": 2562, "SUPERFICIE_RF": 2558}}, {"type": "Feature", "id": 52047748, "geometry": {"type": "Polygon", "coordinates": [[[2547280.009, 1182760.994], [2547330.479, 1182799.0929999999], [2547316.729, 1182811.833], [2547265.6, 1182774.365], [2547280.009, 1182760.994]]]}, "properties": {"OBJECTID": 52047748, "NUMERO": "2002", "EGRID": "CH498397174596", "NO_COM_FED": 5939, "GENRE_TXT": "parcelle priv\u00e9e", "SUPERFICIE_MO": 1195, "SUPERFICIE_RF": 1202}}, {"type": "Feature", "id": 52049685, "geometry": {"type": "Polygon", "coordinates": [[[2546886.013, 1183113.059], [2546909.582, 1183090.306], [2546926.428, 1183108.586], [2546902.36, 1183130.768], [2546886.013, 1183113.059]]]}, "properties": {"OBJECTID": 52049685, "NUMERO": "2684", "EGRID": "CH938308457730", "NO_COM_FED": 5939, "GENRE_TXT": "parcelle priv\u00e9e", "SUPERFICIE_MO": 801, "SUPERFICIE_RF": 801}}, {"type": "Feature", "id": 52049880, "geometry": {"type": "Polygon", "coordinates": [[[2546290.555, 1183501.997], [2546296.875, 1183505.997], [2546298.075, 1183506.827], [2546302.135, 1183509.547], [2546291.775, 1183514.677], [2546285.565, 1183517.747], [2546274.636, 1183523.737], [2546272.9560000002, 1183524.727], [2546269.576, 1183525.808], [2546270.286, 1183528.057], [2546260.336, 1183531.988], [2546258.926, 1183532.608], [2546249.826, 1183536.608], [2546247.286, 1183531.938], [2546258.366, 1183526.628], [2546268.646, 1183521.848], [2546268.036, 1183520.658], [2546265.386, 1183514.598], [2546267.116, 1183513.658], [2546279.875, 1183507.287], [2546290.555, 1183501.997]]]}, "properties": {"OBJECTID": 52049880, "NUMERO": "240", "EGRID": "CH829787834541", "NO_COM_FED": 5939, "GENRE_TXT": "parcelle priv\u00e9e", "SUPERFICIE_MO": 518, "SUPERFICIE_RF": 517}}, {"type": "Feature", "id": 52049911, "geometry": {"type": "Polygon", "coordinates": [[[2546838.728, 1183038.506], [2546859.558, 1183014.166], [2546883.458, 1183034.665], [2546862.738, 1183059.005], [2546838.728, 1183038.506]]]}, "properties": {"OBJECTID": 52049911, "NUMERO": "1957", "EGRID": "CH357783974517", "NO_COM_FED": 5939, "GENRE_TXT": "parcelle priv\u00e9e", "SUPERFICIE_MO": 1009, "SUPERFICIE_RF": 1008}}, {"type": "Feature", "id": 52050486, "geometry": {"type": "Polygon", "coordinates": [[[2547340.921, 1182999.533], [2547359.95, 1183018.293], [2547335.671, 1183044.403], [2547316.881, 1183025.784], [2547340.921, 1182999.533]]]}, "properties": {"OBJECTID": 52050486, "NUMERO": "245", "EGRID": "CH244583970368", "NO_COM_FED": 5939, "GENRE_TXT": "parcelle priv\u00e9e", "SUPERFICIE_MO": 947, "SUPERFICIE_RF": 943}}, {"type": "Feature", "id": 52050552, "geometry": {"type": "Polygon", "coordinates": [[[2546483.621, 1183626.723], [2546475.0640000002, 1183638.502], [2546471.965, 1183642.768], [2546450.965, 1183626.382], [2546461.095, 1183611.472], [2546461.448, 1183610.615], [2546483.621, 1183626.723]]]}, "properties": {"OBJECTID": 52050552, "NUMERO": "2596", "EGRID": "CH738393454148", "NO_COM_FED": 5939, "GENRE_TXT": "parcelle priv\u00e9e", "SUPERFICIE_MO": 521, "SUPERFICIE_RF": 522}}, {"type": "Feature", "id": 52050732, "geometry": {"type": "Polygon", "coordinates": [[[2547256.763, 1183283.795], [2547264.333, 1183297.414], [2547265.523, 1183299.554], [2547276.063, 1183318.964], [2547281.523, 1183326.254], [2547297.383, 1183356.713], [2547309.463, 1183379.833], [2547315.973, 1183392.283], [2547322.972, 1183395.002], [2547307.493, 1183400.903], [2547309.883, 1183394.713], [2547297.893, 1183371.703], [2547285.013, 1183346.964], [2547273.093, 1183324.114], [2547266.263, 1183311.804], [2547252.083, 1183285.995], [2547256.763, 1183283.795]]]}, "properties": {"OBJECTID": 52050732, "NUMERO": "DP 1016", "EGRID": "CH729765834579", "NO_COM_FED": 5939, "GENRE_TXT": "DP communal", "SUPERFICIE_MO": 799, "SUPERFICIE_RF": null}}, {"type": "Feature", "id": 52051187, "geometry": {"type": "Polygon", "coordinates": [[[2547322.973, 1183403.972], [2547346.212, 1183395.332], [2547364.982, 1183425.131], [2547339.942, 1183430.7820000001], [2547322.973, 1183403.972]]]}, "properties": {"OBJECTID": 52051187, "NUMERO": "1894", "EGRID": "CH109745098333", "NO_COM_FED": 5939, "GENRE_TXT": "parcelle priv\u00e9e", "SUPERFICIE_MO": 811, "SUPERFICIE_RF": 809}}, {"type": "Feature", "id": 52052548, "geometry": {"type": "Polygon", "coordinates": [[[2547149.374, 1183028.459], [2547138.134, 1183040.529], [2547134.105, 1183044.849], [2547115.045, 1183024.909], [2547131.034, 1183010.049], [2547133.914, 1183012.949], [2547149.374, 1183028.459]]]}, "properties": {"OBJECTID": 52052548, "NUMERO": "2524", "EGRID": "CH629789834591", "NO_COM_FED": 5939, "GENRE_TXT": "parcelle priv\u00e9e", "SUPERFICIE_MO": 592, "SUPERFICIE_RF": 592}}, {"type": "Feature", "id": 52052808, "geometry": {"type": "Polygon", "coordinates": [[[2546610.963, 1183648.168], [2546603.603, 1183615.769], [2546628.382, 1183609.848], [2546635.912, 1183642.448], [2546610.963, 1183648.168]]]}, "properties": {"OBJECTID": 52052808, "NUMERO": "1712", "EGRID": "CH444583974258", "NO_COM_FED": 5939, "GENRE_TXT": "parcelle priv\u00e9e", "SUPERFICIE_MO": 851, "SUPERFICIE_RF": 853}}, {"type": "Feature", "id": 52053149, "geometry": {"type": "Polygon", "coordinates": [[[2546399.214, 1183456.825], [2546431.304, 1183446.194], [2546432.7939999998, 1183445.784], [2546438.184, 1183462.614], [2546404.105, 1183473.524], [2546401.484, 1183464.404], [2546399.684, 1183458.325], [2546399.214, 1183456.825]]]}, "properties": {"OBJECTID": 52053149, "NUMERO": "2503", "EGRID": "CH774597798385", "NO_COM_FED": 5939, "GENRE_TXT": "parcelle priv\u00e9e", "SUPERFICIE_MO": 624, "SUPERFICIE_RF": 625}}, {"type": "Feature", "id": 52053610, "geometry": {"type": "Polygon", "coordinates": [[[2546704.8109999998, 1183348.458], [2546689.422, 1183328.539], [2546706.559, 1183315.586], [2546727.525, 1183299.739], [2546742.69, 1183319.827], [2546723.301, 1183334.487], [2546704.8109999998, 1183348.458]]]}, "properties": {"OBJECTID": 52053610, "NUMERO": "239", "EGRID": "CH874597418368", "NO_COM_FED": 5939, "GENRE_TXT": "parcelle priv\u00e9e", "SUPERFICIE_MO": 1199, "SUPERFICIE_RF": 1200}}, {"type": "Feature", "id": 52054093, "geometry": {"type": "Polygon", "coordinates": [[[2547146.635, 1183489.466], [2547156.755, 1183505.186], [2547157.605, 1183506.536], [2547162.245, 1183513.786], [2547157.435, 1183515.196], [2547137.215, 1183521.246], [2547128.465, 1183514.986], [2547146.635, 1183489.466]]]}, "properties": {"OBJECTID": 52054093, "NUMERO": "78", "EGRID": "CH574597848341", "NO_COM_FED": 5939, "GENRE_TXT": "parcelle priv\u00e9e", "SUPERFICIE_MO": 531, "SUPERFICIE_RF": 531}}, {"type": "Feature", "id": 52054590, "geometry": {"type": "Polygon", "coordinates": [[[2546803.598, 1182990.117], [2546827.188, 1182967.317], [2546847.268, 1182988.246], [2546820.828, 1183013.847], [2546803.598, 1182990.117]]]}, "properties": {"OBJECTID": 52054590, "NUMERO": "2041", "EGRID": "CH869783457729", "NO_COM_FED": 5939, "GENRE_TXT": "parcelle priv\u00e9e", "SUPERFICIE_MO": 1010, "SUPERFICIE_RF": 1015}}, {"type": "Feature", "id": 52054668, "geometry": {"type": "Polygon", "coordinates": [[[2547268.711, 1182956.455], [2547271.021, 1182954.115], [2547273.841, 1182956.985], [2547271.601, 1182959.335], [2547271.021, 1182958.735], [2547268.711, 1182956.455]]]}, "properties": {"OBJECTID": 52054668, "NUMERO": "188", "EGRID": "CH828665834551", "NO_COM_FED": 5939, "GENRE_TXT": "parcelle priv\u00e9e", "SUPERFICIE_MO": 13, "SUPERFICIE_RF": 13}}, {"type": "Feature", "id": 52055319, "geometry": {"type": "Polygon", "coordinates": [[[2547273.223, 1183422.613], [2547296.493, 1183413.833], [2547311.503, 1183437.5219999999], [2547282.993, 1183448.233], [2547270.913, 1183429.033], [2547273.223, 1183422.613]]]}, "properties": {"OBJECTID": 52055319, "NUMERO": "1892", "EGRID": "CH409745398335", "NO_COM_FED": 5939, "GENRE_TXT": "parcelle priv\u00e9e", "SUPERFICIE_MO": 820, "SUPERFICIE_RF": 816}}, {"type": "Feature", "id": 52055406, "geometry": {"type": "Polygon", "coordinates": [[[2546868.069, 1183543.743], [2546869.269, 1183545.373], [2546876.139, 1183555.862], [2546863.309, 1183564.1030000001], [2546856.709, 1183567.363], [2546854.679, 1183568.423], [2546853.199, 1183569.143], [2546844.039, 1183573.653], [2546835.269, 1183578.183], [2546828.53, 1183562.683], [2546868.069, 1183543.743]]]}, "properties": {"OBJECTID": 52055406, "NUMERO": "53", "EGRID": "CH814522839722", "NO_COM_FED": 5939, "GENRE_TXT": "parcelle priv\u00e9e", "SUPERFICIE_MO": 732, "SUPERFICIE_RF": 733}}, {"type": "Feature", "id": 52056029, "geometry": {"type": "Polygon", "coordinates": [[[2547183.946, 1183100.558], [2547168.834, 1183086.298], [2547185.914, 1183067.957], [2547190.394, 1183063.097], [2547206.006, 1183078.456], [2547183.946, 1183100.558]]]}, "properties": {"OBJECTID": 52056029, "NUMERO": "2591", "EGRID": "CH574590608379", "NO_COM_FED": 5939, "GENRE_TXT": "parcelle priv\u00e9e", "SUPERFICIE_MO": 671, "SUPERFICIE_RF": 670}}, {"type": "Feature", "id": 52056109, "geometry": {"type": "Polygon", "coordinates": [[[2546774.23, 1183557.555], [2546788.07, 1183551.444], [2546810.87, 1183541.374], [2546820.68, 1183564.534], [2546819.67, 1183564.994], [2546817.47, 1183565.944], [2546807.42, 1183570.374], [2546804.46, 1183571.694], [2546783.28, 1183580.954], [2546774.23, 1183557.555]]]}, "properties": {"OBJECTID": 52056109, "NUMERO": "49", "EGRID": "CH344583970829", "NO_COM_FED": 5939, "GENRE_TXT": "parcelle priv\u00e9e", "SUPERFICIE_MO": 1016, "SUPERFICIE_RF": 1012}}, {"type": "Feature", "id": 52056303, "geometry": {"type": "Polygon", "coordinates": [[[2547050.356, 1183288.49], [2547035.766, 1183300.25], [2547033.266, 1183294.09], [2547028.486, 1183282.29], [2547030.816, 1183280.53], [2547043.286, 1183271.13], [2547044.826, 1183275], [2547045.596, 1183276.85], [2547047.536, 1183281.58], [2547049.786, 1183287.13], [2547050.156, 1183288.01], [2547050.356, 1183288.49]]]}, "properties": {"OBJECTID": 52056303, "NUMERO": "198", "EGRID": "CH144583978619", "NO_COM_FED": 5939, "GENRE_TXT": "parcelle priv\u00e9e", "SUPERFICIE_MO": 342, "SUPERFICIE_RF": 342}}, {"type": "Feature", "id": 52056858, "geometry": {"type": "Polygon", "coordinates": [[[2546934.929, 1183322.771], [2546925.175, 1183295.746], [2546916.195, 1183280.4780000001], [2546902.828, 1183258.196], [2546893.164, 1183243.658], [2546879.881, 1183227.127], [2546868.848, 1183214.044], [2546854.937, 1183198.183], [2546842.876, 1183186.193], [2546830.845, 1183174.885], [2546836.71, 1183168.645], [2546843.531, 1183161.387], [2546848.338, 1183156.273], [2546973.665, 1183274.069], [2546973.752, 1183276.896], [2546963.687, 1183287.606], [2546944.129, 1183308.414], [2546943.0438333456, 1183310.1263047953], [2546942.188, 1183311.964], [2546941.5760842557, 1183313.8966587903], [2546941.218, 1183315.892], [2546934.929, 1183322.771]]]}, "properties": {"OBJECTID": 52056858, "NUMERO": "183", "EGRID": "CH309745268311", "NO_COM_FED": 5939, "GENRE_TXT": "parcelle priv\u00e9e", "SUPERFICIE_MO": 6243, "SUPERFICIE_RF": 6242}}, {"type": "Feature", "id": 52056910, "geometry": {"type": "Polygon", "coordinates": [[[2547420.088, 1182859.661], [2547421.458, 1182858.211], [2547429.528, 1182849.27], [2547433.487, 1182844.81], [2547434.977, 1182846.22], [2547453.097, 1182863.35], [2547439.418, 1182878.28], [2547425.608, 1182864.977], [2547420.088, 1182859.661]]]}, "properties": {"OBJECTID": 52056910, "NUMERO": "2405", "EGRID": "CH898386644515", "NO_COM_FED": 5939, "GENRE_TXT": "parcelle priv\u00e9e", "SUPERFICIE_MO": 541, "SUPERFICIE_RF": 541}}, {"type": "Feature", "id": 52056963, "geometry": {"type": "Polygon", "coordinates": [[[2546628.382, 1183609.848], [2546603.603, 1183615.769], [2546600.783, 1183616.469], [2546593.103, 1183583.249], [2546598.863, 1183581.909], [2546620.572, 1183576.4780000001], [2546628.382, 1183609.848]]]}, "properties": {"OBJECTID": 52056963, "NUMERO": "302", "EGRID": "CH514521839736", "NO_COM_FED": 5939, "GENRE_TXT": "parcelle priv\u00e9e", "SUPERFICIE_MO": 967, "SUPERFICIE_RF": 964}}, {"type": "Feature", "id": 52057060, "geometry": {"type": "Polygon", "coordinates": [[[2547297.383, 1183356.713], [2547281.523, 1183326.254], [2547283.683, 1183319.674], [2547306.183, 1183308.773], [2547320.472, 1183336.133], [2547323.932, 1183342.863], [2547297.383, 1183356.713]]]}, "properties": {"OBJECTID": 52057060, "NUMERO": "1675", "EGRID": "CH344583975183", "NO_COM_FED": 5939, "GENRE_TXT": "parcelle priv\u00e9e", "SUPERFICIE_MO": 1153, "SUPERFICIE_RF": 1155}}, {"type": "Feature", "id": 52057254, "geometry": {"type": "Polygon", "coordinates": [[[2546718.031, 1183276.378], [2546756.41, 1183247.377], [2546767.267, 1183261.746], [2546770.29, 1183265.746], [2546731.91, 1183294.787], [2546718.031, 1183276.378]]]}, "properties": {"OBJECTID": 52057254, "NUMERO": "1657", "EGRID": "CH374597428341", "NO_COM_FED": 5939, "GENRE_TXT": "parcelle priv\u00e9e", "SUPERFICIE_MO": 1109, "SUPERFICIE_RF": 1107}}, {"type": "Feature", "id": 52057370, "geometry": {"type": "Polygon", "coordinates": [[[2546771.96, 1183256.753], [2546767.267, 1183261.746], [2546756.41, 1183247.377], [2546749.355, 1183238.037], [2546761.151, 1183225.488], [2546767.45, 1183231.416], [2546776.199, 1183239.65], [2546779.35, 1183242.615], [2546768.8109999998, 1183253.813], [2546771.96, 1183256.753]]]}, "properties": {"OBJECTID": 52057370, "NUMERO": "2706", "EGRID": "CH338301453350", "NO_COM_FED": 5939, "GENRE_TXT": "parcelle priv\u00e9e", "SUPERFICIE_MO": 511, "SUPERFICIE_RF": 512}}, {"type": "Feature", "id": 52058210, "geometry": {"type": "Polygon", "coordinates": [[[2546962.598, 1183490.461], [2546936.878, 1183462.721], [2546952.708, 1183458.891], [2546953.658, 1183458.671], [2546963.918, 1183456.221], [2546976.467, 1183479.83], [2546962.598, 1183490.461]]]}, "properties": {"OBJECTID": 52058210, "NUMERO": "64", "EGRID": "CH669783454235", "NO_COM_FED": 5939, "GENRE_TXT": "parcelle priv\u00e9e", "SUPERFICIE_MO": 689, "SUPERFICIE_RF": 684}}, {"type": "Feature", "id": 52058221, "geometry": {"type": "Polygon", "coordinates": [[[2546727.101, 1183695.965], [2546728.3109999998, 1183714.225], [2546730.861, 1183752.255], [2546731.0578739257, 1183753.598346862], [2546731.468824048, 1183754.8923561862], [2546732.083090765, 1183756.103147884], [2546732.884591185, 1183757.1990206917], [2546733.8523402154, 1183758.1512821831], [2546734.961, 1183758.935], [2546736.1344906106, 1183759.5103839238], [2546737.3831081726, 1183759.8965199834], [2546738.676547211, 1183760.084036185], [2546739.98341438, 1183760.068381281], [2546741.2719904147, 1183759.849935235], [2546742.511, 1183759.434], [2546721.461, 1183768.715], [2546722.429772438, 1183768.1519128121], [2546723.291138676, 1183767.4352291843], [2546724.021, 1183766.585], [2546724.428536989, 1183765.8113001797], [2546724.706919424, 1183764.982324288], [2546724.848962439, 1183764.1194676424], [2546724.851, 1183763.245], [2546720.241, 1183716.335], [2546718.711, 1183698.155], [2546717.101, 1183682.025], [2546726.111, 1183681.405], [2546727.101, 1183695.965]]]}, "properties": {"OBJECTID": 52058221, "NUMERO": "DP 1009", "EGRID": "CH369783458693", "NO_COM_FED": 5939, "GENRE_TXT": "DP communal", "SUPERFICIE_MO": 700, "SUPERFICIE_RF": null}}, {"type": "Feature", "id": 52058387, "geometry": {"type": "Polygon", "coordinates": [[[2546663.978, 1182881.202], [2546675.318, 1182886.962], [2546697.578, 1182898.331], [2546673.588, 1182922.882], [2546665.638, 1182924.162], [2546646.938, 1182914.572], [2546663.978, 1182881.202]]]}, "properties": {"OBJECTID": 52058387, "NUMERO": "1874", "EGRID": "CH469783453810", "NO_COM_FED": 5939, "GENRE_TXT": "parcelle priv\u00e9e", "SUPERFICIE_MO": 1184, "SUPERFICIE_RF": 1186}}, {"type": "Feature", "id": 52059077, "geometry": {"type": "Polygon", "coordinates": [[[2547355.823, 1183159.935], [2547334.382, 1183138.837], [2547352.87, 1183120.049], [2547355.312, 1183122.443], [2547377.241, 1183143.992], [2547371.481, 1183144.073], [2547355.823, 1183159.935]]]}, "properties": {"OBJECTID": 52059077, "NUMERO": "1773", "EGRID": "CH638386456920", "NO_COM_FED": 5939, "GENRE_TXT": "parcelle priv\u00e9e", "SUPERFICIE_MO": 802, "SUPERFICIE_RF": 802}}, {"type": "Feature", "id": 52059148, "geometry": {"type": "Polygon", "coordinates": [[[2546654.312, 1183531.268], [2546656.372, 1183530.7280000001], [2546661.952, 1183529.358], [2546679.592, 1183637.687], [2546683.862, 1183674.756], [2546681.282, 1183675.546], [2546672.732, 1183678.177], [2546664.922, 1183641.917], [2546668.122, 1183641.197], [2546654.312, 1183531.268]]]}, "properties": {"OBJECTID": 52059148, "NUMERO": "304", "EGRID": "CH414564838682", "NO_COM_FED": 5939, "GENRE_TXT": "parcelle priv\u00e9e", "SUPERFICIE_MO": 1580, "SUPERFICIE_RF": 1580}}, {"type": "Feature", "id": 52059404, "geometry": {"type": "Polygon", "coordinates": [[[2546540.707, 1183645.442], [2546547.043, 1183650.661], [2546561.56, 1183662.621], [2546570.6890000002, 1183652.6], [2546576.943, 1183656.739], [2546576.573, 1183660.029], [2546575.353, 1183669.619], [2546570.193, 1183681.519], [2546559.973, 1183696.879], [2546553.554, 1183706.429], [2546515.69, 1183676.885], [2546540.707, 1183645.442]]]}, "properties": {"OBJECTID": 52059404, "NUMERO": "2592", "EGRID": "CH198390614532", "NO_COM_FED": 5939, "GENRE_TXT": "parcelle priv\u00e9e", "SUPERFICIE_MO": 2001, "SUPERFICIE_RF": 2000}}, {"type": "Feature", "id": 52060663, "geometry": {"type": "Polygon", "coordinates": [[[2546356.935, 1183498.625], [2546354.105, 1183504.335], [2546345.785, 1183499.806], [2546344.725, 1183499.226], [2546339.275, 1183496.356], [2546344.765, 1183490.366], [2546349.905, 1183485.946], [2546354.205, 1183482.506], [2546357.505, 1183480.156], [2546364.165, 1183489.515], [2546363.115, 1183494.245], [2546356.935, 1183498.625]]]}, "properties": {"OBJECTID": 52060663, "NUMERO": "266", "EGRID": "CH358683974565", "NO_COM_FED": 5939, "GENRE_TXT": "parcelle priv\u00e9e", "SUPERFICIE_MO": 306, "SUPERFICIE_RF": 308}}, {"type": "Feature", "id": 52060762, "geometry": {"type": "Polygon", "coordinates": [[[2546159.677, 1183597.096], [2546264.046, 1183569.127], [2546288.076, 1183565.317], [2546293.28, 1183564.86], [2546293.846, 1183566.483], [2546334.672, 1183683.545], [2546335.261, 1183685.234], [2546323.577, 1183695.225], [2546311.917, 1183705.525], [2546306.607, 1183710.245], [2546218.808, 1183706.047], [2546131.398, 1183701.71], [2546043.868, 1183697.402], [2545949.899, 1183693.155], [2545856.349, 1183688.727], [2545789.509, 1183685.549], [2545706.54, 1183681.761], [2545707.4, 1183665.442], [2545709.37, 1183664.761], [2545728.549, 1183662.551], [2545808.389, 1183657.439], [2545858.989, 1183656.048], [2545923.248, 1183651.646], [2545963.758, 1183647.845], [2546003.368, 1183639.594], [2546071.127, 1183621.0320000001], [2546154.027, 1183598.61], [2546159.677, 1183597.096]]]}, "properties": {"OBJECTID": 52060762, "NUMERO": "326", "EGRID": "CH974597878390", "NO_COM_FED": 5939, "GENRE_TXT": "parcelle priv\u00e9e", "SUPERFICIE_MO": 42856, "SUPERFICIE_RF": 42829}}, {"type": "Feature", "id": 52061263, "geometry": {"type": "Polygon", "coordinates": [[[2547161.523, 1182939.688], [2547158.853, 1182941.628], [2547147.334, 1182949.671], [2547144.108, 1182945.098], [2547138.483, 1182949.108], [2547122.118, 1182929.402], [2547124.904, 1182926.869], [2547126.484, 1182923.669], [2547125.5640000002, 1182922.429], [2547124.502, 1182920.998], [2547137.071, 1182910.108], [2547142.974, 1182904.994], [2547144.103, 1182907.298], [2547158.653, 1182933.278], [2547161.523, 1182939.688]]]}, "properties": {"OBJECTID": 52061263, "NUMERO": "171", "EGRID": "CH255383974520", "NO_COM_FED": 5939, "GENRE_TXT": "parcelle priv\u00e9e", "SUPERFICIE_MO": 974, "SUPERFICIE_RF": 974}}, {"type": "Feature", "id": 52061742, "geometry": {"type": "Polygon", "coordinates": [[[2547571.417, 1183080.437], [2547574.157, 1183077.6570000001], [2547576.727, 1183080.017], [2547573.947, 1183082.977], [2547571.417, 1183080.437]]]}, "properties": {"OBJECTID": 52061742, "NUMERO": "2039", "EGRID": "CH386483459735", "NO_COM_FED": 5939, "GENRE_TXT": "parcelle priv\u00e9e", "SUPERFICIE_MO": 14, "SUPERFICIE_RF": 14}}, {"type": "Feature", "id": 52062683, "geometry": {"type": "Polygon", "coordinates": [[[2547128.263, 1182865.639], [2547099.164, 1182888.46], [2547092.089, 1182892.938], [2547080.094, 1182874.57], [2547085.254, 1182870.68], [2547090.644, 1182866.47], [2547120.093, 1182843.489], [2547122.283, 1182841.749], [2547128.263, 1182865.639]]]}, "properties": {"OBJECTID": 52062683, "NUMERO": "178", "EGRID": "CH857883984511", "NO_COM_FED": 5939, "GENRE_TXT": "parcelle priv\u00e9e", "SUPERFICIE_MO": 1111, "SUPERFICIE_RF": 1109}}, {"type": "Feature", "id": 52064328, "geometry": {"type": "Polygon", "coordinates": [[[2546964.197, 1183256.962], [2546946.348, 1183240.16], [2546952.5, 1183233.616], [2546976.648, 1183207.924], [2546986.807, 1183220.921], [2546982.977, 1183227.142], [2546964.197, 1183256.962]]]}, "properties": {"OBJECTID": 52064328, "NUMERO": "2641", "EGRID": "CH309245428301", "NO_COM_FED": 5939, "GENRE_TXT": "parcelle priv\u00e9e", "SUPERFICIE_MO": 874, "SUPERFICIE_RF": 873}}, {"type": "Feature", "id": 52064355, "geometry": {"type": "Polygon", "coordinates": [[[2546704.0810000002, 1183415.997], [2546698.601, 1183426.687], [2546667.122, 1183423.128], [2546663.602, 1183404.368], [2546665.751, 1183389.238], [2546701.051, 1183402.237], [2546700.252675613, 1183403.7773640484], [2546699.732623925, 1183405.4325345745], [2546699.5065008975, 1183407.1526832904], [2546699.581113879, 1183408.8860257643], [2546699.954216674, 1183410.580380371], [2546700.614577163, 1183412.1847392004], [2546701.5423154403, 1183413.650803632], [2546702.7095022937, 1183414.9344383457], [2546704.0810000002, 1183415.997]]]}, "properties": {"OBJECTID": 52064355, "NUMERO": "209", "EGRID": "CH638386455534", "NO_COM_FED": 5939, "GENRE_TXT": "parcelle priv\u00e9e", "SUPERFICIE_MO": 1051, "SUPERFICIE_RF": 1050}}, {"type": "Feature", "id": 52064807, "geometry": {"type": "Polygon", "coordinates": [[[2547316.729, 1182811.833], [2547338.579, 1182828.003], [2547320.509, 1182850.893], [2547295.71, 1182831.314], [2547316.729, 1182811.833]]]}, "properties": {"OBJECTID": 52064807, "NUMERO": "158", "EGRID": "CH298398764575", "NO_COM_FED": 5939, "GENRE_TXT": "parcelle priv\u00e9e", "SUPERFICIE_MO": 843, "SUPERFICIE_RF": 842}}, {"type": "Feature", "id": 52064926, "geometry": {"type": "Polygon", "coordinates": [[[2546953.138, 1183399.281], [2546970.627, 1183390.331], [2546995.157, 1183429.19], [2546972.797, 1183439.691], [2546965.407, 1183440.271], [2546961.258, 1183434.151], [2546955.478, 1183412.171], [2546953.138, 1183399.281]]]}, "properties": {"OBJECTID": 52064926, "NUMERO": "194", "EGRID": "CH951083974570", "NO_COM_FED": 5939, "GENRE_TXT": "parcelle priv\u00e9e", "SUPERFICIE_MO": 1219, "SUPERFICIE_RF": 1219}}, {"type": "Feature", "id": 52065234, "geometry": {"type": "Polygon", "coordinates": [[[2547494.33, 1183197.719], [2547506.27, 1183225.059], [2547514.51, 1183243.429], [2547518.07, 1183250.768], [2547493.23, 1183260.109], [2547468.32, 1183269.31], [2547464.51, 1183261.38], [2547460.83, 1183253.49], [2547455.96, 1183243.04], [2547453.07, 1183235.13], [2547451.95, 1183231.89], [2547449.83, 1183225.74], [2547446.211, 1183214.91], [2547461.75, 1183209.43], [2547466.26, 1183207.76], [2547480.35, 1183202.78], [2547494.33, 1183197.719]]]}, "properties": {"OBJECTID": 52065234, "NUMERO": "1464", "EGRID": "CH769783450637", "NO_COM_FED": 5939, "GENRE_TXT": "parcelle priv\u00e9e", "SUPERFICIE_MO": 3078, "SUPERFICIE_RF": 3072}}, {"type": "Feature", "id": 52065369, "geometry": {"type": "Polygon", "coordinates": [[[2547225.264, 1183431.555], [2547208.664, 1183405.745], [2547229.824, 1183394.705], [2547247.244, 1183423.374], [2547225.264, 1183431.555]]]}, "properties": {"OBJECTID": 52065369, "NUMERO": "1733", "EGRID": "CH869783454363", "NO_COM_FED": 5939, "GENRE_TXT": "parcelle priv\u00e9e", "SUPERFICIE_MO": 751, "SUPERFICIE_RF": 753}}, {"type": "Feature", "id": 52065619, "geometry": {"type": "Polygon", "coordinates": [[[2547831.972, 1182954.169], [2547864.461, 1182959.089], [2547839.962, 1182987.249], [2547807.802, 1182982.16], [2547831.972, 1182954.169]]]}, "properties": {"OBJECTID": 52065619, "NUMERO": "1904", "EGRID": "CH658883974506", "NO_COM_FED": 5939, "GENRE_TXT": "parcelle priv\u00e9e", "SUPERFICIE_MO": 1029, "SUPERFICIE_RF": 1034}}, {"type": "Feature", "id": 52065896, "geometry": {"type": "Polygon", "coordinates": [[[2547680.386, 1183136.504], [2547696.306, 1183115.604], [2547728.135, 1183073.513], [2547739.695, 1183080.342], [2547768.894, 1183089.312], [2547786.954, 1183097.261], [2547805.974, 1183107.801], [2547862.783, 1183147.049], [2547853.483, 1183163.389], [2547851.39, 1183162.901], [2547845.164, 1183161.45], [2547821.574, 1183153.85], [2547786.974, 1183145.491], [2547753.275, 1183140.442], [2547716.835, 1183137.883], [2547680.386, 1183136.504]]]}, "properties": {"OBJECTID": 52065896, "NUMERO": "1472", "EGRID": "CH414580839823", "NO_COM_FED": 5939, "GENRE_TXT": "parcelle priv\u00e9e", "SUPERFICIE_MO": 7325, "SUPERFICIE_RF": 7348}}, {"type": "Feature", "id": 52066479, "geometry": {"type": "Polygon", "coordinates": [[[2547444.867, 1182809.41], [2547446.447, 1182809.19], [2547467.656, 1182808.489], [2547482.146, 1182810.399], [2547491.356, 1182812.429], [2547504.336, 1182816.588], [2547520.796, 1182825.9780000001], [2547540.336, 1182838.667], [2547548.845, 1182844.217], [2547570.395, 1182858.266], [2547583.755, 1182866.876], [2547594.955, 1182874.206], [2547608.485, 1182882.975], [2547604.215, 1182889.656], [2547579.485, 1182873.646], [2547546.326, 1182851.977], [2547524.166, 1182837.908], [2547516.586, 1182833.018], [2547500.966, 1182824.598], [2547488.626, 1182820.529], [2547481.136, 1182818.629], [2547452.023, 1182817.369], [2547444.867, 1182809.41]]]}, "properties": {"OBJECTID": 52066479, "NUMERO": "DP 1029", "EGRID": "CH868683456547", "NO_COM_FED": 5939, "GENRE_TXT": "DP communal", "SUPERFICIE_MO": 1470, "SUPERFICIE_RF": null}}, {"type": "Feature", "id": 52066802, "geometry": {"type": "Polygon", "coordinates": [[[2547105.975, 1183308.368], [2547114.035, 1183319.828], [2547115.055, 1183321.258], [2547124.925, 1183335.8969999999], [2547122.565, 1183336.828], [2547117.915, 1183338.508], [2547110.475, 1183340.838], [2547093.126, 1183345.878], [2547092.3403756446, 1183346.1628120695], [2547091.6093165525, 1183346.5676282586], [2547090.951015732, 1183347.0823743832], [2547090.381855541, 1183347.6942405617], [2547089.916, 1183348.388], [2547089.5382454456, 1183349.2224611016], [2547089.3098824676, 1183350.1095203916], [2547089.237738465, 1183351.0226573346], [2547089.3239703383, 1183351.9345717481], [2547089.566, 1183352.818], [2547087.276, 1183347.618], [2547077.6859999998, 1183321.459], [2547076.916, 1183319.459], [2547096.335, 1183312.088], [2547105.975, 1183308.368]]]}, "properties": {"OBJECTID": 52066802, "NUMERO": "100", "EGRID": "CH609745868320", "NO_COM_FED": 5939, "GENRE_TXT": "parcelle priv\u00e9e", "SUPERFICIE_MO": 1115, "SUPERFICIE_RF": 1112}}, {"type": "Feature", "id": 52066896, "geometry": {"type": "Polygon", "coordinates": [[[2546262.951, 1183015.892], [2546233.621, 1183026.882], [2546170.62, 1182931.015], [2546107.43, 1182834.2280000001], [2546136.83, 1182823.207], [2546200.02, 1182919.754], [2546262.951, 1183015.892]]]}, "properties": {"OBJECTID": 52066896, "NUMERO": "640", "EGRID": "CH474597988333", "NO_COM_FED": 5939, "GENRE_TXT": "parcelle priv\u00e9e", "SUPERFICIE_MO": 7066, "SUPERFICIE_RF": 7033}}, {"type": "Feature", "id": 52066944, "geometry": {"type": "Polygon", "coordinates": [[[2545779.126, 1183362.642], [2545775.566, 1183368.052], [2545753.636, 1183365.193], [2545715.107, 1183366.044], [2545698.047, 1183363.504], [2545678.517, 1183354.085], [2545650.097, 1183332.016], [2545615.537, 1183308.207], [2545597.257, 1183297.617], [2545578.117, 1183288.988], [2545558.377, 1183281.989], [2545545.087, 1183277.859], [2545487.287, 1183261.301], [2545465.737, 1183254.531], [2545444.277, 1183246.192], [2545400.988, 1183223.613], [2545390.867, 1183218.334], [2545357.037, 1183202.555], [2545323.947, 1183191.036], [2545327.657, 1183186.625], [2545332.467, 1183188.535], [2545368.407, 1183201.364], [2545393.217, 1183213.273], [2545446.657, 1183240.762], [2545467.647, 1183248.821], [2545489.017, 1183255.441], [2545548.276, 1183272.209], [2545562.816, 1183276.578], [2545580.526, 1183283.088], [2545599.966, 1183292.1570000001], [2545618.696, 1183303.027], [2545653.767, 1183327.086], [2545681.787, 1183349.105], [2545699.887, 1183357.814], [2545715.547, 1183360.484], [2545753.806, 1183359.733], [2545779.126, 1183362.642]]]}, "properties": {"OBJECTID": 52066944, "NUMERO": "DP 1064", "EGRID": "CH244583988382", "NO_COM_FED": 5939, "GENRE_TXT": "DP communal", "SUPERFICIE_MO": 2903, "SUPERFICIE_RF": null}}, {"type": "Feature", "id": 52067048, "geometry": {"type": "Polygon", "coordinates": [[[2547570.354, 1182785.046], [2547594.014, 1182755.216], [2547616.494, 1182775.975], [2547584.594, 1182802.346], [2547570.354, 1182785.046]]]}, "properties": {"OBJECTID": 52067048, "NUMERO": "1672", "EGRID": "CH138386456696", "NO_COM_FED": 5939, "GENRE_TXT": "parcelle priv\u00e9e", "SUPERFICIE_MO": 1045, "SUPERFICIE_RF": 1046}}, {"type": "Feature", "id": 52067150, "geometry": {"type": "Polygon", "coordinates": [[[2547584.469, 1183297.187], [2547577.499, 1183294.487], [2547555.539, 1183251.818], [2547557.909, 1183245.668], [2547581.719, 1183237.067], [2547586.159, 1183245.837], [2547608.128, 1183288.336], [2547599.389, 1183291.666], [2547584.469, 1183297.187]]]}, "properties": {"OBJECTID": 52067150, "NUMERO": "1941", "EGRID": "CH644583979435", "NO_COM_FED": 5939, "GENRE_TXT": "parcelle priv\u00e9e", "SUPERFICIE_MO": 1711, "SUPERFICIE_RF": 1713}}, {"type": "Feature", "id": 52067153, "geometry": {"type": "Polygon", "coordinates": [[[2547146.635, 1183489.466], [2547128.465, 1183514.986], [2547119.325, 1183527.927], [2547107.246, 1183516.187], [2547073.656, 1183483.138], [2547102.1859999998, 1183447.727], [2547144.485, 1183486.006], [2547146.635, 1183489.466]]]}, "properties": {"OBJECTID": 52067153, "NUMERO": "79", "EGRID": "CH381083459738", "NO_COM_FED": 5939, "GENRE_TXT": "parcelle priv\u00e9e", "SUPERFICIE_MO": 2906, "SUPERFICIE_RF": 2902}}, {"type": "Feature", "id": 52067625, "geometry": {"type": "Polygon", "coordinates": [[[2547121.375, 1183385.357], [2547131.305, 1183400.447], [2547146.985, 1183422.336], [2547128.135, 1183434.517], [2547121.945, 1183434.597], [2547111.375, 1183417.997], [2547109.465, 1183415.047], [2547105.595, 1183410.208], [2547099.056, 1183400.028], [2547102.6859999998, 1183395.648], [2547107.585, 1183392.488], [2547121.375, 1183385.357]]]}, "properties": {"OBJECTID": 52067625, "NUMERO": "1695", "EGRID": "CH429714834558", "NO_COM_FED": 5939, "GENRE_TXT": "parcelle priv\u00e9e", "SUPERFICIE_MO": 1223, "SUPERFICIE_RF": 1226}}, {"type": "Feature", "id": 52067764, "geometry": {"type": "Polygon", "coordinates": [[[2547618.308, 1183238.196], [2547677.547, 1183207.774], [2547697.577, 1183246.514], [2547696.077, 1183255.634], [2547633.588, 1183278.806], [2547635.968, 1183272.626], [2547618.308, 1183238.196]]]}, "properties": {"OBJECTID": 52067764, "NUMERO": "2077", "EGRID": "CH429784834510", "NO_COM_FED": 5939, "GENRE_TXT": "parcelle priv\u00e9e", "SUPERFICIE_MO": 3170, "SUPERFICIE_RF": 3169}}, {"type": "Feature", "id": 52067855, "geometry": {"type": "Polygon", "coordinates": [[[2547046.6859999998, 1183234.8], [2547046.446, 1183232.35], [2547065.346, 1183230.57], [2547068.256, 1183234.099], [2547068.776, 1183239.319], [2547066.486, 1183243.229], [2547047.676, 1183245.06], [2547047.376, 1183242.55], [2547044.216, 1183243], [2547043.516, 1183235.08], [2547046.6859999998, 1183234.8]]]}, "properties": {"OBJECTID": 52067855, "NUMERO": "102", "EGRID": "CH229730834579", "NO_COM_FED": 5939, "GENRE_TXT": "parcelle priv\u00e9e", "SUPERFICIE_MO": 290, "SUPERFICIE_RF": 290}}, {"type": "Feature", "id": 52068409, "geometry": {"type": "Polygon", "coordinates": [[[2547015.147, 1183275.77], [2547002.457, 1183263.691], [2547010.969, 1183255.132], [2547025.196, 1183239.87], [2547031.036, 1183240.62], [2547036.776, 1183255.04], [2547043.286, 1183271.13], [2547030.816, 1183280.53], [2547028.486, 1183282.29], [2547026.976, 1183278.96], [2547015.147, 1183275.77]]]}, "properties": {"OBJECTID": 52068409, "NUMERO": "189", "EGRID": "CH814520839740", "NO_COM_FED": 5939, "GENRE_TXT": "parcelle priv\u00e9e", "SUPERFICIE_MO": 955, "SUPERFICIE_RF": 956}}, {"type": "Feature", "id": 52068625, "geometry": {"type": "Polygon", "coordinates": [[[2547405.901, 1183116.442], [2547403.8109999998, 1183114.372], [2547399.351, 1183110.072], [2547399.141, 1183109.862], [2547391.041, 1183101.752], [2547387.5810000002, 1183098.442], [2547378.631, 1183089.332], [2547392.06, 1183075.912], [2547411.44, 1183095.001], [2547415.431, 1183098.857], [2547411.897, 1183102.416], [2547414.24, 1183107.951], [2547405.901, 1183116.442]]]}, "properties": {"OBJECTID": 52068625, "NUMERO": "2028", "EGRID": "CH181483459795", "NO_COM_FED": 5939, "GENRE_TXT": "parcelle priv\u00e9e", "SUPERFICIE_MO": 701, "SUPERFICIE_RF": 704}}, {"type": "Feature", "id": 52068702, "geometry": {"type": "Polygon", "coordinates": [[[2546909.968, 1183569.511], [2546909.018, 1183577.431], [2546905.068, 1183572.761], [2546909.968, 1183569.511]]]}, "properties": {"OBJECTID": 52068702, "NUMERO": "37", "EGRID": "CH529712834542", "NO_COM_FED": 5939, "GENRE_TXT": "parcelle priv\u00e9e", "SUPERFICIE_MO": 18, "SUPERFICIE_RF": 18}}, {"type": "Feature", "id": 52068717, "geometry": {"type": "Polygon", "coordinates": [[[2547179.734, 1183311.646], [2547171.874, 1183300.237], [2547160.505, 1183288.6570000001], [2547156.225, 1183283.227], [2547160.315, 1183280.217], [2547161.545, 1183281.537], [2547163.635, 1183284.237], [2547177.7939999998, 1183301.506], [2547186.104, 1183310.116], [2547192.324, 1183316.656], [2547186.334, 1183321.206], [2547179.734, 1183311.646]]]}, "properties": {"OBJECTID": 52068717, "NUMERO": "103", "EGRID": "CH409745178304", "NO_COM_FED": 5939, "GENRE_TXT": "parcelle priv\u00e9e", "SUPERFICIE_MO": 249, "SUPERFICIE_RF": 248}}, {"type": "Feature", "id": 52068796, "geometry": {"type": "Polygon", "coordinates": [[[2546645.302, 1183696.167], [2546650.822, 1183737.4070000001], [2546640.842, 1183738.067], [2546635.452, 1183738.417], [2546613.223, 1183739.888], [2546608.903, 1183704.408], [2546645.302, 1183696.167]]]}, "properties": {"OBJECTID": 52068796, "NUMERO": "291", "EGRID": "CH329882834535", "NO_COM_FED": 5939, "GENRE_TXT": "parcelle priv\u00e9e", "SUPERFICIE_MO": 1446, "SUPERFICIE_RF": 1445}}, {"type": "Feature", "id": 52069206, "geometry": {"type": "Polygon", "coordinates": [[[2546925.917, 1183001.494], [2546935.137, 1183012.214], [2546940.527, 1183018.664], [2546943.787, 1183022.764], [2546941.907, 1183024.884], [2546916.826, 1183050.041], [2546915.268, 1183051.604], [2546914.744, 1183050.923], [2546897.648, 1183028.715], [2546921.677, 1183000.644], [2546922.377, 1183000.534], [2546924.457, 1183000.464], [2546925.917, 1183001.494]]]}, "properties": {"OBJECTID": 52069206, "NUMERO": "181", "EGRID": "CH338398458991", "NO_COM_FED": 5939, "GENRE_TXT": "parcelle priv\u00e9e", "SUPERFICIE_MO": 1202, "SUPERFICIE_RF": 1200}}, {"type": "Feature", "id": 52069518, "geometry": {"type": "Polygon", "coordinates": [[[2547147.775, 1183474.636], [2547149.805, 1183468.646], [2547178.955, 1183457.786], [2547204.174, 1183502.275], [2547189.834, 1183506.265], [2547177.745, 1183509.525], [2547165.365, 1183502.026], [2547147.775, 1183474.636]]]}, "properties": {"OBJECTID": 52069518, "NUMERO": "83", "EGRID": "CH998397004574", "NO_COM_FED": 5939, "GENRE_TXT": "parcelle priv\u00e9e", "SUPERFICIE_MO": 1656, "SUPERFICIE_RF": 1658}}, {"type": "Feature", "id": 52069614, "geometry": {"type": "Polygon", "coordinates": [[[2547680.386, 1183136.504], [2547648.547, 1183138.665], [2547641.417, 1183131.605], [2547571.677, 1183062.837], [2547511.638, 1183003.608], [2547529.147, 1182985.788], [2547503.267, 1182960.159], [2547548.916, 1182914.437], [2547555.866, 1182914.477], [2547629.476, 1182997.895], [2547636.716, 1183006.355], [2547661.615, 1183027.044], [2547681.465, 1183042.844], [2547715.655, 1183066.113], [2547728.135, 1183073.513], [2547696.306, 1183115.604], [2547680.386, 1183136.504]]]}, "properties": {"OBJECTID": 52069614, "NUMERO": "1470", "EGRID": "CH208645668328", "NO_COM_FED": 5939, "GENRE_TXT": "parcelle priv\u00e9e", "SUPERFICIE_MO": 21352, "SUPERFICIE_RF": 21347}}, {"type": "Feature", "id": 52069963, "geometry": {"type": "Polygon", "coordinates": [[[2547868.602, 1183042.179], [2547864.712, 1183046.559], [2547860.132, 1183051.769], [2547857.992, 1183049.869], [2547862.612, 1183044.659], [2547866.322, 1183040.349], [2547868.602, 1183042.179]]]}, "properties": {"OBJECTID": 52069963, "NUMERO": "1921", "EGRID": "CH538397451311", "NO_COM_FED": 5939, "GENRE_TXT": "parcelle priv\u00e9e", "SUPERFICIE_MO": 36, "SUPERFICIE_RF": 37}}, {"type": "Feature", "id": 52070081, "geometry": {"type": "Polygon", "coordinates": [[[2547531.7060000002, 1182891.2179999999], [2547512.406, 1182875.308], [2547491.967, 1182858.539], [2547462.997, 1182834.789], [2547450.987, 1182828.54], [2547457.152, 1182821.39], [2547456.02672468, 1182820.3907768873], [2547454.816, 1182819.497], [2547453.538884481, 1182818.7199366605], [2547452.197, 1182818.061], [2547449.3109999998, 1182817.252], [2547452.023, 1182817.369], [2547481.136, 1182818.629], [2547469.407, 1182830.079], [2547470.647, 1182833.349], [2547508.934, 1182865.078], [2547542.576, 1182892.957], [2547547.236, 1182897.9070000001], [2547559.596, 1182911.077], [2547555.866, 1182914.477], [2547545.976, 1182904.417], [2547538.446, 1182896.767], [2547531.7060000002, 1182891.2179999999]]]}, "properties": {"OBJECTID": 52070081, "NUMERO": "DP 1028", "EGRID": "CH186683458660", "NO_COM_FED": 5939, "GENRE_TXT": "DP communal", "SUPERFICIE_MO": 991, "SUPERFICIE_RF": null}}, {"type": "Feature", "id": 52070643, "geometry": {"type": "Polygon", "coordinates": [[[2547136.665, 1183360.767], [2547130.765, 1183350.687], [2547133.465, 1183345.957], [2547140.435, 1183341.837], [2547142.565, 1183340.547], [2547154.725, 1183333.227], [2547156.485, 1183335.957], [2547160.595, 1183342.377], [2547149.645, 1183352.687], [2547141.295, 1183358.187], [2547136.665, 1183360.767]]]}, "properties": {"OBJECTID": 52070643, "NUMERO": "97", "EGRID": "CH514505839783", "NO_COM_FED": 5939, "GENRE_TXT": "parcelle priv\u00e9e", "SUPERFICIE_MO": 393, "SUPERFICIE_RF": 394}}, {"type": "Feature", "id": 52070994, "geometry": {"type": "Polygon", "coordinates": [[[2546628.382, 1183609.848], [2546658.382, 1183602.8969999999], [2546661.682, 1183630.427], [2546656.642, 1183637.717], [2546635.912, 1183642.448], [2546628.382, 1183609.848]]]}, "properties": {"OBJECTID": 52070994, "NUMERO": "1713", "EGRID": "CH638397456621", "NO_COM_FED": 5939, "GENRE_TXT": "parcelle priv\u00e9e", "SUPERFICIE_MO": 953, "SUPERFICIE_RF": 953}}, {"type": "Feature", "id": 52071416, "geometry": {"type": "Polygon", "coordinates": [[[2545928.384, 1183220.149], [2545983.035, 1183304.417], [2546037.805, 1183388.845], [2546092.586, 1183473.413], [2546091.6859999998, 1183474.443], [2546038.996, 1183459.954], [2546014.796, 1183453.005], [2545940.096, 1183428.337], [2545905.156, 1183418.588], [2545887.546, 1183411.829], [2545851.266, 1183391.69], [2545828.396, 1183379.881], [2545811.256, 1183372.411], [2545792.916, 1183366.392], [2545791.366, 1183361.342], [2545857.825, 1183289.15], [2545922.144, 1183219.409], [2545928.384, 1183220.149]]]}, "properties": {"OBJECTID": 52071416, "NUMERO": "332", "EGRID": "CH914515839751", "NO_COM_FED": 5939, "GENRE_TXT": "parcelle priv\u00e9e", "SUPERFICIE_MO": 32022, "SUPERFICIE_RF": 32007}}, {"type": "Feature", "id": 52071492, "geometry": {"type": "Polygon", "coordinates": [[[2546806.417, 1182887.2179999999], [2546832.657, 1182906.177], [2546816.977, 1182922.208], [2546803.378, 1182936.098], [2546780.538, 1182913.729], [2546806.417, 1182887.2179999999]]]}, "properties": {"OBJECTID": 52071492, "NUMERO": "1691", "EGRID": "CH114566838669", "NO_COM_FED": 5939, "GENRE_TXT": "parcelle priv\u00e9e", "SUPERFICIE_MO": 1262, "SUPERFICIE_RF": 1266}}, {"type": "Feature", "id": 52071606, "geometry": {"type": "Polygon", "coordinates": [[[2546708.611, 1183396.667], [2546678.981, 1183358.378], [2546666.361, 1183355.438], [2546666.361, 1183337.869], [2546668.761, 1183326.829], [2546670.466, 1183319.018], [2546677.731, 1183313.405], [2546689.422, 1183328.539], [2546704.8109999998, 1183348.458], [2546721.591, 1183370.177], [2546726.191, 1183376.1469999999], [2546718.441, 1183382.027], [2546713.961, 1183387.177], [2546710.851, 1183393.257], [2546708.611, 1183396.667]]]}, "properties": {"OBJECTID": 52071606, "NUMERO": "211", "EGRID": "CH474597778396", "NO_COM_FED": 5939, "GENRE_TXT": "parcelle priv\u00e9e", "SUPERFICIE_MO": 2096, "SUPERFICIE_RF": 2096}}, {"type": "Feature", "id": 52072269, "geometry": {"type": "Polygon", "coordinates": [[[2546999.077, 1183685.049], [2546987.168, 1183658.989], [2547017.087, 1183645.648], [2547028.637, 1183671.138], [2546999.077, 1183685.049]]]}, "properties": {"OBJECTID": 52072269, "NUMERO": "1702", "EGRID": "CH914583839820", "NO_COM_FED": 5939, "GENRE_TXT": "parcelle priv\u00e9e", "SUPERFICIE_MO": 926, "SUPERFICIE_RF": 925}}, {"type": "Feature", "id": 52072274, "geometry": {"type": "Polygon", "coordinates": [[[2546615.107, 1182757.315], [2546625.757, 1182763.934], [2546642.56, 1182774.851], [2546646.427, 1182777.364], [2546644.107, 1182779.644], [2546610.948, 1182812.324], [2546608.808, 1182808.334], [2546611.677, 1182759.145], [2546615.107, 1182757.315]]]}, "properties": {"OBJECTID": 52072274, "NUMERO": "634", "EGRID": "CH669783457205", "NO_COM_FED": 5939, "GENRE_TXT": "parcelle priv\u00e9e", "SUPERFICIE_MO": 1055, "SUPERFICIE_RF": 1052}}, {"type": "Feature", "id": 52072825, "geometry": {"type": "Polygon", "coordinates": [[[2547851.39, 1183162.901], [2547847.797, 1183178.316], [2547839.504, 1183177.1], [2547816.964, 1183169.38], [2547784.085, 1183160.701], [2547751.165, 1183153.602], [2547716.2060000002, 1183150.183], [2547710.336, 1183150.263], [2547681.266, 1183150.114], [2547650.647, 1183152.965], [2547624.357, 1183157.726], [2547598.318, 1183163.826], [2547584.918, 1183166.247], [2547579.828, 1183167.607], [2547577.478, 1183168.3969999999], [2547560.369, 1183174.448], [2547545.679, 1183179.568], [2547542.869, 1183180.608], [2547542.238, 1183180.826], [2547526.339, 1183186.309], [2547513.44, 1183190.929], [2547494.33, 1183197.719], [2547480.35, 1183202.78], [2547466.26, 1183207.76], [2547461.75, 1183209.43], [2547446.211, 1183214.91], [2547441.3310000002, 1183216.761], [2547416.781, 1183225.501], [2547410.631, 1183227.761], [2547408.891, 1183228.311], [2547401.691, 1183230.841], [2547398.481, 1183222.0219999999], [2547412.691, 1183216.961], [2547436.0810000002, 1183208.571], [2547445.491, 1183202.8], [2547509.62, 1183180.119], [2547525.359, 1183174.059], [2547568.568, 1183157.777], [2547579.918, 1183154.417], [2547580.858, 1183154.227], [2547595.108, 1183150.177], [2547621.437, 1183143.416], [2547648.547, 1183138.665], [2547680.386, 1183136.504], [2547716.835, 1183137.883], [2547753.275, 1183140.442], [2547786.974, 1183145.491], [2547821.574, 1183153.85], [2547845.164, 1183161.45], [2547851.39, 1183162.901]]]}, "properties": {"OBJECTID": 52072825, "NUMERO": "DP 1177", "EGRID": "CH656983864567", "NO_COM_FED": 5939, "GENRE_TXT": "DP communal", "SUPERFICIE_MO": 6099, "SUPERFICIE_RF": null}}, {"type": "Feature", "id": 52073084, "geometry": {"type": "Polygon", "coordinates": [[[2546812.43, 1183521.774], [2546811.11, 1183512.944], [2546809.94, 1183507.484], [2546809.27, 1183501.984], [2546809.07, 1183498.824], [2546810.68, 1183498.104], [2546819.86, 1183494.044], [2546821.62, 1183493.274], [2546829.379, 1183489.884], [2546830.619, 1183491.724], [2546837.349, 1183501.424], [2546841.829, 1183507.833], [2546843.279, 1183509.533], [2546833.849, 1183513.974], [2546835.199, 1183516.513], [2546829.469, 1183518.924], [2546825.4, 1183520.674], [2546823.58, 1183516.744], [2546819.61, 1183518.424], [2546819.42, 1183518.514], [2546818.15, 1183519.054], [2546812.43, 1183521.774]]]}, "properties": {"OBJECTID": 52073084, "NUMERO": "57", "EGRID": "CH538397458833", "NO_COM_FED": 5939, "GENRE_TXT": "parcelle priv\u00e9e", "SUPERFICIE_MO": 675, "SUPERFICIE_RF": 675}}, {"type": "Feature", "id": 52073838, "geometry": {"type": "Polygon", "coordinates": [[[2547390.902, 1183392.781], [2547383.602, 1183381.371], [2547391.992, 1183378.201], [2547400.341, 1183380.311], [2547404.941, 1183387.49], [2547390.902, 1183392.781]]]}, "properties": {"OBJECTID": 52073838, "NUMERO": "1770", "EGRID": "CH609745848326", "NO_COM_FED": 5939, "GENRE_TXT": "parcelle priv\u00e9e", "SUPERFICIE_MO": 184, "SUPERFICIE_RF": 183}}, {"type": "Feature", "id": 52073957, "geometry": {"type": "Polygon", "coordinates": [[[2546902.818, 1183480.492], [2546907.718, 1183487.682], [2546918.348, 1183497.212], [2546903.888, 1183514.432], [2546901.318, 1183512.592], [2546887.619, 1183495.592], [2546886.479, 1183494.112], [2546888.819, 1183492.182], [2546897.558, 1183484.982], [2546902.818, 1183480.492]]]}, "properties": {"OBJECTID": 52073957, "NUMERO": "65", "EGRID": "CH754883974582", "NO_COM_FED": 5939, "GENRE_TXT": "parcelle priv\u00e9e", "SUPERFICIE_MO": 534, "SUPERFICIE_RF": 534}}, {"type": "Feature", "id": 52074931, "geometry": {"type": "Polygon", "coordinates": [[[2546544.123, 1183545.95], [2546538.523, 1183524.111], [2546572.883, 1183515.61], [2546578.363, 1183537.86], [2546548.793, 1183545.18], [2546544.123, 1183545.95]]]}, "properties": {"OBJECTID": 52074931, "NUMERO": "1711", "EGRID": "CH169883458340", "NO_COM_FED": 5939, "GENRE_TXT": "parcelle priv\u00e9e", "SUPERFICIE_MO": 808, "SUPERFICIE_RF": 809}}, {"type": "Feature", "id": 52075048, "geometry": {"type": "Polygon", "coordinates": [[[2546970.173, 1183068.27], [2546949.791, 1183087.054], [2546932.446, 1183068.234], [2546933.446, 1183067.269], [2546955.509, 1183045.97], [2546959.537, 1183052.203], [2546962.527, 1183051.903], [2546965.737, 1183058.253], [2546970.173, 1183068.27]]]}, "properties": {"OBJECTID": 52075048, "NUMERO": "2686", "EGRID": "CH957783084580", "NO_COM_FED": 5939, "GENRE_TXT": "parcelle priv\u00e9e", "SUPERFICIE_MO": 802, "SUPERFICIE_RF": 801}}, {"type": "Feature", "id": 52075570, "geometry": {"type": "Polygon", "coordinates": [[[2545788.946, 1183371.552], [2545809.276, 1183378.031], [2545825.766, 1183385.371], [2545848.376, 1183397.02], [2545885.006, 1183417.399], [2545903.266, 1183424.518], [2545938.386, 1183434.1469999999], [2546012.736, 1183459.245], [2546037.276, 1183466.324], [2546083.716, 1183478.643], [2546094.806, 1183483.553], [2546145.7060000002, 1183518.941], [2546161.4359999998, 1183529.59], [2546178.656, 1183541.41], [2546182.646, 1183544.09], [2546214.9560000002, 1183566.379], [2546214.076, 1183572.059], [2546157.31, 1183588.262], [2546151.327, 1183589.97], [2546068.567, 1183611.792], [2546001.208, 1183630.084], [2545962.528, 1183638.565], [2545922.648, 1183642.206], [2545858.329, 1183646.288], [2545823.339, 1183637.159], [2545812.799, 1183630.369], [2545757.619, 1183586.591], [2545695.978, 1183537.813], [2545694.718, 1183530.383], [2545740.487, 1183448.672], [2545781.806, 1183374.222], [2545788.946, 1183371.552]]]}, "properties": {"OBJECTID": 52075570, "NUMERO": "331", "EGRID": "CH844583978771", "NO_COM_FED": 5939, "GENRE_TXT": "parcelle priv\u00e9e", "SUPERFICIE_MO": 80622, "SUPERFICIE_RF": 80629}}, {"type": "Feature", "id": 52075589, "geometry": {"type": "Polygon", "coordinates": [[[2547853.542, 1183054.039], [2547860.432, 1183059.869], [2547870.672, 1183066.479], [2547874.112, 1183067.859], [2547858.183, 1183086.139], [2547831.223, 1183117.48], [2547818.283, 1183108.72], [2547820.853, 1183104.58], [2547813.933, 1183099.8], [2547853.542, 1183054.039]]]}, "properties": {"OBJECTID": 52075589, "NUMERO": "2015", "EGRID": "CH644583978841", "NO_COM_FED": 5939, "GENRE_TXT": "parcelle priv\u00e9e", "SUPERFICIE_MO": 1551, "SUPERFICIE_RF": 1548}}, {"type": "Feature", "id": 52075616, "geometry": {"type": "Polygon", "coordinates": [[[2547049.659, 1183376.428], [2547056.7060000002, 1183373.519], [2547064.196, 1183382.809], [2547067.076, 1183386.389], [2547057.426, 1183391.609], [2547055.226, 1183387.309], [2547049.659, 1183376.428]]]}, "properties": {"OBJECTID": 52075616, "NUMERO": "2558", "EGRID": "CH198390074597", "NO_COM_FED": 5939, "GENRE_TXT": "parcelle priv\u00e9e", "SUPERFICIE_MO": 154, "SUPERFICIE_RF": 154}}, {"type": "Feature", "id": 52076528, "geometry": {"type": "Polygon", "coordinates": [[[2546872.319, 1183476.183], [2546876.459, 1183475.153], [2546896.018, 1183470.382], [2546902.818, 1183480.492], [2546897.558, 1183484.982], [2546888.819, 1183492.182], [2546886.479, 1183494.112], [2546872.319, 1183476.183]]]}, "properties": {"OBJECTID": 52076528, "NUMERO": "62", "EGRID": "CH914578839865", "NO_COM_FED": 5939, "GENRE_TXT": "parcelle priv\u00e9e", "SUPERFICIE_MO": 383, "SUPERFICIE_RF": 385}}, {"type": "Feature", "id": 52076828, "geometry": {"type": "Polygon", "coordinates": [[[2546917.387, 1182990.364], [2546917.397, 1182994.864], [2546902.088, 1183012.885], [2546878.118, 1182992.375], [2546898.237, 1182968.815], [2546917.387, 1182990.364]]]}, "properties": {"OBJECTID": 52076828, "NUMERO": "1959", "EGRID": "CH857783974541", "NO_COM_FED": 5939, "GENRE_TXT": "parcelle priv\u00e9e", "SUPERFICIE_MO": 904, "SUPERFICIE_RF": 902}}, {"type": "Feature", "id": 52077339, "geometry": {"type": "Polygon", "coordinates": [[[2546837.929, 1183428.304], [2546868.459, 1183395.473], [2546891.798, 1183369.983], [2546898.388, 1183375.813], [2546889.998, 1183384.613], [2546887.258, 1183387.573], [2546880.4189999998, 1183394.873], [2546856.149, 1183420.714], [2546834.619, 1183443.314], [2546810.19, 1183469.294], [2546809.82, 1183472.354], [2546813.97, 1183479.164], [2546816.85, 1183480.284], [2546769.69, 1183490.465], [2546776.754, 1183485.849], [2546787.26, 1183478.985], [2546804.9, 1183462.935], [2546812.38, 1183455.144], [2546815.47, 1183451.964], [2546827.989, 1183438.564], [2546836.219, 1183430.174], [2546837.929, 1183428.304]]]}, "properties": {"OBJECTID": 52077339, "NUMERO": "DP 1220", "EGRID": "CH656383864535", "NO_COM_FED": 5939, "GENRE_TXT": "DP communal", "SUPERFICIE_MO": 1470, "SUPERFICIE_RF": null}}, {"type": "Feature", "id": 52077452, "geometry": {"type": "Polygon", "coordinates": [[[2547125.735, 1183238.438], [2547128.815, 1183234.828], [2547128.355, 1183234.508], [2547133.615, 1183226.678], [2547137.015, 1183222.178], [2547132.765, 1183215.668], [2547128.985, 1183210.958], [2547147.445, 1183196.398], [2547167.754, 1183217.607], [2547165.204, 1183220.587], [2547162.7939999998, 1183223.317], [2547154.925, 1183232.307], [2547154.215, 1183233.127], [2547152.545, 1183235.087], [2547148.065, 1183234.607], [2547142.525, 1183235.098], [2547125.735, 1183238.438]]]}, "properties": {"OBJECTID": 52077452, "NUMERO": "2056", "EGRID": "CH598397124577", "NO_COM_FED": 5939, "GENRE_TXT": "parcelle priv\u00e9e", "SUPERFICIE_MO": 947, "SUPERFICIE_RF": 946}}, {"type": "Feature", "id": 52077661, "geometry": {"type": "Polygon", "coordinates": [[[2546486.284, 1183500.572], [2546483.234, 1183494.352], [2546464.304, 1183463.6030000001], [2546455.454, 1183449.5929999999], [2546450.2939999998, 1183445.0929999999], [2546444.584, 1183442.413], [2546455.154, 1183438.423], [2546455.424, 1183441.943], [2546458.804, 1183446.8429999999], [2546487.0439999998, 1183492.262], [2546501.844, 1183521.642], [2546506.754, 1183531.411], [2546513.424, 1183544.811], [2546519.0640000002, 1183548.961], [2546509.114, 1183549.761], [2546508.714, 1183545.251], [2546486.284, 1183500.572]]]}, "properties": {"OBJECTID": 52077661, "NUMERO": "DP 1037", "EGRID": "CH686683458684", "NO_COM_FED": 5939, "GENRE_TXT": "DP communal", "SUPERFICIE_MO": 583, "SUPERFICIE_RF": null}}, {"type": "Feature", "id": 52078444, "geometry": {"type": "Polygon", "coordinates": [[[2546750.119, 1183200.171], [2546768.268, 1183178.876], [2546787.751, 1183197.187], [2546768.61, 1183217.551], [2546750.119, 1183200.171]]]}, "properties": {"OBJECTID": 52078444, "NUMERO": "2632", "EGRID": "CH229242834509", "NO_COM_FED": 5939, "GENRE_TXT": "parcelle priv\u00e9e", "SUPERFICIE_MO": 728, "SUPERFICIE_RF": 728}}, {"type": "Feature", "id": 52080106, "geometry": {"type": "Polygon", "coordinates": [[[2547542.238, 1183180.826], [2547542.869, 1183180.608], [2547545.679, 1183179.568], [2547560.369, 1183174.448], [2547573.9189999998, 1183200.417], [2547575.819, 1183204.197], [2547576.749, 1183205.8969999999], [2547568.699, 1183208.887], [2547559.562, 1183212.148], [2547557.499, 1183206.4679999999], [2547555.949, 1183207.068], [2547552.448, 1183208.328], [2547542.238, 1183180.826]]]}, "properties": {"OBJECTID": 52080106, "NUMERO": "1720", "EGRID": "CH309745058374", "NO_COM_FED": 5939, "GENRE_TXT": "parcelle priv\u00e9e", "SUPERFICIE_MO": 724, "SUPERFICIE_RF": 720}}, {"type": "Feature", "id": 52080111, "geometry": {"type": "Polygon", "coordinates": [[[2547672.174, 1182927.184], [2547647.275, 1182955.945], [2547624.136, 1182982.695], [2547609.336, 1182965.926], [2547650.5640000002, 1182918.244], [2547661.764, 1182924.134], [2547672.174, 1182927.184]]]}, "properties": {"OBJECTID": 52080111, "NUMERO": "2173", "EGRID": "CH129889834540", "NO_COM_FED": 5939, "GENRE_TXT": "parcelle priv\u00e9e", "SUPERFICIE_MO": 1499, "SUPERFICIE_RF": 1503}}, {"type": "Feature", "id": 52080556, "geometry": {"type": "Polygon", "coordinates": [[[2547356.852, 1183282.222], [2547356.112, 1183282.5219999999], [2547341.322, 1183288.873], [2547323.912, 1183258.543], [2547325.332, 1183258.033], [2547339.722, 1183252.893], [2547349.502, 1183269.702], [2547351.652, 1183273.432], [2547356.852, 1183282.222]]]}, "properties": {"OBJECTID": 52080556, "NUMERO": "94", "EGRID": "CH880683459773", "NO_COM_FED": 5939, "GENRE_TXT": "parcelle priv\u00e9e", "SUPERFICIE_MO": 573, "SUPERFICIE_RF": 574}}, {"type": "Feature", "id": 52081136, "geometry": {"type": "Polygon", "coordinates": [[[2546914.744, 1183050.923], [2546894.225, 1183071.12], [2546876.699, 1183053.318], [2546897.648, 1183028.715], [2546914.744, 1183050.923]]]}, "properties": {"OBJECTID": 52081136, "NUMERO": "2662", "EGRID": "CH514520839646", "NO_COM_FED": 5939, "GENRE_TXT": "parcelle priv\u00e9e", "SUPERFICIE_MO": 803, "SUPERFICIE_RF": 801}}, {"type": "Feature", "id": 52081404, "geometry": {"type": "Polygon", "coordinates": [[[2547425.531, 1183266.241], [2547420.631, 1183255.811], [2547425.291, 1183253.891], [2547411.341, 1183228.981], [2547410.631, 1183227.761], [2547416.781, 1183225.501], [2547441.3310000002, 1183216.761], [2547446.211, 1183214.91], [2547449.83, 1183225.74], [2547451.95, 1183231.89], [2547453.07, 1183235.13], [2547455.96, 1183243.04], [2547460.83, 1183253.49], [2547425.531, 1183266.241]]]}, "properties": {"OBJECTID": 52081404, "NUMERO": "2170", "EGRID": "CH838397450415", "NO_COM_FED": 5939, "GENRE_TXT": "parcelle priv\u00e9e", "SUPERFICIE_MO": 1475, "SUPERFICIE_RF": 1475}}, {"type": "Feature", "id": 52081405, "geometry": {"type": "Polygon", "coordinates": [[[2547429.0810000002, 1183167.131], [2547441.56, 1183154.501], [2547451.23, 1183164.061], [2547451.83, 1183164.701], [2547459.17, 1183171.83], [2547459.74, 1183172.48], [2547462.99, 1183180.36], [2547460.823082552, 1183181.1639737338], [2547458.59, 1183181.76], [2547456.303032149, 1183182.143996156], [2547453.99, 1183182.31], [2547445.31, 1183182.121], [2547445.38, 1183177.051], [2547445.44, 1183171.021], [2547442.5810000002, 1183171.021], [2547439.441, 1183170.981], [2547436.571, 1183170.961], [2547433.431, 1183170.991], [2547429.0810000002, 1183167.131]]]}, "properties": {"OBJECTID": 52081405, "NUMERO": "2034", "EGRID": "CH750683974552", "NO_COM_FED": 5939, "GENRE_TXT": "parcelle priv\u00e9e", "SUPERFICIE_MO": 430, "SUPERFICIE_RF": 429}}, {"type": "Feature", "id": 52081458, "geometry": {"type": "Polygon", "coordinates": [[[2547102.785, 1183375.758], [2547101.4560382515, 1183375.160883297], [2547100.2318621776, 1183374.3708955592], [2547099.1402572664, 1183373.4059673727], [2547098.2060000002, 1183372.288], [2547094.136, 1183363.088], [2547089.566, 1183352.818], [2547089.3239703383, 1183351.9345717481], [2547089.237738465, 1183351.0226573346], [2547089.3098824676, 1183350.1095203916], [2547089.5382454456, 1183349.2224611016], [2547089.916, 1183348.388], [2547090.381855541, 1183347.6942405617], [2547090.951015732, 1183347.0823743832], [2547091.6093165525, 1183346.5676282586], [2547092.3403756446, 1183346.1628120695], [2547093.126, 1183345.878], [2547110.475, 1183340.838], [2547117.915, 1183338.508], [2547122.565, 1183336.828], [2547130.765, 1183350.687], [2547128.965, 1183353.767], [2547127.545, 1183354.577], [2547120.565, 1183358.787], [2547124.015, 1183364.327], [2547123.815, 1183364.447], [2547123.405, 1183364.727], [2547125.055, 1183367.387], [2547118.095, 1183371.327], [2547110.685, 1183375.168], [2547109.190884393, 1183375.8204790861], [2547107.6084682173, 1183376.2129959003], [2547105.982624843, 1183376.334419646], [2547104.359459128, 1183376.1813070488], [2547102.785, 1183375.758]]]}, "properties": {"OBJECTID": 52081458, "NUMERO": "96", "EGRID": "CH509745058306", "NO_COM_FED": 5939, "GENRE_TXT": "parcelle priv\u00e9e", "SUPERFICIE_MO": 1044, "SUPERFICIE_RF": 1041}}, {"type": "Feature", "id": 52081726, "geometry": {"type": "Polygon", "coordinates": [[[2546486.284, 1183500.572], [2546508.714, 1183545.251], [2546509.114, 1183549.761], [2546492.704, 1183551.042], [2546489.934, 1183551.352], [2546478.244, 1183552.182], [2546445.445, 1183555.743], [2546442.405, 1183556.053], [2546442.025, 1183555.173], [2546429.695, 1183531.153], [2546442.985, 1183522.023], [2546443.545, 1183521.653], [2546446.475, 1183519.633], [2546448.795, 1183518.033], [2546460.764, 1183509.5929999999], [2546464.724, 1183506.762], [2546466.484, 1183505.502], [2546470.454, 1183511.492], [2546486.284, 1183500.572]]]}, "properties": {"OBJECTID": 52081726, "NUMERO": "264", "EGRID": "CH468683456685", "NO_COM_FED": 5939, "GENRE_TXT": "parcelle priv\u00e9e", "SUPERFICIE_MO": 2727, "SUPERFICIE_RF": 2736}}, {"type": "Feature", "id": 52081740, "geometry": {"type": "Polygon", "coordinates": [[[2547066.184, 1182885.39], [2547069.354, 1182889.26], [2547043.895, 1182909.001], [2547040.835, 1182905.101], [2547028.315, 1182888.942], [2547053.584, 1182869.281], [2547066.184, 1182885.39]]]}, "properties": {"OBJECTID": 52081740, "NUMERO": "1724", "EGRID": "CH898397484561", "NO_COM_FED": 5939, "GENRE_TXT": "parcelle priv\u00e9e", "SUPERFICIE_MO": 816, "SUPERFICIE_RF": 817}}, {"type": "Feature", "id": 52082091, "geometry": {"type": "Polygon", "coordinates": [[[2546468.529, 1182938.547], [2546539.4189999998, 1182911.685], [2546543.219, 1182905.095], [2546545.539, 1182919.025], [2546539.979, 1182915.835], [2546463.259, 1182944.6469999999], [2546387.7, 1182973.149], [2546345.85, 1182988.77], [2546264.261, 1183019.542], [2546191.641, 1183046.873], [2546115.842, 1183075.305], [2546113.882, 1183081.095], [2546106.452, 1183069.426], [2546113.782, 1183071.875], [2546190.251, 1183043.253], [2546233.621, 1183026.882], [2546262.951, 1183015.892], [2546344.67, 1182984.99], [2546386.38, 1182969.329], [2546462.009, 1182940.967], [2546468.529, 1182938.547]]]}, "properties": {"OBJECTID": 52082091, "NUMERO": "DP 1110", "EGRID": "CH398397444549", "NO_COM_FED": 5939, "GENRE_TXT": "DP communal", "SUPERFICIE_MO": 1874, "SUPERFICIE_RF": null}}, {"type": "Feature", "id": 52082580, "geometry": {"type": "Polygon", "coordinates": [[[2547624.136, 1182982.695], [2547647.275, 1182955.945], [2547667.495, 1182973.454], [2547669.755, 1182975.424], [2547670.045, 1182979.414], [2547667.915, 1182982.594], [2547648.365, 1183005.275], [2547645.275, 1183005.445], [2547624.136, 1182982.695]]]}, "properties": {"OBJECTID": 52082580, "NUMERO": "2174", "EGRID": "CH588783459725", "NO_COM_FED": 5939, "GENRE_TXT": "parcelle priv\u00e9e", "SUPERFICIE_MO": 1220, "SUPERFICIE_RF": 1224}}, {"type": "Feature", "id": 52082623, "geometry": {"type": "Polygon", "coordinates": [[[2546878.118, 1182992.375], [2546902.088, 1183012.885], [2546883.458, 1183034.665], [2546859.558, 1183014.166], [2546865.568, 1183007.096], [2546878.118, 1182992.375]]]}, "properties": {"OBJECTID": 52082623, "NUMERO": "1958", "EGRID": "CH414577839751", "NO_COM_FED": 5939, "GENRE_TXT": "parcelle priv\u00e9e", "SUPERFICIE_MO": 903, "SUPERFICIE_RF": 902}}, {"type": "Feature", "id": 52083601, "geometry": {"type": "Polygon", "coordinates": [[[2547050.356, 1183288.49], [2547052.616, 1183294.089], [2547053.036, 1183295.099], [2547058.316, 1183308.179], [2547059.4359999998, 1183310.929], [2547043.066, 1183321.75], [2547027.826, 1183331.87], [2547024.636, 1183333.99], [2547024.036, 1183334.39], [2547021.137, 1183330.24], [2547017.337, 1183333.2], [2547010.797, 1183338.41], [2547005.637, 1183342.53], [2546999.317, 1183334.791], [2546996.937, 1183331.881], [2547010.507, 1183320.83], [2547011.187, 1183320.27], [2547013.967, 1183318.01], [2547017.457, 1183315.17], [2547020.427, 1183312.75], [2547035.766, 1183300.25], [2547050.356, 1183288.49]]]}, "properties": {"OBJECTID": 52083601, "NUMERO": "199", "EGRID": "CH629786834521", "NO_COM_FED": 5939, "GENRE_TXT": "parcelle priv\u00e9e", "SUPERFICIE_MO": 1243, "SUPERFICIE_RF": 1240}}, {"type": "Feature", "id": 52084411, "geometry": {"type": "Polygon", "coordinates": [[[2546159.677, 1183597.096], [2546154.027, 1183598.61], [2546071.127, 1183621.0320000001], [2546003.368, 1183639.594], [2545963.758, 1183647.845], [2545923.248, 1183651.646], [2545858.989, 1183656.048], [2545808.389, 1183657.439], [2545728.549, 1183662.551], [2545709.37, 1183664.761], [2545707.4, 1183665.442], [2545691.34, 1183671.792], [2545681.51, 1183678.592], [2545666.19, 1183676.643], [2545681.46, 1183666.392], [2545681.37, 1183663.382], [2545728.079, 1183653.001], [2545807.739, 1183647.799], [2545842.629, 1183646.7179999999], [2545858.329, 1183646.288], [2545922.648, 1183642.206], [2545962.528, 1183638.565], [2546001.208, 1183630.084], [2546068.567, 1183611.792], [2546151.327, 1183589.97], [2546157.31, 1183588.262], [2546159.677, 1183597.096]]]}, "properties": {"OBJECTID": 52084411, "NUMERO": "DP 1051", "EGRID": "CH238397457650", "NO_COM_FED": 5939, "GENRE_TXT": "DP cantonal", "SUPERFICIE_MO": 4721, "SUPERFICIE_RF": null}}, {"type": "Feature", "id": 52084705, "geometry": {"type": "Polygon", "coordinates": [[[2547187.334, 1183224.247], [2547197.424, 1183213.676], [2547207.434, 1183225.446], [2547186.074, 1183241.307], [2547178.224, 1183247.6570000001], [2547174.284, 1183245.267], [2547175.5439999998, 1183242.077], [2547178.664, 1183234.007], [2547179.174, 1183232.6570000001], [2547187.334, 1183224.247]]]}, "properties": {"OBJECTID": 52084705, "NUMERO": "109", "EGRID": "CH884883459706", "NO_COM_FED": 5939, "GENRE_TXT": "parcelle priv\u00e9e", "SUPERFICIE_MO": 435, "SUPERFICIE_RF": 435}}, {"type": "Feature", "id": 52084872, "geometry": {"type": "Polygon", "coordinates": [[[2547717.716, 1183198.673], [2547710.606, 1183152.273], [2547712.696, 1183152.293], [2547710.336, 1183150.263], [2547716.2060000002, 1183150.183], [2547751.165, 1183153.602], [2547757.035, 1183160.552], [2547759.365, 1183169.132], [2547761.965, 1183186.182], [2547764.385, 1183191.352], [2547742.226, 1183194.813], [2547727.326, 1183197.213], [2547717.716, 1183198.673]]]}, "properties": {"OBJECTID": 52084872, "NUMERO": "1923", "EGRID": "CH851083974507", "NO_COM_FED": 5939, "GENRE_TXT": "parcelle priv\u00e9e", "SUPERFICIE_MO": 1971, "SUPERFICIE_RF": 1966}}, {"type": "Feature", "id": 52085041, "geometry": {"type": "Polygon", "coordinates": [[[2546800.238, 1182939.308], [2546803.378, 1182936.098], [2546816.977, 1182922.208], [2546840.397, 1182945.177], [2546822.998, 1182962.967], [2546800.238, 1182939.308]]]}, "properties": {"OBJECTID": 52085041, "NUMERO": "2121", "EGRID": "CH429777834573", "NO_COM_FED": 5939, "GENRE_TXT": "parcelle priv\u00e9e", "SUPERFICIE_MO": 801, "SUPERFICIE_RF": 800}}, {"type": "Feature", "id": 52085153, "geometry": {"type": "Polygon", "coordinates": [[[2547425.707, 1182821.3], [2547423.437, 1182819.05], [2547430.382, 1182817.744], [2547438.343, 1182816.989], [2547446.336, 1182816.916], [2547449.3109999998, 1182817.252], [2547452.197, 1182818.061], [2547453.538884481, 1182818.7199366605], [2547454.816, 1182819.497], [2547456.02672468, 1182820.3907768873], [2547457.152, 1182821.39], [2547450.987, 1182828.54], [2547434.977, 1182846.22], [2547433.487, 1182844.81], [2547435.907, 1182842.08], [2547432.887, 1182839.34], [2547434.617, 1182837.28], [2547424.757, 1182828.3], [2547423.847, 1182828.93], [2547421.567, 1182826.42], [2547421.727, 1182826.27], [2547426.187, 1182821.74], [2547425.707, 1182821.3]]]}, "properties": {"OBJECTID": 52085153, "NUMERO": "136", "EGRID": "CH108645668362", "NO_COM_FED": 5939, "GENRE_TXT": "parcelle priv\u00e9e", "SUPERFICIE_MO": 530, "SUPERFICIE_RF": 531}}, {"type": "Feature", "id": 52085350, "geometry": {"type": "Polygon", "coordinates": [[[2547197.054, 1183042.057], [2547190.734, 1183048.877], [2547181.154, 1183059.098], [2547173.974, 1183051.948], [2547173.214, 1183051.2280000001], [2547160.224, 1183038.4780000001], [2547154.594, 1183030.888], [2547169.874, 1183015.788], [2547182.334, 1183027.7179999999], [2547195.464, 1183040.457], [2547197.054, 1183042.057]]]}, "properties": {"OBJECTID": 52085350, "NUMERO": "168", "EGRID": "CH109845958339", "NO_COM_FED": 5939, "GENRE_TXT": "parcelle priv\u00e9e", "SUPERFICIE_MO": 880, "SUPERFICIE_RF": 879}}, {"type": "Feature", "id": 52085440, "geometry": {"type": "Polygon", "coordinates": [[[2547135.343, 1182981.97], [2547116.264, 1182995.229], [2547102.425, 1182981.34], [2547124.097, 1182966.015], [2547135.343, 1182981.97]]]}, "properties": {"OBJECTID": 52085440, "NUMERO": "2673", "EGRID": "CH651283074597", "NO_COM_FED": 5939, "GENRE_TXT": "parcelle priv\u00e9e", "SUPERFICIE_MO": 483, "SUPERFICIE_RF": 484}}, {"type": "Feature", "id": 52085650, "geometry": {"type": "Polygon", "coordinates": [[[2546540.707, 1183645.442], [2546515.69, 1183676.885], [2546491.729, 1183658.19], [2546495.244, 1183653.281], [2546503.034, 1183642.401], [2546506.764, 1183637.251], [2546507.164, 1183636.701], [2546513.114, 1183628.571], [2546513.424, 1183628.121], [2546515.204, 1183625.751], [2546516.299, 1183625.066], [2546520.344, 1183627.98], [2546526.818, 1183624.29], [2546538.685, 1183633.845], [2546545.542, 1183639.365], [2546540.707, 1183645.442]]]}, "properties": {"OBJECTID": 52085650, "NUMERO": "2594", "EGRID": "CH186183459094", "NO_COM_FED": 5939, "GENRE_TXT": "parcelle priv\u00e9e", "SUPERFICIE_MO": 1470, "SUPERFICIE_RF": 1470}}, {"type": "Feature", "id": 52087692, "geometry": {"type": "Polygon", "coordinates": [[[2547165.655, 1183390.506], [2547152.365, 1183371.847], [2547147.395, 1183366.4070000001], [2547153.705, 1183359.387], [2547159.035, 1183354.757], [2547165.095, 1183349.766], [2547165.845, 1183350.636], [2547170.685, 1183355.816], [2547176.424, 1183354.026], [2547183.604, 1183364.306], [2547187.214, 1183362.116], [2547196.0640000002, 1183356.816], [2547198.254, 1183361.016], [2547202.264, 1183368.785], [2547170.955, 1183387.356], [2547165.655, 1183390.506]]]}, "properties": {"OBJECTID": 52087692, "NUMERO": "87", "EGRID": "CH514581839778", "NO_COM_FED": 5939, "GENRE_TXT": "parcelle priv\u00e9e", "SUPERFICIE_MO": 1141, "SUPERFICIE_RF": 1137}}, {"type": "Feature", "id": 52087899, "geometry": {"type": "Polygon", "coordinates": [[[2547212.8140000002, 1183297.686], [2547244.343, 1183277.085], [2547253.113, 1183273.915], [2547259.283, 1183271.595], [2547284.443, 1183262.664], [2547314.102, 1183252.133], [2547335.622, 1183244.423], [2547370.892, 1183231.912], [2547391.801, 1183224.452], [2547398.481, 1183222.0219999999], [2547401.691, 1183230.841], [2547394.601, 1183233.422], [2547387.951, 1183235.732], [2547386.111, 1183236.382], [2547368.372, 1183242.732], [2547366.412, 1183243.402], [2547360.752, 1183245.382], [2547350.342, 1183249.123], [2547349.022, 1183249.613], [2547339.722, 1183252.893], [2547325.332, 1183258.033], [2547323.912, 1183258.543], [2547309.192, 1183263.763], [2547306.323, 1183264.784], [2547302.963, 1183266.034], [2547299.953, 1183267.104], [2547298.503, 1183267.644], [2547287.453, 1183271.484], [2547285.883, 1183272.034], [2547277.483, 1183275.044], [2547267.053, 1183279.244], [2547256.763, 1183283.795], [2547252.083, 1183285.995], [2547243.993, 1183290.175], [2547236.134, 1183294.745], [2547228.584, 1183299.665], [2547216.574, 1183308.625], [2547212.8140000002, 1183297.686]]]}, "properties": {"OBJECTID": 52087899, "NUMERO": "DP 1020", "EGRID": "CH974597048348", "NO_COM_FED": 5939, "GENRE_TXT": "DP communal", "SUPERFICIE_MO": 1958, "SUPERFICIE_RF": null}}, {"type": "Feature", "id": 52087996, "geometry": {"type": "Polygon", "coordinates": [[[2546930.798, 1183545.731], [2546931.688, 1183544.691], [2546936.668, 1183538.911], [2546949.578, 1183550.251], [2546967.368, 1183545.29], [2546980.977, 1183574.3], [2546985.357, 1183591.329], [2546955.128, 1183599.56], [2546930.798, 1183545.731]]]}, "properties": {"OBJECTID": 52087996, "NUMERO": "42", "EGRID": "CH774597438396", "NO_COM_FED": 5939, "GENRE_TXT": "parcelle priv\u00e9e", "SUPERFICIE_MO": 1802, "SUPERFICIE_RF": 1797}}, {"type": "Feature", "id": 52088025, "geometry": {"type": "Polygon", "coordinates": [[[2547311.372, 1183070.504], [2547292.642, 1183051.905], [2547316.881, 1183025.784], [2547335.671, 1183044.403], [2547311.372, 1183070.504]]]}, "properties": {"OBJECTID": 52088025, "NUMERO": "244", "EGRID": "CH409745378341", "NO_COM_FED": 5939, "GENRE_TXT": "parcelle priv\u00e9e", "SUPERFICIE_MO": 941, "SUPERFICIE_RF": 944}}, {"type": "Feature", "id": 52089100, "geometry": {"type": "Polygon", "coordinates": [[[2546446.475, 1183519.633], [2546443.545, 1183521.653], [2546442.985, 1183522.023], [2546429.695, 1183531.153], [2546426.525, 1183524.473], [2546423.405, 1183518.303], [2546418.955, 1183519.654], [2546415.315, 1183520.764], [2546415.105, 1183520.834], [2546413.925, 1183516.204], [2546413.055, 1183513.064], [2546412.965, 1183512.884], [2546416.965, 1183511.804], [2546439.075, 1183502.3530000001], [2546446.475, 1183519.633]]]}, "properties": {"OBJECTID": 52089100, "NUMERO": "271", "EGRID": "CH674586668363", "NO_COM_FED": 5939, "GENRE_TXT": "parcelle priv\u00e9e", "SUPERFICIE_MO": 492, "SUPERFICIE_RF": 492}}, {"type": "Feature", "id": 52089161, "geometry": {"type": "Polygon", "coordinates": [[[2547817.303, 1183059.46], [2547835.582, 1183038.27], [2547853.542, 1183054.039], [2547813.933, 1183099.8], [2547808.073, 1183096.271], [2547805.5439999998, 1183100.201], [2547789.364, 1183091.651], [2547817.303, 1183059.46]]]}, "properties": {"OBJECTID": 52089161, "NUMERO": "2016", "EGRID": "CH614541839716", "NO_COM_FED": 5939, "GENRE_TXT": "parcelle priv\u00e9e", "SUPERFICIE_MO": 1589, "SUPERFICIE_RF": 1581}}, {"type": "Feature", "id": 52089427, "geometry": {"type": "Polygon", "coordinates": [[[2547355.823, 1183159.935], [2547371.481, 1183144.073], [2547377.241, 1183143.992], [2547394.651, 1183161.162], [2547394.711, 1183166.792], [2547381.301, 1183180.392], [2547375.5609999998, 1183180.372], [2547361.452, 1183166.533], [2547355.292, 1183160.473], [2547355.823, 1183159.935]]]}, "properties": {"OBJECTID": 52089427, "NUMERO": "1758", "EGRID": "CH614569838666", "NO_COM_FED": 5939, "GENRE_TXT": "parcelle priv\u00e9e", "SUPERFICIE_MO": 857, "SUPERFICIE_RF": 856}}, {"type": "Feature", "id": 52089507, "geometry": {"type": "Polygon", "coordinates": [[[2546686.751, 1183244.889], [2546693.001, 1183253.458], [2546692.841, 1183261.128], [2546679.791, 1183276.429], [2546686.751, 1183244.889]]]}, "properties": {"OBJECTID": 52089507, "NUMERO": "227", "EGRID": "CH484183459740", "NO_COM_FED": 5939, "GENRE_TXT": "parcelle priv\u00e9e", "SUPERFICIE_MO": 177, "SUPERFICIE_RF": 176}}, {"type": "Feature", "id": 52089783, "geometry": {"type": "Polygon", "coordinates": [[[2547387.951, 1183235.732], [2547389.651, 1183238.852], [2547403.251, 1183262.941], [2547406.241, 1183268.201], [2547400.261, 1183270.801], [2547398.681, 1183271.541], [2547392.861, 1183273.871], [2547391.111, 1183274.611], [2547384.901, 1183277.192], [2547382.151, 1183271.902], [2547366.412, 1183243.402], [2547368.372, 1183242.732], [2547386.111, 1183236.382], [2547387.951, 1183235.732]]]}, "properties": {"OBJECTID": 52089783, "NUMERO": "1461", "EGRID": "CH129782834533", "NO_COM_FED": 5939, "GENRE_TXT": "parcelle priv\u00e9e", "SUPERFICIE_MO": 861, "SUPERFICIE_RF": 860}}, {"type": "Feature", "id": 52090192, "geometry": {"type": "Polygon", "coordinates": [[[2547152.545, 1183235.087], [2547154.215, 1183233.127], [2547154.925, 1183232.307], [2547162.7939999998, 1183223.317], [2547165.204, 1183220.587], [2547167.754, 1183217.607], [2547187.334, 1183224.247], [2547179.174, 1183232.6570000001], [2547178.664, 1183234.007], [2547175.5439999998, 1183242.077], [2547174.284, 1183245.267], [2547162.214, 1183237.667], [2547155.035, 1183235.307], [2547152.545, 1183235.087]]]}, "properties": {"OBJECTID": 52090192, "NUMERO": "2055", "EGRID": "CH114583839801", "NO_COM_FED": 5939, "GENRE_TXT": "parcelle priv\u00e9e", "SUPERFICIE_MO": 463, "SUPERFICIE_RF": 461}}, {"type": "Feature", "id": 52090215, "geometry": {"type": "Polygon", "coordinates": [[[2546704.8109999998, 1183348.458], [2546723.301, 1183334.487], [2546744.23, 1183362.467], [2546726.191, 1183376.1469999999], [2546721.591, 1183370.177], [2546704.8109999998, 1183348.458]]]}, "properties": {"OBJECTID": 52090215, "NUMERO": "2183", "EGRID": "CH914551839718", "NO_COM_FED": 5939, "GENRE_TXT": "parcelle priv\u00e9e", "SUPERFICIE_MO": 801, "SUPERFICIE_RF": 800}}, {"type": "Feature", "id": 52090432, "geometry": {"type": "Polygon", "coordinates": [[[2547446.861, 1183452.809], [2547444.591, 1183449.239], [2547420.291, 1183411.43], [2547449.101, 1183400.779], [2547426.471, 1183365.37], [2547514.05, 1183332.518], [2547528.52, 1183371.188], [2547549.879, 1183428.597], [2547548.699, 1183428.947], [2547544.82, 1183430.1469999999], [2547517.56, 1183437.987], [2547513.67, 1183439.098], [2547510.73, 1183439.898], [2547495.77, 1183442.988], [2547479.81, 1183446.198], [2547446.861, 1183452.809]]]}, "properties": {"OBJECTID": 52090432, "NUMERO": "1887", "EGRID": "CH929700834514", "NO_COM_FED": 5939, "GENRE_TXT": "parcelle priv\u00e9e", "SUPERFICIE_MO": 9771, "SUPERFICIE_RF": 9751}}, {"type": "Feature", "id": 52090626, "geometry": {"type": "Polygon", "coordinates": [[[2547397.441, 1183367.131], [2547380.462, 1183334.121], [2547402.211, 1183322.721], [2547418.541, 1183353.88], [2547416.271, 1183360.08], [2547397.441, 1183367.131]]]}, "properties": {"OBJECTID": 52090626, "NUMERO": "1881", "EGRID": "CH709745718331", "NO_COM_FED": 5939, "GENRE_TXT": "parcelle priv\u00e9e", "SUPERFICIE_MO": 943, "SUPERFICIE_RF": 940}}, {"type": "Feature", "id": 52090781, "geometry": {"type": "Polygon", "coordinates": [[[2547190.394, 1183063.097], [2547185.914, 1183067.957], [2547168.834, 1183086.298], [2547123.415, 1183134.939], [2547121.725, 1183136.669], [2547093.355, 1183166.389], [2547077.266, 1183183.329], [2547068.846, 1183192.43], [2547056.266, 1183205.95], [2547054.746, 1183207.61], [2547044.216, 1183228.38], [2547043.4846053454, 1183228.6951089113], [2547042.8180654217, 1183229.130948672], [2547042.2361190733, 1183229.6746123685], [2547041.756, 1183230.31], [2547035.916, 1183214.19], [2547037.096, 1183212.95], [2547049.516, 1183200.03], [2547068.9359999998, 1183178.99], [2547070.846, 1183176.98], [2547074.9560000002, 1183172.54], [2547094.845, 1183151.219], [2547112.375, 1183132.409], [2547116.135, 1183128.359], [2547152.164, 1183090.048], [2547169.584, 1183071.518], [2547174.474, 1183066.308], [2547175.834, 1183064.808], [2547181.154, 1183059.098], [2547190.734, 1183048.877], [2547197.054, 1183042.057], [2547199.785, 1183039.143], [2547215.232, 1183022.717], [2547225.763, 1183024.936], [2547221.673, 1183029.367], [2547197.764, 1183055.267], [2547190.394, 1183063.097]]]}, "properties": {"OBJECTID": 52090781, "NUMERO": "DP 1025", "EGRID": "CH159583984581", "NO_COM_FED": 5939, "GENRE_TXT": "DP communal", "SUPERFICIE_MO": 2602, "SUPERFICIE_RF": null}}, {"type": "Feature", "id": 52090935, "geometry": {"type": "Polygon", "coordinates": [[[2546708.611, 1183396.667], [2546707.5197366364, 1183397.464166341], [2546706.3310000002, 1183398.107], [2546704.763854723, 1183398.7833172255], [2546703.334576983, 1183399.7163308642], [2546702.084818635, 1183400.8788511353], [2546701.051, 1183402.237], [2546665.751, 1183389.238], [2546666.171, 1183386.318], [2546666.361, 1183355.438], [2546678.981, 1183358.378], [2546708.611, 1183396.667]]]}, "properties": {"OBJECTID": 52090935, "NUMERO": "2415", "EGRID": "CH369783457705", "NO_COM_FED": 5939, "GENRE_TXT": "parcelle priv\u00e9e", "SUPERFICIE_MO": 1063, "SUPERFICIE_RF": 1062}}, {"type": "Feature", "id": 52091350, "geometry": {"type": "Polygon", "coordinates": [[[2547335.622, 1183244.423], [2547314.102, 1183252.133], [2547286.713, 1183224.874], [2547308.262, 1183217.114], [2547335.622, 1183244.423]]]}, "properties": {"OBJECTID": 52091350, "NUMERO": "1731", "EGRID": "CH669883458958", "NO_COM_FED": 5939, "GENRE_TXT": "parcelle priv\u00e9e", "SUPERFICIE_MO": 799, "SUPERFICIE_RF": 800}}, {"type": "Feature", "id": 52091876, "geometry": {"type": "Polygon", "coordinates": [[[2547378.629, 1182920.152], [2547379.019, 1182919.5320000001], [2547390.4390000002, 1182908.292], [2547397.407, 1182900.458], [2547403.463, 1182906.551], [2547399.262, 1182910.999], [2547397.8310000002, 1182921.118], [2547405.299, 1182928.291], [2547397.009, 1182937.101], [2547389.4189999998, 1182930.0219999999], [2547378.629, 1182920.152]]]}, "properties": {"OBJECTID": 52091876, "NUMERO": "2535", "EGRID": "CH309945988332", "NO_COM_FED": 5939, "GENRE_TXT": "parcelle priv\u00e9e", "SUPERFICIE_MO": 453, "SUPERFICIE_RF": 454}}, {"type": "Feature", "id": 52091883, "geometry": {"type": "Polygon", "coordinates": [[[2546992.047, 1183212.611], [2546988.417, 1183209.071], [2546992.547, 1183204.621], [2546996.127, 1183208.131], [2546994.117, 1183210.321], [2546993.117, 1183211.421], [2546992.047, 1183212.611]]]}, "properties": {"OBJECTID": 52091883, "NUMERO": "1662", "EGRID": "CH714541839779", "NO_COM_FED": 5939, "GENRE_TXT": "parcelle priv\u00e9e", "SUPERFICIE_MO": 31, "SUPERFICIE_RF": 30}}, {"type": "Feature", "id": 52092052, "geometry": {"type": "Polygon", "coordinates": [[[2547131.034, 1183010.049], [2547115.045, 1183024.909], [2547095.355, 1183004.31], [2547108.715, 1182991.89], [2547113.775, 1182996.959], [2547116.264, 1182995.229], [2547131.034, 1183010.049]]]}, "properties": {"OBJECTID": 52092052, "NUMERO": "2523", "EGRID": "CH698397374565", "NO_COM_FED": 5939, "GENRE_TXT": "parcelle priv\u00e9e", "SUPERFICIE_MO": 591, "SUPERFICIE_RF": 592}}, {"type": "Feature", "id": 52092317, "geometry": {"type": "Polygon", "coordinates": [[[2547155.374, 1182995.688], [2547154.704, 1182996.2280000001], [2547141.394, 1182977.769], [2547153.65, 1182969.284], [2547169.333, 1182958.428], [2547177.333, 1182978.028], [2547155.374, 1182995.688]]]}, "properties": {"OBJECTID": 52092317, "NUMERO": "2527", "EGRID": "CH674597378351", "NO_COM_FED": 5939, "GENRE_TXT": "parcelle priv\u00e9e", "SUPERFICIE_MO": 681, "SUPERFICIE_RF": 682}}, {"type": "Feature", "id": 52092420, "geometry": {"type": "Polygon", "coordinates": [[[2547556.585, 1182772.327], [2547564.085, 1182779.276], [2547570.354, 1182785.046], [2547584.594, 1182802.346], [2547581.264, 1182805.006], [2547557.725, 1182824.3969999999], [2547548.555, 1182816.167], [2547542.045, 1182810.337], [2547541.735, 1182810.027], [2547535.385, 1182804.227], [2547529.045, 1182798.317], [2547532.325, 1182796.007], [2547538.845, 1182791.317], [2547543.295, 1182787.927], [2547547.345, 1182784.047], [2547555.275, 1182776.307], [2547556.585, 1182772.327]]]}, "properties": {"OBJECTID": 52092420, "NUMERO": "1387", "EGRID": "CH728665834585", "NO_COM_FED": 5939, "GENRE_TXT": "parcelle priv\u00e9e", "SUPERFICIE_MO": 1415, "SUPERFICIE_RF": 1424}}, {"type": "Feature", "id": 52093027, "geometry": {"type": "Polygon", "coordinates": [[[2547069.126, 1183334.039], [2547065.816, 1183335.429], [2547055.266, 1183339.889], [2547054.406, 1183340.259], [2547051.726, 1183334.009], [2547047.096, 1183331.179], [2547043.066, 1183321.75], [2547059.4359999998, 1183310.929], [2547069.126, 1183334.039]]]}, "properties": {"OBJECTID": 52093027, "NUMERO": "2135", "EGRID": "CH614586839796", "NO_COM_FED": 5939, "GENRE_TXT": "parcelle priv\u00e9e", "SUPERFICIE_MO": 418, "SUPERFICIE_RF": 418}}, {"type": "Feature", "id": 52093194, "geometry": {"type": "Polygon", "coordinates": [[[2546800.855, 1183281.494], [2546805.812, 1183276.221], [2546810.768, 1183270.946], [2546815.748, 1183265.648], [2546871.016, 1183317.595], [2546875.467, 1183312.859], [2546897.545, 1183333.61], [2546855.478, 1183378.368], [2546843.819, 1183363.004], [2546831.099, 1183346.255], [2546823.009, 1183335.585], [2546817.279, 1183327.875], [2546806.219, 1183313.335], [2546790.499, 1183292.513], [2546800.855, 1183281.494]]]}, "properties": {"OBJECTID": 52093194, "NUMERO": "2620", "EGRID": "CH852483914535", "NO_COM_FED": 5939, "GENRE_TXT": "parcelle priv\u00e9e", "SUPERFICIE_MO": 5072, "SUPERFICIE_RF": 5067}}, {"type": "Feature", "id": 52093451, "geometry": {"type": "Polygon", "coordinates": [[[2546708.622, 1183774.295], [2546707.3109999998, 1183758.405], [2546696.612, 1183683.986], [2546704.391, 1183682.176], [2546706.941, 1183701.336], [2546708.721, 1183719.285], [2546714.071, 1183771.895], [2546708.622, 1183774.295]]]}, "properties": {"OBJECTID": 52093451, "NUMERO": "14", "EGRID": "CH959783974549", "NO_COM_FED": 5939, "GENRE_TXT": "parcelle priv\u00e9e", "SUPERFICIE_MO": 602, "SUPERFICIE_RF": 607}}, {"type": "Feature", "id": 52094180, "geometry": {"type": "Polygon", "coordinates": [[[2546706.559, 1183315.586], [2546680.501, 1183281.856], [2546695.011, 1183264.7179999999], [2546701.201, 1183264.868], [2546727.525, 1183299.739], [2546706.559, 1183315.586]]]}, "properties": {"OBJECTID": 52094180, "NUMERO": "2696", "EGRID": "CH674509918302", "NO_COM_FED": 5939, "GENRE_TXT": "parcelle priv\u00e9e", "SUPERFICIE_MO": 1199, "SUPERFICIE_RF": 1200}}, {"type": "Feature", "id": 52094630, "geometry": {"type": "Polygon", "coordinates": [[[2547571.417, 1183080.437], [2547573.947, 1183082.977], [2547576.727, 1183080.017], [2547574.157, 1183077.6570000001], [2547576.687, 1183075.227], [2547603.187, 1183101.636], [2547604.847, 1183104.226], [2547604.917, 1183106.956], [2547590.238, 1183121.957], [2547586.838, 1183124.557], [2547583.248, 1183126.747], [2547581.285757145, 1183127.5130763105], [2547579.238, 1183128.007], [2547577.1718976293, 1183128.3530100896], [2547575.078, 1183128.417], [2547566.338, 1183128.507], [2547563.8386530927, 1183128.7540524532], [2547561.378, 1183129.257], [2547541.988, 1183110.038], [2547571.417, 1183080.437]]]}, "properties": {"OBJECTID": 52094630, "NUMERO": "1947", "EGRID": "CH483283459789", "NO_COM_FED": 5939, "GENRE_TXT": "parcelle priv\u00e9e", "SUPERFICIE_MO": 1929, "SUPERFICIE_RF": 1929}}, {"type": "Feature", "id": 52094677, "geometry": {"type": "Polygon", "coordinates": [[[2546769.8310000002, 1183747.494], [2546753.161, 1183754.824], [2546742.941, 1183710.355], [2546757.541, 1183706.474], [2546762.281, 1183722.404], [2546764.181, 1183728.694], [2546766.161, 1183735.264], [2546767.751, 1183740.564], [2546769.8310000002, 1183747.494]]]}, "properties": {"OBJECTID": 52094677, "NUMERO": "19", "EGRID": "CH674597998359", "NO_COM_FED": 5939, "GENRE_TXT": "parcelle priv\u00e9e", "SUPERFICIE_MO": 731, "SUPERFICIE_RF": 731}}, {"type": "Feature", "id": 52094759, "geometry": {"type": "Polygon", "coordinates": [[[2546788.99, 1183460.155], [2546792.48, 1183457.555], [2546799.25, 1183455.535], [2546804.9, 1183462.935], [2546787.26, 1183478.985], [2546778.37, 1183466.105], [2546783.21, 1183463.585], [2546784.28, 1183463.005], [2546789.16, 1183460.345], [2546788.99, 1183460.155]]]}, "properties": {"OBJECTID": 52094759, "NUMERO": "212", "EGRID": "CH569783458823", "NO_COM_FED": 5939, "GENRE_TXT": "parcelle priv\u00e9e", "SUPERFICIE_MO": 301, "SUPERFICIE_RF": 301}}, {"type": "Feature", "id": 52095010, "geometry": {"type": "Polygon", "coordinates": [[[2547569.489, 1183302.757], [2547571.869, 1183296.537], [2547562.769, 1183278.697], [2547543.549, 1183241.388], [2547530.639, 1183216.248], [2547518.849, 1183193.209], [2547513.44, 1183190.929], [2547526.339, 1183186.309], [2547524.559, 1183191.169], [2547536.1689999998, 1183214.188], [2547538.929, 1183219.508], [2547551.409, 1183243.7280000001], [2547555.539, 1183251.818], [2547577.499, 1183294.487], [2547584.469, 1183297.187], [2547569.489, 1183302.757]]]}, "properties": {"OBJECTID": 52095010, "NUMERO": "1481", "EGRID": "CH998397044562", "NO_COM_FED": 5939, "GENRE_TXT": "parcelle priv\u00e9e", "SUPERFICIE_MO": 779, "SUPERFICIE_RF": 788}}, {"type": "Feature", "id": 52095632, "geometry": {"type": "Polygon", "coordinates": [[[2546926.505, 1183154.687], [2546915.778, 1183145.304], [2546902.36, 1183130.768], [2546926.428, 1183108.586], [2546949.791, 1183087.054], [2546970.173, 1183068.27], [2546971.427, 1183071.1030000001], [2546975.547, 1183081.193], [2546979.527, 1183091.332], [2546983.387, 1183101.572], [2546986.807, 1183112.112], [2546987.617, 1183114.712], [2546988.457, 1183118.242], [2546990.437, 1183128.862], [2546992.237, 1183139.012], [2546994.627, 1183153.372], [2546994.217853124, 1183152.690377034], [2546993.718099742, 1183152.0721071963], [2546993.137405137, 1183151.529147889], [2546992.487, 1183151.072], [2546991.5789985494, 1183150.6180168083], [2546990.6110021407, 1183150.3121568318], [2546989.607, 1183150.162], [2546988.637895288, 1183150.1674376936], [2546987.680634475, 1183150.3185841376], [2546986.757, 1183150.612], [2546953.177, 1183177.893], [2546951.967, 1183176.8429999999], [2546935.347, 1183162.423], [2546926.505, 1183154.687]]]}, "properties": {"OBJECTID": 52095632, "NUMERO": "182", "EGRID": "CH938397457705", "NO_COM_FED": 5939, "GENRE_TXT": "parcelle priv\u00e9e", "SUPERFICIE_MO": 5344, "SUPERFICIE_RF": 5341}}, {"type": "Feature", "id": 52095665, "geometry": {"type": "Polygon", "coordinates": [[[2546842.026, 1182706.319], [2546892.004, 1182653.307], [2546970.472, 1182570.105], [2546972.702, 1182567.825], [2547016.042, 1182634.013], [2547013.872, 1182635.8530000001], [2546993.713, 1182653.944], [2546938.124, 1182703.946], [2546971.724, 1182744.094], [2547042.512, 1182680.552], [2547044.662, 1182678.672], [2547084.862, 1182748.51], [2547081.822, 1182750.72], [2547018.624, 1182800.062], [2546966.995, 1182840.324], [2546883.705, 1182746.127], [2546842.026, 1182706.319]]]}, "properties": {"OBJECTID": 52095665, "NUMERO": "1350", "EGRID": "CH814508839751", "NO_COM_FED": 5939, "GENRE_TXT": "parcelle priv\u00e9e", "SUPERFICIE_MO": 27898, "SUPERFICIE_RF": 27871}}, {"type": "Feature", "id": 52095872, "geometry": {"type": "Polygon", "coordinates": [[[2546231.386, 1183566.128], [2546214.076, 1183572.059], [2546214.9560000002, 1183566.379], [2546182.646, 1183544.09], [2546178.656, 1183541.41], [2546161.4359999998, 1183529.59], [2546145.7060000002, 1183518.941], [2546094.806, 1183483.553], [2546083.716, 1183478.643], [2546037.276, 1183466.324], [2546012.736, 1183459.245], [2545938.386, 1183434.1469999999], [2545903.266, 1183424.518], [2545885.006, 1183417.399], [2545848.376, 1183397.02], [2545825.766, 1183385.371], [2545809.276, 1183378.031], [2545788.946, 1183371.552], [2545775.566, 1183368.052], [2545779.126, 1183362.642], [2545792.916, 1183366.392], [2545811.256, 1183372.411], [2545828.396, 1183379.881], [2545851.266, 1183391.69], [2545887.546, 1183411.829], [2545905.156, 1183418.588], [2545940.096, 1183428.337], [2546014.796, 1183453.005], [2546038.996, 1183459.954], [2546091.6859999998, 1183474.443], [2546107.096, 1183485.512], [2546148.826, 1183514.371], [2546185.326, 1183537.17], [2546190.106, 1183540.22], [2546206.276, 1183551.089], [2546219.536, 1183559.739], [2546231.386, 1183566.128]]]}, "properties": {"OBJECTID": 52095872, "NUMERO": "DP 1054", "EGRID": "CH244583977692", "NO_COM_FED": 5939, "GENRE_TXT": "DP communal", "SUPERFICIE_MO": 3150, "SUPERFICIE_RF": null}}, {"type": "Feature", "id": 52096999, "geometry": {"type": "Polygon", "coordinates": [[[2546541.859, 1182896.875], [2546486.548, 1182811.768], [2546423.798, 1182715.47], [2546493.837, 1182689.259], [2546499.027, 1182688.418], [2546506.917, 1182705.268], [2546513.578, 1182724.788], [2546525.378, 1182797.007], [2546541.859, 1182896.875]]]}, "properties": {"OBJECTID": 52096999, "NUMERO": "644", "EGRID": "CH844583972437", "NO_COM_FED": 5939, "GENRE_TXT": "parcelle priv\u00e9e", "SUPERFICIE_MO": 9205, "SUPERFICIE_RF": 9217}}, {"type": "Feature", "id": 52097009, "geometry": {"type": "Polygon", "coordinates": [[[2546544.123, 1183545.95], [2546537.773, 1183547.33], [2546536.923, 1183547.421], [2546526.424, 1183548.351], [2546519.0640000002, 1183548.961], [2546513.424, 1183544.811], [2546506.754, 1183531.411], [2546501.844, 1183521.642], [2546506.784, 1183516.261], [2546521.824, 1183498.821], [2546534.343, 1183525.151], [2546538.523, 1183524.111], [2546544.123, 1183545.95]]]}, "properties": {"OBJECTID": 52097009, "NUMERO": "268", "EGRID": "CH586683458621", "NO_COM_FED": 5939, "GENRE_TXT": "parcelle priv\u00e9e", "SUPERFICIE_MO": 1190, "SUPERFICIE_RF": 1195}}, {"type": "Feature", "id": 52098299, "geometry": {"type": "Polygon", "coordinates": [[[2547547.236, 1182897.9070000001], [2547542.576, 1182892.957], [2547508.934, 1182865.078], [2547519.357, 1182850.6], [2547560.1859999998, 1182880.957], [2547547.236, 1182897.9070000001]]]}, "properties": {"OBJECTID": 52098299, "NUMERO": "141", "EGRID": "CH174586668339", "NO_COM_FED": 5939, "GENRE_TXT": "parcelle priv\u00e9e", "SUPERFICIE_MO": 973, "SUPERFICIE_RF": 971}}, {"type": "Feature", "id": 52098639, "geometry": {"type": "Polygon", "coordinates": [[[2545775.566, 1183368.052], [2545788.946, 1183371.552], [2545781.806, 1183374.222], [2545740.487, 1183448.672], [2545694.718, 1183530.383], [2545695.978, 1183537.813], [2545757.619, 1183586.591], [2545812.799, 1183630.369], [2545823.339, 1183637.159], [2545858.329, 1183646.288], [2545842.629, 1183646.7179999999], [2545821.929, 1183641.119], [2545810.179, 1183633.569], [2545755.039, 1183589.721], [2545693.988, 1183541.243], [2545687.748, 1183542.723], [2545642.809, 1183623.394], [2545641.379, 1183622.324], [2545639.649, 1183621.384], [2545688.298, 1183533.873], [2545737.207, 1183446.5219999999], [2545778.036, 1183373.262], [2545775.566, 1183368.052]]]}, "properties": {"OBJECTID": 52098639, "NUMERO": "DP 1053", "EGRID": "CH944583973688", "NO_COM_FED": 5939, "GENRE_TXT": "DP communal", "SUPERFICIE_MO": 1955, "SUPERFICIE_RF": null}}, {"type": "Feature", "id": 52098647, "geometry": {"type": "Polygon", "coordinates": [[[2546721.097, 1182826.511], [2546746.447, 1182844.2], [2546747.077, 1182850.64], [2546736.047, 1182861.79], [2546735.017, 1182861.01], [2546729.397, 1182856.751], [2546717.437, 1182847.681], [2546719.237, 1182845.231], [2546711.247, 1182839.151], [2546711.297, 1182835.861], [2546719.137, 1182826.981], [2546721.097, 1182826.511]]]}, "properties": {"OBJECTID": 52098647, "NUMERO": "635", "EGRID": "CH898397884538", "NO_COM_FED": 5939, "GENRE_TXT": "parcelle priv\u00e9e", "SUPERFICIE_MO": 665, "SUPERFICIE_RF": 668}}, {"type": "Feature", "id": 52098667, "geometry": {"type": "Polygon", "coordinates": [[[2547265.6, 1182774.365], [2547236.92, 1182801.156], [2547285.02, 1182841.144], [2547258.451, 1182865.605], [2547237.531, 1182885.036], [2547216.932, 1182903.906], [2547195.712, 1182923.527], [2547178.682, 1182879.437], [2547166.692, 1182866.588], [2547141.693, 1182886.068], [2547140.093, 1182881.948], [2547139.333, 1182879.278], [2547138.013, 1182874.088], [2547265.6, 1182774.365]]]}, "properties": {"OBJECTID": 52098667, "NUMERO": "150", "EGRID": "CH898386654512", "NO_COM_FED": 5939, "GENRE_TXT": "parcelle priv\u00e9e", "SUPERFICIE_MO": 7702, "SUPERFICIE_RF": 7724}}, {"type": "Feature", "id": 52098734, "geometry": {"type": "Polygon", "coordinates": [[[2547037.096, 1183212.95], [2547032.096, 1183212.14], [2547024.856, 1183196.911], [2547023.506, 1183197.551], [2547018.776, 1183187.911], [2547009.826, 1183168.131], [2547011.766, 1183166.881], [2547012.176, 1183166.651], [2547013.056, 1183166.171], [2547025.926, 1183159.141], [2547027.376, 1183157.951], [2547028.076, 1183157.411], [2547030.616, 1183155.443], [2547039.646, 1183170.483], [2547040.926, 1183174.223], [2547045.033, 1183181.084], [2547044.85, 1183194.623], [2547049.516, 1183200.03], [2547037.096, 1183212.95]]]}, "properties": {"OBJECTID": 52098734, "NUMERO": "159", "EGRID": "CH869783451096", "NO_COM_FED": 5939, "GENRE_TXT": "parcelle priv\u00e9e", "SUPERFICIE_MO": 1200, "SUPERFICIE_RF": 1200}}, {"type": "Feature", "id": 52098819, "geometry": {"type": "Polygon", "coordinates": [[[2546664.477, 1182789.0929999999], [2546661.967, 1182791.333], [2546648.857, 1182803.033], [2546648.657, 1182803.213], [2546643.278, 1182808.053], [2546635.948, 1182814.564], [2546628.498, 1182821.294], [2546610.948, 1182812.324], [2546644.107, 1182779.644], [2546646.427, 1182777.364], [2546664.477, 1182789.0929999999]]]}, "properties": {"OBJECTID": 52098819, "NUMERO": "633", "EGRID": "CH774597738306", "NO_COM_FED": 5939, "GENRE_TXT": "parcelle priv\u00e9e", "SUPERFICIE_MO": 967, "SUPERFICIE_RF": 969}}, {"type": "Feature", "id": 52099583, "geometry": {"type": "Polygon", "coordinates": [[[2547244.343, 1183277.085], [2547235.744, 1183279.175], [2547221.474, 1183277.935], [2547211.514, 1183272.826], [2547188.484, 1183255.046], [2547178.224, 1183247.6570000001], [2547186.074, 1183241.307], [2547207.434, 1183225.446], [2547197.424, 1183213.676], [2547187.334, 1183224.247], [2547167.754, 1183217.607], [2547147.445, 1183196.398], [2547128.985, 1183210.958], [2547103.395, 1183178.979], [2547093.355, 1183166.389], [2547121.725, 1183136.669], [2547186.7939999998, 1183198.067], [2547240.123, 1183248.735], [2547233.204, 1183254.195], [2547253.113, 1183273.915], [2547244.343, 1183277.085]]]}, "properties": {"OBJECTID": 52099583, "NUMERO": "112", "EGRID": "CH698397974579", "NO_COM_FED": 5939, "GENRE_TXT": "parcelle priv\u00e9e", "SUPERFICIE_MO": 6078, "SUPERFICIE_RF": 6084}}, {"type": "Feature", "id": 52100156, "geometry": {"type": "Polygon", "coordinates": [[[2546455.154, 1183438.423], [2546555.503, 1183400.511], [2546560.013, 1183446.911], [2546521.824, 1183498.821], [2546506.784, 1183516.261], [2546501.844, 1183521.642], [2546487.0439999998, 1183492.262], [2546458.804, 1183446.8429999999], [2546455.424, 1183441.943], [2546455.154, 1183438.423]]]}, "properties": {"OBJECTID": 52100156, "NUMERO": "269", "EGRID": "CH608645668386", "NO_COM_FED": 5939, "GENRE_TXT": "parcelle priv\u00e9e", "SUPERFICIE_MO": 6635, "SUPERFICIE_RF": 6626}}, {"type": "Feature", "id": 52101415, "geometry": {"type": "Polygon", "coordinates": [[[2547417.447, 1182807.651], [2547396.738, 1182829.351], [2547389.008, 1182823.701], [2547354.848, 1182798.402], [2547341.71, 1182788.683], [2547376.102, 1182756.643], [2547408.187, 1182782.111], [2547415.917, 1182789.881], [2547420.927, 1182797.58], [2547420.567, 1182803.16], [2547417.447, 1182807.651]]]}, "properties": {"OBJECTID": 52101415, "NUMERO": "2536", "EGRID": "CH489383459989", "NO_COM_FED": 5939, "GENRE_TXT": "parcelle priv\u00e9e", "SUPERFICIE_MO": 2960, "SUPERFICIE_RF": 2961}}, {"type": "Feature", "id": 52101775, "geometry": {"type": "Polygon", "coordinates": [[[2546770.29, 1183265.746], [2546783.6, 1183283.376], [2546764.65, 1183297.576], [2546745.12, 1183312.357], [2546731.91, 1183294.787], [2546770.29, 1183265.746]]]}, "properties": {"OBJECTID": 52101775, "NUMERO": "233", "EGRID": "CH254283974526", "NO_COM_FED": 5939, "GENRE_TXT": "parcelle priv\u00e9e", "SUPERFICIE_MO": 1060, "SUPERFICIE_RF": 1060}}, {"type": "Feature", "id": 52102188, "geometry": {"type": "Polygon", "coordinates": [[[2547175.254, 1183252.347], [2547171.104, 1183257.527], [2547167.134, 1183259.817], [2547155.675, 1183267.177], [2547150.175, 1183270.847], [2547147.755, 1183272.817], [2547140.115, 1183262.868], [2547127.335, 1183247.618], [2547123.255, 1183246.088], [2547147.685, 1183240.217], [2547159.205, 1183242.607], [2547167.154, 1183246.597], [2547175.254, 1183252.347]]]}, "properties": {"OBJECTID": 52102188, "NUMERO": "107", "EGRID": "CH298397974521", "NO_COM_FED": 5939, "GENRE_TXT": "parcelle priv\u00e9e", "SUPERFICIE_MO": 871, "SUPERFICIE_RF": 872}}, {"type": "Feature", "id": 52102352, "geometry": {"type": "Polygon", "coordinates": [[[2547585.678, 1183168.477], [2547584.918, 1183166.247], [2547598.318, 1183163.826], [2547624.357, 1183157.726], [2547650.647, 1183152.965], [2547681.266, 1183150.114], [2547710.336, 1183150.263], [2547712.696, 1183152.293], [2547710.606, 1183152.273], [2547681.286, 1183152.214], [2547653.017, 1183154.775], [2547624.747, 1183159.536], [2547585.678, 1183168.477]]]}, "properties": {"OBJECTID": 52102352, "NUMERO": "1705", "EGRID": "CH198397144513", "NO_COM_FED": 5939, "GENRE_TXT": "parcelle priv\u00e9e", "SUPERFICIE_MO": 254, "SUPERFICIE_RF": 266}}, {"type": "Feature", "id": 52102623, "geometry": {"type": "Polygon", "coordinates": [[[2547023.917, 1183415.359], [2547018.437, 1183407.37], [2547025.297, 1183401.83], [2547035.696, 1183393.499], [2547035.946, 1183393.289], [2547040.876, 1183390.909], [2547049.986, 1183402.649], [2547045.176, 1183405.009], [2547032.656, 1183411.159], [2547029.147, 1183412.829], [2547023.917, 1183415.359]]]}, "properties": {"OBJECTID": 52102623, "NUMERO": "192", "EGRID": "CH388383459707", "NO_COM_FED": 5939, "GENRE_TXT": "parcelle priv\u00e9e", "SUPERFICIE_MO": 360, "SUPERFICIE_RF": 359}}, {"type": "Feature", "id": 52102626, "geometry": {"type": "Polygon", "coordinates": [[[2547747.163, 1182953.342], [2547743.713, 1182949.012], [2547744.543, 1182944.262], [2547748.343, 1182941.222], [2547756.353, 1182942.572], [2547747.163, 1182953.342]]]}, "properties": {"OBJECTID": 52102626, "NUMERO": "1901", "EGRID": "CH583583459771", "NO_COM_FED": 5939, "GENRE_TXT": "parcelle priv\u00e9e", "SUPERFICIE_MO": 81, "SUPERFICIE_RF": 80}}, {"type": "Feature", "id": 52102669, "geometry": {"type": "Polygon", "coordinates": [[[2546965.037, 1183304.442], [2547000.437, 1183265.901], [2547002.457, 1183263.691], [2547015.147, 1183275.77], [2547006.357, 1183295.021], [2547002.577, 1183299.071], [2547006.267, 1183303.921], [2546999.767, 1183311.021], [2546987.187, 1183324.781], [2546965.037, 1183304.442]]]}, "properties": {"OBJECTID": 52102669, "NUMERO": "2204", "EGRID": "CH338397458012", "NO_COM_FED": 5939, "GENRE_TXT": "parcelle priv\u00e9e", "SUPERFICIE_MO": 1433, "SUPERFICIE_RF": 1433}}, {"type": "Feature", "id": 52103975, "geometry": {"type": "Polygon", "coordinates": [[[2546483.621, 1183626.723], [2546461.448, 1183610.615], [2546469.06, 1183592.1469999999], [2546495.014, 1183611.041], [2546483.621, 1183626.723]]]}, "properties": {"OBJECTID": 52103975, "NUMERO": "2645", "EGRID": "CH744583934166", "NO_COM_FED": 5939, "GENRE_TXT": "parcelle priv\u00e9e", "SUPERFICIE_MO": 577, "SUPERFICIE_RF": 577}}, {"type": "Feature", "id": 52104000, "geometry": {"type": "Polygon", "coordinates": [[[2547429.401, 1183142.341], [2547423.8310000002, 1183136.881], [2547418.251, 1183131.411], [2547405.941, 1183119.482], [2547404.451, 1183117.982], [2547405.901, 1183116.442], [2547414.24, 1183107.951], [2547411.897, 1183102.416], [2547415.431, 1183098.857], [2547411.44, 1183095.001], [2547423.86, 1183082.621], [2547468.86, 1183126.95], [2547458.46, 1183137.38], [2547454.32, 1183141.64], [2547450.13, 1183145.961], [2547445.75, 1183150.221], [2547441.56, 1183154.501], [2547429.401, 1183142.341]]]}, "properties": {"OBJECTID": 52104000, "NUMERO": "1944", "EGRID": "CH851783974512", "NO_COM_FED": 5939, "GENRE_TXT": "parcelle priv\u00e9e", "SUPERFICIE_MO": 2247, "SUPERFICIE_RF": 2251}}, {"type": "Feature", "id": 52104600, "geometry": {"type": "Polygon", "coordinates": [[[2546629.132, 1183271.71], [2546631.202, 1183279.42], [2546635.762, 1183301.819], [2546641.782, 1183357.789], [2546652.412, 1183422.558], [2546652.722, 1183426.688], [2546660.012, 1183468.148], [2546669.012, 1183512.368], [2546659.532, 1183514.028], [2546650.722, 1183460.548], [2546646.652, 1183430.399], [2546631.542, 1183355.549], [2546626.152, 1183300.74], [2546619.822, 1183280.94], [2546629.132, 1183271.71]]]}, "properties": {"OBJECTID": 52104600, "NUMERO": "DP 1217", "EGRID": "CH628655834515", "NO_COM_FED": 5939, "GENRE_TXT": "DP cantonal", "SUPERFICIE_MO": 2112, "SUPERFICIE_RF": null}}, {"type": "Feature", "id": 52105257, "geometry": {"type": "Polygon", "coordinates": [[[2547339.942, 1183430.7820000001], [2547364.982, 1183425.131], [2547384.982, 1183456.551], [2547356.752, 1183457.391], [2547355.132, 1183454.831], [2547339.942, 1183430.7820000001]]]}, "properties": {"OBJECTID": 52105257, "NUMERO": "1890", "EGRID": "CH829722834544", "NO_COM_FED": 5939, "GENRE_TXT": "parcelle priv\u00e9e", "SUPERFICIE_MO": 833, "SUPERFICIE_RF": 832}}, {"type": "Feature", "id": 52105299, "geometry": {"type": "Polygon", "coordinates": [[[2547503.267, 1182960.159], [2547529.147, 1182985.788], [2547511.638, 1183003.608], [2547485.618, 1182977.799], [2547491.228, 1182972.179], [2547493.558, 1182969.879], [2547496.378, 1182967.069], [2547503.267, 1182960.159]]]}, "properties": {"OBJECTID": 52105299, "NUMERO": "1475", "EGRID": "CH714565838668", "NO_COM_FED": 5939, "GENRE_TXT": "parcelle priv\u00e9e", "SUPERFICIE_MO": 912, "SUPERFICIE_RF": 913}}, {"type": "Feature", "id": 52106304, "geometry": {"type": "Polygon", "coordinates": [[[2547229.673, 1183101.746], [2547253.763, 1183125.496], [2547232.913, 1183146.766], [2547200.43, 1183116.113], [2547222.143, 1183094.334], [2547229.673, 1183101.746]]]}, "properties": {"OBJECTID": 52106304, "NUMERO": "114", "EGRID": "CH709745808304", "NO_COM_FED": 5939, "GENRE_TXT": "parcelle priv\u00e9e", "SUPERFICIE_MO": 1348, "SUPERFICIE_RF": 1346}}, {"type": "Feature", "id": 52106886, "geometry": {"type": "Polygon", "coordinates": [[[2547373.141, 1183094.763], [2547378.631, 1183089.332], [2547387.5810000002, 1183098.442], [2547391.041, 1183101.752], [2547399.141, 1183109.862], [2547399.351, 1183110.072], [2547403.8109999998, 1183114.372], [2547395.8310000002, 1183117.572], [2547393.461, 1183115.212], [2547392.291, 1183113.982], [2547391.191, 1183112.952], [2547383.921, 1183105.682], [2547382.941, 1183104.752], [2547382.731, 1183104.542], [2547373.141, 1183094.763]]]}, "properties": {"OBJECTID": 52106886, "NUMERO": "2027", "EGRID": "CH714581839710", "NO_COM_FED": 5939, "GENRE_TXT": "parcelle priv\u00e9e", "SUPERFICIE_MO": 263, "SUPERFICIE_RF": 265}}, {"type": "Feature", "id": 52107777, "geometry": {"type": "Polygon", "coordinates": [[[2547569.489, 1183302.757], [2547584.469, 1183297.187], [2547599.389, 1183291.666], [2547608.128, 1183288.336], [2547633.588, 1183278.806], [2547696.077, 1183255.634], [2547698.237, 1183254.864], [2547711.137, 1183249.924], [2547746.466, 1183236.8429999999], [2547766.146, 1183229.462], [2547768.435, 1183226.552], [2547770.905, 1183223.802], [2547773.285, 1183216.7820000001], [2547772.675, 1183209.352], [2547765.175, 1183192.992], [2547764.385, 1183191.352], [2547761.965, 1183186.182], [2547759.365, 1183169.132], [2547757.035, 1183160.552], [2547751.165, 1183153.602], [2547784.085, 1183160.701], [2547773.535, 1183170.552], [2547773.595, 1183179.492], [2547776.605, 1183190.912], [2547783.065, 1183200.541], [2547791.945, 1183208.531], [2547794.055, 1183228.021], [2547701.217, 1183262.684], [2547602.329, 1183299.596], [2547514.05, 1183332.518], [2547426.471, 1183365.37], [2547424.171, 1183351.84], [2547431.041, 1183354.59], [2547448.846, 1183347.934], [2547468.28, 1183340.669], [2547496.77, 1183330.019], [2547521.61, 1183320.678], [2547547.489, 1183311.047], [2547569.489, 1183302.757]]]}, "properties": {"OBJECTID": 52107777, "NUMERO": "DP 1175", "EGRID": "CH714571839703", "NO_COM_FED": 5939, "GENRE_TXT": "DP communal", "SUPERFICIE_MO": 4477, "SUPERFICIE_RF": null}}, {"type": "Feature", "id": 52107892, "geometry": {"type": "Polygon", "coordinates": [[[2546939.928, 1183680.14], [2546952.088, 1183707.03], [2546928.818, 1183717.93], [2546916.359, 1183690.691], [2546939.928, 1183680.14]]]}, "properties": {"OBJECTID": 52107892, "NUMERO": "9", "EGRID": "CH809745228347", "NO_COM_FED": 5939, "GENRE_TXT": "parcelle priv\u00e9e", "SUPERFICIE_MO": 766, "SUPERFICIE_RF": 765}}, {"type": "Feature", "id": 52108186, "geometry": {"type": "Polygon", "coordinates": [[[2547224.352, 1182976.786], [2547212.773, 1182989.917], [2547198.983, 1183005.355], [2547197.031, 1183001.24], [2547192.882, 1182991.418], [2547191.567, 1182992.001], [2547184.273, 1182974.467], [2547212.062, 1182953.787], [2547224.352, 1182976.786]]]}, "properties": {"OBJECTID": 52108186, "NUMERO": "138", "EGRID": "CH669783458985", "NO_COM_FED": 5939, "GENRE_TXT": "parcelle priv\u00e9e", "SUPERFICIE_MO": 1056, "SUPERFICIE_RF": 1056}}, {"type": "Feature", "id": 52109527, "geometry": {"type": "Polygon", "coordinates": [[[2547730.624, 1183012.952], [2547712.684, 1182997.293], [2547745.173, 1182959.742], [2547763.103, 1182975.371], [2547730.624, 1183012.952]]]}, "properties": {"OBJECTID": 52109527, "NUMERO": "2159", "EGRID": "CH486583459771", "NO_COM_FED": 5939, "GENRE_TXT": "parcelle priv\u00e9e", "SUPERFICIE_MO": 1182, "SUPERFICIE_RF": 1178}}, {"type": "Feature", "id": 52110286, "geometry": {"type": "Polygon", "coordinates": [[[2546667.122, 1183423.128], [2546698.601, 1183426.687], [2546708.901, 1183452.377], [2546702.661, 1183456.617], [2546698.441, 1183454.667], [2546670.612, 1183441.778], [2546667.122, 1183423.128]]]}, "properties": {"OBJECTID": 52110286, "NUMERO": "2414", "EGRID": "CH344583866208", "NO_COM_FED": 5939, "GENRE_TXT": "parcelle priv\u00e9e", "SUPERFICIE_MO": 839, "SUPERFICIE_RF": 839}}, {"type": "Feature", "id": 52110529, "geometry": {"type": "Polygon", "coordinates": [[[2547116.625, 1183442.8969999999], [2547144.485, 1183486.006], [2547102.1859999998, 1183447.727], [2547109.215, 1183441.867], [2547109.911619017, 1183441.3782957245], [2547110.6804106846, 1183441.0135090805], [2547111.499541586, 1183440.7829998822], [2547112.345748687, 1183440.6933145109], [2547113.195, 1183440.747], [2547114.0052601197, 1183440.936512329], [2547114.773364037, 1183441.2565947517], [2547115.478428836, 1183441.6985449903], [2547116.1012854865, 1183442.250347471], [2547116.625, 1183442.8969999999]]]}, "properties": {"OBJECTID": 52110529, "NUMERO": "80", "EGRID": "CH544583978182", "NO_COM_FED": 5939, "GENRE_TXT": "parcelle priv\u00e9e", "SUPERFICIE_MO": 412, "SUPERFICIE_RF": 415}}, {"type": "Feature", "id": 52110786, "geometry": {"type": "Polygon", "coordinates": [[[2546898.388, 1183375.813], [2546936.198, 1183335.542], [2546937.968, 1183336.0219999999], [2546942.878, 1183366.382], [2546947.158, 1183389.391], [2546940.028, 1183394.592], [2546936.208, 1183393.892], [2546933.148, 1183395.642], [2546919.668, 1183404.822], [2546916.458, 1183406.5219999999], [2546913.658, 1183402.162], [2546908.628, 1183402.462], [2546888.958, 1183395.203], [2546889.998, 1183384.613], [2546898.388, 1183375.813]]]}, "properties": {"OBJECTID": 52110786, "NUMERO": "222", "EGRID": "CH574597298312", "NO_COM_FED": 5939, "GENRE_TXT": "parcelle priv\u00e9e", "SUPERFICIE_MO": 2227, "SUPERFICIE_RF": 2228}}, {"type": "Feature", "id": 52111621, "geometry": {"type": "Polygon", "coordinates": [[[2545498.034, 1182937.473], [2545509.964, 1182937.153], [2545569.863, 1182935.571], [2545592.553, 1182936.22], [2545671.493, 1182945.428], [2545745.433, 1182959.826], [2545744.073, 1182966.056], [2545743.573, 1182968.136], [2545738.703, 1182966.526], [2545734.553, 1182965.936], [2545723.163, 1182966.327], [2545713.463, 1182962.437], [2545716.303, 1182968.357], [2545711.313, 1182967.607], [2545711.443, 1182965.077], [2545709.133, 1182963.717], [2545706.873, 1182962.497], [2545704.773, 1182964.297], [2545700.863, 1182964.787], [2545700.163, 1182962.737], [2545696.683, 1182962.057], [2545691.273, 1182962.488], [2545686.473, 1182961.858], [2545687.013, 1182958.858], [2545685.193, 1182957.288], [2545680.443, 1182958.078], [2545677.923, 1182961.768], [2545676.043, 1182963.028], [2545673.373, 1182960.768], [2545668.463, 1182962.398], [2545665.643, 1182958.588], [2545663.503, 1182958.648], [2545661.113, 1182960.888], [2545658.673, 1182962.128], [2545658.163, 1182963.558], [2545659.533, 1182967.888], [2545655.173, 1182972.268], [2545649.923, 1182972.469], [2545642.143, 1182960.669], [2545640.993, 1182953.779], [2545639.203, 1182952.469], [2545634.513, 1182954.049], [2545627.293, 1182951.389], [2545620.853, 1182951.719], [2545618.333, 1182950.36], [2545616.583, 1182946.74], [2545612.563, 1182946.45], [2545607.073, 1182950.29], [2545603.833, 1182947.96], [2545592.283, 1182949.82], [2545585.993, 1182946.36], [2545575.603, 1182943.971], [2545573.393, 1182946.931], [2545567.123, 1182947.101], [2545563.813, 1182943.761], [2545559.923, 1182943.301], [2545555.063, 1182945.941], [2545551.583, 1182947.001], [2545549.183, 1182943.871], [2545536.224, 1182943.042], [2545513.114, 1182943.7820000001], [2545510.914, 1182943.583], [2545511.014, 1182944.993], [2545513.074, 1182945.122], [2545536.364, 1182943.912], [2545548.323, 1182944.702], [2545551.203, 1182948.231], [2545555.373, 1182946.801], [2545559.873, 1182944.421], [2545563.263, 1182944.871], [2545566.843, 1182948.231], [2545574.303, 1182948.021], [2545576.353, 1182945.101], [2545585.293, 1182947.09], [2545591.383, 1182951.03], [2545598.993, 1182950.22], [2545602.933, 1182951.14], [2545608.603, 1182951.89], [2545613.063, 1182947.89], [2545614.883, 1182948.08], [2545616.983, 1182952.03], [2545620.663, 1182953.099], [2545627.673, 1182952.569], [2545634.753, 1182955.499], [2545639.163, 1182954.009], [2545640.273, 1182961.279], [2545643.563, 1182967.309], [2545648.843, 1182974.069], [2545655.893, 1182973.908], [2545661.253, 1182968.788], [2545659.973, 1182964.4780000001], [2545660.373, 1182963.298], [2545663.833, 1182959.658], [2545665.003, 1182959.608], [2545667.543, 1182964.188], [2545672.843, 1182962.028], [2545676.083, 1182964.428], [2545678.793, 1182962.768], [2545681.143, 1182959.538], [2545684.833, 1182958.578], [2545685.573, 1182959.318], [2545684.983, 1182961.438], [2545685.873, 1182963.778], [2545691.043, 1182964.037], [2545698.733, 1182963.697], [2545699.693, 1182966.357], [2545705.763, 1182965.637], [2545707.053, 1182964.137], [2545708.543, 1182964.837], [2545710.183, 1182965.137], [2545709.903, 1182968.857], [2545718.723, 1182970.127], [2545716.143, 1182964.947], [2545722.933, 1182967.567], [2545734.543, 1182967.056], [2545738.723, 1182967.756], [2545747.303, 1182970.486], [2545753.023, 1182969.896], [2545758.233, 1182967.686], [2545759.233, 1182970.116], [2545763.623, 1182967.306], [2545814.833, 1183046.394], [2545866.624, 1183125.101], [2545917.994, 1183204.179], [2545915.174, 1183208.04], [2545834.604, 1183190.112], [2545813.184, 1183185.502], [2545805.614, 1183180.183], [2545790.874, 1183157.503], [2545784.554, 1183154.863], [2545692.754, 1183119.216], [2545560.914, 1183067.73], [2545437.815, 1183019.554], [2545459.924, 1182986.533], [2545490.024, 1182941.663], [2545498.034, 1182937.473]]]}, "properties": {"OBJECTID": 52111621, "NUMERO": "351", "EGRID": "CH269783452294", "NO_COM_FED": 5939, "GENRE_TXT": "parcelle priv\u00e9e", "SUPERFICIE_MO": 58360, "SUPERFICIE_RF": 58382}}, {"type": "Feature", "id": 52111768, "geometry": {"type": "Polygon", "coordinates": [[[2547191.764, 1183379.566], [2547208.664, 1183405.745], [2547184.934, 1183417.656], [2547171.415, 1183398.616], [2547172.395, 1183392.056], [2547191.764, 1183379.566]]]}, "properties": {"OBJECTID": 52111768, "NUMERO": "1696", "EGRID": "CH288083459725", "NO_COM_FED": 5939, "GENRE_TXT": "parcelle priv\u00e9e", "SUPERFICIE_MO": 791, "SUPERFICIE_RF": 791}}, {"type": "Feature", "id": 52112536, "geometry": {"type": "Polygon", "coordinates": [[[2546854.6890000002, 1183754.442], [2546892.199, 1183736.031], [2546899.9189999998, 1183732.131], [2546925.638, 1183719.5], [2546928.818, 1183717.93], [2546952.088, 1183707.03], [2546975.438, 1183696.019], [2546999.077, 1183685.049], [2547028.637, 1183671.138], [2547060.846, 1183656.037], [2547063.506, 1183648.127], [2547073.616, 1183656.477], [2547052.237, 1183666.597], [2547035.547, 1183674.438], [2547001.677, 1183690.399], [2546928.278, 1183724.93], [2546833, 1183771.712], [2546769.651, 1183800.334], [2546754.251, 1183804.074], [2546741.8109999998, 1183807.094], [2546730.101, 1183809.924], [2546726.131, 1183777.105], [2546724.041, 1183775.915], [2546732.261, 1183772.325], [2546734.651, 1183790.944], [2546740.661, 1183798.514], [2546753.021, 1183798.644], [2546761.971, 1183796.274], [2546767.531, 1183794.744], [2546792.22, 1183783.683], [2546812.54, 1183774.483], [2546830.45, 1183766.222], [2546854.6890000002, 1183754.442]]]}, "properties": {"OBJECTID": 52112536, "NUMERO": "DP 1001", "EGRID": "CH884483459717", "NO_COM_FED": 5939, "GENRE_TXT": "DP communal", "SUPERFICIE_MO": 2512, "SUPERFICIE_RF": null}}, {"type": "Feature", "id": 52114060, "geometry": {"type": "Polygon", "coordinates": [[[2547380.792, 1183282.092], [2547390.0810000002, 1183299.781], [2547353.212, 1183318.992], [2547340.072, 1183293.693], [2547373.852, 1183279.5219999999], [2547380.792, 1183282.092]]]}, "properties": {"OBJECTID": 52114060, "NUMERO": "1885", "EGRID": "CH774598808373", "NO_COM_FED": 5939, "GENRE_TXT": "parcelle priv\u00e9e", "SUPERFICIE_MO": 1099, "SUPERFICIE_RF": 1099}}, {"type": "Feature", "id": 52114131, "geometry": {"type": "Polygon", "coordinates": [[[2546405.925, 1183492.944], [2546408.855, 1183500.104], [2546410.835, 1183505.234], [2546411.715, 1183508.364], [2546412.035, 1183509.804], [2546412.965, 1183512.884], [2546413.055, 1183513.064], [2546397.535, 1183517.574], [2546395.745, 1183518.154], [2546391.685, 1183511.144], [2546386.635, 1183513.484], [2546382.765, 1183509.015], [2546384.185, 1183508.265], [2546391.755, 1183504.454], [2546391.845, 1183498.994], [2546405.925, 1183492.944]]]}, "properties": {"OBJECTID": 52114131, "NUMERO": "262", "EGRID": "CH628666834513", "NO_COM_FED": 5939, "GENRE_TXT": "parcelle priv\u00e9e", "SUPERFICIE_MO": 415, "SUPERFICIE_RF": 417}}, {"type": "Feature", "id": 52114691, "geometry": {"type": "Polygon", "coordinates": [[[2547017.087, 1183645.648], [2547022.537, 1183643.248], [2547053.567, 1183629.408], [2547063.506, 1183648.127], [2547060.846, 1183656.037], [2547028.637, 1183671.138], [2547017.087, 1183645.648]]]}, "properties": {"OBJECTID": 52114691, "NUMERO": "1660", "EGRID": "CH388483459777", "NO_COM_FED": 5939, "GENRE_TXT": "parcelle priv\u00e9e", "SUPERFICIE_MO": 1106, "SUPERFICIE_RF": 1104}}, {"type": "Feature", "id": 52114808, "geometry": {"type": "Polygon", "coordinates": [[[2547105.975, 1183308.368], [2547104.605, 1183306.698], [2547096.745, 1183285.838], [2547069.866, 1183300.709], [2547054.266, 1183259.33], [2547055.356, 1183259.19], [2547068.366, 1183251.699], [2547072.606, 1183248.889], [2547089.665, 1183235.269], [2547123.255, 1183246.088], [2547127.335, 1183247.618], [2547140.115, 1183262.868], [2547147.755, 1183272.817], [2547151.855, 1183277.607], [2547156.225, 1183283.227], [2547160.505, 1183288.6570000001], [2547171.874, 1183300.237], [2547179.734, 1183311.646], [2547163.995, 1183323.827], [2547157.505, 1183329.117], [2547157.315, 1183328.9070000001], [2547153.455, 1183331.637], [2547148.005, 1183323.537], [2547134.325, 1183331.507], [2547127.395, 1183334.827], [2547127.145, 1183334.937], [2547124.925, 1183335.8969999999], [2547115.055, 1183321.258], [2547114.035, 1183319.828], [2547105.975, 1183308.368]]]}, "properties": {"OBJECTID": 52114808, "NUMERO": "101", "EGRID": "CH209745868359", "NO_COM_FED": 5939, "GENRE_TXT": "parcelle priv\u00e9e", "SUPERFICIE_MO": 6436, "SUPERFICIE_RF": 6437}}, {"type": "Feature", "id": 52115307, "geometry": {"type": "Polygon", "coordinates": [[[2546868.069, 1183543.743], [2546828.53, 1183562.683], [2546819.57, 1183541.694], [2546825.35, 1183538.584], [2546828.029, 1183537.344], [2546836.119, 1183533.5929999999], [2546837.399, 1183532.983], [2546838.649, 1183532.413], [2546854.079, 1183525.213], [2546856.619, 1183528.753], [2546868.069, 1183543.743]]]}, "properties": {"OBJECTID": 52115307, "NUMERO": "54", "EGRID": "CH698397534517", "NO_COM_FED": 5939, "GENRE_TXT": "parcelle priv\u00e9e", "SUPERFICIE_MO": 939, "SUPERFICIE_RF": 939}}, {"type": "Feature", "id": 52115573, "geometry": {"type": "Polygon", "coordinates": [[[2547280.009, 1182760.994], [2547265.6, 1182774.365], [2547138.013, 1182874.088], [2547123.743, 1182820.679], [2547126.102, 1182812.799], [2547203.711, 1182752.156], [2547280.759, 1182691.884], [2547288.678, 1182692.034], [2547308.898, 1182707.533], [2547324.978, 1182718.933], [2547290.739, 1182750.974], [2547280.009, 1182760.994]]]}, "properties": {"OBJECTID": 52115573, "NUMERO": "1355", "EGRID": "CH674597528306", "NO_COM_FED": 5939, "GENRE_TXT": "parcelle priv\u00e9e", "SUPERFICIE_MO": 12208, "SUPERFICIE_RF": 12179}}, {"type": "Feature", "id": 52115639, "geometry": {"type": "Polygon", "coordinates": [[[2545437.815, 1183019.554], [2545560.914, 1183067.73], [2545692.754, 1183119.216], [2545784.554, 1183154.863], [2545800.094, 1183179.1030000001], [2545797.924, 1183182.153], [2545756.545, 1183173.084], [2545678.485, 1183155.596], [2545547.095, 1183104.36], [2545415.405, 1183053.094], [2545437.815, 1183019.554]]]}, "properties": {"OBJECTID": 52115639, "NUMERO": "350", "EGRID": "CH287983459851", "NO_COM_FED": 5939, "GENRE_TXT": "parcelle priv\u00e9e", "SUPERFICIE_MO": 14330, "SUPERFICIE_RF": 14408}}, {"type": "Feature", "id": 52115865, "geometry": {"type": "Polygon", "coordinates": [[[2546798.198, 1182991.388], [2546817.238, 1183017.6469999999], [2546794.478, 1183034.037], [2546775.518, 1183007.7179999999], [2546798.198, 1182991.388]]]}, "properties": {"OBJECTID": 52115865, "NUMERO": "2195", "EGRID": "CH838397457739", "NO_COM_FED": 5939, "GENRE_TXT": "parcelle priv\u00e9e", "SUPERFICIE_MO": 908, "SUPERFICIE_RF": 908}}, {"type": "Feature", "id": 52115984, "geometry": {"type": "Polygon", "coordinates": [[[2547596.213, 1182677.515], [2547609.463, 1182675.675], [2547610.133, 1182684.265], [2547678.482, 1182742.923], [2547746.792, 1182801.541], [2547811.201, 1182856.8], [2547818.861, 1182856.9], [2547808.751, 1182866.7], [2547808.391, 1182859.54], [2547744.272, 1182804.512], [2547675.902, 1182745.763], [2547607.563, 1182687.215], [2547596.213, 1182677.515]]]}, "properties": {"OBJECTID": 52115984, "NUMERO": "DP 1173", "EGRID": "CH344583988942", "NO_COM_FED": 5939, "GENRE_TXT": "DP communal", "SUPERFICIE_MO": 1163, "SUPERFICIE_RF": null}}, {"type": "Feature", "id": 52116176, "geometry": {"type": "Polygon", "coordinates": [[[2547561.378, 1183129.257], [2547541.988, 1183110.038], [2547571.417, 1183080.437], [2547573.947, 1183082.977], [2547576.727, 1183080.017], [2547574.157, 1183077.6570000001], [2547576.687, 1183075.227], [2547603.187, 1183101.636], [2547604.847, 1183104.226], [2547604.917, 1183106.956], [2547590.238, 1183121.957], [2547586.838, 1183124.557], [2547583.248, 1183126.747], [2547581.2856672904, 1183127.5127903444], [2547579.238, 1183128.007], [2547577.1718976293, 1183128.3530100896], [2547575.078, 1183128.417], [2547566.338, 1183128.507], [2547563.8386530927, 1183128.7540524532], [2547561.378, 1183129.257]]]}, "properties": {"OBJECTID": 52116176, "NUMERO": "2007", "EGRID": "CH369883459656", "NO_COM_FED": 5939, "GENRE_TXT": "DDP superficie", "SUPERFICIE_MO": 1929, "SUPERFICIE_RF": 1929}}, {"type": "Feature", "id": 52116327, "geometry": {"type": "Polygon", "coordinates": [[[2546499.027, 1182688.418], [2546493.837, 1182689.259], [2546423.798, 1182715.47], [2546396.538, 1182725.701], [2546343.1689999998, 1182745.642], [2546313.879, 1182756.643], [2546259.809, 1182777.104], [2546136.83, 1182823.207], [2546107.43, 1182834.2280000001], [2545988.411, 1182879.05], [2545986.001, 1182885.91], [2545977.941, 1182873.561], [2545985.261, 1182875.97], [2546052.491, 1182850.459], [2546105.21, 1182830.858], [2546162.88, 1182809.346], [2546258.379, 1182773.304], [2546312.679, 1182752.8530000001], [2546359.648, 1182735.182], [2546395.108, 1182721.971], [2546492.457, 1182685.359], [2546494.347, 1182679.979], [2546499.027, 1182688.418]]]}, "properties": {"OBJECTID": 52116327, "NUMERO": "DP 1111", "EGRID": "CH374597448335", "NO_COM_FED": 5939, "GENRE_TXT": "DP communal", "SUPERFICIE_MO": 2248, "SUPERFICIE_RF": null}}, {"type": "Feature", "id": 52116337, "geometry": {"type": "Polygon", "coordinates": [[[2546828.856, 1182699.209], [2546763.996, 1182637.542], [2546732.2060000002, 1182607.173], [2546725.1859999998, 1182607.363], [2546734.816, 1182597.183], [2546734.986, 1182604.443], [2546766.666, 1182634.692], [2546810.326, 1182676.1], [2546842.026, 1182706.319], [2546883.705, 1182746.127], [2546966.995, 1182840.324], [2546987.725, 1182863.913], [2547011.455, 1182890.702], [2547018.585, 1182891.412], [2547007.605, 1182900.062], [2547008.125, 1182893.102], [2546964.075, 1182843.234], [2546903.826, 1182774.776], [2546880.9560000002, 1182748.847], [2546879.746, 1182747.707], [2546864.996, 1182733.668], [2546828.856, 1182699.209]]]}, "properties": {"OBJECTID": 52116337, "NUMERO": "DP 1160", "EGRID": "CH809745088389", "NO_COM_FED": 5939, "GENRE_TXT": "DP communal", "SUPERFICIE_MO": 1669, "SUPERFICIE_RF": null}}, {"type": "Feature", "id": 52116428, "geometry": {"type": "Polygon", "coordinates": [[[2547866.322, 1183040.349], [2547862.612, 1183044.659], [2547857.992, 1183049.869], [2547855.902, 1183047.979], [2547860.362, 1183042.729], [2547864.212, 1183038.429], [2547866.322, 1183040.349]]]}, "properties": {"OBJECTID": 52116428, "NUMERO": "1920", "EGRID": "CH856583974574", "NO_COM_FED": 5939, "GENRE_TXT": "parcelle priv\u00e9e", "SUPERFICIE_MO": 37, "SUPERFICIE_RF": 36}}, {"type": "Feature", "id": 52116733, "geometry": {"type": "Polygon", "coordinates": [[[2547446.56, 1182885.16], [2547458.748, 1182896.9], [2547468.72, 1182906.506], [2547446.883, 1182929.267], [2547424.738, 1182907.861], [2547426.879, 1182905.633], [2547446.56, 1182885.16]]]}, "properties": {"OBJECTID": 52116733, "NUMERO": "2665", "EGRID": "CH854283964519", "NO_COM_FED": 5939, "GENRE_TXT": "parcelle priv\u00e9e", "SUPERFICIE_MO": 970, "SUPERFICIE_RF": 968}}, {"type": "Feature", "id": 52117070, "geometry": {"type": "Polygon", "coordinates": [[[2546357.03, 1183567.215], [2546366.221, 1183594.449], [2546375.875, 1183623.053], [2546373.496, 1183625.384], [2546372.472, 1183622.351], [2546359.355, 1183626.858], [2546339.876, 1183569.715], [2546352.726, 1183567.095], [2546353.876, 1183567.135], [2546357.03, 1183567.215]]]}, "properties": {"OBJECTID": 52117070, "NUMERO": "228", "EGRID": "CH138398458368", "NO_COM_FED": 5939, "GENRE_TXT": "parcelle priv\u00e9e", "SUPERFICIE_MO": 1010, "SUPERFICIE_RF": 1012}}, {"type": "Feature", "id": 52118231, "geometry": {"type": "Polygon", "coordinates": [[[2547229.673, 1183101.746], [2547222.143, 1183094.334], [2547212.534, 1183084.877], [2547231.223, 1183065.846], [2547236.543, 1183060.116], [2547253.883, 1183077.106], [2547251.053, 1183079.996], [2547229.673, 1183101.746]]]}, "properties": {"OBJECTID": 52118231, "NUMERO": "2509", "EGRID": "CH428655834583", "NO_COM_FED": 5939, "GENRE_TXT": "parcelle priv\u00e9e", "SUPERFICIE_MO": 831, "SUPERFICIE_RF": 832}}, {"type": "Feature", "id": 52118380, "geometry": {"type": "Polygon", "coordinates": [[[2546812.85, 1183624.503], [2546817.32, 1183629.143], [2546821.49, 1183633.463], [2546823.43, 1183635.483], [2546816.88, 1183637.293], [2546792.43, 1183644.014], [2546812.85, 1183624.503]]]}, "properties": {"OBJECTID": 52118380, "NUMERO": "2533", "EGRID": "CH229985834515", "NO_COM_FED": 5939, "GENRE_TXT": "parcelle priv\u00e9e", "SUPERFICIE_MO": 215, "SUPERFICIE_RF": 212}}, {"type": "Feature", "id": 52119053, "geometry": {"type": "Polygon", "coordinates": [[[2546393.805, 1183528.224], [2546394.935, 1183537.704], [2546396.995, 1183543.454], [2546405.675, 1183558.054], [2546400.605, 1183558.374], [2546393.375, 1183545.064], [2546390.265, 1183531.774], [2546393.805, 1183528.224]]]}, "properties": {"OBJECTID": 52119053, "NUMERO": "DP 1036", "EGRID": "CH514566838630", "NO_COM_FED": 5939, "GENRE_TXT": "DP communal", "SUPERFICIE_MO": 121, "SUPERFICIE_RF": null}}, {"type": "Feature", "id": 52119427, "geometry": {"type": "Polygon", "coordinates": [[[2547111.497, 1183639.398], [2547095.199, 1183600.296], [2547115.7060000002, 1183595.146], [2547131.155, 1183630.446], [2547111.497, 1183639.398]]]}, "properties": {"OBJECTID": 52119427, "NUMERO": "2652", "EGRID": "CH844583946604", "NO_COM_FED": 5939, "GENRE_TXT": "parcelle priv\u00e9e", "SUPERFICIE_MO": 859, "SUPERFICIE_RF": 860}}, {"type": "Feature", "id": 52119430, "geometry": {"type": "Polygon", "coordinates": [[[2547915.73, 1182959.277], [2547938.68, 1182962.187], [2547954.865, 1182962.55], [2547956.17, 1182970.526], [2547941.63, 1182970.456], [2547922.95, 1182967.767], [2547906.2, 1182965.387], [2547897.441, 1182964.178], [2547864.461, 1182959.089], [2547831.972, 1182954.169], [2547826.212, 1182953.35], [2547798.902, 1182949.08], [2547759.163, 1182943.061], [2547756.353, 1182942.572], [2547748.343, 1182941.222], [2547714.5640000002, 1182936.153], [2547689.414, 1182932.233], [2547672.174, 1182927.184], [2547661.764, 1182924.134], [2547650.5640000002, 1182918.244], [2547637.945, 1182911.615], [2547628.185, 1182905.265], [2547604.215, 1182889.656], [2547608.485, 1182882.975], [2547610.155, 1182880.955], [2547616.915, 1182885.685], [2547615.885, 1182887.425], [2547642.104, 1182904.595], [2547665.124, 1182916.414], [2547691.434, 1182923.563], [2547748.753, 1182933.0320000001], [2547758.703, 1182934.451], [2547827.432, 1182945.72], [2547907.66, 1182958.237], [2547915.73, 1182959.277]]]}, "properties": {"OBJECTID": 52119430, "NUMERO": "DP 1184", "EGRID": "CH574597358391", "NO_COM_FED": 5939, "GENRE_TXT": "DP communal", "SUPERFICIE_MO": 2937, "SUPERFICIE_RF": null}}, {"type": "Feature", "id": 52119664, "geometry": {"type": "Polygon", "coordinates": [[[2546770.29, 1183265.746], [2546767.267, 1183261.746], [2546771.96, 1183256.753], [2546773.167, 1183255.4679999999], [2546800.855, 1183281.494], [2546790.499, 1183292.513], [2546783.6, 1183283.376], [2546770.29, 1183265.746]]]}, "properties": {"OBJECTID": 52119664, "NUMERO": "2628", "EGRID": "CH284283459286", "NO_COM_FED": 5939, "GENRE_TXT": "parcelle priv\u00e9e", "SUPERFICIE_MO": 451, "SUPERFICIE_RF": 451}}, {"type": "Feature", "id": 52120807, "geometry": {"type": "Polygon", "coordinates": [[[2547353.212, 1183318.992], [2547365.362, 1183341.982], [2547357.892, 1183345.942], [2547371.612, 1183372.561], [2547368.772, 1183373.641], [2547355.172, 1183347.372], [2547332.532, 1183359.202], [2547321.002, 1183302.153], [2547340.072, 1183293.693], [2547353.212, 1183318.992]]]}, "properties": {"OBJECTID": 52120807, "NUMERO": "1882", "EGRID": "CH974597518304", "NO_COM_FED": 5939, "GENRE_TXT": "parcelle priv\u00e9e", "SUPERFICIE_MO": 1692, "SUPERFICIE_RF": 1693}}, {"type": "Feature", "id": 52120933, "geometry": {"type": "Polygon", "coordinates": [[[2547871.541, 1183003.929], [2547872.651, 1183005.018], [2547869.542, 1183009.429], [2547873.412, 1183012.738], [2547863.512, 1183024.259], [2547856.722, 1183031.919], [2547855.712, 1183033.079], [2547848.312, 1183041.509], [2547843.092, 1183036.829], [2547850.412, 1183028.479], [2547851.422, 1183027.359], [2547858.052, 1183019.569], [2547871.541, 1183003.929]]]}, "properties": {"OBJECTID": 52120933, "NUMERO": "1918", "EGRID": "CH614521839702", "NO_COM_FED": 5939, "GENRE_TXT": "parcelle priv\u00e9e", "SUPERFICIE_MO": 280, "SUPERFICIE_RF": 278}}, {"type": "Feature", "id": 52121151, "geometry": {"type": "Polygon", "coordinates": [[[2547103.136, 1183437.067], [2547083.286, 1183461.828], [2547081.126, 1183464.488], [2547052.916, 1183499.7280000001], [2547026.757, 1183531.069], [2547019.787, 1183532.579], [2547013.877, 1183530.249], [2546970.157, 1183455.481], [2546973.777, 1183450.231], [2547051.326, 1183414.519], [2547071.836, 1183404.9780000001], [2547087.986, 1183408.028], [2547060.326, 1183425.929], [2547082.776, 1183461.028], [2547102.836, 1183436.547], [2547103.136, 1183437.067]]]}, "properties": {"OBJECTID": 52121151, "NUMERO": "82", "EGRID": "CH529705834508", "NO_COM_FED": 5939, "GENRE_TXT": "parcelle priv\u00e9e", "SUPERFICIE_MO": 7705, "SUPERFICIE_RF": 7705}}, {"type": "Feature", "id": 52121499, "geometry": {"type": "Polygon", "coordinates": [[[2547083.766, 1183369.458], [2547082.2060000002, 1183372.258], [2547078.576, 1183378.778], [2547070.486, 1183384.129], [2547067.076, 1183386.389], [2547064.196, 1183382.809], [2547056.7060000002, 1183373.519], [2547049.659, 1183376.428], [2547037.496, 1183381.449], [2547027.047, 1183368.68], [2547027.217, 1183368.56], [2547053.766, 1183349.179], [2547060.256, 1183350.899], [2547073.756, 1183345.229], [2547083.766, 1183369.458]]]}, "properties": {"OBJECTID": 52121499, "NUMERO": "2424", "EGRID": "CH709745878380", "NO_COM_FED": 5939, "GENRE_TXT": "parcelle priv\u00e9e", "SUPERFICIE_MO": 1314, "SUPERFICIE_RF": 1316}}, {"type": "Feature", "id": 52122963, "geometry": {"type": "Polygon", "coordinates": [[[2547425.707, 1182821.3], [2547417.698, 1182822.771], [2547415.188, 1182824.171], [2547404.728, 1182835.121], [2547408.324, 1182831.126], [2547407.776, 1182830.677], [2547412.308, 1182825.892], [2547415.249, 1182823.254], [2547418.174, 1182821.178], [2547420.85, 1182819.895], [2547423.437, 1182819.05], [2547425.707, 1182821.3]]]}, "properties": {"OBJECTID": 52122963, "NUMERO": "128", "EGRID": "CH938392455374", "NO_COM_FED": 5939, "GENRE_TXT": "parcelle priv\u00e9e", "SUPERFICIE_MO": 27, "SUPERFICIE_RF": 27}}, {"type": "Feature", "id": 52123373, "geometry": {"type": "Polygon", "coordinates": [[[2547408.374, 1182887.75], [2547415.699, 1182878.071], [2547417.766, 1182875.34], [2547425.608, 1182864.977], [2547439.418, 1182878.28], [2547446.56, 1182885.16], [2547426.879, 1182905.633], [2547408.374, 1182887.75]]]}, "properties": {"OBJECTID": 52123373, "NUMERO": "2642", "EGRID": "CH438392457726", "NO_COM_FED": 5939, "GENRE_TXT": "parcelle priv\u00e9e", "SUPERFICIE_MO": 778, "SUPERFICIE_RF": 776}}, {"type": "Feature", "id": 52123451, "geometry": {"type": "Polygon", "coordinates": [[[2547843.092, 1183036.829], [2547848.312, 1183041.509], [2547855.902, 1183047.979], [2547857.992, 1183049.869], [2547860.132, 1183051.769], [2547864.192, 1183055.129], [2547873.172, 1183061.009], [2547875.072, 1183061.549], [2547883.352, 1183064.048], [2547894.722, 1183065.708], [2547923.771, 1183069.8969999999], [2547928.541, 1183071.037], [2547930.521, 1183068.437], [2547951.241, 1183084.167], [2547973.101, 1183100.766], [2547995.54, 1183117.755], [2548010.36, 1183128.965], [2548022.43, 1183129.485], [2548051.44, 1183151.374], [2548040.34, 1183165.424], [2548039.89, 1183159.024], [2548017.83, 1183142.225], [2547996.161, 1183125.705], [2547975.951, 1183110.616], [2547956.591, 1183095.796], [2547939.421, 1183082.707], [2547938.141, 1183081.737], [2547931.801, 1183078.447], [2547922.641, 1183075.797], [2547913.501, 1183074.4679999999], [2547882.542, 1183069.948], [2547874.112, 1183067.859], [2547870.672, 1183066.479], [2547860.432, 1183059.869], [2547853.542, 1183054.039], [2547835.582, 1183038.27], [2547830.162, 1183033.54], [2547800.713, 1183008.05], [2547781.253, 1182990.971], [2547763.103, 1182975.371], [2547745.173, 1182959.742], [2547727.343, 1182944.302], [2547721.533, 1182939.202], [2547714.5640000002, 1182936.153], [2547748.343, 1182941.222], [2547744.543, 1182944.262], [2547743.713, 1182949.012], [2547747.163, 1182953.342], [2547765.373, 1182969.391], [2547775.813, 1182975.861], [2547792.883, 1182992.221], [2547794.203, 1182994.421], [2547809.293, 1183007.62], [2547812.413, 1183010.12], [2547818.332, 1183015.3], [2547824.322, 1183020.54], [2547832.472, 1183027.69], [2547843.092, 1183036.829]]]}, "properties": {"OBJECTID": 52123451, "NUMERO": "DP 1180", "EGRID": "CH774597898355", "NO_COM_FED": 5939, "GENRE_TXT": "DP communal", "SUPERFICIE_MO": 2836, "SUPERFICIE_RF": null}}, {"type": "Feature", "id": 52123703, "geometry": {"type": "Polygon", "coordinates": [[[2547281.172, 1183049.225], [2547266.593, 1183064.115], [2547253.883, 1183077.106], [2547236.543, 1183060.116], [2547242.063, 1183054.466], [2547245.018, 1183051.475], [2547263.992, 1183032.275], [2547281.172, 1183049.225]]]}, "properties": {"OBJECTID": 52123703, "NUMERO": "2510", "EGRID": "CH414555838666", "NO_COM_FED": 5939, "GENRE_TXT": "parcelle priv\u00e9e", "SUPERFICIE_MO": 946, "SUPERFICIE_RF": 946}}, {"type": "Feature", "id": 52124677, "geometry": {"type": "Polygon", "coordinates": [[[2545655.302, 1182799.17], [2545707.842, 1182881.048], [2545755.343, 1182954.386], [2545753.593, 1182957.246], [2545672.213, 1182941.348], [2545592.903, 1182932.28], [2545582.653, 1182929.961], [2545574.113, 1182923.741], [2545507.483, 1182864.803], [2545439.183, 1182804.276], [2545371.223, 1182744.298], [2545371.883, 1182738.358], [2545433.352, 1182704.477], [2545490.092, 1182673.166], [2545547.252, 1182641.704], [2545554.322, 1182643.464], [2545602.972, 1182718.512], [2545655.302, 1182799.17]]]}, "properties": {"OBJECTID": 52124677, "NUMERO": "616", "EGRID": "CH714586839762", "NO_COM_FED": 5939, "GENRE_TXT": "parcelle priv\u00e9e", "SUPERFICIE_MO": 53278, "SUPERFICIE_RF": 53300}}, {"type": "Feature", "id": 52124993, "geometry": {"type": "Polygon", "coordinates": [[[2547416.021, 1183182.311], [2547437.261, 1183203.271], [2547436.0810000002, 1183208.571], [2547412.691, 1183216.961], [2547410.5609999998, 1183214.871], [2547397.0609999998, 1183201.592], [2547416.021, 1183182.311]]]}, "properties": {"OBJECTID": 52124993, "NUMERO": "1735", "EGRID": "CH628669834583", "NO_COM_FED": 5939, "GENRE_TXT": "parcelle priv\u00e9e", "SUPERFICIE_MO": 756, "SUPERFICIE_RF": 759}}, {"type": "Feature", "id": 52125918, "geometry": {"type": "Polygon", "coordinates": [[[2547906.918, 1182765.287], [2547866.86, 1182821.738], [2547822.0609999998, 1182859.369], [2547818.861, 1182856.9], [2547863.84, 1182819.148], [2547903.648, 1182762.927], [2547912.248, 1182752.097], [2547955.427, 1182703.235], [2547999.396, 1182672.114], [2548019.485, 1182657.834], [2548033.385, 1182642.553], [2548043.145, 1182631.8429999999], [2548048.485, 1182625.963], [2548061.284, 1182611.892], [2548110.463, 1182557.851], [2548111.243, 1182551.011], [2548119.763, 1182561.06], [2548113.123, 1182560.921], [2548022.305, 1182660.703], [2548001.736, 1182675.354], [2547958.087, 1182706.315], [2547915.508, 1182754.467], [2547906.918, 1182765.287]]]}, "properties": {"OBJECTID": 52125918, "NUMERO": "DP 1291", "EGRID": "CH209745878356", "NO_COM_FED": 5939, "GENRE_TXT": "DP communal", "SUPERFICIE_MO": 1725, "SUPERFICIE_RF": null}}, {"type": "Feature", "id": 52125979, "geometry": {"type": "Polygon", "coordinates": [[[2546834.619, 1183443.314], [2546845.129, 1183454.594], [2546860.709, 1183439.743], [2546866.239, 1183433.983], [2546867.769, 1183432.383], [2546867.979, 1183432.583], [2546879.909, 1183444.0929999999], [2546893.678, 1183457.812], [2546894.138, 1183458.2820000001], [2546885.6689999998, 1183460.583], [2546884.009, 1183461.053], [2546868.859, 1183465.183], [2546864.389, 1183466.213], [2546843.9189999998, 1183472.344], [2546842.879, 1183472.644], [2546816.85, 1183480.284], [2546813.97, 1183479.164], [2546809.82, 1183472.354], [2546810.19, 1183469.294], [2546834.619, 1183443.314]]]}, "properties": {"OBJECTID": 52125979, "NUMERO": "1692", "EGRID": "CH558883974540", "NO_COM_FED": 5939, "GENRE_TXT": "parcelle priv\u00e9e", "SUPERFICIE_MO": 1784, "SUPERFICIE_RF": 1782}}, {"type": "Feature", "id": 52126084, "geometry": {"type": "Polygon", "coordinates": [[[2546282.495, 1183491.3969999999], [2546287.735, 1183489.107], [2546281.755, 1183475.868], [2546286.095, 1183473.458], [2546304.165, 1183463.697], [2546308.485, 1183471.777], [2546314.345, 1183469.487], [2546316.035, 1183473.817], [2546323.375, 1183470.877], [2546332.535, 1183467.726], [2546337.615, 1183466.046], [2546340.105, 1183474.286], [2546339.765, 1183474.386], [2546335.265, 1183476.016], [2546334.425, 1183474.036], [2546333.655, 1183474.336], [2546333.565, 1183474.146], [2546329.035, 1183475.976], [2546329.055, 1183476.246], [2546327.495, 1183476.836], [2546327.315, 1183476.546], [2546326.185, 1183476.986], [2546326.265, 1183477.296], [2546325.825, 1183477.416], [2546320.635, 1183479.357], [2546319.345, 1183479.867], [2546320.295, 1183482.497], [2546319.125, 1183483.067], [2546306.055, 1183488.197], [2546295.255, 1183493.367], [2546290.415, 1183495.757], [2546282.495, 1183491.3969999999]]]}, "properties": {"OBJECTID": 52126084, "NUMERO": "243", "EGRID": "CH129763834510", "NO_COM_FED": 5939, "GENRE_TXT": "parcelle priv\u00e9e", "SUPERFICIE_MO": 854, "SUPERFICIE_RF": 858}}, {"type": "Feature", "id": 52126870, "geometry": {"type": "Polygon", "coordinates": [[[2546718.031, 1183276.378], [2546704.291, 1183258.248], [2546704.471, 1183253.658], [2546734.55, 1183218.438], [2546749.355, 1183238.037], [2546756.41, 1183247.377], [2546718.031, 1183276.378]]]}, "properties": {"OBJECTID": 52126870, "NUMERO": "226", "EGRID": "CH329742834534", "NO_COM_FED": 5939, "GENRE_TXT": "parcelle priv\u00e9e", "SUPERFICIE_MO": 1486, "SUPERFICIE_RF": 1484}}, {"type": "Feature", "id": 52127284, "geometry": {"type": "Polygon", "coordinates": [[[2547508.934, 1182865.078], [2547470.647, 1182833.349], [2547469.407, 1182830.079], [2547481.136, 1182818.629], [2547488.626, 1182820.529], [2547500.966, 1182824.598], [2547516.586, 1182833.018], [2547524.166, 1182837.908], [2547518.786, 1182845.328], [2547516.516, 1182848.488], [2547519.357, 1182850.6], [2547508.934, 1182865.078]]]}, "properties": {"OBJECTID": 52127284, "NUMERO": "2588", "EGRID": "CH644583903122", "NO_COM_FED": 5939, "GENRE_TXT": "parcelle priv\u00e9e", "SUPERFICIE_MO": 1287, "SUPERFICIE_RF": 1284}}, {"type": "Feature", "id": 52127880, "geometry": {"type": "Polygon", "coordinates": [[[2546444.584, 1183442.413], [2546450.2939999998, 1183445.0929999999], [2546455.454, 1183449.5929999999], [2546464.304, 1183463.6030000001], [2546447.754, 1183474.793], [2546443.754, 1183477.503], [2546443.034, 1183477.793], [2546438.184, 1183462.614], [2546432.7939999998, 1183445.784], [2546439.754, 1183443.834], [2546444.584, 1183442.413]]]}, "properties": {"OBJECTID": 52127880, "NUMERO": "2502", "EGRID": "CH338398457607", "NO_COM_FED": 5939, "GENRE_TXT": "parcelle priv\u00e9e", "SUPERFICIE_MO": 623, "SUPERFICIE_RF": 625}}, {"type": "Feature", "id": 52129161, "geometry": {"type": "Polygon", "coordinates": [[[2547410.618, 1182847.751], [2547419.748, 1182833.691], [2547423.847, 1182828.93], [2547424.757, 1182828.3], [2547434.617, 1182837.28], [2547432.887, 1182839.34], [2547435.907, 1182842.08], [2547433.487, 1182844.81], [2547429.528, 1182849.27], [2547421.458, 1182858.211], [2547410.618, 1182847.751]]]}, "properties": {"OBJECTID": 52129161, "NUMERO": "134", "EGRID": "CH838386456553", "NO_COM_FED": 5939, "GENRE_TXT": "parcelle priv\u00e9e", "SUPERFICIE_MO": 393, "SUPERFICIE_RF": 394}}, {"type": "Feature", "id": 52129677, "geometry": {"type": "Polygon", "coordinates": [[[2547263.923, 1183357.994], [2547285.013, 1183346.964], [2547297.893, 1183371.703], [2547276.683, 1183382.824], [2547271.633, 1183373.014], [2547263.923, 1183357.994]]]}, "properties": {"OBJECTID": 52129677, "NUMERO": "1751", "EGRID": "CH338397455141", "NO_COM_FED": 5939, "GENRE_TXT": "parcelle priv\u00e9e", "SUPERFICIE_MO": 666, "SUPERFICIE_RF": 665}}, {"type": "Feature", "id": 52130288, "geometry": {"type": "Polygon", "coordinates": [[[2547781.253, 1182990.971], [2547800.713, 1183008.05], [2547800.093, 1183008.73], [2547767.0439999998, 1183046.0320000001], [2547747.624, 1183028.982], [2547781.253, 1182990.971]]]}, "properties": {"OBJECTID": 52130288, "NUMERO": "1480", "EGRID": "CH944583978044", "NO_COM_FED": 5939, "GENRE_TXT": "parcelle priv\u00e9e", "SUPERFICIE_MO": 1313, "SUPERFICIE_RF": 1311}}, {"type": "Feature", "id": 52130936, "geometry": {"type": "Polygon", "coordinates": [[[2546105.21, 1182830.858], [2546045.53, 1182739.78], [2545986.04, 1182649.323], [2546041.329, 1182624.031], [2546102.069, 1182716.669], [2546162.88, 1182809.346], [2546105.21, 1182830.858]]]}, "properties": {"OBJECTID": 52130936, "NUMERO": "650", "EGRID": "CH251483974506", "NO_COM_FED": 5939, "GENRE_TXT": "parcelle priv\u00e9e", "SUPERFICIE_MO": 13164, "SUPERFICIE_RF": 13152}}, {"type": "Feature", "id": 52132391, "geometry": {"type": "Polygon", "coordinates": [[[2546461.095, 1183611.472], [2546422.535, 1183585.973], [2546417.095, 1183569.943], [2546416.115, 1183567.233], [2546422.945, 1183567.033], [2546423.755, 1183566.953], [2546429.525, 1183566.703], [2546432.555, 1183566.613], [2546445.595, 1183566.003], [2546456.885, 1183565.2820000001], [2546465.994, 1183564.542], [2546473.434, 1183563.912], [2546484.394, 1183562.952], [2546476.124, 1183575.012], [2546469.06, 1183592.1469999999], [2546461.448, 1183610.615], [2546461.095, 1183611.472]]]}, "properties": {"OBJECTID": 52132391, "NUMERO": "232", "EGRID": "CH598386664514", "NO_COM_FED": 5939, "GENRE_TXT": "parcelle priv\u00e9e", "SUPERFICIE_MO": 1799, "SUPERFICIE_RF": 1793}}, {"type": "Feature", "id": 52132971, "geometry": {"type": "Polygon", "coordinates": [[[2547121.375, 1183385.357], [2547122.715, 1183384.6570000001], [2547143.955, 1183370.227], [2547149.545, 1183374.677], [2547171.265, 1183405.426], [2547169.265, 1183406.846], [2547168.695, 1183407.186], [2547160.755, 1183412.706], [2547146.985, 1183422.336], [2547131.305, 1183400.447], [2547121.375, 1183385.357]]]}, "properties": {"OBJECTID": 52132971, "NUMERO": "86", "EGRID": "CH244583971061", "NO_COM_FED": 5939, "GENRE_TXT": "parcelle priv\u00e9e", "SUPERFICIE_MO": 1314, "SUPERFICIE_RF": 1318}}, {"type": "Feature", "id": 52134125, "geometry": {"type": "Polygon", "coordinates": [[[2547135.343, 1182981.97], [2547139.344, 1182979.189], [2547141.394, 1182977.769], [2547154.704, 1182996.2280000001], [2547133.914, 1183012.949], [2547131.034, 1183010.049], [2547116.264, 1182995.229], [2547135.343, 1182981.97]]]}, "properties": {"OBJECTID": 52134125, "NUMERO": "2525", "EGRID": "CH883883459782", "NO_COM_FED": 5939, "GENRE_TXT": "parcelle priv\u00e9e", "SUPERFICIE_MO": 680, "SUPERFICIE_RF": 680}}, {"type": "Feature", "id": 52134351, "geometry": {"type": "Polygon", "coordinates": [[[2546941.218, 1183315.892], [2546941.5760842557, 1183313.8966587903], [2546942.188, 1183311.964], [2546943.0438333456, 1183310.1263047953], [2546944.129, 1183308.414], [2546963.687, 1183287.606], [2546965.1682594176, 1183286.8098759803], [2546966.718, 1183286.1570000001], [2546968.3223887174, 1183285.6538979409], [2546969.967, 1183285.304], [2546941.218, 1183315.892]]]}, "properties": {"OBJECTID": 52134351, "NUMERO": "2638", "EGRID": "CH384283459252", "NO_COM_FED": 5939, "GENRE_TXT": "parcelle priv\u00e9e", "SUPERFICIE_MO": 110, "SUPERFICIE_RF": 110}}, {"type": "Feature", "id": 52134462, "geometry": {"type": "Polygon", "coordinates": [[[2547066.184, 1182885.39], [2547053.584, 1182869.281], [2547067.484, 1182858.46], [2547077.964, 1182850.27], [2547090.644, 1182866.47], [2547085.254, 1182870.68], [2547080.094, 1182874.57], [2547070.824, 1182881.69], [2547066.184, 1182885.39]]]}, "properties": {"OBJECTID": 52134462, "NUMERO": "2531", "EGRID": "CH474599848357", "NO_COM_FED": 5939, "GENRE_TXT": "parcelle priv\u00e9e", "SUPERFICIE_MO": 633, "SUPERFICIE_RF": 634}}, {"type": "Feature", "id": 52136601, "geometry": {"type": "Polygon", "coordinates": [[[2546598.863, 1183581.909], [2546597.953, 1183578.059], [2546592.153, 1183579.329], [2546585.163, 1183549.649], [2546612.702, 1183542.989], [2546620.572, 1183576.4780000001], [2546598.863, 1183581.909]]]}, "properties": {"OBJECTID": 52136601, "NUMERO": "1817", "EGRID": "CH958683974555", "NO_COM_FED": 5939, "GENRE_TXT": "parcelle priv\u00e9e", "SUPERFICIE_MO": 954, "SUPERFICIE_RF": 951}}, {"type": "Feature", "id": 52136610, "geometry": {"type": "Polygon", "coordinates": [[[2546814.349, 1183061.617], [2546794.478, 1183034.037], [2546817.238, 1183017.6469999999], [2546835.248, 1183042.496], [2546814.349, 1183061.617]]]}, "properties": {"OBJECTID": 52136610, "NUMERO": "2196", "EGRID": "CH798397754514", "NO_COM_FED": 5939, "GENRE_TXT": "parcelle priv\u00e9e", "SUPERFICIE_MO": 909, "SUPERFICIE_RF": 908}}, {"type": "Feature", "id": 52137511, "geometry": {"type": "Polygon", "coordinates": [[[2547289.683, 1183407.513], [2547268.993, 1183415.214], [2547251.173, 1183383.654], [2547271.633, 1183373.014], [2547276.683, 1183382.824], [2547289.683, 1183407.513]]]}, "properties": {"OBJECTID": 52137511, "NUMERO": "1676", "EGRID": "CH598397054501", "NO_COM_FED": 5939, "GENRE_TXT": "parcelle priv\u00e9e", "SUPERFICIE_MO": 843, "SUPERFICIE_RF": 843}}, {"type": "Feature", "id": 52138096, "geometry": {"type": "Polygon", "coordinates": [[[2547768.435, 1183226.552], [2547765.175, 1183192.992], [2547772.675, 1183209.352], [2547773.285, 1183216.7820000001], [2547770.905, 1183223.802], [2547768.435, 1183226.552]]]}, "properties": {"OBJECTID": 52138096, "NUMERO": "2080", "EGRID": "CH409845828373", "NO_COM_FED": 5939, "GENRE_TXT": "parcelle priv\u00e9e", "SUPERFICIE_MO": 126, "SUPERFICIE_RF": 123}}, {"type": "Feature", "id": 52138327, "geometry": {"type": "Polygon", "coordinates": [[[2547446.861, 1183452.809], [2547479.81, 1183446.198], [2547495.77, 1183442.988], [2547510.73, 1183439.898], [2547513.67, 1183439.098], [2547517.56, 1183437.987], [2547544.82, 1183430.1469999999], [2547546.06, 1183434.347], [2547514.74, 1183443.027], [2547481.47, 1183452.168], [2547451.711, 1183460.459], [2547446.861, 1183452.809]]]}, "properties": {"OBJECTID": 52138327, "NUMERO": "1763", "EGRID": "CH498398824586", "NO_COM_FED": 5939, "GENRE_TXT": "parcelle priv\u00e9e", "SUPERFICIE_MO": 548, "SUPERFICIE_RF": 546}}, {"type": "Feature", "id": 52138462, "geometry": {"type": "Polygon", "coordinates": [[[2546840.397, 1182945.177], [2546816.977, 1182922.208], [2546832.657, 1182906.177], [2546845.387, 1182915.3969999999], [2546858.097, 1182927.087], [2546840.397, 1182945.177]]]}, "properties": {"OBJECTID": 52138462, "NUMERO": "2134", "EGRID": "CH974597778323", "NO_COM_FED": 5939, "GENRE_TXT": "parcelle priv\u00e9e", "SUPERFICIE_MO": 799, "SUPERFICIE_RF": 800}}, {"type": "Feature", "id": 52138484, "geometry": {"type": "Polygon", "coordinates": [[[2546593.103, 1183583.249], [2546600.783, 1183616.469], [2546573.363, 1183622.879], [2546563.963, 1183595.37], [2546567.293, 1183589.36], [2546593.103, 1183583.249]]]}, "properties": {"OBJECTID": 52138484, "NUMERO": "1762", "EGRID": "CH944583978638", "NO_COM_FED": 5939, "GENRE_TXT": "parcelle priv\u00e9e", "SUPERFICIE_MO": 1005, "SUPERFICIE_RF": 1005}}, {"type": "Feature", "id": 52138559, "geometry": {"type": "Polygon", "coordinates": [[[2547426.471, 1183365.37], [2547449.101, 1183400.779], [2547420.291, 1183411.43], [2547404.941, 1183387.49], [2547400.341, 1183380.311], [2547391.992, 1183378.201], [2547426.471, 1183365.37]]]}, "properties": {"OBJECTID": 52138559, "NUMERO": "1886", "EGRID": "CH744583977124", "NO_COM_FED": 5939, "GENRE_TXT": "parcelle priv\u00e9e", "SUPERFICIE_MO": 1276, "SUPERFICIE_RF": 1276}}, {"type": "Feature", "id": 52138680, "geometry": {"type": "Polygon", "coordinates": [[[2546623.958, 1182860.463], [2546602.018, 1182849.274], [2546606.048, 1182825.294], [2546606.057, 1182825.237], [2546606.280871469, 1182824.3426048954], [2546606.640410581, 1182823.4936098044], [2546607.1269607334, 1182822.7104559327], [2546607.7288072864, 1182822.0119992308], [2546608.431459615, 1182821.4150564005], [2546609.218, 1182820.934], [2546610.085720972, 1182820.5752644886], [2546610.9991397853, 1182820.357785925], [2546611.9354198836, 1182820.2870015318], [2546612.871153154, 1182820.3646810022], [2546613.7829451533, 1182820.5888822575], [2546614.648, 1182820.954], [2546638.028, 1182832.903], [2546623.958, 1182860.463]]]}, "properties": {"OBJECTID": 52138680, "NUMERO": "649", "EGRID": "CH514570839780", "NO_COM_FED": 5939, "GENRE_TXT": "parcelle priv\u00e9e", "SUPERFICIE_MO": 899, "SUPERFICIE_RF": 900}}, {"type": "Feature", "id": 52138857, "geometry": {"type": "Polygon", "coordinates": [[[2546856.657, 1182914.967], [2546858.727, 1182912.777], [2546925.076, 1182844.345], [2546934.586, 1182853.225], [2546949.226, 1182878.274], [2546879.867, 1182933.176], [2546877.7939999998, 1182934.87], [2546864.107, 1182921.766], [2546856.657, 1182914.967]]]}, "properties": {"OBJECTID": 52138857, "NUMERO": "1338", "EGRID": "CH657483974593", "NO_COM_FED": 5939, "GENRE_TXT": "parcelle priv\u00e9e", "SUPERFICIE_MO": 3374, "SUPERFICIE_RF": 3373}}, {"type": "Feature", "id": 52138916, "geometry": {"type": "Polygon", "coordinates": [[[2547511.455, 1182754.188], [2547529.265, 1182733.527], [2547548.865, 1182751.997], [2547552.654, 1182755.577], [2547552.545, 1182756.997], [2547547.895, 1182771.637], [2547540.015, 1182780.267], [2547511.455, 1182754.188]]]}, "properties": {"OBJECTID": 52138916, "NUMERO": "2131", "EGRID": "CH314505839754", "NO_COM_FED": 5939, "GENRE_TXT": "parcelle priv\u00e9e", "SUPERFICIE_MO": 1001, "SUPERFICIE_RF": 1000}}, {"type": "Feature", "id": 52138931, "geometry": {"type": "Polygon", "coordinates": [[[2547880.622, 1183100.879], [2547858.183, 1183086.139], [2547874.112, 1183067.859], [2547882.542, 1183069.948], [2547913.501, 1183074.4679999999], [2547886.912, 1183105.178], [2547880.622, 1183100.879]]]}, "properties": {"OBJECTID": 52138931, "NUMERO": "1930", "EGRID": "CH750183974590", "NO_COM_FED": 5939, "GENRE_TXT": "parcelle priv\u00e9e", "SUPERFICIE_MO": 1092, "SUPERFICIE_RF": 1087}}, {"type": "Feature", "id": 52139427, "geometry": {"type": "Polygon", "coordinates": [[[2546610.963, 1183648.168], [2546592.923, 1183652.259], [2546582.933, 1183647.159], [2546573.363, 1183622.879], [2546600.783, 1183616.469], [2546603.603, 1183615.769], [2546610.963, 1183648.168]]]}, "properties": {"OBJECTID": 52139427, "NUMERO": "301", "EGRID": "CH614542839707", "NO_COM_FED": 5939, "GENRE_TXT": "parcelle priv\u00e9e", "SUPERFICIE_MO": 917, "SUPERFICIE_RF": 921}}, {"type": "Feature", "id": 52140545, "geometry": {"type": "Polygon", "coordinates": [[[2546869.638, 1183095.32], [2546854.708, 1183079.145], [2546876.699, 1183053.318], [2546894.225, 1183071.12], [2546892.895, 1183072.429], [2546869.638, 1183095.32]]]}, "properties": {"OBJECTID": 52140545, "NUMERO": "2661", "EGRID": "CH509645208385", "NO_COM_FED": 5939, "GENRE_TXT": "parcelle priv\u00e9e", "SUPERFICIE_MO": 802, "SUPERFICIE_RF": 801}}, {"type": "Feature", "id": 52140629, "geometry": {"type": "Polygon", "coordinates": [[[2546763.05, 1183589.655], [2546755.171, 1183593.115], [2546754.071, 1183589.725], [2546761.65, 1183586.455], [2546763.05, 1183589.655]]]}, "properties": {"OBJECTID": 52140629, "NUMERO": "56", "EGRID": "CH998398784525", "NO_COM_FED": 5939, "GENRE_TXT": "parcelle priv\u00e9e", "SUPERFICIE_MO": 30, "SUPERFICIE_RF": 30}}, {"type": "Feature", "id": 52140819, "geometry": {"type": "Polygon", "coordinates": [[[2547103.346, 1183554.747], [2547100.746, 1183551.767], [2547097.4359999998, 1183547.947], [2547085.466, 1183534.317], [2547101.075, 1183521.324], [2547114.623, 1183534.496], [2547112.02, 1183538.239], [2547117.803, 1183550.671], [2547103.346, 1183554.747]]]}, "properties": {"OBJECTID": 52140819, "NUMERO": "77", "EGRID": "CH550883974566", "NO_COM_FED": 5939, "GENRE_TXT": "parcelle priv\u00e9e", "SUPERFICIE_MO": 583, "SUPERFICIE_RF": 582}}, {"type": "Feature", "id": 52141046, "geometry": {"type": "Polygon", "coordinates": [[[2547284.443, 1183262.664], [2547259.283, 1183271.595], [2547253.113, 1183273.915], [2547233.204, 1183254.195], [2547240.123, 1183248.735], [2547257.033, 1183235.405], [2547284.443, 1183262.664]]]}, "properties": {"OBJECTID": 52141046, "NUMERO": "1753", "EGRID": "CH644583974287", "NO_COM_FED": 5939, "GENRE_TXT": "parcelle priv\u00e9e", "SUPERFICIE_MO": 1002, "SUPERFICIE_RF": 1001}}, {"type": "Feature", "id": 52141220, "geometry": {"type": "Polygon", "coordinates": [[[2546987.725, 1182863.913], [2546966.995, 1182840.324], [2547018.624, 1182800.062], [2547081.822, 1182750.72], [2547084.862, 1182748.51], [2547093.182, 1182763.18], [2547099.822, 1182776.59], [2547097.513, 1182778.37], [2547038.754, 1182824.021], [2546987.725, 1182863.913]]]}, "properties": {"OBJECTID": 52141220, "NUMERO": "1349", "EGRID": "CH569783458427", "NO_COM_FED": 5939, "GENRE_TXT": "parcelle priv\u00e9e", "SUPERFICIE_MO": 4575, "SUPERFICIE_RF": 4560}}, {"type": "Feature", "id": 52141971, "geometry": {"type": "Polygon", "coordinates": [[[2547445.31, 1183182.121], [2547442.421, 1183182.211], [2547442.511, 1183177.001], [2547442.5810000002, 1183171.021], [2547445.44, 1183171.021], [2547445.38, 1183177.051], [2547445.31, 1183182.121]]]}, "properties": {"OBJECTID": 52141971, "NUMERO": "2035", "EGRID": "CH455283974576", "NO_COM_FED": 5939, "GENRE_TXT": "parcelle priv\u00e9e", "SUPERFICIE_MO": 32, "SUPERFICIE_RF": 34}}, {"type": "Feature", "id": 52142049, "geometry": {"type": "Polygon", "coordinates": [[[2547499.517, 1182925.279], [2547516.217, 1182941.658], [2547488.368, 1182969.369], [2547446.883, 1182929.267], [2547468.72, 1182906.506], [2547477.567, 1182915.029], [2547482.817, 1182908.889], [2547499.517, 1182925.279]]]}, "properties": {"OBJECTID": 52142049, "NUMERO": "2643", "EGRID": "CH444583927738", "NO_COM_FED": 5939, "GENRE_TXT": "parcelle priv\u00e9e", "SUPERFICIE_MO": 2199, "SUPERFICIE_RF": 2194}}, {"type": "Feature", "id": 52142487, "geometry": {"type": "Polygon", "coordinates": [[[2547405.901, 1183116.442], [2547404.451, 1183117.982], [2547405.941, 1183119.482], [2547384.381, 1183141.342], [2547376.851, 1183133.933], [2547388.951, 1183121.822], [2547391.551, 1183119.372], [2547395.8310000002, 1183117.572], [2547403.8109999998, 1183114.372], [2547405.901, 1183116.442]]]}, "properties": {"OBJECTID": 52142487, "NUMERO": "2025", "EGRID": "CH708645608370", "NO_COM_FED": 5939, "GENRE_TXT": "parcelle priv\u00e9e", "SUPERFICIE_MO": 307, "SUPERFICIE_RF": 307}}, {"type": "Feature", "id": 52142568, "geometry": {"type": "Polygon", "coordinates": [[[2547243.365, 1182992.73], [2547231.423, 1183005.556], [2547215.232, 1183022.717], [2547212.237, 1183022.845], [2547209.577, 1183021.51], [2547207.426, 1183019.441], [2547203.4560000002, 1183013.684], [2547200.036, 1183007.573], [2547198.983, 1183005.355], [2547212.773, 1182989.917], [2547224.352, 1182976.786], [2547243.365, 1182992.73]]]}, "properties": {"OBJECTID": 52142568, "NUMERO": "144", "EGRID": "CH609745898311", "NO_COM_FED": 5939, "GENRE_TXT": "parcelle priv\u00e9e", "SUPERFICIE_MO": 1014, "SUPERFICIE_RF": 1013}}, {"type": "Feature", "id": 52142705, "geometry": {"type": "Polygon", "coordinates": [[[2546367.445, 1183661.665], [2546370.346, 1183659.104], [2546395.316, 1183652.193], [2546420.335, 1183645.233], [2546435.475, 1183641.012], [2546450.965, 1183626.382], [2546471.965, 1183642.768], [2546491.729, 1183658.19], [2546515.69, 1183676.885], [2546553.554, 1183706.429], [2546549.134, 1183707.709], [2546485.024, 1183714.581], [2546430.785, 1183717.992], [2546385.7060000002, 1183717.743], [2546333.807, 1183715.414], [2546314.067, 1183713.795], [2546314.887, 1183709.025], [2546326.507, 1183697.805], [2546367.445, 1183661.665]]]}, "properties": {"OBJECTID": 52142705, "NUMERO": "295", "EGRID": "CH528666834547", "NO_COM_FED": 5939, "GENRE_TXT": "parcelle priv\u00e9e", "SUPERFICIE_MO": 12204, "SUPERFICIE_RF": 12207}}, {"type": "Feature", "id": 52143177, "geometry": {"type": "Polygon", "coordinates": [[[2547204.824, 1183317.956], [2547216.574, 1183308.625], [2547228.584, 1183299.665], [2547236.134, 1183294.745], [2547243.993, 1183290.175], [2547252.083, 1183285.995], [2547266.263, 1183311.804], [2547264.883, 1183319.574], [2547229.854, 1183350.975], [2547226.594, 1183344.495], [2547225.494, 1183342.185], [2547222.424, 1183336.695], [2547221.874, 1183335.705], [2547204.824, 1183317.956]]]}, "properties": {"OBJECTID": 52143177, "NUMERO": "90", "EGRID": "CH529781834503", "NO_COM_FED": 5939, "GENRE_TXT": "parcelle priv\u00e9e", "SUPERFICIE_MO": 2045, "SUPERFICIE_RF": 2045}}, {"type": "Feature", "id": 52143393, "geometry": {"type": "Polygon", "coordinates": [[[2546814.349, 1183061.617], [2546835.248, 1183042.496], [2546857.018, 1183061.335], [2546857.508, 1183064.895], [2546852.878, 1183070.576], [2546845.059, 1183077.966], [2546840.069, 1183084.046], [2546814.349, 1183061.617]]]}, "properties": {"OBJECTID": 52143393, "NUMERO": "2197", "EGRID": "CH844583977781", "NO_COM_FED": 5939, "GENRE_TXT": "parcelle priv\u00e9e", "SUPERFICIE_MO": 923, "SUPERFICIE_RF": 923}}, {"type": "Feature", "id": 52143442, "geometry": {"type": "Polygon", "coordinates": [[[2547367.481, 1183100.323], [2547373.141, 1183094.763], [2547382.731, 1183104.542], [2547382.941, 1183104.752], [2547383.921, 1183105.682], [2547391.191, 1183112.952], [2547392.291, 1183113.982], [2547393.461, 1183115.212], [2547395.8310000002, 1183117.572], [2547391.551, 1183119.372], [2547388.951, 1183121.822], [2547387.231, 1183120.162], [2547387.021, 1183119.952], [2547378.961, 1183111.762], [2547375.541, 1183108.422], [2547367.481, 1183100.323]]]}, "properties": {"OBJECTID": 52143442, "NUMERO": "2026", "EGRID": "CH883083459707", "NO_COM_FED": 5939, "GENRE_TXT": "parcelle priv\u00e9e", "SUPERFICIE_MO": 243, "SUPERFICIE_RF": 241}}, {"type": "Feature", "id": 52143637, "geometry": {"type": "Polygon", "coordinates": [[[2547364.052, 1183197.192], [2547370.252, 1183203.262], [2547375.291, 1183208.212], [2547389.5810000002, 1183222.262], [2547391.801, 1183224.452], [2547370.892, 1183231.912], [2547368.732, 1183229.822], [2547343.012, 1183204.663], [2547364.052, 1183197.192]]]}, "properties": {"OBJECTID": 52143637, "NUMERO": "1718", "EGRID": "CH786083458618", "NO_COM_FED": 5939, "GENRE_TXT": "parcelle priv\u00e9e", "SUPERFICIE_MO": 780, "SUPERFICIE_RF": 780}}, {"type": "Feature", "id": 52143838, "geometry": {"type": "Polygon", "coordinates": [[[2547794.055, 1183228.021], [2547803.505, 1183226.921], [2547812.315, 1183230.321], [2547886.0640000002, 1183280.089], [2547886.025, 1183352.809], [2547870.545, 1183354.029], [2547828.676, 1183361.94], [2547773.7060000002, 1183376.122], [2547736.977, 1183383.552], [2547729.587, 1183379.193], [2547690.547, 1183390.784], [2547640.728, 1183402.415], [2547631.608, 1183404.545], [2547610.609, 1183411.555], [2547549.879, 1183428.597], [2547528.52, 1183371.188], [2547514.05, 1183332.518], [2547602.329, 1183299.596], [2547701.217, 1183262.684], [2547794.055, 1183228.021]]]}, "properties": {"OBJECTID": 52143838, "NUMERO": "1779", "EGRID": "CH685183459790", "NO_COM_FED": 5939, "GENRE_TXT": "parcelle priv\u00e9e", "SUPERFICIE_MO": 42242, "SUPERFICIE_RF": 42248}}, {"type": "Feature", "id": 52143924, "geometry": {"type": "Polygon", "coordinates": [[[2546261.476, 1183538.648], [2546275.006, 1183557.857], [2546262.296, 1183559.387], [2546231.386, 1183566.128], [2546219.536, 1183559.739], [2546206.276, 1183551.089], [2546239.116, 1183535.768], [2546247.286, 1183531.938], [2546249.826, 1183536.608], [2546258.926, 1183532.608], [2546259.026, 1183532.808], [2546261.476, 1183538.648]]]}, "properties": {"OBJECTID": 52143924, "NUMERO": "1701", "EGRID": "CH998397874507", "NO_COM_FED": 5939, "GENRE_TXT": "parcelle priv\u00e9e", "SUPERFICIE_MO": 1317, "SUPERFICIE_RF": 1320}}, {"type": "Feature", "id": 52144599, "geometry": {"type": "Polygon", "coordinates": [[[2546262.951, 1183015.892], [2546200.02, 1182919.754], [2546136.83, 1182823.207], [2546259.809, 1182777.104], [2546323.1689999998, 1182873.171], [2546386.38, 1182969.329], [2546344.67, 1182984.99], [2546262.951, 1183015.892]]]}, "properties": {"OBJECTID": 52144599, "NUMERO": "641", "EGRID": "CH384483459790", "NO_COM_FED": 5939, "GENRE_TXT": "parcelle priv\u00e9e", "SUPERFICIE_MO": 29571, "SUPERFICIE_RF": 29609}}, {"type": "Feature", "id": 52144712, "geometry": {"type": "Polygon", "coordinates": [[[2546405.925, 1183492.944], [2546409.285, 1183491.494], [2546433.484, 1183481.673], [2546439.075, 1183502.3530000001], [2546416.965, 1183511.804], [2546412.965, 1183512.884], [2546412.035, 1183509.804], [2546411.715, 1183508.364], [2546410.835, 1183505.234], [2546408.855, 1183500.104], [2546405.925, 1183492.944]]]}, "properties": {"OBJECTID": 52144712, "NUMERO": "265", "EGRID": "CH698386664577", "NO_COM_FED": 5939, "GENRE_TXT": "parcelle priv\u00e9e", "SUPERFICIE_MO": 616, "SUPERFICIE_RF": 616}}, {"type": "Feature", "id": 52145007, "geometry": {"type": "Polygon", "coordinates": [[[2546741.431, 1183448.946], [2546747.87, 1183461.236], [2546742.8310000002, 1183466.376], [2546739.111, 1183468.166], [2546734.631, 1183468.196], [2546724.041, 1183466.506], [2546720.121, 1183464.687], [2546713.621, 1183461.687], [2546702.661, 1183456.617], [2546708.901, 1183452.377], [2546734.191, 1183435.136], [2546741.431, 1183448.946]]]}, "properties": {"OBJECTID": 52145007, "NUMERO": "2413", "EGRID": "CH608645638395", "NO_COM_FED": 5939, "GENRE_TXT": "parcelle priv\u00e9e", "SUPERFICIE_MO": 801, "SUPERFICIE_RF": 800}}, {"type": "Feature", "id": 52145092, "geometry": {"type": "Polygon", "coordinates": [[[2547418.758, 1182861.191], [2547420.088, 1182859.661], [2547425.608, 1182864.977], [2547417.766, 1182875.34], [2547415.699, 1182878.071], [2547408.374, 1182887.75], [2547406.458, 1182890.281], [2547397.407, 1182900.458], [2547390.4390000002, 1182908.292], [2547379.019, 1182919.5320000001], [2547378.629, 1182920.152], [2547373.429, 1182915.292], [2547367.949, 1182910.232], [2547368.629, 1182909.562], [2547380.729, 1182898.232], [2547386.079, 1182892.012], [2547390.1689999998, 1182896.062], [2547400.028, 1182884.061], [2547402.873, 1182880.574], [2547411.858, 1182869.561], [2547418.758, 1182861.191]]]}, "properties": {"OBJECTID": 52145092, "NUMERO": "127", "EGRID": "CH768683456581", "NO_COM_FED": 5939, "GENRE_TXT": "parcelle priv\u00e9e", "SUPERFICIE_MO": 757, "SUPERFICIE_RF": 758}}, {"type": "Feature", "id": 52146180, "geometry": {"type": "Polygon", "coordinates": [[[2546870.039, 1183297.464], [2546842.35, 1183271.439], [2546860.157, 1183252.492], [2546887.845, 1183278.518], [2546870.039, 1183297.464]]]}, "properties": {"OBJECTID": 52146180, "NUMERO": "2623", "EGRID": "CH982483459144", "NO_COM_FED": 5939, "GENRE_TXT": "parcelle priv\u00e9e", "SUPERFICIE_MO": 988, "SUPERFICIE_RF": 988}}, {"type": "Feature", "id": 52146733, "geometry": {"type": "Polygon", "coordinates": [[[2547444.867, 1182809.41], [2547452.023, 1182817.369], [2547449.3109999998, 1182817.252], [2547446.336, 1182816.916], [2547438.343, 1182816.989], [2547430.382, 1182817.744], [2547423.437, 1182819.05], [2547420.85, 1182819.895], [2547418.174, 1182821.178], [2547415.249, 1182823.254], [2547412.308, 1182825.892], [2547407.776, 1182830.677], [2547408.324, 1182831.126], [2547404.728, 1182835.121], [2547395.018, 1182845.261], [2547378.159, 1182862.912], [2547370.309, 1182871.082], [2547364.679, 1182877.042], [2547351.089, 1182891.043], [2547335.58, 1182908.133], [2547314.25, 1182931.364], [2547310.73, 1182932.954], [2547293.011, 1182952.024], [2547286.461, 1182959.285], [2547248.442, 1183000.166], [2547246.462, 1183002.336], [2547236.953, 1183012.566], [2547225.763, 1183024.936], [2547215.232, 1183022.717], [2547231.423, 1183005.556], [2547243.365, 1182992.73], [2547273.101, 1182960.795], [2547292.351, 1182940.124], [2547307.74, 1182923.804], [2547314.58, 1182917.064], [2547316.89, 1182914.504], [2547319.09, 1182912.174], [2547334.7, 1182895.113], [2547338.56, 1182891.143], [2547349.4390000002, 1182879.773], [2547352.6689999998, 1182876.333], [2547373.929, 1182854.072], [2547386.088, 1182841.321], [2547386.228, 1182841.171], [2547394.228, 1182832.681], [2547397.128, 1182829.641], [2547396.738, 1182829.351], [2547417.447, 1182807.651], [2547438.517, 1182810.27], [2547444.867, 1182809.41]]]}, "properties": {"OBJECTID": 52146733, "NUMERO": "DP 1027", "EGRID": "CH998397804528", "NO_COM_FED": 5939, "GENRE_TXT": "DP communal", "SUPERFICIE_MO": 2871, "SUPERFICIE_RF": null}}, {"type": "Feature", "id": 52146904, "geometry": {"type": "Polygon", "coordinates": [[[2547015.147, 1183275.77], [2547026.976, 1183278.96], [2547028.486, 1183282.29], [2547033.266, 1183294.09], [2547035.766, 1183300.25], [2547020.427, 1183312.75], [2547017.457, 1183315.17], [2547013.967, 1183318.01], [2547011.187, 1183320.27], [2547010.507, 1183320.83], [2547009.767, 1183320.15], [2546999.767, 1183311.021], [2547006.267, 1183303.921], [2547002.577, 1183299.071], [2547006.357, 1183295.021], [2547015.147, 1183275.77]]]}, "properties": {"OBJECTID": 52146904, "NUMERO": "2205", "EGRID": "CH109745828308", "NO_COM_FED": 5939, "GENRE_TXT": "parcelle priv\u00e9e", "SUPERFICIE_MO": 894, "SUPERFICIE_RF": 895}}, {"type": "Feature", "id": 52146924, "geometry": {"type": "Polygon", "coordinates": [[[2547039.786, 1183147.811], [2547034.4560000002, 1183152.221], [2547034.516, 1183152.421], [2547030.616, 1183155.443], [2547028.076, 1183157.411], [2547027.376, 1183157.951], [2547025.926, 1183159.141], [2547013.056, 1183166.171], [2547012.176, 1183166.651], [2547011.766, 1183166.881], [2547009.826, 1183168.131], [2547006.986, 1183160.991], [2547007.506, 1183160.711], [2547008.4359999998, 1183160.121], [2547022.096, 1183152.451], [2547026.299, 1183149.634], [2547036.566, 1183142.751], [2547039.786, 1183147.811]]]}, "properties": {"OBJECTID": 52146924, "NUMERO": "160", "EGRID": "CH398397264506", "NO_COM_FED": 5939, "GENRE_TXT": "parcelle priv\u00e9e", "SUPERFICIE_MO": 258, "SUPERFICIE_RF": 259}}, {"type": "Feature", "id": 52147276, "geometry": {"type": "Polygon", "coordinates": [[[2547360.752, 1183245.382], [2547376.662, 1183274.202], [2547376.052, 1183274.412], [2547371.782, 1183276.152], [2547356.852, 1183282.222], [2547351.652, 1183273.432], [2547349.502, 1183269.702], [2547339.722, 1183252.893], [2547349.022, 1183249.613], [2547350.342, 1183249.123], [2547360.752, 1183245.382]]]}, "properties": {"OBJECTID": 52147276, "NUMERO": "95", "EGRID": "CH814506839769", "NO_COM_FED": 5939, "GENRE_TXT": "parcelle priv\u00e9e", "SUPERFICIE_MO": 722, "SUPERFICIE_RF": 719}}, {"type": "Feature", "id": 52147454, "geometry": {"type": "Polygon", "coordinates": [[[2546402.965, 1183603.903], [2546422.535, 1183585.973], [2546461.095, 1183611.472], [2546450.965, 1183626.382], [2546435.475, 1183641.012], [2546417.145, 1183620.0929999999], [2546402.965, 1183603.903]]]}, "properties": {"OBJECTID": 52147454, "NUMERO": "238", "EGRID": "CH144583988319", "NO_COM_FED": 5939, "GENRE_TXT": "parcelle priv\u00e9e", "SUPERFICIE_MO": 1592, "SUPERFICIE_RF": 1592}}, {"type": "Feature", "id": 52147939, "geometry": {"type": "Polygon", "coordinates": [[[2547301.688, 1183069.4780000001], [2547281.172, 1183049.225], [2547263.992, 1183032.275], [2547243.952, 1183012.516], [2547236.953, 1183012.566], [2547246.462, 1183002.336], [2547248.442, 1183000.166], [2547248.762, 1183008.656], [2547273.892, 1183033.325], [2547292.642, 1183051.905], [2547311.372, 1183070.504], [2547345.432, 1183104.113], [2547354.592, 1183116.023], [2547441.451, 1183201.811], [2547445.491, 1183202.8], [2547436.0810000002, 1183208.571], [2547437.261, 1183203.271], [2547416.021, 1183182.311], [2547402.741, 1183169.242], [2547394.651, 1183161.162], [2547377.241, 1183143.992], [2547355.312, 1183122.443], [2547352.87, 1183120.049], [2547351.762, 1183118.963], [2547328.762, 1183096.164], [2547309.552, 1183077.214], [2547301.688, 1183069.4780000001]]]}, "properties": {"OBJECTID": 52147939, "NUMERO": "DP 1024", "EGRID": "CH674597898389", "NO_COM_FED": 5939, "GENRE_TXT": "DP communal", "SUPERFICIE_MO": 1484, "SUPERFICIE_RF": null}}, {"type": "Feature", "id": 52148078, "geometry": {"type": "Polygon", "coordinates": [[[2546589.443, 1183663.059], [2546596.893, 1183657.588], [2546607.273, 1183655.158], [2546616.233, 1183693.928], [2546573.353, 1183704.039], [2546572.933, 1183701.909], [2546565.463, 1183701.609], [2546589.443, 1183663.059]]]}, "properties": {"OBJECTID": 52148078, "NUMERO": "297", "EGRID": "CH338398458793", "NO_COM_FED": 5939, "GENRE_TXT": "parcelle priv\u00e9e", "SUPERFICIE_MO": 1371, "SUPERFICIE_RF": 1369}}, {"type": "Feature", "id": 52148080, "geometry": {"type": "Polygon", "coordinates": [[[2547746.924, 1183076.302], [2547732.435, 1183069.813], [2547718.825, 1183061.453], [2547746.554, 1183030.162], [2547769.574, 1183050.681], [2547746.924, 1183076.302]]]}, "properties": {"OBJECTID": 52148080, "NUMERO": "1479", "EGRID": "CH958083974523", "NO_COM_FED": 5939, "GENRE_TXT": "parcelle priv\u00e9e", "SUPERFICIE_MO": 1189, "SUPERFICIE_RF": 1189}}, {"type": "Feature", "id": 52148127, "geometry": {"type": "Polygon", "coordinates": [[[2547020.047, 1183417.2], [2547000.137, 1183426.93], [2546995.157, 1183429.19], [2546970.627, 1183390.331], [2546969.827, 1183388.981], [2546963.307, 1183378.901], [2546978.147, 1183373.171], [2546992.487, 1183386.26], [2547006.047, 1183399.53], [2547008.737, 1183402.31], [2547012.227, 1183405.91], [2547020.047, 1183417.2]]]}, "properties": {"OBJECTID": 52148127, "NUMERO": "195", "EGRID": "CH369883458072", "NO_COM_FED": 5939, "GENRE_TXT": "parcelle priv\u00e9e", "SUPERFICIE_MO": 1341, "SUPERFICIE_RF": 1343}}, {"type": "Feature", "id": 52148196, "geometry": {"type": "Polygon", "coordinates": [[[2547380.817, 1182752.271], [2547360.188, 1182736.302], [2547312.268, 1182702.803], [2547306.948, 1182693.653], [2547283.548, 1182622.764], [2547260.587, 1182553.225], [2547261.647, 1182548.855], [2547266.057, 1182547.695], [2547321.536, 1182567.943], [2547330.136, 1182571.083], [2547406.346, 1182637.33], [2547437.266, 1182671.7], [2547438.016, 1182672.64], [2547416.246, 1182698.33], [2547416.836, 1182698.85], [2547446.095, 1182664.649], [2547456.315, 1182669.309], [2547507.144, 1182632.908], [2547505.854, 1182628.438], [2547504.934, 1182624.428], [2547510.034, 1182621.607], [2547526.224, 1182615.587], [2547531.643, 1182614.217], [2547537.533, 1182611.027], [2547541.713, 1182609.537], [2547548.293, 1182598.876], [2547551.343, 1182598.136], [2547554.783, 1182595.796], [2547556.893, 1182592.006], [2547560.093, 1182592.616], [2547573.913, 1182601.496], [2547582.272, 1182605.125], [2547600.362, 1182609.285], [2547605.572, 1182612.025], [2547610.022, 1182616.805], [2547624.432, 1182644.454], [2547622.372, 1182651.374], [2547588.433, 1182672.505], [2547578.573, 1182682.886], [2547563.824, 1182703.326], [2547559.354, 1182713.986], [2547557.514, 1182712.246], [2547538.764, 1182694.347], [2547514.635, 1182719.668], [2547529.265, 1182733.527], [2547511.455, 1182754.188], [2547494.626, 1182773.578], [2547477.276, 1182764.369], [2547462.306, 1182781.629], [2547489.516, 1182805.239], [2547482.146, 1182810.399], [2547467.656, 1182808.489], [2547446.447, 1182809.19], [2547444.867, 1182809.41], [2547438.517, 1182810.27], [2547430.037, 1182799.62], [2547422.477, 1182786.13], [2547413.147, 1182777.051], [2547398.437, 1182765.791], [2547425.867, 1182737.1], [2547408.307, 1182723.621], [2547380.817, 1182752.271]]]}, "properties": {"OBJECTID": 52148196, "NUMERO": "1371", "EGRID": "CH856583864510", "NO_COM_FED": 5939, "GENRE_TXT": "parcelle priv\u00e9e", "SUPERFICIE_MO": 39336, "SUPERFICIE_RF": 39380}}, {"type": "Feature", "id": 52148281, "geometry": {"type": "Polygon", "coordinates": [[[2545858.83, 1182698.566], [2545866.59, 1182710.665], [2545863.711, 1182712.595], [2545860.021, 1182707.185], [2545803.211, 1182733.297], [2545747.661, 1182758.768], [2545664.822, 1182796.77], [2545662.732, 1182803.19], [2545655.082, 1182791.42], [2545662.512, 1182793.35], [2545702.032, 1182775.239], [2545746.001, 1182755.128], [2545801.591, 1182729.717], [2545856.781, 1182704.396], [2545858.83, 1182698.566]]]}, "properties": {"OBJECTID": 52148281, "NUMERO": "DP 1114", "EGRID": "CH869783452482", "NO_COM_FED": 5939, "GENRE_TXT": "DP communal", "SUPERFICIE_MO": 950, "SUPERFICIE_RF": null}}, {"type": "Feature", "id": 52148521, "geometry": {"type": "Polygon", "coordinates": [[[2548755.879, 1184406.671], [2548749.925, 1184404.7280000001], [2548730.615, 1184407.378], [2548718.146, 1184381.729], [2548711.166, 1184364.109], [2548703.497, 1184352.639], [2548700.977, 1184342.479], [2548683.028, 1184324.859], [2548679.558, 1184325.139], [2548658.588, 1184308.159], [2548656.999, 1184302.509], [2548644.899, 1184296.26], [2548621.029, 1184288.4], [2548599.61, 1184276.761], [2548581.111, 1184252.691], [2548574.691, 1184234.721], [2548554.812, 1184213.751], [2548545.862, 1184195.791], [2548533.433, 1184178.831], [2548527.973, 1184173.191], [2548507.674, 1184168.012], [2548504.634, 1184166.492], [2548503.004, 1184162.352], [2548485.334, 1184147.992], [2548479.305, 1184143.852], [2548471.125, 1184141.122], [2548461.395, 1184136.3429999999], [2548439.346, 1184118.433], [2548422.9560000002, 1184111.053], [2548420.136, 1184108.413], [2548412.847, 1184090.023], [2548410.567, 1184076.073], [2548415.307, 1184070.673], [2548400.738, 1184049.063], [2548380.948, 1184037.444], [2548373.249, 1184015.664], [2548352.979, 1184006.664], [2548334.7, 1184001.685], [2548326.87, 1183997.205], [2548319.92, 1183990.155], [2548315.89, 1183979.995], [2548309.72, 1183973.285], [2548306.39, 1183959.366], [2548253.491, 1183936.207], [2548246.901, 1183922.107], [2548245.731, 1183909.527], [2548236.8109999998, 1183892.008], [2548226.191, 1183884.318], [2548222.161, 1183872.268], [2548202.881, 1183864.039], [2548197.3310000002, 1183858.659], [2548185.701, 1183856.349], [2548178.362, 1183857.839], [2548167.022, 1183847.47], [2548148.132, 1183844.49], [2548137.302, 1183829.75], [2548132.632, 1183826.35], [2548102.492, 1183821.481], [2548073.623, 1183809.292], [2548061.153, 1183798.592], [2548050.523, 1183797.573], [2548044.583, 1183787.403], [2548025.273, 1183780.3530000001], [2548017.904, 1183780.8530000001], [2548002.604, 1183774.214], [2547968.954, 1183762.245], [2547960.154, 1183752.765], [2547955.874, 1183751.355], [2547917.695, 1183754.606], [2547913.845, 1183753.056], [2547909.545, 1183740.456], [2547904.225, 1183731.656], [2547892.575, 1183724.967], [2547880.245, 1183726.317], [2547865.216, 1183726.617], [2547844.536, 1183726.028], [2547831.306, 1183726.918], [2547815.406, 1183725.579], [2547806.396, 1183720.529], [2547772.497, 1183711.38], [2547765.687, 1183712.96], [2547743.147, 1183723.47], [2547739.737, 1183721.711], [2547739.337, 1183708.001], [2547752.457, 1183694.72], [2547611.879, 1183664.284], [2547398.402, 1183763.149], [2547379.422, 1183781.259], [2547286.924, 1183800.211], [2547252.784, 1183754.182], [2547144.466, 1183779.665], [2547128.546, 1183737.845], [2547125.366, 1183738.515], [2547100.766, 1183692.226], [2547082.826, 1183658.527], [2547160.585, 1183623.635], [2547236.854, 1183589.293], [2547304.363, 1183558.972], [2547391.382, 1183519.95], [2547512.83, 1183470.947], [2547510.81, 1183465.887], [2547508.57, 1183462.4780000001], [2547536.22, 1183452.317], [2547538.72, 1183455.827], [2547579.099, 1183440.656], [2547647.028, 1183421.864], [2547740.607, 1183396.252], [2547770.576, 1183387.852], [2547799.486, 1183377.441], [2547848.645, 1183367.2], [2547871.925, 1183363.399], [2547901.775, 1183360.739], [2547966.963, 1183361.817], [2547999.073, 1183364.136], [2548004.683, 1183371.066], [2548010.213, 1183371.186], [2548008.463, 1183365.716], [2548034.232, 1183370.245], [2548071.932, 1183380.534], [2548102.241, 1183391.303], [2548138.551, 1183406.302], [2548172.87, 1183424.771], [2548189.67, 1183431.941], [2548199.39, 1183438.821], [2548221.44, 1183459.37], [2548224.39, 1183456.54], [2548241.3, 1183468.5], [2548269.9390000002, 1183493.389], [2548288.979, 1183511.768], [2548314.999, 1183533.928], [2548375.058, 1183593.046], [2548440.678, 1183656.114], [2548487.197, 1183699.243], [2548502.397, 1183711.432], [2548525.537, 1183734.231], [2548526.537, 1183735.381], [2548527.687, 1183736.421], [2548526.157, 1183737.991], [2548526.927, 1183738.781], [2548572.166, 1183783.75], [2548656.095, 1183864.058], [2548742.864, 1183946.915], [2548801.462, 1184001.084], [2548873.54, 1184069.713], [2548947.487, 1184138.392], [2548988.446, 1184176.541], [2548849.974, 1184313.275], [2548842.857, 1184320.25], [2548794.522, 1184368.018], [2548760.504, 1184401.529], [2548755.879, 1184406.671]]]}, "properties": {"OBJECTID": 52148521, "NUMERO": "1658", "EGRID": "CH329784834544", "NO_COM_FED": 5939, "GENRE_TXT": "parcelle priv\u00e9e", "SUPERFICIE_MO": 621078, "SUPERFICIE_RF": 621143}}, {"type": "Feature", "id": 52148644, "geometry": {"type": "Polygon", "coordinates": [[[2546812.43, 1183521.774], [2546818.15, 1183519.054], [2546819.42, 1183518.514], [2546819.61, 1183518.424], [2546823.58, 1183516.744], [2546825.4, 1183520.674], [2546829.469, 1183518.924], [2546835.199, 1183516.513], [2546833.849, 1183513.974], [2546843.279, 1183509.533], [2546843.619, 1183510.053], [2546854.079, 1183525.213], [2546838.649, 1183532.413], [2546837.399, 1183532.983], [2546836.119, 1183533.5929999999], [2546828.029, 1183537.344], [2546825.35, 1183538.584], [2546819.57, 1183541.694], [2546812.43, 1183521.774]]]}, "properties": {"OBJECTID": 52148644, "NUMERO": "55", "EGRID": "CH544583978875", "NO_COM_FED": 5939, "GENRE_TXT": "parcelle priv\u00e9e", "SUPERFICIE_MO": 667, "SUPERFICIE_RF": 669}}, {"type": "Feature", "id": 52148925, "geometry": {"type": "Polygon", "coordinates": [[[2547438.109, 1183029.691], [2547443.069, 1183034.52], [2547438.6890000002, 1183038.831], [2547433.809, 1183033.901], [2547433.019, 1183033.161], [2547437.399, 1183028.961], [2547438.109, 1183029.691]]]}, "properties": {"OBJECTID": 52148925, "NUMERO": "1932", "EGRID": "CH629735834592", "NO_COM_FED": 5939, "GENRE_TXT": "parcelle priv\u00e9e", "SUPERFICIE_MO": 48, "SUPERFICIE_RF": 48}}, {"type": "Feature", "id": 52149008, "geometry": {"type": "Polygon", "coordinates": [[[2547468.86, 1183126.95], [2547489.08, 1183146.899], [2547490.8, 1183150.269], [2547490.43, 1183154.029], [2547488.24, 1183157.159], [2547483.41, 1183161.99], [2547477.33, 1183156.05], [2547476.63, 1183155.35], [2547469.52, 1183148.33], [2547468.78, 1183147.64], [2547458.46, 1183137.38], [2547468.86, 1183126.95]]]}, "properties": {"OBJECTID": 52149008, "NUMERO": "2029", "EGRID": "CH909745048367", "NO_COM_FED": 5939, "GENRE_TXT": "parcelle priv\u00e9e", "SUPERFICIE_MO": 505, "SUPERFICIE_RF": 501}}, {"type": "Feature", "id": 52149216, "geometry": {"type": "Polygon", "coordinates": [[[2546999.077, 1183685.049], [2546975.438, 1183696.019], [2546963.558, 1183669.58], [2546987.168, 1183658.989], [2546999.077, 1183685.049]]]}, "properties": {"OBJECTID": 52149216, "NUMERO": "1722", "EGRID": "CH957883984574", "NO_COM_FED": 5939, "GENRE_TXT": "parcelle priv\u00e9e", "SUPERFICIE_MO": 748, "SUPERFICIE_RF": 748}}, {"type": "Feature", "id": 52149290, "geometry": {"type": "Polygon", "coordinates": [[[2546659.532, 1183514.028], [2546669.012, 1183512.368], [2546671.282, 1183523.017], [2546671.282, 1183525.067], [2546671.702, 1183526.977], [2546675.062, 1183542.517], [2546681.592, 1183579.877], [2546681.562, 1183587.327], [2546681.922, 1183590.597], [2546683.532, 1183597.357], [2546684.462, 1183600.317], [2546683.592, 1183608.167], [2546685.792, 1183626.196], [2546692.912, 1183658.006], [2546694.662, 1183670.526], [2546696.612, 1183683.986], [2546707.3109999998, 1183758.405], [2546708.622, 1183774.295], [2546709.212, 1183782.375], [2546709.622, 1183788.035], [2546709.372, 1183812.415], [2546696.702, 1183824.285], [2546698.902, 1183804.995], [2546697.612, 1183790.645], [2546697.572, 1183788.325], [2546697.272, 1183778.985], [2546689.862, 1183730.316], [2546685.402, 1183688.736], [2546683.862, 1183674.756], [2546679.592, 1183637.687], [2546661.952, 1183529.358], [2546659.532, 1183514.028]]]}, "properties": {"OBJECTID": 52149290, "NUMERO": "DP 1004", "EGRID": "CH698386634586", "NO_COM_FED": 5939, "GENRE_TXT": "DP cantonal", "SUPERFICIE_MO": 3417, "SUPERFICIE_RF": null}}, {"type": "Feature", "id": 52150525, "geometry": {"type": "Polygon", "coordinates": [[[2547028.315, 1182888.942], [2546991.806, 1182917.473], [2546923.887, 1182970.524], [2546920.027, 1182973.524], [2546919.347, 1182980.344], [2546906.608, 1182963.837], [2546915.058, 1182969.275], [2546919.917, 1182968.384], [2546976.636, 1182924.073], [2547007.605, 1182900.062], [2547018.585, 1182891.412], [2547111.313, 1182819.099], [2547113.853, 1182811.339], [2547117.993, 1182824.449], [2547112.593, 1182823.209], [2547077.964, 1182850.27], [2547067.484, 1182858.46], [2547053.584, 1182869.281], [2547028.315, 1182888.942]]]}, "properties": {"OBJECTID": 52150525, "NUMERO": "DP 1033", "EGRID": "CH509745898345", "NO_COM_FED": 5939, "GENRE_TXT": "DP communal", "SUPERFICIE_MO": 1102, "SUPERFICIE_RF": null}}, {"type": "Feature", "id": 52150776, "geometry": {"type": "Polygon", "coordinates": [[[2547253.763, 1183125.496], [2547267.222, 1183111.708], [2547269.513, 1183107.24], [2547274.035, 1183102.623], [2547289.576, 1183086.831], [2547301.522, 1183074.594], [2547301.688, 1183069.4780000001], [2547309.552, 1183077.214], [2547305.402, 1183077.114], [2547274.143, 1183108.925], [2547235.063, 1183148.846], [2547232.913, 1183146.766], [2547253.763, 1183125.496]]]}, "properties": {"OBJECTID": 52150776, "NUMERO": "DP 1023", "EGRID": "CH652683974531", "NO_COM_FED": 5939, "GENRE_TXT": "DP communal", "SUPERFICIE_MO": 398, "SUPERFICIE_RF": null}}, {"type": "Feature", "id": 52152016, "geometry": {"type": "Polygon", "coordinates": [[[2547017.616, 1183233.951], [2547014.966, 1183231.521], [2547008.557, 1183225.621], [2546993.117, 1183211.421], [2546994.117, 1183210.321], [2546996.127, 1183208.131], [2546998.697, 1183210.301], [2547011.776, 1183193.161], [2547013.096, 1183196.231], [2547020.666, 1183213.911], [2547025.226, 1183226.021], [2547017.616, 1183233.951]]]}, "properties": {"OBJECTID": 52152016, "NUMERO": "187", "EGRID": "CH374597268389", "NO_COM_FED": 5939, "GENRE_TXT": "parcelle priv\u00e9e", "SUPERFICIE_MO": 586, "SUPERFICIE_RF": 585}}, {"type": "Feature", "id": 52152060, "geometry": {"type": "Polygon", "coordinates": [[[2547172.173, 1182945.318], [2547184.273, 1182974.467], [2547191.567, 1182992.001], [2547192.882, 1182991.418], [2547197.031, 1183001.24], [2547198.983, 1183005.355], [2547200.036, 1183007.573], [2547203.4560000002, 1183013.684], [2547207.426, 1183019.441], [2547209.577, 1183021.51], [2547212.237, 1183022.845], [2547215.232, 1183022.717], [2547199.785, 1183039.143], [2547200.977, 1183036.212], [2547201.233, 1183033.732], [2547200.871, 1183031.61], [2547200.115, 1183029.064], [2547193.734, 1183013.192], [2547192.5439999998, 1183010.803], [2547186.473, 1182999.117], [2547169.753, 1182958.138], [2547161.523, 1182939.688], [2547158.653, 1182933.278], [2547144.103, 1182907.298], [2547142.974, 1182904.994], [2547133.203, 1182885.059], [2547132.493, 1182882.419], [2547139.333, 1182879.278], [2547140.093, 1182881.948], [2547141.693, 1182886.068], [2547142.793, 1182888.878], [2547151.163, 1182904.958], [2547165.073, 1182930.418], [2547172.173, 1182945.318]]]}, "properties": {"OBJECTID": 52152060, "NUMERO": "DP 1032", "EGRID": "CH614589839769", "NO_COM_FED": 5939, "GENRE_TXT": "DP communal", "SUPERFICIE_MO": 1315, "SUPERFICIE_RF": null}}, {"type": "Feature", "id": 52152477, "geometry": {"type": "Polygon", "coordinates": [[[2546623.958, 1182860.463], [2546638.028, 1182832.903], [2546663.478, 1182846.173], [2546649.398, 1182873.703], [2546636.248, 1182866.913], [2546623.958, 1182860.463]]]}, "properties": {"OBJECTID": 52152477, "NUMERO": "1879", "EGRID": "CH809745888343", "NO_COM_FED": 5939, "GENRE_TXT": "parcelle priv\u00e9e", "SUPERFICIE_MO": 888, "SUPERFICIE_RF": 888}}, {"type": "Feature", "id": 52152815, "geometry": {"type": "Polygon", "coordinates": [[[2547511.455, 1182754.188], [2547540.015, 1182780.267], [2547538.775, 1182781.6570000001], [2547525.665, 1182791.158], [2547517.745, 1182793.558], [2547494.626, 1182773.578], [2547511.455, 1182754.188]]]}, "properties": {"OBJECTID": 52152815, "NUMERO": "2130", "EGRID": "CH569783458625", "NO_COM_FED": 5939, "GENRE_TXT": "parcelle priv\u00e9e", "SUPERFICIE_MO": 902, "SUPERFICIE_RF": 900}}, {"type": "Feature", "id": 52153303, "geometry": {"type": "Polygon", "coordinates": [[[2546872.471, 1183701.604], [2546899.9390000002, 1183689.281], [2546979.128, 1183653.759], [2546991.997, 1183647.989], [2547020.607, 1183635.248], [2547040.577, 1183626.308], [2547051.687, 1183621.328], [2547053.567, 1183629.408], [2547022.537, 1183643.248], [2547017.087, 1183645.648], [2546987.168, 1183658.989], [2546963.558, 1183669.58], [2546939.928, 1183680.14], [2546916.359, 1183690.691], [2546900.409, 1183697.741], [2546897.179, 1183699.271], [2546885.889, 1183704.331], [2546838.77, 1183725.612], [2546814.13, 1183736.613], [2546793.96, 1183745.503], [2546778.5810000002, 1183752.264], [2546753.971, 1183762.894], [2546732.261, 1183772.325], [2546724.041, 1183775.915], [2546714.791, 1183779.985], [2546709.212, 1183782.375], [2546708.622, 1183774.295], [2546714.071, 1183771.895], [2546721.461, 1183768.715], [2546742.511, 1183759.434], [2546753.161, 1183754.824], [2546769.8310000002, 1183747.494], [2546792.75, 1183737.413], [2546818.66, 1183725.8530000001], [2546848.1890000002, 1183712.482], [2546855.579, 1183709.182], [2546872.471, 1183701.604]]]}, "properties": {"OBJECTID": 52153303, "NUMERO": "DP 1002", "EGRID": "CH709745368339", "NO_COM_FED": 5939, "GENRE_TXT": "DP communal", "SUPERFICIE_MO": 2998, "SUPERFICIE_RF": null}}, {"type": "Feature", "id": 52154040, "geometry": {"type": "Polygon", "coordinates": [[[2546322.775, 1183514.466], [2546319.935, 1183517.546], [2546317.075, 1183523.006], [2546315.755, 1183527.536], [2546314.825, 1183534.346], [2546315.276, 1183543.136], [2546318.7060000002, 1183549.936], [2546325.086, 1183556.166], [2546297.736, 1183554.997], [2546300.536, 1183552.156], [2546304.266, 1183538.047], [2546309.165, 1183520.307], [2546302.135, 1183509.547], [2546298.075, 1183506.827], [2546296.875, 1183505.997], [2546290.555, 1183501.997], [2546277.065, 1183494.088], [2546282.495, 1183491.3969999999], [2546290.415, 1183495.757], [2546312.635, 1183511.416], [2546315.005, 1183509.976], [2546325.555, 1183500.396], [2546325.765, 1183500.156], [2546333.005, 1183492.926], [2546341.905, 1183484.216], [2546352.505, 1183475.296], [2546359.965, 1183470.776], [2546359.665, 1183470.346], [2546381.934, 1183457.085], [2546391.614, 1183452.085], [2546396.444, 1183450.145], [2546428.934, 1183439.554], [2546437.494, 1183437.024], [2546444.574, 1183434.684], [2546500.763, 1183413.662], [2546500.933, 1183414.162], [2546550.493, 1183395.321], [2546560.203, 1183391.661], [2546615.022, 1183370.98], [2546615.402, 1183370.28], [2546618.842, 1183364.21], [2546620.882, 1183383.339], [2546619.282, 1183383.709], [2546618.9902374856, 1183382.83227987], [2546618.5726123005, 1183382.0080512878], [2546618.038221204, 1183381.2542676933], [2546617.398704364, 1183380.5873480863], [2546616.667991808, 1183380.0218193852], [2546615.862, 1183379.57], [2546614.8546589906, 1183379.199436193], [2546613.7988645844, 1183379.0061705315], [2546612.7255764827, 1183378.995870262], [2546611.666267366, 1183379.1688374253], [2546610.652, 1183379.52], [2546555.503, 1183400.511], [2546455.154, 1183438.423], [2546444.584, 1183442.413], [2546439.754, 1183443.834], [2546432.7939999998, 1183445.784], [2546431.304, 1183446.194], [2546399.214, 1183456.825], [2546395.054, 1183458.445], [2546387.934, 1183461.955], [2546383.925, 1183464.215], [2546361.055, 1183477.845], [2546357.505, 1183480.156], [2546354.205, 1183482.506], [2546349.905, 1183485.946], [2546344.765, 1183490.366], [2546339.275, 1183496.356], [2546322.775, 1183514.466]]]}, "properties": {"OBJECTID": 52154040, "NUMERO": "DP 1038", "EGRID": "CH838397458729", "NO_COM_FED": 5939, "GENRE_TXT": "DP communal", "SUPERFICIE_MO": 3098, "SUPERFICIE_RF": null}}, {"type": "Feature", "id": 52154176, "geometry": {"type": "Polygon", "coordinates": [[[2547675.117, 1183197.794], [2547677.427, 1183196.624], [2547686.617, 1183214.714], [2547702.177, 1183244.674], [2547711.137, 1183249.924], [2547698.237, 1183254.864], [2547696.077, 1183255.634], [2547697.577, 1183246.514], [2547677.547, 1183207.774], [2547672.837, 1183198.875], [2547675.117, 1183197.794]]]}, "properties": {"OBJECTID": 52154176, "NUMERO": "2079", "EGRID": "CH898397444573", "NO_COM_FED": 5939, "GENRE_TXT": "parcelle priv\u00e9e", "SUPERFICIE_MO": 350, "SUPERFICIE_RF": 356}}, {"type": "Feature", "id": 52154264, "geometry": {"type": "Polygon", "coordinates": [[[2547191.764, 1183379.566], [2547204.414, 1183372.185], [2547212.924, 1183366.655], [2547229.824, 1183394.705], [2547208.664, 1183405.745], [2547191.764, 1183379.566]]]}, "properties": {"OBJECTID": 52154264, "NUMERO": "1738", "EGRID": "CH298397804572", "NO_COM_FED": 5939, "GENRE_TXT": "parcelle priv\u00e9e", "SUPERFICIE_MO": 773, "SUPERFICIE_RF": 773}}, {"type": "Feature", "id": 52154518, "geometry": {"type": "Polygon", "coordinates": [[[2545633.145, 1183198.317], [2545678.485, 1183155.596], [2545756.545, 1183173.084], [2545797.924, 1183182.153], [2545800.094, 1183179.1030000001], [2545784.554, 1183154.863], [2545790.874, 1183157.503], [2545805.614, 1183180.183], [2545813.184, 1183185.502], [2545834.604, 1183190.112], [2545915.174, 1183208.04], [2545914.3140000002, 1183211.9], [2545833.754, 1183194.092], [2545755.875, 1183176.884], [2545687.635, 1183161.676], [2545680.185, 1183161.836], [2545673.815, 1183165.576], [2545636.145, 1183200.967], [2545562.396, 1183269.869], [2545562.816, 1183276.578], [2545548.276, 1183272.209], [2545556.376, 1183270.119], [2545633.145, 1183198.317]]]}, "properties": {"OBJECTID": 52154518, "NUMERO": "DP 1065", "EGRID": "CH498397424521", "NO_COM_FED": 5939, "GENRE_TXT": "DP communal", "SUPERFICIE_MO": 1822, "SUPERFICIE_RF": null}}, {"type": "Feature", "id": 52154644, "geometry": {"type": "Polygon", "coordinates": [[[2547355.823, 1183159.935], [2547355.292, 1183160.473], [2547361.452, 1183166.533], [2547347.322, 1183180.883], [2547332.202, 1183165.983], [2547319.721, 1183153.735], [2547334.382, 1183138.837], [2547355.823, 1183159.935]]]}, "properties": {"OBJECTID": 52154644, "NUMERO": "2691", "EGRID": "CH750183084566", "NO_COM_FED": 5939, "GENRE_TXT": "parcelle priv\u00e9e", "SUPERFICIE_MO": 802, "SUPERFICIE_RF": 802}}, {"type": "Feature", "id": 52154752, "geometry": {"type": "Polygon", "coordinates": [[[2546304.266, 1183538.047], [2546300.536, 1183552.156], [2546297.736, 1183554.997], [2546275.006, 1183557.857], [2546261.476, 1183538.648], [2546264.406, 1183537.338], [2546265.306, 1183536.998], [2546269.9560000002, 1183535.187], [2546276.266, 1183531.107], [2546291.126, 1183524.197], [2546295.685, 1183521.887], [2546304.266, 1183538.047]]]}, "properties": {"OBJECTID": 52154752, "NUMERO": "234", "EGRID": "CH858783974562", "NO_COM_FED": 5939, "GENRE_TXT": "parcelle priv\u00e9e", "SUPERFICIE_MO": 959, "SUPERFICIE_RF": 962}}, {"type": "Feature", "id": 52154868, "geometry": {"type": "Polygon", "coordinates": [[[2547372.872, 1183385.391], [2547380.202, 1183396.801], [2547376.952, 1183398.021], [2547388.322, 1183416.091], [2547364.982, 1183425.131], [2547346.212, 1183395.332], [2547372.872, 1183385.391]]]}, "properties": {"OBJECTID": 52154868, "NUMERO": "1895", "EGRID": "CH198397094528", "NO_COM_FED": 5939, "GENRE_TXT": "parcelle priv\u00e9e", "SUPERFICIE_MO": 907, "SUPERFICIE_RF": 904}}, {"type": "Feature", "id": 52155394, "geometry": {"type": "Polygon", "coordinates": [[[2547149.374, 1183028.459], [2547150.5640000002, 1183027.168], [2547154.594, 1183030.888], [2547160.224, 1183038.4780000001], [2547173.214, 1183051.2280000001], [2547173.974, 1183051.948], [2547181.154, 1183059.098], [2547175.834, 1183064.808], [2547174.474, 1183066.308], [2547169.584, 1183071.518], [2547148.444, 1183050.688], [2547138.134, 1183040.529], [2547149.374, 1183028.459]]]}, "properties": {"OBJECTID": 52155394, "NUMERO": "179", "EGRID": "CH638397458995", "NO_COM_FED": 5939, "GENRE_TXT": "parcelle priv\u00e9e", "SUPERFICIE_MO": 764, "SUPERFICIE_RF": 764}}, {"type": "Feature", "id": 52156394, "geometry": {"type": "Polygon", "coordinates": [[[2547903.533, 1183180.018], [2547867.243, 1183166.809], [2547853.483, 1183163.389], [2547862.783, 1183147.049], [2547903.533, 1183180.018]]]}, "properties": {"OBJECTID": 52156394, "NUMERO": "1473", "EGRID": "CH914584839712", "NO_COM_FED": 5939, "GENRE_TXT": "parcelle priv\u00e9e", "SUPERFICIE_MO": 457, "SUPERFICIE_RF": 459}}, {"type": "Feature", "id": 52156653, "geometry": {"type": "Polygon", "coordinates": [[[2547453.48, 1183107.68], [2547481.459, 1183079.329], [2547492.009, 1183089.759], [2547494.1689999998, 1183087.759], [2547512.569, 1183105.709], [2547516.819, 1183109.949], [2547514.519, 1183112.279], [2547502.6689999998, 1183124.329], [2547486.87, 1183140.389], [2547453.48, 1183107.68]]]}, "properties": {"OBJECTID": 52156653, "NUMERO": "1948", "EGRID": "CH980483459793", "NO_COM_FED": 5939, "GENRE_TXT": "parcelle priv\u00e9e", "SUPERFICIE_MO": 1952, "SUPERFICIE_RF": 1949}}, {"type": "Feature", "id": 52156780, "geometry": {"type": "Polygon", "coordinates": [[[2547053.567, 1183629.408], [2547051.687, 1183621.328], [2547052.387, 1183619.4780000001], [2547045.317, 1183603.108], [2547050.637, 1183599.2179999999], [2547075.076, 1183643.667], [2547078.2060000002, 1183648.347], [2547073.616, 1183656.477], [2547063.506, 1183648.127], [2547053.567, 1183629.408]]]}, "properties": {"OBJECTID": 52156780, "NUMERO": "DP 1003", "EGRID": "CH644583972111", "NO_COM_FED": 5939, "GENRE_TXT": "DP communal", "SUPERFICIE_MO": 594, "SUPERFICIE_RF": null}}, {"type": "Feature", "id": 52157455, "geometry": {"type": "Polygon", "coordinates": [[[2547419.951, 1183176.301], [2547429.0810000002, 1183167.131], [2547433.431, 1183170.991], [2547433.381, 1183176.951], [2547433.301, 1183182.051], [2547426.501, 1183181.961], [2547425.531, 1183181.691], [2547419.951, 1183176.301]]]}, "properties": {"OBJECTID": 52157455, "NUMERO": "1942", "EGRID": "CH950483974538", "NO_COM_FED": 5939, "GENRE_TXT": "parcelle priv\u00e9e", "SUPERFICIE_MO": 133, "SUPERFICIE_RF": 133}}, {"type": "Feature", "id": 52158158, "geometry": {"type": "Polygon", "coordinates": [[[2547263.923, 1183357.994], [2547252.423, 1183336.074], [2547266.973, 1183323.034], [2547273.093, 1183324.114], [2547285.013, 1183346.964], [2547263.923, 1183357.994]]]}, "properties": {"OBJECTID": 52158158, "NUMERO": "1754", "EGRID": "CH355183974540", "NO_COM_FED": 5939, "GENRE_TXT": "parcelle priv\u00e9e", "SUPERFICIE_MO": 650, "SUPERFICIE_RF": 650}}, {"type": "Feature", "id": 52158795, "geometry": {"type": "Polygon", "coordinates": [[[2547113.853, 1182811.339], [2547111.313, 1182819.099], [2547018.585, 1182891.412], [2547011.455, 1182890.702], [2546987.725, 1182863.913], [2547038.754, 1182824.021], [2547097.513, 1182778.37], [2547099.822, 1182776.59], [2547102.692, 1182782.23], [2547110.273, 1182800.299], [2547113.853, 1182811.339]]]}, "properties": {"OBJECTID": 52158795, "NUMERO": "1348", "EGRID": "CH558483974551", "NO_COM_FED": 5939, "GENRE_TXT": "parcelle priv\u00e9e", "SUPERFICIE_MO": 5489, "SUPERFICIE_RF": 5478}}, {"type": "Feature", "id": 52158866, "geometry": {"type": "Polygon", "coordinates": [[[2547433.431, 1183170.991], [2547436.571, 1183170.961], [2547436.491, 1183176.991], [2547436.411, 1183182.091], [2547433.301, 1183182.051], [2547433.381, 1183176.951], [2547433.431, 1183170.991]]]}, "properties": {"OBJECTID": 52158866, "NUMERO": "2038", "EGRID": "CH844583971744", "NO_COM_FED": 5939, "GENRE_TXT": "parcelle priv\u00e9e", "SUPERFICIE_MO": 35, "SUPERFICIE_RF": 34}}, {"type": "Feature", "id": 52159895, "geometry": {"type": "Polygon", "coordinates": [[[2546865.568, 1183007.096], [2546859.558, 1183014.166], [2546838.728, 1183038.506], [2546820.828, 1183013.847], [2546847.268, 1182988.246], [2546865.568, 1183007.096]]]}, "properties": {"OBJECTID": 52159895, "NUMERO": "2040", "EGRID": "CH987783459762", "NO_COM_FED": 5939, "GENRE_TXT": "parcelle priv\u00e9e", "SUPERFICIE_MO": 1096, "SUPERFICIE_RF": 1100}}, {"type": "Feature", "id": 52159964, "geometry": {"type": "Polygon", "coordinates": [[[2547044.662, 1182678.672], [2547040.042, 1182670.462], [2547032.516, 1182659.025], [2547038.7, 1182655.11], [2547040.512, 1182657.972], [2547045.712, 1182666.7820000001], [2547065.402, 1182700.991], [2547086.542, 1182738.11], [2547098.842, 1182759.68], [2547108.522, 1182779.599], [2547116.362, 1182798.009], [2547119.133, 1182806.959], [2547123.743, 1182820.679], [2547138.013, 1182874.088], [2547139.333, 1182879.278], [2547132.493, 1182882.419], [2547128.263, 1182865.639], [2547122.283, 1182841.749], [2547117.993, 1182824.449], [2547113.853, 1182811.339], [2547110.273, 1182800.299], [2547102.692, 1182782.23], [2547099.822, 1182776.59], [2547093.182, 1182763.18], [2547084.862, 1182748.51], [2547044.662, 1182678.672]]]}, "properties": {"OBJECTID": 52159964, "NUMERO": "DP 1381", "EGRID": "CH500845918317", "NO_COM_FED": 5939, "GENRE_TXT": "DP communal", "SUPERFICIE_MO": 1669, "SUPERFICIE_RF": null}}, {"type": "Feature", "id": 52160048, "geometry": {"type": "Polygon", "coordinates": [[[2546608.903, 1183704.408], [2546580.313, 1183710.869], [2546558.583, 1183714.579], [2546550.264, 1183726.049], [2546543.214, 1183720.269], [2546545.734, 1183717.219], [2546520.614, 1183720.66], [2546496.504, 1183722.851], [2546486.344, 1183723.771], [2546465.635, 1183724.621], [2546436.025, 1183725.882], [2546431.215, 1183726.092], [2546394.496, 1183725.193], [2546385.9359999998, 1183724.933], [2546327.367, 1183723.035], [2546306.407, 1183722.845], [2546297.217, 1183725.325], [2546289.417, 1183729.415], [2546286.317, 1183725.366], [2546217.758, 1183722.297], [2546181.668, 1183720.858], [2546157.598, 1183719.779], [2546154.248, 1183719.529], [2546130.688, 1183718.45], [2546044.198, 1183714.612], [2545949.159, 1183710.155], [2545855.239, 1183705.507], [2545787.22, 1183703.249], [2545725.01, 1183697.761], [2545725.51, 1183693.441], [2545668.09, 1183687.7719999999], [2545651.17, 1183686.773], [2545615.28, 1183705.784], [2545613.77, 1183706.354], [2545614.73, 1183704.384], [2545626.94, 1183682.244], [2545588.18, 1183675.315], [2545535.92, 1183664.456], [2545480.63, 1183651.158], [2545419.671, 1183633.709], [2545349.261, 1183610.222], [2545297.001, 1183593.313], [2545295.241, 1183592.8530000001], [2545298.591, 1183582.073], [2545301.031, 1183582.8429999999], [2545352.051, 1183600.5219999999], [2545422.9, 1183622.599], [2545482.76, 1183639.808], [2545537.24, 1183653.056], [2545589.45, 1183664.155], [2545632.37, 1183672.763], [2545633.84, 1183675.053], [2545660.56, 1183679.0929999999], [2545663.26, 1183679.493], [2545664.19, 1183678.913], [2545666.19, 1183676.643], [2545681.51, 1183678.592], [2545691.34, 1183671.792], [2545707.4, 1183665.442], [2545706.54, 1183681.761], [2545789.509, 1183685.549], [2545856.349, 1183688.727], [2545949.899, 1183693.155], [2546043.868, 1183697.402], [2546131.398, 1183701.71], [2546218.808, 1183706.047], [2546306.607, 1183710.245], [2546311.917, 1183705.525], [2546314.887, 1183709.025], [2546314.067, 1183713.795], [2546333.807, 1183715.414], [2546385.7060000002, 1183717.743], [2546430.785, 1183717.992], [2546485.024, 1183714.581], [2546549.134, 1183707.709], [2546553.554, 1183706.429], [2546559.973, 1183696.879], [2546560.543, 1183697.369], [2546565.463, 1183701.609], [2546572.933, 1183701.909], [2546573.353, 1183704.039], [2546616.233, 1183693.928], [2546643.312, 1183687.677], [2546643.792, 1183687.447], [2546672.732, 1183678.177], [2546681.282, 1183675.546], [2546683.862, 1183674.756], [2546685.402, 1183688.736], [2546683.232, 1183688.966], [2546667.892, 1183690.917], [2546645.302, 1183696.167], [2546608.903, 1183704.408]]]}, "properties": {"OBJECTID": 52160048, "NUMERO": "294", "EGRID": "CH144583988715", "NO_COM_FED": 5939, "GENRE_TXT": "parcelle priv\u00e9e", "SUPERFICIE_MO": 18635, "SUPERFICIE_RF": 18674}}, {"type": "Feature", "id": 52160087, "geometry": {"type": "Polygon", "coordinates": [[[2547020.607, 1183635.248], [2546991.997, 1183647.989], [2546979.128, 1183653.759], [2546899.9390000002, 1183689.281], [2546883.559, 1183632.792], [2546907.219, 1183626.201], [2546943.378, 1183615.52], [2547010.767, 1183597.549], [2547017.987, 1183625.428], [2547020.437, 1183634.828], [2547020.607, 1183635.248]]]}, "properties": {"OBJECTID": 52160087, "NUMERO": "27", "EGRID": "CH369783450874", "NO_COM_FED": 5939, "GENRE_TXT": "parcelle priv\u00e9e", "SUPERFICIE_MO": 6454, "SUPERFICIE_RF": 6460}}, {"type": "Feature", "id": 52160804, "geometry": {"type": "Polygon", "coordinates": [[[2546803.546, 1183137.475], [2546811.299, 1183128.376], [2546822.021, 1183115.84], [2546844.444, 1183136.856], [2546824.958, 1183157.6], [2546803.546, 1183137.475]]]}, "properties": {"OBJECTID": 52160804, "NUMERO": "2634", "EGRID": "CH244583924244", "NO_COM_FED": 5939, "GENRE_TXT": "parcelle priv\u00e9e", "SUPERFICIE_MO": 855, "SUPERFICIE_RF": 855}}, {"type": "Feature", "id": 52160890, "geometry": {"type": "Polygon", "coordinates": [[[2546834.619, 1183443.314], [2546856.149, 1183420.714], [2546858.639, 1183423.063], [2546858.969, 1183422.763], [2546863.389, 1183427.1030000001], [2546864.049, 1183426.483], [2546869.059, 1183431.043], [2546867.769, 1183432.383], [2546866.239, 1183433.983], [2546860.709, 1183439.743], [2546845.129, 1183454.594], [2546834.619, 1183443.314]]]}, "properties": {"OBJECTID": 52160890, "NUMERO": "215", "EGRID": "CH169783456387", "NO_COM_FED": 5939, "GENRE_TXT": "parcelle priv\u00e9e", "SUPERFICIE_MO": 522, "SUPERFICIE_RF": 521}}, {"type": "Feature", "id": 52160980, "geometry": {"type": "Polygon", "coordinates": [[[2547503.988, 1183003.839], [2547534.128, 1183033.328], [2547536.408, 1183039.038], [2547534.118, 1183044.678], [2547519.138, 1183059.838], [2547510.738, 1183051.849], [2547500.648, 1183062.089], [2547493.059, 1183054.659], [2547482.969, 1183044.769], [2547486.699, 1183041.079], [2547476.779, 1183031.449], [2547503.988, 1183003.839]]]}, "properties": {"OBJECTID": 52160980, "NUMERO": "1951", "EGRID": "CH214566839724", "NO_COM_FED": 5939, "GENRE_TXT": "parcelle priv\u00e9e", "SUPERFICIE_MO": 1944, "SUPERFICIE_RF": 1942}}, {"type": "Feature", "id": 52161161, "geometry": {"type": "Polygon", "coordinates": [[[2546941.907, 1183024.884], [2546948.267, 1183034.763], [2546955.509, 1183045.97], [2546933.446, 1183067.269], [2546916.826, 1183050.041], [2546941.907, 1183024.884]]]}, "properties": {"OBJECTID": 52161161, "NUMERO": "2683", "EGRID": "CH920877834575", "NO_COM_FED": 5939, "GENRE_TXT": "parcelle priv\u00e9e", "SUPERFICIE_MO": 802, "SUPERFICIE_RF": 802}}, {"type": "Feature", "id": 52161421, "geometry": {"type": "Polygon", "coordinates": [[[2546385.076, 1183639.604], [2546373.496, 1183625.384], [2546375.875, 1183623.053], [2546381.866, 1183617.184], [2546393.036, 1183606.494], [2546399.675, 1183600.144], [2546402.965, 1183603.903], [2546417.145, 1183620.0929999999], [2546385.076, 1183639.604]]]}, "properties": {"OBJECTID": 52161421, "NUMERO": "2422", "EGRID": "CH483683459778", "NO_COM_FED": 5939, "GENRE_TXT": "parcelle priv\u00e9e", "SUPERFICIE_MO": 824, "SUPERFICIE_RF": 824}}, {"type": "Feature", "id": 52161433, "geometry": {"type": "Polygon", "coordinates": [[[2547087.042, 1183101.893], [2547067.405, 1183118.245], [2547042.756, 1183088.541], [2547063.546, 1183073.52], [2547087.042, 1183101.893]]]}, "properties": {"OBJECTID": 52161433, "NUMERO": "162", "EGRID": "CH569783458922", "NO_COM_FED": 5939, "GENRE_TXT": "parcelle priv\u00e9e", "SUPERFICIE_MO": 965, "SUPERFICIE_RF": 966}}, {"type": "Feature", "id": 52161943, "geometry": {"type": "Polygon", "coordinates": [[[2547307.493, 1183400.903], [2547289.683, 1183407.513], [2547276.683, 1183382.824], [2547297.893, 1183371.703], [2547309.883, 1183394.713], [2547307.493, 1183400.903]]]}, "properties": {"OBJECTID": 52161943, "NUMERO": "1748", "EGRID": "CH274597808358", "NO_COM_FED": 5939, "GENRE_TXT": "parcelle priv\u00e9e", "SUPERFICIE_MO": 690, "SUPERFICIE_RF": 689}}, {"type": "Feature", "id": 52162088, "geometry": {"type": "Polygon", "coordinates": [[[2546746.057, 1182881.88], [2546777.538, 1182912.669], [2546803.987, 1182885.4679999999], [2546806.417, 1182887.2179999999], [2546780.538, 1182913.729], [2546763.538, 1182931.139], [2546758.178, 1182936.499], [2546751.348, 1182943.479], [2546725.448, 1182917.62], [2546720.468, 1182907.87], [2546733.578, 1182894.43], [2546746.057, 1182881.88]]]}, "properties": {"OBJECTID": 52162088, "NUMERO": "625", "EGRID": "CH714588839843", "NO_COM_FED": 5939, "GENRE_TXT": "parcelle priv\u00e9e", "SUPERFICIE_MO": 1979, "SUPERFICIE_RF": 1975}}, {"type": "Feature", "id": 52162897, "geometry": {"type": "Polygon", "coordinates": [[[2547903.648, 1182762.927], [2547863.84, 1182819.148], [2547818.861, 1182856.9], [2547811.201, 1182856.8], [2547746.792, 1182801.541], [2547678.482, 1182742.923], [2547610.133, 1182684.265], [2547609.463, 1182675.675], [2547626.032, 1182656.184], [2547705.73, 1182610.692], [2547713.86, 1182611.042], [2547730.24, 1182623.561], [2547785.18, 1182665.67], [2547843.889, 1182710.919], [2547902.378, 1182755.797], [2547903.648, 1182762.927]]]}, "properties": {"OBJECTID": 52162897, "NUMERO": "1391", "EGRID": "CH469783454107", "NO_COM_FED": 5939, "GENRE_TXT": "parcelle priv\u00e9e", "SUPERFICIE_MO": 34856, "SUPERFICIE_RF": 34855}}, {"type": "Feature", "id": 52164214, "geometry": {"type": "Polygon", "coordinates": [[[2546893.038, 1183412.473], [2546897.028, 1183419.473], [2546900.908, 1183424.562], [2546902.388, 1183426.492], [2546910.438, 1183435.652], [2546911.268, 1183436.602], [2546922.968, 1183449.912], [2546923.038, 1183450.192], [2546915.298, 1183452.402], [2546911.468, 1183453.482], [2546894.138, 1183458.2820000001], [2546893.678, 1183457.812], [2546879.909, 1183444.0929999999], [2546867.979, 1183432.583], [2546867.769, 1183432.383], [2546869.059, 1183431.043], [2546874.6689999998, 1183425.333], [2546876.039, 1183423.8530000001], [2546884.079, 1183416.763], [2546887.918, 1183415.993], [2546893.038, 1183412.473]]]}, "properties": {"OBJECTID": 52164214, "NUMERO": "214", "EGRID": "CH829748834504", "NO_COM_FED": 5939, "GENRE_TXT": "parcelle priv\u00e9e", "SUPERFICIE_MO": 1252, "SUPERFICIE_RF": 1253}}, {"type": "Feature", "id": 52164603, "geometry": {"type": "Polygon", "coordinates": [[[2546593.103, 1183583.249], [2546567.293, 1183589.36], [2546563.963, 1183595.37], [2546560.053, 1183583.84], [2546565.443, 1183585.67], [2546592.153, 1183579.329], [2546597.953, 1183578.059], [2546598.863, 1183581.909], [2546593.103, 1183583.249]]]}, "properties": {"OBJECTID": 52164603, "NUMERO": "1816", "EGRID": "CH629766834507", "NO_COM_FED": 5939, "GENRE_TXT": "parcelle priv\u00e9e", "SUPERFICIE_MO": 172, "SUPERFICIE_RF": 169}}, {"type": "Feature", "id": 52164947, "geometry": {"type": "Polygon", "coordinates": [[[2546708.041, 1183506.167], [2546702.491, 1183476.387], [2546698.441, 1183454.667], [2546702.661, 1183456.617], [2546713.621, 1183461.687], [2546720.121, 1183464.687], [2546724.041, 1183466.506], [2546734.631, 1183468.196], [2546739.111, 1183468.166], [2546742.8310000002, 1183466.376], [2546744.801, 1183470.236], [2546753.75, 1183488.096], [2546753.93, 1183488.446], [2546756.23, 1183493.066], [2546756.64, 1183493.946], [2546708.041, 1183506.167]]]}, "properties": {"OBJECTID": 52164947, "NUMERO": "208", "EGRID": "CH586483458675", "NO_COM_FED": 5939, "GENRE_TXT": "parcelle priv\u00e9e", "SUPERFICIE_MO": 1709, "SUPERFICIE_RF": 1709}}, {"type": "Feature", "id": 52165109, "geometry": {"type": "Polygon", "coordinates": [[[2546840.397, 1182945.177], [2546858.097, 1182927.087], [2546858.437, 1182927.4070000001], [2546881.287, 1182949.426], [2546898.237, 1182968.815], [2546878.118, 1182992.375], [2546865.568, 1183007.096], [2546847.268, 1182988.246], [2546827.188, 1182967.317], [2546822.998, 1182962.967], [2546840.397, 1182945.177]]]}, "properties": {"OBJECTID": 52165109, "NUMERO": "629", "EGRID": "CH798398884563", "NO_COM_FED": 5939, "GENRE_TXT": "parcelle priv\u00e9e", "SUPERFICIE_MO": 3026, "SUPERFICIE_RF": 3022}}, {"type": "Feature", "id": 52165312, "geometry": {"type": "Polygon", "coordinates": [[[2546357.03, 1183567.215], [2546358.636, 1183567.255], [2546359.736, 1183567.305], [2546364.716, 1183567.445], [2546370.4560000002, 1183567.485], [2546373.026, 1183567.504], [2546379.546, 1183567.664], [2546380.846, 1183571.384], [2546386.48, 1183587.612], [2546366.221, 1183594.449], [2546357.03, 1183567.215]]]}, "properties": {"OBJECTID": 52165312, "NUMERO": "2617", "EGRID": "CH609145968355", "NO_COM_FED": 5939, "GENRE_TXT": "parcelle priv\u00e9e", "SUPERFICIE_MO": 530, "SUPERFICIE_RF": 529}}, {"type": "Feature", "id": 52165702, "geometry": {"type": "Polygon", "coordinates": [[[2546877.7939999998, 1182934.87], [2546879.867, 1182933.176], [2546949.226, 1182878.274], [2546976.636, 1182924.073], [2546919.917, 1182968.384], [2546915.058, 1182969.275], [2546906.608, 1182963.837], [2546892.889, 1182948.953], [2546886.777, 1182944.066], [2546877.7939999998, 1182934.87]]]}, "properties": {"OBJECTID": 52165702, "NUMERO": "1337", "EGRID": "CH669783457403", "NO_COM_FED": 5939, "GENRE_TXT": "parcelle priv\u00e9e", "SUPERFICIE_MO": 4432, "SUPERFICIE_RF": 4431}}, {"type": "Feature", "id": 52165749, "geometry": {"type": "Polygon", "coordinates": [[[2546765.77, 1183430.586], [2546765.38, 1183429.856], [2546756.68, 1183413.626], [2546755.61, 1183414.006], [2546750.58, 1183407.536], [2546729.241, 1183380.107], [2546766.75, 1183351.676], [2546827.109, 1183431.474], [2546827.989, 1183438.564], [2546815.47, 1183451.964], [2546812.38, 1183455.144], [2546804.9, 1183462.935], [2546799.25, 1183455.535], [2546792.48, 1183457.555], [2546788.99, 1183460.155], [2546788.5, 1183459.475], [2546786.5, 1183456.645], [2546785.92, 1183455.795], [2546779.44, 1183446.715], [2546774.76, 1183440.105], [2546771.8, 1183441.815], [2546768.11, 1183434.936], [2546765.77, 1183430.586]]]}, "properties": {"OBJECTID": 52165749, "NUMERO": "213", "EGRID": "CH456483864576", "NO_COM_FED": 5939, "GENRE_TXT": "parcelle priv\u00e9e", "SUPERFICIE_MO": 5045, "SUPERFICIE_RF": 5055}}, {"type": "Feature", "id": 52165886, "geometry": {"type": "Polygon", "coordinates": [[[2547255.039, 1182666.015], [2547181.251, 1182723.107], [2547108.522, 1182779.599], [2547098.842, 1182759.68], [2547086.542, 1182738.11], [2547089.022, 1182736.04], [2547152.681, 1182686.508], [2547219.459, 1182634.506], [2547255.039, 1182666.015]]]}, "properties": {"OBJECTID": 52165886, "NUMERO": "1358", "EGRID": "CH481883459779", "NO_COM_FED": 5939, "GENRE_TXT": "parcelle priv\u00e9e", "SUPERFICIE_MO": 8206, "SUPERFICIE_RF": 8181}}, {"type": "Feature", "id": 52165914, "geometry": {"type": "Polygon", "coordinates": [[[2547077.266, 1183183.329], [2547085.335, 1183192.959], [2547064.026, 1183216.06], [2547054.746, 1183207.61], [2547056.266, 1183205.95], [2547068.846, 1183192.43], [2547077.266, 1183183.329]]]}, "properties": {"OBJECTID": 52165914, "NUMERO": "111", "EGRID": "CH109845838375", "NO_COM_FED": 5939, "GENRE_TXT": "parcelle priv\u00e9e", "SUPERFICIE_MO": 404, "SUPERFICIE_RF": 403}}, {"type": "Feature", "id": 52166319, "geometry": {"type": "Polygon", "coordinates": [[[2547074.275, 1182982.25], [2547089.335, 1182968.25], [2547102.425, 1182981.34], [2547116.264, 1182995.229], [2547113.775, 1182996.959], [2547108.715, 1182991.89], [2547095.355, 1183004.31], [2547074.275, 1182982.25]]]}, "properties": {"OBJECTID": 52166319, "NUMERO": "2522", "EGRID": "CH683783459780", "NO_COM_FED": 5939, "GENRE_TXT": "parcelle priv\u00e9e", "SUPERFICIE_MO": 660, "SUPERFICIE_RF": 660}}, {"type": "Feature", "id": 52166460, "geometry": {"type": "Polygon", "coordinates": [[[2546583.271, 1183148.852], [2546577.841, 1183145.582], [2546500.8109999998, 1183174.534], [2546483.521, 1183181.035], [2546424.132, 1183203.416], [2546422.732, 1183199.666], [2546499.501, 1183170.754], [2546577.251, 1183141.372], [2546580.86, 1183134.612], [2546583.271, 1183148.852]]]}, "properties": {"OBJECTID": 52166460, "NUMERO": "DP 1221", "EGRID": "CH458983974547", "NO_COM_FED": 5939, "GENRE_TXT": "DP communal", "SUPERFICIE_MO": 709, "SUPERFICIE_RF": null}}, {"type": "Feature", "id": 52166478, "geometry": {"type": "Polygon", "coordinates": [[[2546333.005, 1183492.926], [2546325.765, 1183500.156], [2546325.555, 1183500.396], [2546315.005, 1183509.976], [2546312.635, 1183511.416], [2546290.415, 1183495.757], [2546295.255, 1183493.367], [2546306.055, 1183488.197], [2546319.125, 1183483.067], [2546320.295, 1183482.497], [2546319.345, 1183479.867], [2546320.635, 1183479.357], [2546324.305, 1183488.096], [2546333.005, 1183492.926]]]}, "properties": {"OBJECTID": 52166478, "NUMERO": "242", "EGRID": "CH474597178382", "NO_COM_FED": 5939, "GENRE_TXT": "parcelle priv\u00e9e", "SUPERFICIE_MO": 619, "SUPERFICIE_RF": 620}}, {"type": "Feature", "id": 52166621, "geometry": {"type": "Polygon", "coordinates": [[[2547340.921, 1182999.533], [2547316.881, 1183025.784], [2547292.642, 1183051.905], [2547273.892, 1183033.325], [2547322.231, 1182980.964], [2547340.921, 1182999.533]]]}, "properties": {"OBJECTID": 52166621, "NUMERO": "246", "EGRID": "CH629780834575", "NO_COM_FED": 5939, "GENRE_TXT": "parcelle priv\u00e9e", "SUPERFICIE_MO": 1882, "SUPERFICIE_RF": 1887}}, {"type": "Feature", "id": 52167099, "geometry": {"type": "Polygon", "coordinates": [[[2546304.266, 1183538.047], [2546295.685, 1183521.887], [2546291.775, 1183514.677], [2546302.135, 1183509.547], [2546309.165, 1183520.307], [2546304.266, 1183538.047]]]}, "properties": {"OBJECTID": 52167099, "NUMERO": "235", "EGRID": "CH909745368368", "NO_COM_FED": 5939, "GENRE_TXT": "parcelle priv\u00e9e", "SUPERFICIE_MO": 241, "SUPERFICIE_RF": 242}}, {"type": "Feature", "id": 52167632, "geometry": {"type": "Polygon", "coordinates": [[[2546634.852, 1183648.818], [2546643.792, 1183687.447], [2546643.312, 1183687.677], [2546616.233, 1183693.928], [2546607.273, 1183655.158], [2546634.852, 1183648.818]]]}, "properties": {"OBJECTID": 52167632, "NUMERO": "298", "EGRID": "CH358783984535", "NO_COM_FED": 5939, "GENRE_TXT": "parcelle priv\u00e9e", "SUPERFICIE_MO": 1126, "SUPERFICIE_RF": 1125}}, {"type": "Feature", "id": 52167877, "geometry": {"type": "Polygon", "coordinates": [[[2547822.0609999998, 1182859.369], [2547822.091, 1182865.91], [2547873.79, 1182910.358], [2547929.7, 1182958.207], [2547938.68, 1182962.187], [2547915.73, 1182959.277], [2547917.45, 1182955.517], [2547915.65, 1182951.587], [2547871.231, 1182913.4780000001], [2547818.891, 1182868.8], [2547811.751, 1182869.39], [2547822.0609999998, 1182859.369]]]}, "properties": {"OBJECTID": 52167877, "NUMERO": "DP 1186", "EGRID": "CH738397458961", "NO_COM_FED": 5939, "GENRE_TXT": "DP communal", "SUPERFICIE_MO": 677, "SUPERFICIE_RF": null}}, {"type": "Feature", "id": 52169035, "geometry": {"type": "Polygon", "coordinates": [[[2546903.888, 1183514.432], [2546907.858, 1183516.852], [2546888.479, 1183536.832], [2546869.269, 1183545.373], [2546868.069, 1183543.743], [2546856.619, 1183528.753], [2546854.079, 1183525.213], [2546843.619, 1183510.053], [2546843.279, 1183509.533], [2546841.829, 1183507.833], [2546837.349, 1183501.424], [2546830.619, 1183491.724], [2546829.379, 1183489.884], [2546828.589, 1183488.744], [2546849.6890000002, 1183481.883], [2546872.319, 1183476.183], [2546886.479, 1183494.112], [2546887.619, 1183495.592], [2546901.318, 1183512.592], [2546903.888, 1183514.432]]]}, "properties": {"OBJECTID": 52169035, "NUMERO": "60", "EGRID": "CH529788834537", "NO_COM_FED": 5939, "GENRE_TXT": "parcelle priv\u00e9e", "SUPERFICIE_MO": 2873, "SUPERFICIE_RF": 2874}}, {"type": "Feature", "id": 52169083, "geometry": {"type": "Polygon", "coordinates": [[[2546774.878, 1182952.849], [2546781.068, 1182958.898], [2546803.598, 1182990.117], [2546820.828, 1183013.847], [2546838.728, 1183038.506], [2546862.738, 1183059.005], [2546857.508, 1183064.895], [2546857.018, 1183061.335], [2546835.248, 1183042.496], [2546817.238, 1183017.6469999999], [2546798.198, 1182991.388], [2546784.888, 1182973.028], [2546772.148, 1182973.048], [2546767.458, 1182968.599], [2546766.188, 1182967.299], [2546766.278, 1182961.649], [2546774.878, 1182952.849]]]}, "properties": {"OBJECTID": 52169083, "NUMERO": "DP 1355", "EGRID": "CH944583977747", "NO_COM_FED": 5939, "GENRE_TXT": "DP communal", "SUPERFICIE_MO": 900, "SUPERFICIE_RF": null}}, {"type": "Feature", "id": 52169387, "geometry": {"type": "Polygon", "coordinates": [[[2547618.308, 1183238.196], [2547635.968, 1183272.626], [2547633.588, 1183278.806], [2547608.128, 1183288.336], [2547586.159, 1183245.837], [2547581.719, 1183237.067], [2547579.819, 1183233.4070000001], [2547568.699, 1183208.887], [2547576.749, 1183205.8969999999], [2547575.819, 1183204.197], [2547580.878, 1183202.317], [2547579.538, 1183198.477], [2547594.618, 1183192.937], [2547614.758, 1183231.216], [2547618.308, 1183238.196]]]}, "properties": {"OBJECTID": 52169387, "NUMERO": "1940", "EGRID": "CH688383459702", "NO_COM_FED": 5939, "GENRE_TXT": "parcelle priv\u00e9e", "SUPERFICIE_MO": 2917, "SUPERFICIE_RF": 2915}}, {"type": "Feature", "id": 52169523, "geometry": {"type": "Polygon", "coordinates": [[[2546818.66, 1183725.8530000001], [2546798.56, 1183656.334], [2546829.84, 1183647.623], [2546848.1890000002, 1183712.482], [2546818.66, 1183725.8530000001]]]}, "properties": {"OBJECTID": 52169523, "NUMERO": "24", "EGRID": "CH569783455358", "NO_COM_FED": 5939, "GENRE_TXT": "parcelle priv\u00e9e", "SUPERFICIE_MO": 2255, "SUPERFICIE_RF": 2261}}, {"type": "Feature", "id": 52170127, "geometry": {"type": "Polygon", "coordinates": [[[2547439.301, 1183182.071], [2547439.321, 1183177.001], [2547439.441, 1183170.981], [2547442.5810000002, 1183171.021], [2547442.511, 1183177.001], [2547442.421, 1183182.211], [2547439.301, 1183182.071]]]}, "properties": {"OBJECTID": 52170127, "NUMERO": "2036", "EGRID": "CH788083459848", "NO_COM_FED": 5939, "GENRE_TXT": "parcelle priv\u00e9e", "SUPERFICIE_MO": 35, "SUPERFICIE_RF": 34}}, {"type": "Feature", "id": 52170249, "geometry": {"type": "Polygon", "coordinates": [[[2547571.417, 1183080.437], [2547541.988, 1183110.038], [2547524.928, 1183093.238], [2547512.788, 1183081.219], [2547526.458, 1183067.168], [2547521.238, 1183061.948], [2547536.238, 1183046.748], [2547541.978, 1183044.398], [2547547.608, 1183046.588], [2547576.687, 1183075.227], [2547574.157, 1183077.6570000001], [2547571.417, 1183080.437]]]}, "properties": {"OBJECTID": 52170249, "NUMERO": "1950", "EGRID": "CH669783458886", "NO_COM_FED": 5939, "GENRE_TXT": "parcelle priv\u00e9e", "SUPERFICIE_MO": 2224, "SUPERFICIE_RF": 2220}}, {"type": "Feature", "id": 52170429, "geometry": {"type": "Polygon", "coordinates": [[[2546776.4, 1183644.324], [2546769.86, 1183646.724], [2546761.181, 1183649.105], [2546728.521, 1183649.715], [2546726.531, 1183641.315], [2546698.961, 1183647.836], [2546686.681, 1183580.447], [2546681.452, 1183551.707], [2546686.701, 1183550.457], [2546705.761, 1183546.026], [2546723.421, 1183541.826], [2546724.735524634, 1183541.4035372064], [2546725.9619044657, 1183540.7691537784], [2546727.0662516276, 1183539.940379279], [2546728.0180503125, 1183538.9401147696], [2546728.791, 1183537.796], [2546729.355826686, 1183536.5377938433], [2546729.7047374393, 1183535.2034875802], [2546729.8281183504, 1183533.8298467721], [2546729.722569773, 1183532.4547208087], [2546729.391, 1183531.116], [2546732.241, 1183530.266], [2546751.221, 1183590.655], [2546754.071, 1183589.725], [2546755.171, 1183593.115], [2546770.23, 1183641.334], [2546776.4, 1183644.324]]]}, "properties": {"OBJECTID": 52170429, "NUMERO": "45", "EGRID": "CH674586638372", "NO_COM_FED": 5939, "GENRE_TXT": "parcelle priv\u00e9e", "SUPERFICIE_MO": 6695, "SUPERFICIE_RF": 6692}}, {"type": "Feature", "id": 52170460, "geometry": {"type": "Polygon", "coordinates": [[[2547136.555, 1183457.237], [2547146.915, 1183460.666], [2547185.244, 1183446.205], [2547205.734, 1183438.855], [2547225.264, 1183431.555], [2547247.244, 1183423.374], [2547268.993, 1183415.214], [2547289.683, 1183407.513], [2547307.493, 1183400.903], [2547322.972, 1183395.002], [2547346.522, 1183386.262], [2547366.952, 1183378.591], [2547368.772, 1183373.641], [2547371.612, 1183372.561], [2547377.192, 1183374.721], [2547397.441, 1183367.131], [2547416.271, 1183360.08], [2547418.541, 1183353.88], [2547424.171, 1183351.84], [2547426.471, 1183365.37], [2547391.992, 1183378.201], [2547383.602, 1183381.371], [2547372.872, 1183385.391], [2547346.212, 1183395.332], [2547322.973, 1183403.972], [2547296.493, 1183413.833], [2547273.223, 1183422.613], [2547178.955, 1183457.786], [2547149.805, 1183468.646], [2547147.775, 1183474.636], [2547136.555, 1183457.237]]]}, "properties": {"OBJECTID": 52170460, "NUMERO": "DP 1013", "EGRID": "CH757183974543", "NO_COM_FED": 5939, "GENRE_TXT": "DP communal", "SUPERFICIE_MO": 2651, "SUPERFICIE_RF": null}}, {"type": "Feature", "id": 52170608, "geometry": {"type": "Polygon", "coordinates": [[[2546304.934, 1183383.578], [2546324.694, 1183430.8969999999], [2546328.195, 1183439.467], [2546337.615, 1183466.046], [2546332.535, 1183467.726], [2546323.375, 1183470.877], [2546316.035, 1183473.817], [2546314.345, 1183469.487], [2546308.485, 1183471.777], [2546304.165, 1183463.697], [2546295.475, 1183447.417], [2546287.755, 1183433.258], [2546267.734, 1183398.769], [2546304.934, 1183383.578]]]}, "properties": {"OBJECTID": 52170608, "NUMERO": "248", "EGRID": "CH257683974578", "NO_COM_FED": 5939, "GENRE_TXT": "parcelle priv\u00e9e", "SUPERFICIE_MO": 3013, "SUPERFICIE_RF": 3018}}, {"type": "Feature", "id": 52170726, "geometry": {"type": "Polygon", "coordinates": [[[2547131.155, 1183630.446], [2547115.7060000002, 1183595.146], [2547149.385, 1183586.606], [2547155.985, 1183619.155], [2547131.155, 1183630.446]]]}, "properties": {"OBJECTID": 52170726, "NUMERO": "66", "EGRID": "CH544583970858", "NO_COM_FED": 5939, "GENRE_TXT": "parcelle priv\u00e9e", "SUPERFICIE_MO": 1102, "SUPERFICIE_RF": 1101}}, {"type": "Feature", "id": 52170839, "geometry": {"type": "Polygon", "coordinates": [[[2547204.212, 1182939.417], [2547195.712, 1182923.527], [2547216.932, 1182903.906], [2547230.872, 1182918.026], [2547204.212, 1182939.417]]]}, "properties": {"OBJECTID": 52170839, "NUMERO": "140", "EGRID": "CH909745808333", "NO_COM_FED": 5939, "GENRE_TXT": "parcelle priv\u00e9e", "SUPERFICIE_MO": 589, "SUPERFICIE_RF": 590}}, {"type": "Feature", "id": 52172262, "geometry": {"type": "Polygon", "coordinates": [[[2547195.624, 1183268.546], [2547186.184, 1183277.616], [2547180.504, 1183272.826], [2547178.284, 1183274.337], [2547179.414, 1183276.097], [2547177.174, 1183277.537], [2547175.984, 1183275.937], [2547170.944, 1183279.297], [2547164.454, 1183268.697], [2547158.845, 1183272.447], [2547152.965, 1183276.807], [2547151.855, 1183277.607], [2547147.755, 1183272.817], [2547150.175, 1183270.847], [2547155.675, 1183267.177], [2547167.134, 1183259.817], [2547171.104, 1183257.527], [2547175.254, 1183252.347], [2547185.624, 1183260.176], [2547195.624, 1183268.546]]]}, "properties": {"OBJECTID": 52172262, "NUMERO": "106", "EGRID": "CH969783451062", "NO_COM_FED": 5939, "GENRE_TXT": "parcelle priv\u00e9e", "SUPERFICIE_MO": 590, "SUPERFICIE_RF": 589}}, {"type": "Feature", "id": 52173097, "geometry": {"type": "Polygon", "coordinates": [[[2547530.639, 1183216.248], [2547543.549, 1183241.388], [2547518.07, 1183250.768], [2547514.51, 1183243.429], [2547506.27, 1183225.059], [2547530.639, 1183216.248]]]}, "properties": {"OBJECTID": 52173097, "NUMERO": "1922", "EGRID": "CH969783450468", "NO_COM_FED": 5939, "GENRE_TXT": "parcelle priv\u00e9e", "SUPERFICIE_MO": 749, "SUPERFICIE_RF": 749}}, {"type": "Feature", "id": 52173130, "geometry": {"type": "Polygon", "coordinates": [[[2547542.238, 1183180.826], [2547552.448, 1183208.328], [2547555.949, 1183207.068], [2547557.499, 1183206.4679999999], [2547559.562, 1183212.148], [2547538.929, 1183219.508], [2547536.1689999998, 1183214.188], [2547524.559, 1183191.169], [2547526.339, 1183186.309], [2547542.238, 1183180.826]]]}, "properties": {"OBJECTID": 52173130, "NUMERO": "1466", "EGRID": "CH969883458161", "NO_COM_FED": 5939, "GENRE_TXT": "parcelle priv\u00e9e", "SUPERFICIE_MO": 684, "SUPERFICIE_RF": 681}}, {"type": "Feature", "id": 52173420, "geometry": {"type": "Polygon", "coordinates": [[[2547091.9359999998, 1183408.818], [2547105.676, 1183430.587], [2547103.136, 1183437.067], [2547102.836, 1183436.547], [2547082.776, 1183461.028], [2547060.326, 1183425.929], [2547087.986, 1183408.028], [2547091.9359999998, 1183408.818]]]}, "properties": {"OBJECTID": 52173420, "NUMERO": "1694", "EGRID": "CH538397458140", "NO_COM_FED": 5939, "GENRE_TXT": "parcelle priv\u00e9e", "SUPERFICIE_MO": 1278, "SUPERFICIE_RF": 1275}}, {"type": "Feature", "id": 52173608, "geometry": {"type": "Polygon", "coordinates": [[[2546832.84, 1183632.883], [2546823.43, 1183635.483], [2546821.49, 1183633.463], [2546817.32, 1183629.143], [2546812.85, 1183624.503], [2546825.65, 1183612.273], [2546830.19, 1183625.0929999999], [2546831.81, 1183629.963], [2546832.84, 1183632.883]]]}, "properties": {"OBJECTID": 52173608, "NUMERO": "1732", "EGRID": "CH744583974847", "NO_COM_FED": 5939, "GENRE_TXT": "parcelle priv\u00e9e", "SUPERFICIE_MO": 242, "SUPERFICIE_RF": 239}}, {"type": "Feature", "id": 52173795, "geometry": {"type": "Polygon", "coordinates": [[[2546771.43, 1183663.824], [2546798.56, 1183656.334], [2546818.66, 1183725.8530000001], [2546792.75, 1183737.413], [2546771.43, 1183663.824]]]}, "properties": {"OBJECTID": 52173795, "NUMERO": "23", "EGRID": "CH929883834516", "NO_COM_FED": 5939, "GENRE_TXT": "parcelle priv\u00e9e", "SUPERFICIE_MO": 2095, "SUPERFICIE_RF": 2098}}, {"type": "Feature", "id": 52173805, "geometry": {"type": "Polygon", "coordinates": [[[2546845.339, 1183604.8429999999], [2546863.819, 1183596.512], [2546875.159, 1183621.292], [2546854.929, 1183626.7820000001], [2546845.339, 1183604.8429999999]]]}, "properties": {"OBJECTID": 52173805, "NUMERO": "34", "EGRID": "CH689983459755", "NO_COM_FED": 5939, "GENRE_TXT": "parcelle priv\u00e9e", "SUPERFICIE_MO": 524, "SUPERFICIE_RF": 523}}, {"type": "Feature", "id": 52173883, "geometry": {"type": "Polygon", "coordinates": [[[2547775.813, 1182975.861], [2547798.902, 1182949.08], [2547826.212, 1182953.35], [2547831.972, 1182954.169], [2547807.802, 1182982.16], [2547785.143, 1182978.401], [2547775.813, 1182975.861]]]}, "properties": {"OBJECTID": 52173883, "NUMERO": "1903", "EGRID": "CH109745398340", "NO_COM_FED": 5939, "GENRE_TXT": "parcelle priv\u00e9e", "SUPERFICIE_MO": 1036, "SUPERFICIE_RF": 1031}}, {"type": "Feature", "id": 52174105, "geometry": {"type": "Polygon", "coordinates": [[[2546902.818, 1183480.492], [2546896.018, 1183470.382], [2546899.858, 1183469.432], [2546920.168, 1183464.652], [2546937.058, 1183482.931], [2546928.728, 1183491.471], [2546928.578, 1183494.521], [2546944.958, 1183515.971], [2546947.408, 1183515.971], [2546944.278, 1183519.871], [2546942.378, 1183517.481], [2546925.228, 1183495.071], [2546922.308, 1183492.672], [2546918.348, 1183497.212], [2546907.718, 1183487.682], [2546902.818, 1183480.492]]]}, "properties": {"OBJECTID": 52174105, "NUMERO": "63", "EGRID": "CH869983458663", "NO_COM_FED": 5939, "GENRE_TXT": "parcelle priv\u00e9e", "SUPERFICIE_MO": 831, "SUPERFICIE_RF": 828}}, {"type": "Feature", "id": 52174621, "geometry": {"type": "Polygon", "coordinates": [[[2547117.803, 1183550.671], [2547112.02, 1183538.239], [2547114.623, 1183534.496], [2547101.075, 1183521.324], [2547107.246, 1183516.187], [2547119.325, 1183527.927], [2547128.465, 1183514.986], [2547137.215, 1183521.246], [2547142.435, 1183543.726], [2547117.803, 1183550.671]]]}, "properties": {"OBJECTID": 52174621, "NUMERO": "2680", "EGRID": "CH698307544548", "NO_COM_FED": 5939, "GENRE_TXT": "parcelle priv\u00e9e", "SUPERFICIE_MO": 797, "SUPERFICIE_RF": 796}}, {"type": "Feature", "id": 52175033, "geometry": {"type": "Polygon", "coordinates": [[[2547191.764, 1183379.566], [2547172.395, 1183392.056], [2547171.415, 1183398.616], [2547165.655, 1183390.506], [2547170.955, 1183387.356], [2547202.264, 1183368.785], [2547229.854, 1183350.975], [2547264.883, 1183319.574], [2547266.263, 1183311.804], [2547273.093, 1183324.114], [2547266.973, 1183323.034], [2547252.423, 1183336.074], [2547232.164, 1183354.175], [2547212.924, 1183366.655], [2547204.414, 1183372.185], [2547191.764, 1183379.566]]]}, "properties": {"OBJECTID": 52175033, "NUMERO": "DP 1015", "EGRID": "CH358083984530", "NO_COM_FED": 5939, "GENRE_TXT": "DP communal", "SUPERFICIE_MO": 554, "SUPERFICIE_RF": null}}, {"type": "Feature", "id": 52175263, "geometry": {"type": "Polygon", "coordinates": [[[2547503.988, 1183003.839], [2547476.779, 1183031.449], [2547456.429, 1183011.45], [2547479.208, 1182988.599], [2547483.808, 1182986.689], [2547488.578, 1182988.459], [2547503.988, 1183003.839]]]}, "properties": {"OBJECTID": 52175263, "NUMERO": "1952", "EGRID": "CH844583970457", "NO_COM_FED": 5939, "GENRE_TXT": "parcelle priv\u00e9e", "SUPERFICIE_MO": 1091, "SUPERFICIE_RF": 1087}}, {"type": "Feature", "id": 52175277, "geometry": {"type": "Polygon", "coordinates": [[[2546636.248, 1182866.913], [2546619.238, 1182900.433], [2546599.858, 1182890.374], [2546596.188, 1182883.234], [2546602.018, 1182849.274], [2546623.958, 1182860.463], [2546636.248, 1182866.913]]]}, "properties": {"OBJECTID": 52175277, "NUMERO": "1876", "EGRID": "CH798397304552", "NO_COM_FED": 5939, "GENRE_TXT": "parcelle priv\u00e9e", "SUPERFICIE_MO": 1218, "SUPERFICIE_RF": 1214}}, {"type": "Feature", "id": 52175466, "geometry": {"type": "Polygon", "coordinates": [[[2546982.347, 1183490.11], [2546982.060419658, 1183489.7190989656], [2546981.718529886, 1183489.3755246727], [2546981.329042101, 1183489.0870265334], [2546980.9007413066, 1183488.8601117025], [2546980.4432879444, 1183488.6998983056], [2546979.967, 1183488.61], [2546979.4517763956, 1183488.5932698334], [2546978.9404649013, 1183488.658812314], [2546978.446119053, 1183488.804954175], [2546977.9813592625, 1183489.0279644844], [2546977.5580506227, 1183489.3221498965], [2546977.187, 1183489.68], [2546936.668, 1183538.911], [2546931.688, 1183544.691], [2546930.798, 1183545.731], [2546909.968, 1183569.511], [2546905.068, 1183572.761], [2546886.829, 1183584.892], [2546878.1890000002, 1183589.662], [2546863.819, 1183596.512], [2546845.339, 1183604.8429999999], [2546828.16, 1183610.303], [2546843.399, 1183597.153], [2546846.179, 1183598.243], [2546854.009, 1183594.613], [2546862.139, 1183590.752], [2546863.559, 1183590.092], [2546864.6890000002, 1183589.562], [2546884.329, 1183580.002], [2546906.608, 1183565.121], [2546913.398, 1183557.111], [2546914.848, 1183555.381], [2546933.528, 1183533.321], [2546937.808, 1183525.741], [2546939.928, 1183521.871], [2546942.378, 1183517.481], [2546944.278, 1183519.871], [2546947.408, 1183515.971], [2546965.438, 1183493.56], [2546962.598, 1183490.461], [2546976.467, 1183479.83], [2546982.347, 1183490.11]]]}, "properties": {"OBJECTID": 52175466, "NUMERO": "DP 1006", "EGRID": "CH714566839748", "NO_COM_FED": 5939, "GENRE_TXT": "DP communal", "SUPERFICIE_MO": 1229, "SUPERFICIE_RF": null}}, {"type": "Feature", "id": 52176125, "geometry": {"type": "Polygon", "coordinates": [[[2547346.522, 1183386.262], [2547336.052, 1183366.042], [2547332.532, 1183359.202], [2547355.172, 1183347.372], [2547368.772, 1183373.641], [2547366.952, 1183378.591], [2547346.522, 1183386.262]]]}, "properties": {"OBJECTID": 52176125, "NUMERO": "1682", "EGRID": "CH214582839873", "NO_COM_FED": 5939, "GENRE_TXT": "parcelle priv\u00e9e", "SUPERFICIE_MO": 811, "SUPERFICIE_RF": 810}}, {"type": "Feature", "id": 52176452, "geometry": {"type": "Polygon", "coordinates": [[[2546359.815, 1183549.495], [2546378.595, 1183526.865], [2546387.565, 1183533.884], [2546383.695, 1183536.934], [2546372.915, 1183545.215], [2546366.395, 1183548.385], [2546359.815, 1183549.495]]]}, "properties": {"OBJECTID": 52176452, "NUMERO": "252", "EGRID": "CH556683864585", "NO_COM_FED": 5939, "GENRE_TXT": "parcelle priv\u00e9e", "SUPERFICIE_MO": 217, "SUPERFICIE_RF": 216}}, {"type": "Feature", "id": 52176464, "geometry": {"type": "Polygon", "coordinates": [[[2546708.721, 1183719.285], [2546706.941, 1183701.336], [2546718.711, 1183698.155], [2546720.241, 1183716.335], [2546708.721, 1183719.285]]]}, "properties": {"OBJECTID": 52176464, "NUMERO": "16", "EGRID": "CH555383974515", "NO_COM_FED": 5939, "GENRE_TXT": "parcelle priv\u00e9e", "SUPERFICIE_MO": 215, "SUPERFICIE_RF": 214}}, {"type": "Feature", "id": 52176942, "geometry": {"type": "Polygon", "coordinates": [[[2547353.212, 1183318.992], [2547390.0810000002, 1183299.781], [2547402.211, 1183322.721], [2547380.462, 1183334.121], [2547365.362, 1183341.982], [2547353.212, 1183318.992]]]}, "properties": {"OBJECTID": 52176942, "NUMERO": "1884", "EGRID": "CH738397457179", "NO_COM_FED": 5939, "GENRE_TXT": "parcelle priv\u00e9e", "SUPERFICIE_MO": 1081, "SUPERFICIE_RF": 1081}}, {"type": "Feature", "id": 52177872, "geometry": {"type": "Polygon", "coordinates": [[[2546464.724, 1183506.762], [2546460.764, 1183509.5929999999], [2546448.795, 1183518.033], [2546446.475, 1183519.633], [2546439.075, 1183502.3530000001], [2546433.484, 1183481.673], [2546443.034, 1183477.793], [2546443.754, 1183477.503], [2546447.754, 1183474.793], [2546464.724, 1183506.762]]]}, "properties": {"OBJECTID": 52177872, "NUMERO": "2504", "EGRID": "CH869783452680", "NO_COM_FED": 5939, "GENRE_TXT": "parcelle priv\u00e9e", "SUPERFICIE_MO": 740, "SUPERFICIE_RF": 740}}, {"type": "Feature", "id": 52178063, "geometry": {"type": "Polygon", "coordinates": [[[2547154.725, 1183333.227], [2547142.565, 1183340.547], [2547140.435, 1183341.837], [2547133.465, 1183345.957], [2547130.765, 1183350.687], [2547122.565, 1183336.828], [2547124.925, 1183335.8969999999], [2547127.145, 1183334.937], [2547127.395, 1183334.827], [2547134.325, 1183331.507], [2547148.005, 1183323.537], [2547153.455, 1183331.637], [2547154.725, 1183333.227]]]}, "properties": {"OBJECTID": 52178063, "NUMERO": "99", "EGRID": "CH251083974517", "NO_COM_FED": 5939, "GENRE_TXT": "parcelle priv\u00e9e", "SUPERFICIE_MO": 360, "SUPERFICIE_RF": 360}}, {"type": "Feature", "id": 52178753, "geometry": {"type": "Polygon", "coordinates": [[[2547420.631, 1183255.811], [2547403.251, 1183262.941], [2547389.651, 1183238.852], [2547387.951, 1183235.732], [2547394.601, 1183233.422], [2547401.691, 1183230.841], [2547408.891, 1183228.311], [2547410.631, 1183227.761], [2547411.341, 1183228.981], [2547425.291, 1183253.891], [2547420.631, 1183255.811]]]}, "properties": {"OBJECTID": 52178753, "NUMERO": "1462", "EGRID": "CH829704834512", "NO_COM_FED": 5939, "GENRE_TXT": "parcelle priv\u00e9e", "SUPERFICIE_MO": 725, "SUPERFICIE_RF": 721}}, {"type": "Feature", "id": 52178867, "geometry": {"type": "Polygon", "coordinates": [[[2547472.187, 1182881.379], [2547458.748, 1182896.9], [2547446.56, 1182885.16], [2547439.418, 1182878.28], [2547453.097, 1182863.35], [2547472.187, 1182881.379]]]}, "properties": {"OBJECTID": 52178867, "NUMERO": "2406", "EGRID": "CH156683864527", "NO_COM_FED": 5939, "GENRE_TXT": "parcelle priv\u00e9e", "SUPERFICIE_MO": 541, "SUPERFICIE_RF": 541}}, {"type": "Feature", "id": 52179231, "geometry": {"type": "Polygon", "coordinates": [[[2545928.384, 1183220.149], [2545917.994, 1183204.179], [2545866.624, 1183125.101], [2545814.833, 1183046.394], [2545763.623, 1182967.306], [2545755.343, 1182954.386], [2545707.842, 1182881.048], [2545655.302, 1182799.17], [2545655.082, 1182791.42], [2545662.732, 1182803.19], [2545711.762, 1182878.658], [2545760.323, 1182954.106], [2545769.673, 1182968.505], [2545818.653, 1183044.043], [2545870.084, 1183123.031], [2545923.944, 1183206.069], [2545931.634, 1183217.849], [2545928.384, 1183220.149]]]}, "properties": {"OBJECTID": 52179231, "NUMERO": "DP 1106", "EGRID": "CH274597988304", "NO_COM_FED": 5939, "GENRE_TXT": "DP communal", "SUPERFICIE_MO": 2163, "SUPERFICIE_RF": null}}, {"type": "Feature", "id": 52179296, "geometry": {"type": "Polygon", "coordinates": [[[2546765.77, 1183430.586], [2546753.599, 1183439.767], [2546741.431, 1183448.946], [2546734.191, 1183435.136], [2546728.481, 1183424.237], [2546750.58, 1183407.536], [2546755.61, 1183414.006], [2546756.68, 1183413.626], [2546765.38, 1183429.856], [2546765.77, 1183430.586]]]}, "properties": {"OBJECTID": 52179296, "NUMERO": "2418", "EGRID": "CH474586628346", "NO_COM_FED": 5939, "GENRE_TXT": "parcelle priv\u00e9e", "SUPERFICIE_MO": 821, "SUPERFICIE_RF": 820}}, {"type": "Feature", "id": 52179575, "geometry": {"type": "Polygon", "coordinates": [[[2547268.711, 1182956.455], [2547230.872, 1182918.026], [2547216.932, 1182903.906], [2547237.531, 1182885.036], [2547258.451, 1182865.605], [2547285.02, 1182841.144], [2547295.71, 1182831.314], [2547320.509, 1182850.893], [2547352.6689999998, 1182876.333], [2547349.4390000002, 1182879.773], [2547338.56, 1182891.143], [2547334.7, 1182895.113], [2547319.09, 1182912.174], [2547316.89, 1182914.504], [2547314.58, 1182917.064], [2547307.74, 1182923.804], [2547292.351, 1182940.124], [2547273.101, 1182960.795], [2547271.601, 1182959.335], [2547273.841, 1182956.985], [2547271.021, 1182954.115], [2547268.711, 1182956.455]]]}, "properties": {"OBJECTID": 52179575, "NUMERO": "147", "EGRID": "CH808645658321", "NO_COM_FED": 5939, "GENRE_TXT": "parcelle priv\u00e9e", "SUPERFICIE_MO": 8458, "SUPERFICIE_RF": 8459}}, {"type": "Feature", "id": 52179794, "geometry": {"type": "Polygon", "coordinates": [[[2547758.703, 1182934.451], [2547748.753, 1182933.0320000001], [2547754.483, 1182928.752], [2547808.751, 1182866.7], [2547818.861, 1182856.9], [2547822.0609999998, 1182859.369], [2547811.751, 1182869.39], [2547757.603, 1182931.331], [2547758.703, 1182934.451]]]}, "properties": {"OBJECTID": 52179794, "NUMERO": "DP 1185", "EGRID": "CH598397764579", "NO_COM_FED": 5939, "GENRE_TXT": "DP communal", "SUPERFICIE_MO": 418, "SUPERFICIE_RF": null}}, {"type": "Feature", "id": 52180039, "geometry": {"type": "Polygon", "coordinates": [[[2547049.659, 1183376.428], [2547055.226, 1183387.309], [2547057.426, 1183391.609], [2547060.9359999998, 1183398.419], [2547054.136, 1183401.809], [2547049.986, 1183402.649], [2547040.876, 1183390.909], [2547043.526, 1183388.869], [2547037.496, 1183381.449], [2547049.659, 1183376.428]]]}, "properties": {"OBJECTID": 52180039, "NUMERO": "197", "EGRID": "CH398397054569", "NO_COM_FED": 5939, "GENRE_TXT": "parcelle priv\u00e9e", "SUPERFICIE_MO": 316, "SUPERFICIE_RF": 315}}, {"type": "Feature", "id": 52180141, "geometry": {"type": "Polygon", "coordinates": [[[2547057.616, 1183503.118], [2547073.656, 1183483.138], [2547107.246, 1183516.187], [2547101.075, 1183521.324], [2547085.466, 1183534.317], [2547057.616, 1183503.118]]]}, "properties": {"OBJECTID": 52180141, "NUMERO": "76", "EGRID": "CH588483459709", "NO_COM_FED": 5939, "GENRE_TXT": "parcelle priv\u00e9e", "SUPERFICIE_MO": 1193, "SUPERFICIE_RF": 1192}}, {"type": "Feature", "id": 52180718, "geometry": {"type": "Polygon", "coordinates": [[[2546962.598, 1183490.461], [2546965.438, 1183493.56], [2546947.408, 1183515.971], [2546944.958, 1183515.971], [2546928.578, 1183494.521], [2546928.728, 1183491.471], [2546937.058, 1183482.931], [2546920.168, 1183464.652], [2546931.098, 1183462.041], [2546936.128, 1183461.891], [2546936.878, 1183462.721], [2546962.598, 1183490.461]]]}, "properties": {"OBJECTID": 52180718, "NUMERO": "1714", "EGRID": "CH369983458441", "NO_COM_FED": 5939, "GENRE_TXT": "parcelle priv\u00e9e", "SUPERFICIE_MO": 1121, "SUPERFICIE_RF": 1121}}, {"type": "Feature", "id": 52180970, "geometry": {"type": "Polygon", "coordinates": [[[2546992.047, 1183212.611], [2546986.807, 1183220.921], [2546976.648, 1183207.924], [2546953.177, 1183177.893], [2546986.757, 1183150.612], [2546987.680634475, 1183150.3185841376], [2546988.637895288, 1183150.1674376936], [2546989.607, 1183150.162], [2546990.6110021407, 1183150.3121568318], [2546991.5789985494, 1183150.6180168083], [2546992.487, 1183151.072], [2546993.137405137, 1183151.529147889], [2546993.718099742, 1183152.0721071963], [2546994.217853124, 1183152.690377034], [2546994.627, 1183153.372], [2547002.607, 1183171.741], [2547011.776, 1183193.161], [2546998.697, 1183210.301], [2546996.127, 1183208.131], [2546992.547, 1183204.621], [2546988.417, 1183209.071], [2546992.047, 1183212.611]]]}, "properties": {"OBJECTID": 52180970, "NUMERO": "185", "EGRID": "CH709745418324", "NO_COM_FED": 5939, "GENRE_TXT": "parcelle priv\u00e9e", "SUPERFICIE_MO": 2173, "SUPERFICIE_RF": 2176}}, {"type": "Feature", "id": 52181297, "geometry": {"type": "Polygon", "coordinates": [[[2547402.201, 1183158.872], [2547405.841, 1183155.062], [2547407.0810000002, 1183153.842], [2547407.821, 1183153.132], [2547415.281, 1183145.521], [2547415.901, 1183144.911], [2547416.111, 1183144.691], [2547423.8310000002, 1183136.881], [2547429.401, 1183142.341], [2547423.551, 1183148.381], [2547420.181, 1183151.751], [2547412.011, 1183160.002], [2547411.801, 1183160.212], [2547407.741, 1183164.302], [2547402.201, 1183158.872]]]}, "properties": {"OBJECTID": 52181297, "NUMERO": "2022", "EGRID": "CH668683456914", "NO_COM_FED": 5939, "GENRE_TXT": "parcelle priv\u00e9e", "SUPERFICIE_MO": 242, "SUPERFICIE_RF": 240}}, {"type": "Feature", "id": 52181549, "geometry": {"type": "Polygon", "coordinates": [[[2547902.012, 1183115.158], [2547873.073, 1183148.489], [2547852.783, 1183132.819], [2547854.813, 1183130.509], [2547858.353, 1183126.389], [2547880.622, 1183100.879], [2547886.912, 1183105.178], [2547902.012, 1183115.158]]]}, "properties": {"OBJECTID": 52181549, "NUMERO": "2013", "EGRID": "CH744583970194", "NO_COM_FED": 5939, "GENRE_TXT": "parcelle priv\u00e9e", "SUPERFICIE_MO": 1105, "SUPERFICIE_RF": 1102}}, {"type": "Feature", "id": 52181685, "geometry": {"type": "Polygon", "coordinates": [[[2546884.329, 1183580.002], [2546864.6890000002, 1183589.562], [2546863.559, 1183590.092], [2546862.139, 1183590.752], [2546854.009, 1183594.613], [2546846.179, 1183598.243], [2546843.399, 1183597.153], [2546835.269, 1183578.183], [2546844.039, 1183573.653], [2546853.199, 1183569.143], [2546854.679, 1183568.423], [2546856.709, 1183567.363], [2546863.309, 1183564.1030000001], [2546876.139, 1183555.862], [2546886.209, 1183573.2719999999], [2546884.329, 1183580.002]]]}, "properties": {"OBJECTID": 52181685, "NUMERO": "52", "EGRID": "CH909845788312", "NO_COM_FED": 5939, "GENRE_TXT": "parcelle priv\u00e9e", "SUPERFICIE_MO": 1119, "SUPERFICIE_RF": 1118}}, {"type": "Feature", "id": 52181962, "geometry": {"type": "Polygon", "coordinates": [[[2547057.296, 1183066.011], [2547022.906, 1183091.841], [2547018.916, 1183094.901], [2547014.606, 1183087.982], [2546993.127, 1183103.702], [2546981.947, 1183075.102], [2546980.377, 1183071.0320000001], [2547028.526, 1183032.481], [2547057.296, 1183066.011]]]}, "properties": {"OBJECTID": 52181962, "NUMERO": "164", "EGRID": "CH574597808353", "NO_COM_FED": 5939, "GENRE_TXT": "parcelle priv\u00e9e", "SUPERFICIE_MO": 2745, "SUPERFICIE_RF": 2751}}, {"type": "Feature", "id": 52182202, "geometry": {"type": "Polygon", "coordinates": [[[2546375.875, 1183623.053], [2546366.221, 1183594.449], [2546386.48, 1183587.612], [2546393.036, 1183606.494], [2546381.866, 1183617.184], [2546375.875, 1183623.053]]]}, "properties": {"OBJECTID": 52182202, "NUMERO": "229", "EGRID": "CH481783459709", "NO_COM_FED": 5939, "GENRE_TXT": "parcelle priv\u00e9e", "SUPERFICIE_MO": 538, "SUPERFICIE_RF": 538}}, {"type": "Feature", "id": 52182851, "geometry": {"type": "Polygon", "coordinates": [[[2546898.455, 1183324.173], [2546916.263, 1183305.227], [2546934.929, 1183322.771], [2546931.884, 1183324.826], [2546919.366, 1183338.304], [2546918.7451667706, 1183338.7512938406], [2546918.058058889, 1183339.0880258363], [2546917.3241760065, 1183339.3046397625], [2546916.5643452187, 1183339.3949882644], [2546915.8001300036, 1183339.356507313], [2546915.053218268, 1183339.1902889714], [2546914.344806856, 1183338.9010504028], [2546913.695, 1183338.497], [2546898.455, 1183324.173]]]}, "properties": {"OBJECTID": 52182851, "NUMERO": "2621", "EGRID": "CH909145248372", "NO_COM_FED": 5939, "GENRE_TXT": "parcelle priv\u00e9e", "SUPERFICIE_MO": 644, "SUPERFICIE_RF": 644}}, {"type": "Feature", "id": 52183815, "geometry": {"type": "Polygon", "coordinates": [[[2546727.101, 1183695.965], [2546731.191, 1183694.875], [2546736.721, 1183693.405], [2546752.371, 1183689.325], [2546757.541, 1183706.474], [2546742.941, 1183710.355], [2546728.3109999998, 1183714.225], [2546727.101, 1183695.965]]]}, "properties": {"OBJECTID": 52183815, "NUMERO": "20", "EGRID": "CH644583974881", "NO_COM_FED": 5939, "GENRE_TXT": "parcelle priv\u00e9e", "SUPERFICIE_MO": 506, "SUPERFICIE_RF": 505}}, {"type": "Feature", "id": 52183959, "geometry": {"type": "Polygon", "coordinates": [[[2545928.384, 1183220.149], [2545931.634, 1183217.849], [2545986.305, 1183302.347], [2546041.045, 1183386.725], [2546100.9560000002, 1183479.0219999999], [2546107.096, 1183485.512], [2546091.6859999998, 1183474.443], [2546092.586, 1183473.413], [2546037.805, 1183388.845], [2545983.035, 1183304.417], [2545928.384, 1183220.149]]]}, "properties": {"OBJECTID": 52183959, "NUMERO": "DP 1055", "EGRID": "CH609745668380", "NO_COM_FED": 5939, "GENRE_TXT": "DP communal", "SUPERFICIE_MO": 1220, "SUPERFICIE_RF": null}}, {"type": "Feature", "id": 52185086, "geometry": {"type": "Polygon", "coordinates": [[[2547147.775, 1183474.636], [2547165.365, 1183502.026], [2547177.745, 1183509.525], [2547162.245, 1183513.786], [2547157.605, 1183506.536], [2547156.755, 1183505.186], [2547146.635, 1183489.466], [2547144.485, 1183486.006], [2547116.625, 1183442.8969999999], [2547106.926, 1183427.487], [2547103.116, 1183421.628], [2547093.076, 1183409.038], [2547099.056, 1183400.028], [2547105.595, 1183410.208], [2547109.465, 1183415.047], [2547111.375, 1183417.997], [2547121.945, 1183434.597], [2547136.555, 1183457.237], [2547147.775, 1183474.636]]]}, "properties": {"OBJECTID": 52185086, "NUMERO": "DP 1012", "EGRID": "CH269783451009", "NO_COM_FED": 5939, "GENRE_TXT": "DP communal", "SUPERFICIE_MO": 1197, "SUPERFICIE_RF": null}}, {"type": "Feature", "id": 52185605, "geometry": {"type": "Polygon", "coordinates": [[[2547541.988, 1183110.038], [2547561.378, 1183129.257], [2547557.988, 1183130.408], [2547556.32169862, 1183131.217164133], [2547554.738, 1183132.178], [2547553.2699660696, 1183133.2680276958], [2547551.908, 1183134.488], [2547542.069, 1183144.168], [2547540.5189693696, 1183145.5140241617], [2547538.849, 1183146.708], [2547537.049645198, 1183147.7511836549], [2547535.159, 1183148.618], [2547533.247764661, 1183149.3480756248], [2547531.269, 1183149.868], [2547529.1249332335, 1183150.1820058867], [2547526.959, 1183150.248], [2547502.519, 1183150.559], [2547498.299, 1183150.139], [2547494.449, 1183147.859], [2547486.87, 1183140.389], [2547502.6689999998, 1183124.329], [2547514.519, 1183112.279], [2547516.819, 1183109.949], [2547512.569, 1183105.709], [2547524.928, 1183093.238], [2547541.988, 1183110.038]]]}, "properties": {"OBJECTID": 52185605, "NUMERO": "1946", "EGRID": "CH598397424584", "NO_COM_FED": 5939, "GENRE_TXT": "parcelle priv\u00e9e", "SUPERFICIE_MO": 2259, "SUPERFICIE_RF": 2247}}, {"type": "Feature", "id": 52185815, "geometry": {"type": "Polygon", "coordinates": [[[2547105.975, 1183308.368], [2547096.335, 1183312.088], [2547076.916, 1183319.459], [2547069.866, 1183300.709], [2547096.745, 1183285.838], [2547104.605, 1183306.698], [2547105.975, 1183308.368]]]}, "properties": {"OBJECTID": 52185815, "NUMERO": "108", "EGRID": "CH298397864554", "NO_COM_FED": 5939, "GENRE_TXT": "parcelle priv\u00e9e", "SUPERFICIE_MO": 676, "SUPERFICIE_RF": 678}}, {"type": "Feature", "id": 52186360, "geometry": {"type": "Polygon", "coordinates": [[[2547775.813, 1182975.861], [2547765.373, 1182969.391], [2547747.163, 1182953.342], [2547756.353, 1182942.572], [2547759.163, 1182943.061], [2547798.902, 1182949.08], [2547775.813, 1182975.861]]]}, "properties": {"OBJECTID": 52186360, "NUMERO": "1902", "EGRID": "CH169783453914", "NO_COM_FED": 5939, "GENRE_TXT": "parcelle priv\u00e9e", "SUPERFICIE_MO": 926, "SUPERFICIE_RF": 922}}, {"type": "Feature", "id": 52186524, "geometry": {"type": "Polygon", "coordinates": [[[2547055.996, 1182999.261], [2547074.275, 1182982.25], [2547095.355, 1183004.31], [2547115.045, 1183024.909], [2547134.105, 1183044.849], [2547138.134, 1183040.529], [2547148.444, 1183050.688], [2547169.584, 1183071.518], [2547152.164, 1183090.048], [2547150.184, 1183087.928], [2547121.035, 1183059.009], [2547118.535, 1183061.679], [2547055.996, 1182999.261]]]}, "properties": {"OBJECTID": 52186524, "NUMERO": "167", "EGRID": "CH644583978940", "NO_COM_FED": 5939, "GENRE_TXT": "parcelle priv\u00e9e", "SUPERFICIE_MO": 3206, "SUPERFICIE_RF": 3213}}, {"type": "Feature", "id": 52186804, "geometry": {"type": "Polygon", "coordinates": [[[2547378.629, 1182920.152], [2547389.4189999998, 1182930.0219999999], [2547397.009, 1182937.101], [2547381.479, 1182953.512], [2547373.67, 1182945.652], [2547335.58, 1182908.133], [2547351.089, 1182891.043], [2547357.949, 1182898.602], [2547359.289, 1182897.292], [2547365.339, 1182891.362], [2547365.519, 1182891.5320000001], [2547369.039, 1182887.892], [2547369.179, 1182888.0320000001], [2547370.779, 1182886.362], [2547377.139, 1182879.5219999999], [2547373.999, 1182877.172], [2547370.309, 1182871.082], [2547378.159, 1182862.912], [2547391.646, 1182875.967], [2547392.538, 1182876.831], [2547377.709, 1182895.052], [2547365.9189999998, 1182906.632], [2547365.019, 1182907.482], [2547367.949, 1182910.232], [2547373.429, 1182915.292], [2547378.629, 1182920.152]]]}, "properties": {"OBJECTID": 52186804, "NUMERO": "130", "EGRID": "CH656583864578", "NO_COM_FED": 5939, "GENRE_TXT": "parcelle priv\u00e9e", "SUPERFICIE_MO": 1986, "SUPERFICIE_RF": 1990}}, {"type": "Feature", "id": 52186844, "geometry": {"type": "Polygon", "coordinates": [[[2546815.867, 1182884.268], [2546817.787, 1182881.918], [2546870.366, 1182816.497], [2546889.6859999998, 1182826.377], [2546832.617, 1182892.758], [2546830.727, 1182895.008], [2546815.867, 1182884.268]]]}, "properties": {"OBJECTID": 52186844, "NUMERO": "1340", "EGRID": "CH574597648304", "NO_COM_FED": 5939, "GENRE_TXT": "parcelle priv\u00e9e", "SUPERFICIE_MO": 1748, "SUPERFICIE_RF": 1752}}, {"type": "Feature", "id": 52187268, "geometry": {"type": "Polygon", "coordinates": [[[2546806.219, 1183313.335], [2546767.78, 1183342.346], [2546765.88, 1183339.806], [2546785.38, 1183325.046], [2546764.65, 1183297.576], [2546783.6, 1183283.376], [2546790.499, 1183292.513], [2546806.219, 1183313.335]]]}, "properties": {"OBJECTID": 52187268, "NUMERO": "236", "EGRID": "CH838397454076", "NO_COM_FED": 5939, "GENRE_TXT": "parcelle priv\u00e9e", "SUPERFICIE_MO": 968, "SUPERFICIE_RF": 972}}, {"type": "Feature", "id": 52187411, "geometry": {"type": "Polygon", "coordinates": [[[2546630.302, 1183440.539], [2546620.882, 1183383.339], [2546618.842, 1183364.21], [2546606.742, 1183290.75], [2546610.602, 1183290.07], [2546623.872, 1183370.829], [2546636.372, 1183446.209], [2546647.982, 1183516.038], [2546643.042, 1183518.2280000001], [2546638.412, 1183489.838], [2546630.302, 1183440.539]]]}, "properties": {"OBJECTID": 52187411, "NUMERO": "DP 1216", "EGRID": "CH844583974021", "NO_COM_FED": 5939, "GENRE_TXT": "DP communal", "SUPERFICIE_MO": 1068, "SUPERFICIE_RF": null}}, {"type": "Feature", "id": 52187640, "geometry": {"type": "Polygon", "coordinates": [[[2546715.911, 1183664.876], [2546702.821, 1183668.376], [2546698.961, 1183647.836], [2546726.531, 1183641.315], [2546728.521, 1183649.715], [2546720.491, 1183653.935], [2546717.161, 1183659.926], [2546715.911, 1183664.876]]]}, "properties": {"OBJECTID": 52187640, "NUMERO": "51", "EGRID": "CH514512839720", "NO_COM_FED": 5939, "GENRE_TXT": "parcelle priv\u00e9e", "SUPERFICIE_MO": 461, "SUPERFICIE_RF": 459}}, {"type": "Feature", "id": 52188198, "geometry": {"type": "Polygon", "coordinates": [[[2546907.858, 1183516.852], [2546903.888, 1183514.432], [2546918.348, 1183497.212], [2546922.308, 1183492.672], [2546925.228, 1183495.071], [2546942.378, 1183517.481], [2546939.928, 1183521.871], [2546937.808, 1183525.741], [2546933.528, 1183533.321], [2546918.408, 1183523.581], [2546907.858, 1183516.852]]]}, "properties": {"OBJECTID": 52188198, "NUMERO": "61", "EGRID": "CH929878834561", "NO_COM_FED": 5939, "GENRE_TXT": "parcelle priv\u00e9e", "SUPERFICIE_MO": 777, "SUPERFICIE_RF": 779}}, {"type": "Feature", "id": 52188256, "geometry": {"type": "Polygon", "coordinates": [[[2548755.879, 1184406.671], [2548664.296, 1184508.489], [2548399.731, 1184400.346], [2547999.741, 1184200.3530000001], [2547599.75, 1184000.362], [2547165.795, 1183835.814], [2547144.466, 1183779.665], [2547252.784, 1183754.182], [2547286.924, 1183800.211], [2547379.422, 1183781.259], [2547398.402, 1183763.149], [2547611.879, 1183664.284], [2547752.457, 1183694.72], [2547739.337, 1183708.001], [2547739.737, 1183721.711], [2547743.147, 1183723.47], [2547765.687, 1183712.96], [2547772.497, 1183711.38], [2547806.396, 1183720.529], [2547815.406, 1183725.579], [2547831.306, 1183726.918], [2547844.536, 1183726.028], [2547865.216, 1183726.617], [2547880.245, 1183726.317], [2547892.575, 1183724.967], [2547904.225, 1183731.656], [2547909.545, 1183740.456], [2547913.845, 1183753.056], [2547917.695, 1183754.606], [2547955.874, 1183751.355], [2547960.154, 1183752.765], [2547968.954, 1183762.245], [2548002.604, 1183774.214], [2548017.904, 1183780.8530000001], [2548025.273, 1183780.3530000001], [2548044.583, 1183787.403], [2548050.523, 1183797.573], [2548061.153, 1183798.592], [2548073.623, 1183809.292], [2548102.492, 1183821.481], [2548132.632, 1183826.35], [2548137.302, 1183829.75], [2548148.132, 1183844.49], [2548167.022, 1183847.47], [2548178.362, 1183857.839], [2548185.701, 1183856.349], [2548197.3310000002, 1183858.659], [2548202.881, 1183864.039], [2548222.161, 1183872.268], [2548226.191, 1183884.318], [2548236.8109999998, 1183892.008], [2548245.731, 1183909.527], [2548246.901, 1183922.107], [2548253.491, 1183936.207], [2548306.39, 1183959.366], [2548309.72, 1183973.285], [2548315.89, 1183979.995], [2548319.92, 1183990.155], [2548326.87, 1183997.205], [2548334.7, 1184001.685], [2548352.979, 1184006.664], [2548373.249, 1184015.664], [2548380.948, 1184037.444], [2548400.738, 1184049.063], [2548415.307, 1184070.673], [2548410.567, 1184076.073], [2548412.847, 1184090.023], [2548420.136, 1184108.413], [2548422.9560000002, 1184111.053], [2548439.346, 1184118.433], [2548461.395, 1184136.3429999999], [2548471.125, 1184141.122], [2548479.305, 1184143.852], [2548485.334, 1184147.992], [2548503.004, 1184162.352], [2548504.634, 1184166.492], [2548507.674, 1184168.012], [2548527.973, 1184173.191], [2548533.433, 1184178.831], [2548545.862, 1184195.791], [2548554.812, 1184213.751], [2548574.691, 1184234.721], [2548581.111, 1184252.691], [2548599.61, 1184276.761], [2548621.029, 1184288.4], [2548644.899, 1184296.26], [2548656.999, 1184302.509], [2548658.588, 1184308.159], [2548679.558, 1184325.139], [2548683.028, 1184324.859], [2548700.977, 1184342.479], [2548703.497, 1184352.639], [2548711.166, 1184364.109], [2548718.146, 1184381.729], [2548730.615, 1184407.378], [2548749.925, 1184404.7280000001], [2548755.879, 1184406.671]]]}, "properties": {"OBJECTID": 52188256, "NUMERO": "DP 9049", "EGRID": "CH469783458461", "NO_COM_FED": 5939, "GENRE_TXT": "DP cantonal", "SUPERFICIE_MO": 469758, "SUPERFICIE_RF": null}}, {"type": "Feature", "id": 52188376, "geometry": {"type": "Polygon", "coordinates": [[[2546798.198, 1182991.388], [2546775.518, 1183007.7179999999], [2546754.208, 1182978.139], [2546767.458, 1182968.599], [2546772.148, 1182973.048], [2546784.888, 1182973.028], [2546798.198, 1182991.388]]]}, "properties": {"OBJECTID": 52188376, "NUMERO": "2194", "EGRID": "CH774598888349", "NO_COM_FED": 5939, "GENRE_TXT": "parcelle priv\u00e9e", "SUPERFICIE_MO": 909, "SUPERFICIE_RF": 908}}, {"type": "Feature", "id": 52188734, "geometry": {"type": "Polygon", "coordinates": [[[2547103.346, 1183554.747], [2547038.467, 1183572.058], [2547033.747, 1183562.778], [2547032.927, 1183561.238], [2547026.447, 1183545.049], [2547029.807, 1183536.719], [2547057.616, 1183503.118], [2547085.466, 1183534.317], [2547097.4359999998, 1183547.947], [2547100.746, 1183551.767], [2547103.346, 1183554.747]]]}, "properties": {"OBJECTID": 52188734, "NUMERO": "75", "EGRID": "CH909745008379", "NO_COM_FED": 5939, "GENRE_TXT": "parcelle priv\u00e9e", "SUPERFICIE_MO": 2819, "SUPERFICIE_RF": 2816}}, {"type": "Feature", "id": 52188792, "geometry": {"type": "Polygon", "coordinates": [[[2547875.072, 1183061.549], [2547873.172, 1183061.009], [2547864.192, 1183055.129], [2547860.132, 1183051.769], [2547864.712, 1183046.559], [2547868.602, 1183042.179], [2547885.221, 1183022.988], [2547900.971, 1183031.538], [2547892.461, 1183041.428], [2547882.032, 1183053.678], [2547875.072, 1183061.549]]]}, "properties": {"OBJECTID": 52188792, "NUMERO": "2085", "EGRID": "CH838397456551", "NO_COM_FED": 5939, "GENRE_TXT": "parcelle priv\u00e9e", "SUPERFICIE_MO": 694, "SUPERFICIE_RF": 691}}, {"type": "Feature", "id": 52189097, "geometry": {"type": "Polygon", "coordinates": [[[2546919.347, 1182980.344], [2546920.027, 1182973.524], [2546923.887, 1182970.524], [2546922.837, 1182973.304], [2546928.277, 1182979.504], [2546928.597, 1182985.204], [2546936.817, 1183000.424], [2546932.907, 1182995.464], [2546919.347, 1182980.344]]]}, "properties": {"OBJECTID": 52189097, "NUMERO": "2156", "EGRID": "CH874597388377", "NO_COM_FED": 5939, "GENRE_TXT": "parcelle priv\u00e9e", "SUPERFICIE_MO": 115, "SUPERFICIE_RF": 114}}, {"type": "Feature", "id": 52189183, "geometry": {"type": "Polygon", "coordinates": [[[2546674.347, 1182795.503], [2546688.657, 1182804.992], [2546686.227, 1182807.222], [2546655.648, 1182835.263], [2546645.518, 1182830.113], [2546664.197, 1182812.913], [2546660.127, 1182808.473], [2546674.347, 1182795.503]]]}, "properties": {"OBJECTID": 52189183, "NUMERO": "1719", "EGRID": "CH898397634516", "NO_COM_FED": 5939, "GENRE_TXT": "parcelle priv\u00e9e", "SUPERFICIE_MO": 605, "SUPERFICIE_RF": 603}}, {"type": "Feature", "id": 52189326, "geometry": {"type": "Polygon", "coordinates": [[[2546906.608, 1183565.121], [2546884.329, 1183580.002], [2546886.209, 1183573.2719999999], [2546876.139, 1183555.862], [2546869.269, 1183545.373], [2546888.479, 1183536.832], [2546894.519, 1183546.332], [2546902.929, 1183559.5219999999], [2546906.608, 1183565.121]]]}, "properties": {"OBJECTID": 52189326, "NUMERO": "58", "EGRID": "CH238397453096", "NO_COM_FED": 5939, "GENRE_TXT": "parcelle priv\u00e9e", "SUPERFICIE_MO": 755, "SUPERFICIE_RF": 758}}, {"type": "Feature", "id": 52190096, "geometry": {"type": "Polygon", "coordinates": [[[2547297.383, 1183356.713], [2547323.932, 1183342.863], [2547320.472, 1183336.133], [2547306.183, 1183308.773], [2547321.002, 1183302.153], [2547332.532, 1183359.202], [2547336.052, 1183366.042], [2547346.522, 1183386.262], [2547322.972, 1183395.002], [2547315.973, 1183392.283], [2547309.463, 1183379.833], [2547297.383, 1183356.713]]]}, "properties": {"OBJECTID": 52190096, "NUMERO": "1674", "EGRID": "CH998397544509", "NO_COM_FED": 5939, "GENRE_TXT": "parcelle priv\u00e9e", "SUPERFICIE_MO": 1858, "SUPERFICIE_RF": 1860}}, {"type": "Feature", "id": 52190828, "geometry": {"type": "Polygon", "coordinates": [[[2547491.967, 1182858.539], [2547512.406, 1182875.308], [2547498.047, 1182891.609], [2547495.127, 1182894.929], [2547475.317, 1182877.769], [2547491.967, 1182858.539]]]}, "properties": {"OBJECTID": 52190828, "NUMERO": "2423", "EGRID": "CH256383864574", "NO_COM_FED": 5939, "GENRE_TXT": "parcelle priv\u00e9e", "SUPERFICIE_MO": 679, "SUPERFICIE_RF": 679}}, {"type": "Feature", "id": 52191214, "geometry": {"type": "Polygon", "coordinates": [[[2546659.532, 1183514.028], [2546661.952, 1183529.358], [2546656.372, 1183530.7280000001], [2546654.312, 1183531.268], [2546649.592, 1183533.278], [2546612.702, 1183542.989], [2546585.163, 1183549.649], [2546555.593, 1183556.92], [2546540.923, 1183557.94], [2546536.923, 1183547.421], [2546537.773, 1183547.33], [2546544.123, 1183545.95], [2546548.793, 1183545.18], [2546578.363, 1183537.86], [2546609.082, 1183530.439], [2546640.622, 1183522.628], [2546643.042, 1183518.2280000001], [2546647.982, 1183516.038], [2546659.532, 1183514.028]]]}, "properties": {"OBJECTID": 52191214, "NUMERO": "DP 1035", "EGRID": "CH368683456226", "NO_COM_FED": 5939, "GENRE_TXT": "DP communal", "SUPERFICIE_MO": 1672, "SUPERFICIE_RF": null}}, {"type": "Feature", "id": 52191314, "geometry": {"type": "Polygon", "coordinates": [[[2546763.05, 1183589.655], [2546761.65, 1183586.455], [2546754.071, 1183589.725], [2546746.881, 1183569.675], [2546774.23, 1183557.555], [2546783.28, 1183580.954], [2546763.05, 1183589.655]]]}, "properties": {"OBJECTID": 52191314, "NUMERO": "2190", "EGRID": "CH769783454892", "NO_COM_FED": 5939, "GENRE_TXT": "parcelle priv\u00e9e", "SUPERFICIE_MO": 723, "SUPERFICIE_RF": 720}}, {"type": "Feature", "id": 52191870, "geometry": {"type": "Polygon", "coordinates": [[[2546965.037, 1183304.442], [2546987.187, 1183324.781], [2546999.767, 1183311.021], [2547009.767, 1183320.15], [2547010.507, 1183320.83], [2546996.937, 1183331.881], [2546999.317, 1183334.791], [2547005.637, 1183342.53], [2546974.347, 1183352.301], [2546955.247, 1183315.102], [2546965.037, 1183304.442]]]}, "properties": {"OBJECTID": 52191870, "NUMERO": "190", "EGRID": "CH198397824503", "NO_COM_FED": 5939, "GENRE_TXT": "parcelle priv\u00e9e", "SUPERFICIE_MO": 1346, "SUPERFICIE_RF": 1346}}, {"type": "Feature", "id": 52192262, "geometry": {"type": "Polygon", "coordinates": [[[2547419.951, 1183176.301], [2547407.741, 1183164.302], [2547411.801, 1183160.212], [2547412.011, 1183160.002], [2547420.181, 1183151.751], [2547423.551, 1183148.381], [2547429.401, 1183142.341], [2547441.56, 1183154.501], [2547429.0810000002, 1183167.131], [2547419.951, 1183176.301]]]}, "properties": {"OBJECTID": 52192262, "NUMERO": "1943", "EGRID": "CH874597068376", "NO_COM_FED": 5939, "GENRE_TXT": "parcelle priv\u00e9e", "SUPERFICIE_MO": 527, "SUPERFICIE_RF": 525}}, {"type": "Feature", "id": 52192473, "geometry": {"type": "Polygon", "coordinates": [[[2546726.156, 1182676.042], [2546763.996, 1182637.542], [2546828.856, 1182699.209], [2546788.556, 1182739.19], [2546716.107, 1182811.561], [2546714.685, 1182813.062], [2546689.607, 1182796.1030000001], [2546646.672, 1182768.499], [2546639.879, 1182764.132], [2546682.037, 1182720.963], [2546724.056, 1182678.313], [2546726.156, 1182676.042]]]}, "properties": {"OBJECTID": 52192473, "NUMERO": "1344", "EGRID": "CH287283459747", "NO_COM_FED": 5939, "GENRE_TXT": "parcelle priv\u00e9e", "SUPERFICIE_MO": 14957, "SUPERFICIE_RF": 14998}}, {"type": "Feature", "id": 52192511, "geometry": {"type": "Polygon", "coordinates": [[[2546727.101, 1183695.965], [2546726.111, 1183681.405], [2546725.8109999998, 1183676.425], [2546755.381, 1183668.315], [2546759.661, 1183683.214], [2546751.201, 1183685.625], [2546752.281, 1183689.075], [2546752.371, 1183689.325], [2546736.721, 1183693.405], [2546731.191, 1183694.875], [2546727.101, 1183695.965]]]}, "properties": {"OBJECTID": 52192511, "NUMERO": "21", "EGRID": "CH244583973041", "NO_COM_FED": 5939, "GENRE_TXT": "parcelle priv\u00e9e", "SUPERFICIE_MO": 600, "SUPERFICIE_RF": 598}}, {"type": "Feature", "id": 52192908, "geometry": {"type": "Polygon", "coordinates": [[[2547499.517, 1182925.279], [2547482.817, 1182908.889], [2547495.127, 1182894.929], [2547498.047, 1182891.609], [2547515.587, 1182908.268], [2547499.517, 1182925.279]]]}, "properties": {"OBJECTID": 52192908, "NUMERO": "2408", "EGRID": "CH768683456482", "NO_COM_FED": 5939, "GENRE_TXT": "parcelle priv\u00e9e", "SUPERFICIE_MO": 552, "SUPERFICIE_RF": 553}}, {"type": "Feature", "id": 52193046, "geometry": {"type": "Polygon", "coordinates": [[[2547694.245, 1183044.234], [2547723.054, 1183010.983], [2547732.0640000002, 1183018.902], [2547732.704, 1183018.062], [2547746.554, 1183030.162], [2547718.825, 1183061.453], [2547694.245, 1183044.234]]]}, "properties": {"OBJECTID": 52193046, "NUMERO": "2160", "EGRID": "CH269783455264", "NO_COM_FED": 5939, "GENRE_TXT": "parcelle priv\u00e9e", "SUPERFICIE_MO": 1293, "SUPERFICIE_RF": 1295}}, {"type": "Feature", "id": 52193118, "geometry": {"type": "Polygon", "coordinates": [[[2547418.758, 1182861.191], [2547411.858, 1182869.561], [2547402.873, 1182880.574], [2547394.694, 1182872.7719999999], [2547391.646, 1182875.967], [2547378.159, 1182862.912], [2547395.018, 1182845.261], [2547402.078, 1182845.171], [2547418.758, 1182861.191]]]}, "properties": {"OBJECTID": 52193118, "NUMERO": "2542", "EGRID": "CH252483994521", "NO_COM_FED": 5939, "GENRE_TXT": "parcelle priv\u00e9e", "SUPERFICIE_MO": 798, "SUPERFICIE_RF": 800}}, {"type": "Feature", "id": 52193125, "geometry": {"type": "Polygon", "coordinates": [[[2546909.968, 1183569.511], [2546930.798, 1183545.731], [2546955.128, 1183599.56], [2546906.519, 1183612.771], [2546911.938, 1183580.991], [2546909.018, 1183577.431], [2546909.968, 1183569.511]]]}, "properties": {"OBJECTID": 52193125, "NUMERO": "38", "EGRID": "CH350883974537", "NO_COM_FED": 5939, "GENRE_TXT": "parcelle priv\u00e9e", "SUPERFICIE_MO": 1829, "SUPERFICIE_RF": 1825}}, {"type": "Feature", "id": 52193583, "geometry": {"type": "Polygon", "coordinates": [[[2547596.213, 1182677.515], [2547607.563, 1182687.215], [2547675.902, 1182745.763], [2547744.272, 1182804.512], [2547808.391, 1182859.54], [2547808.751, 1182866.7], [2547754.483, 1182928.752], [2547748.753, 1182933.0320000001], [2547691.434, 1182923.563], [2547665.124, 1182916.414], [2547642.104, 1182904.595], [2547615.885, 1182887.425], [2547616.915, 1182885.685], [2547640.384, 1182861.265], [2547623.154, 1182844.875], [2547602.244, 1182824.975], [2547581.264, 1182805.006], [2547584.594, 1182802.346], [2547616.494, 1182775.975], [2547594.014, 1182755.216], [2547568.334, 1182731.586], [2547562.384, 1182725.996], [2547562.424, 1182722.586], [2547569.104, 1182706.196], [2547583.193, 1182687.066], [2547592.313, 1182677.155], [2547596.213, 1182677.515]]]}, "properties": {"OBJECTID": 52193583, "NUMERO": "1389", "EGRID": "CH268683456359", "NO_COM_FED": 5939, "GENRE_TXT": "parcelle priv\u00e9e", "SUPERFICIE_MO": 29705, "SUPERFICIE_RF": 29733}}, {"type": "Feature", "id": 52194146, "geometry": {"type": "Polygon", "coordinates": [[[2547353.179, 1182816.302], [2547386.088, 1182841.321], [2547373.929, 1182854.072], [2547349.509, 1182836.042], [2547343.569, 1182831.753], [2547342.1890000002, 1182830.763], [2547353.179, 1182816.302]]]}, "properties": {"OBJECTID": 52194146, "NUMERO": "155", "EGRID": "CH128666834586", "NO_COM_FED": 5939, "GENRE_TXT": "parcelle priv\u00e9e", "SUPERFICIE_MO": 718, "SUPERFICIE_RF": 719}}, {"type": "Feature", "id": 52194173, "geometry": {"type": "Polygon", "coordinates": [[[2547225.264, 1183431.555], [2547205.734, 1183438.855], [2547198.214, 1183436.505], [2547184.934, 1183417.656], [2547208.664, 1183405.745], [2547225.264, 1183431.555]]]}, "properties": {"OBJECTID": 52194173, "NUMERO": "1726", "EGRID": "CH985483459704", "NO_COM_FED": 5939, "GENRE_TXT": "parcelle priv\u00e9e", "SUPERFICIE_MO": 743, "SUPERFICIE_RF": 742}}, {"type": "Feature", "id": 52195059, "geometry": {"type": "Polygon", "coordinates": [[[2547397.441, 1183367.131], [2547377.192, 1183374.721], [2547371.612, 1183372.561], [2547357.892, 1183345.942], [2547365.362, 1183341.982], [2547380.462, 1183334.121], [2547397.441, 1183367.131]]]}, "properties": {"OBJECTID": 52195059, "NUMERO": "1683", "EGRID": "CH209845828344", "NO_COM_FED": 5939, "GENRE_TXT": "parcelle priv\u00e9e", "SUPERFICIE_MO": 897, "SUPERFICIE_RF": 898}}, {"type": "Feature", "id": 52195500, "geometry": {"type": "Polygon", "coordinates": [[[2547450.13, 1183145.961], [2547454.32, 1183141.64], [2547464.51, 1183152.05], [2547465.24, 1183152.74], [2547472.4, 1183159.66], [2547473.11, 1183160.28], [2547479.26, 1183166.31], [2547475.04, 1183170.77], [2547468.2, 1183163.98], [2547467.6, 1183163.29], [2547460.48, 1183156.16], [2547459.75, 1183155.49], [2547450.13, 1183145.961]]]}, "properties": {"OBJECTID": 52195500, "NUMERO": "2031", "EGRID": "CH914504839753", "NO_COM_FED": 5939, "GENRE_TXT": "parcelle priv\u00e9e", "SUPERFICIE_MO": 209, "SUPERFICIE_RF": 209}}, {"type": "Feature", "id": 52195847, "geometry": {"type": "Polygon", "coordinates": [[[2547090.644, 1182866.47], [2547077.964, 1182850.27], [2547112.593, 1182823.209], [2547117.993, 1182824.449], [2547122.283, 1182841.749], [2547120.093, 1182843.489], [2547090.644, 1182866.47]]]}, "properties": {"OBJECTID": 52195847, "NUMERO": "177", "EGRID": "CH209745308333", "NO_COM_FED": 5939, "GENRE_TXT": "parcelle priv\u00e9e", "SUPERFICIE_MO": 910, "SUPERFICIE_RF": 910}}, {"type": "Feature", "id": 52196158, "geometry": {"type": "Polygon", "coordinates": [[[2547551.448, 1183079.888], [2547551.378, 1183076.658], [2547549.678, 1183075.038], [2547549.728, 1183074.188], [2547548.878, 1183074.2280000001], [2547543.418, 1183068.768], [2547543.398, 1183067.928], [2547542.448, 1183067.838], [2547539.488, 1183064.828], [2547539.378, 1183063.378], [2547537.718, 1183061.608], [2547537.748, 1183060.628], [2547536.688, 1183060.558], [2547534.968, 1183058.888], [2547534.968, 1183057.908], [2547534.908, 1183056.088], [2547536.678, 1183054.2179999999], [2547536.518, 1183052.808], [2547539.718, 1183049.688], [2547540.768, 1183049.778], [2547543.328, 1183047.258], [2547550.948, 1183054.767], [2547551.048, 1183056.837], [2547562.097, 1183067.677], [2547562.057, 1183069.887], [2547561.398, 1183070.417], [2547566.767, 1183075.877], [2547557.688, 1183085.017], [2547555.298, 1183082.887], [2547554.248, 1183082.817], [2547551.448, 1183079.888]]]}, "properties": {"OBJECTID": 52196158, "NUMERO": "2129", "EGRID": "CH780783459879", "NO_COM_FED": 5939, "GENRE_TXT": "DDP superficie", "SUPERFICIE_MO": 516, "SUPERFICIE_RF": 515}}, {"type": "Feature", "id": 52196511, "geometry": {"type": "Polygon", "coordinates": [[[2547091.9359999998, 1183408.818], [2547093.076, 1183409.038], [2547103.116, 1183421.628], [2547106.926, 1183427.487], [2547105.676, 1183430.587], [2547091.9359999998, 1183408.818]]]}, "properties": {"OBJECTID": 52196511, "NUMERO": "81", "EGRID": "CH644583972903", "NO_COM_FED": 5939, "GENRE_TXT": "parcelle priv\u00e9e", "SUPERFICIE_MO": 49, "SUPERFICIE_RF": 47}}, {"type": "Feature", "id": 52197033, "geometry": {"type": "Polygon", "coordinates": [[[2546995.836, 1182994.972], [2547024.806, 1183028.262], [2547028.526, 1183032.481], [2546980.377, 1183071.0320000001], [2546978.587, 1183066.693], [2546974.877, 1183057.833], [2546971.197, 1183049.333], [2546965.197, 1183039.563], [2546963.937, 1183037.453], [2546957.537, 1183027.133], [2546995.836, 1182994.972]]]}, "properties": {"OBJECTID": 52197033, "NUMERO": "165", "EGRID": "CH809745208353", "NO_COM_FED": 5939, "GENRE_TXT": "parcelle priv\u00e9e", "SUPERFICIE_MO": 2693, "SUPERFICIE_RF": 2693}}, {"type": "Feature", "id": 52197638, "geometry": {"type": "Polygon", "coordinates": [[[2547207.784, 1183571.874], [2547215.254, 1183592.444], [2547158.795, 1183617.865], [2547155.985, 1183619.155], [2547149.385, 1183586.606], [2547207.784, 1183571.874]]]}, "properties": {"OBJECTID": 52197638, "NUMERO": "68", "EGRID": "CH238398458235", "NO_COM_FED": 5939, "GENRE_TXT": "parcelle priv\u00e9e", "SUPERFICIE_MO": 1708, "SUPERFICIE_RF": 1711}}, {"type": "Feature", "id": 52197782, "geometry": {"type": "Polygon", "coordinates": [[[2547358.801, 1183116.1030000001], [2547357.211, 1183112.733], [2547358.721, 1183109.0929999999], [2547367.481, 1183100.323], [2547375.541, 1183108.422], [2547378.961, 1183111.762], [2547387.021, 1183119.952], [2547387.231, 1183120.162], [2547388.951, 1183121.822], [2547376.851, 1183133.933], [2547358.801, 1183116.1030000001]]]}, "properties": {"OBJECTID": 52197782, "NUMERO": "1945", "EGRID": "CH229766834546", "NO_COM_FED": 5939, "GENRE_TXT": "parcelle priv\u00e9e", "SUPERFICIE_MO": 516, "SUPERFICIE_RF": 518}}, {"type": "Feature", "id": 52199621, "geometry": {"type": "Polygon", "coordinates": [[[2546609.082, 1183530.439], [2546601.433, 1183498.959], [2546638.412, 1183489.838], [2546643.042, 1183518.2280000001], [2546640.622, 1183522.628], [2546609.082, 1183530.439]]]}, "properties": {"OBJECTID": 52199621, "NUMERO": "1760", "EGRID": "CH429741834509", "NO_COM_FED": 5939, "GENRE_TXT": "parcelle priv\u00e9e", "SUPERFICIE_MO": 1187, "SUPERFICIE_RF": 1196}}, {"type": "Feature", "id": 52199704, "geometry": {"type": "Polygon", "coordinates": [[[2547628.185, 1182905.265], [2547637.945, 1182911.615], [2547650.5640000002, 1182918.244], [2547609.336, 1182965.926], [2547592.246, 1182946.566], [2547628.185, 1182905.265]]]}, "properties": {"OBJECTID": 52199704, "NUMERO": "2172", "EGRID": "CH329787834517", "NO_COM_FED": 5939, "GENRE_TXT": "parcelle priv\u00e9e", "SUPERFICIE_MO": 1494, "SUPERFICIE_RF": 1502}}, {"type": "Feature", "id": 52200435, "geometry": {"type": "Polygon", "coordinates": [[[2547128.263, 1182865.639], [2547132.493, 1182882.419], [2547133.203, 1182885.059], [2547142.974, 1182904.994], [2547137.071, 1182910.108], [2547124.502, 1182920.998], [2547125.5640000002, 1182922.429], [2547126.484, 1182923.669], [2547124.904, 1182926.869], [2547122.118, 1182929.402], [2547119.184, 1182932.069], [2547119.984, 1182933.159], [2547117.82, 1182934.983], [2547096.724, 1182913.44], [2547102.514, 1182908.11], [2547099.164, 1182888.46], [2547128.263, 1182865.639]]]}, "properties": {"OBJECTID": 52200435, "NUMERO": "176", "EGRID": "CH529909834515", "NO_COM_FED": 5939, "GENRE_TXT": "parcelle priv\u00e9e", "SUPERFICIE_MO": 1732, "SUPERFICIE_RF": 1733}}, {"type": "Feature", "id": 52200928, "geometry": {"type": "Polygon", "coordinates": [[[2547441.56, 1183154.501], [2547445.75, 1183150.221], [2547455.54, 1183159.73], [2547456.21, 1183160.39], [2547463.38, 1183167.48], [2547463.94, 1183168.14], [2547470.82, 1183174.85], [2547469.043317579, 1183176.625717995], [2547467.07, 1183178.18], [2547465.0892402385, 1183179.3808716394], [2547462.99, 1183180.36], [2547459.74, 1183172.48], [2547459.17, 1183171.83], [2547451.83, 1183164.701], [2547451.23, 1183164.061], [2547441.56, 1183154.501]]]}, "properties": {"OBJECTID": 52200928, "NUMERO": "2033", "EGRID": "CH809745068395", "NO_COM_FED": 5939, "GENRE_TXT": "parcelle priv\u00e9e", "SUPERFICIE_MO": 228, "SUPERFICIE_RF": 226}}, {"type": "Feature", "id": 52200992, "geometry": {"type": "Polygon", "coordinates": [[[2547730.624, 1183012.952], [2547763.103, 1182975.371], [2547781.253, 1182990.971], [2547747.624, 1183028.982], [2547733.984, 1183016.952], [2547734.574, 1183016.182], [2547730.624, 1183012.952]]]}, "properties": {"OBJECTID": 52200992, "NUMERO": "2158", "EGRID": "CH309745878322", "NO_COM_FED": 5939, "GENRE_TXT": "parcelle priv\u00e9e", "SUPERFICIE_MO": 1192, "SUPERFICIE_RF": 1197}}, {"type": "Feature", "id": 52201136, "geometry": {"type": "Polygon", "coordinates": [[[2546704.0810000002, 1183415.997], [2546705.5713205663, 1183416.7896201606], [2546707.173725574, 1183417.3202804097], [2546708.8425572743, 1183417.573860505], [2546710.530265205, 1183417.5431351215], [2546712.1887610583, 1183417.228979726], [2546713.7707888745, 1183416.6403456312], [2546715.231271517, 1183415.7940049435], [2546716.5285950685, 1183414.7140726715], [2546717.625794546, 1183413.431319611], [2546718.4916071557, 1183411.982295583], [2546719.1013630703, 1183410.4082880123], [2546719.4376883535, 1183408.7541455114], [2546719.491, 1183407.067], [2546728.481, 1183424.237], [2546734.191, 1183435.136], [2546708.901, 1183452.377], [2546698.601, 1183426.687], [2546704.0810000002, 1183415.997]]]}, "properties": {"OBJECTID": 52201136, "NUMERO": "2506", "EGRID": "CH428664834502", "NO_COM_FED": 5939, "GENRE_TXT": "parcelle priv\u00e9e", "SUPERFICIE_MO": 840, "SUPERFICIE_RF": 839}}, {"type": "Feature", "id": 52202575, "geometry": {"type": "Polygon", "coordinates": [[[2546991.806, 1182917.473], [2547023.816, 1182958.422], [2546994.116, 1182983.613], [2546989.516, 1182987.613], [2546973.547, 1182969.303], [2546936.817, 1183000.424], [2546928.597, 1182985.204], [2546928.277, 1182979.504], [2546922.837, 1182973.304], [2546923.887, 1182970.524], [2546991.806, 1182917.473]]]}, "properties": {"OBJECTID": 52202575, "NUMERO": "174", "EGRID": "CH783083459741", "NO_COM_FED": 5939, "GENRE_TXT": "parcelle priv\u00e9e", "SUPERFICIE_MO": 3799, "SUPERFICIE_RF": 3805}}, {"type": "Feature", "id": 52202739, "geometry": {"type": "Polygon", "coordinates": [[[2547585.678, 1183168.477], [2547624.747, 1183159.536], [2547653.017, 1183154.775], [2547675.117, 1183197.794], [2547672.837, 1183198.875], [2547677.547, 1183207.774], [2547618.308, 1183238.196], [2547614.758, 1183231.216], [2547594.618, 1183192.937], [2547585.678, 1183168.477]]]}, "properties": {"OBJECTID": 52202739, "NUMERO": "2076", "EGRID": "CH274597198347", "NO_COM_FED": 5939, "GENRE_TXT": "parcelle priv\u00e9e", "SUPERFICIE_MO": 4678, "SUPERFICIE_RF": 4693}}, {"type": "Feature", "id": 52203121, "geometry": {"type": "Polygon", "coordinates": [[[2547204.212, 1182939.417], [2547212.062, 1182953.787], [2547184.273, 1182974.467], [2547172.173, 1182945.318], [2547195.712, 1182923.527], [2547204.212, 1182939.417]]]}, "properties": {"OBJECTID": 52203121, "NUMERO": "145", "EGRID": "CH658983974576", "NO_COM_FED": 5939, "GENRE_TXT": "parcelle priv\u00e9e", "SUPERFICIE_MO": 1063, "SUPERFICIE_RF": 1062}}, {"type": "Feature", "id": 52203388, "geometry": {"type": "Polygon", "coordinates": [[[2547489.516, 1182805.239], [2547462.306, 1182781.629], [2547477.276, 1182764.369], [2547494.626, 1182773.578], [2547517.745, 1182793.558], [2547495.646, 1182800.938], [2547489.516, 1182805.239]]]}, "properties": {"OBJECTID": 52203388, "NUMERO": "2184", "EGRID": "CH874586658395", "NO_COM_FED": 5939, "GENRE_TXT": "parcelle priv\u00e9e", "SUPERFICIE_MO": 1102, "SUPERFICIE_RF": 1102}}, {"type": "Feature", "id": 52204362, "geometry": {"type": "Polygon", "coordinates": [[[2546831.099, 1183346.255], [2546792.64, 1183375.255], [2546778.83, 1183356.996], [2546767.78, 1183342.346], [2546806.219, 1183313.335], [2546817.279, 1183327.875], [2546823.009, 1183335.585], [2546831.099, 1183346.255]]]}, "properties": {"OBJECTID": 52204362, "NUMERO": "224", "EGRID": "CH498397414524", "NO_COM_FED": 5939, "GENRE_TXT": "parcelle priv\u00e9e", "SUPERFICIE_MO": 1988, "SUPERFICIE_RF": 1990}}, {"type": "Feature", "id": 52204953, "geometry": {"type": "Polygon", "coordinates": [[[2546978.147, 1183373.171], [2546975.117, 1183356.281], [2546947.678, 1183365.7719999999], [2546946.918, 1183358.702], [2546950.078, 1183360.722], [2546974.347, 1183352.301], [2547005.637, 1183342.53], [2547015.149, 1183354.148], [2546978.147, 1183373.171]]]}, "properties": {"OBJECTID": 52204953, "NUMERO": "2687", "EGRID": "CH981183450890", "NO_COM_FED": 5939, "GENRE_TXT": "parcelle priv\u00e9e", "SUPERFICIE_MO": 770, "SUPERFICIE_RF": 772}}, {"type": "Feature", "id": 52206892, "geometry": {"type": "Polygon", "coordinates": [[[2547202.264, 1183368.785], [2547198.254, 1183361.016], [2547196.0640000002, 1183356.816], [2547187.214, 1183362.116], [2547183.604, 1183364.306], [2547176.424, 1183354.026], [2547170.685, 1183355.816], [2547165.845, 1183350.636], [2547189.074, 1183331.176], [2547190.804, 1183333.976], [2547193.174, 1183337.856], [2547195.874, 1183341.736], [2547200.474, 1183344.906], [2547205.224, 1183347.335], [2547210.104, 1183348.475], [2547215.854, 1183349.925], [2547219.824, 1183348.935], [2547222.984, 1183346.875], [2547226.594, 1183344.495], [2547229.854, 1183350.975], [2547202.264, 1183368.785]]]}, "properties": {"OBJECTID": 52206892, "NUMERO": "88", "EGRID": "CH344583988051", "NO_COM_FED": 5939, "GENRE_TXT": "parcelle priv\u00e9e", "SUPERFICIE_MO": 991, "SUPERFICIE_RF": 992}}, {"type": "Feature", "id": 52207115, "geometry": {"type": "Polygon", "coordinates": [[[2546729.241, 1183380.107], [2546750.58, 1183407.536], [2546728.481, 1183424.237], [2546719.491, 1183407.067], [2546715.781, 1183399.017], [2546716.891, 1183392.307], [2546721.671, 1183385.847], [2546729.241, 1183380.107]]]}, "properties": {"OBJECTID": 52207115, "NUMERO": "2417", "EGRID": "CH686383458668", "NO_COM_FED": 5939, "GENRE_TXT": "parcelle priv\u00e9e", "SUPERFICIE_MO": 821, "SUPERFICIE_RF": 820}}, {"type": "Feature", "id": 52207629, "geometry": {"type": "Polygon", "coordinates": [[[2546374.675, 1183505.515], [2546377.805, 1183507.915], [2546380.165, 1183505.715], [2546382.765, 1183509.015], [2546386.635, 1183513.484], [2546391.685, 1183511.144], [2546395.745, 1183518.154], [2546391.985, 1183519.204], [2546391.695, 1183519.274], [2546393.805, 1183528.224], [2546390.265, 1183531.774], [2546387.565, 1183533.884], [2546378.595, 1183526.865], [2546359.815, 1183549.495], [2546356.485, 1183550.065], [2546361.895, 1183535.825], [2546365.375, 1183526.335], [2546365.895, 1183525.175], [2546368.425, 1183519.805], [2546367.965, 1183519.615], [2546372.215, 1183509.905], [2546374.675, 1183505.515]]]}, "properties": {"OBJECTID": 52207629, "NUMERO": "259", "EGRID": "CH544583866633", "NO_COM_FED": 5939, "GENRE_TXT": "parcelle priv\u00e9e", "SUPERFICIE_MO": 671, "SUPERFICIE_RF": 673}}, {"type": "Feature", "id": 52207856, "geometry": {"type": "Polygon", "coordinates": [[[2547531.7060000002, 1182891.2179999999], [2547515.587, 1182908.268], [2547498.047, 1182891.609], [2547512.406, 1182875.308], [2547531.7060000002, 1182891.2179999999]]]}, "properties": {"OBJECTID": 52207856, "NUMERO": "2409", "EGRID": "CH687683459893", "NO_COM_FED": 5939, "GENRE_TXT": "parcelle priv\u00e9e", "SUPERFICIE_MO": 555, "SUPERFICIE_RF": 556}}, {"type": "Feature", "id": 52208249, "geometry": {"type": "Polygon", "coordinates": [[[2547390.902, 1183392.781], [2547404.941, 1183387.49], [2547420.291, 1183411.43], [2547444.591, 1183449.239], [2547413.221, 1183455.49], [2547412.741, 1183454.69], [2547388.322, 1183416.091], [2547376.952, 1183398.021], [2547380.202, 1183396.801], [2547390.902, 1183392.781]]]}, "properties": {"OBJECTID": 52208249, "NUMERO": "85", "EGRID": "CH444583970793", "NO_COM_FED": 5939, "GENRE_TXT": "parcelle priv\u00e9e", "SUPERFICIE_MO": 2087, "SUPERFICIE_RF": 2086}}, {"type": "Feature", "id": 52208492, "geometry": {"type": "Polygon", "coordinates": [[[2547418.251, 1183131.411], [2547411.571, 1183138.212], [2547408.261, 1183141.502], [2547400.091, 1183149.7820000001], [2547399.881, 1183149.992], [2547396.661, 1183153.402], [2547384.381, 1183141.342], [2547405.941, 1183119.482], [2547418.251, 1183131.411]]]}, "properties": {"OBJECTID": 52208492, "NUMERO": "2024", "EGRID": "CH738386456092", "NO_COM_FED": 5939, "GENRE_TXT": "parcelle priv\u00e9e", "SUPERFICIE_MO": 527, "SUPERFICIE_RF": 527}}, {"type": "Feature", "id": 52208767, "geometry": {"type": "Polygon", "coordinates": [[[2546438.184, 1183462.614], [2546443.034, 1183477.793], [2546433.484, 1183481.673], [2546409.285, 1183491.494], [2546409.195, 1183491.104], [2546406.335, 1183481.264], [2546404.105, 1183473.524], [2546438.184, 1183462.614]]]}, "properties": {"OBJECTID": 52208767, "NUMERO": "267", "EGRID": "CH344583987655", "NO_COM_FED": 5939, "GENRE_TXT": "parcelle priv\u00e9e", "SUPERFICIE_MO": 624, "SUPERFICIE_RF": 625}}, {"type": "Feature", "id": 52209540, "geometry": {"type": "Polygon", "coordinates": [[[2547397.062, 1183511.69], [2547391.902, 1183498.92], [2547391.372, 1183496.49], [2547436.241, 1183484.049], [2547489.39, 1183469.518], [2547508.57, 1183462.4780000001], [2547510.81, 1183465.887], [2547397.062, 1183511.69]]]}, "properties": {"OBJECTID": 52209540, "NUMERO": "73", "EGRID": "CH609745538322", "NO_COM_FED": 5939, "GENRE_TXT": "parcelle priv\u00e9e", "SUPERFICIE_MO": 1154, "SUPERFICIE_RF": 1154}}, {"type": "Feature", "id": 52209562, "geometry": {"type": "Polygon", "coordinates": [[[2547069.126, 1183334.039], [2547073.756, 1183345.229], [2547060.256, 1183350.899], [2547053.766, 1183349.179], [2547050.836, 1183346.169], [2547050.366, 1183341.959], [2547054.406, 1183340.259], [2547055.266, 1183339.889], [2547065.816, 1183335.429], [2547069.126, 1183334.039]]]}, "properties": {"OBJECTID": 52209562, "NUMERO": "201", "EGRID": "CH638397458601", "NO_COM_FED": 5939, "GENRE_TXT": "parcelle priv\u00e9e", "SUPERFICIE_MO": 238, "SUPERFICIE_RF": 239}}, {"type": "Feature", "id": 52209667, "geometry": {"type": "Polygon", "coordinates": [[[2547430.269, 1183027.511], [2547488.368, 1182969.369], [2547516.217, 1182941.658], [2547532.977, 1182924.768], [2547546.036, 1182911.607], [2547545.976, 1182904.417], [2547555.866, 1182914.477], [2547548.916, 1182914.437], [2547503.267, 1182960.159], [2547496.378, 1182967.069], [2547493.558, 1182969.879], [2547491.228, 1182972.179], [2547485.618, 1182977.799], [2547436.259, 1183027.241], [2547404.91, 1183058.602], [2547354.571, 1183108.973], [2547354.592, 1183116.023], [2547345.432, 1183104.113], [2547353.711, 1183104.073], [2547393.08, 1183064.762], [2547430.269, 1183027.511]]]}, "properties": {"OBJECTID": 52209667, "NUMERO": "DP 1026", "EGRID": "CH814564838643", "NO_COM_FED": 5939, "GENRE_TXT": "DP communal", "SUPERFICIE_MO": 1196, "SUPERFICIE_RF": null}}, {"type": "Feature", "id": 52209735, "geometry": {"type": "Polygon", "coordinates": [[[2547758.703, 1182934.451], [2547757.603, 1182931.331], [2547811.751, 1182869.39], [2547818.891, 1182868.8], [2547871.231, 1182913.4780000001], [2547915.65, 1182951.587], [2547917.45, 1182955.517], [2547915.73, 1182959.277], [2547907.66, 1182958.237], [2547827.432, 1182945.72], [2547758.703, 1182934.451]]]}, "properties": {"OBJECTID": 52209735, "NUMERO": "1478", "EGRID": "CH744583978906", "NO_COM_FED": 5939, "GENRE_TXT": "parcelle priv\u00e9e", "SUPERFICIE_MO": 6658, "SUPERFICIE_RF": 6650}}, {"type": "Feature", "id": 52210413, "geometry": {"type": "Polygon", "coordinates": [[[2546995.836, 1182994.972], [2546957.537, 1183027.133], [2546951.077, 1183017.873], [2546936.817, 1183000.424], [2546973.547, 1182969.303], [2546989.516, 1182987.613], [2546993.876, 1182992.6030000001], [2546995.836, 1182994.972]]]}, "properties": {"OBJECTID": 52210413, "NUMERO": "173", "EGRID": "CH574597898326", "NO_COM_FED": 5939, "GENRE_TXT": "parcelle priv\u00e9e", "SUPERFICIE_MO": 1654, "SUPERFICIE_RF": 1653}}, {"type": "Feature", "id": 52210938, "geometry": {"type": "Polygon", "coordinates": [[[2547425.707, 1182821.3], [2547426.187, 1182821.74], [2547421.727, 1182826.27], [2547421.567, 1182826.42], [2547423.847, 1182828.93], [2547419.748, 1182833.691], [2547410.618, 1182847.751], [2547404.868, 1182842.201], [2547404.728, 1182835.121], [2547415.188, 1182824.171], [2547417.698, 1182822.771], [2547425.707, 1182821.3]]]}, "properties": {"OBJECTID": 52210938, "NUMERO": "139", "EGRID": "CH698398764536", "NO_COM_FED": 5939, "GENRE_TXT": "parcelle priv\u00e9e", "SUPERFICIE_MO": 257, "SUPERFICIE_RF": 257}}, {"type": "Feature", "id": 52211043, "geometry": {"type": "Polygon", "coordinates": [[[2546293.846, 1183566.483], [2546332.12, 1183567.872], [2546336.533, 1183580.623], [2546337.384, 1183582.437], [2546338.841, 1183585.081], [2546359.078, 1183644.332], [2546359.777222732, 1183647.6971516954], [2546359.933742979, 1183651.1306134725], [2546359.5435965466, 1183654.5454259305], [2546358.6166646867, 1183657.8551020008], [2546357.176423834, 1183660.9758174072], [2546355.259351016, 1183663.8285336872], [2546352.914, 1183666.341], [2546334.672, 1183683.545], [2546293.846, 1183566.483]]]}, "properties": {"OBJECTID": 52211043, "NUMERO": "327", "EGRID": "CH938397453646", "NO_COM_FED": 5939, "GENRE_TXT": "parcelle priv\u00e9e", "SUPERFICIE_MO": 3892, "SUPERFICIE_RF": 3869}}, {"type": "Feature", "id": 52212022, "geometry": {"type": "Polygon", "coordinates": [[[2547353.179, 1182816.302], [2547342.1890000002, 1182830.763], [2547338.579, 1182828.003], [2547316.729, 1182811.833], [2547330.479, 1182799.0929999999], [2547344.6890000002, 1182809.873], [2547353.179, 1182816.302]]]}, "properties": {"OBJECTID": 52212022, "NUMERO": "2001", "EGRID": "CH209845768362", "NO_COM_FED": 5939, "GENRE_TXT": "parcelle priv\u00e9e", "SUPERFICIE_MO": 550, "SUPERFICIE_RF": 552}}, {"type": "Feature", "id": 52212838, "geometry": {"type": "Polygon", "coordinates": [[[2546831.099, 1183346.255], [2546843.819, 1183363.004], [2546805.35, 1183392.045], [2546792.64, 1183375.255], [2546831.099, 1183346.255]]]}, "properties": {"OBJECTID": 52212838, "NUMERO": "2153", "EGRID": "CH338397454250", "NO_COM_FED": 5939, "GENRE_TXT": "parcelle priv\u00e9e", "SUPERFICIE_MO": 1014, "SUPERFICIE_RF": 1015}}, {"type": "Feature", "id": 52212912, "geometry": {"type": "Polygon", "coordinates": [[[2546261.476, 1183538.648], [2546259.026, 1183532.808], [2546258.926, 1183532.608], [2546260.336, 1183531.988], [2546270.286, 1183528.057], [2546269.576, 1183525.808], [2546272.9560000002, 1183524.727], [2546274.636, 1183523.737], [2546285.565, 1183517.747], [2546291.775, 1183514.677], [2546295.685, 1183521.887], [2546291.126, 1183524.197], [2546276.266, 1183531.107], [2546269.9560000002, 1183535.187], [2546265.306, 1183536.998], [2546264.406, 1183537.338], [2546261.476, 1183538.648]]]}, "properties": {"OBJECTID": 52212912, "NUMERO": "237", "EGRID": "CH869783458719", "NO_COM_FED": 5939, "GENRE_TXT": "parcelle priv\u00e9e", "SUPERFICIE_MO": 278, "SUPERFICIE_RF": 276}}, {"type": "Feature", "id": 52213140, "geometry": {"type": "Polygon", "coordinates": [[[2545323.72, 1183515.183], [2545322.86, 1183514.883], [2545327.41, 1183505.033], [2545329.82, 1183504.723], [2545333.26, 1183509.673], [2545347.36, 1183519.842], [2545372.63, 1183532.692], [2545377.04, 1183534.421], [2545403.77, 1183545.231], [2545422.64, 1183552.78], [2545466.04, 1183563.419], [2545488.85, 1183575.428], [2545558.72, 1183636.476], [2545571.83, 1183642.905], [2545591.86, 1183647.765], [2545607.55, 1183650.064], [2545620, 1183652.134], [2545624.51, 1183652.504], [2545647.97, 1183655.8530000001], [2545728.079, 1183653.001], [2545681.37, 1183663.382], [2545647.75, 1183664.063], [2545637.9, 1183663.323], [2545618.11, 1183661.624], [2545589.51, 1183656.215], [2545569.07, 1183650.745], [2545553.88, 1183644.406], [2545483.62, 1183582.558], [2545462.75, 1183572.109], [2545419.74, 1183561.14], [2545369.67, 1183540.082], [2545342.84, 1183526.962], [2545327.98, 1183515.863], [2545323.72, 1183515.183]]]}, "properties": {"OBJECTID": 52213140, "NUMERO": "DP 1059", "EGRID": "CH329786834526", "NO_COM_FED": 5939, "GENRE_TXT": "DP cantonal", "SUPERFICIE_MO": 3694, "SUPERFICIE_RF": null}}, {"type": "Feature", "id": 52213193, "geometry": {"type": "Polygon", "coordinates": [[[2546783.0810000002, 1183244.921], [2546788.06, 1183239.624], [2546815.748, 1183265.648], [2546810.768, 1183270.946], [2546783.0810000002, 1183244.921]]]}, "properties": {"OBJECTID": 52213193, "NUMERO": "2651", "EGRID": "CH114576839567", "NO_COM_FED": 5939, "GENRE_TXT": "parcelle priv\u00e9e", "SUPERFICIE_MO": 276, "SUPERFICIE_RF": 276}}, {"type": "Feature", "id": 52213601, "geometry": {"type": "Polygon", "coordinates": [[[2546105.21, 1182830.858], [2546052.491, 1182850.459], [2545985.261, 1182875.97], [2545977.941, 1182873.561], [2545923.521, 1182790.723], [2545869.97, 1182708.555], [2545871.49, 1182701.905], [2545935.66, 1182672.434], [2545986.04, 1182649.323], [2546045.53, 1182739.78], [2546105.21, 1182830.858]]]}, "properties": {"OBJECTID": 52213601, "NUMERO": "648", "EGRID": "CH489883459753", "NO_COM_FED": 5939, "GENRE_TXT": "parcelle priv\u00e9e", "SUPERFICIE_MO": 27536, "SUPERFICIE_RF": 27498}}, {"type": "Feature", "id": 52213669, "geometry": {"type": "Polygon", "coordinates": [[[2546636.361, 1183264.54], [2546672.281, 1183272.239], [2546660.301, 1183328.849], [2546647.822, 1183331.349], [2546636.361, 1183264.54]]]}, "properties": {"OBJECTID": 52213669, "NUMERO": "206", "EGRID": "CH609745408361", "NO_COM_FED": 5939, "GENRE_TXT": "parcelle priv\u00e9e", "SUPERFICIE_MO": 1494, "SUPERFICIE_RF": 1496}}, {"type": "Feature", "id": 52213806, "geometry": {"type": "Polygon", "coordinates": [[[2547039.786, 1183147.811], [2547036.566, 1183142.751], [2547026.299, 1183149.634], [2547017.53, 1183137.098], [2547001.417, 1183141.963], [2546999.537, 1183128.682], [2546997.877, 1183120.962], [2547011.454, 1183115.223], [2547027.042, 1183103.911], [2547042.296, 1183125.621], [2547051.346, 1183138.49], [2547041.9560000002, 1183145.991], [2547039.786, 1183147.811]]]}, "properties": {"OBJECTID": 52213806, "NUMERO": "2693", "EGRID": "CH581783450864", "NO_COM_FED": 5939, "GENRE_TXT": "parcelle priv\u00e9e", "SUPERFICIE_MO": 1333, "SUPERFICIE_RF": 1331}}, {"type": "Feature", "id": 52214119, "geometry": {"type": "Polygon", "coordinates": [[[2546955.509, 1183045.97], [2546948.267, 1183034.763], [2546941.907, 1183024.884], [2546943.787, 1183022.764], [2546940.527, 1183018.664], [2546935.137, 1183012.214], [2546925.917, 1183001.494], [2546917.387, 1182990.364], [2546919.347, 1182980.344], [2546932.907, 1182995.464], [2546936.817, 1183000.424], [2546951.077, 1183017.873], [2546957.537, 1183027.133], [2546963.937, 1183037.453], [2546965.197, 1183039.563], [2546971.197, 1183049.333], [2546974.877, 1183057.833], [2546978.587, 1183066.693], [2546980.377, 1183071.0320000001], [2546981.947, 1183075.102], [2546993.127, 1183103.702], [2546995.087, 1183108.852], [2546997.877, 1183120.962], [2546999.537, 1183128.682], [2547001.417, 1183141.963], [2547002.607, 1183150.371], [2547006.986, 1183160.991], [2547009.826, 1183168.131], [2547018.776, 1183187.911], [2547023.506, 1183197.551], [2547024.856, 1183196.911], [2547032.096, 1183212.14], [2547037.096, 1183212.95], [2547035.916, 1183214.19], [2547025.226, 1183226.021], [2547020.666, 1183213.911], [2547013.096, 1183196.231], [2547011.776, 1183193.161], [2547002.607, 1183171.741], [2546994.627, 1183153.372], [2546992.237, 1183139.012], [2546990.437, 1183128.862], [2546988.457, 1183118.242], [2546987.617, 1183114.712], [2546986.807, 1183112.112], [2546983.387, 1183101.572], [2546979.527, 1183091.332], [2546975.547, 1183081.193], [2546971.427, 1183071.1030000001], [2546970.173, 1183068.27], [2546965.737, 1183058.253], [2546962.527, 1183051.903], [2546959.537, 1183052.203], [2546955.509, 1183045.97]]]}, "properties": {"OBJECTID": 52214119, "NUMERO": "DP 1030", "EGRID": "CH854083974570", "NO_COM_FED": 5939, "GENRE_TXT": "DP communal", "SUPERFICIE_MO": 2431, "SUPERFICIE_RF": null}}, {"type": "Feature", "id": 52214283, "geometry": {"type": "Polygon", "coordinates": [[[2546110.382, 1183083.035], [2546113.882, 1183081.095], [2546160.393, 1183152.233], [2546206.983, 1183223.382], [2546253.533, 1183294.4], [2546299.994, 1183365.538], [2546308.614, 1183381.988], [2546304.934, 1183383.578], [2546296.734, 1183367.668], [2546250.014, 1183296.57], [2546203.543, 1183225.562], [2546156.943, 1183154.433], [2546110.382, 1183083.035]]]}, "properties": {"OBJECTID": 52214283, "NUMERO": "DP 1056", "EGRID": "CH229883834560", "NO_COM_FED": 5939, "GENRE_TXT": "DP communal", "SUPERFICIE_MO": 1452, "SUPERFICIE_RF": null}}, {"type": "Feature", "id": 52214704, "geometry": {"type": "Polygon", "coordinates": [[[2547468.32, 1183269.31], [2547468.57, 1183269.87], [2547471.14, 1183275.299], [2547475.49, 1183284.619], [2547446.901, 1183295.33], [2547440.341, 1183297.79], [2547425.531, 1183266.241], [2547460.83, 1183253.49], [2547464.51, 1183261.38], [2547468.32, 1183269.31]]]}, "properties": {"OBJECTID": 52214704, "NUMERO": "2186", "EGRID": "CH829727834596", "NO_COM_FED": 5939, "GENRE_TXT": "parcelle priv\u00e9e", "SUPERFICIE_MO": 1295, "SUPERFICIE_RF": 1293}}, {"type": "Feature", "id": 52215031, "geometry": {"type": "Polygon", "coordinates": [[[2547266.593, 1183064.115], [2547289.576, 1183086.831], [2547274.035, 1183102.623], [2547251.053, 1183079.996], [2547253.883, 1183077.106], [2547266.593, 1183064.115]]]}, "properties": {"OBJECTID": 52215031, "NUMERO": "116", "EGRID": "CH774597978331", "NO_COM_FED": 5939, "GENRE_TXT": "parcelle priv\u00e9e", "SUPERFICIE_MO": 716, "SUPERFICIE_RF": 717}}, {"type": "Feature", "id": 52215448, "geometry": {"type": "Polygon", "coordinates": [[[2546655.648, 1182835.263], [2546686.227, 1182807.222], [2546688.657, 1182804.992], [2546712.757, 1182820.981], [2546710.347, 1182823.121], [2546699.577, 1182832.712], [2546686.238, 1182844.592], [2546681.728, 1182848.662], [2546655.648, 1182835.263]]]}, "properties": {"OBJECTID": 52215448, "NUMERO": "631", "EGRID": "CH229788834542", "NO_COM_FED": 5939, "GENRE_TXT": "parcelle priv\u00e9e", "SUPERFICIE_MO": 1197, "SUPERFICIE_RF": 1198}}, {"type": "Feature", "id": 52215952, "geometry": {"type": "Polygon", "coordinates": [[[2546892.199, 1183736.031], [2546885.889, 1183704.331], [2546897.179, 1183699.271], [2546900.409, 1183697.741], [2546916.359, 1183690.691], [2546928.818, 1183717.93], [2546925.638, 1183719.5], [2546899.9189999998, 1183732.131], [2546892.199, 1183736.031]]]}, "properties": {"OBJECTID": 52215952, "NUMERO": "1698", "EGRID": "CH638397454839", "NO_COM_FED": 5939, "GENRE_TXT": "parcelle priv\u00e9e", "SUPERFICIE_MO": 1137, "SUPERFICIE_RF": 1137}}, {"type": "Feature", "id": 52216177, "geometry": {"type": "Polygon", "coordinates": [[[2546698.361, 1183517.747], [2546715.071, 1183513.756], [2546715.163, 1183513.736], [2546716.4992280034, 1183513.5462040931], [2546717.8488477874, 1183513.553566266], [2546719.182925658, 1183513.757928685], [2546720.4728611144, 1183514.154910146], [2546721.691, 1183514.736], [2546722.451, 1183515.216], [2546723.592609891, 1183516.169263264], [2546724.565892918, 1183517.2938539202], [2546725.345466534, 1183518.5604434242], [2546725.911, 1183519.936], [2546729.391, 1183531.116], [2546729.722569773, 1183532.4547208087], [2546729.8281183504, 1183533.8298467721], [2546729.7047374393, 1183535.2034875802], [2546729.355826686, 1183536.5377938433], [2546728.791, 1183537.796], [2546728.0180503125, 1183538.9401147696], [2546727.0662516276, 1183539.940379279], [2546725.9619044657, 1183540.7691537784], [2546724.735524634, 1183541.4035372064], [2546723.421, 1183541.826], [2546705.761, 1183546.026], [2546703.751, 1183538.247], [2546702.201, 1183532.287], [2546698.361, 1183517.747]]]}, "properties": {"OBJECTID": 52216177, "NUMERO": "46", "EGRID": "CH444583866469", "NO_COM_FED": 5939, "GENRE_TXT": "parcelle priv\u00e9e", "SUPERFICIE_MO": 738, "SUPERFICIE_RF": 734}}, {"type": "Feature", "id": 52216208, "geometry": {"type": "Polygon", "coordinates": [[[2547430.269, 1183027.511], [2547393.08, 1183064.762], [2547353.711, 1183104.073], [2547345.432, 1183104.113], [2547311.372, 1183070.504], [2547335.671, 1183044.403], [2547359.95, 1183018.293], [2547378.41, 1182999.702], [2547390.31, 1182987.722], [2547430.269, 1183027.511]]]}, "properties": {"OBJECTID": 52216208, "NUMERO": "122", "EGRID": "CH883783459712", "NO_COM_FED": 5939, "GENRE_TXT": "parcelle priv\u00e9e", "SUPERFICIE_MO": 6322, "SUPERFICIE_RF": 6318}}, {"type": "Feature", "id": 52216319, "geometry": {"type": "Polygon", "coordinates": [[[2546442.405, 1183556.053], [2546441.375, 1183556.243], [2546433.705, 1183556.583], [2546417.135, 1183557.363], [2546405.675, 1183558.054], [2546396.995, 1183543.454], [2546394.935, 1183537.704], [2546393.805, 1183528.224], [2546391.695, 1183519.274], [2546391.985, 1183519.204], [2546395.745, 1183518.154], [2546397.535, 1183517.574], [2546413.055, 1183513.064], [2546413.925, 1183516.204], [2546415.105, 1183520.834], [2546415.315, 1183520.764], [2546418.955, 1183519.654], [2546423.405, 1183518.303], [2546426.525, 1183524.473], [2546429.695, 1183531.153], [2546442.025, 1183555.173], [2546442.405, 1183556.053]]]}, "properties": {"OBJECTID": 52216319, "NUMERO": "263", "EGRID": "CH508645668323", "NO_COM_FED": 5939, "GENRE_TXT": "parcelle priv\u00e9e", "SUPERFICIE_MO": 1457, "SUPERFICIE_RF": 1455}}, {"type": "Feature", "id": 52218161, "geometry": {"type": "Polygon", "coordinates": [[[2545624.51, 1183652.504], [2545620, 1183652.134], [2545607.55, 1183650.064], [2545591.86, 1183647.765], [2545571.83, 1183642.905], [2545558.72, 1183636.476], [2545488.85, 1183575.428], [2545466.04, 1183563.419], [2545422.64, 1183552.78], [2545403.77, 1183545.231], [2545404.98, 1183542.961], [2545419.749, 1183516.3], [2545421.519, 1183517.26], [2545428.059, 1183505.34], [2545463.129, 1183442.8], [2545505.568, 1183366.679], [2545551.347, 1183284.719], [2545558.377, 1183281.989], [2545578.117, 1183288.988], [2545597.257, 1183297.617], [2545615.537, 1183308.207], [2545650.097, 1183332.016], [2545678.517, 1183354.085], [2545698.047, 1183363.504], [2545715.107, 1183366.044], [2545753.636, 1183365.193], [2545775.566, 1183368.052], [2545778.036, 1183373.262], [2545737.207, 1183446.5219999999], [2545688.298, 1183533.873], [2545639.649, 1183621.384], [2545641.379, 1183622.324], [2545625.65, 1183650.464], [2545624.51, 1183652.504]]]}, "properties": {"OBJECTID": 52218161, "NUMERO": "341", "EGRID": "CH214586839738", "NO_COM_FED": 5939, "GENRE_TXT": "parcelle priv\u00e9e", "SUPERFICIE_MO": 73623, "SUPERFICIE_RF": 73659}}, {"type": "Feature", "id": 52218303, "geometry": {"type": "Polygon", "coordinates": [[[2546399.214, 1183456.825], [2546399.684, 1183458.325], [2546401.484, 1183464.404], [2546404.105, 1183473.524], [2546406.335, 1183481.264], [2546409.195, 1183491.104], [2546409.285, 1183491.494], [2546405.925, 1183492.944], [2546391.845, 1183498.994], [2546391.755, 1183504.454], [2546384.185, 1183508.265], [2546382.765, 1183509.015], [2546380.165, 1183505.715], [2546377.805, 1183507.915], [2546374.675, 1183505.515], [2546367.635, 1183501.385], [2546356.935, 1183498.625], [2546363.115, 1183494.245], [2546364.165, 1183489.515], [2546357.505, 1183480.156], [2546361.055, 1183477.845], [2546383.925, 1183464.215], [2546387.934, 1183461.955], [2546395.054, 1183458.445], [2546399.214, 1183456.825]]]}, "properties": {"OBJECTID": 52218303, "NUMERO": "260", "EGRID": "CH614566838693", "NO_COM_FED": 5939, "GENRE_TXT": "parcelle priv\u00e9e", "SUPERFICIE_MO": 1594, "SUPERFICIE_RF": 1597}}, {"type": "Feature", "id": 52218387, "geometry": {"type": "Polygon", "coordinates": [[[2546771.43, 1183663.824], [2546792.75, 1183737.413], [2546769.8310000002, 1183747.494], [2546767.751, 1183740.564], [2546766.161, 1183735.264], [2546764.181, 1183728.694], [2546762.281, 1183722.404], [2546757.541, 1183706.474], [2546752.371, 1183689.325], [2546752.281, 1183689.075], [2546751.201, 1183685.625], [2546759.661, 1183683.214], [2546755.381, 1183668.315], [2546771.43, 1183663.824]]]}, "properties": {"OBJECTID": 52218387, "NUMERO": "22", "EGRID": "CH784383459778", "NO_COM_FED": 5939, "GENRE_TXT": "parcelle priv\u00e9e", "SUPERFICIE_MO": 1839, "SUPERFICIE_RF": 1839}}, {"type": "Feature", "id": 52218999, "geometry": {"type": "Polygon", "coordinates": [[[2547185.244, 1183446.205], [2547146.915, 1183460.666], [2547136.555, 1183457.237], [2547121.945, 1183434.597], [2547128.135, 1183434.517], [2547146.985, 1183422.336], [2547160.755, 1183412.706], [2547168.695, 1183407.186], [2547169.265, 1183406.846], [2547187.784, 1183432.985], [2547189.3140000002, 1183440.135], [2547185.244, 1183446.205]]]}, "properties": {"OBJECTID": 52218999, "NUMERO": "84", "EGRID": "CH974597548392", "NO_COM_FED": 5939, "GENRE_TXT": "parcelle priv\u00e9e", "SUPERFICIE_MO": 2007, "SUPERFICIE_RF": 2012}}, {"type": "Feature", "id": 52219092, "geometry": {"type": "Polygon", "coordinates": [[[2547295.612, 1183129.975], [2547274.143, 1183108.925], [2547305.402, 1183077.114], [2547309.552, 1183077.214], [2547328.762, 1183096.164], [2547295.612, 1183129.975]]]}, "properties": {"OBJECTID": 52219092, "NUMERO": "120", "EGRID": "CH669783458688", "NO_COM_FED": 5939, "GENRE_TXT": "parcelle priv\u00e9e", "SUPERFICIE_MO": 1420, "SUPERFICIE_RF": 1414}}, {"type": "Feature", "id": 52219139, "geometry": {"type": "Polygon", "coordinates": [[[2546953.138, 1183399.281], [2546952.898, 1183397.651], [2546951.228, 1183387.171], [2546950.358, 1183382.011], [2546949.358, 1183375.862], [2546947.678, 1183365.7719999999], [2546975.117, 1183356.281], [2546978.147, 1183373.171], [2546963.307, 1183378.901], [2546969.827, 1183388.981], [2546970.627, 1183390.331], [2546953.138, 1183399.281]]]}, "properties": {"OBJECTID": 52219139, "NUMERO": "193", "EGRID": "CH844583972239", "NO_COM_FED": 5939, "GENRE_TXT": "parcelle priv\u00e9e", "SUPERFICIE_MO": 746, "SUPERFICIE_RF": 747}}, {"type": "Feature", "id": 52219159, "geometry": {"type": "Polygon", "coordinates": [[[2547178.682, 1182879.437], [2547169.182, 1182888.188], [2547154.543, 1182901.768], [2547151.163, 1182904.958], [2547142.793, 1182888.878], [2547141.693, 1182886.068], [2547166.692, 1182866.588], [2547178.682, 1182879.437]]]}, "properties": {"OBJECTID": 52219159, "NUMERO": "151", "EGRID": "CH698397094552", "NO_COM_FED": 5939, "GENRE_TXT": "parcelle priv\u00e9e", "SUPERFICIE_MO": 660, "SUPERFICIE_RF": 661}}, {"type": "Feature", "id": 52219999, "geometry": {"type": "Polygon", "coordinates": [[[2545779.126, 1183362.642], [2545753.806, 1183359.733], [2545715.547, 1183360.484], [2545699.887, 1183357.814], [2545681.787, 1183349.105], [2545653.767, 1183327.086], [2545618.696, 1183303.027], [2545599.966, 1183292.1570000001], [2545580.526, 1183283.088], [2545562.816, 1183276.578], [2545562.396, 1183269.869], [2545636.145, 1183200.967], [2545673.815, 1183165.576], [2545680.185, 1183161.836], [2545687.635, 1183161.676], [2545755.875, 1183176.884], [2545833.754, 1183194.092], [2545914.3140000002, 1183211.9], [2545916.634, 1183219.559], [2545855.075, 1183286.501], [2545787.446, 1183360.0219999999], [2545779.126, 1183362.642]]]}, "properties": {"OBJECTID": 52219999, "NUMERO": "346", "EGRID": "CH209845798353", "NO_COM_FED": 5939, "GENRE_TXT": "parcelle priv\u00e9e", "SUPERFICIE_MO": 42783, "SUPERFICIE_RF": 42761}}, {"type": "Feature", "id": 52220608, "geometry": {"type": "Polygon", "coordinates": [[[2547428.839, 1183038.951], [2547433.809, 1183033.901], [2547438.6890000002, 1183038.831], [2547443.069, 1183034.52], [2547438.109, 1183029.691], [2547456.429, 1183011.45], [2547476.779, 1183031.449], [2547486.699, 1183041.079], [2547482.969, 1183044.769], [2547493.059, 1183054.659], [2547474.889, 1183072.95], [2547457.129, 1183055.52], [2547451.319, 1183061.19], [2547443.949, 1183054.01], [2547428.839, 1183038.951]]]}, "properties": {"OBJECTID": 52220608, "NUMERO": "1953", "EGRID": "CH269783458828", "NO_COM_FED": 5939, "GENRE_TXT": "parcelle priv\u00e9e", "SUPERFICIE_MO": 1892, "SUPERFICIE_RF": 1898}}, {"type": "Feature", "id": 52221081, "geometry": {"type": "Polygon", "coordinates": [[[2545974.011, 1182874.771], [2545981.761, 1182886.65], [2545974.321, 1182884.281], [2545906.922, 1182909.612], [2545839.222, 1182935.084], [2545771.673, 1182960.465], [2545769.673, 1182968.505], [2545760.323, 1182954.106], [2545769.063, 1182957.015], [2545837.862, 1182931.314], [2545905.562, 1182905.882], [2545971.961, 1182880.891], [2545974.011, 1182874.771]]]}, "properties": {"OBJECTID": 52221081, "NUMERO": "DP 1108", "EGRID": "CH969783451260", "NO_COM_FED": 5939, "GENRE_TXT": "DP communal", "SUPERFICIE_MO": 979, "SUPERFICIE_RF": null}}, {"type": "Feature", "id": 52221730, "geometry": {"type": "Polygon", "coordinates": [[[2547472.187, 1182881.379], [2547475.317, 1182877.769], [2547495.127, 1182894.929], [2547482.817, 1182908.889], [2547477.567, 1182915.029], [2547468.72, 1182906.506], [2547458.748, 1182896.9], [2547472.187, 1182881.379]]]}, "properties": {"OBJECTID": 52221730, "NUMERO": "2407", "EGRID": "CH756483864571", "NO_COM_FED": 5939, "GENRE_TXT": "parcelle priv\u00e9e", "SUPERFICIE_MO": 679, "SUPERFICIE_RF": 680}}, {"type": "Feature", "id": 52223081, "geometry": {"type": "Polygon", "coordinates": [[[2547906.918, 1182765.287], [2547913.688, 1182764.287], [2547974.908, 1182811.405], [2548038.147, 1182859.964], [2548101.547, 1182908.592], [2548100.767, 1182915.702], [2548083.217, 1182921.262], [2548055.178, 1182932.393], [2548031.068, 1182941.584], [2547998.089, 1182955.405], [2547978.649, 1182960.565], [2547963.1689999998, 1182962.736], [2547954.865, 1182962.55], [2547938.68, 1182962.187], [2547929.7, 1182958.207], [2547873.79, 1182910.358], [2547822.091, 1182865.91], [2547822.0609999998, 1182859.369], [2547866.86, 1182821.738], [2547906.918, 1182765.287]]]}, "properties": {"OBJECTID": 52223081, "NUMERO": "1439", "EGRID": "CH356483974577", "NO_COM_FED": 5939, "GENRE_TXT": "parcelle priv\u00e9e", "SUPERFICIE_MO": 28805, "SUPERFICIE_RF": 28813}}, {"type": "Feature", "id": 52223181, "geometry": {"type": "Polygon", "coordinates": [[[2547756.464, 1183079.922], [2547793.253, 1183038.561], [2547796.863, 1183041.771], [2547788.653, 1183059.831], [2547782.104, 1183067.371], [2547781.914, 1183067.671], [2547776.0640000002, 1183074.491], [2547774.8140000002, 1183076.031], [2547773.134, 1183077.981], [2547768.364, 1183083.542], [2547756.464, 1183079.922]]]}, "properties": {"OBJECTID": 52223181, "NUMERO": "2006", "EGRID": "CH638397458896", "NO_COM_FED": 5939, "GENRE_TXT": "parcelle priv\u00e9e", "SUPERFICIE_MO": 519, "SUPERFICIE_RF": 516}}, {"type": "Feature", "id": 52223498, "geometry": {"type": "Polygon", "coordinates": [[[2547446.861, 1183452.809], [2547439.341, 1183454.419], [2547415.661, 1183459.19], [2547413.221, 1183455.49], [2547444.591, 1183449.239], [2547446.861, 1183452.809]]]}, "properties": {"OBJECTID": 52223498, "NUMERO": "1868", "EGRID": "CH338397450884", "NO_COM_FED": 5939, "GENRE_TXT": "parcelle priv\u00e9e", "SUPERFICIE_MO": 130, "SUPERFICIE_RF": 130}}, {"type": "Feature", "id": 52225017, "geometry": {"type": "Polygon", "coordinates": [[[2547339.942, 1183430.7820000001], [2547311.503, 1183437.5219999999], [2547296.493, 1183413.833], [2547322.973, 1183403.972], [2547339.942, 1183430.7820000001]]]}, "properties": {"OBJECTID": 52225017, "NUMERO": "1893", "EGRID": "CH374597108340", "NO_COM_FED": 5939, "GENRE_TXT": "parcelle priv\u00e9e", "SUPERFICIE_MO": 826, "SUPERFICIE_RF": 826}}, {"type": "Feature", "id": 52225924, "geometry": {"type": "Polygon", "coordinates": [[[2546536.047, 1182709.787], [2546544.667, 1182715.327], [2546601.937, 1182752.155], [2546607.287, 1182763.745], [2546604.778, 1182808.104], [2546591.148, 1182889.014], [2546590.398, 1182918.064], [2546596.769, 1182964.583], [2546610.859, 1182999.753], [2546631.82, 1183074.621], [2546643.44, 1183099.871], [2546663.1, 1183128.38], [2546674.35, 1183150.73], [2546686.12, 1183181.579], [2546690.961, 1183207.409], [2546676.181, 1183274.419], [2546662.401, 1183337.009], [2546658.502, 1183404.518], [2546678.282, 1183510.737], [2546669.012, 1183512.368], [2546660.012, 1183468.148], [2546652.722, 1183426.688], [2546652.412, 1183422.558], [2546641.782, 1183357.789], [2546635.762, 1183301.819], [2546631.202, 1183279.42], [2546629.132, 1183271.71], [2546624.701, 1183255.42], [2546618.591, 1183223.981], [2546613.591, 1183163.851], [2546609.86, 1183143.751], [2546606.8, 1183113.7820000001], [2546595.91, 1183058.5320000001], [2546586.819, 1183024.583], [2546585.249, 1183013.283], [2546584.049, 1182978.453], [2546580.819, 1182955.264], [2546565.638, 1182886.905], [2546561.268, 1182871.125], [2546561.308, 1182861.265], [2546555.228, 1182817.746], [2546547.568, 1182778.936], [2546540.737, 1182731.827], [2546536.047, 1182709.787]], [[2546636.361, 1183264.54], [2546647.822, 1183331.349], [2546660.301, 1183328.849], [2546672.281, 1183272.239], [2546636.361, 1183264.54]]]}, "properties": {"OBJECTID": 52225924, "NUMERO": "205", "EGRID": "CH356283864567", "NO_COM_FED": 5939, "GENRE_TXT": "parcelle priv\u00e9e", "SUPERFICIE_MO": 26300, "SUPERFICIE_RF": 26288}}, {"type": "Feature", "id": 52226157, "geometry": {"type": "Polygon", "coordinates": [[[2546886.013, 1183113.059], [2546876.504, 1183102.758], [2546869.638, 1183095.32], [2546892.895, 1183072.429], [2546910.041, 1183089.863], [2546909.582, 1183090.306], [2546886.013, 1183113.059]]]}, "properties": {"OBJECTID": 52226157, "NUMERO": "2681", "EGRID": "CH900845778320", "NO_COM_FED": 5939, "GENRE_TXT": "parcelle priv\u00e9e", "SUPERFICIE_MO": 802, "SUPERFICIE_RF": 801}}, {"type": "Feature", "id": 52226401, "geometry": {"type": "Polygon", "coordinates": [[[2547717.716, 1183198.673], [2547727.326, 1183197.213], [2547742.226, 1183194.813], [2547746.466, 1183236.8429999999], [2547711.137, 1183249.924], [2547702.177, 1183244.674], [2547686.617, 1183214.714], [2547717.716, 1183198.673]]]}, "properties": {"OBJECTID": 52226401, "NUMERO": "2082", "EGRID": "CH809745448378", "NO_COM_FED": 5939, "GENRE_TXT": "parcelle priv\u00e9e", "SUPERFICIE_MO": 2222, "SUPERFICIE_RF": 2227}}, {"type": "Feature", "id": 52226419, "geometry": {"type": "Polygon", "coordinates": [[[2547356.752, 1183457.391], [2547384.982, 1183456.551], [2547406.591, 1183455.95], [2547412.741, 1183454.69], [2547413.221, 1183455.49], [2547415.661, 1183459.19], [2547407.261, 1183460.86], [2547349.192, 1183462.611], [2547269.543, 1183484.393], [2547204.174, 1183502.275], [2547178.955, 1183457.786], [2547273.223, 1183422.613], [2547270.913, 1183429.033], [2547282.993, 1183448.233], [2547294.493, 1183466.483], [2547303.533, 1183469.982], [2547327.823, 1183463.212], [2547348.432, 1183457.651], [2547356.752, 1183457.391]]]}, "properties": {"OBJECTID": 52226419, "NUMERO": "1867", "EGRID": "CH169783458070", "NO_COM_FED": 5939, "GENRE_TXT": "parcelle priv\u00e9e", "SUPERFICIE_MO": 5918, "SUPERFICIE_RF": 5918}}, {"type": "Feature", "id": 52226783, "geometry": {"type": "Polygon", "coordinates": [[[2546992.047, 1183212.611], [2546993.117, 1183211.421], [2547008.557, 1183225.621], [2547014.966, 1183231.521], [2547017.616, 1183233.951], [2547005.467, 1183246.991], [2546994.047, 1183259.591], [2546993.607, 1183260.061], [2546981.427, 1183273.111], [2546979.927, 1183271.651], [2546967.217, 1183259.692], [2546964.197, 1183256.962], [2546982.977, 1183227.142], [2546986.807, 1183220.921], [2546992.047, 1183212.611]]]}, "properties": {"OBJECTID": 52226783, "NUMERO": "186", "EGRID": "CH382683459791", "NO_COM_FED": 5939, "GENRE_TXT": "parcelle priv\u00e9e", "SUPERFICIE_MO": 1519, "SUPERFICIE_RF": 1519}}, {"type": "Feature", "id": 52227154, "geometry": {"type": "Polygon", "coordinates": [[[2547569.489, 1183302.757], [2547547.489, 1183311.047], [2547521.61, 1183320.678], [2547508.79, 1183293.398], [2547534.629, 1183283.7179999999], [2547555.739, 1183275.957], [2547562.769, 1183278.697], [2547571.869, 1183296.537], [2547569.489, 1183302.757]]]}, "properties": {"OBJECTID": 52227154, "NUMERO": "1900", "EGRID": "CH869783450405", "NO_COM_FED": 5939, "GENRE_TXT": "parcelle priv\u00e9e", "SUPERFICIE_MO": 1645, "SUPERFICIE_RF": 1639}}, {"type": "Feature", "id": 52227570, "geometry": {"type": "Polygon", "coordinates": [[[2547042.756, 1183088.541], [2547025.306, 1183101.441], [2547027.042, 1183103.911], [2547011.454, 1183115.223], [2546997.877, 1183120.962], [2546995.087, 1183108.852], [2546993.127, 1183103.702], [2547014.606, 1183087.982], [2547018.916, 1183094.901], [2547022.906, 1183091.841], [2547057.296, 1183066.011], [2547063.546, 1183073.52], [2547042.756, 1183088.541]]]}, "properties": {"OBJECTID": 52227570, "NUMERO": "163", "EGRID": "CH469783458065", "NO_COM_FED": 5939, "GENRE_TXT": "parcelle priv\u00e9e", "SUPERFICIE_MO": 1029, "SUPERFICIE_RF": 1028}}, {"type": "Feature", "id": 52227907, "geometry": {"type": "Polygon", "coordinates": [[[2547384.982, 1183456.551], [2547364.982, 1183425.131], [2547388.322, 1183416.091], [2547412.741, 1183454.69], [2547406.591, 1183455.95], [2547384.982, 1183456.551]]]}, "properties": {"OBJECTID": 52227907, "NUMERO": "1891", "EGRID": "CH838397452294", "NO_COM_FED": 5939, "GENRE_TXT": "parcelle priv\u00e9e", "SUPERFICIE_MO": 1027, "SUPERFICIE_RF": 1024}}, {"type": "Feature", "id": 52228600, "geometry": {"type": "Polygon", "coordinates": [[[2547397.062, 1183511.69], [2547389.212, 1183514.89], [2547302.103, 1183554.132], [2547281.043, 1183563.742], [2547273.093, 1183539.813], [2547391.902, 1183498.92], [2547397.062, 1183511.69]]]}, "properties": {"OBJECTID": 52228600, "NUMERO": "72", "EGRID": "CH974598788311", "NO_COM_FED": 5939, "GENRE_TXT": "parcelle priv\u00e9e", "SUPERFICIE_MO": 2435, "SUPERFICIE_RF": 2436}}, {"type": "Feature", "id": 52228859, "geometry": {"type": "Polygon", "coordinates": [[[2546560.053, 1183583.84], [2546552.903, 1183562.97], [2546555.593, 1183556.92], [2546585.163, 1183549.649], [2546592.153, 1183579.329], [2546565.443, 1183585.67], [2546560.053, 1183583.84]]]}, "properties": {"OBJECTID": 52228859, "NUMERO": "1780", "EGRID": "CH929736834578", "NO_COM_FED": 5939, "GENRE_TXT": "parcelle priv\u00e9e", "SUPERFICIE_MO": 998, "SUPERFICIE_RF": 994}}, {"type": "Feature", "id": 52230271, "geometry": {"type": "Polygon", "coordinates": [[[2546869.638, 1183095.32], [2546876.504, 1183102.758], [2546846.842, 1183134.306], [2546899.309, 1183183.622], [2546952.5, 1183233.616], [2546946.348, 1183240.16], [2546841.991, 1183142.074], [2546833.075, 1183151.561], [2546843.531, 1183161.387], [2546836.71, 1183168.645], [2546824.958, 1183157.6], [2546844.444, 1183136.856], [2546822.021, 1183115.84], [2546854.028, 1183078.415], [2546854.708, 1183079.145], [2546869.638, 1183095.32]]]}, "properties": {"OBJECTID": 52230271, "NUMERO": "180", "EGRID": "CH788883459826", "NO_COM_FED": 5939, "GENRE_TXT": "parcelle priv\u00e9e", "SUPERFICIE_MO": 3016, "SUPERFICIE_RF": 3016}}, {"type": "Feature", "id": 52230737, "geometry": {"type": "Polygon", "coordinates": [[[2547532.977, 1182924.768], [2547515.587, 1182908.268], [2547531.7060000002, 1182891.2179999999], [2547538.446, 1182896.767], [2547545.976, 1182904.417], [2547546.036, 1182911.607], [2547532.977, 1182924.768]]]}, "properties": {"OBJECTID": 52230737, "NUMERO": "2410", "EGRID": "CH874586648301", "NO_COM_FED": 5939, "GENRE_TXT": "parcelle priv\u00e9e", "SUPERFICIE_MO": 564, "SUPERFICIE_RF": 565}}, {"type": "Feature", "id": 52231061, "geometry": {"type": "Polygon", "coordinates": [[[2547055.996, 1182999.261], [2547024.806, 1183028.262], [2546995.836, 1182994.972], [2546993.876, 1182992.6030000001], [2546989.516, 1182987.613], [2546994.116, 1182983.613], [2547023.816, 1182958.422], [2547059.105, 1182928.441], [2547053.515, 1182921.231], [2547080.774, 1182900.11], [2547082.7939999998, 1182898.82], [2547092.089, 1182892.938], [2547099.164, 1182888.46], [2547102.514, 1182908.11], [2547096.724, 1182913.44], [2547117.82, 1182934.983], [2547109.554, 1182941.949], [2547106.654, 1182944.449], [2547084.555, 1182963.3], [2547089.335, 1182968.25], [2547074.275, 1182982.25], [2547055.996, 1182999.261]]]}, "properties": {"OBJECTID": 52231061, "NUMERO": "2540", "EGRID": "CH588083459720", "NO_COM_FED": 5939, "GENRE_TXT": "parcelle priv\u00e9e", "SUPERFICIE_MO": 6945, "SUPERFICIE_RF": 6943}}, {"type": "Feature", "id": 52231139, "geometry": {"type": "Polygon", "coordinates": [[[2547791.945, 1183208.531], [2547876.0640000002, 1183265.509], [2547931.693, 1183302.948], [2547983.903, 1183338.306], [2547980.823, 1183343.986], [2547886.0640000002, 1183280.089], [2547812.315, 1183230.321], [2547803.505, 1183226.921], [2547794.055, 1183228.021], [2547791.945, 1183208.531]]]}, "properties": {"OBJECTID": 52231139, "NUMERO": "DP 1176", "EGRID": "CH288283459867", "NO_COM_FED": 5939, "GENRE_TXT": "DP communal", "SUPERFICIE_MO": 1575, "SUPERFICIE_RF": null}}, {"type": "Feature", "id": 52231159, "geometry": {"type": "Polygon", "coordinates": [[[2547540.336, 1182838.667], [2547557.725, 1182824.3969999999], [2547581.264, 1182805.006], [2547602.244, 1182824.975], [2547570.395, 1182858.266], [2547548.845, 1182844.217], [2547540.336, 1182838.667]]]}, "properties": {"OBJECTID": 52231159, "NUMERO": "1865", "EGRID": "CH774586658332", "NO_COM_FED": 5939, "GENRE_TXT": "parcelle priv\u00e9e", "SUPERFICIE_MO": 1574, "SUPERFICIE_RF": 1578}}, {"type": "Feature", "id": 52231224, "geometry": {"type": "Polygon", "coordinates": [[[2547408.374, 1182887.75], [2547426.879, 1182905.633], [2547424.738, 1182907.861], [2547411.039, 1182922.191], [2547407.944, 1182925.48], [2547405.299, 1182928.291], [2547397.8310000002, 1182921.118], [2547399.262, 1182910.999], [2547403.463, 1182906.551], [2547397.407, 1182900.458], [2547406.458, 1182890.281], [2547408.374, 1182887.75]]]}, "properties": {"OBJECTID": 52231224, "NUMERO": "132", "EGRID": "CH144583866672", "NO_COM_FED": 5939, "GENRE_TXT": "parcelle priv\u00e9e", "SUPERFICIE_MO": 635, "SUPERFICIE_RF": 637}}, {"type": "Feature", "id": 52231479, "geometry": {"type": "Polygon", "coordinates": [[[2546698.361, 1183517.747], [2546702.201, 1183532.287], [2546703.751, 1183538.247], [2546705.761, 1183546.026], [2546686.701, 1183550.457], [2546681.452, 1183551.707], [2546676.662, 1183525.807], [2546678.492, 1183525.4070000001], [2546680.111, 1183522.037], [2546698.361, 1183517.747]]]}, "properties": {"OBJECTID": 52231479, "NUMERO": "2057", "EGRID": "CH486283458666", "NO_COM_FED": 5939, "GENRE_TXT": "parcelle priv\u00e9e", "SUPERFICIE_MO": 690, "SUPERFICIE_RF": 684}}, {"type": "Feature", "id": 52232417, "geometry": {"type": "Polygon", "coordinates": [[[2547271.633, 1183373.014], [2547251.173, 1183383.654], [2547229.824, 1183394.705], [2547212.924, 1183366.655], [2547232.164, 1183354.175], [2547252.423, 1183336.074], [2547263.923, 1183357.994], [2547271.633, 1183373.014]]]}, "properties": {"OBJECTID": 52232417, "NUMERO": "1771", "EGRID": "CH369783455131", "NO_COM_FED": 5939, "GENRE_TXT": "parcelle priv\u00e9e", "SUPERFICIE_MO": 1748, "SUPERFICIE_RF": 1744}}, {"type": "Feature", "id": 52233251, "geometry": {"type": "Polygon", "coordinates": [[[2547119.133, 1182806.959], [2547116.362, 1182798.009], [2547108.522, 1182779.599], [2547181.251, 1182723.107], [2547255.039, 1182666.015], [2547277.359, 1182683.244], [2547277.349, 1182689.454], [2547201.3310000002, 1182748.866], [2547124.832, 1182808.589], [2547119.133, 1182806.959]]]}, "properties": {"OBJECTID": 52233251, "NUMERO": "1357", "EGRID": "CH958583974582", "NO_COM_FED": 5939, "GENRE_TXT": "parcelle priv\u00e9e", "SUPERFICIE_MO": 6306, "SUPERFICIE_RF": 6301}}, {"type": "Feature", "id": 52233292, "geometry": {"type": "Polygon", "coordinates": [[[2546753.599, 1183439.767], [2546765.652, 1183460.876], [2546776.754, 1183485.849], [2546769.69, 1183490.465], [2546756.64, 1183493.946], [2546756.23, 1183493.066], [2546753.93, 1183488.446], [2546753.75, 1183488.096], [2546744.801, 1183470.236], [2546742.8310000002, 1183466.376], [2546747.87, 1183461.236], [2546741.431, 1183448.946], [2546753.599, 1183439.767]]]}, "properties": {"OBJECTID": 52233292, "NUMERO": "2648", "EGRID": "CH986183459412", "NO_COM_FED": 5939, "GENRE_TXT": "parcelle priv\u00e9e", "SUPERFICIE_MO": 1004, "SUPERFICIE_RF": 1004}}, {"type": "Feature", "id": 52233540, "geometry": {"type": "Polygon", "coordinates": [[[2546808.56, 1183535.814], [2546793.84, 1183542.334], [2546789.88, 1183540.794], [2546776.32, 1183510.215], [2546774.45, 1183502.175], [2546784.96, 1183499.525], [2546786.2249493334, 1183499.318120695], [2546787.506393113, 1183499.2898770545], [2546788.779229074, 1183499.4408223447], [2546790.0185235697, 1183499.7679996907], [2546791.2, 1183500.265], [2546792.3028684044, 1183500.9235774186], [2546793.302735075, 1183501.729995161], [2546794.1799267107, 1183502.6683862137], [2546794.917183757, 1183503.7202868655], [2546795.5, 1183504.865], [2546808.56, 1183535.814]]]}, "properties": {"OBJECTID": 52233540, "NUMERO": "1744", "EGRID": "CH414541839784", "NO_COM_FED": 5939, "GENRE_TXT": "parcelle priv\u00e9e", "SUPERFICIE_MO": 817, "SUPERFICIE_RF": 818}}, {"type": "Feature", "id": 52233712, "geometry": {"type": "Polygon", "coordinates": [[[2547295.612, 1183129.975], [2547328.762, 1183096.164], [2547351.762, 1183118.963], [2547352.87, 1183120.049], [2547334.382, 1183138.837], [2547319.721, 1183153.735], [2547319.282, 1183153.304], [2547295.612, 1183129.975]]]}, "properties": {"OBJECTID": 52233712, "NUMERO": "113", "EGRID": "CH414587839758", "NO_COM_FED": 5939, "GENRE_TXT": "parcelle priv\u00e9e", "SUPERFICIE_MO": 1603, "SUPERFICIE_RF": 1604}}, {"type": "Feature", "id": 52234061, "geometry": {"type": "Polygon", "coordinates": [[[2547470.82, 1183174.85], [2547463.94, 1183168.14], [2547463.38, 1183167.48], [2547456.21, 1183160.39], [2547455.54, 1183159.73], [2547445.75, 1183150.221], [2547450.13, 1183145.961], [2547459.75, 1183155.49], [2547460.48, 1183156.16], [2547467.6, 1183163.29], [2547468.2, 1183163.98], [2547475.04, 1183170.77], [2547470.82, 1183174.85]]]}, "properties": {"OBJECTID": 52234061, "NUMERO": "2032", "EGRID": "CH929704834575", "NO_COM_FED": 5939, "GENRE_TXT": "parcelle priv\u00e9e", "SUPERFICIE_MO": 210, "SUPERFICIE_RF": 210}}, {"type": "Feature", "id": 52234528, "geometry": {"type": "Polygon", "coordinates": [[[2547458.46, 1183137.38], [2547468.78, 1183147.64], [2547469.52, 1183148.33], [2547476.63, 1183155.35], [2547477.33, 1183156.05], [2547483.41, 1183161.99], [2547479.26, 1183166.31], [2547473.11, 1183160.28], [2547472.4, 1183159.66], [2547465.24, 1183152.74], [2547464.51, 1183152.05], [2547454.32, 1183141.64], [2547458.46, 1183137.38]]]}, "properties": {"OBJECTID": 52234528, "NUMERO": "2030", "EGRID": "CH944583970423", "NO_COM_FED": 5939, "GENRE_TXT": "parcelle priv\u00e9e", "SUPERFICIE_MO": 212, "SUPERFICIE_RF": 209}}, {"type": "Feature", "id": 52234608, "geometry": {"type": "Polygon", "coordinates": [[[2547340.921, 1182999.533], [2547322.231, 1182980.964], [2547293.011, 1182952.024], [2547310.73, 1182932.954], [2547346.732, 1182968.46], [2547378.41, 1182999.702], [2547359.95, 1183018.293], [2547340.921, 1182999.533]]]}, "properties": {"OBJECTID": 52234608, "NUMERO": "123", "EGRID": "CH844583866529", "NO_COM_FED": 5939, "GENRE_TXT": "parcelle priv\u00e9e", "SUPERFICIE_MO": 2472, "SUPERFICIE_RF": 2468}}, {"type": "Feature", "id": 52234626, "geometry": {"type": "Polygon", "coordinates": [[[2546323.585, 1183520.836], [2546319.935, 1183517.546], [2546322.775, 1183514.466], [2546326.375, 1183517.616], [2546323.585, 1183520.836]]]}, "properties": {"OBJECTID": 52234626, "NUMERO": "257", "EGRID": "CH344583978450", "NO_COM_FED": 5939, "GENRE_TXT": "parcelle priv\u00e9e", "SUPERFICIE_MO": 20, "SUPERFICIE_RF": 21}}, {"type": "Feature", "id": 52234669, "geometry": {"type": "Polygon", "coordinates": [[[2547007.605, 1182900.062], [2546976.636, 1182924.073], [2546949.226, 1182878.274], [2546934.586, 1182853.225], [2546925.076, 1182844.345], [2546889.6859999998, 1182826.377], [2546870.366, 1182816.497], [2546903.826, 1182774.776], [2546964.075, 1182843.234], [2547008.125, 1182893.102], [2547007.605, 1182900.062]]]}, "properties": {"OBJECTID": 52234669, "NUMERO": "1341", "EGRID": "CH114552839787", "NO_COM_FED": 5939, "GENRE_TXT": "parcelle priv\u00e9e", "SUPERFICIE_MO": 5987, "SUPERFICIE_RF": 5986}}, {"type": "Feature", "id": 52234703, "geometry": {"type": "Polygon", "coordinates": [[[2546697.578, 1182898.331], [2546675.318, 1182886.962], [2546689.388, 1182859.392], [2546715.738, 1182872.891], [2546716.708, 1182878.751], [2546697.578, 1182898.331]]]}, "properties": {"OBJECTID": 52234703, "NUMERO": "1877", "EGRID": "CH188883459737", "NO_COM_FED": 5939, "GENRE_TXT": "parcelle priv\u00e9e", "SUPERFICIE_MO": 910, "SUPERFICIE_RF": 904}}, {"type": "Feature", "id": 52234729, "geometry": {"type": "Polygon", "coordinates": [[[2546794.22, 1183496.105], [2546798.35, 1183506.324], [2546810.87, 1183541.374], [2546808.56, 1183535.814], [2546795.5, 1183504.865], [2546794.917183757, 1183503.7202868655], [2546794.1799267107, 1183502.6683862137], [2546793.302735075, 1183501.729995161], [2546792.3028684044, 1183500.9235774186], [2546791.2, 1183500.265], [2546790.0185235697, 1183499.7679996907], [2546788.779229074, 1183499.4408223447], [2546787.506393113, 1183499.2898770545], [2546786.2249493334, 1183499.318120695], [2546784.96, 1183499.525], [2546774.45, 1183502.175], [2546722.451, 1183515.216], [2546721.691, 1183514.736], [2546720.4728611144, 1183514.154910146], [2546719.182925658, 1183513.757928685], [2546717.8488477874, 1183513.553566266], [2546716.4992280034, 1183513.5462040931], [2546715.163, 1183513.736], [2546794.22, 1183496.105]]]}, "properties": {"OBJECTID": 52234729, "NUMERO": "50", "EGRID": "CH574586648306", "NO_COM_FED": 5939, "GENRE_TXT": "parcelle priv\u00e9e", "SUPERFICIE_MO": 231, "SUPERFICIE_RF": 229}}, {"type": "Feature", "id": 52235215, "geometry": {"type": "Polygon", "coordinates": [[[2547540.336, 1182838.667], [2547520.796, 1182825.9780000001], [2547504.336, 1182816.588], [2547491.356, 1182812.429], [2547491.086, 1182811.319], [2547498.656, 1182806.168], [2547506.676, 1182804.158], [2547529.045, 1182798.317], [2547535.385, 1182804.227], [2547541.735, 1182810.027], [2547542.045, 1182810.337], [2547548.555, 1182816.167], [2547557.725, 1182824.3969999999], [2547540.336, 1182838.667]]]}, "properties": {"OBJECTID": 52235215, "NUMERO": "1386", "EGRID": "CH838386456454", "NO_COM_FED": 5939, "GENRE_TXT": "parcelle priv\u00e9e", "SUPERFICIE_MO": 1258, "SUPERFICIE_RF": 1263}}, {"type": "Feature", "id": 52235828, "geometry": {"type": "Polygon", "coordinates": [[[2547022.347, 1183557.329], [2547031.367, 1183574.078], [2547030.387, 1183574.328], [2547032.307, 1183578.648], [2547007.937, 1183585.219], [2546987.957, 1183590.609], [2546985.357, 1183591.329], [2546980.977, 1183574.3], [2547022.347, 1183557.329]]]}, "properties": {"OBJECTID": 52235828, "NUMERO": "39", "EGRID": "CH685383459736", "NO_COM_FED": 5939, "GENRE_TXT": "parcelle priv\u00e9e", "SUPERFICIE_MO": 963, "SUPERFICIE_RF": 963}}, {"type": "Feature", "id": 52235849, "geometry": {"type": "Polygon", "coordinates": [[[2546814.349, 1183061.617], [2546840.069, 1183084.046], [2546810.649, 1183118.306], [2546805.999, 1183128.426], [2546771.57, 1183168.757], [2546731.5, 1183215.828], [2546701.841, 1183250.528], [2546695.761, 1183250.248], [2546690.271, 1183242.888], [2546688.871, 1183235.049], [2546694.891, 1183207.459], [2546689.96, 1183180.239], [2546678.08, 1183149.22], [2546666.53, 1183126.35], [2546646.84, 1183097.781], [2546635.45, 1183072.841], [2546614.4189999998, 1182997.952], [2546609.099, 1182984.573], [2546600.6890000002, 1182963.533], [2546594.388, 1182917.534], [2546595.058, 1182896.474], [2546598.778, 1182894.344], [2546666.898, 1182929.162], [2546674.818, 1182934.901], [2546697.288, 1182946.551], [2546699.738, 1182946.131], [2546732.228, 1182962.97], [2546749.898, 1182972.129], [2546753.168, 1182976.669], [2546766.188, 1182967.299], [2546767.458, 1182968.599], [2546754.208, 1182978.139], [2546775.518, 1183007.7179999999], [2546794.478, 1183034.037], [2546814.349, 1183061.617]]]}, "properties": {"OBJECTID": 52235849, "NUMERO": "621", "EGRID": "CH914577839775", "NO_COM_FED": 5939, "GENRE_TXT": "parcelle priv\u00e9e", "SUPERFICIE_MO": 40535, "SUPERFICIE_RF": 40557}}, {"type": "Feature", "id": 52236212, "geometry": {"type": "Polygon", "coordinates": [[[2546679.752, 1183786.066], [2546674.172, 1183741.266], [2546667.892, 1183690.917], [2546683.232, 1183688.966], [2546685.402, 1183688.736], [2546689.862, 1183730.316], [2546697.272, 1183778.985], [2546693.522, 1183780.465], [2546679.752, 1183786.066]]]}, "properties": {"OBJECTID": 52236212, "NUMERO": "293", "EGRID": "CH344583988744", "NO_COM_FED": 5939, "GENRE_TXT": "parcelle priv\u00e9e", "SUPERFICIE_MO": 1633, "SUPERFICIE_RF": 1634}}, {"type": "Feature", "id": 52236401, "geometry": {"type": "Polygon", "coordinates": [[[2546803.61, 1183624.464], [2546800.49, 1183616.314], [2546798.09, 1183610.224], [2546794.99, 1183611.444], [2546783.28, 1183580.954], [2546804.46, 1183571.694], [2546807.42, 1183570.374], [2546817.47, 1183565.944], [2546819.67, 1183564.994], [2546820.68, 1183564.534], [2546825.73, 1183577.143], [2546827.019350114, 1183581.3095775268], [2546827.6979973107, 1183585.617968176], [2546827.751918666, 1183589.9791474305], [2546827.18, 1183594.303], [2546825.982217545, 1183598.5318897963], [2546824.1858492796, 1183602.5432801754], [2546821.8286123294, 1183606.252946694], [2546818.96, 1183609.583], [2546812.75, 1183615.513], [2546803.61, 1183624.464]]]}, "properties": {"OBJECTID": 52236401, "NUMERO": "48", "EGRID": "CH958383984536", "NO_COM_FED": 5939, "GENRE_TXT": "parcelle priv\u00e9e", "SUPERFICIE_MO": 1577, "SUPERFICIE_RF": 1577}}, {"type": "Feature", "id": 52237256, "geometry": {"type": "Polygon", "coordinates": [[[2546102.812, 1183071.476], [2546101.272, 1183078.556], [2546011.383, 1183146.427], [2545930.734, 1183207.269], [2545923.944, 1183206.069], [2545870.084, 1183123.031], [2545818.653, 1183044.043], [2545769.673, 1182968.505], [2545771.673, 1182960.465], [2545839.222, 1182935.084], [2545906.922, 1182909.612], [2545974.321, 1182884.281], [2545981.761, 1182886.65], [2546042.671, 1182979.758], [2546102.812, 1183071.476]]]}, "properties": {"OBJECTID": 52237256, "NUMERO": "638", "EGRID": "CH169783459852", "NO_COM_FED": 5939, "GENRE_TXT": "parcelle priv\u00e9e", "SUPERFICIE_MO": 58541, "SUPERFICIE_RF": 58479}}, {"type": "Feature", "id": 52237315, "geometry": {"type": "Polygon", "coordinates": [[[2546955.247, 1183315.102], [2546974.347, 1183352.301], [2546950.078, 1183360.722], [2546946.918, 1183358.702], [2546945.898, 1183349.892], [2546944.258, 1183331.262], [2546946.728, 1183324.392], [2546948.218, 1183322.762], [2546955.247, 1183315.102]]]}, "properties": {"OBJECTID": 52237315, "NUMERO": "2206", "EGRID": "CH874597208334", "NO_COM_FED": 5939, "GENRE_TXT": "parcelle priv\u00e9e", "SUPERFICIE_MO": 801, "SUPERFICIE_RF": 802}}, {"type": "Feature", "id": 52237747, "geometry": {"type": "Polygon", "coordinates": [[[2547317.872, 1183298.913], [2547299.953, 1183267.104], [2547302.963, 1183266.034], [2547306.323, 1183264.784], [2547309.192, 1183263.763], [2547323.912, 1183258.543], [2547341.322, 1183288.873], [2547317.872, 1183298.913]]]}, "properties": {"OBJECTID": 52237747, "NUMERO": "93", "EGRID": "CH438397455206", "NO_COM_FED": 5939, "GENRE_TXT": "parcelle priv\u00e9e", "SUPERFICIE_MO": 901, "SUPERFICIE_RF": 899}}, {"type": "Feature", "id": 52238171, "geometry": {"type": "Polygon", "coordinates": [[[2546750.119, 1183200.171], [2546768.61, 1183217.551], [2546787.751, 1183197.187], [2546799.501, 1183208.232], [2546792.851, 1183215.308], [2546782.396, 1183205.48], [2546773.477, 1183214.97], [2546821.227, 1183259.819], [2546815.748, 1183265.648], [2546788.06, 1183239.624], [2546766.718, 1183219.565], [2546761.151, 1183225.488], [2546749.355, 1183238.037], [2546734.55, 1183218.438], [2546750.119, 1183200.171]]]}, "properties": {"OBJECTID": 52238171, "NUMERO": "2630", "EGRID": "CH209245428335", "NO_COM_FED": 5939, "GENRE_TXT": "parcelle priv\u00e9e", "SUPERFICIE_MO": 1362, "SUPERFICIE_RF": 1362}}, {"type": "Feature", "id": 52238189, "geometry": {"type": "Polygon", "coordinates": [[[2547852.783, 1183132.819], [2547831.223, 1183117.48], [2547858.183, 1183086.139], [2547880.622, 1183100.879], [2547858.353, 1183126.389], [2547854.813, 1183130.509], [2547852.783, 1183132.819]]]}, "properties": {"OBJECTID": 52238189, "NUMERO": "2014", "EGRID": "CH838397451009", "NO_COM_FED": 5939, "GENRE_TXT": "parcelle priv\u00e9e", "SUPERFICIE_MO": 1108, "SUPERFICIE_RF": 1109}}, {"type": "Feature", "id": 52238423, "geometry": {"type": "Polygon", "coordinates": [[[2546819.57, 1183541.694], [2546828.53, 1183562.683], [2546835.269, 1183578.183], [2546843.399, 1183597.153], [2546828.16, 1183610.303], [2546825.65, 1183612.273], [2546815.96, 1183619.263], [2546790.15, 1183644.324], [2546771.23, 1183651.814], [2546789.8, 1183646.634], [2546765.421, 1183654.484], [2546730.0609999998, 1183661.115], [2546725.501, 1183664.145], [2546715.911, 1183664.876], [2546717.161, 1183659.926], [2546720.491, 1183653.935], [2546728.521, 1183649.715], [2546761.181, 1183649.105], [2546769.86, 1183646.724], [2546776.4, 1183644.324], [2546787.34, 1183640.374], [2546801.04, 1183626.944], [2546803.61, 1183624.464], [2546812.75, 1183615.513], [2546818.96, 1183609.583], [2546821.8286123294, 1183606.252946694], [2546824.1858492796, 1183602.5432801754], [2546825.982217545, 1183598.5318897963], [2546827.18, 1183594.303], [2546827.751918666, 1183589.9791474305], [2546827.6979973107, 1183585.617968176], [2546827.019350114, 1183581.3095775268], [2546825.73, 1183577.143], [2546820.68, 1183564.534], [2546810.87, 1183541.374], [2546798.35, 1183506.324], [2546794.22, 1183496.105], [2546828.589, 1183488.744], [2546829.379, 1183489.884], [2546821.62, 1183493.274], [2546819.86, 1183494.044], [2546810.68, 1183498.104], [2546809.07, 1183498.824], [2546809.27, 1183501.984], [2546809.94, 1183507.484], [2546811.11, 1183512.944], [2546812.43, 1183521.774], [2546819.57, 1183541.694]]]}, "properties": {"OBJECTID": 52238423, "NUMERO": "DP 1005", "EGRID": "CH409745418329", "NO_COM_FED": 5939, "GENRE_TXT": "DP communal", "SUPERFICIE_MO": 2088, "SUPERFICIE_RF": null}}, {"type": "Feature", "id": 52238425, "geometry": {"type": "Polygon", "coordinates": [[[2547284.443, 1183262.664], [2547257.033, 1183235.405], [2547286.713, 1183224.874], [2547314.102, 1183252.133], [2547284.443, 1183262.664]]]}, "properties": {"OBJECTID": 52238425, "NUMERO": "1721", "EGRID": "CH244583976605", "NO_COM_FED": 5939, "GENRE_TXT": "parcelle priv\u00e9e", "SUPERFICIE_MO": 1097, "SUPERFICIE_RF": 1104}}, {"type": "Feature", "id": 52238534, "geometry": {"type": "Polygon", "coordinates": [[[2547195.624, 1183268.546], [2547210.164, 1183280.726], [2547211.364, 1183281.946], [2547194.324, 1183300.896], [2547193.344, 1183301.936], [2547193.0640000002, 1183302.236], [2547186.994, 1183309.176], [2547186.104, 1183310.116], [2547177.7939999998, 1183301.506], [2547163.635, 1183284.237], [2547165.764, 1183282.777], [2547170.944, 1183279.297], [2547175.984, 1183275.937], [2547177.174, 1183277.537], [2547179.414, 1183276.097], [2547178.284, 1183274.337], [2547180.504, 1183272.826], [2547186.184, 1183277.616], [2547195.624, 1183268.546]]]}, "properties": {"OBJECTID": 52238534, "NUMERO": "105", "EGRID": "CH509745128382", "NO_COM_FED": 5939, "GENRE_TXT": "parcelle priv\u00e9e", "SUPERFICIE_MO": 989, "SUPERFICIE_RF": 985}}, {"type": "Feature", "id": 52238745, "geometry": {"type": "Polygon", "coordinates": [[[2546975.438, 1183696.019], [2546952.088, 1183707.03], [2546939.928, 1183680.14], [2546963.558, 1183669.58], [2546975.438, 1183696.019]]]}, "properties": {"OBJECTID": 52238745, "NUMERO": "1723", "EGRID": "CH738398458358", "NO_COM_FED": 5939, "GENRE_TXT": "parcelle priv\u00e9e", "SUPERFICIE_MO": 756, "SUPERFICIE_RF": 753}}, {"type": "Feature", "id": 52239154, "geometry": {"type": "Polygon", "coordinates": [[[2547873.412, 1183012.738], [2547885.221, 1183022.988], [2547868.602, 1183042.179], [2547866.322, 1183040.349], [2547864.212, 1183038.429], [2547860.362, 1183042.729], [2547855.902, 1183047.979], [2547848.312, 1183041.509], [2547855.712, 1183033.079], [2547856.722, 1183031.919], [2547863.512, 1183024.259], [2547873.412, 1183012.738]]]}, "properties": {"OBJECTID": 52239154, "NUMERO": "1919", "EGRID": "CH398397554516", "NO_COM_FED": 5939, "GENRE_TXT": "parcelle priv\u00e9e", "SUPERFICIE_MO": 523, "SUPERFICIE_RF": 524}}, {"type": "Feature", "id": 52239557, "geometry": {"type": "Polygon", "coordinates": [[[2546950.918, 1183410.121], [2546947.158, 1183389.391], [2546942.878, 1183366.382], [2546937.968, 1183336.0219999999], [2546936.198, 1183335.542], [2546946.728, 1183324.392], [2546944.258, 1183331.262], [2546945.898, 1183349.892], [2546946.918, 1183358.702], [2546947.678, 1183365.7719999999], [2546949.358, 1183375.862], [2546950.358, 1183382.011], [2546951.228, 1183387.171], [2546952.898, 1183397.651], [2546953.138, 1183399.281], [2546955.478, 1183412.171], [2546961.258, 1183434.151], [2546965.407, 1183440.271], [2546972.797, 1183439.691], [2546958.258, 1183444.741], [2546957.968, 1183443.431], [2546956.478, 1183435.511], [2546950.918, 1183410.121]]]}, "properties": {"OBJECTID": 52239557, "NUMERO": "DP 1215", "EGRID": "CH469783452919", "NO_COM_FED": 5939, "GENRE_TXT": "DP communal", "SUPERFICIE_MO": 595, "SUPERFICIE_RF": null}}, {"type": "Feature", "id": 52239718, "geometry": {"type": "Polygon", "coordinates": [[[2547197.054, 1183042.057], [2547195.464, 1183040.457], [2547182.334, 1183027.7179999999], [2547169.874, 1183015.788], [2547186.093, 1182999.507], [2547186.473, 1182999.117], [2547192.5439999998, 1183010.803], [2547193.734, 1183013.192], [2547200.115, 1183029.064], [2547200.871, 1183031.61], [2547201.233, 1183033.732], [2547200.977, 1183036.212], [2547199.785, 1183039.143], [2547197.054, 1183042.057]]]}, "properties": {"OBJECTID": 52239718, "NUMERO": "169", "EGRID": "CH774597808382", "NO_COM_FED": 5939, "GENRE_TXT": "parcelle priv\u00e9e", "SUPERFICIE_MO": 611, "SUPERFICIE_RF": 612}}, {"type": "Feature", "id": 52240077, "geometry": {"type": "Polygon", "coordinates": [[[2546887.258, 1183387.573], [2546886.608, 1183395.983], [2546880.4189999998, 1183394.873], [2546887.258, 1183387.573]]]}, "properties": {"OBJECTID": 52240077, "NUMERO": "217", "EGRID": "CH429488834555", "NO_COM_FED": 5939, "GENRE_TXT": "parcelle priv\u00e9e", "SUPERFICIE_MO": 26, "SUPERFICIE_RF": 26}}, {"type": "Feature", "id": 52240172, "geometry": {"type": "Polygon", "coordinates": [[[2547179.734, 1183311.646], [2547186.334, 1183321.206], [2547184.124, 1183323.026], [2547173.494, 1183331.736], [2547160.595, 1183342.377], [2547156.485, 1183335.957], [2547154.725, 1183333.227], [2547153.455, 1183331.637], [2547157.315, 1183328.9070000001], [2547157.505, 1183329.117], [2547163.995, 1183323.827], [2547179.734, 1183311.646]]]}, "properties": {"OBJECTID": 52240172, "NUMERO": "98", "EGRID": "CH874597488347", "NO_COM_FED": 5939, "GENRE_TXT": "parcelle priv\u00e9e", "SUPERFICIE_MO": 399, "SUPERFICIE_RF": 400}}, {"type": "Feature", "id": 52240778, "geometry": {"type": "Polygon", "coordinates": [[[2546708.041, 1183506.167], [2546687.154, 1183511.429], [2546683.91, 1183509.607], [2546681.884, 1183499.15], [2546681.203, 1183498.625], [2546677.911, 1183480.967], [2546702.491, 1183476.387], [2546708.041, 1183506.167]]]}, "properties": {"OBJECTID": 52240778, "NUMERO": "2529", "EGRID": "CH774597948340", "NO_COM_FED": 5939, "GENRE_TXT": "parcelle priv\u00e9e", "SUPERFICIE_MO": 765, "SUPERFICIE_RF": 765}}, {"type": "Feature", "id": 52241382, "geometry": {"type": "Polygon", "coordinates": [[[2546734.55, 1183218.438], [2546731.5, 1183215.828], [2546771.57, 1183168.757], [2546805.999, 1183128.426], [2546810.649, 1183118.306], [2546840.069, 1183084.046], [2546845.059, 1183077.966], [2546852.878, 1183070.576], [2546857.508, 1183064.895], [2546862.738, 1183059.005], [2546883.458, 1183034.665], [2546902.088, 1183012.885], [2546917.397, 1182994.864], [2546917.387, 1182990.364], [2546925.917, 1183001.494], [2546924.457, 1183000.464], [2546922.377, 1183000.534], [2546921.677, 1183000.644], [2546897.648, 1183028.715], [2546876.699, 1183053.318], [2546854.708, 1183079.145], [2546854.028, 1183078.415], [2546822.021, 1183115.84], [2546811.299, 1183128.376], [2546803.546, 1183137.475], [2546774.66, 1183171.377], [2546768.268, 1183178.876], [2546750.119, 1183200.171], [2546734.55, 1183218.438]]]}, "properties": {"OBJECTID": 52241382, "NUMERO": "DP 1062", "EGRID": "CH787583459787", "NO_COM_FED": 5939, "GENRE_TXT": "DP communal", "SUPERFICIE_MO": 1682, "SUPERFICIE_RF": null}}, {"type": "Feature", "id": 52241446, "geometry": {"type": "Polygon", "coordinates": [[[2547547.236, 1182897.9070000001], [2547560.1859999998, 1182880.957], [2547568.855, 1182869.527], [2547577.755, 1182876.456], [2547602.515, 1182892.656], [2547571.216, 1182922.667], [2547570.426, 1182923.427], [2547559.596, 1182911.077], [2547547.236, 1182897.9070000001]]]}, "properties": {"OBJECTID": 52241446, "NUMERO": "1669", "EGRID": "CH244583866638", "NO_COM_FED": 5939, "GENRE_TXT": "parcelle priv\u00e9e", "SUPERFICIE_MO": 1475, "SUPERFICIE_RF": 1479}}, {"type": "Feature", "id": 52241480, "geometry": {"type": "Polygon", "coordinates": [[[2547860.112, 1182995.709], [2547839.232, 1182992.249], [2547838.322, 1182992.129], [2547798.673, 1182985.68], [2547796.013, 1182985.781], [2547792.883, 1182992.221], [2547775.813, 1182975.861], [2547785.143, 1182978.401], [2547807.802, 1182982.16], [2547839.962, 1182987.249], [2547872.861, 1182992.588], [2547874.301, 1182993.368], [2547875.251, 1182993.938], [2547879.0609999998, 1182996.288], [2547878.871, 1182996.568], [2547872.651, 1183005.018], [2547871.541, 1183003.929], [2547862.462, 1182996.099], [2547860.112, 1182995.709]]]}, "properties": {"OBJECTID": 52241480, "NUMERO": "DP 1181", "EGRID": "CH369783453250", "NO_COM_FED": 5939, "GENRE_TXT": "DP communal", "SUPERFICIE_MO": 601, "SUPERFICIE_RF": null}}, {"type": "Feature", "id": 52241960, "geometry": {"type": "Polygon", "coordinates": [[[2547160.595, 1183342.377], [2547173.494, 1183331.736], [2547184.124, 1183323.026], [2547186.334, 1183321.206], [2547192.324, 1183316.656], [2547194.7939999998, 1183314.746], [2547201.654, 1183308.956], [2547206.954, 1183304.386], [2547208.944, 1183301.986], [2547210.054, 1183300.436], [2547212.8140000002, 1183297.686], [2547216.574, 1183308.625], [2547204.824, 1183317.956], [2547189.074, 1183331.176], [2547165.845, 1183350.636], [2547165.095, 1183349.766], [2547159.035, 1183354.757], [2547153.705, 1183359.387], [2547147.395, 1183366.4070000001], [2547143.955, 1183370.227], [2547122.715, 1183384.6570000001], [2547121.375, 1183385.357], [2547107.585, 1183392.488], [2547102.6859999998, 1183395.648], [2547099.056, 1183400.028], [2547093.076, 1183409.038], [2547091.9359999998, 1183408.818], [2547087.986, 1183408.028], [2547071.836, 1183404.9780000001], [2547051.326, 1183414.519], [2546973.777, 1183450.231], [2546963.918, 1183456.221], [2546958.258, 1183444.741], [2546972.797, 1183439.691], [2546995.157, 1183429.19], [2547000.137, 1183426.93], [2547020.047, 1183417.2], [2547023.917, 1183415.359], [2547029.147, 1183412.829], [2547032.656, 1183411.159], [2547045.176, 1183405.009], [2547049.986, 1183402.649], [2547054.136, 1183401.809], [2547060.9359999998, 1183398.419], [2547074.326, 1183391.598], [2547083.856, 1183386.7280000001], [2547102.785, 1183375.758], [2547104.359459128, 1183376.1813070488], [2547105.982624843, 1183376.334419646], [2547107.6084682173, 1183376.2129959003], [2547109.190884393, 1183375.8204790861], [2547110.685, 1183375.168], [2547118.095, 1183371.327], [2547125.055, 1183367.387], [2547136.665, 1183360.767], [2547141.295, 1183358.187], [2547149.645, 1183352.687], [2547160.595, 1183342.377]]]}, "properties": {"OBJECTID": 52241960, "NUMERO": "DP 1019", "EGRID": "CH558183974535", "NO_COM_FED": 5939, "GENRE_TXT": "DP communal", "SUPERFICIE_MO": 3430, "SUPERFICIE_RF": null}}, {"type": "Feature", "id": 52242132, "geometry": {"type": "Polygon", "coordinates": [[[2547066.184, 1182885.39], [2547070.824, 1182881.69], [2547080.094, 1182874.57], [2547092.089, 1182892.938], [2547082.7939999998, 1182898.82], [2547080.774, 1182900.11], [2547053.515, 1182921.231], [2547043.895, 1182909.001], [2547069.354, 1182889.26], [2547066.184, 1182885.39]]]}, "properties": {"OBJECTID": 52242132, "NUMERO": "2534", "EGRID": "CH438399459839", "NO_COM_FED": 5939, "GENRE_TXT": "parcelle priv\u00e9e", "SUPERFICIE_MO": 853, "SUPERFICIE_RF": 852}}, {"type": "Feature", "id": 52242561, "geometry": {"type": "Polygon", "coordinates": [[[2547430.269, 1183027.511], [2547390.31, 1182987.722], [2547403.1890000002, 1182974.801], [2547430.012, 1182946.85], [2547446.883, 1182929.267], [2547488.368, 1182969.369], [2547430.269, 1183027.511]]]}, "properties": {"OBJECTID": 52242561, "NUMERO": "125", "EGRID": "CH214566838635", "NO_COM_FED": 5939, "GENRE_TXT": "parcelle priv\u00e9e", "SUPERFICIE_MO": 4653, "SUPERFICIE_RF": 4657}}, {"type": "Feature", "id": 52243054, "geometry": {"type": "Polygon", "coordinates": [[[2547170.944, 1183279.297], [2547165.764, 1183282.777], [2547163.635, 1183284.237], [2547161.545, 1183281.537], [2547160.315, 1183280.217], [2547156.225, 1183283.227], [2547151.855, 1183277.607], [2547152.965, 1183276.807], [2547158.845, 1183272.447], [2547164.454, 1183268.697], [2547170.944, 1183279.297]]]}, "properties": {"OBJECTID": 52243054, "NUMERO": "119", "EGRID": "CH869883457801", "NO_COM_FED": 5939, "GENRE_TXT": "parcelle priv\u00e9e", "SUPERFICIE_MO": 155, "SUPERFICIE_RF": 156}}, {"type": "Feature", "id": 52243096, "geometry": {"type": "Polygon", "coordinates": [[[2546679.791, 1183276.429], [2546677.941, 1183284.879], [2546673.021, 1183307.309], [2546670.466, 1183319.018], [2546668.761, 1183326.829], [2546666.361, 1183337.869], [2546666.361, 1183355.438], [2546666.171, 1183386.318], [2546665.751, 1183389.238], [2546663.602, 1183404.368], [2546667.122, 1183423.128], [2546670.612, 1183441.778], [2546677.911, 1183480.967], [2546681.203, 1183498.625], [2546681.884, 1183499.15], [2546683.91, 1183509.607], [2546678.282, 1183510.737], [2546658.502, 1183404.518], [2546662.401, 1183337.009], [2546676.181, 1183274.419], [2546679.791, 1183276.429]]]}, "properties": {"OBJECTID": 52243096, "NUMERO": "DP 1218", "EGRID": "CH644583865510", "NO_COM_FED": 5939, "GENRE_TXT": "DP communal", "SUPERFICIE_MO": 1174, "SUPERFICIE_RF": null}}, {"type": "Feature", "id": 52243295, "geometry": {"type": "Polygon", "coordinates": [[[2546832.84, 1183632.883], [2546831.81, 1183629.963], [2546830.19, 1183625.0929999999], [2546825.65, 1183612.273], [2546828.16, 1183610.303], [2546845.339, 1183604.8429999999], [2546854.929, 1183626.7820000001], [2546851.899, 1183627.632], [2546847.619, 1183628.783], [2546832.84, 1183632.883]]]}, "properties": {"OBJECTID": 52243295, "NUMERO": "33", "EGRID": "CH938398457892", "NO_COM_FED": 5939, "GENRE_TXT": "parcelle priv\u00e9e", "SUPERFICIE_MO": 511, "SUPERFICIE_RF": 509}}, {"type": "Feature", "id": 52243593, "geometry": {"type": "Polygon", "coordinates": [[[2547519.138, 1183059.838], [2547521.238, 1183061.948], [2547526.458, 1183067.168], [2547512.788, 1183081.219], [2547524.928, 1183093.238], [2547512.569, 1183105.709], [2547494.1689999998, 1183087.759], [2547492.009, 1183089.759], [2547481.459, 1183079.329], [2547474.889, 1183072.95], [2547493.059, 1183054.659], [2547500.648, 1183062.089], [2547510.738, 1183051.849], [2547519.138, 1183059.838]]]}, "properties": {"OBJECTID": 52243593, "NUMERO": "1949", "EGRID": "CH344583973205", "NO_COM_FED": 5939, "GENRE_TXT": "parcelle priv\u00e9e", "SUPERFICIE_MO": 1437, "SUPERFICIE_RF": 1438}}, {"type": "Feature", "id": 52243676, "geometry": {"type": "Polygon", "coordinates": [[[2547694.245, 1183044.234], [2547685.045, 1183038.024], [2547671.665, 1183027.344], [2547701.784, 1182992.5929999999], [2547723.054, 1183010.983], [2547694.245, 1183044.234]]]}, "properties": {"OBJECTID": 52243676, "NUMERO": "2163", "EGRID": "CH409745408332", "NO_COM_FED": 5939, "GENRE_TXT": "parcelle priv\u00e9e", "SUPERFICIE_MO": 1273, "SUPERFICIE_RF": 1273}}, {"type": "Feature", "id": 52244264, "geometry": {"type": "Polygon", "coordinates": [[[2547308.262, 1183217.114], [2547343.012, 1183204.663], [2547368.732, 1183229.822], [2547370.892, 1183231.912], [2547335.622, 1183244.423], [2547308.262, 1183217.114]]]}, "properties": {"OBJECTID": 52244264, "NUMERO": "1739", "EGRID": "CH774586608347", "NO_COM_FED": 5939, "GENRE_TXT": "parcelle priv\u00e9e", "SUPERFICIE_MO": 1299, "SUPERFICIE_RF": 1298}}, {"type": "Feature", "id": 52244745, "geometry": {"type": "Polygon", "coordinates": [[[2545745.433, 1182959.826], [2545755.913, 1182961.966], [2545757.833, 1182966.756], [2545752.843, 1182968.996], [2545747.603, 1182969.526], [2545743.573, 1182968.136], [2545744.073, 1182966.056], [2545745.433, 1182959.826]]]}, "properties": {"OBJECTID": 52244745, "NUMERO": "353", "EGRID": "CH409745868388", "NO_COM_FED": 5939, "GENRE_TXT": "parcelle priv\u00e9e", "SUPERFICIE_MO": 98, "SUPERFICIE_RF": 96}}, {"type": "Feature", "id": 52244763, "geometry": {"type": "Polygon", "coordinates": [[[2545569.683, 1182931.631], [2545592.903, 1182932.28], [2545672.213, 1182941.348], [2545753.593, 1182957.246], [2545755.343, 1182954.386], [2545763.623, 1182967.306], [2545759.233, 1182970.116], [2545758.233, 1182967.686], [2545757.833, 1182966.756], [2545755.913, 1182961.966], [2545745.433, 1182959.826], [2545671.493, 1182945.428], [2545592.553, 1182936.22], [2545569.863, 1182935.571], [2545509.964, 1182937.153], [2545498.034, 1182937.473], [2545479.854, 1182938.113], [2545467.994, 1182936.494], [2545395.524, 1182913.786], [2545323.054, 1182891.298], [2545253.884, 1182869.7], [2545241.0640000002, 1182863.901], [2545171.194, 1182824.223], [2545093.845, 1182780.345], [2545014.505, 1182735.208], [2545003.155, 1182727.048], [2544985.185, 1182712.679], [2544972.635, 1182702.569], [2544964.375, 1182695.9], [2544940.685, 1182676.97], [2544871.435, 1182621.493], [2544877.364, 1182614.793], [2544878.075, 1182621.703], [2544943.115, 1182673.78], [2545005.845, 1182723.878], [2545016.535, 1182731.798], [2545095.795, 1182776.955], [2545152.584, 1182809.023], [2545173.074, 1182820.873], [2545243.3140000002, 1182860.541], [2545256.144, 1182866.13], [2545324.374, 1182887.438], [2545396.784, 1182910.016], [2545468.974, 1182932.494], [2545479.624, 1182934.043], [2545549.693, 1182932.092], [2545569.683, 1182931.631]]]}, "properties": {"OBJECTID": 52244763, "NUMERO": "DP 1099", "EGRID": "CH644583973891", "NO_COM_FED": 5939, "GENRE_TXT": "DP communal", "SUPERFICIE_MO": 3964, "SUPERFICIE_RF": null}}, {"type": "Feature", "id": 52245275, "geometry": {"type": "Polygon", "coordinates": [[[2545977.941, 1182873.561], [2545986.001, 1182885.91], [2546046.341, 1182977.638], [2546106.452, 1183069.426], [2546113.882, 1183081.095], [2546110.382, 1183083.035], [2546102.812, 1183071.476], [2546042.671, 1182979.758], [2545981.761, 1182886.65], [2545974.011, 1182874.771], [2545919.921, 1182792.073], [2545866.59, 1182710.665], [2545869.97, 1182708.555], [2545923.521, 1182790.723], [2545977.941, 1182873.561]]]}, "properties": {"OBJECTID": 52245275, "NUMERO": "DP 1109", "EGRID": "CH474598848366", "NO_COM_FED": 5939, "GENRE_TXT": "DP communal", "SUPERFICIE_MO": 1786, "SUPERFICIE_RF": null}}, {"type": "Feature", "id": 52245866, "geometry": {"type": "Polygon", "coordinates": [[[2546982.347, 1183490.11], [2546983.467, 1183492], [2546995.917, 1183512.61], [2546999.497, 1183518.58], [2546967.368, 1183545.29], [2546949.578, 1183550.251], [2546936.668, 1183538.911], [2546977.187, 1183489.68], [2546977.5580506227, 1183489.3221498965], [2546977.9813592625, 1183489.0279644844], [2546978.446119053, 1183488.804954175], [2546978.9404649013, 1183488.658812314], [2546979.4517763956, 1183488.5932698334], [2546979.967, 1183488.61], [2546980.4432879444, 1183488.6998983056], [2546980.9007413066, 1183488.8601117025], [2546981.329042101, 1183489.0870265334], [2546981.718529886, 1183489.3755246727], [2546982.060419658, 1183489.7190989656], [2546982.347, 1183490.11]]]}, "properties": {"OBJECTID": 52245866, "NUMERO": "41", "EGRID": "CH598397544548", "NO_COM_FED": 5939, "GENRE_TXT": "parcelle priv\u00e9e", "SUPERFICIE_MO": 1855, "SUPERFICIE_RF": 1845}}, {"type": "Feature", "id": 52246077, "geometry": {"type": "Polygon", "coordinates": [[[2547067.405, 1183118.245], [2547068.746, 1183119.86], [2547073.499, 1183125.586], [2547054.102, 1183141.779], [2547051.346, 1183138.49], [2547042.296, 1183125.621], [2547027.042, 1183103.911], [2547025.306, 1183101.441], [2547042.756, 1183088.541], [2547067.405, 1183118.245]]]}, "properties": {"OBJECTID": 52246077, "NUMERO": "2671", "EGRID": "CH489883450746", "NO_COM_FED": 5939, "GENRE_TXT": "parcelle priv\u00e9e", "SUPERFICIE_MO": 1154, "SUPERFICIE_RF": 1153}}]}