{"type": "FeatureCollection", "crs": {"type": "name", "properties": {"name": "EPSG:2056"}}, "features": [{"type": "Feature", "id": 46278143, "geometry": {"type": "Polygon", "coordinates": [[[2545431.629, 1182224.262], [2545434.4390000002, 1182227.402], [2545431.229, 1182230.242], [2545428.409, 1182227.062], [2545431.629, 1182224.262]]]}, "properties": {"OBJECTID": 46278143, "EGID": 280042498}}, {"type": "Feature", "id": 46278226, "geometry": {"type": "Polygon", "coordinates": [[[2546877.2060000002, 1183638.011], [2546883.844, 1183636.252], [2546884.703, 1183639.128], [2546886.034, 1183644.722], [2546879.71, 1183646.642], [2546877.2060000002, 1183638.011]]]}, "properties": {"OBJECTID": 46278226, "EGID": 280126477}}, {"type": "Feature", "id": 46283334, "geometry": {"type": "Polygon", "coordinates": [[[2547387.021, 1183119.952], [2547386.121, 1183120.792], [2547383.761, 1183120.852], [2547383.481, 1183120.622], [2547380.031, 1183124.162], [2547372.5609999998, 1183116.623], [2547372.821, 1183115.123], [2547373.821, 1183114.0929999999], [2547375.551, 1183113.612], [2547376.3310000002, 1183114.332], [2547378.961, 1183111.762], [2547387.021, 1183119.952]]]}, "properties": {"OBJECTID": 46283334, "EGID": 846861}}, {"type": "Feature", "id": 46283351, "geometry": {"type": "Polygon", "coordinates": [[[2548170.8, 1181459.551], [2548168.46, 1181448.791], [2548209.019, 1181439.819], [2548209.605, 1181442.46], [2548210.67, 1181447.263], [2548211.399, 1181450.549], [2548183.409, 1181456.75], [2548170.8, 1181459.551]]]}, "properties": {"OBJECTID": 46283351, "EGID": 280003135}}, {"type": "Feature", "id": 46283432, "geometry": {"type": "Polygon", "coordinates": [[[2547634.303, 1182954.035], [2547634.445, 1182953.871], [2547641.281, 1182959.795], [2547633.286, 1182969.03], [2547626.471, 1182963.116], [2547630.77, 1182958.131], [2547634.303, 1182954.035]]]}, "properties": {"OBJECTID": 46283432, "EGID": 190058206}}, {"type": "Feature", "id": 46283481, "geometry": {"type": "Polygon", "coordinates": [[[2546114.81, 1183992.938], [2546118.84, 1183996.668], [2546116.71, 1183998.928], [2546118.39, 1184000.548], [2546114.76, 1184004.458], [2546108.94, 1183999.098], [2546114.81, 1183992.938]]]}, "properties": {"OBJECTID": 46283481, "EGID": 846535}}, {"type": "Feature", "id": 46283576, "geometry": {"type": "Polygon", "coordinates": [[[2546894.159, 1183584.332], [2546895.989, 1183588.312], [2546897.149, 1183587.7719999999], [2546899.099, 1183591.7820000001], [2546896.819, 1183592.832], [2546897.209, 1183593.622], [2546891.859, 1183596.222], [2546890.6689999998, 1183593.592], [2546890.319, 1183593.722], [2546890.489, 1183594.132], [2546889.289, 1183594.672], [2546888.769, 1183593.502], [2546889.799, 1183593.0320000001], [2546887.259, 1183587.632], [2546894.159, 1183584.332]]]}, "properties": {"OBJECTID": 46283576, "EGID": 846643}}, {"type": "Feature", "id": 46283729, "geometry": {"type": "Polygon", "coordinates": [[[2546788.871, 1183877.123], [2546792.351, 1183881.533], [2546790.801, 1183882.713], [2546789.791, 1183881.433], [2546787.431, 1183883.193], [2546784.991, 1183879.893], [2546788.871, 1183877.123]]]}, "properties": {"OBJECTID": 46283729, "EGID": 280038435}}, {"type": "Feature", "id": 46283731, "geometry": {"type": "Polygon", "coordinates": [[[2547255.176, 1183028.425], [2547252.461, 1183031.191], [2547251.05, 1183029.805], [2547253.764, 1183027.04], [2547255.176, 1183028.425]]]}, "properties": {"OBJECTID": 46283731, "EGID": 280111198}}, {"type": "Feature", "id": 46284343, "geometry": {"type": "Polygon", "coordinates": [[[2546818.349, 1183363.585], [2546823.769, 1183370.805], [2546814.949, 1183377.445], [2546812.9189999998, 1183374.75], [2546810.084, 1183376.871], [2546806.961, 1183372.697], [2546809.781, 1183370.586], [2546809.509, 1183370.225], [2546818.349, 1183363.585]]]}, "properties": {"OBJECTID": 46284343, "EGID": 3164720}}, {"type": "Feature", "id": 46284405, "geometry": {"type": "Polygon", "coordinates": [[[2545001.668, 1181410.7179999999], [2544994.299, 1181420.668], [2544985.469, 1181414.168], [2544987.309, 1181411.448], [2544982.579, 1181407.808], [2544988.049, 1181400.518], [2545001.668, 1181410.7179999999]]]}, "properties": {"OBJECTID": 46284405, "EGID": 846998}}, {"type": "Feature", "id": 46284406, "geometry": {"type": "Polygon", "coordinates": [[[2548101.719, 1180693.893], [2548108.989, 1180694.363], [2548108.609, 1180701.8530000001], [2548101.11, 1180701.413], [2548101.719, 1180693.893]]]}, "properties": {"OBJECTID": 46284406, "EGID": 280019470}}, {"type": "Feature", "id": 46284574, "geometry": {"type": "Polygon", "coordinates": [[[2546974.877, 1183057.833], [2546975.257, 1183057.653], [2546975.417, 1183057.933], [2546979.137, 1183056.463], [2546980.807, 1183060.302], [2546980.097, 1183060.623], [2546982.057, 1183065.112], [2546978.587, 1183066.693], [2546974.877, 1183057.833]]]}, "properties": {"OBJECTID": 46284574, "EGID": 280025828}}, {"type": "Feature", "id": 46284675, "geometry": {"type": "Polygon", "coordinates": [[[2547750.974, 1183029.762], [2547749.3140000002, 1183028.292], [2547752.994, 1183024.132], [2547754.654, 1183025.602], [2547750.974, 1183029.762]]]}, "properties": {"OBJECTID": 46284675, "EGID": 280110519}}, {"type": "Feature", "id": 46285110, "geometry": {"type": "Polygon", "coordinates": [[[2547864.12, 1183307.7], [2547870.379, 1183305.966], [2547873.873, 1183318.571], [2547867.583, 1183320.208], [2547864.12, 1183307.7]]]}, "properties": {"OBJECTID": 46285110, "EGID": 280106543}}, {"type": "Feature", "id": 46285182, "geometry": {"type": "Polygon", "coordinates": [[[2547359.289, 1182897.292], [2547356.379, 1182894.512], [2547361.859, 1182889.212], [2547360.979, 1182888.232], [2547364.9189999998, 1182884.2719999999], [2547365.859, 1182885.182], [2547368.029, 1182882.972], [2547370.779, 1182886.362], [2547369.179, 1182888.0320000001], [2547369.039, 1182887.892], [2547365.519, 1182891.5320000001], [2547365.339, 1182891.362], [2547359.289, 1182897.292]]]}, "properties": {"OBJECTID": 46285182, "EGID": 846874}}, {"type": "Feature", "id": 46285320, "geometry": {"type": "Polygon", "coordinates": [[[2545406.539, 1181133.034], [2545399.621, 1181126.509], [2545405.396, 1181120.393], [2545412.319, 1181126.912], [2545406.539, 1181133.034]]]}, "properties": {"OBJECTID": 46285320, "EGID": 280100342}}, {"type": "Feature", "id": 46285892, "geometry": {"type": "Polygon", "coordinates": [[[2547588.455, 1182894.776], [2547591.585, 1182897.286], [2547588.495, 1182901.066], [2547585.395, 1182898.516], [2547579.076, 1182906.206], [2547574.166, 1182902.136], [2547577.256, 1182898.336], [2547572.306, 1182894.236], [2547578.535, 1182886.796], [2547588.455, 1182894.776]]]}, "properties": {"OBJECTID": 46285892, "EGID": 846942}}, {"type": "Feature", "id": 46285952, "geometry": {"type": "Polygon", "coordinates": [[[2547451.83, 1183164.701], [2547459.17, 1183171.83], [2547457.19, 1183173.75], [2547457.13, 1183175.22], [2547455.64, 1183176.81], [2547447.03, 1183168.251], [2547451.23, 1183164.061], [2547451.83, 1183164.701]]]}, "properties": {"OBJECTID": 46285952, "EGID": 846848}}, {"type": "Feature", "id": 46285975, "geometry": {"type": "Polygon", "coordinates": [[[2546418.125, 1183748.662], [2546421.415, 1183753.492], [2546418.925, 1183755.162], [2546415.635, 1183750.372], [2546418.125, 1183748.662]]]}, "properties": {"OBJECTID": 46285975, "EGID": 280044476}}, {"type": "Feature", "id": 46286038, "geometry": {"type": "Polygon", "coordinates": [[[2548694.026, 1180305.497], [2548705.426, 1180322.037], [2548684.616, 1180336.017], [2548673.2060000002, 1180319.558], [2548694.026, 1180305.497]]]}, "properties": {"OBJECTID": 46286038, "EGID": 842058}}, {"type": "Feature", "id": 46286566, "geometry": {"type": "Polygon", "coordinates": [[[2549383.786, 1180913.864], [2549387.918, 1180911.039], [2549389.653, 1180913.629], [2549385.549, 1180916.443], [2549383.786, 1180913.864]]]}, "properties": {"OBJECTID": 46286566, "EGID": 280120415}}, {"type": "Feature", "id": 46286657, "geometry": {"type": "Polygon", "coordinates": [[[2546981.529, 1183687.57], [2546976.771, 1183677.077], [2546979.927, 1183675.646], [2546980.921, 1183673.003], [2546985.94, 1183670.727], [2546987.964, 1183675.169], [2546991.528, 1183682.996], [2546981.529, 1183687.57]]]}, "properties": {"OBJECTID": 46286657, "EGID": 190058246}}, {"type": "Feature", "id": 46286667, "geometry": {"type": "Polygon", "coordinates": [[[2548705.666, 1181460.579], [2548702.6689999998, 1181452.199], [2548708.895, 1181449.973], [2548712.073, 1181458.301], [2548705.666, 1181460.579]]]}, "properties": {"OBJECTID": 46286667, "EGID": 280106457}}, {"type": "Feature", "id": 46286905, "geometry": {"type": "Polygon", "coordinates": [[[2547994.68, 1183028.325], [2547992.22, 1183031.005], [2547993.46, 1183032.105], [2547990, 1183036.095], [2547980.4, 1183028.016], [2547986.39, 1183021.115], [2547994.68, 1183028.325]]]}, "properties": {"OBJECTID": 46286905, "EGID": 846919}}, {"type": "Feature", "id": 46286927, "geometry": {"type": "Polygon", "coordinates": [[[2546591.674, 1182229.49], [2546594.494, 1182229.8], [2546594.184, 1182231.8], [2546606.144, 1182233.21], [2546624.433, 1182235.349], [2546623.391, 1182244.386], [2546623.3140000002, 1182245.049], [2546605.104, 1182242.98], [2546592.944, 1182241.47], [2546593.104, 1182240.39], [2546590.824, 1182240.15], [2546591.234, 1182237.68], [2546590.334, 1182237.57], [2546590.934, 1182232.55], [2546591.284, 1182232.62], [2546591.674, 1182229.49]]]}, "properties": {"OBJECTID": 46286927, "EGID": 280004623}}, {"type": "Feature", "id": 46287196, "geometry": {"type": "Polygon", "coordinates": [[[2547618.046, 1183038.626], [2547609.806, 1183049.126], [2547600.977, 1183042.386], [2547609.446, 1183031.816], [2547618.046, 1183038.626]]]}, "properties": {"OBJECTID": 46287196, "EGID": 846871}}, {"type": "Feature", "id": 46287198, "geometry": {"type": "Polygon", "coordinates": [[[2546356.165, 1183483.386], [2546360.295, 1183489.195], [2546359.935, 1183489.515], [2546361.085, 1183491.095], [2546353.755, 1183496.256], [2546352.605, 1183494.766], [2546349.555, 1183496.866], [2546345.365, 1183491.016], [2546356.165, 1183483.386]]]}, "properties": {"OBJECTID": 46287198, "EGID": 846551}}, {"type": "Feature", "id": 46287243, "geometry": {"type": "Polygon", "coordinates": [[[2546598.343, 1183637.729], [2546599.893, 1183644.578], [2546592.523, 1183646.299], [2546590.973, 1183639.389], [2546598.343, 1183637.729]]]}, "properties": {"OBJECTID": 46287243, "EGID": 846561}}, {"type": "Feature", "id": 46287347, "geometry": {"type": "Polygon", "coordinates": [[[2548458.508, 1181634.222], [2548473.829, 1181649.973], [2548473.47, 1181650.324], [2548476.595, 1181653.552], [2548473.602, 1181656.47], [2548473.807, 1181656.729], [2548460.078, 1181669.879], [2548452.89, 1181662.493], [2548452.704, 1181659.319], [2548453.407, 1181658.6030000001], [2548448.233, 1181653.162], [2548444.834, 1181647.318], [2548445.336, 1181646.837], [2548458.508, 1181634.222]]]}, "properties": {"OBJECTID": 46287347, "EGID": 280006581}}, {"type": "Feature", "id": 46287367, "geometry": {"type": "Polygon", "coordinates": [[[2547170.944, 1183279.297], [2547164.454, 1183268.697], [2547158.845, 1183272.447], [2547155.675, 1183267.177], [2547167.134, 1183259.817], [2547172.174, 1183267.747], [2547175.374, 1183265.617], [2547180.504, 1183272.826], [2547178.284, 1183274.337], [2547179.414, 1183276.097], [2547177.174, 1183277.537], [2547175.984, 1183275.937], [2547170.944, 1183279.297]]]}, "properties": {"OBJECTID": 46287367, "EGID": 846792}}, {"type": "Feature", "id": 46287498, "geometry": {"type": "Polygon", "coordinates": [[[2547521.9560000002, 1182858.158], [2547524.446, 1182854.818], [2547530.596, 1182859.388], [2547528.116, 1182862.738], [2547521.9560000002, 1182858.158]]]}, "properties": {"OBJECTID": 46287498, "EGID": 101111868}}, {"type": "Feature", "id": 46287959, "geometry": {"type": "Polygon", "coordinates": [[[2547265.501, 1182053.938], [2547268.911, 1182050.498], [2547272.981, 1182054.308], [2547276.741, 1182050.568], [2547280.891, 1182054.508], [2547266.451, 1182069.348], [2547250.391, 1182053.719], [2547257.591, 1182046.2179999999], [2547265.501, 1182053.938]]]}, "properties": {"OBJECTID": 46287959, "EGID": 3164755}}, {"type": "Feature", "id": 46288051, "geometry": {"type": "Polygon", "coordinates": [[[2547493.098, 1183002.769], [2547497.088, 1183006.839], [2547489.348, 1183014.359], [2547475.008, 1182999.809], [2547482.498, 1182992.109], [2547486.638, 1182996.129], [2547488.349890866, 1182996.7969503338], [2547489.978, 1182997.649], [2547491.568, 1182999.329], [2547492.42994711, 1183001.005881082], [2547493.098, 1183002.769]]]}, "properties": {"OBJECTID": 46288051, "EGID": 3164736}}, {"type": "Feature", "id": 46288171, "geometry": {"type": "Polygon", "coordinates": [[[2547862.612, 1183044.659], [2547866.322, 1183040.349], [2547868.602, 1183042.179], [2547864.712, 1183046.559], [2547862.612, 1183044.659]]]}, "properties": {"OBJECTID": 46288171, "EGID": 280047407}}, {"type": "Feature", "id": 46288269, "geometry": {"type": "Polygon", "coordinates": [[[2547367.882, 1183304.752], [2547367.592, 1183304.332], [2547364.512, 1183305.992], [2547362.022, 1183301.442], [2547365.162, 1183299.7719999999], [2547364.102, 1183297.612], [2547368.482, 1183295.212], [2547367.802, 1183294.012], [2547376.642, 1183289.252], [2547381.132, 1183297.642], [2547367.882, 1183304.752]]]}, "properties": {"OBJECTID": 46288269, "EGID": 846834}}, {"type": "Feature", "id": 46288324, "geometry": {"type": "Polygon", "coordinates": [[[2546897.603, 1180981.673], [2546894.633, 1180984.313], [2546891.603, 1180980.954], [2546894.533, 1180978.283], [2546897.603, 1180981.673]]]}, "properties": {"OBJECTID": 46288324, "EGID": 280042873}}, {"type": "Feature", "id": 46288419, "geometry": {"type": "Polygon", "coordinates": [[[2546985.209, 1183182.473], [2546981.713, 1183176.814], [2546984.416, 1183175.158], [2546982.941, 1183172.763], [2546980.222, 1183174.437], [2546975.39, 1183166.644], [2546986.127, 1183160.019], [2546990.948, 1183167.783], [2546988.207, 1183169.456], [2546989.681, 1183171.87], [2546992.421, 1183170.197], [2546995.906, 1183175.837], [2546985.209, 1183182.473]]]}, "properties": {"OBJECTID": 46288419, "EGID": 280120768}}, {"type": "Feature", "id": 46288512, "geometry": {"type": "Polygon", "coordinates": [[[2546684.597, 1183315.875], [2546686.324, 1183318.14], [2546684.072, 1183319.884], [2546682.33, 1183317.617], [2546684.597, 1183315.875]]]}, "properties": {"OBJECTID": 46288512, "EGID": 280136059}}, {"type": "Feature", "id": 46288601, "geometry": {"type": "Polygon", "coordinates": [[[2546586.35, 1183970.764], [2546578.124, 1183971.531], [2546578.137, 1183971.65], [2546569.926, 1183972.404], [2546568.774, 1183960.382], [2546576.195, 1183959.729], [2546576.009, 1183958.069], [2546576.675, 1183957.995], [2546576.556, 1183956.931], [2546580.167, 1183956.526], [2546580.472, 1183959.363], [2546582.774, 1183959.178], [2546583.125, 1183962.791], [2546585.553, 1183962.555], [2546586.35, 1183970.764]]]}, "properties": {"OBJECTID": 46288601, "EGID": 280014696}}, {"type": "Feature", "id": 46288712, "geometry": {"type": "Polygon", "coordinates": [[[2547047.376, 1183242.55], [2547046.6859999998, 1183234.8], [2547046.446, 1183232.35], [2547065.346, 1183230.57], [2547068.256, 1183234.099], [2547068.776, 1183239.319], [2547066.486, 1183243.229], [2547047.676, 1183245.06], [2547047.376, 1183242.55]]]}, "properties": {"OBJECTID": 46288712, "EGID": 280005827}}, {"type": "Feature", "id": 46288737, "geometry": {"type": "Polygon", "coordinates": [[[2545906.487, 1182250.659], [2545911.397, 1182258.358], [2545881.328, 1182277.859], [2545876.278, 1182270.059], [2545906.487, 1182250.659]]]}, "properties": {"OBJECTID": 46288737, "EGID": 3164708}}, {"type": "Feature", "id": 46288948, "geometry": {"type": "Polygon", "coordinates": [[[2546622.407, 1182251.219], [2546622.076, 1182260.803], [2546612.542, 1182260.511], [2546612.801, 1182250.923], [2546622.407, 1182251.219]]]}, "properties": {"OBJECTID": 46288948, "EGID": 846961}}, {"type": "Feature", "id": 46288980, "geometry": {"type": "Polygon", "coordinates": [[[2546819.219, 1183104.416], [2546820.579, 1183105.572], [2546818.655, 1183107.861], [2546817.279, 1183106.69], [2546819.219, 1183104.416]]]}, "properties": {"OBJECTID": 46288980, "EGID": 280140046}}, {"type": "Feature", "id": 46289002, "geometry": {"type": "Polygon", "coordinates": [[[2546925.248, 1183418.942], [2546928.068, 1183423.5219999999], [2546922.208, 1183427.132], [2546919.338, 1183422.462], [2546925.248, 1183418.942]]]}, "properties": {"OBJECTID": 46289002, "EGID": 280027230}}, {"type": "Feature", "id": 46289296, "geometry": {"type": "Polygon", "coordinates": [[[2546717.621, 1183611.686], [2546719.071, 1183617.806], [2546707.111, 1183620.606], [2546705.671, 1183614.496], [2546717.621, 1183611.686]]]}, "properties": {"OBJECTID": 46289296, "EGID": 846651}}, {"type": "Feature", "id": 46289320, "geometry": {"type": "Polygon", "coordinates": [[[2546677.778, 1182909.922], [2546668.938, 1182919.012], [2546662.928, 1182913.132], [2546671.778, 1182904.042], [2546677.778, 1182909.922]]]}, "properties": {"OBJECTID": 46289320, "EGID": 846689}}, {"type": "Feature", "id": 46289383, "geometry": {"type": "Polygon", "coordinates": [[[2546510.924, 1183827.34], [2546512.964, 1183833.16], [2546509.834, 1183834.25], [2546507.784, 1183828.5], [2546510.924, 1183827.34]]]}, "properties": {"OBJECTID": 46289383, "EGID": 280039965}}, {"type": "Feature", "id": 46289506, "geometry": {"type": "Polygon", "coordinates": [[[2548479.708, 1181767.448], [2548478.158, 1181765.189], [2548470.479, 1181756.099], [2548470.849, 1181755.789], [2548472.258, 1181754.579], [2548472.138, 1181754.439], [2548474.778, 1181752.299], [2548477.348, 1181751.378], [2548472.038, 1181744.949], [2548484.458, 1181734.918], [2548498.458, 1181751.998], [2548480.168, 1181767.068], [2548479.708, 1181767.448]]]}, "properties": {"OBJECTID": 46289506, "EGID": 843420}}, {"type": "Feature", "id": 46289627, "geometry": {"type": "Polygon", "coordinates": [[[2547455.292, 1183375.37], [2547455.7809367096, 1183375.1124278374], [2547456.307172308, 1183374.9436717434], [2547456.8547173943, 1183374.8688592862], [2547457.406935087, 1183374.890263605], [2547457.947046531, 1183375.0072343398], [2547458.4586407137, 1183375.2162173945], [2547458.9261731044, 1183375.5108629244], [2547459.3354379684, 1183375.8822182743], [2547459.6739999996, 1183376.319], [2547459.9315721625, 1183376.8079367094], [2547460.100328257, 1183377.3341723082], [2547460.175140714, 1183377.8817173943], [2547460.1537363953, 1183378.433935087], [2547460.03676566, 1183378.974046531], [2547459.827782606, 1183379.4856407137], [2547459.5331370756, 1183379.9531731044], [2547459.1617817255, 1183380.3624379686], [2547458.725, 1183380.701], [2547458.262862297, 1183380.9471726683], [2547457.76650886, 1183381.1139224968], [2547457.249478918, 1183381.1967009841], [2547456.7258756985, 1183381.1932501493], [2547456.209981734, 1183381.103664122], [2547455.7158692656, 1183380.9303865756], [2547455.257016394, 1183380.6781440699], [2547454.8459394295, 1183380.3538171228], [2547454.49385148, 1183379.966252528], [2547454.210356587, 1183379.5260220373], [2547454.003187752, 1183379.0451339907], [2547453.877996001, 1183378.536705761], [2547453.8381962385, 1183378.0146059447], [2547453.884874098, 1183377.4930760637], [2547454.0167563297, 1183376.9863420937], [2547454.2302455297, 1183376.5082264163], [2547454.519518269, 1183376.0717707812], [2547454.876683942, 1183375.68888056], [2547455.292, 1183375.37]]]}, "properties": {"OBJECTID": 46289627, "EGID": 280132888}}, {"type": "Feature", "id": 46289632, "geometry": {"type": "Polygon", "coordinates": [[[2546688.346, 1183471.368], [2546685.371, 1183471.926], [2546685.103, 1183470.487], [2546683.715, 1183463.047], [2546692.584, 1183461.391], [2546694.249, 1183470.261], [2546688.346, 1183471.368]]]}, "properties": {"OBJECTID": 46289632, "EGID": 190058198}}, {"type": "Feature", "id": 46289675, "geometry": {"type": "Polygon", "coordinates": [[[2547078.6859999998, 1183622.127], [2547087.386, 1183617.197], [2547090.776, 1183623.097], [2547093.076, 1183621.757], [2547096.076, 1183627.037], [2547093.6859999998, 1183628.347], [2547093.876, 1183628.6469999999], [2547085.176, 1183633.497], [2547083.066, 1183629.8969999999], [2547082.896, 1183629.977], [2547080.506, 1183625.757], [2547080.676, 1183625.667], [2547078.6859999998, 1183622.127]]]}, "properties": {"OBJECTID": 46289675, "EGID": 846631}}, {"type": "Feature", "id": 46289767, "geometry": {"type": "Polygon", "coordinates": [[[2549153.812, 1180850.852], [2549163.152, 1180859.891], [2549152.642, 1180870.831], [2549143.452, 1180862.102], [2549147.782, 1180857.012], [2549153.812, 1180850.852]]]}, "properties": {"OBJECTID": 46289767, "EGID": 280007722}}, {"type": "Feature", "id": 46290167, "geometry": {"type": "Polygon", "coordinates": [[[2548647.301, 1181673.986], [2548645.282, 1181676.1469999999], [2548644.56, 1181675.469], [2548640.822, 1181679.442], [2548634.228, 1181673.254], [2548642.362, 1181664.553], [2548645.738, 1181667.7179999999], [2548648.96, 1181670.74], [2548646.56, 1181673.31], [2548647.301, 1181673.986]]]}, "properties": {"OBJECTID": 46290167, "EGID": 280101822}}, {"type": "Feature", "id": 46290351, "geometry": {"type": "Polygon", "coordinates": [[[2547449.353, 1183433.11], [2547449.5990552804, 1183433.5721304368], [2547449.7656791285, 1183434.0684612084], [2547449.848325221, 1183434.5854499557], [2547449.8447385635, 1183435.1089906679], [2547449.7550170184, 1183435.6247985642], [2547449.5816086326, 1183436.118799853], [2547449.3292448455, 1183436.577515735], [2547449.0048113894, 1183436.9884301715], [2547448.6171604143, 1183437.3403313835], [2547448.176868957, 1183437.6236177648], [2547447.695950346, 1183437.8305598616], [2547447.1875264216, 1183437.9555112694], [2547446.665469503, 1183437.9950626958], [2547446.1440238864, 1183437.9481349818], [2547445.637417188, 1183437.816008548], [2547445.1594721447, 1183437.602288457], [2547444.7232294623, 1183437.3128060505], [2547444.3405919997, 1183436.9554598406], [2547444.022, 1183436.54], [2547443.764824603, 1183436.0511007907], [2547443.5964399893, 1183435.5249750994], [2547443.5219610217, 1183434.9776045624], [2547443.543650081, 1183434.4256161512], [2547443.660848337, 1183433.8857771102], [2547443.8699957677, 1183433.374485634], [2547444.1647392926, 1183432.9072727533], [2547444.536125759, 1183432.4983305645], [2547444.972873902, 1183432.1600811284], [2547445.4617170244, 1183431.902799137], [2547445.987805988, 1183431.734299809], [2547446.535160273, 1183431.6597014936], [2547447.0871534, 1183431.6812701952], [2547447.6270179823, 1183431.7983507412], [2547448.1383550493, 1183432.0073866833], [2547448.6056321855, 1183432.302028329], [2547449.014655343, 1183432.6733256201], [2547449.353, 1183433.11]]]}, "properties": {"OBJECTID": 46290351, "EGID": 280132783}}, {"type": "Feature", "id": 46290379, "geometry": {"type": "Polygon", "coordinates": [[[2546688.115, 1183316.945], [2546681.45, 1183308.328], [2546685.834, 1183304.944], [2546687.059, 1183306.521], [2546690.11, 1183304.172], [2546698.004, 1183314.37], [2546694.642, 1183316.974], [2546690.574, 1183320.124], [2546688.115, 1183316.945]]]}, "properties": {"OBJECTID": 46290379, "EGID": 280122322}}, {"type": "Feature", "id": 46290384, "geometry": {"type": "Polygon", "coordinates": [[[2546833.092, 1183563.554], [2546830.785, 1183564.648], [2546829.9359999998, 1183562.882], [2546832.261, 1183561.765], [2546833.092, 1183563.554]]]}, "properties": {"OBJECTID": 46290384, "EGID": 280115284}}, {"type": "Feature", "id": 46290444, "geometry": {"type": "Polygon", "coordinates": [[[2548519.567, 1181714.167], [2548511.187, 1181705.087], [2548518.827, 1181698.087], [2548525.357, 1181705.217], [2548522.437, 1181707.9070000001], [2548524.257, 1181709.887], [2548519.567, 1181714.167]]]}, "properties": {"OBJECTID": 46290444, "EGID": 843417}}, {"type": "Feature", "id": 46290483, "geometry": {"type": "Polygon", "coordinates": [[[2547549.115, 1182804.6469999999], [2547552.065, 1182801.627], [2547557.065, 1182806.177], [2547551.115, 1182812.827], [2547546.425, 1182808.717], [2547544.155, 1182811.207], [2547541.515, 1182808.797], [2547542.865, 1182807.207], [2547537.155, 1182801.827], [2547541.425, 1182797.417], [2547549.115, 1182804.6469999999]]]}, "properties": {"OBJECTID": 46290483, "EGID": 846944}}, {"type": "Feature", "id": 46290563, "geometry": {"type": "Polygon", "coordinates": [[[2548396.548, 1180226.476], [2548400.657, 1180219.187], [2548404.267, 1180221.286], [2548403.107, 1180223.476], [2548407.647, 1180225.916], [2548409.057, 1180223.496], [2548413.207, 1180225.796], [2548411.557, 1180228.836], [2548414.687, 1180230.586], [2548412.347, 1180234.456], [2548409.207, 1180232.766], [2548406.178, 1180237.786], [2548388.538, 1180228.057], [2548391.218, 1180223.417], [2548396.548, 1180226.476]]]}, "properties": {"OBJECTID": 46290563, "EGID": 280006675}}, {"type": "Feature", "id": 46290636, "geometry": {"type": "Polygon", "coordinates": [[[2546545.403, 1183600.92], [2546551.183, 1183612.27], [2546542.034, 1183616.96], [2546536.204, 1183605.71], [2546545.403, 1183600.92]]]}, "properties": {"OBJECTID": 46290636, "EGID": 846571}}, {"type": "Feature", "id": 46290665, "geometry": {"type": "Polygon", "coordinates": [[[2546409.394, 1183459.114], [2546416.884, 1183455.134], [2546418.754, 1183458.694], [2546420.534, 1183457.754], [2546421.094, 1183458.814], [2546425.784, 1183456.264], [2546428.2939999998, 1183460.954], [2546414.304, 1183468.394], [2546411.774, 1183463.624], [2546412.214, 1183462.234], [2546410.824, 1183461.814], [2546409.394, 1183459.114]]]}, "properties": {"OBJECTID": 46290665, "EGID": 190028509}}, {"type": "Feature", "id": 46290671, "geometry": {"type": "Polygon", "coordinates": [[[2546798.34, 1183513.484], [2546806.73, 1183532.474], [2546803.43, 1183533.904], [2546804.71, 1183536.844], [2546797.37, 1183540.154], [2546796.08, 1183537.144], [2546793.6, 1183538.224], [2546785.35, 1183519.225], [2546798.34, 1183513.484]]]}, "properties": {"OBJECTID": 46290671, "EGID": 9031386}}, {"type": "Feature", "id": 46290747, "geometry": {"type": "Polygon", "coordinates": [[[2544210.246, 1183666.442], [2544209.039, 1183670.367], [2544203.879, 1183668.987], [2544204.88, 1183664.9679999999], [2544210.246, 1183666.442]]]}, "properties": {"OBJECTID": 46290747, "EGID": 842247}}, {"type": "Feature", "id": 46290897, "geometry": {"type": "Polygon", "coordinates": [[[2548586.488, 1181716.731], [2548588.304, 1181714.729], [2548592.934, 1181718.86], [2548591.106, 1181720.841], [2548586.488, 1181716.731]]]}, "properties": {"OBJECTID": 46290897, "EGID": 281004046}}, {"type": "Feature", "id": 46290909, "geometry": {"type": "Polygon", "coordinates": [[[2545930.443, 1184144.872], [2545929.203, 1184138.992], [2545932.113, 1184138.382], [2545933.323, 1184144.2719999999], [2545930.443, 1184144.872]]]}, "properties": {"OBJECTID": 46290909, "EGID": 101111842}}, {"type": "Feature", "id": 46291550, "geometry": {"type": "Polygon", "coordinates": [[[2547561.999, 1183221.858], [2547567.469, 1183219.857], [2547572.659, 1183233.937], [2547566.099, 1183236.337], [2547564.739, 1183232.507], [2547561.699, 1183233.618], [2547555.329, 1183235.938], [2547551.529, 1183225.698], [2547561.999, 1183221.858]]]}, "properties": {"OBJECTID": 46291550, "EGID": 9031404}}, {"type": "Feature", "id": 46291660, "geometry": {"type": "Polygon", "coordinates": [[[2548581.032, 1181795.402], [2548586.511, 1181791.32], [2548592.477, 1181786.875], [2548607.437, 1181807.015], [2548591.397, 1181818.976], [2548576.437, 1181798.826], [2548581.032, 1181795.402]]]}, "properties": {"OBJECTID": 46291660, "EGID": 280002891}}, {"type": "Feature", "id": 46291679, "geometry": {"type": "Polygon", "coordinates": [[[2546858.874, 1183316.094], [2546850.415, 1183308.146], [2546854.532, 1183303.776], [2546862.978, 1183311.7179999999], [2546858.874, 1183316.094]]]}, "properties": {"OBJECTID": 46291679, "EGID": 280058002}}, {"type": "Feature", "id": 46291899, "geometry": {"type": "Polygon", "coordinates": [[[2545970.226, 1182143.438], [2545974.816, 1182152.168], [2545967.277, 1182156.158], [2545962.576, 1182147.548], [2545970.226, 1182143.438]]]}, "properties": {"OBJECTID": 46291899, "EGID": 846999}}, {"type": "Feature", "id": 46292350, "geometry": {"type": "Polygon", "coordinates": [[[2549179.105, 1181105.334], [2549181.845, 1181113.773], [2549173.266, 1181116.573], [2549170.496, 1181108.144], [2549179.105, 1181105.334]]]}, "properties": {"OBJECTID": 46292350, "EGID": 280015296}}, {"type": "Feature", "id": 46292384, "geometry": {"type": "Polygon", "coordinates": [[[2546836.489, 1183061.036], [2546845.249, 1183068.676], [2546839.319, 1183075.486], [2546830.569, 1183067.846], [2546836.489, 1183061.036]]]}, "properties": {"OBJECTID": 46292384, "EGID": 3164759}}, {"type": "Feature", "id": 46292496, "geometry": {"type": "Polygon", "coordinates": [[[2549015.877, 1180326.169], [2549019.651, 1180316.362], [2549026.104, 1180319.078], [2549022.24, 1180328.8429999999], [2549015.877, 1180326.169]]]}, "properties": {"OBJECTID": 46292496, "EGID": 280092688}}, {"type": "Feature", "id": 46292518, "geometry": {"type": "Polygon", "coordinates": [[[2545957.3310000002, 1183921.8530000001], [2545951.941, 1183928.313], [2545943.8310000002, 1183921.553], [2545949.211, 1183915.0929999999], [2545957.3310000002, 1183921.8530000001]]]}, "properties": {"OBJECTID": 46292518, "EGID": 846525}}, {"type": "Feature", "id": 46292567, "geometry": {"type": "Polygon", "coordinates": [[[2546788.069, 1183269.476], [2546792.217, 1183265.049], [2546798.45, 1183270.906], [2546800.457, 1183272.792], [2546796.302, 1183277.214], [2546788.069, 1183269.476]]]}, "properties": {"OBJECTID": 46292567, "EGID": 280091453}}, {"type": "Feature", "id": 46292620, "geometry": {"type": "Polygon", "coordinates": [[[2546628.257, 1183608.999], [2546627.627, 1183606.0219999999], [2546632.601, 1183604.939], [2546633.259, 1183607.937], [2546628.257, 1183608.999]]]}, "properties": {"OBJECTID": 46292620, "EGID": 280132359}}, {"type": "Feature", "id": 46293060, "geometry": {"type": "Polygon", "coordinates": [[[2545120.397, 1181213.845], [2545120.387, 1181214.235], [2545104.157, 1181213.416], [2545105.307, 1181183.446], [2545112.497, 1181183.766], [2545112.577, 1181181.776], [2545115.357, 1181182.006], [2545115.187, 1181183.916], [2545121.257, 1181184.286], [2545120.397, 1181213.845]]]}, "properties": {"OBJECTID": 46293060, "EGID": 846977}}, {"type": "Feature", "id": 46293620, "geometry": {"type": "Polygon", "coordinates": [[[2547095.725, 1183230.599], [2547089.235, 1183223.609], [2547096.775, 1183216.959], [2547103.095, 1183224.009], [2547095.725, 1183230.599]]]}, "properties": {"OBJECTID": 46293620, "EGID": 280013241}}, {"type": "Feature", "id": 46293680, "geometry": {"type": "Polygon", "coordinates": [[[2546164.346, 1183553.46], [2546153.666, 1183546.29], [2546156.566, 1183541.96], [2546157.886, 1183542.78], [2546160.066, 1183539.51], [2546169.526, 1183545.81], [2546164.346, 1183553.46]]]}, "properties": {"OBJECTID": 46293680, "EGID": 846548}}, {"type": "Feature", "id": 46293924, "geometry": {"type": "Polygon", "coordinates": [[[2546831.098, 1182979.977], [2546836.498, 1182989.227], [2546829.098, 1182993.6469999999], [2546829.618, 1182994.517], [2546826.568, 1182996.347], [2546823.738, 1182991.577], [2546826.608, 1182989.847], [2546823.478, 1182984.467], [2546831.098, 1182979.977]]]}, "properties": {"OBJECTID": 46293924, "EGID": 846708}}, {"type": "Feature", "id": 46294008, "geometry": {"type": "Polygon", "coordinates": [[[2546422.035, 1183640.802], [2546416.882, 1183643.931], [2546415.323, 1183641.362], [2546411.551, 1183643.652], [2546407.491, 1183636.962], [2546411.247, 1183634.677], [2546409.801, 1183632.301], [2546414.014, 1183629.706], [2546415.997, 1183632.99], [2546417.557, 1183635.572], [2546419.295, 1183634.5219999999], [2546421.261, 1183637.757], [2546420.476, 1183638.234], [2546422.035, 1183640.802]]]}, "properties": {"OBJECTID": 46294008, "EGID": 190058045}}, {"type": "Feature", "id": 46294367, "geometry": {"type": "Polygon", "coordinates": [[[2547331.702, 1183468.332], [2547334.022, 1183477.192], [2547314.713, 1183482.292], [2547312.313, 1183473.512], [2547331.702, 1183468.332]]]}, "properties": {"OBJECTID": 46294367, "EGID": 280008104}}, {"type": "Feature", "id": 46294796, "geometry": {"type": "Polygon", "coordinates": [[[2546729.902, 1182252.325], [2546735.102, 1182254.755], [2546730.412, 1182266.475], [2546725.012, 1182264.185], [2546726.672, 1182260.445], [2546726.412, 1182260.335], [2546727.452, 1182257.935], [2546729.902, 1182252.325]]]}, "properties": {"OBJECTID": 46294796, "EGID": 280015829}}, {"type": "Feature", "id": 46294831, "geometry": {"type": "Polygon", "coordinates": [[[2546882.998, 1183015.745], [2546877.888, 1183011.295], [2546878.058, 1183011.095], [2546875.958, 1183009.305], [2546875.888, 1183008.235], [2546878.158, 1183005.515], [2546879.218, 1183005.415], [2546880.618, 1183003.815], [2546881.678, 1183003.735], [2546883.198, 1183005.035], [2546883.398, 1183004.805], [2546891.458, 1183011.645], [2546886.138, 1183017.955], [2546887.468, 1183019.135], [2546884.988, 1183021.975], [2546880.798, 1183018.375], [2546882.998, 1183015.745]]]}, "properties": {"OBJECTID": 46294831, "EGID": 846705}}, {"type": "Feature", "id": 46294867, "geometry": {"type": "Polygon", "coordinates": [[[2549497.53, 1180979.76], [2549494.43, 1180977], [2549491.81, 1180979.98], [2549491.43, 1180979.63], [2549483.13, 1180988.75], [2549476.15, 1180982.571], [2549484.41, 1180973.221], [2549472.09, 1180962.291], [2549470.99, 1180963.501], [2549470.07, 1180962.651], [2549471.08, 1180961.541], [2549470.83, 1180961.341], [2549470.74, 1180960.521], [2549473.03, 1180957.981], [2549476.23, 1180953.951], [2549478.89, 1180956.161], [2549481.87, 1180952.661], [2549493.49, 1180962.951], [2549505.641, 1180948.751], [2549506.271, 1180948.011], [2549509.8, 1180951.001], [2549511.82, 1180952.661], [2549511.13, 1180953.371], [2549512.81, 1180954.771], [2549509.63, 1180958.671], [2549512.96, 1180961.48], [2549516.84, 1180964.81], [2549507.65, 1180975.64], [2549503.99, 1180972.46], [2549497.53, 1180979.76]]]}, "properties": {"OBJECTID": 46294867, "EGID": 841976}}, {"type": "Feature", "id": 46295167, "geometry": {"type": "Polygon", "coordinates": [[[2546790.11, 1183301.856], [2546795.32, 1183308.786], [2546785.99, 1183315.866], [2546780.75, 1183308.936], [2546790.11, 1183301.856]]]}, "properties": {"OBJECTID": 46295167, "EGID": 846678}}, {"type": "Feature", "id": 46295427, "geometry": {"type": "Polygon", "coordinates": [[[2547532.796, 1182917.708], [2547530.1859999998, 1182915.2280000001], [2547530.526, 1182914.868], [2547522.867, 1182907.608], [2547528.996, 1182901.128], [2547539.276, 1182910.857], [2547532.796, 1182917.708]]]}, "properties": {"OBJECTID": 46295427, "EGID": 101478016}}, {"type": "Feature", "id": 46295483, "geometry": {"type": "Polygon", "coordinates": [[[2546705.79, 1183153.389], [2546710.06, 1183148.389], [2546725.34, 1183161.328], [2546725.66, 1183160.948], [2546728.17, 1183163.068], [2546727.84, 1183163.448], [2546740.14, 1183173.858], [2546741.37, 1183177.348], [2546726.14, 1183195.318], [2546722.42, 1183194.708], [2546719.85, 1183192.528], [2546719.52, 1183192.918], [2546718.3, 1183191.878], [2546718.52, 1183191.618], [2546715.63, 1183189.158], [2546715.41, 1183189.418], [2546714.19, 1183188.378], [2546714.41, 1183188.118], [2546711.51, 1183185.658], [2546711.29, 1183185.918], [2546710.07, 1183184.888], [2546710.29, 1183184.628], [2546707.4, 1183182.169], [2546707.18, 1183182.429], [2546705.96, 1183181.389], [2546706.18, 1183181.129], [2546703.28, 1183178.669], [2546703.06, 1183178.929], [2546701.84, 1183177.889], [2546702.06, 1183177.629], [2546699.17, 1183175.169], [2546698.95, 1183175.429], [2546697.73, 1183174.389], [2546697.92, 1183174.169], [2546690.04, 1183167.409], [2546703.54, 1183151.479], [2546705.79, 1183153.389]]]}, "properties": {"OBJECTID": 46295483, "EGID": 280000835}}, {"type": "Feature", "id": 46296108, "geometry": {"type": "Polygon", "coordinates": [[[2548814.909, 1180142.049], [2548811.979, 1180138.869], [2548812.089, 1180138.769], [2548817.879, 1180133.369], [2548823.9390000002, 1180139.959], [2548818.039, 1180145.429], [2548814.909, 1180142.049]]]}, "properties": {"OBJECTID": 46296108, "EGID": 842040}}, {"type": "Feature", "id": 46296126, "geometry": {"type": "Polygon", "coordinates": [[[2547407.101, 1183239.101], [2547409.8109999998, 1183245.551], [2547408.3310000002, 1183246.121], [2547411.031, 1183253.481], [2547406.111, 1183255.411], [2547406.391, 1183256.321], [2547405.091, 1183256.771], [2547404.741, 1183255.981], [2547404.181, 1183256.131], [2547401.171, 1183248.801], [2547400.051, 1183249.171], [2547397.8109999998, 1183242.781], [2547407.101, 1183239.101]]]}, "properties": {"OBJECTID": 46296126, "EGID": 846809}}, {"type": "Feature", "id": 46296280, "geometry": {"type": "Polygon", "coordinates": [[[2546680.728, 1182862.892], [2546674.928, 1182875.082], [2546665.758, 1182870.592], [2546665.388, 1182869.232], [2546666.968, 1182866.002], [2546669.118, 1182867.062], [2546669.598, 1182866.082], [2546669.778, 1182866.172], [2546673.188, 1182859.212], [2546680.728, 1182862.892]]]}, "properties": {"OBJECTID": 46296280, "EGID": 846687}}, {"type": "Feature", "id": 46296652, "geometry": {"type": "Polygon", "coordinates": [[[2546422.644, 1183495.209], [2546427.625, 1183492.564], [2546431.835, 1183500.413], [2546419.335, 1183507.034], [2546414.855, 1183498.784], [2546418.035, 1183497.094], [2546416.533, 1183494.265], [2546420.895, 1183491.948], [2546422.644, 1183495.209]]]}, "properties": {"OBJECTID": 46296652, "EGID": 190028508}}, {"type": "Feature", "id": 46296828, "geometry": {"type": "Polygon", "coordinates": [[[2546725.951, 1183897.614], [2546722.692, 1183911.164], [2546718.282, 1183910.124], [2546721.752, 1183896.534], [2546725.951, 1183897.614]]]}, "properties": {"OBJECTID": 46296828, "EGID": 280018369}}, {"type": "Feature", "id": 46296899, "geometry": {"type": "Polygon", "coordinates": [[[2545148.697, 1181231.705], [2545163.357, 1181233.864], [2545161.327, 1181247.535], [2545146.567, 1181245.245], [2545148.697, 1181231.705]]]}, "properties": {"OBJECTID": 46296899, "EGID": 846978}}, {"type": "Feature", "id": 46297173, "geometry": {"type": "Polygon", "coordinates": [[[2546822.719, 1183282.1469999999], [2546826.824, 1183277.773], [2546835.272, 1183285.703], [2546831.172, 1183290.087], [2546822.719, 1183282.1469999999]]]}, "properties": {"OBJECTID": 46297173, "EGID": 280057998}}, {"type": "Feature", "id": 46297196, "geometry": {"type": "Polygon", "coordinates": [[[2547126.484, 1182923.669], [2547124.904, 1182926.869], [2547122.118, 1182929.402], [2547119.184, 1182932.069], [2547114.664, 1182927.459], [2547116.894, 1182925.189], [2547106.274, 1182913.979], [2547113.214, 1182907.579], [2547109.664, 1182903.189], [2547111.404, 1182901.669], [2547110.604, 1182900.629], [2547111.944, 1182899.359], [2547106.2939999998, 1182892.949], [2547116.213, 1182884.299], [2547119.073, 1182887.559], [2547117.503, 1182888.849], [2547120.843, 1182892.969], [2547120.943, 1182892.909], [2547136.162, 1182910.422], [2547136.859, 1182909.844], [2547137.071, 1182910.108], [2547124.502, 1182920.998], [2547125.5640000002, 1182922.429], [2547126.484, 1182923.669]]]}, "properties": {"OBJECTID": 46297196, "EGID": 846770}}, {"type": "Feature", "id": 46297217, "geometry": {"type": "Polygon", "coordinates": [[[2548516.384, 1181670.67], [2548514.817, 1181668.948], [2548508.047, 1181661.318], [2548518.587, 1181652.027], [2548525.327, 1181659.667], [2548529.066, 1181656.357], [2548534.705, 1181662.695], [2548520.572, 1181675.271], [2548516.384, 1181670.67]]]}, "properties": {"OBJECTID": 46297217, "EGID": null}}, {"type": "Feature", "id": 46297259, "geometry": {"type": "Polygon", "coordinates": [[[2546468.514, 1183585.352], [2546467.175, 1183588.5320000001], [2546458.455, 1183596.382], [2546445.145, 1183581.533], [2546444.625, 1183581.953], [2546439.515, 1183576.203], [2546445.725, 1183570.613], [2546450.805, 1183576.222], [2546456.005, 1183571.512], [2546456.205, 1183571.731], [2546462.005, 1183578.082], [2546464.095, 1183576.242], [2546465.825, 1183578.302], [2546463.885, 1183580.092], [2546468.514, 1183585.352]]]}, "properties": {"OBJECTID": 46297259, "EGID": 9031385}}, {"type": "Feature", "id": 46297469, "geometry": {"type": "Polygon", "coordinates": [[[2548464.022, 1181703.02], [2548464.0485712397, 1181702.7162893373], [2548464.127477606, 1181702.4218067692], [2548464.2563215685, 1181702.1454999999], [2548464.4311882686, 1181701.8957644706], [2548464.6467644703, 1181701.680188269], [2548464.8965, 1181701.5053215688], [2548465.172806769, 1181701.3764776061], [2548465.467289337, 1181701.29757124], [2548465.7709999997, 1181701.271], [2548466.0747106625, 1181701.29757124], [2548466.3691932303, 1181701.3764776061], [2548466.6454999996, 1181701.5053215688], [2548466.895235529, 1181701.680188269], [2548467.110811731, 1181701.8957644706], [2548467.285678431, 1181702.1455], [2548467.4145223936, 1181702.4218067692], [2548467.4934287597, 1181702.7162893373], [2548467.52, 1181703.02], [2548467.498593741, 1181703.2936531452], [2548467.434614085, 1181703.5605817414], [2548467.3296385366, 1181703.8142043073], [2548467.186255407, 1181704.04826744], [2548467.008, 1181704.257], [2548466.79926744, 1181704.4352554071], [2548466.5652043074, 1181704.5786385364], [2548466.3115817416, 1181704.6836140852], [2548466.0446531456, 1181704.7475937412], [2548465.771, 1181704.769], [2548465.497346855, 1181704.747593741], [2548465.230418259, 1181704.6836140852], [2548464.976795693, 1181704.5786385366], [2548464.7427325603, 1181704.4352554074], [2548464.534, 1181704.257], [2548464.355744593, 1181704.04826744], [2548464.2123614633, 1181703.8142043075], [2548464.107385915, 1181703.5605817414], [2548464.043406259, 1181703.2936531452], [2548464.022, 1181703.02]]]}, "properties": {"OBJECTID": 46297469, "EGID": 280131904}}, {"type": "Feature", "id": 46297637, "geometry": {"type": "Polygon", "coordinates": [[[2548486.679, 1181851.788], [2548488.719, 1181850.758], [2548489.1890000002, 1181851.708], [2548491.429, 1181856.128], [2548494.079, 1181854.788], [2548496.599, 1181859.758], [2548493.789, 1181861.178], [2548493.679, 1181860.948], [2548487.309, 1181864.159], [2548487.199, 1181863.939], [2548485.739, 1181861.019], [2548484.219, 1181861.789], [2548480.699, 1181854.819], [2548486.679, 1181851.788]]]}, "properties": {"OBJECTID": 46297637, "EGID": 280062320}}, {"type": "Feature", "id": 46297897, "geometry": {"type": "Polygon", "coordinates": [[[2548506.778, 1181796.808], [2548517.128, 1181811.328], [2548516.618, 1181813.318], [2548508.589, 1181818.938], [2548501.209, 1181808.4780000001], [2548503.068, 1181807.158], [2548503.258, 1181806.048], [2548496.128, 1181795.958], [2548498.088, 1181794.628], [2548498.208, 1181794.788], [2548501.768, 1181792.138], [2548505.778, 1181797.518], [2548506.778, 1181796.808]]]}, "properties": {"OBJECTID": 46297897, "EGID": 280006265}}, {"type": "Feature", "id": 46297932, "geometry": {"type": "Polygon", "coordinates": [[[2547726.674, 1183032.763], [2547734.984, 1183039.992], [2547727.744, 1183048.313], [2547719.444, 1183041.073], [2547726.674, 1183032.763]]]}, "properties": {"OBJECTID": 46297932, "EGID": 3164745}}, {"type": "Feature", "id": 46298173, "geometry": {"type": "Polygon", "coordinates": [[[2547000.137, 1183426.93], [2546996.497, 1183420.5], [2546995.077, 1183421.29], [2546995.797, 1183422.51], [2546992.567, 1183424.28], [2546987.267, 1183415.71], [2547002.917, 1183407.34], [2547010.617, 1183421.31], [2547003.707, 1183425.06], [2547000.137, 1183426.93]]]}, "properties": {"OBJECTID": 46298173, "EGID": 846739}}, {"type": "Feature", "id": 46298311, "geometry": {"type": "Polygon", "coordinates": [[[2548563.167, 1181773.416], [2548559.127, 1181776.366], [2548553.147, 1181768.146], [2548557.287, 1181765.166], [2548563.167, 1181773.416]]]}, "properties": {"OBJECTID": 46298311, "EGID": 280021373}}, {"type": "Feature", "id": 46298418, "geometry": {"type": "Polygon", "coordinates": [[[2547400.972, 1182873.389], [2547404.913, 1182876.625], [2547402.492, 1182879.636], [2547398.73, 1182876.143], [2547400.972, 1182873.389]]]}, "properties": {"OBJECTID": 46298418, "EGID": 280107495}}, {"type": "Feature", "id": 46298789, "geometry": {"type": "Polygon", "coordinates": [[[2545968.739, 1183931.204], [2545977.149, 1183938.354], [2545971.151, 1183945.362], [2545962.751, 1183938.203], [2545968.739, 1183931.204]]]}, "properties": {"OBJECTID": 46298789, "EGID": 846526}}, {"type": "Feature", "id": 46298980, "geometry": {"type": "Polygon", "coordinates": [[[2548688.103, 1181665.07], [2548691.203, 1181668.4679999999], [2548688.481, 1181670.955], [2548680.872, 1181677.909], [2548679.768, 1181676.699], [2548675.126, 1181671.61], [2548684.873, 1181662.724], [2548685.468, 1181662.182], [2548688.103, 1181665.07]]]}, "properties": {"OBJECTID": 46298980, "EGID": 280082159}}, {"type": "Feature", "id": 46299209, "geometry": {"type": "Polygon", "coordinates": [[[2547126.172, 1183543.436], [2547123.801, 1183535.1570000001], [2547134.649, 1183532.062], [2547137.009, 1183540.337], [2547126.172, 1183543.436]]]}, "properties": {"OBJECTID": 46299209, "EGID": 280103704}}, {"type": "Feature", "id": 46299258, "geometry": {"type": "Polygon", "coordinates": [[[2547079.846, 1183516.038], [2547076.896, 1183518.648], [2547069.116, 1183510.008], [2547069.906, 1183509.268], [2547062.296, 1183500.898], [2547069.786, 1183493.988], [2547085.376, 1183511.027], [2547079.846, 1183516.038]]]}, "properties": {"OBJECTID": 46299258, "EGID": 846721}}, {"type": "Feature", "id": 46299309, "geometry": {"type": "Polygon", "coordinates": [[[2548787.518, 1180217.847], [2548775.108, 1180203.588], [2548779.678, 1180199.628], [2548783.658, 1180204.128], [2548790.358, 1180198.4679999999], [2548798.728, 1180208.167], [2548787.518, 1180217.847]]]}, "properties": {"OBJECTID": 46299309, "EGID": 842042}}, {"type": "Feature", "id": 46299323, "geometry": {"type": "Polygon", "coordinates": [[[2547411.735, 1181025.126], [2547408.1859999998, 1181023.506], [2547410.075, 1181019.846], [2547413.505, 1181021.526], [2547411.735, 1181025.126]]]}, "properties": {"OBJECTID": 46299323, "EGID": 280071674}}, {"type": "Feature", "id": 46299346, "geometry": {"type": "Polygon", "coordinates": [[[2545864.093, 1184139.244], [2545865.413, 1184133.174], [2545866.403, 1184133.484], [2545868.443, 1184124.604], [2545874.863, 1184126.123], [2545871.513, 1184141.043], [2545864.093, 1184139.244]]]}, "properties": {"OBJECTID": 46299346, "EGID": 846465}}, {"type": "Feature", "id": 46299485, "geometry": {"type": "Polygon", "coordinates": [[[2547147.935, 1183324.487], [2547149.175, 1183326.717], [2547143.605, 1183329.887], [2547142.295, 1183327.637], [2547147.935, 1183324.487]]]}, "properties": {"OBJECTID": 46299485, "EGID": 280045559}}, {"type": "Feature", "id": 46299574, "geometry": {"type": "Polygon", "coordinates": [[[2548614.625, 1181656.894], [2548609.405, 1181661.005], [2548603.075, 1181666.715], [2548598.715, 1181661.225], [2548602.455, 1181657.805], [2548610.225, 1181651.465], [2548614.625, 1181656.894]]]}, "properties": {"OBJECTID": 46299574, "EGID": 843404}}, {"type": "Feature", "id": 46299579, "geometry": {"type": "Polygon", "coordinates": [[[2546547.404, 1183766.279], [2546546.244, 1183775.069], [2546550.834, 1183775.579], [2546550.214, 1183780.679], [2546538.084, 1183778.979], [2546539.884, 1183765.279], [2546547.404, 1183766.279]]]}, "properties": {"OBJECTID": 46299579, "EGID": 846569}}, {"type": "Feature", "id": 46299782, "geometry": {"type": "Polygon", "coordinates": [[[2546861.739, 1183610.932], [2546865.079, 1183618.232], [2546856.749, 1183622.192], [2546853.409, 1183614.973], [2546861.739, 1183610.932]]]}, "properties": {"OBJECTID": 46299782, "EGID": 846645}}, {"type": "Feature", "id": 46299834, "geometry": {"type": "Polygon", "coordinates": [[[2546796.679, 1182993.739], [2546799.022, 1182997.012], [2546795.752, 1182999.342], [2546793.413, 1182996.076], [2546796.679, 1182993.739]]]}, "properties": {"OBJECTID": 46299834, "EGID": 280071614}}, {"type": "Feature", "id": 46299882, "geometry": {"type": "Polygon", "coordinates": [[[2546615.402, 1183596.188], [2546617.472, 1183605.008], [2546606.883, 1183607.4679999999], [2546604.763, 1183598.689], [2546615.402, 1183596.188]]]}, "properties": {"OBJECTID": 46299882, "EGID": 846566}}, {"type": "Feature", "id": 46299898, "geometry": {"type": "Polygon", "coordinates": [[[2547342.392, 1183264.233], [2547346.142, 1183274.052], [2547337.742, 1183277.223], [2547334.092, 1183267.383], [2547342.392, 1183264.233]]]}, "properties": {"OBJECTID": 46299898, "EGID": 846805}}, {"type": "Feature", "id": 46300064, "geometry": {"type": "Polygon", "coordinates": [[[2547475.086, 1183390.044], [2547474.838716924, 1183389.5823477241], [2547474.670805762, 1183389.086285646], [2547474.586848234, 1183388.5693495986], [2547474.589135252, 1183388.045644994], [2547474.677604412, 1183387.529461934], [2547474.849841694, 1183387.0348852843], [2547475.1011473327, 1183386.5754103453], [2547475.4246640597, 1183386.1635746122], [2547475.8115642127, 1183385.8106156697], [2547476.251290614, 1183385.5261645569], [2547476.731844638, 1183385.3179829684], [2547477.240113613, 1183385.1917514666], [2547477.7622286235, 1183385.1509144756], [2547478.28394294, 1183385.1965862971], [2547478.791020769, 1183385.3275207037], [2547479.269625696, 1183385.5401449443], [2547479.7066982333, 1183385.8286572332], [2547480.090312171, 1183386.185185059], [2547480.41, 1183386.6], [2547480.668205591, 1183387.0883754822], [2547480.837751495, 1183387.6141462738], [2547480.91349382, 1183388.1613608927], [2547480.8931346014, 1183388.7134172677], [2547480.777291523, 1183389.2535664323], [2547480.5694791735, 1183389.7654206755], [2547480.276002421, 1183390.2334507331], [2547479.905765125, 1183390.6434569324], [2547479.47, 1183390.983], [2547478.981626037, 1183391.241465633], [2547478.455805147, 1183391.4112478541], [2547477.9084972884, 1183391.4871933544], [2547477.3563146023, 1183391.4669970013], [2547476.8160171937, 1183391.3512718035], [2547476.3040044187, 1183391.1435303062], [2547475.8358171266, 1183390.8500779748], [2547475.4256659546, 1183390.4798218107], [2547475.086, 1183390.044]]]}, "properties": {"OBJECTID": 46300064, "EGID": 280132749}}, {"type": "Feature", "id": 46300157, "geometry": {"type": "Polygon", "coordinates": [[[2546781.98, 1183621.974], [2546784.98, 1183631.604], [2546773.99, 1183635.024], [2546771.1, 1183625.494], [2546781.98, 1183621.974]]]}, "properties": {"OBJECTID": 46300157, "EGID": 846660}}, {"type": "Feature", "id": 46300166, "geometry": {"type": "Polygon", "coordinates": [[[2547013.792, 1182649.453], [2547025.452, 1182661.383], [2547020.422, 1182666.293], [2547017.962, 1182663.893], [2547015.932, 1182665.793], [2547006.672, 1182656.314], [2547013.792, 1182649.453]]]}, "properties": {"OBJECTID": 46300166, "EGID": 846773}}, {"type": "Feature", "id": 46300198, "geometry": {"type": "Polygon", "coordinates": [[[2546412.965, 1183512.884], [2546416.965, 1183511.804], [2546417.525, 1183514.304], [2546418.955, 1183519.654], [2546415.315, 1183520.764], [2546415.105, 1183520.834], [2546413.925, 1183516.204], [2546413.055, 1183513.064], [2546412.965, 1183512.884]]]}, "properties": {"OBJECTID": 46300198, "EGID": 280030896}}, {"type": "Feature", "id": 46300267, "geometry": {"type": "Polygon", "coordinates": [[[2547442.511, 1183177.001], [2547442.5810000002, 1183171.021], [2547445.44, 1183171.021], [2547445.38, 1183177.051], [2547442.511, 1183177.001]]]}, "properties": {"OBJECTID": 46300267, "EGID": 280044242}}, {"type": "Feature", "id": 46300343, "geometry": {"type": "Polygon", "coordinates": [[[2546785.891, 1183860.933], [2546793.15, 1183871.773], [2546783.461, 1183878.203], [2546776.271, 1183867.363], [2546785.891, 1183860.933]]]}, "properties": {"OBJECTID": 46300343, "EGID": 280009367}}, {"type": "Feature", "id": 46300375, "geometry": {"type": "Polygon", "coordinates": [[[2547743.774, 1183067.162], [2547741.904, 1183069.2820000001], [2547737.584, 1183065.552], [2547739.534, 1183063.372], [2547743.774, 1183067.162]]]}, "properties": {"OBJECTID": 46300375, "EGID": 280046709}}, {"type": "Feature", "id": 46300702, "geometry": {"type": "Polygon", "coordinates": [[[2546445.264, 1183469.693], [2546441.084, 1183461.803], [2546446.804, 1183458.763], [2546446.574, 1183458.333], [2546452.364, 1183455.263], [2546456.784, 1183463.613], [2546458.334, 1183462.793], [2546460.014, 1183465.963], [2546453.404, 1183469.463], [2546451.714, 1183466.273], [2546445.264, 1183469.693]]]}, "properties": {"OBJECTID": 46300702, "EGID": 190028489}}, {"type": "Feature", "id": 46300752, "geometry": {"type": "Polygon", "coordinates": [[[2547930.562, 1183175.6469999999], [2547927.682, 1183180.887], [2547922.192, 1183178.018], [2547925.042, 1183172.847], [2547930.562, 1183175.6469999999]]]}, "properties": {"OBJECTID": 46300752, "EGID": 280027132}}, {"type": "Feature", "id": 46300954, "geometry": {"type": "Polygon", "coordinates": [[[2549192.928, 1181033.2179999999], [2549188.167, 1181026.17], [2549201.016, 1181017.515], [2549205.756, 1181024.526], [2549192.928, 1181033.2179999999]]]}, "properties": {"OBJECTID": 46300954, "EGID": 280103500}}, {"type": "Feature", "id": 46300977, "geometry": {"type": "Polygon", "coordinates": [[[2544118.6859999998, 1183654.356], [2544117.6890000002, 1183658.113], [2544111.035, 1183655.888], [2544112.199, 1183652.208], [2544118.6859999998, 1183654.356]]]}, "properties": {"OBJECTID": 46300977, "EGID": 842255}}, {"type": "Feature", "id": 46301096, "geometry": {"type": "Polygon", "coordinates": [[[2547632.138, 1183305.385], [2547630.068, 1183298.156], [2547645.638, 1183293.835], [2547651.088, 1183313.125], [2547622.388, 1183321.026], [2547619.158, 1183308.936], [2547632.138, 1183305.385]]]}, "properties": {"OBJECTID": 46301096, "EGID": 9031390}}, {"type": "Feature", "id": 46301268, "geometry": {"type": "Polygon", "coordinates": [[[2545852.392, 1184019.425], [2545853.112, 1184018.625], [2545847.722, 1184013.775], [2545852.382, 1184008.665], [2545855.482, 1184011.575], [2545854.292, 1184012.965], [2545856.502, 1184014.945], [2545856.712, 1184014.735], [2545860.512, 1184018.045], [2545856.292, 1184022.825], [2545852.392, 1184019.425]]]}, "properties": {"OBJECTID": 46301268, "EGID": 846493}}, {"type": "Feature", "id": 46301271, "geometry": {"type": "Polygon", "coordinates": [[[2548675.499, 1181510.986], [2548675.362, 1181510.923], [2548679.942, 1181500.973], [2548680.022, 1181501.01], [2548683.279, 1181494.86], [2548688.4359999998, 1181497.927], [2548685.473, 1181503.517], [2548685.112, 1181503.3530000001], [2548682.762, 1181508.323], [2548680.512, 1181513.313], [2548675.499, 1181510.986]]]}, "properties": {"OBJECTID": 46301271, "EGID": 280018295}}, {"type": "Feature", "id": 46301564, "geometry": {"type": "Polygon", "coordinates": [[[2546563.124, 1183820.158], [2546563.824, 1183830.198], [2546559.664, 1183830.518], [2546558.944, 1183820.438], [2546563.124, 1183820.158]]]}, "properties": {"OBJECTID": 46301564, "EGID": 280022806}}, {"type": "Feature", "id": 46301576, "geometry": {"type": "Polygon", "coordinates": [[[2544067.736, 1181391.828], [2544066.136, 1181397.938], [2544084.6859999998, 1181402.628], [2544079.896, 1181421.608], [2544049.726, 1181413.828], [2544056.146, 1181388.888], [2544067.736, 1181391.828]]]}, "properties": {"OBJECTID": 46301576, "EGID": 280001880}}, {"type": "Feature", "id": 46301765, "geometry": {"type": "Polygon", "coordinates": [[[2549325.54, 1180961.845], [2549330.24, 1180954.715], [2549339.052, 1180960.203], [2549341.416, 1180956.408], [2549344.462, 1180958.304], [2549342.098, 1180962.1], [2549342.57, 1180962.394], [2549338, 1180969.784], [2549327.79, 1180963.205], [2549325.54, 1180961.845]]]}, "properties": {"OBJECTID": 46301765, "EGID": 841968}}, {"type": "Feature", "id": 46302043, "geometry": {"type": "Polygon", "coordinates": [[[2546336.025, 1183503.9070000001], [2546338.604, 1183506.356], [2546336.897, 1183508.163], [2546339.001, 1183510.176], [2546336.609, 1183512.716], [2546331.911, 1183508.24], [2546336.025, 1183503.9070000001]]]}, "properties": {"OBJECTID": 46302043, "EGID": 280107184}}, {"type": "Feature", "id": 46302124, "geometry": {"type": "Polygon", "coordinates": [[[2547993.531, 1183125.795], [2547991.631, 1183127.946], [2547987.361, 1183124.286], [2547989.281, 1183122.116], [2547993.531, 1183125.795]]]}, "properties": {"OBJECTID": 46302124, "EGID": 280045870}}, {"type": "Feature", "id": 46302227, "geometry": {"type": "Polygon", "coordinates": [[[2544031.406, 1181382.019], [2544032.266, 1181380.559], [2544037.736, 1181383.759], [2544034.086, 1181390.169], [2544029.726, 1181387.669], [2544032.606, 1181382.709], [2544031.406, 1181382.019]]]}, "properties": {"OBJECTID": 46302227, "EGID": 280024262}}, {"type": "Feature", "id": 46302499, "geometry": {"type": "Polygon", "coordinates": [[[2546879.481, 1183164.984], [2546902.451, 1183140.563], [2546914.093, 1183151.501], [2546891.119, 1183175.924], [2546879.481, 1183164.984]]]}, "properties": {"OBJECTID": 46302499, "EGID": 280082651}}, {"type": "Feature", "id": 46302766, "geometry": {"type": "Polygon", "coordinates": [[[2547243.911, 1182883.826], [2547247.3310000002, 1182880.775], [2547248.631, 1182882.215], [2547245.191, 1182885.275], [2547243.911, 1182883.826]]]}, "properties": {"OBJECTID": 46302766, "EGID": 280116747}}, {"type": "Feature", "id": 46302964, "geometry": {"type": "Polygon", "coordinates": [[[2548017.47, 1183089.365], [2548010.9, 1183096.915], [2548001.22, 1183088.505], [2548007.75, 1183080.745], [2548017.47, 1183089.365]]]}, "properties": {"OBJECTID": 46302964, "EGID": 846909}}, {"type": "Feature", "id": 46303400, "geometry": {"type": "Polygon", "coordinates": [[[2546639.402, 1183771.317], [2546640.152, 1183781.9070000001], [2546639.112, 1183781.987], [2546639.342, 1183785.587], [2546632.593, 1183786.097], [2546632.363, 1183782.487], [2546631.413, 1183782.517], [2546630.653, 1183771.867], [2546639.402, 1183771.317]]]}, "properties": {"OBJECTID": 46303400, "EGID": 3164737}}, {"type": "Feature", "id": 46303581, "geometry": {"type": "Polygon", "coordinates": [[[2547074.326, 1183391.598], [2547060.9359999998, 1183398.419], [2547057.426, 1183391.609], [2547067.076, 1183386.389], [2547070.486, 1183384.129], [2547074.326, 1183391.598]]]}, "properties": {"OBJECTID": 46303581, "EGID": 9031398}}, {"type": "Feature", "id": 46303625, "geometry": {"type": "Polygon", "coordinates": [[[2546842.557, 1183266.834], [2546823.594, 1183249.048], [2546829.8109999998, 1183242.416], [2546834.216, 1183237.717], [2546853.07, 1183255.398], [2546853.194, 1183255.514], [2546842.557, 1183266.834]]]}, "properties": {"OBJECTID": 46303625, "EGID": 280081366}}, {"type": "Feature", "id": 46303978, "geometry": {"type": "Polygon", "coordinates": [[[2546246.188, 1183919.645], [2546251.728, 1183924.765], [2546249.038, 1183927.745], [2546248.308, 1183927.025], [2546244.768, 1183930.775], [2546239.998, 1183926.326], [2546246.188, 1183919.645]]]}, "properties": {"OBJECTID": 46303978, "EGID": 846452}}, {"type": "Feature", "id": 46304133, "geometry": {"type": "Polygon", "coordinates": [[[2545921.329, 1182280.453], [2545924.766, 1182285.685], [2545915.71, 1182291.669], [2545912.257, 1182286.412], [2545909.248, 1182288.388], [2545904.188, 1182280.618], [2545919.437, 1182270.878], [2545924.397, 1182278.438], [2545921.329, 1182280.453]]]}, "properties": {"OBJECTID": 46304133, "EGID": 190084535}}, {"type": "Feature", "id": 46304156, "geometry": {"type": "Polygon", "coordinates": [[[2546854.909, 1183320.323], [2546850.805, 1183324.699], [2546842.322, 1183316.737], [2546846.4390000002, 1183312.367], [2546854.909, 1183320.323]]]}, "properties": {"OBJECTID": 46304156, "EGID": 280092063}}, {"type": "Feature", "id": 46304220, "geometry": {"type": "Polygon", "coordinates": [[[2546906.552, 1183262.989], [2546931.151, 1183236.821], [2546959.567, 1183263.554], [2546949.963, 1183273.778], [2546949.484, 1183273.328], [2546947.328, 1183275.623], [2546945.618, 1183274.014], [2546925.175, 1183295.746], [2546906.4359999998, 1183263.113], [2546906.552, 1183262.989]]]}, "properties": {"OBJECTID": 46304220, "EGID": 280076514}}, {"type": "Feature", "id": 46304252, "geometry": {"type": "Polygon", "coordinates": [[[2546069.111, 1184131.999], [2546071.271, 1184136.119], [2546068.501, 1184137.559], [2546066.3109999998, 1184133.449], [2546069.111, 1184131.999]]]}, "properties": {"OBJECTID": 46304252, "EGID": 280072145}}, {"type": "Feature", "id": 46304426, "geometry": {"type": "Polygon", "coordinates": [[[2546765.734, 1183208.046], [2546760.711, 1183203.317], [2546772.93, 1183190.323], [2546773.052, 1183190.193], [2546773.843, 1183190.936], [2546784.354, 1183200.801], [2546772.235, 1183213.695], [2546772.001, 1183213.944], [2546765.734, 1183208.046]]]}, "properties": {"OBJECTID": 46304426, "EGID": 280080784}}, {"type": "Feature", "id": 46304594, "geometry": {"type": "Polygon", "coordinates": [[[2548383.071, 1181812.361], [2548397.401, 1181831.611], [2548405.13, 1181825.911], [2548414.76, 1181838.85], [2548396.491, 1181852.441], [2548386.801, 1181839.421], [2548372.411, 1181820.212], [2548383.071, 1181812.361]]]}, "properties": {"OBJECTID": 46304594, "EGID": 9031571}}, {"type": "Feature", "id": 46304871, "geometry": {"type": "Polygon", "coordinates": [[[2547297.986, 1182959.945], [2547295.964, 1182962.153], [2547291.518, 1182958.128], [2547293.543, 1182955.903], [2547297.986, 1182959.945]]]}, "properties": {"OBJECTID": 46304871, "EGID": 280138707}}, {"type": "Feature", "id": 46305076, "geometry": {"type": "Polygon", "coordinates": [[[2546798.61, 1183313.785], [2546802.789, 1183310.655], [2546804.719, 1183313.225], [2546800.51, 1183316.355], [2546798.61, 1183313.785]]]}, "properties": {"OBJECTID": 46305076, "EGID": 280046410}}, {"type": "Feature", "id": 46305078, "geometry": {"type": "Polygon", "coordinates": [[[2546751.201, 1183685.625], [2546752.281, 1183689.075], [2546745.901, 1183690.795], [2546744.711, 1183686.575], [2546751.031, 1183684.855], [2546751.201, 1183685.625]]]}, "properties": {"OBJECTID": 46305078, "EGID": 280033589}}, {"type": "Feature", "id": 46305162, "geometry": {"type": "Polygon", "coordinates": [[[2545298.486, 1181231.062], [2545300.306, 1181232.082], [2545289.156, 1181253.682], [2545279.776, 1181248.672], [2545285.386, 1181238.2719999999], [2545268.356, 1181229.232], [2545275.386, 1181215.882], [2545292.526, 1181224.972], [2545291.386, 1181227.132], [2545298.486, 1181231.062]]]}, "properties": {"OBJECTID": 46305162, "EGID": 280002405}}, {"type": "Feature", "id": 46305385, "geometry": {"type": "Polygon", "coordinates": [[[2546959.258, 1183021.705], [2546956.83, 1183018.712], [2546959.196, 1183016.761], [2546961.647, 1183019.766], [2546959.258, 1183021.705]]]}, "properties": {"OBJECTID": 46305385, "EGID": 280097456}}, {"type": "Feature", "id": 46305397, "geometry": {"type": "Polygon", "coordinates": [[[2548448.157, 1180180.667], [2548455.727, 1180184.986], [2548451.617, 1180192.346], [2548449.727, 1180196.006], [2548429.697, 1180184.777], [2548428.797, 1180186.297], [2548426.177, 1180184.797], [2548427.677, 1180182.167], [2548429.727, 1180183.267], [2548435.217, 1180173.497], [2548448.157, 1180180.667]]]}, "properties": {"OBJECTID": 46305397, "EGID": 842067}}, {"type": "Feature", "id": 46305422, "geometry": {"type": "Polygon", "coordinates": [[[2548442.43, 1181872.57], [2548429.241, 1181881.38], [2548426.511, 1181876.72], [2548421.981, 1181879.7], [2548418.653, 1181874.615], [2548417.531, 1181872.9], [2548422.001, 1181869.89], [2548412.991, 1181856.521], [2548423.23, 1181849.54], [2548424.7939999998, 1181851.914], [2548427.102, 1181855.418], [2548436.71, 1181870], [2548441.55, 1181867.66], [2548442.43, 1181872.57]]]}, "properties": {"OBJECTID": 46305422, "EGID": 843422}}, {"type": "Feature", "id": 46305480, "geometry": {"type": "Polygon", "coordinates": [[[2545356.695, 1181112.731], [2545356.945, 1181112.511], [2545360.965, 1181115.95], [2545361.825, 1181114.77], [2545357.855, 1181111.381], [2545365.175, 1181102.6], [2545374.655, 1181110.56], [2545368.825, 1181117.51], [2545372.085, 1181120.32], [2545368.715, 1181123.9], [2545363.705, 1181119.46], [2545364.025, 1181119.06], [2545356.695, 1181112.731]]]}, "properties": {"OBJECTID": 46305480, "EGID": 846965}}, {"type": "Feature", "id": 46305886, "geometry": {"type": "Polygon", "coordinates": [[[2546620.188, 1182794.514], [2546621.688, 1182796.044], [2546623.225, 1182794.613], [2546621.674, 1182793.045], [2546623.402, 1182791.337], [2546622.507, 1182790.424], [2546628.967, 1182784.314], [2546633.917, 1182789.264], [2546626.898, 1182796.214], [2546621.858, 1182801.424], [2546617.558, 1182797.114], [2546620.188, 1182794.514]]]}, "properties": {"OBJECTID": 46305886, "EGID": 846698}}, {"type": "Feature", "id": 46306026, "geometry": {"type": "Polygon", "coordinates": [[[2546730.176, 1182853.454], [2546733.347, 1182849.322], [2546737.302, 1182852.293], [2546734.166, 1182856.4780000001], [2546730.176, 1182853.454]]]}, "properties": {"OBJECTID": 46306026, "EGID": 280136795}}, {"type": "Feature", "id": 46306055, "geometry": {"type": "Polygon", "coordinates": [[[2547161.912, 1182984.018], [2547155.417, 1182989.252], [2547151.495, 1182984.378], [2547148.992, 1182986.393], [2547147.63, 1182984.7], [2547150.126, 1182982.692], [2547149.805, 1182982.295], [2547155.381, 1182977.807], [2547155.08, 1182977.433], [2547160.171, 1182973.335], [2547166.062, 1182980.673], [2547161.912, 1182984.018]]]}, "properties": {"OBJECTID": 46306055, "EGID": 190058164}}, {"type": "Feature", "id": 46306434, "geometry": {"type": "Polygon", "coordinates": [[[2546431.962, 1183587.955], [2546434.247, 1183585.757], [2546433.503, 1183584.983], [2546433.533, 1183584.129], [2546435.188, 1183582.57], [2546436.045, 1183582.5929999999], [2546436.784, 1183583.373], [2546439.087, 1183581.191], [2546444.453, 1183586.868], [2546444.562, 1183586.765], [2546446.051, 1183588.339], [2546443.786, 1183590.481], [2546442.325, 1183588.935], [2546437.933, 1183593.087], [2546435.531, 1183590.545], [2546434.95, 1183591.094], [2546431.962, 1183587.955]]]}, "properties": {"OBJECTID": 46306434, "EGID": 280074861}}, {"type": "Feature", "id": 46306464, "geometry": {"type": "Polygon", "coordinates": [[[2547465.24, 1183152.74], [2547472.4, 1183159.66], [2547473.11, 1183160.28], [2547471.51, 1183161.84], [2547470.11, 1183161.99], [2547468.2, 1183163.98], [2547467.6, 1183163.29], [2547460.48, 1183156.16], [2547462.44, 1183154.14], [2547463.91, 1183154.02], [2547465.24, 1183152.74]]]}, "properties": {"OBJECTID": 46306464, "EGID": 846851}}, {"type": "Feature", "id": 46306524, "geometry": {"type": "Polygon", "coordinates": [[[2545945.788, 1182311.027], [2545950.768, 1182318.697], [2545935.398, 1182328.557], [2545930.418, 1182320.987], [2545945.788, 1182311.027]]]}, "properties": {"OBJECTID": 46306524, "EGID": 280008896}}, {"type": "Feature", "id": 46306529, "geometry": {"type": "Polygon", "coordinates": [[[2546219.879, 1183973.126], [2546219.329, 1183972.266], [2546215.149, 1183974.996], [2546210.609, 1183968.036], [2546215.069, 1183965.056], [2546215.829, 1183966.106], [2546221.288, 1183962.506], [2546225.678, 1183969.336], [2546219.879, 1183973.126]]]}, "properties": {"OBJECTID": 46306529, "EGID": 846455}}, {"type": "Feature", "id": 46307232, "geometry": {"type": "Polygon", "coordinates": [[[2547854.454, 1183248.54], [2547851.764, 1183246.73], [2547854.764, 1183242.3], [2547857.444, 1183244.12], [2547854.454, 1183248.54]]]}, "properties": {"OBJECTID": 46307232, "EGID": 280043495}}, {"type": "Feature", "id": 46307350, "geometry": {"type": "Polygon", "coordinates": [[[2547555.087, 1182885.904], [2547550.367, 1182882.298], [2547550.849, 1182881.668], [2547553.999, 1182877.55], [2547558.723, 1182881.164], [2547555.087, 1182885.904]]]}, "properties": {"OBJECTID": 46307350, "EGID": 280107053}}, {"type": "Feature", "id": 46307504, "geometry": {"type": "Polygon", "coordinates": [[[2547449.214, 1183379.271], [2547449.702914437, 1183379.0136509668], [2547450.2290852726, 1183378.8450979984], [2547450.776529499, 1183378.7704610738], [2547451.3286179053, 1183378.7920073702], [2547451.868580209, 1183378.9090823953], [2547452.380014472, 1183379.118129869], [2547452.8473853245, 1183379.412799748], [2547453.2564958716, 1183379.7841411158], [2547453.5949189384, 1183380.2208740772], [2547453.8523745574, 1183380.7097323956], [2547454.021042236, 1183381.2358664712], [2547454.0957985115, 1183381.7832944123], [2547454.0743725803, 1183382.335387503], [2547453.957415279, 1183382.8753753188], [2547453.748479312, 1183383.3868551455], [2547453.453911335, 1183383.85429023], [2547453.082659169, 1183384.2634817264], [2547452.646, 1183384.602], [2547452.1838559583, 1183384.848219886], [2547451.687484671, 1183385.0150038556], [2547451.170429602, 1183385.0978012169], [2547450.646798571, 1183385.0943528484], [2547450.1308788233, 1183385.0047528388], [2547449.636747202, 1183384.8314459193], [2547449.177886062, 1183384.5791607604], [2547448.766815404, 1183384.2547809489], [2547448.4147512703, 1183383.8671571705], [2547448.1312997118, 1183383.42686572], [2547447.924194689, 1183382.9459199256], [2547447.7990870513, 1183382.437442368], [2547447.759390354, 1183381.91530683], [2547447.80618772, 1183381.3937597524], [2547447.9382022847, 1183380.8870315193], [2547448.151832038, 1183380.4089481833], [2547448.441248104, 1183379.9725542231], [2547448.79855378, 1183379.5897566248], [2547449.214, 1183379.271]]]}, "properties": {"OBJECTID": 46307504, "EGID": 280132922}}, {"type": "Feature", "id": 46307600, "geometry": {"type": "Polygon", "coordinates": [[[2546050.401, 1184085.349], [2546047.751, 1184081.329], [2546048.241, 1184080.949], [2546046.661, 1184078.519], [2546045.141, 1184079.529], [2546041.221, 1184079.1], [2546041.041, 1184080.08], [2546039.0609999998, 1184079.46], [2546037.451, 1184076.98], [2546037.741, 1184074.4], [2546045.711, 1184069.209], [2546048.8109999998, 1184069.459], [2546050.051, 1184068.569], [2546057.891, 1184080.389], [2546050.401, 1184085.349]]]}, "properties": {"OBJECTID": 46307600, "EGID": 846460}}, {"type": "Feature", "id": 46307679, "geometry": {"type": "Polygon", "coordinates": [[[2547503.524, 1182604.568], [2547500.514, 1182606.7280000001], [2547498.414, 1182603.948], [2547501.284, 1182601.7179999999], [2547503.524, 1182604.568]]]}, "properties": {"OBJECTID": 46307679, "EGID": 280050123}}, {"type": "Feature", "id": 46307746, "geometry": {"type": "Polygon", "coordinates": [[[2546979.128, 1183653.759], [2546977.388, 1183649.979], [2546980.698, 1183648.499], [2546979.988, 1183646.969], [2546989.607, 1183642.619], [2546991.997, 1183647.989], [2546979.128, 1183653.759]]]}, "properties": {"OBJECTID": 46307746, "EGID": 280015457}}, {"type": "Feature", "id": 46308352, "geometry": {"type": "Polygon", "coordinates": [[[2547420.43, 1183436.338], [2547421.871, 1183435.417], [2547420.614, 1183433.466], [2547421.157, 1183431.211], [2547424.351, 1183429.139], [2547426.63, 1183429.632], [2547427.875, 1183431.577], [2547429.303, 1183430.664], [2547431.188, 1183433.597], [2547435.022, 1183439.559], [2547426.096, 1183445.206], [2547420.43, 1183436.338]]]}, "properties": {"OBJECTID": 46308352, "EGID": 846838}}, {"type": "Feature", "id": 46308383, "geometry": {"type": "Polygon", "coordinates": [[[2546872.988, 1183074.234], [2546877.698, 1183079.017], [2546875.198, 1183081.464], [2546874.175, 1183082.464], [2546870.054, 1183086.498], [2546863.452, 1183079.764], [2546871.07, 1183072.286], [2546872.988, 1183074.234]]]}, "properties": {"OBJECTID": 46308383, "EGID": 280100448}}, {"type": "Feature", "id": 46308407, "geometry": {"type": "Polygon", "coordinates": [[[2546532.344, 1183597.57], [2546535.844, 1183604.26], [2546530.214, 1183607.19], [2546526.774, 1183600.51], [2546532.344, 1183597.57]]]}, "properties": {"OBJECTID": 46308407, "EGID": 280021511}}, {"type": "Feature", "id": 46308924, "geometry": {"type": "Polygon", "coordinates": [[[2545298.316, 1181159.692], [2545290.696, 1181154.152], [2545295.816, 1181147.052], [2545303.496, 1181152.612], [2545298.316, 1181159.692]]]}, "properties": {"OBJECTID": 46308924, "EGID": 846969}}, {"type": "Feature", "id": 46309293, "geometry": {"type": "Polygon", "coordinates": [[[2548486.176, 1180231.294], [2548486.846, 1180230.414], [2548491.446, 1180233.964], [2548485.926, 1180241.054], [2548481.534, 1180237.946], [2548486.412, 1180231.472], [2548486.176, 1180231.294]]]}, "properties": {"OBJECTID": 46309293, "EGID": 280015266}}, {"type": "Feature", "id": 46309331, "geometry": {"type": "Polygon", "coordinates": [[[2548531.61, 1181630.217], [2548531.647971501, 1181629.7578046557], [2548531.7610146175, 1181629.311124174], [2548531.946045126, 1181628.8891456083], [2548532.1980147273, 1181628.5033820549], [2548532.510048782, 1181628.1643585342], [2548532.873633877, 1181627.8813248298], [2548533.2788501, 1181627.6620031216], [2548533.7146416917, 1181627.5123772959], [2548534.1691186866, 1181627.436529685], [2548534.629881314, 1181627.436529685], [2548535.084358309, 1181627.5123772959], [2548535.5201499006, 1181627.6620031216], [2548535.9253661237, 1181627.8813248298], [2548536.2889512186, 1181628.1643585342], [2548536.6009852733, 1181628.5033820549], [2548536.8529548747, 1181628.8891456083], [2548537.037985383, 1181629.311124174], [2548537.1510284995, 1181629.7578046557], [2548537.1890000002, 1181630.217], [2548537.153898836, 1181630.656152774], [2548537.0501382393, 1181631.0843127784], [2548536.880303018, 1181631.4908140062], [2548536.648623981, 1181631.8655299982], [2548536.3608725467, 1181632.1991261058], [2548536.024216967, 1181632.483292028], [2548535.6470437576, 1181632.7109488328], [2548535.2387487795, 1181632.8764253017], [2548534.809503177, 1181632.9755992065], [2548534.37, 1181633.006], [2548533.889349037, 1181632.9590957563], [2548533.4239903344, 1181632.829996435], [2548532.987870933, 1181632.6225712092], [2548532.594061556, 1181632.3430367198], [2548532.254364872, 1181631.9997707594], [2548531.9789617667, 1181631.6030611855], [2548531.7761062123, 1181631.1647975883], [2548531.6518778945, 1181630.6981149535], [2548531.61, 1181630.217]]]}, "properties": {"OBJECTID": 46309331, "EGID": 280141269}}, {"type": "Feature", "id": 46309438, "geometry": {"type": "Polygon", "coordinates": [[[2547445.421, 1183426.998], [2547445.6783985146, 1183427.4869215172], [2547445.8469862365, 1183428.013112001], [2547445.9216407137, 1183428.5605834196], [2547445.9000936076, 1183429.1127011313], [2547445.7829996157, 1183429.6526893186], [2547445.57391658, 1183430.1641407136], [2547445.279197383, 1183430.6315151248], [2547444.907796918, 1183431.0406116168], [2547444.471, 1183431.379], [2547443.982078483, 1183431.6363985145], [2547443.455887999, 1183431.8049862366], [2547442.9084165804, 1183431.8796407138], [2547442.3562988685, 1183431.8580936075], [2547441.8163106814, 1183431.7409996158], [2547441.304859286, 1183431.5319165802], [2547440.837484875, 1183431.237197383], [2547440.4283883832, 1183430.8657969178], [2547440.09, 1183430.429], [2547439.8326014853, 1183429.9400784827], [2547439.6640137634, 1183429.413887999], [2547439.5893592862, 1183428.8664165803], [2547439.6109063923, 1183428.3142988686], [2547439.7280003843, 1183427.7743106813], [2547439.93708342, 1183427.2628592863], [2547440.2318026167, 1183426.795484875], [2547440.603203082, 1183426.386388383], [2547441.04, 1183426.048], [2547441.528921517, 1183425.7906014854], [2547442.055112001, 1183425.6220137633], [2547442.6025834195, 1183425.547359286], [2547443.1547011314, 1183425.5689063924], [2547443.6946893185, 1183425.6860003842], [2547444.2061407138, 1183425.8950834197], [2547444.6735151247, 1183426.1898026168], [2547445.0826116167, 1183426.561203082], [2547445.421, 1183426.998]]]}, "properties": {"OBJECTID": 46309438, "EGID": 280132760}}, {"type": "Feature", "id": 46309476, "geometry": {"type": "Polygon", "coordinates": [[[2546286.095, 1183473.458], [2546281.755, 1183475.868], [2546281.655, 1183475.908], [2546275.775, 1183477.698], [2546272.155, 1183469.538], [2546282.415, 1183465.168], [2546286.095, 1183473.458]]]}, "properties": {"OBJECTID": 46309476, "EGID": 280012724}}, {"type": "Feature", "id": 46309587, "geometry": {"type": "Polygon", "coordinates": [[[2546181.449, 1183972.837], [2546180.279, 1183970.867], [2546189.879, 1183964.857], [2546193.339, 1183970.276], [2546186.449, 1183974.6469999999], [2546188.179, 1183977.507], [2546184.659, 1183979.747], [2546180.579, 1183973.447], [2546181.449, 1183972.837]]]}, "properties": {"OBJECTID": 46309587, "EGID": 846456}}, {"type": "Feature", "id": 46309611, "geometry": {"type": "Polygon", "coordinates": [[[2545797.747, 1184175.329], [2545800.577, 1184166.743], [2545812.962, 1184170.835], [2545810.132, 1184179.416], [2545797.747, 1184175.329]]]}, "properties": {"OBJECTID": 46309611, "EGID": 280065687}}, {"type": "Feature", "id": 46309947, "geometry": {"type": "Polygon", "coordinates": [[[2547195.464, 1183040.457], [2547189.804, 1183047.957], [2547185.644, 1183044.268], [2547187.414, 1183042.2179999999], [2547177.534, 1183032.4679999999], [2547182.334, 1183027.7179999999], [2547195.464, 1183040.457]]]}, "properties": {"OBJECTID": 46309947, "EGID": 846766}}, {"type": "Feature", "id": 46310086, "geometry": {"type": "Polygon", "coordinates": [[[2546952.247, 1183336.212], [2546960.657, 1183334.931], [2546962.367, 1183346.321], [2546953.947, 1183347.582], [2546952.247, 1183336.212]]]}, "properties": {"OBJECTID": 46310086, "EGID": 3164740}}, {"type": "Feature", "id": 46310091, "geometry": {"type": "Polygon", "coordinates": [[[2546265.306, 1183536.998], [2546265.046, 1183536.408], [2546264.696, 1183536.548], [2546264.4359999998, 1183535.898], [2546264.766, 1183535.738], [2546262.886, 1183531.178], [2546267.426, 1183529.278], [2546269.9560000002, 1183535.187], [2546265.306, 1183536.998]]]}, "properties": {"OBJECTID": 46310091, "EGID": 280031571}}, {"type": "Feature", "id": 46310155, "geometry": {"type": "Polygon", "coordinates": [[[2547407.641, 1183291.481], [2547422.111, 1183283.851], [2547424.601, 1183288.571], [2547424.511, 1183288.621], [2547425.051, 1183289.491], [2547428.231, 1183287.87], [2547429.0609999998, 1183289.46], [2547419.971, 1183294.271], [2547419.231, 1183292.861], [2547410.721, 1183297.321], [2547407.641, 1183291.481]]]}, "properties": {"OBJECTID": 46310155, "EGID": 3164763}}, {"type": "Feature", "id": 46310176, "geometry": {"type": "Polygon", "coordinates": [[[2547418.904, 1182530.42], [2547421.004, 1182526.67], [2547429.724, 1182531.35], [2547427.774, 1182535.19], [2547432.184, 1182537.63], [2547424.835, 1182551.21], [2547411.555, 1182543.98], [2547418.904, 1182530.42]]]}, "properties": {"OBJECTID": 46310176, "EGID": 846962}}, {"type": "Feature", "id": 46310512, "geometry": {"type": "Polygon", "coordinates": [[[2547468.57, 1183269.87], [2547474.48, 1183267.259], [2547476.91, 1183272.789], [2547471.14, 1183275.299], [2547468.57, 1183269.87]]]}, "properties": {"OBJECTID": 46310512, "EGID": 280026521}}, {"type": "Feature", "id": 46310554, "geometry": {"type": "Polygon", "coordinates": [[[2546767.789, 1183455.181], [2546766.99, 1183453.665], [2546779.44, 1183446.715], [2546785.92, 1183455.795], [2546786.5, 1183456.645], [2546788.5, 1183459.475], [2546788.99, 1183460.155], [2546789.16, 1183460.345], [2546784.28, 1183463.005], [2546782.17, 1183459.085], [2546772.59, 1183464.295], [2546767.789, 1183455.181]]]}, "properties": {"OBJECTID": 46310554, "EGID": 846714}}, {"type": "Feature", "id": 46310619, "geometry": {"type": "Polygon", "coordinates": [[[2546864.102, 1183346.411], [2546872.563, 1183354.365], [2546868.459, 1183358.747], [2546859.984, 1183350.787], [2546864.102, 1183346.411]]]}, "properties": {"OBJECTID": 46310619, "EGID": 280092075}}, {"type": "Feature", "id": 46310851, "geometry": {"type": "Polygon", "coordinates": [[[2545928.781, 1183923.404], [2545925.741, 1183926.654], [2545927.731, 1183928.524], [2545923.0609999998, 1183933.654], [2545916.301, 1183927.514], [2545916.971, 1183926.774], [2545915.211, 1183925.184], [2545922.241, 1183917.454], [2545928.781, 1183923.404]]]}, "properties": {"OBJECTID": 46310851, "EGID": 846520}}, {"type": "Feature", "id": 46311135, "geometry": {"type": "Polygon", "coordinates": [[[2546331.026, 1183551.086], [2546333.036, 1183547.366], [2546329.836, 1183545.486], [2546329.116, 1183546.666], [2546325.516, 1183544.666], [2546329.451, 1183537.811], [2546326.393, 1183536.04], [2546328.65, 1183532.133], [2546330.7060000002, 1183531.611], [2546333.96, 1183533.517], [2546334.521, 1183535.578], [2546333.556, 1183537.257], [2546340.755, 1183541.546], [2546335.486, 1183553.226], [2546331.026, 1183551.086]]]}, "properties": {"OBJECTID": 46311135, "EGID": 846543}}, {"type": "Feature", "id": 46311202, "geometry": {"type": "Polygon", "coordinates": [[[2546296.305, 1183512.527], [2546296.385, 1183512.677], [2546302.075, 1183509.9070000001], [2546307.625, 1183518.327], [2546300.855, 1183521.977], [2546300.565, 1183521.447], [2546300.985, 1183521.207], [2546300.015, 1183519.437], [2546295.835, 1183521.667], [2546293.245, 1183516.887], [2546292.195, 1183514.597], [2546296.305, 1183512.527]]]}, "properties": {"OBJECTID": 46311202, "EGID": 846555}}, {"type": "Feature", "id": 46311245, "geometry": {"type": "Polygon", "coordinates": [[[2544989.579, 1181560.068], [2544991.649, 1181557.418], [2544992.739, 1181558.278], [2544993.149, 1181557.688], [2545000.319, 1181563.1570000001], [2544995.559, 1181569.7179999999], [2544988.229, 1181564.158], [2544990.6689999998, 1181560.878], [2544989.579, 1181560.068]]]}, "properties": {"OBJECTID": 46311245, "EGID": 846990}}, {"type": "Feature", "id": 46311257, "geometry": {"type": "Polygon", "coordinates": [[[2546853.199, 1183569.143], [2546853.739, 1183570.293], [2546852.729, 1183570.783], [2546862.139, 1183590.752], [2546854.009, 1183594.613], [2546844.039, 1183573.653], [2546853.199, 1183569.143]]]}, "properties": {"OBJECTID": 46311257, "EGID": 846667}}, {"type": "Feature", "id": 46311282, "geometry": {"type": "Polygon", "coordinates": [[[2547347.034, 1182977.204], [2547337.153, 1182987.1570000001], [2547324.433, 1182974.579], [2547334.27, 1182964.63], [2547347.034, 1182977.204]]]}, "properties": {"OBJECTID": 46311282, "EGID": 190058145}}, {"type": "Feature", "id": 46311394, "geometry": {"type": "Polygon", "coordinates": [[[2546306.055, 1183488.197], [2546319.125, 1183483.067], [2546325.555, 1183500.396], [2546315.015, 1183509.716], [2546306.055, 1183488.197]]]}, "properties": {"OBJECTID": 46311394, "EGID": 280005550}}, {"type": "Feature", "id": 46311399, "geometry": {"type": "Polygon", "coordinates": [[[2545944.386, 1182134.459], [2545949.747, 1182140.819], [2545941.607, 1182147.619], [2545937.857, 1182143.199], [2545933.277, 1182147.079], [2545930.187, 1182143.379], [2545934.817, 1182139.489], [2545936.247, 1182141.299], [2545944.386, 1182134.459]]]}, "properties": {"OBJECTID": 46311399, "EGID": 846995}}, {"type": "Feature", "id": 46311408, "geometry": {"type": "Polygon", "coordinates": [[[2548646.069, 1181604.316], [2548651.3140000002, 1181595.883], [2548659.154, 1181600.533], [2548658.994, 1181600.783], [2548661.5640000002, 1181602.313], [2548664.854, 1181596.763], [2548670.224, 1181599.983], [2548660.495, 1181615.3969999999], [2548659.424, 1181617.0929999999], [2548657.8140000002, 1181616.023], [2548658.994, 1181614.243], [2548645.474, 1181605.273], [2548646.069, 1181604.316]]]}, "properties": {"OBJECTID": 46311408, "EGID": 843405}}, {"type": "Feature", "id": 46311484, "geometry": {"type": "Polygon", "coordinates": [[[2546330.007, 1181305.735], [2546331.747, 1181304.385], [2546332.097, 1181304.915], [2546331.137, 1181305.495], [2546332.947, 1181307.874], [2546327.727, 1181312.205], [2546325.747, 1181309.835], [2546314.397, 1181318.505], [2546307.647, 1181309.855], [2546297.297, 1181316.986], [2546294.577, 1181312.946], [2546309.147, 1181302.885], [2546300.207, 1181291.686], [2546307.817, 1181285.435], [2546307.087, 1181284.496], [2546309.347, 1181282.675], [2546310.067, 1181283.575], [2546311.367, 1181282.405], [2546330.007, 1181305.735]]]}, "properties": {"OBJECTID": 46311484, "EGID": 847000}}, {"type": "Feature", "id": 46311689, "geometry": {"type": "Polygon", "coordinates": [[[2546999.317, 1183334.791], [2547002.177, 1183332.34], [2547005.637, 1183336.54], [2547007.867, 1183334.71], [2547010.797, 1183338.41], [2547005.637, 1183342.53], [2546999.317, 1183334.791]]]}, "properties": {"OBJECTID": 46311689, "EGID": 280021161}}, {"type": "Feature", "id": 46311771, "geometry": {"type": "Polygon", "coordinates": [[[2546708.031, 1183629.816], [2546706.571, 1183623.746], [2546718.631, 1183620.936], [2546720.051, 1183626.976], [2546708.031, 1183629.816]]]}, "properties": {"OBJECTID": 46311771, "EGID": 846648}}, {"type": "Feature", "id": 46311906, "geometry": {"type": "Polygon", "coordinates": [[[2545879.712, 1184016.224], [2545881.882, 1184017.924], [2545880.742, 1184019.374], [2545878.572, 1184017.664], [2545879.712, 1184016.224]]]}, "properties": {"OBJECTID": 46311906, "EGID": 280114966}}, {"type": "Feature", "id": 46312014, "geometry": {"type": "Polygon", "coordinates": [[[2546783.038, 1182951.098], [2546784.518, 1182949.608], [2546786.858, 1182951.888], [2546785.398, 1182953.388], [2546783.038, 1182951.098]]]}, "properties": {"OBJECTID": 46312014, "EGID": 280117534}}, {"type": "Feature", "id": 46312028, "geometry": {"type": "Polygon", "coordinates": [[[2547495.07, 1183278.519], [2547513.05, 1183316.688], [2547501.66, 1183321.848], [2547483.81, 1183283.809], [2547495.07, 1183278.519]]]}, "properties": {"OBJECTID": 46312028, "EGID": 9031391}}, {"type": "Feature", "id": 46312368, "geometry": {"type": "Polygon", "coordinates": [[[2545947.892, 1184128.242], [2545948.172, 1184128.902], [2545953.922, 1184127.021], [2545955.372, 1184131.651], [2545944.793, 1184135.132], [2545944.913, 1184135.442], [2545943.873, 1184135.802], [2545943.763, 1184135.462], [2545942.433, 1184135.922], [2545940.623, 1184130.712], [2545947.892, 1184128.242]]]}, "properties": {"OBJECTID": 46312368, "EGID": 846463}}, {"type": "Feature", "id": 46312523, "geometry": {"type": "Polygon", "coordinates": [[[2547476.63, 1183155.35], [2547469.52, 1183148.33], [2547468.78, 1183147.64], [2547473.25, 1183143.16], [2547475.85, 1183145.806], [2547478.045, 1183143.649], [2547480.828, 1183146.481], [2547478.632, 1183148.638], [2547481.71, 1183151.77], [2547480.05, 1183153.44], [2547478.6, 1183153.35], [2547476.63, 1183155.35]]]}, "properties": {"OBJECTID": 46312523, "EGID": 846853}}, {"type": "Feature", "id": 46312691, "geometry": {"type": "Polygon", "coordinates": [[[2548653.103, 1181544.194], [2548656.613, 1181551.623], [2548653.323, 1181553.133], [2548654.493, 1181555.733], [2548646.393, 1181559.464], [2548647.043, 1181560.864], [2548644.453, 1181562.054], [2548642.043, 1181556.894], [2548644.633, 1181555.644], [2548645.203, 1181556.874], [2548646.903, 1181556.084], [2548643.413, 1181548.524], [2548653.103, 1181544.194]]]}, "properties": {"OBJECTID": 46312691, "EGID": 843411}}, {"type": "Feature", "id": 46312815, "geometry": {"type": "Polygon", "coordinates": [[[2546264.406, 1183537.338], [2546261.476, 1183538.648], [2546259.026, 1183532.808], [2546261.836, 1183531.588], [2546264.406, 1183537.338]]]}, "properties": {"OBJECTID": 46312815, "EGID": 280041139}}, {"type": "Feature", "id": 46312889, "geometry": {"type": "Polygon", "coordinates": [[[2548722.527, 1180257.888], [2548726.247, 1180256.368], [2548729.357, 1180255.438], [2548731.487, 1180260.688], [2548694.837, 1180275.438], [2548688.817, 1180260.519], [2548699.257, 1180256.389], [2548697.697, 1180252.599], [2548703.027, 1180250.489], [2548704.987, 1180254.029], [2548710.757, 1180251.768], [2548712.767, 1180256.868], [2548717.547, 1180254.908], [2548716.727, 1180253.038], [2548722.757, 1180250.488], [2548723.607, 1180252.458], [2548720.787, 1180253.658], [2548722.527, 1180257.888]]]}, "properties": {"OBJECTID": 46312889, "EGID": 280002570}}, {"type": "Feature", "id": 46312906, "geometry": {"type": "Polygon", "coordinates": [[[2547828.432, 1183003.67], [2547829.022, 1183004.13], [2547831.142, 1183001.89], [2547834.762, 1183004.96], [2547834.722, 1183006.35], [2547833.322, 1183007.97], [2547837.392, 1183011.349], [2547831.222, 1183018.47], [2547822.142, 1183010.67], [2547828.432, 1183003.67]]]}, "properties": {"OBJECTID": 46312906, "EGID": 846895}}, {"type": "Feature", "id": 46313111, "geometry": {"type": "Polygon", "coordinates": [[[2546401.066, 1183644.153], [2546401.9359999998, 1183647.163], [2546395.876, 1183648.833], [2546394.966, 1183645.833], [2546401.066, 1183644.153]]]}, "properties": {"OBJECTID": 46313111, "EGID": 280041289}}, {"type": "Feature", "id": 46313185, "geometry": {"type": "Polygon", "coordinates": [[[2546957.658, 1183519.921], [2546961.678, 1183524.83], [2546956.418, 1183529.11], [2546952.498, 1183524.281], [2546957.658, 1183519.921]]]}, "properties": {"OBJECTID": 46313185, "EGID": 280023612}}, {"type": "Feature", "id": 46313375, "geometry": {"type": "Polygon", "coordinates": [[[2544160.765, 1183610.1469999999], [2544157.766, 1183620.99], [2544151.773, 1183619.392], [2544154.684, 1183608.558], [2544160.765, 1183610.1469999999]]]}, "properties": {"OBJECTID": 46313375, "EGID": 3105566}}, {"type": "Feature", "id": 46313397, "geometry": {"type": "Polygon", "coordinates": [[[2547758.604, 1183060.162], [2547751.284, 1183068.372], [2547742.994, 1183061.112], [2547750.414, 1183052.902], [2547758.604, 1183060.162]]]}, "properties": {"OBJECTID": 46313397, "EGID": 846883}}, {"type": "Feature", "id": 46313405, "geometry": {"type": "Polygon", "coordinates": [[[2547269.752, 1182992.785], [2547277.352, 1182983.585], [2547284.617, 1182989.618], [2547287.204, 1182986.504], [2547290.342, 1182989.11], [2547291.767, 1182987.394], [2547295.183, 1182990.231], [2547295.093, 1182990.339], [2547301.634, 1182995.673], [2547290.307, 1183009.577], [2547290.255, 1183009.64], [2547283.652, 1183004.365], [2547269.752, 1182992.785]]]}, "properties": {"OBJECTID": 46313405, "EGID": 846872}}, {"type": "Feature", "id": 46313511, "geometry": {"type": "Polygon", "coordinates": [[[2548277.4189999998, 1181396.618], [2548280.394, 1181410.436], [2548272.86, 1181412.059], [2548225.666, 1181422.229], [2548221.841, 1181404.466], [2548272.852, 1181393.48], [2548273.702, 1181397.42], [2548277.4189999998, 1181396.618]]]}, "properties": {"OBJECTID": 46313511, "EGID": 280001175}}, {"type": "Feature", "id": 46313583, "geometry": {"type": "Polygon", "coordinates": [[[2547202.934, 1183232.576], [2547208.474, 1183228.336], [2547210.984, 1183231.586], [2547205.444, 1183235.846], [2547202.934, 1183232.576]]]}, "properties": {"OBJECTID": 46313583, "EGID": 280033700}}, {"type": "Feature", "id": 46313764, "geometry": {"type": "Polygon", "coordinates": [[[2547187.582, 1182937.979], [2547186.659, 1182936.612], [2547193.404, 1182932.06], [2547200.853, 1182943.1], [2547194.117, 1182947.646], [2547193.243, 1182946.417], [2547186.813, 1182950.847], [2547181.063, 1182942.567], [2547187.582, 1182937.979]]]}, "properties": {"OBJECTID": 46313764, "EGID": 846952}}, {"type": "Feature", "id": 46313806, "geometry": {"type": "Polygon", "coordinates": [[[2546845.894, 1183272.053], [2546850.805, 1183266.793], [2546852.033, 1183266.747], [2546858.185, 1183260.205], [2546859.751, 1183261.678], [2546880.321, 1183281.0219999999], [2546874.135, 1183287.576], [2546874.163, 1183288.771], [2546869.239, 1183293.9679999999], [2546864.026, 1183289.035], [2546865.751, 1183287.199], [2546852.841, 1183275.069], [2546851.115, 1183276.92], [2546845.894, 1183272.053]]]}, "properties": {"OBJECTID": 46313806, "EGID": 280057996}}, {"type": "Feature", "id": 46313872, "geometry": {"type": "Polygon", "coordinates": [[[2546923.565, 1183192.371], [2546922.302, 1183191.186], [2546920.771, 1183192.816], [2546924.873, 1183196.682], [2546919.399, 1183202.504], [2546910.135, 1183193.797], [2546932.759, 1183169.749], [2546942.013, 1183178.474], [2546936.551, 1183184.276], [2546932.444, 1183180.433], [2546930.904, 1183182.054], [2546932.159, 1183183.247], [2546923.565, 1183192.371]]]}, "properties": {"OBJECTID": 46313872, "EGID": 280093261}}, {"type": "Feature", "id": 46313883, "geometry": {"type": "Polygon", "coordinates": [[[2545877.615, 1184042.386], [2545883.091, 1184036.98], [2545884.885, 1184038.777], [2545879.407, 1184044.195], [2545877.615, 1184042.386]]]}, "properties": {"OBJECTID": 46313883, "EGID": 280072961}}, {"type": "Feature", "id": 46313903, "geometry": {"type": "Polygon", "coordinates": [[[2547170.944, 1183279.297], [2547165.764, 1183282.777], [2547158.845, 1183272.447], [2547164.454, 1183268.697], [2547170.944, 1183279.297]]]}, "properties": {"OBJECTID": 46313903, "EGID": 846790}}, {"type": "Feature", "id": 46314077, "geometry": {"type": "Polygon", "coordinates": [[[2546908.524, 1183074.865], [2546906.059, 1183072.304], [2546913.728, 1183064.868], [2546920.28, 1183071.633], [2546915.86, 1183075.937], [2546912.607, 1183079.105], [2546908.524, 1183074.865]]]}, "properties": {"OBJECTID": 46314077, "EGID": 280101524}}, {"type": "Feature", "id": 46314383, "geometry": {"type": "Polygon", "coordinates": [[[2544179.852, 1183657.82], [2544178.922, 1183661.555], [2544177.204, 1183661.193], [2544177.094, 1183661.65], [2544171.329, 1183660.434], [2544172.38, 1183655.464], [2544178.245, 1183656.779], [2544178.103, 1183657.457], [2544179.852, 1183657.82]]]}, "properties": {"OBJECTID": 46314383, "EGID": 842239}}, {"type": "Feature", "id": 46314510, "geometry": {"type": "Polygon", "coordinates": [[[2546707.559, 1183327.417], [2546711.83, 1183324.199], [2546712.432, 1183325.008], [2546715.227, 1183322.898], [2546719.438, 1183328.474], [2546709.101, 1183336.281], [2546704.276, 1183329.89], [2546707.559, 1183327.417]]]}, "properties": {"OBJECTID": 46314510, "EGID": 280122324}}, {"type": "Feature", "id": 46314595, "geometry": {"type": "Polygon", "coordinates": [[[2547675.905, 1182986.074], [2547680.605, 1182990.154], [2547676.175, 1182995.204], [2547671.485, 1182991.124], [2547675.905, 1182986.074]]]}, "properties": {"OBJECTID": 46314595, "EGID": 280025244}}, {"type": "Feature", "id": 46314618, "geometry": {"type": "Polygon", "coordinates": [[[2547776.0640000002, 1183074.491], [2547774.8140000002, 1183076.031], [2547773.424, 1183074.741], [2547771.904, 1183074.731], [2547769.674, 1183072.912], [2547776.914, 1183064.571], [2547779.244, 1183066.521], [2547781.124, 1183066.451], [2547782.104, 1183067.371], [2547781.914, 1183067.671], [2547776.0640000002, 1183074.491]]]}, "properties": {"OBJECTID": 46314618, "EGID": 846884}}, {"type": "Feature", "id": 46314771, "geometry": {"type": "Polygon", "coordinates": [[[2549404.051, 1180911.924], [2549409.481, 1180919.744], [2549401.24, 1180925.464], [2549395.82, 1180917.624], [2549404.051, 1180911.924]]]}, "properties": {"OBJECTID": 46314771, "EGID": 3105551}}, {"type": "Feature", "id": 46314888, "geometry": {"type": "Polygon", "coordinates": [[[2546370.335, 1181216.574], [2546368.845, 1181218.144], [2546370.645, 1181219.774], [2546368.005, 1181222.504], [2546366.295, 1181220.894], [2546364.715, 1181222.404], [2546358.985, 1181216.824], [2546364.585, 1181211.014], [2546370.335, 1181216.574]]]}, "properties": {"OBJECTID": 46314888, "EGID": 847003}}, {"type": "Feature", "id": 46314961, "geometry": {"type": "Polygon", "coordinates": [[[2547857.841, 1182980.639], [2547859.121, 1182979.199], [2547861.371, 1182981.289], [2547857.352, 1182985.769], [2547855.132, 1182983.769], [2547853.732, 1182985.129], [2547851.552, 1182983.289], [2547855.721, 1182978.639], [2547857.841, 1182980.639]]]}, "properties": {"OBJECTID": 46314961, "EGID": 280028064}}, {"type": "Feature", "id": 46315013, "geometry": {"type": "Polygon", "coordinates": [[[2546868.08, 1183342.186], [2546872.198, 1183337.81], [2546880.635, 1183345.75], [2546876.532, 1183350.131], [2546868.08, 1183342.186]]]}, "properties": {"OBJECTID": 46315013, "EGID": 280057997}}, {"type": "Feature", "id": 46315240, "geometry": {"type": "Polygon", "coordinates": [[[2546894.944, 1181011.213], [2546878.094, 1180993.474], [2546886.843, 1180985.164], [2546903.633, 1181002.923], [2546894.944, 1181011.213]]]}, "properties": {"OBJECTID": 46315240, "EGID": 9072309}}, {"type": "Feature", "id": 46315421, "geometry": {"type": "Polygon", "coordinates": [[[2547207.7939999998, 1183377.035], [2547212.014, 1183383.875], [2547204.584, 1183388.445], [2547200.364, 1183381.515], [2547207.7939999998, 1183377.035]]]}, "properties": {"OBJECTID": 46315421, "EGID": 846817}}, {"type": "Feature", "id": 46315547, "geometry": {"type": "Polygon", "coordinates": [[[2546944.4390000002, 1180716.038], [2546951.569, 1180728.9679999999], [2546944.949, 1180732.918], [2546945.339, 1180733.688], [2546944.069, 1180734.448], [2546943.639, 1180733.7280000001], [2546943.149, 1180733.948], [2546940.579, 1180729.428], [2546933.109, 1180734.078], [2546936.289, 1180739.288], [2546926.68, 1180745.198], [2546923.31, 1180739.989], [2546928.51, 1180736.859], [2546916.91, 1180717.949], [2546929.53, 1180710.299], [2546936.159, 1180721.439], [2546944.4390000002, 1180716.038]]]}, "properties": {"OBJECTID": 46315547, "EGID": 847005}}, {"type": "Feature", "id": 46315600, "geometry": {"type": "Polygon", "coordinates": [[[2547675.464, 1182954.634], [2547681.554, 1182947.364], [2547683.524, 1182945.114], [2547688.824, 1182949.703], [2547682.714, 1182956.974], [2547679.774, 1182960.344], [2547676.444, 1182957.444], [2547677.414, 1182956.324], [2547675.464, 1182954.634]]]}, "properties": {"OBJECTID": 46315600, "EGID": 3164752}}, {"type": "Feature", "id": 46315755, "geometry": {"type": "Polygon", "coordinates": [[[2547457.066, 1182911.524], [2547446.772, 1182922.258], [2547441.46, 1182917.175], [2547451.567, 1182906.634], [2547451.752, 1182906.437], [2547453.141, 1182907.776], [2547457.066, 1182911.524]]]}, "properties": {"OBJECTID": 46315755, "EGID": 280099017}}, {"type": "Feature", "id": 46315784, "geometry": {"type": "Polygon", "coordinates": [[[2548652.265, 1181687.515], [2548660.4, 1181681.381], [2548666.157, 1181689.009], [2548657.914, 1181695.237], [2548657.7939999998, 1181695.077], [2548653.225, 1181698.521], [2548647.704, 1181691.199], [2548652.283, 1181687.755], [2548652.161, 1181687.5929999999], [2548652.265, 1181687.515]]]}, "properties": {"OBJECTID": 46315784, "EGID": 280103713}}, {"type": "Feature", "id": 46315825, "geometry": {"type": "Polygon", "coordinates": [[[2547068.946, 1183196.77], [2547075.446, 1183202.839], [2547064.486, 1183214.7], [2547057.906, 1183208.7], [2547068.946, 1183196.77]]]}, "properties": {"OBJECTID": 46315825, "EGID": 280009802}}, {"type": "Feature", "id": 46315875, "geometry": {"type": "Polygon", "coordinates": [[[2545820.239, 1184054.191], [2545809.777, 1184045.284], [2545814.452, 1184039.793], [2545824.917, 1184048.702], [2545820.239, 1184054.191]]]}, "properties": {"OBJECTID": 46315875, "EGID": 280100449}}, {"type": "Feature", "id": 46315957, "geometry": {"type": "Polygon", "coordinates": [[[2546213.699, 1183959.356], [2546212.889, 1183958.076], [2546206.309, 1183962.266], [2546202.729, 1183956.656], [2546209.569, 1183952.346], [2546209.659, 1183952.496], [2546211.999, 1183951.016], [2546216.159, 1183957.776], [2546213.699, 1183959.356]]]}, "properties": {"OBJECTID": 46315957, "EGID": 3164674}}, {"type": "Feature", "id": 46315958, "geometry": {"type": "Polygon", "coordinates": [[[2546724.342, 1182218.136], [2546722.322, 1182220.526], [2546717.462, 1182224.736], [2546717.682, 1182225.016], [2546718.042, 1182224.676], [2546718.312, 1182225.006], [2546717.942, 1182225.346], [2546729.352, 1182238.295], [2546725.162, 1182241.806], [2546721.012, 1182246.106], [2546716.692, 1182242.276], [2546718.702, 1182240.206], [2546720.162, 1182241.646], [2546721.062, 1182240.786], [2546708.012, 1182226.416], [2546708.472, 1182226.176], [2546706.652, 1182224.176], [2546704.122, 1182224.796], [2546696.882, 1182237.767], [2546699.922, 1182239.456], [2546696.902, 1182244.6570000001], [2546693.852, 1182242.977], [2546691.502, 1182247.337], [2546679.963, 1182240.777], [2546682.403, 1182236.487], [2546685.272, 1182231.237], [2546682.002, 1182229.457], [2546687.062, 1182220.037], [2546690.362, 1182221.867], [2546692.352, 1182218.187], [2546693.702, 1182218.967], [2546694.622, 1182218.047], [2546710.702, 1182202.236], [2546722.492, 1182214.836], [2546725.292, 1182212.396], [2546727.802, 1182215.296], [2546724.342, 1182218.136]], [[2546717.892, 1182215.576], [2546714.682, 1182218.326], [2546712.632, 1182219.306], [2546714.522, 1182221.346], [2546719.382, 1182217.356], [2546717.892, 1182215.576]]]}, "properties": {"OBJECTID": 46315958, "EGID": 846960}}, {"type": "Feature", "id": 46316188, "geometry": {"type": "Polygon", "coordinates": [[[2546817.506, 1183760.292], [2546814.016, 1183761.823], [2546811.54, 1183762.909], [2546809.507, 1183758.202], [2546807.58, 1183759.033], [2546807.46, 1183758.803], [2546807.07, 1183758.973], [2546806.4, 1183757.493], [2546806.76, 1183757.333], [2546804.47, 1183752.213], [2546812.83, 1183748.553], [2546815.776, 1183755.326], [2546817.717, 1183754.481], [2546818.99, 1183757.376], [2546816.664, 1183758.38], [2546817.506, 1183760.292]]]}, "properties": {"OBJECTID": 46316188, "EGID": 846616}}, {"type": "Feature", "id": 46316389, "geometry": {"type": "Polygon", "coordinates": [[[2546698.548, 1182924.131], [2546706.188, 1182916.381], [2546712.328, 1182922.43], [2546704.688, 1182930.181], [2546698.548, 1182924.131]]]}, "properties": {"OBJECTID": 46316389, "EGID": 3164754}}, {"type": "Feature", "id": 46316559, "geometry": {"type": "Polygon", "coordinates": [[[2547325.15, 1182904.063], [2547319.04, 1182910.774], [2547308.57, 1182901.034], [2547314.83, 1182894.394], [2547325.15, 1182904.063]]]}, "properties": {"OBJECTID": 46316559, "EGID": 846932}}, {"type": "Feature", "id": 46316640, "geometry": {"type": "Polygon", "coordinates": [[[2547256.011, 1183080.844], [2547258.778, 1183083.549], [2547257.114, 1183085.251], [2547254.347, 1183082.546], [2547256.011, 1183080.844]]]}, "properties": {"OBJECTID": 46316640, "EGID": 280116912}}, {"type": "Feature", "id": 46316778, "geometry": {"type": "Polygon", "coordinates": [[[2545917.373, 1184093.303], [2545918.543, 1184099.642], [2545909.453, 1184101.483], [2545908.063, 1184095.163], [2545917.373, 1184093.303]]]}, "properties": {"OBJECTID": 46316778, "EGID": 846473}}, {"type": "Feature", "id": 46316826, "geometry": {"type": "Polygon", "coordinates": [[[2546818.749, 1183286.378], [2546827.209, 1183294.324], [2546823.109, 1183298.708], [2546814.644, 1183290.752], [2546818.749, 1183286.378]]]}, "properties": {"OBJECTID": 46316826, "EGID": 280092056}}, {"type": "Feature", "id": 46316845, "geometry": {"type": "Polygon", "coordinates": [[[2545051.616, 1180354.128], [2545043.282, 1180342.557], [2545041.971, 1180343.452], [2545039.256, 1180339.752], [2545051.559, 1180330.466], [2545062.921, 1180345.575], [2545051.616, 1180354.128]]]}, "properties": {"OBJECTID": 46316845, "EGID": 280084595}}, {"type": "Feature", "id": 46317158, "geometry": {"type": "Polygon", "coordinates": [[[2544215.16, 1183647.085], [2544213.769, 1183651.524], [2544207.744, 1183649.684], [2544208.988, 1183645.152], [2544209.832, 1183642.143], [2544216.057, 1183643.889], [2544215.16, 1183647.085]]]}, "properties": {"OBJECTID": 46317158, "EGID": 842246}}, {"type": "Feature", "id": 46317202, "geometry": {"type": "Polygon", "coordinates": [[[2547520.317, 1182984.038], [2547510.838, 1182993.558], [2547498.408, 1182981.309], [2547507.847, 1182971.7179999999], [2547520.317, 1182984.038]]]}, "properties": {"OBJECTID": 46317202, "EGID": 280006522}}, {"type": "Feature", "id": 46317286, "geometry": {"type": "Polygon", "coordinates": [[[2548523.088, 1181763.957], [2548535.307, 1181753.997], [2548536.066, 1181754.96], [2548549.857, 1181772.467], [2548537.518, 1181782.207], [2548533.98, 1181777.732], [2548523.088, 1181763.957]]]}, "properties": {"OBJECTID": 46317286, "EGID": 843402}}, {"type": "Feature", "id": 46317423, "geometry": {"type": "Polygon", "coordinates": [[[2546677.537, 1183387.16], [2546680.495, 1183379.177], [2546690.342, 1183382.822], [2546687.383, 1183390.809], [2546677.537, 1183387.16]]]}, "properties": {"OBJECTID": 46317423, "EGID": 190028589}}, {"type": "Feature", "id": 46317571, "geometry": {"type": "Polygon", "coordinates": [[[2547921.75, 1182986.367], [2547924.48, 1182983.357], [2547927.36, 1182985.817], [2547923.88, 1182989.887], [2547925.02, 1182990.887], [2547920.981, 1182995.587], [2547917.091, 1182992.227], [2547916.091, 1182993.3969999999], [2547910.14, 1182988.352], [2547910.082, 1182988.42], [2547906.077, 1182985.024], [2547912.028, 1182978.006], [2547915.293, 1182980.774], [2547915.235, 1182980.8429999999], [2547921.75, 1182986.367]]]}, "properties": {"OBJECTID": 46317571, "EGID": 846917}}, {"type": "Feature", "id": 46317854, "geometry": {"type": "Polygon", "coordinates": [[[2546830.382, 1183740.35], [2546834.434, 1183749.023], [2546831.164, 1183750.555], [2546831.758, 1183751.823], [2546831.9390000002, 1183751.738], [2546835.789, 1183759.954], [2546830.645, 1183762.289], [2546826.024, 1183752.361], [2546826.776, 1183752.009], [2546822.935, 1183743.785], [2546830.382, 1183740.35]]]}, "properties": {"OBJECTID": 46317854, "EGID": 846619}}, {"type": "Feature", "id": 46318049, "geometry": {"type": "Polygon", "coordinates": [[[2546050.781, 1183994.93], [2546046.741, 1183991.06], [2546047.461, 1183990.15], [2546042.381, 1183985.17], [2546047.791, 1183979.4], [2546057.191, 1183988], [2546050.781, 1183994.93]]]}, "properties": {"OBJECTID": 46318049, "EGID": 846529}}, {"type": "Feature", "id": 46318139, "geometry": {"type": "Polygon", "coordinates": [[[2547316.313, 1183420.002], [2547316.213, 1183419.7820000001], [2547323.053, 1183415.442], [2547327.932, 1183423.082], [2547316.143, 1183430.5219999999], [2547311.413, 1183423.063], [2547316.313, 1183420.002]]]}, "properties": {"OBJECTID": 46318139, "EGID": 846841}}, {"type": "Feature", "id": 46318366, "geometry": {"type": "Polygon", "coordinates": [[[2547202.134, 1183401.535], [2547204.344, 1183405.975], [2547199.014, 1183408.665], [2547196.764, 1183404.295], [2547202.134, 1183401.535]]]}, "properties": {"OBJECTID": 46318366, "EGID": 280032831}}, {"type": "Feature", "id": 46318522, "geometry": {"type": "Polygon", "coordinates": [[[2546885.678, 1183338.649], [2546881.57, 1183343.023], [2546873.114, 1183335.058], [2546877.223, 1183330.694], [2546885.678, 1183338.649]]]}, "properties": {"OBJECTID": 46318522, "EGID": 280092067}}, {"type": "Feature", "id": 46318873, "geometry": {"type": "Polygon", "coordinates": [[[2547382.881, 1183159.482], [2547388.921, 1183165.412], [2547380.111, 1183174.302], [2547374.001, 1183168.332], [2547382.881, 1183159.482]]]}, "properties": {"OBJECTID": 46318873, "EGID": 846759}}, {"type": "Feature", "id": 46319002, "geometry": {"type": "Polygon", "coordinates": [[[2544922.849, 1181343.06], [2544927.249, 1181342.999], [2544925.1689999998, 1181347.599], [2544923.369, 1181346.849], [2544923.589, 1181346.419], [2544921.889, 1181345.56], [2544922.849, 1181343.06]]]}, "properties": {"OBJECTID": 46319002, "EGID": 280048730}}, {"type": "Feature", "id": 46319316, "geometry": {"type": "Polygon", "coordinates": [[[2546810.847, 1182921.338], [2546813.847, 1182924.188], [2546808.408, 1182929.708], [2546805.487, 1182926.818], [2546810.847, 1182921.338]]]}, "properties": {"OBJECTID": 46319316, "EGID": 280031779}}, {"type": "Feature", "id": 46319332, "geometry": {"type": "Polygon", "coordinates": [[[2546959.187, 1183380.491], [2546957.567, 1183381.271], [2546958.267, 1183382.351], [2546953.078, 1183385.901], [2546950.648, 1183382.051], [2546949.678, 1183375.712], [2546954.178, 1183373.611], [2546955.877, 1183378.481], [2546956.577, 1183379.551], [2546958.177, 1183378.611], [2546959.187, 1183380.491]]]}, "properties": {"OBJECTID": 46319332, "EGID": 190000608}}, {"type": "Feature", "id": 46319377, "geometry": {"type": "Polygon", "coordinates": [[[2545877.221, 1184068.661], [2545879.953, 1184065.094], [2545886.403, 1184069.924], [2545882.643, 1184074.684], [2545879.131, 1184071.994], [2545880.034, 1184070.815], [2545877.221, 1184068.661]]]}, "properties": {"OBJECTID": 46319377, "EGID": 846476}}, {"type": "Feature", "id": 46319676, "geometry": {"type": "Polygon", "coordinates": [[[2546625.712, 1183497.879], [2546629.892, 1183515.188], [2546632.282, 1183514.658], [2546632.502, 1183515.508], [2546638.392, 1183514.078], [2546638.962, 1183516.658], [2546630.732, 1183518.638], [2546631.022, 1183519.9780000001], [2546617.602, 1183523.149], [2546612.232, 1183501.089], [2546625.712, 1183497.879]]]}, "properties": {"OBJECTID": 46319676, "EGID": 846537}}, {"type": "Feature", "id": 46319802, "geometry": {"type": "Polygon", "coordinates": [[[2548471.808, 1181732.769], [2548478.398, 1181727.428], [2548484.458, 1181734.918], [2548472.038, 1181744.949], [2548466.548, 1181738.299], [2548465.888, 1181737.519], [2548471.808, 1181732.769]]]}, "properties": {"OBJECTID": 46319802, "EGID": 3105649}}, {"type": "Feature", "id": 46319809, "geometry": {"type": "Polygon", "coordinates": [[[2546337.6, 1183665.955], [2546337.364, 1183666.038], [2546337.209, 1183666.092], [2546333.275, 1183654.812], [2546333.166, 1183654.501], [2546341.48, 1183651.589], [2546346.42, 1183649.859], [2546346.813, 1183650.985], [2546347.807, 1183653.839], [2546350.464, 1183661.463], [2546337.6, 1183665.955]]]}, "properties": {"OBJECTID": 46319809, "EGID": 280133797}}, {"type": "Feature", "id": 46320419, "geometry": {"type": "Polygon", "coordinates": [[[2546724.611, 1183792.445], [2546726.011, 1183799.945], [2546725.601, 1183800.035], [2546726.401, 1183804.395], [2546719.101, 1183805.765], [2546717.881, 1183798.815], [2546718.041, 1183798.765], [2546717.091, 1183793.905], [2546724.611, 1183792.445]]]}, "properties": {"OBJECTID": 46320419, "EGID": 846608}}, {"type": "Feature", "id": 46320578, "geometry": {"type": "Polygon", "coordinates": [[[2548653.103, 1181544.194], [2548643.413, 1181548.524], [2548641.703, 1181549.284], [2548631.164, 1181554.554], [2548627.394, 1181556.564], [2548622.134, 1181559.204], [2548617.734, 1181550.515], [2548626.894, 1181545.744], [2548626.154, 1181544.234], [2548638.713, 1181538.134], [2548635.703, 1181531.934], [2548647.323, 1181526.334], [2548655.123, 1181543.253], [2548653.103, 1181544.194]]]}, "properties": {"OBJECTID": 46320578, "EGID": 843410}}, {"type": "Feature", "id": 46320601, "geometry": {"type": "Polygon", "coordinates": [[[2546747.548, 1183436.861], [2546743.825, 1183429.893], [2546743.538, 1183429.355], [2546751.901, 1183424.858], [2546750.738, 1183422.677], [2546756.034, 1183419.832], [2546761.223, 1183429.543], [2546754.592, 1183433.091], [2546754.12, 1183432.21], [2546752.366, 1183433.149], [2546752.838, 1183434.03], [2546747.548, 1183436.861]]]}, "properties": {"OBJECTID": 46320601, "EGID": 280082348}}, {"type": "Feature", "id": 46320752, "geometry": {"type": "Polygon", "coordinates": [[[2546725.227, 1182839.751], [2546732.517, 1182845.261], [2546727.647, 1182851.581], [2546720.477, 1182846.131], [2546725.227, 1182839.751]]]}, "properties": {"OBJECTID": 46320752, "EGID": null}}, {"type": "Feature", "id": 46320760, "geometry": {"type": "Polygon", "coordinates": [[[2546730.288, 1183462.266], [2546726.57, 1183455.168], [2546730.119, 1183453.309], [2546730.541, 1183451.961], [2546734.974, 1183449.638], [2546739.165, 1183457.636], [2546730.288, 1183462.266]]]}, "properties": {"OBJECTID": 46320760, "EGID": 160004221}}, {"type": "Feature", "id": 46320799, "geometry": {"type": "Polygon", "coordinates": [[[2546802.084, 1183019.289], [2546797.358, 1183022.717], [2546792.658, 1183016.2179999999], [2546803.188, 1183008.607], [2546807.878, 1183015.087], [2546802.084, 1183019.289]]]}, "properties": {"OBJECTID": 46320799, "EGID": 280059087}}, {"type": "Feature", "id": 46321406, "geometry": {"type": "Polygon", "coordinates": [[[2547463.099, 1183387.492], [2547463.561144042, 1183387.245780114], [2547464.057515329, 1183387.0789961445], [2547464.5745703983, 1183386.9961987832], [2547465.098201429, 1183386.9996471517], [2547465.614121177, 1183387.0892471613], [2547466.108252798, 1183387.2625540807], [2547466.5671139383, 1183387.5148392397], [2547466.978184596, 1183387.8392190512], [2547467.33024873, 1183388.2268428295], [2547467.6137002883, 1183388.66713428], [2547467.820805311, 1183389.1480800745], [2547467.945912949, 1183389.6565576321], [2547467.985609646, 1183390.17869317], [2547467.93881228, 1183390.7002402477], [2547467.8067977154, 1183391.2069684807], [2547467.593167962, 1183391.6850518167], [2547467.303751896, 1183392.121445777], [2547466.94644622, 1183392.5042433753], [2547466.531, 1183392.823], [2547466.0420855633, 1183393.0803490332], [2547465.5159147275, 1183393.2489020014], [2547464.9684705012, 1183393.323538926], [2547464.4163820953, 1183393.3019926297], [2547463.876419791, 1183393.1849176046], [2547463.3649855284, 1183392.9758701308], [2547462.897614676, 1183392.681200252], [2547462.4885041285, 1183392.309858884], [2547462.150081062, 1183391.8731259226], [2547461.892625443, 1183391.3842676042], [2547461.7239577645, 1183390.8581335286], [2547461.649201489, 1183390.3107055875], [2547461.6706274203, 1183389.758612497], [2547461.7875847216, 1183389.2186246812], [2547461.9965206883, 1183388.7071448548], [2547462.2910886654, 1183388.23970977], [2547462.662340831, 1183387.8305182739], [2547463.099, 1183387.492]]]}, "properties": {"OBJECTID": 46321406, "EGID": 280132920}}, {"type": "Feature", "id": 46321496, "geometry": {"type": "Polygon", "coordinates": [[[2546893.392, 1183097.624], [2546888.454, 1183102.416], [2546884.515, 1183098.3530000001], [2546881.891, 1183095.646], [2546888.661, 1183089.083], [2546895.225, 1183095.845], [2546893.392, 1183097.624]]]}, "properties": {"OBJECTID": 46321496, "EGID": 280101509}}, {"type": "Feature", "id": 46321892, "geometry": {"type": "Polygon", "coordinates": [[[2546191.729, 1184112.376], [2546186.589, 1184114.036], [2546184.019, 1184106.306], [2546188.519, 1184104.816], [2546188.399, 1184104.396], [2546191.609, 1184103.316], [2546193.709, 1184109.476], [2546190.6890000002, 1184110.546], [2546191.069, 1184111.566], [2546191.4189999998, 1184111.486], [2546191.729, 1184112.376]]]}, "properties": {"OBJECTID": 46321892, "EGID": 846451}}, {"type": "Feature", "id": 46321898, "geometry": {"type": "Polygon", "coordinates": [[[2549355.92, 1180988.553], [2549369.699, 1180979.263], [2549375.269, 1180987.5929999999], [2549361.43, 1180996.733], [2549355.92, 1180988.553]]]}, "properties": {"OBJECTID": 46321898, "EGID": 841967}}, {"type": "Feature", "id": 46321919, "geometry": {"type": "Polygon", "coordinates": [[[2548921.548, 1180216.194], [2548919.889, 1180218.605], [2548924.824, 1180221.995], [2548922.825, 1180224.903], [2548917.889, 1180221.512], [2548912.218, 1180229.754], [2548903.628, 1180224.025], [2548913.048, 1180210.295], [2548921.548, 1180216.194]]]}, "properties": {"OBJECTID": 46321919, "EGID": 280008554}}, {"type": "Feature", "id": 46322068, "geometry": {"type": "Polygon", "coordinates": [[[2546149.098, 1180927.956], [2546153.508, 1180924.226], [2546152.578, 1180922.786], [2546156.118, 1180919.626], [2546157.218, 1180920.866], [2546161.338, 1180917.046], [2546175.897, 1180933.295], [2546163.678, 1180944.325], [2546149.098, 1180927.956]]]}, "properties": {"OBJECTID": 46322068, "EGID": 280004150}}, {"type": "Feature", "id": 46322281, "geometry": {"type": "Polygon", "coordinates": [[[2547348.522, 1183366.632], [2547349.112, 1183368.332], [2547350.122, 1183367.972], [2547350.522, 1183369.112], [2547354.782, 1183367.622], [2547357.562, 1183375.7719999999], [2547349.512, 1183378.542], [2547345.682, 1183367.622], [2547348.522, 1183366.632]]]}, "properties": {"OBJECTID": 46322281, "EGID": 846829}}, {"type": "Feature", "id": 46322371, "geometry": {"type": "Polygon", "coordinates": [[[2546858.599, 1183745.472], [2546861.219, 1183750.762], [2546854.729, 1183754.092], [2546851.979, 1183748.862], [2546858.599, 1183745.472]]]}, "properties": {"OBJECTID": 46322371, "EGID": 280023499}}, {"type": "Feature", "id": 46322427, "geometry": {"type": "Polygon", "coordinates": [[[2546510.324, 1183516.471], [2546511.604, 1183519.811], [2546508.944, 1183521.571], [2546507.664, 1183518.271], [2546510.324, 1183516.471]]]}, "properties": {"OBJECTID": 46322427, "EGID": 280051629}}, {"type": "Feature", "id": 46322538, "geometry": {"type": "Polygon", "coordinates": [[[2546863.409, 1183365.876], [2546854.952, 1183357.919], [2546859.053, 1183353.557], [2546867.507, 1183361.506], [2546863.409, 1183365.876]]]}, "properties": {"OBJECTID": 46322538, "EGID": 280058001}}, {"type": "Feature", "id": 46322551, "geometry": {"type": "Polygon", "coordinates": [[[2546658.22, 1183296.437], [2546654.401, 1183294.469], [2546650.492, 1183292.219], [2546655.751, 1183282.789], [2546663.431, 1183287.069], [2546658.22, 1183296.437]]]}, "properties": {"OBJECTID": 46322551, "EGID": 846683}}, {"type": "Feature", "id": 46322652, "geometry": {"type": "Polygon", "coordinates": [[[2547240.524, 1183462.204], [2547240.874, 1183463.364], [2547253.0640000002, 1183460.034], [2547249.654, 1183447.534], [2547255.074, 1183446.034], [2547254.374, 1183443.444], [2547263.643, 1183440.904], [2547268.763, 1183459.213], [2547271.293, 1183458.533], [2547273.513, 1183466.503], [2547271.073, 1183467.173], [2547274.443, 1183479.803], [2547242.5439999998, 1183488.534], [2547238.974, 1183475.744], [2547231.944, 1183477.654], [2547228.5640000002, 1183465.424], [2547240.524, 1183462.204]]]}, "properties": {"OBJECTID": 46322652, "EGID": 846724}}, {"type": "Feature", "id": 46322685, "geometry": {"type": "Polygon", "coordinates": [[[2546608.889, 1183458.827], [2546609.93, 1183463.15], [2546611.659, 1183462.75], [2546610.99, 1183460.023], [2546617.959, 1183458.307], [2546623.543, 1183481.215], [2546607.985, 1183485.122], [2546601.991, 1183460.533], [2546608.889, 1183458.827]]]}, "properties": {"OBJECTID": 46322685, "EGID": 846536}}, {"type": "Feature", "id": 46322765, "geometry": {"type": "Polygon", "coordinates": [[[2545148.697, 1181231.705], [2545146.567, 1181245.245], [2545146.127, 1181248.145], [2545119.357, 1181241.445], [2545121.227, 1181235.495], [2545115.987, 1181233.836], [2545120.597, 1181219.415], [2545149.137, 1181228.245], [2545148.697, 1181231.705]]]}, "properties": {"OBJECTID": 46322765, "EGID": 280002060}}, {"type": "Feature", "id": 46322957, "geometry": {"type": "Polygon", "coordinates": [[[2547726.646, 1183206.993], [2547735.246, 1183230.493], [2547707.057, 1183241.014], [2547698.387, 1183217.544], [2547726.646, 1183206.993]]]}, "properties": {"OBJECTID": 46322957, "EGID": 280001577}}, {"type": "Feature", "id": 46323025, "geometry": {"type": "Polygon", "coordinates": [[[2546743.281, 1183743.074], [2546746.781, 1183750.784], [2546737.691, 1183754.975], [2546734.151, 1183747.185], [2546743.281, 1183743.074]]]}, "properties": {"OBJECTID": 46323025, "EGID": 846611}}, {"type": "Feature", "id": 46323124, "geometry": {"type": "Polygon", "coordinates": [[[2547070.486, 1183384.129], [2547067.076, 1183386.389], [2547064.196, 1183382.809], [2547056.7060000002, 1183373.519], [2547053.482, 1183369.608], [2547056.231, 1183367.42], [2547066.858, 1183380.592], [2547067.712, 1183379.893], [2547070.897, 1183383.857], [2547070.486, 1183384.129]]]}, "properties": {"OBJECTID": 46323124, "EGID": 280067546}}, {"type": "Feature", "id": 46323310, "geometry": {"type": "Polygon", "coordinates": [[[2547359.289, 1182897.292], [2547365.339, 1182891.362], [2547365.519, 1182891.5320000001], [2547369.039, 1182887.892], [2547369.179, 1182888.0320000001], [2547376.479, 1182895.712], [2547377.369, 1182894.762], [2547377.709, 1182895.052], [2547365.9189999998, 1182906.632], [2547365.679, 1182906.262], [2547366.909, 1182905.142], [2547359.289, 1182897.292]]]}, "properties": {"OBJECTID": 46323310, "EGID": 846875}}, {"type": "Feature", "id": 46323318, "geometry": {"type": "Polygon", "coordinates": [[[2547294.726, 1183013.134], [2547305.979, 1182999.357], [2547319.58, 1183010.668], [2547314.495, 1183016.784], [2547312.691, 1183015.284], [2547306.381, 1183022.934], [2547295.022, 1183013.554], [2547295.112, 1183013.454], [2547294.726, 1183013.134]]]}, "properties": {"OBJECTID": 46323318, "EGID": 280138708}}, {"type": "Feature", "id": 46323404, "geometry": {"type": "Polygon", "coordinates": [[[2547513.342, 1182840.152], [2547510.619, 1182843.44], [2547508.229, 1182846.325], [2547499.409, 1182839.015], [2547504.535, 1182832.841], [2547513.342, 1182840.152]]]}, "properties": {"OBJECTID": 46323404, "EGID": 280061472}}, {"type": "Feature", "id": 46323651, "geometry": {"type": "Polygon", "coordinates": [[[2547088.164, 1182906.993], [2547082.7939999998, 1182898.82], [2547089.3140000002, 1182894.98], [2547095.924, 1182905.17], [2547089.594, 1182909.17], [2547088.164, 1182906.993]]]}, "properties": {"OBJECTID": 46323651, "EGID": 280013772}}, {"type": "Feature", "id": 46324076, "geometry": {"type": "Polygon", "coordinates": [[[2545031.708, 1181398.877], [2545027.038, 1181404.027], [2545022.628, 1181399.997], [2545027.328, 1181394.787], [2545031.708, 1181398.877]]]}, "properties": {"OBJECTID": 46324076, "EGID": 280025169}}, {"type": "Feature", "id": 46324152, "geometry": {"type": "Polygon", "coordinates": [[[2547653.04, 1182979.806], [2547661.387, 1182987.034], [2547655.482, 1182993.85], [2547647.155, 1182986.6469999999], [2547653.04, 1182979.806]]]}, "properties": {"OBJECTID": 46324152, "EGID": 280052468}}, {"type": "Feature", "id": 46324517, "geometry": {"type": "Polygon", "coordinates": [[[2547250.405, 1183061.165], [2547258.21, 1183053.164], [2547259.176, 1183054.135], [2547261.904, 1183051.331], [2547268.1890000002, 1183057.477], [2547257.614, 1183068.246], [2547250.405, 1183061.165]]]}, "properties": {"OBJECTID": 46324517, "EGID": 190058038}}, {"type": "Feature", "id": 46324629, "geometry": {"type": "Polygon", "coordinates": [[[2545349.615, 1181182.351], [2545342.025, 1181173.111], [2545351.315, 1181165.541], [2545358.955, 1181174.83], [2545349.615, 1181182.351]]]}, "properties": {"OBJECTID": 46324629, "EGID": 846968}}, {"type": "Feature", "id": 46324696, "geometry": {"type": "Polygon", "coordinates": [[[2547556.486, 1182869.377], [2547558.226, 1182866.877], [2547562.985, 1182870.297], [2547561.256, 1182872.707], [2547556.486, 1182869.377]]]}, "properties": {"OBJECTID": 46324696, "EGID": 280044349}}, {"type": "Feature", "id": 46324837, "geometry": {"type": "Polygon", "coordinates": [[[2547732.415, 1183164.963], [2547748.125, 1183162.492], [2547750.545, 1183178.562], [2547734.9560000002, 1183180.983], [2547721.046, 1183183.333], [2547718.476, 1183167.263], [2547732.415, 1183164.963]]]}, "properties": {"OBJECTID": 46324837, "EGID": 9031405}}, {"type": "Feature", "id": 46325072, "geometry": {"type": "Polygon", "coordinates": [[[2547136.617, 1183021.143], [2547144.482, 1183029.374], [2547136.066, 1183037.394], [2547130.147, 1183031.205], [2547132.492, 1183028.989], [2547132.585, 1183025.67], [2547128.792, 1183021.655], [2547133.138, 1183017.504], [2547135.181, 1183019.641], [2547135.148, 1183021.11], [2547136.617, 1183021.143]]]}, "properties": {"OBJECTID": 46325072, "EGID": 190058190}}, {"type": "Feature", "id": 46325256, "geometry": {"type": "Polygon", "coordinates": [[[2548857.927, 1180255.855], [2548850.728, 1180251.945], [2548852.248, 1180249.205], [2548841.038, 1180243.136], [2548848.188, 1180230.026], [2548866.408, 1180239.845], [2548859.848, 1180252.205], [2548857.927, 1180255.855]]]}, "properties": {"OBJECTID": 46325256, "EGID": 842046}}, {"type": "Feature", "id": 46325295, "geometry": {"type": "Polygon", "coordinates": [[[2548034.069, 1183043.104], [2548031.119, 1183046.374], [2548026.539, 1183043.234], [2548028.999, 1183039.724], [2548034.069, 1183043.104]]]}, "properties": {"OBJECTID": 46325295, "EGID": 280035865}}, {"type": "Feature", "id": 46325468, "geometry": {"type": "Polygon", "coordinates": [[[2547040.757, 1183678.308], [2547038.637, 1183673.488], [2547049.807, 1183668.687], [2547051.827, 1183673.527], [2547040.757, 1183678.308]]]}, "properties": {"OBJECTID": 46325468, "EGID": 280017576}}, {"type": "Feature", "id": 46325573, "geometry": {"type": "Polygon", "coordinates": [[[2545893.397, 1182230.459], [2545898.407, 1182238.209], [2545868.228, 1182257.73], [2545863.308, 1182250.11], [2545893.397, 1182230.459]]]}, "properties": {"OBJECTID": 46325573, "EGID": 3164709}}, {"type": "Feature", "id": 46325585, "geometry": {"type": "Polygon", "coordinates": [[[2546860.548, 1183037.436], [2546863.828, 1183033.605], [2546861.618, 1183031.696], [2546864.728, 1183028.055], [2546873.578, 1183035.525], [2546867.098, 1183043.085], [2546866.758, 1183042.785], [2546863.328, 1183046.755], [2546859.298, 1183043.246], [2546862.708, 1183039.265], [2546860.548, 1183037.436]]]}, "properties": {"OBJECTID": 46325585, "EGID": 846706}}, {"type": "Feature", "id": 46326368, "geometry": {"type": "Polygon", "coordinates": [[[2547102.407, 1183309.388], [2547101.413, 1183306.755], [2547104.037, 1183305.771], [2547105.039, 1183308.394], [2547102.407, 1183309.388]]]}, "properties": {"OBJECTID": 46326368, "EGID": 280120426}}, {"type": "Feature", "id": 46326732, "geometry": {"type": "Polygon", "coordinates": [[[2547376.052, 1183274.412], [2547371.782, 1183276.152], [2547368.412, 1183269.732], [2547372.772, 1183267.912], [2547376.052, 1183274.412]]]}, "properties": {"OBJECTID": 46326732, "EGID": 280029636}}, {"type": "Feature", "id": 46326806, "geometry": {"type": "Polygon", "coordinates": [[[2547400.981, 1183177.152], [2547408.391, 1183184.351], [2547405.361, 1183187.462], [2547405.481, 1183187.562], [2547404.321, 1183188.722], [2547404.211, 1183188.612], [2547404.131, 1183188.702], [2547403.571, 1183188.202], [2547401.0810000002, 1183190.792], [2547394.121, 1183184.062], [2547400.981, 1183177.152]]]}, "properties": {"OBJECTID": 46326806, "EGID": 846757}}, {"type": "Feature", "id": 46326811, "geometry": {"type": "Polygon", "coordinates": [[[2547268.448, 1183387.269], [2547271.996, 1183385.391], [2547274.762, 1183390.705], [2547271.266, 1183392.591], [2547268.448, 1183387.269]]]}, "properties": {"OBJECTID": 46326811, "EGID": 280070623}}, {"type": "Feature", "id": 46326851, "geometry": {"type": "Polygon", "coordinates": [[[2545964.851, 1183992.432], [2545963.632, 1183993.892], [2545967.932, 1183997.5219999999], [2545962.522, 1184003.942], [2545958.032, 1184000.092], [2545960.272, 1183997.412], [2545954.702, 1183992.582], [2545959.091, 1183987.332], [2545964.851, 1183992.432]]]}, "properties": {"OBJECTID": 46326851, "EGID": 846515}}, {"type": "Feature", "id": 46327108, "geometry": {"type": "Polygon", "coordinates": [[[2546936.038, 1183462.241], [2546942.468, 1183469.171], [2546939.858, 1183471.501], [2546933.528, 1183464.621], [2546936.038, 1183462.241]]]}, "properties": {"OBJECTID": 46327108, "EGID": 280030994}}, {"type": "Feature", "id": 46327190, "geometry": {"type": "Polygon", "coordinates": [[[2548885.267, 1180273.644], [2548884.577, 1180277.304], [2548880.677, 1180276.564], [2548882.857, 1180267.274], [2548884.117, 1180267.634], [2548885.118, 1180260.064], [2548887.288, 1180260.334], [2548887.598, 1180258.034], [2548895.628, 1180258.864], [2548894.748, 1180262.764], [2548893.297, 1180269.054], [2548892.687, 1180268.964], [2548886.387, 1180267.884], [2548885.267, 1180273.644]]]}, "properties": {"OBJECTID": 46327190, "EGID": 3164209}}, {"type": "Feature", "id": 46327362, "geometry": {"type": "Polygon", "coordinates": [[[2547022.096, 1183152.451], [2547008.4359999998, 1183160.121], [2547002.767, 1183149.851], [2547016.236, 1183142.191], [2547022.096, 1183152.451]]]}, "properties": {"OBJECTID": 46327362, "EGID": 846777}}, {"type": "Feature", "id": 46327565, "geometry": {"type": "Polygon", "coordinates": [[[2549348.576, 1180951.441], [2549356.758, 1180938.382], [2549365.093, 1180943.564], [2549356.94, 1180956.641], [2549348.576, 1180951.441]]]}, "properties": {"OBJECTID": 46327565, "EGID": 280120040}}, {"type": "Feature", "id": 46327762, "geometry": {"type": "Polygon", "coordinates": [[[2546528.124, 1183533.311], [2546527.214, 1183529.701], [2546531.964, 1183528.311], [2546535.454, 1183541.661], [2546526.594, 1183543.951], [2546524.174, 1183534.321], [2546528.124, 1183533.311]]]}, "properties": {"OBJECTID": 46327762, "EGID": 846539}}, {"type": "Feature", "id": 46327805, "geometry": {"type": "Polygon", "coordinates": [[[2545085.108, 1181432.896], [2545089.408, 1181427.816], [2545088.598, 1181427.046], [2545093.958, 1181420.726], [2545112.208, 1181435.955], [2545107.768, 1181441.375], [2545101.268, 1181435.945], [2545089.358, 1181450.786], [2545081.508, 1181444.346], [2545079.128, 1181445.496], [2545077.178, 1181444.976], [2545072.738, 1181442.726], [2545074.498, 1181439.516], [2545081.598, 1181443.496], [2545088.288, 1181435.616], [2545085.108, 1181432.896]]]}, "properties": {"OBJECTID": 46327805, "EGID": 280003399}}, {"type": "Feature", "id": 46327878, "geometry": {"type": "Polygon", "coordinates": [[[2546664.672, 1183717.586], [2546664.292, 1183730.066], [2546654.812, 1183729.807], [2546655.012, 1183722.777], [2546657.872, 1183722.857], [2546658.032, 1183717.387], [2546664.672, 1183717.586]]]}, "properties": {"OBJECTID": 46327878, "EGID": 3164761}}, {"type": "Feature", "id": 46328006, "geometry": {"type": "Polygon", "coordinates": [[[2546701.822, 1183277.698], [2546707.016, 1183284.58], [2546700.626, 1183289.419], [2546692.821, 1183279.079], [2546699.213, 1183274.242], [2546701.822, 1183277.698]]]}, "properties": {"OBJECTID": 46328006, "EGID": 280122323}}, {"type": "Feature", "id": 46328240, "geometry": {"type": "Polygon", "coordinates": [[[2547228.663, 1183131.406], [2547228.363, 1183131.076], [2547233.203, 1183126.196], [2547237.513, 1183130.526], [2547232.683, 1183135.416], [2547232.233, 1183135.016], [2547230.753, 1183136.516], [2547227.143, 1183132.946], [2547228.663, 1183131.406]]]}, "properties": {"OBJECTID": 46328240, "EGID": 280020213}}, {"type": "Feature", "id": 46328370, "geometry": {"type": "Polygon", "coordinates": [[[2547395.001, 1183199.582], [2547390.741, 1183204.0219999999], [2547385.731, 1183199.112], [2547390.051, 1183194.802], [2547395.001, 1183199.582]]]}, "properties": {"OBJECTID": 46328370, "EGID": 280023521}}, {"type": "Feature", "id": 46328405, "geometry": {"type": "Polygon", "coordinates": [[[2547264.333, 1183297.414], [2547266.227, 1183296.268], [2547267.47, 1183298.425], [2547265.523, 1183299.554], [2547264.333, 1183297.414]]]}, "properties": {"OBJECTID": 46328405, "EGID": 281008445}}, {"type": "Feature", "id": 46328438, "geometry": {"type": "Polygon", "coordinates": [[[2545115.678, 1181392.125], [2545118.018, 1181389.685], [2545122.947, 1181394.205], [2545124.917, 1181392.115], [2545126.557, 1181393.645], [2545124.617, 1181395.795], [2545126.957, 1181397.975], [2545122.627, 1181402.705], [2545120.408, 1181400.665], [2545118.498, 1181402.795], [2545107.688, 1181392.975], [2545111.658, 1181388.505], [2545115.678, 1181392.125]]]}, "properties": {"OBJECTID": 46328438, "EGID": 846984}}, {"type": "Feature", "id": 46328562, "geometry": {"type": "Polygon", "coordinates": [[[2546764.85, 1183265.725], [2546766.378, 1183267.816], [2546763.587, 1183269.856], [2546762.091, 1183267.8], [2546764.85, 1183265.725]]]}, "properties": {"OBJECTID": 46328562, "EGID": 280113586}}, {"type": "Feature", "id": 46328624, "geometry": {"type": "Polygon", "coordinates": [[[2545252.796, 1181188.133], [2545266.9560000002, 1181197.702], [2545263.716, 1181202.442], [2545250.7060000002, 1181193.403], [2545252.796, 1181188.133]]]}, "properties": {"OBJECTID": 46328624, "EGID": 846971}}, {"type": "Feature", "id": 46328757, "geometry": {"type": "Polygon", "coordinates": [[[2546665.372, 1183645.087], [2546666.432, 1183650.197], [2546663.262, 1183650.877], [2546662.182, 1183645.787], [2546665.372, 1183645.087]]]}, "properties": {"OBJECTID": 46328757, "EGID": 280043503}}, {"type": "Feature", "id": 46328800, "geometry": {"type": "Polygon", "coordinates": [[[2545826.072, 1183985.086], [2545821.352, 1183990.306], [2545815.962, 1183985.506], [2545820.662, 1183980.296], [2545826.072, 1183985.086]]]}, "properties": {"OBJECTID": 46328800, "EGID": 846497}}, {"type": "Feature", "id": 46328819, "geometry": {"type": "Polygon", "coordinates": [[[2547368.629, 1182909.562], [2547380.729, 1182898.232], [2547385.639, 1182903.832], [2547374.119, 1182914.682], [2547368.629, 1182909.562]]]}, "properties": {"OBJECTID": 46328819, "EGID": 280011111}}, {"type": "Feature", "id": 46329085, "geometry": {"type": "Polygon", "coordinates": [[[2547451.391, 1183369.313], [2547451.8290138226, 1183369.0773159869], [2547452.2985078758, 1183368.913064968], [2547452.7879182547, 1183368.824292539], [2547453.2851905045, 1183368.8131852152], [2547453.778076528, 1183368.8800165763], [2547454.2544362633, 1183369.023140528], [2547454.7025367003, 1183369.2390318462], [2547455.1113408715, 1183369.5223730055], [2547455.470779699, 1183369.866185153], [2547455.772, 1183370.262], [2547456.029474947, 1183370.7507846882], [2547456.198187775, 1183371.2768453325], [2547456.273015132, 1183371.8242069006], [2547456.2516847164, 1183372.3762475087], [2547456.134844274, 1183372.9162031836], [2547455.926041931, 1183373.4276769378], [2547455.631618448, 1183373.8951367035], [2547455.260514667, 1183374.3043869974], [2547454.824, 1183374.643], [2547454.3619314637, 1183374.8893090116], [2547453.86561998, 1183375.0561933194], [2547453.3486073804, 1183375.1390994939], [2547452.825000328, 1183375.135765444], [2547452.309085413, 1183375.0462821396], [2547451.8149393466, 1183374.8730911275], [2547451.3560448787, 1183374.6209179158], [2547450.9449229203, 1183374.296643037], [2547450.5927909133, 1183373.9091143145], [2547450.30925676, 1183373.4689054487], [2547450.1020566756, 1183372.9880275158], [2547449.976844103, 1183372.4796012447], [2547449.9370354614, 1183371.9574990196], [2547449.983716927, 1183371.4359663723], [2547450.115614798, 1183370.9292332935], [2547450.329130249, 1183370.4511259692], [2547450.618437521, 1183370.014689532], [2547450.9756428814, 1183369.6318321277], [2547451.391, 1183369.313]]]}, "properties": {"OBJECTID": 46329085, "EGID": 280132889}}, {"type": "Feature", "id": 46329137, "geometry": {"type": "Polygon", "coordinates": [[[2547035.696, 1183393.499], [2547025.297, 1183401.83], [2547020.467, 1183395.78], [2547025.567, 1183391.73], [2547022.777, 1183388.19], [2547028.287, 1183383.71], [2547031.6859999998, 1183387.979], [2547031.426, 1183388.149], [2547035.696, 1183393.499]]]}, "properties": {"OBJECTID": 46329137, "EGID": 280010319}}, {"type": "Feature", "id": 46329143, "geometry": {"type": "Polygon", "coordinates": [[[2547434.217, 1182753.5], [2547439.566, 1182756.44], [2547437.897, 1182759.63], [2547438.557, 1182760.12], [2547432.799, 1182770.502], [2547414.837, 1182760.68], [2547417.167, 1182756.54], [2547420.327, 1182758.25], [2547423.807, 1182752.02], [2547432.377, 1182756.76], [2547434.217, 1182753.5]]]}, "properties": {"OBJECTID": 46329143, "EGID": 280006070}}, {"type": "Feature", "id": 46329439, "geometry": {"type": "Polygon", "coordinates": [[[2547966.19, 1183009.206], [2547962.81, 1183013.096], [2547961.82, 1183012.426], [2547959.7, 1183014.856], [2547953.81, 1183009.786], [2547953.1, 1183010.546], [2547947.16, 1183005.506], [2547948.57, 1183003.806], [2547947.13, 1183002.556], [2547949.79, 1182999.366], [2547950.98, 1183000.296], [2547953.17, 1182997.786], [2547966.19, 1183009.206]]]}, "properties": {"OBJECTID": 46329439, "EGID": 846918}}, {"type": "Feature", "id": 46329594, "geometry": {"type": "Polygon", "coordinates": [[[2547412.011, 1183160.002], [2547420.181, 1183151.751], [2547422.781, 1183154.121], [2547423.601, 1183153.391], [2547425.151, 1183153.861], [2547426.181, 1183154.931], [2547426.651, 1183156.511], [2547419.011, 1183164.181], [2547415.431, 1183160.501], [2547415.091, 1183160.831], [2547412.961, 1183160.872], [2547412.011, 1183160.002]]]}, "properties": {"OBJECTID": 46329594, "EGID": 846868}}, {"type": "Feature", "id": 46329636, "geometry": {"type": "Polygon", "coordinates": [[[2548796.427, 1180254.366], [2548805.017, 1180258.276], [2548803.107, 1180263.106], [2548794.367, 1180259.086], [2548796.427, 1180254.366]]]}, "properties": {"OBJECTID": 46329636, "EGID": 842055}}, {"type": "Feature", "id": 46329788, "geometry": {"type": "Polygon", "coordinates": [[[2545836.772, 1184006.025], [2545838.632, 1184004.065], [2545833.482, 1183999.485], [2545838.162, 1183994.295], [2545846.592, 1184001.745], [2545840.052, 1184008.985], [2545836.772, 1184006.025]]]}, "properties": {"OBJECTID": 46329788, "EGID": 846495}}, {"type": "Feature", "id": 46329910, "geometry": {"type": "Polygon", "coordinates": [[[2546068.416, 1184060.206], [2546071.787, 1184063.712], [2546074.698, 1184068.92], [2546071.717, 1184071.321], [2546067.765, 1184074.504], [2546062.948, 1184068.501], [2546059.308, 1184061.6469999999], [2546066.657, 1184058.377], [2546068.416, 1184060.206]]]}, "properties": {"OBJECTID": 46329910, "EGID": 280074867}}, {"type": "Feature", "id": 46329957, "geometry": {"type": "Polygon", "coordinates": [[[2545873.672, 1183954.895], [2545869.572, 1183959.385], [2545864.352, 1183954.845], [2545868.412, 1183950.305], [2545873.672, 1183954.895]]]}, "properties": {"OBJECTID": 46329957, "EGID": 846513}}, {"type": "Feature", "id": 46329973, "geometry": {"type": "Polygon", "coordinates": [[[2546571.783, 1183829.658], [2546571.653, 1183827.578], [2546568.913, 1183827.7280000001], [2546568.733, 1183825.058], [2546571.483, 1183824.888], [2546571.473, 1183824.698], [2546581.063, 1183823.988], [2546581.373, 1183829.038], [2546571.783, 1183829.658]]]}, "properties": {"OBJECTID": 46329973, "EGID": 280019481}}, {"type": "Feature", "id": 46330082, "geometry": {"type": "Polygon", "coordinates": [[[2546600.233, 1183697.348], [2546600.093, 1183696.548], [2546591.593, 1183698.408], [2546590.783, 1183694.4679999999], [2546603.313, 1183691.738], [2546603.303, 1183691.4780000001], [2546609.693, 1183689.9679999999], [2546610.823, 1183694.988], [2546600.233, 1183697.348]]]}, "properties": {"OBJECTID": 46330082, "EGID": 280014116}}, {"type": "Feature", "id": 46330188, "geometry": {"type": "Polygon", "coordinates": [[[2546069.993, 1184011.366], [2546064.879, 1184006.683], [2546072.44, 1183998.58], [2546070.14, 1183996.434], [2546073.91, 1183992.324], [2546081.244, 1183999.078], [2546069.993, 1184011.366]]]}, "properties": {"OBJECTID": 46330188, "EGID": 846531}}, {"type": "Feature", "id": 46330374, "geometry": {"type": "Polygon", "coordinates": [[[2546276.266, 1183531.107], [2546276.156, 1183530.847], [2546276.996, 1183530.387], [2546275.416, 1183527.347], [2546276.406, 1183526.797], [2546274.986, 1183524.017], [2546274.866, 1183524.127], [2546274.636, 1183523.737], [2546285.565, 1183517.747], [2546289.066, 1183524.757], [2546290.916, 1183523.837], [2546291.126, 1183524.197], [2546276.266, 1183531.107]]]}, "properties": {"OBJECTID": 46330374, "EGID": 846544}}, {"type": "Feature", "id": 46330531, "geometry": {"type": "Polygon", "coordinates": [[[2546810.887, 1182909.798], [2546808.047, 1182907.018], [2546811.527, 1182903.408], [2546814.357, 1182906.168], [2546814.487, 1182906.028], [2546820.357, 1182911.648], [2546813.897, 1182918.238], [2546808.217, 1182912.518], [2546810.887, 1182909.798]]]}, "properties": {"OBJECTID": 46330531, "EGID": 846719}}, {"type": "Feature", "id": 46330755, "geometry": {"type": "Polygon", "coordinates": [[[2547862.137, 1183324.542], [2547866.411, 1183323.367], [2547870.244, 1183337.142], [2547865.953, 1183338.33], [2547862.137, 1183324.542]]]}, "properties": {"OBJECTID": 46330755, "EGID": 280045672}}, {"type": "Feature", "id": 46330879, "geometry": {"type": "Polygon", "coordinates": [[[2545149.717, 1181292.095], [2545150.227, 1181295.815], [2545150.487, 1181297.985], [2545143.637, 1181298.795], [2545142.867, 1181292.865], [2545140.207, 1181293.155], [2545138.757, 1181281.225], [2545148.297, 1181280.075], [2545149.717, 1181292.095]]]}, "properties": {"OBJECTID": 46330879, "EGID": 280009273}}, {"type": "Feature", "id": 46331060, "geometry": {"type": "Polygon", "coordinates": [[[2547532.889, 1183296.388], [2547536.749, 1183304.308], [2547523.6, 1183310.548], [2547519.84, 1183302.528], [2547532.889, 1183296.388]]]}, "properties": {"OBJECTID": 46331060, "EGID": 280065318}}, {"type": "Feature", "id": 46331076, "geometry": {"type": "Polygon", "coordinates": [[[2548502.181, 1181683.631], [2548506.077, 1181679.928], [2548508.467, 1181682.428], [2548503.827, 1181686.828], [2548501.447, 1181684.328], [2548502.181, 1181683.631]]]}, "properties": {"OBJECTID": 46331076, "EGID": 280077525}}, {"type": "Feature", "id": 46331193, "geometry": {"type": "Polygon", "coordinates": [[[2548683.283, 1181575.122], [2548685.963, 1181576.462], [2548682.853, 1181582.712], [2548680.153, 1181581.382], [2548683.283, 1181575.122]]]}, "properties": {"OBJECTID": 46331193, "EGID": 280039326}}, {"type": "Feature", "id": 46331224, "geometry": {"type": "Polygon", "coordinates": [[[2547365.952, 1183407.991], [2547366.272, 1183408.401], [2547369.362, 1183406.371], [2547367.612, 1183403.651], [2547371.622, 1183401.061], [2547377.632, 1183410.441], [2547371.002, 1183414.741], [2547371.302, 1183415.301], [2547367.472, 1183417.721], [2547362.642, 1183410.081], [2547365.952, 1183407.991]]]}, "properties": {"OBJECTID": 46331224, "EGID": 846839}}, {"type": "Feature", "id": 46331714, "geometry": {"type": "Polygon", "coordinates": [[[2547459.198, 1183381.435], [2547459.6600645804, 1183381.1887452276], [2547460.1563640637, 1183381.0219162358], [2547460.6733561317, 1183380.9390652184], [2547461.1969338367, 1183380.9424528964], [2547461.712810531, 1183381.031986832], [2547462.2069097017, 1183381.2052239494], [2547462.6657490702, 1183381.4574371998], [2547463.0768084764, 1183381.7817445449], [2547463.4288715133, 1183382.1692967443], [2547463.7123315833, 1183382.6095188227], [2547463.919454029, 1183383.0903986227], [2547464.044587186, 1183383.5988145769], [2547464.084316598, 1183384.1208937503], [2547464.037558185, 1183384.6423903853], [2547463.905587824, 1183385.1490746196], [2547463.6920065363, 1183385.6271207712], [2547463.4026422254, 1183386.0634845928], [2547463.045390655, 1183386.4462592066], [2547462.63, 1183386.765], [2547462.1411755537, 1183387.0223271067], [2547461.615098034, 1183387.1908768686], [2547461.067746655, 1183387.2655297117], [2547460.515746809, 1183387.2440181111], [2547459.975865082, 1183387.126995466], [2547459.46449998, 1183386.918016252], [2547458.99718384, 1183386.623428058], [2547458.588111042, 1183386.252178782], [2547458.2497068695, 1183385.8155448448], [2547457.992250098, 1183385.326788679], [2547457.8235607855, 1183384.8007558903], [2547457.7487627454, 1183384.2534243343], [2547457.770127912, 1183383.701418801], [2547457.887007335, 1183383.1615060493], [2547458.095850888, 1183382.6500855284], [2547458.3903151033, 1183382.182691257], [2547458.761455849, 1183381.7735199896], [2547459.198, 1183381.435]]]}, "properties": {"OBJECTID": 46331714, "EGID": 280132701}}, {"type": "Feature", "id": 46331790, "geometry": {"type": "Polygon", "coordinates": [[[2547800.013, 1183008.09], [2547797.743, 1183010.471], [2547793.373, 1183006.681], [2547795.593, 1183004.081], [2547800.013, 1183008.09]]]}, "properties": {"OBJECTID": 46331790, "EGID": 280039786}}, {"type": "Feature", "id": 46331797, "geometry": {"type": "Polygon", "coordinates": [[[2547246.233, 1183564.687], [2547249.17, 1183570.936], [2547243.723, 1183573.502], [2547243.992, 1183574.073], [2547238.8310000002, 1183576.546], [2547235.664, 1183569.658], [2547246.233, 1183564.687]]]}, "properties": {"OBJECTID": 46331797, "EGID": 846637}}, {"type": "Feature", "id": 46331812, "geometry": {"type": "Polygon", "coordinates": [[[2545792.405, 1184034.575], [2545794.426, 1184032.288], [2545796.787, 1184034.375], [2545794.74, 1184036.651], [2545792.405, 1184034.575]]]}, "properties": {"OBJECTID": 46331812, "EGID": 280110091}}, {"type": "Feature", "id": 46331978, "geometry": {"type": "Polygon", "coordinates": [[[2546748.761, 1183604.375], [2546750.221, 1183610.485], [2546742.991, 1183612.185], [2546738.211, 1183613.315], [2546736.751, 1183607.235], [2546748.761, 1183604.375]]]}, "properties": {"OBJECTID": 46331978, "EGID": 846657}}, {"type": "Feature", "id": 46332155, "geometry": {"type": "Polygon", "coordinates": [[[2544113.702, 1183613.045], [2544112.609, 1183616.832], [2544102.508, 1183614.198], [2544103.458, 1183610.338], [2544113.702, 1183613.045]]]}, "properties": {"OBJECTID": 46332155, "EGID": 842259}}, {"type": "Feature", "id": 46332175, "geometry": {"type": "Polygon", "coordinates": [[[2545781.117, 1184035.749], [2545784.951, 1184038.888], [2545783.067, 1184041.194], [2545779.226, 1184038.052], [2545781.117, 1184035.749]]]}, "properties": {"OBJECTID": 46332175, "EGID": 280107951}}, {"type": "Feature", "id": 46332181, "geometry": {"type": "Polygon", "coordinates": [[[2548653.225, 1181698.521], [2548648.659, 1181701.962], [2548648.771, 1181702.11], [2548640.523, 1181708.337], [2548634.774, 1181700.679], [2548642.918, 1181694.549], [2548643.022, 1181694.471], [2548643.142, 1181694.631], [2548647.704, 1181691.199], [2548653.225, 1181698.521]]]}, "properties": {"OBJECTID": 46332181, "EGID": 280103714}}, {"type": "Feature", "id": 46332278, "geometry": {"type": "Polygon", "coordinates": [[[2547201.0439999998, 1183423.085], [2547199.584, 1183420.825], [2547205.844, 1183416.815], [2547209.014, 1183421.755], [2547206.214, 1183423.555], [2547209.804, 1183429.165], [2547201.694, 1183434.425], [2547196.354, 1183426.145], [2547201.0439999998, 1183423.085]]]}, "properties": {"OBJECTID": 46332278, "EGID": 846820}}, {"type": "Feature", "id": 46332454, "geometry": {"type": "Polygon", "coordinates": [[[2545797.813, 1184049.336], [2545794.043, 1184053.876], [2545791.803, 1184052.016], [2545795.563, 1184047.506], [2545797.813, 1184049.336]]]}, "properties": {"OBJECTID": 46332454, "EGID": 280044790}}, {"type": "Feature", "id": 46332543, "geometry": {"type": "Polygon", "coordinates": [[[2546608.256, 1183633.436], [2546606.9189999998, 1183627.559], [2546612.799, 1183626.233], [2546614.127, 1183632.123], [2546608.256, 1183633.436]]]}, "properties": {"OBJECTID": 46332543, "EGID": 280069609}}, {"type": "Feature", "id": 46332660, "geometry": {"type": "Polygon", "coordinates": [[[2546611.973, 1183772.967], [2546612.083, 1183774.537], [2546616.083, 1183774.247], [2546616.613, 1183781.507], [2546612.383, 1183781.817], [2546612.283, 1183780.527], [2546604.543, 1183781.098], [2546603.943, 1183773.548], [2546611.973, 1183772.967]]]}, "properties": {"OBJECTID": 46332660, "EGID": 3164760}}, {"type": "Feature", "id": 46332770, "geometry": {"type": "Polygon", "coordinates": [[[2547056.697, 1183308.942], [2547047.083, 1183313.01], [2547041.815, 1183300.607], [2547051.429, 1183296.508], [2547056.697, 1183308.942]]]}, "properties": {"OBJECTID": 46332770, "EGID": 846747}}, {"type": "Feature", "id": 46333333, "geometry": {"type": "Polygon", "coordinates": [[[2546749.37, 1183297.327], [2546746.05, 1183292.857], [2546748.9359999998, 1183290.681], [2546747.565, 1183288.864], [2546747.732, 1183287.675], [2546750.1, 1183285.89], [2546751.288, 1183286.057], [2546752.658, 1183287.875], [2546755.6, 1183285.6570000001], [2546757.692, 1183288.431], [2546758.85, 1183289.966], [2546759.723, 1183289.312], [2546758.57, 1183287.773], [2546761.944, 1183285.246], [2546765.263, 1183289.676], [2546761.03, 1183292.857], [2546751.43, 1183300.067], [2546749.09, 1183301.827], [2546747.01, 1183299.097], [2546749.37, 1183297.327]]]}, "properties": {"OBJECTID": 46333333, "EGID": 846680}}, {"type": "Feature", "id": 46333345, "geometry": {"type": "Polygon", "coordinates": [[[2546836.129, 1183368.127], [2546834.624, 1183366.086], [2546837.059, 1183364.271], [2546838.574, 1183366.316], [2546836.129, 1183368.127]]]}, "properties": {"OBJECTID": 46333345, "EGID": 280131496}}, {"type": "Feature", "id": 46333376, "geometry": {"type": "Polygon", "coordinates": [[[2546959.187, 1183380.491], [2546963.307, 1183378.901], [2546967.447, 1183385.461], [2546968.557, 1183387.471], [2546966.257, 1183388.891], [2546965.027, 1183386.851], [2546963.107, 1183383.791], [2546960.287, 1183385.511], [2546962.467, 1183389.041], [2546955.628, 1183393.251], [2546951.758, 1183386.811], [2546953.078, 1183385.901], [2546958.267, 1183382.351], [2546957.567, 1183381.271], [2546959.187, 1183380.491]]]}, "properties": {"OBJECTID": 46333376, "EGID": 846737}}, {"type": "Feature", "id": 46333453, "geometry": {"type": "Polygon", "coordinates": [[[2549385.296, 1180502.806], [2549386.359, 1180499.643], [2549391.299, 1180501.757], [2549390.083, 1180504.662], [2549389.326, 1180504.435], [2549387.736, 1180508.825], [2549383.866, 1180507.035], [2549385.296, 1180502.806]]]}, "properties": {"OBJECTID": 46333453, "EGID": 280040261}}, {"type": "Feature", "id": 46333653, "geometry": {"type": "Polygon", "coordinates": [[[2546010.087, 1182239.446], [2546016.357, 1182245.346], [2546017.227, 1182244.526], [2546021.807, 1182248.856], [2546025.817, 1182244.615], [2546030.117, 1182248.785], [2546025.057, 1182254.175], [2546024.697, 1182253.905], [2546024.177, 1182254.525], [2546023.077, 1182253.665], [2546023.717, 1182252.955], [2546020.967, 1182250.356], [2546015.337, 1182256.126], [2546001.587, 1182243.066], [2546004.987, 1182239.706], [2546007.537, 1182242.076], [2546010.087, 1182239.446]]]}, "properties": {"OBJECTID": 46333653, "EGID": 846996}}, {"type": "Feature", "id": 46333661, "geometry": {"type": "Polygon", "coordinates": [[[2547055.137, 1183647.617], [2547058.037, 1183654.1469999999], [2547035.467, 1183664.488], [2547032.607, 1183658.038], [2547055.137, 1183647.617]]]}, "properties": {"OBJECTID": 46333661, "EGID": 846632}}, {"type": "Feature", "id": 46333988, "geometry": {"type": "Polygon", "coordinates": [[[2546281.655, 1183475.908], [2546287.375, 1183489.037], [2546281.855, 1183491.417], [2546275.775, 1183477.698], [2546281.655, 1183475.908]]]}, "properties": {"OBJECTID": 46333988, "EGID": 280014096}}, {"type": "Feature", "id": 46334159, "geometry": {"type": "Polygon", "coordinates": [[[2548871.969, 1181609.919], [2548871.3908923017, 1181610.0874191818], [2548870.7929280642, 1181610.1582168008], [2548870.1914745825, 1181610.1294550064], [2548869.602994656, 1181610.0019210575], [2548869.0435959776, 1181609.7791057741], [2548868.528590237, 1181609.4671079882], [2548868.072074012, 1181609.0744676075], [2548867.6865429264, 1181608.6119318644], [2548867.3825496184, 1181608.0921611453], [2548867.1684148996, 1181607.5293824552], [2548867.05, 1181606.939], [2548867.0300195967, 1181606.32357189], [2548867.114054299, 1181605.7135807883], [2548867.2996996096, 1181605.1264804613], [2548867.581643631, 1181604.5790696978], [2548867.9518190576, 1181604.0870116435], [2548868.3996340046, 1181603.6643856287], [2548868.9122750764, 1181603.323284314], [2548869.475073998, 1181603.0734676826], [2548870.0719273193, 1181602.9220837746], [2548870.6857571886, 1181602.8734641604], [2548871.299, 1181602.929], [2548871.82795347, 1181603.047554443], [2548872.333423133, 1181603.2433792348], [2548872.8041896364, 1181603.512127869], [2548873.229803896, 1181603.8478352283], [2548873.6008190215, 1181604.2430499874], [2548873.909, 1181604.689], [2548875.999, 1181604.389], [2548876.409, 1181607.129], [2548874.279, 1181607.439], [2548874.0795769575, 1181607.9909632904], [2548873.794102891, 1181608.5037376867], [2548873.429987934, 1181608.9640129544], [2548872.9966835245, 1181609.3598415952], [2548872.505437071, 1181609.6809489694], [2548871.969, 1181609.919]]]}, "properties": {"OBJECTID": 46334159, "EGID": 280021505}}, {"type": "Feature", "id": 46334365, "geometry": {"type": "Polygon", "coordinates": [[[2545175.947, 1181429.084], [2545170.217, 1181434.784], [2545164.977, 1181429.474], [2545162.197, 1181432.144], [2545158.457, 1181428.434], [2545166.917, 1181420.114], [2545175.947, 1181429.084]]]}, "properties": {"OBJECTID": 46334365, "EGID": 846985}}, {"type": "Feature", "id": 46334393, "geometry": {"type": "Polygon", "coordinates": [[[2546957.288, 1183686.57], [2546957.788, 1183687.68], [2546963.748, 1183684.839], [2546967.038, 1183692.059], [2546955.448, 1183697.52], [2546951.638, 1183689.28], [2546957.288, 1183686.57]]]}, "properties": {"OBJECTID": 46334393, "EGID": 846624}}, {"type": "Feature", "id": 46334431, "geometry": {"type": "Polygon", "coordinates": [[[2547856.722, 1183031.919], [2547863.512, 1183024.259], [2547863.832, 1183024.569], [2547864.872, 1183023.329], [2547869.902, 1183027.759], [2547862.162, 1183036.529], [2547856.722, 1183031.919]]]}, "properties": {"OBJECTID": 46334431, "EGID": 846898}}, {"type": "Feature", "id": 46334572, "geometry": {"type": "Polygon", "coordinates": [[[2546698.528, 1182935.101], [2546702.728, 1182930.811], [2546707.008, 1182935.02], [2546702.808, 1182939.301], [2546698.528, 1182935.101]]]}, "properties": {"OBJECTID": 46334572, "EGID": 280029146}}, {"type": "Feature", "id": 46334904, "geometry": {"type": "Polygon", "coordinates": [[[2549476.621, 1180888.153], [2549474.741, 1180885.5929999999], [2549478.111, 1180882.983], [2549480.041, 1180885.563], [2549476.621, 1180888.153]]]}, "properties": {"OBJECTID": 46334904, "EGID": 280047772}}, {"type": "Feature", "id": 46335108, "geometry": {"type": "Polygon", "coordinates": [[[2548544.406, 1180266.632], [2548530.076, 1180248.123], [2548540.9359999998, 1180239.583], [2548555.396, 1180258.292], [2548544.406, 1180266.632]]]}, "properties": {"OBJECTID": 46335108, "EGID": 842061}}, {"type": "Feature", "id": 46335127, "geometry": {"type": "Polygon", "coordinates": [[[2547101.376, 1183425.568], [2547102.506, 1183427.4780000001], [2547100.096, 1183429.018], [2547098.846, 1183427.028], [2547101.376, 1183425.568]]]}, "properties": {"OBJECTID": 46335127, "EGID": 280118093}}, {"type": "Feature", "id": 46335292, "geometry": {"type": "Polygon", "coordinates": [[[2545215.937, 1181542.623], [2545223.477, 1181550.083], [2545218.207, 1181555.283], [2545216.827, 1181553.973], [2545216.227, 1181554.5929999999], [2545212.367, 1181550.8530000001], [2545212.937, 1181550.193], [2545210.677, 1181547.753], [2545215.937, 1181542.623]]]}, "properties": {"OBJECTID": 46335292, "EGID": 846988}}, {"type": "Feature", "id": 46335327, "geometry": {"type": "Polygon", "coordinates": [[[2545996.786, 1182103.028], [2545977.926, 1182118.628], [2545970.126, 1182109.238], [2545989.066, 1182093.648], [2545996.786, 1182103.028]]]}, "properties": {"OBJECTID": 46335327, "EGID": 280005041}}, {"type": "Feature", "id": 46335375, "geometry": {"type": "Polygon", "coordinates": [[[2547475.556, 1183384.935], [2547475.118378688, 1183385.171644838], [2547474.649123046, 1183385.3369092746], [2547474.159790162, 1183385.4267230849], [2547473.662431599, 1183385.4388742843], [2547473.1692965804, 1183385.3730636062], [2547472.6925303102, 1183385.2309118728], [2547472.243874853, 1183385.0159200763], [2547471.8343799454, 1183384.733383154], [2547471.474130856, 1183384.3902595825], [2547471.172, 1183383.995], [2547470.913419599, 1183383.5065875018], [2547470.7435795562, 1183382.9806930716], [2547470.667640375, 1183382.4332957454], [2547470.6879094285, 1183381.8810279144], [2547470.803770852, 1183381.3406699565], [2547471.0117042544, 1183380.8286403753], [2547471.305391685, 1183380.3604969305], [2547471.6759096, 1183379.9504639236], [2547472.1119999997, 1183379.6110000003], [2547472.6004124978, 1183379.3524196], [2547473.126306928, 1183379.182579557], [2547473.6737042544, 1183379.1066403755], [2547474.2259720857, 1183379.1269094287], [2547474.7663300433, 1183379.242770852], [2547475.2783596246, 1183379.450704255], [2547475.7465030695, 1183379.7443916856], [2547476.156536076, 1183380.1149096005], [2547476.496, 1183380.551], [2547476.7326448383, 1183380.9886213115], [2547476.897909275, 1183381.457876954], [2547476.987723085, 1183381.9472098378], [2547476.9998742845, 1183382.4445684007], [2547476.9340636064, 1183382.9377034195], [2547476.791911873, 1183383.4144696898], [2547476.5769200763, 1183383.8631251468], [2547476.294383154, 1183384.2726200544], [2547475.9512595823, 1183384.632869144], [2547475.556, 1183384.935]]]}, "properties": {"OBJECTID": 46335375, "EGID": 280132891}}, {"type": "Feature", "id": 46335376, "geometry": {"type": "Polygon", "coordinates": [[[2548184.31, 1181460.84], [2548185.5628885645, 1181460.6740003594], [2548186.8256697664, 1181460.7256653612], [2548188.0608102446, 1181460.9934593781], [2548189.231598197, 1181461.469422829], [2548190.3032345576, 1181462.1394087598], [2548191.24386732, 1181462.9835033293], [2548192.025538269, 1181463.9766177053], [2548192.625013975, 1181465.0892337728], [2548193.0244763573, 1181466.2882814955], [2548193.212052285, 1181467.5381218484], [2548193.1821664814, 1181468.8016061082], [2548192.9357072357, 1181470.0411800174], [2548192.48, 1181471.22], [2548191.842305835, 1181472.2839494972], [2548191.0343458126, 1181473.2251418172], [2548190.079256268, 1181474.0166254514], [2548189.0043866644, 1181474.6357358736], [2548187.8405164243, 1181475.0647445505], [2548186.620973549, 1181475.2913666063], [2548185.380680253, 1181475.3091126054], [2548184.155152949, 1181475.117474383], [2548182.979485219, 1181474.7219395943], [2548181.8873428903, 1181474.1338345737], [2548180.91, 1181473.37], [2548180.095433438, 1181472.4803692652], [2548179.4378107567, 1181471.4691848427], [2548178.954943235, 1181470.3638340002], [2548178.659909024, 1181469.1942544424], [2548178.5606989325, 1181467.9921234653], [2548178.66, 1181466.79], [2548178.967617977, 1181465.5860543128], [2548179.4742556303, 1181464.4514035617], [2548180.165341437, 1181463.4186816993], [2548181.0209989194, 1181462.5175910762], [2548182.016618315, 1181461.774048168], [2548183.123564386, 1181461.2094381833], [2548184.31, 1181460.84]]]}, "properties": {"OBJECTID": 46335376, "EGID": 280008689}}, {"type": "Feature", "id": 46335465, "geometry": {"type": "Polygon", "coordinates": [[[2546555.097, 1183642.091], [2546553.721, 1183639.3969999999], [2546552.935, 1183639.798], [2546549.711, 1183633.54], [2546553.478, 1183631.606], [2546552.876, 1183630.433], [2546556.478, 1183628.618], [2546556.5439999998, 1183628.585], [2546557.152, 1183629.76], [2546560.885, 1183627.839], [2546564.085, 1183634.077], [2546555.64, 1183638.431], [2546557.015, 1183641.107], [2546555.097, 1183642.091]]]}, "properties": {"OBJECTID": 46335465, "EGID": 280079277}}, {"type": "Feature", "id": 46336103, "geometry": {"type": "Polygon", "coordinates": [[[2545039.608, 1181383.6469999999], [2545038.148, 1181385.267], [2545039.148, 1181386.187], [2545036.348, 1181389.127], [2545035.408, 1181388.347], [2545032.518, 1181391.347], [2545023.698, 1181383.137], [2545022.838, 1181383.967], [2545020.028, 1181381.277], [2545020.748, 1181380.367], [2545019.958, 1181379.627], [2545026.888, 1181371.937], [2545039.608, 1181383.6469999999]]]}, "properties": {"OBJECTID": 46336103, "EGID": 846983}}, {"type": "Feature", "id": 46336118, "geometry": {"type": "Polygon", "coordinates": [[[2547827.959, 1183112.358], [2547829.513, 1183109.695], [2547832.172, 1183111.248], [2547830.61, 1183113.925], [2547827.959, 1183112.358]]]}, "properties": {"OBJECTID": 46336118, "EGID": 280073015}}, {"type": "Feature", "id": 46336242, "geometry": {"type": "Polygon", "coordinates": [[[2546786.17, 1183556.184], [2546789.83, 1183565.614], [2546781.78, 1183568.774], [2546778.17, 1183559.275], [2546786.17, 1183556.184]]]}, "properties": {"OBJECTID": 46336242, "EGID": 846662}}, {"type": "Feature", "id": 46336273, "geometry": {"type": "Polygon", "coordinates": [[[2547057.816, 1183503.648], [2547064.006, 1183510.578], [2547061.776, 1183513.208], [2547065.106, 1183516.068], [2547051.096, 1183532.038], [2547050.066, 1183531.108], [2547046.086, 1183527.548], [2547055.766, 1183516.608], [2547050.746, 1183512.248], [2547055.156, 1183507.328], [2547057.816, 1183503.648]]]}, "properties": {"OBJECTID": 46336273, "EGID": 280006877}}, {"type": "Feature", "id": 46336389, "geometry": {"type": "Polygon", "coordinates": [[[2547847.642, 1182975.619], [2547842.442, 1182981.429], [2547833.452, 1182973.519], [2547838.742, 1182967.489], [2547847.642, 1182975.619]]]}, "properties": {"OBJECTID": 46336389, "EGID": 846914}}, {"type": "Feature", "id": 46336641, "geometry": {"type": "Polygon", "coordinates": [[[2546945.402, 1180947.893], [2546943.632, 1180949.503], [2546948.812, 1180955.712], [2546937.692, 1180965.5320000001], [2546930.322, 1180957.183], [2546927.122, 1180959.893], [2546921.542, 1180953.333], [2546921.242, 1180953.523], [2546916.892, 1180948.554], [2546921.202, 1180944.694], [2546925.612, 1180949.683], [2546937.592, 1180939.163], [2546945.402, 1180947.893]]]}, "properties": {"OBJECTID": 46336641, "EGID": 280003633}}, {"type": "Feature", "id": 46336805, "geometry": {"type": "Polygon", "coordinates": [[[2546977.927, 1183324.461], [2546985.097, 1183331.031], [2546976.487, 1183340.431], [2546969.307, 1183333.831], [2546977.927, 1183324.461]]]}, "properties": {"OBJECTID": 46336805, "EGID": 3164739}}, {"type": "Feature", "id": 46336967, "geometry": {"type": "Polygon", "coordinates": [[[2546265.306, 1183536.998], [2546269.9560000002, 1183535.187], [2546271.866, 1183539.817], [2546266.556, 1183542.127], [2546264.406, 1183537.338], [2546265.306, 1183536.998]]]}, "properties": {"OBJECTID": 46336967, "EGID": 280033225}}, {"type": "Feature", "id": 46337048, "geometry": {"type": "Polygon", "coordinates": [[[2546785.483, 1180787.712], [2546792.523, 1180793.171], [2546785.793, 1180801.981], [2546778.693, 1180796.632], [2546785.483, 1180787.712]]]}, "properties": {"OBJECTID": 46337048, "EGID": 280013091}}, {"type": "Feature", "id": 46337178, "geometry": {"type": "Polygon", "coordinates": [[[2544145.881, 1183656.961], [2544143.496, 1183665.127], [2544136.768, 1183663.332], [2544139.1, 1183655.059], [2544145.881, 1183656.961]]]}, "properties": {"OBJECTID": 46337178, "EGID": 3105565}}, {"type": "Feature", "id": 46337482, "geometry": {"type": "Polygon", "coordinates": [[[2548544.367, 1181804.198], [2548543.248, 1181802.597], [2548554.227, 1181795.126], [2548559.867, 1181803.326], [2548562.327, 1181801.636], [2548577.107, 1181822.826], [2548556.548, 1181836.777], [2548555.25, 1181834.844], [2548547.708, 1181823.617], [2548544.138, 1181825.997], [2548541.088, 1181821.517], [2548545.078, 1181818.757], [2548545.268, 1181818.997], [2548551.728, 1181814.727], [2548544.367, 1181804.198]]]}, "properties": {"OBJECTID": 46337482, "EGID": 843401}}, {"type": "Feature", "id": 46337537, "geometry": {"type": "Polygon", "coordinates": [[[2547618.945, 1182883.08], [2547614.503, 1182878.97], [2547618.614, 1182874.574], [2547623.03, 1182878.66], [2547618.945, 1182883.08]]]}, "properties": {"OBJECTID": 46337537, "EGID": 280076527}}, {"type": "Feature", "id": 46337570, "geometry": {"type": "Polygon", "coordinates": [[[2547390.4390000002, 1182908.292], [2547393.9390000002, 1182911.831], [2547390.1689999998, 1182915.602], [2547395.259, 1182920.671], [2547389.479, 1182926.472], [2547387.649, 1182924.662], [2547385.959, 1182926.342], [2547381.559, 1182921.832], [2547379.019, 1182919.5320000001], [2547390.4390000002, 1182908.292]]]}, "properties": {"OBJECTID": 46337570, "EGID": 846878}}, {"type": "Feature", "id": 46337578, "geometry": {"type": "Polygon", "coordinates": [[[2547856.063, 1183085.819], [2547847.983, 1183094.789], [2547841.923, 1183089.44], [2547849.923, 1183080.269], [2547856.063, 1183085.819]]]}, "properties": {"OBJECTID": 46337578, "EGID": 846900}}, {"type": "Feature", "id": 46337661, "geometry": {"type": "Polygon", "coordinates": [[[2547400.091, 1183149.7820000001], [2547408.261, 1183141.502], [2547410.911, 1183144.0320000001], [2547411.671, 1183143.192], [2547413.241, 1183143.552], [2547415.281, 1183145.521], [2547407.821, 1183153.132], [2547407.0810000002, 1183153.842], [2547403.551, 1183150.322], [2547403.241, 1183150.7719999999], [2547400.901, 1183150.662], [2547400.091, 1183149.7820000001]]]}, "properties": {"OBJECTID": 46337661, "EGID": 846866}}, {"type": "Feature", "id": 46337759, "geometry": {"type": "Polygon", "coordinates": [[[2546699.577, 1182832.712], [2546710.697, 1182842.621], [2546701.598, 1182852.741], [2546697.758, 1182849.332], [2546695.168, 1182852.392], [2546686.238, 1182844.592], [2546699.577, 1182832.712]]]}, "properties": {"OBJECTID": 46337759, "EGID": 3164728}}, {"type": "Feature", "id": 46337777, "geometry": {"type": "Polygon", "coordinates": [[[2547270.447, 1183088.417], [2547276.073, 1183082.693], [2547281.054, 1183087.611], [2547275.445, 1183093.317], [2547270.447, 1183088.417]]]}, "properties": {"OBJECTID": 46337777, "EGID": 280059089}}, {"type": "Feature", "id": 46337939, "geometry": {"type": "Polygon", "coordinates": [[[2546933.148, 1183395.642], [2546943.938, 1183412.431], [2546930.278, 1183421.222], [2546919.668, 1183404.822], [2546933.148, 1183395.642]]]}, "properties": {"OBJECTID": 46337939, "EGID": 846734}}, {"type": "Feature", "id": 46338058, "geometry": {"type": "Polygon", "coordinates": [[[2546513.114, 1183628.571], [2546507.164, 1183636.701], [2546500.3140000002, 1183631.881], [2546506.034, 1183623.641], [2546513.114, 1183628.571]]]}, "properties": {"OBJECTID": 46338058, "EGID": 846573}}, {"type": "Feature", "id": 46338290, "geometry": {"type": "Polygon", "coordinates": [[[2545803.373, 1184088.276], [2545804.303, 1184086.616], [2545798.483, 1184083.266], [2545799.363, 1184081.936], [2545799.103, 1184081.806], [2545800.023, 1184080.356], [2545800.143, 1184080.556], [2545801.073, 1184078.786], [2545806.753, 1184082.066], [2545808.953, 1184078.646], [2545816.103, 1184082.835], [2545813.593, 1184086.595], [2545810.633, 1184084.825], [2545807.243, 1184090.535], [2545803.373, 1184088.276]]]}, "properties": {"OBJECTID": 46338290, "EGID": 846479}}, {"type": "Feature", "id": 46338444, "geometry": {"type": "Polygon", "coordinates": [[[2546695.5810000002, 1183418.637], [2546700.8109999998, 1183421.327], [2546698.361, 1183426.167], [2546692.101, 1183425.437], [2546695.5810000002, 1183418.637]]]}, "properties": {"OBJECTID": 46338444, "EGID": 280026115}}, {"type": "Feature", "id": 46338609, "geometry": {"type": "Polygon", "coordinates": [[[2546224.696, 1183546.809], [2546224.346, 1183545.589], [2546230.426, 1183543.868], [2546230.826, 1183545.028], [2546257.4359999998, 1183537.398], [2546260.266, 1183547.528], [2546259.426, 1183549.238], [2546251.026, 1183551.588], [2546249.6859999998, 1183550.628], [2546248.916, 1183552.248], [2546239.716, 1183554.758], [2546238.086, 1183553.998], [2546234.4560000002, 1183555.058], [2546235.526, 1183558.918], [2546234.896, 1183560.088], [2546229.196, 1183561.7280000001], [2546228.166, 1183561.078], [2546227.036, 1183557.198], [2546223.076, 1183558.339], [2546220.226, 1183548.089], [2546224.696, 1183546.809]]]}, "properties": {"OBJECTID": 46338609, "EGID": 846547}}, {"type": "Feature", "id": 46338889, "geometry": {"type": "Polygon", "coordinates": [[[2544938.373, 1184010.3969999999], [2544934.875, 1184019.751], [2544925.521, 1184016.253], [2544929.019, 1184006.899], [2544938.373, 1184010.3969999999]]]}, "properties": {"OBJECTID": 46338889, "EGID": 280106088}}, {"type": "Feature", "id": 46338950, "geometry": {"type": "Polygon", "coordinates": [[[2545914.282, 1184018.563], [2545911.152, 1184015.893], [2545912.522, 1184014.293], [2545915.622, 1184016.963], [2545914.282, 1184018.563]]]}, "properties": {"OBJECTID": 46338950, "EGID": 280113522}}, {"type": "Feature", "id": 46339146, "geometry": {"type": "Polygon", "coordinates": [[[2547105.683, 1182866.059], [2547110.303, 1182872.039], [2547100.194, 1182879.949], [2547095.574, 1182873.96], [2547105.683, 1182866.059]]]}, "properties": {"OBJECTID": 46339146, "EGID": 846771}}, {"type": "Feature", "id": 46339517, "geometry": {"type": "Polygon", "coordinates": [[[2547068.922, 1183129.4070000001], [2547059.093, 1183137.612], [2547058.824, 1183137.289], [2547047.55, 1183123.768], [2547057.371, 1183115.57], [2547061.69, 1183120.74], [2547064.429, 1183124.0219999999], [2547068.922, 1183129.4070000001]]]}, "properties": {"OBJECTID": 46339517, "EGID": 280094860}}, {"type": "Feature", "id": 46339538, "geometry": {"type": "Polygon", "coordinates": [[[2547375.572, 1183319.392], [2547376.162, 1183320.5219999999], [2547380.622, 1183318.191], [2547379.972, 1183316.881], [2547388.821, 1183312.211], [2547393.261, 1183320.681], [2547379.882, 1183327.591], [2547378.492, 1183324.991], [2547375.062, 1183326.752], [2547372.162, 1183321.132], [2547375.572, 1183319.392]]]}, "properties": {"OBJECTID": 46339538, "EGID": 846833}}, {"type": "Feature", "id": 46339547, "geometry": {"type": "Polygon", "coordinates": [[[2546764.181, 1183728.694], [2546766.161, 1183735.264], [2546763.281, 1183736.124], [2546761.151, 1183729.564], [2546764.181, 1183728.694]]]}, "properties": {"OBJECTID": 46339547, "EGID": 280038619}}, {"type": "Feature", "id": 46339923, "geometry": {"type": "Polygon", "coordinates": [[[2547013.056, 1183166.171], [2547012.176, 1183166.651], [2547009.116, 1183161.361], [2547007.896, 1183161.511], [2547007.506, 1183160.711], [2547008.4359999998, 1183160.121], [2547022.096, 1183152.451], [2547025.926, 1183159.141], [2547013.056, 1183166.171]]]}, "properties": {"OBJECTID": 46339923, "EGID": 846778}}, {"type": "Feature", "id": 46340068, "geometry": {"type": "Polygon", "coordinates": [[[2548401.277, 1182353.548], [2548411.991, 1182356.09], [2548413.44, 1182350.009], [2548419.86, 1182351.54], [2548419.288, 1182353.92], [2548420.552, 1182354.223], [2548419.605, 1182358.166], [2548418.341, 1182357.862], [2548414.341, 1182374.517], [2548405.015, 1182406.168], [2548388.136, 1182401.181], [2548397.373, 1182369.884], [2548401.277, 1182353.548]]]}, "properties": {"OBJECTID": 46340068, "EGID": 280063195}}, {"type": "Feature", "id": 46340111, "geometry": {"type": "Polygon", "coordinates": [[[2547343.872, 1183402.632], [2547348.382, 1183414.872], [2547345.196, 1183416.098], [2547346.4359999998, 1183419.322], [2547342.374, 1183420.884], [2547341.134, 1183417.66], [2547339.882, 1183418.142], [2547335.302, 1183405.892], [2547343.872, 1183402.632]]]}, "properties": {"OBJECTID": 46340111, "EGID": 846840}}, {"type": "Feature", "id": 46340149, "geometry": {"type": "Polygon", "coordinates": [[[2546961.777, 1183315.702], [2546966.907, 1183310.171], [2546971.907, 1183314.811], [2546966.787, 1183320.341], [2546961.777, 1183315.702]]]}, "properties": {"OBJECTID": 46340149, "EGID": 280021155}}, {"type": "Feature", "id": 46340349, "geometry": {"type": "Polygon", "coordinates": [[[2547097.298, 1180835.701], [2547093.248, 1180839.601], [2547087.558, 1180833.971], [2547091.548, 1180829.961], [2547097.298, 1180835.701]]]}, "properties": {"OBJECTID": 46340349, "EGID": 847011}}, {"type": "Feature", "id": 46340664, "geometry": {"type": "Polygon", "coordinates": [[[2546879.909, 1183444.0929999999], [2546879.549, 1183444.493], [2546878.749, 1183443.703], [2546877.769, 1183444.633], [2546881.649, 1183448.3530000001], [2546873.619, 1183456.923], [2546864.379, 1183447.883], [2546866.719, 1183445.5929999999], [2546872.449, 1183439.783], [2546866.639, 1183434.143], [2546866.529, 1183434.263], [2546866.239, 1183433.983], [2546867.769, 1183432.383], [2546867.979, 1183432.583], [2546879.909, 1183444.0929999999]]]}, "properties": {"OBJECTID": 46340664, "EGID": 280064718}}, {"type": "Feature", "id": 46340849, "geometry": {"type": "Polygon", "coordinates": [[[2546922.178, 1183711.01], [2546924.628, 1183716.5], [2546919.809, 1183718.67], [2546917.309, 1183713.26], [2546922.178, 1183711.01]]]}, "properties": {"OBJECTID": 46340849, "EGID": 280031474}}, {"type": "Feature", "id": 46340857, "geometry": {"type": "Polygon", "coordinates": [[[2547184.124, 1183323.026], [2547171.144, 1183333.166], [2547167.925, 1183329.106], [2547165.715, 1183326.357], [2547165.895, 1183326.187], [2547178.654, 1183316.186], [2547184.124, 1183323.026]]]}, "properties": {"OBJECTID": 46340857, "EGID": 846786}}, {"type": "Feature", "id": 46340925, "geometry": {"type": "Polygon", "coordinates": [[[2546995.906, 1183175.837], [2546999.391, 1183181.476], [2546996.6890000002, 1183183.152], [2546998.176, 1183185.55], [2547000.879, 1183183.873], [2547005.715, 1183191.6469999999], [2546998.065, 1183200.821], [2546994.99, 1183198.294], [2546990.271, 1183190.669], [2546990.174, 1183190.513], [2546992.886, 1183188.841], [2546991.418, 1183186.46], [2546988.7060000002, 1183188.132], [2546985.209, 1183182.473], [2546995.906, 1183175.837]]]}, "properties": {"OBJECTID": 46340925, "EGID": 280096988}}, {"type": "Feature", "id": 46340978, "geometry": {"type": "Polygon", "coordinates": [[[2548055.259, 1183069.964], [2548050.349, 1183075.694], [2548037.589, 1183064.824], [2548042.469, 1183059.084], [2548055.259, 1183069.964]]]}, "properties": {"OBJECTID": 46340978, "EGID": 846921}}, {"type": "Feature", "id": 46341171, "geometry": {"type": "Polygon", "coordinates": [[[2546709.481, 1183635.786], [2546708.031, 1183629.816], [2546720.051, 1183626.976], [2546721.471, 1183632.956], [2546709.481, 1183635.786]]]}, "properties": {"OBJECTID": 46341171, "EGID": 846649}}, {"type": "Feature", "id": 46341448, "geometry": {"type": "Polygon", "coordinates": [[[2547491.006, 1182790.738], [2547483.876, 1182783.199], [2547490.286, 1182777.138], [2547497.406, 1182784.668], [2547491.006, 1182790.738]]]}, "properties": {"OBJECTID": 46341448, "EGID": 3164689}}, {"type": "Feature", "id": 46341515, "geometry": {"type": "Polygon", "coordinates": [[[2547166.284, 1183050.558], [2547172.474, 1183056.4679999999], [2547166.184, 1183063.068], [2547159.974, 1183057.038], [2547166.284, 1183050.558]]]}, "properties": {"OBJECTID": 46341515, "EGID": 846764}}, {"type": "Feature", "id": 46341522, "geometry": {"type": "Polygon", "coordinates": [[[2546740.3310000002, 1183622.255], [2546738.881, 1183616.225], [2546743.671, 1183615.085], [2546750.931, 1183613.375], [2546752.341, 1183619.355], [2546740.3310000002, 1183622.255]]]}, "properties": {"OBJECTID": 46341522, "EGID": 846656}}, {"type": "Feature", "id": 46341574, "geometry": {"type": "Polygon", "coordinates": [[[2548532.518, 1180153.485], [2548533.018, 1180153.115], [2548542.027, 1180165.055], [2548518.747, 1180182.585], [2548499.877, 1180157.846], [2548514.118, 1180147.176], [2548517.147, 1180151.186], [2548521.148, 1180148.136], [2548523.228, 1180150.846], [2548519.237, 1180153.906], [2548522.287, 1180157.855], [2548531.068, 1180151.615], [2548532.518, 1180153.485]]]}, "properties": {"OBJECTID": 46341574, "EGID": 842062}}, {"type": "Feature", "id": 46341647, "geometry": {"type": "Polygon", "coordinates": [[[2547750.372, 1183216.091], [2547748.736, 1183199.872], [2547758.955, 1183198.942], [2547761.166, 1183220.702], [2547750.946, 1183221.7820000001], [2547750.913, 1183221.454], [2547750.372, 1183216.091]]]}, "properties": {"OBJECTID": 46341647, "EGID": 846837}}, {"type": "Feature", "id": 46341658, "geometry": {"type": "Polygon", "coordinates": [[[2546754.867, 1182969.925], [2546757.676, 1182967.069], [2546759.4359999998, 1182968.779], [2546756.635, 1182971.662], [2546754.867, 1182969.925]]]}, "properties": {"OBJECTID": 46341658, "EGID": 280109222}}, {"type": "Feature", "id": 46342054, "geometry": {"type": "Polygon", "coordinates": [[[2545903.762, 1183976.207], [2545904.4359999998, 1183975.43], [2545907.145, 1183977.78], [2545904.526, 1183980.799], [2545906.722, 1183982.704], [2545903.202, 1183986.764], [2545900.012, 1183983.994], [2545898.982, 1183985.364], [2545893.742, 1183980.744], [2545900.162, 1183973.084], [2545903.762, 1183976.207]]]}, "properties": {"OBJECTID": 46342054, "EGID": 846509}}, {"type": "Feature", "id": 46342269, "geometry": {"type": "Polygon", "coordinates": [[[2547465.24, 1183152.74], [2547464.51, 1183152.05], [2547466.6, 1183149.92], [2547468.13, 1183149.81], [2547469.52, 1183148.33], [2547476.63, 1183155.35], [2547477.33, 1183156.05], [2547475.8, 1183157.71], [2547474.46, 1183157.78], [2547472.4, 1183159.66], [2547465.24, 1183152.74]]]}, "properties": {"OBJECTID": 46342269, "EGID": 846852}}, {"type": "Feature", "id": 46342505, "geometry": {"type": "Polygon", "coordinates": [[[2547746.144, 1183021.042], [2547750.524, 1183025.132], [2547748.094, 1183027.732], [2547743.694, 1183023.652], [2547746.144, 1183021.042]]]}, "properties": {"OBJECTID": 46342505, "EGID": 280037836}}, {"type": "Feature", "id": 46342751, "geometry": {"type": "Polygon", "coordinates": [[[2547675.464, 1182954.634], [2547672.534, 1182958.024], [2547669.154, 1182955.084], [2547670.124, 1182953.974], [2547668.164, 1182952.264], [2547676.344, 1182942.834], [2547681.554, 1182947.364], [2547675.464, 1182954.634]]]}, "properties": {"OBJECTID": 46342751, "EGID": 3164753}}, {"type": "Feature", "id": 46342815, "geometry": {"type": "Polygon", "coordinates": [[[2545249.466, 1181186.763], [2545245.556, 1181193.223], [2545240.736, 1181190.263], [2545244.7060000002, 1181183.753], [2545249.466, 1181186.763]]]}, "properties": {"OBJECTID": 46342815, "EGID": 846972}}, {"type": "Feature", "id": 46343016, "geometry": {"type": "Polygon", "coordinates": [[[2546578.335, 1183930.3429999999], [2546579.056, 1183936.538], [2546574.943, 1183937.017], [2546575.385, 1183940.7280000001], [2546563.36, 1183942.143], [2546562.637, 1183935.986], [2546566.739, 1183935.503], [2546566.298, 1183931.759], [2546578.335, 1183930.3429999999]]]}, "properties": {"OBJECTID": 46343016, "EGID": 9031382}}, {"type": "Feature", "id": 46343471, "geometry": {"type": "Polygon", "coordinates": [[[2546016.871, 1183975.571], [2546012.281, 1183980.831], [2546006.991, 1183976.411], [2546011.571, 1183971.091], [2546016.871, 1183975.571]]]}, "properties": {"OBJECTID": 46343471, "EGID": 846528}}, {"type": "Feature", "id": 46343514, "geometry": {"type": "Polygon", "coordinates": [[[2546397.504, 1183517.458], [2546394.505, 1183506.164], [2546407.275, 1183502.974], [2546409.215, 1183510.514], [2546412.035, 1183509.804], [2546412.965, 1183512.884], [2546413.055, 1183513.064], [2546397.535, 1183517.574], [2546397.504, 1183517.458]]]}, "properties": {"OBJECTID": 46343514, "EGID": 846541}}, {"type": "Feature", "id": 46343683, "geometry": {"type": "Polygon", "coordinates": [[[2548437.77, 1181811.64], [2548433.13, 1181815.91], [2548429.28, 1181811.94], [2548433.96, 1181807.63], [2548437.77, 1181811.64]]]}, "properties": {"OBJECTID": 46343683, "EGID": 280027694}}, {"type": "Feature", "id": 46343848, "geometry": {"type": "Polygon", "coordinates": [[[2547811.272, 1182965.51], [2547812.552, 1182964.22], [2547817.352, 1182968.47], [2547813.332, 1182973.07], [2547812.952, 1182972.71], [2547810.142, 1182975.64], [2547801.932, 1182968.58], [2547807.482, 1182962.18], [2547811.272, 1182965.51]]]}, "properties": {"OBJECTID": 46343848, "EGID": 846913}}, {"type": "Feature", "id": 46344112, "geometry": {"type": "Polygon", "coordinates": [[[2548537.118, 1181804.017], [2548540.638, 1181801.517], [2548543.138, 1181805.057], [2548539.588, 1181807.557], [2548537.118, 1181804.017]]]}, "properties": {"OBJECTID": 46344112, "EGID": 280042674}}, {"type": "Feature", "id": 46344150, "geometry": {"type": "Polygon", "coordinates": [[[2547173.195, 1183535.135], [2547171.235, 1183528.345], [2547182.165, 1183525.265], [2547182.225, 1183525.415], [2547186.495, 1183524.225], [2547188.315, 1183530.925], [2547173.195, 1183535.135]]]}, "properties": {"OBJECTID": 46344150, "EGID": 846726}}, {"type": "Feature", "id": 46344160, "geometry": {"type": "Polygon", "coordinates": [[[2547123.474, 1182973.625], [2547128.414, 1182980.684], [2547117.755, 1182988.111], [2547112.833, 1182981.07], [2547120.0640000002, 1182976.011], [2547123.474, 1182973.625]]]}, "properties": {"OBJECTID": 46344160, "EGID": 280095153}}, {"type": "Feature", "id": 46344178, "geometry": {"type": "Polygon", "coordinates": [[[2546917.698, 1183502.752], [2546925.158, 1183508.431], [2546920.258, 1183514.901], [2546912.738, 1183509.132], [2546917.698, 1183502.752]]]}, "properties": {"OBJECTID": 46344178, "EGID": 846670}}, {"type": "Feature", "id": 46344478, "geometry": {"type": "Polygon", "coordinates": [[[2545899.317, 1182192.319], [2545899.657, 1182187.939], [2545906.227, 1182188.259], [2545906.327, 1182187.899], [2545913.797, 1182188.339], [2545913.127, 1182200.789], [2545901.527, 1182200.149], [2545901.507, 1182199.749], [2545899.587, 1182199.749], [2545899.477, 1182201.239], [2545889.787, 1182200.76], [2545890.297, 1182191.88], [2545899.317, 1182192.319]]]}, "properties": {"OBJECTID": 46344478, "EGID": 846997}}, {"type": "Feature", "id": 46344813, "geometry": {"type": "Polygon", "coordinates": [[[2545007.031, 1180335.441], [2545001.967, 1180338.769], [2544999.771, 1180335.885], [2545004.884, 1180332.489], [2545007.031, 1180335.441]]]}, "properties": {"OBJECTID": 46344813, "EGID": 280107423}}, {"type": "Feature", "id": 46344934, "geometry": {"type": "Polygon", "coordinates": [[[2546776.901, 1183736.994], [2546775.521, 1183734.134], [2546773.991, 1183734.804], [2546772.8109999998, 1183732.374], [2546774.401, 1183731.664], [2546772.051, 1183726.354], [2546773.251, 1183725.804], [2546772.481, 1183724.094], [2546780.94, 1183720.214], [2546782.95, 1183724.624], [2546781.59, 1183725.274], [2546785.24, 1183733.193], [2546776.901, 1183736.994]]]}, "properties": {"OBJECTID": 46344934, "EGID": 846615}}, {"type": "Feature", "id": 46344945, "geometry": {"type": "Polygon", "coordinates": [[[2547094.296, 1183325.568], [2547096.366, 1183330.268], [2547099.035, 1183329.148], [2547100.085, 1183331.748], [2547097.445, 1183332.848], [2547099.845, 1183338.598], [2547089.046, 1183343.138], [2547083.596, 1183329.999], [2547094.296, 1183325.568]]]}, "properties": {"OBJECTID": 46344945, "EGID": 280008322}}, {"type": "Feature", "id": 46345114, "geometry": {"type": "Polygon", "coordinates": [[[2547655.65, 1182971.067], [2547657.944, 1182973.003], [2547656.016, 1182975.293], [2547653.71, 1182973.361], [2547655.65, 1182971.067]]]}, "properties": {"OBJECTID": 46345114, "EGID": 280057506}}, {"type": "Feature", "id": 46345314, "geometry": {"type": "Polygon", "coordinates": [[[2548587.257, 1181695.441], [2548580.826, 1181686.875], [2548592.086, 1181678.475], [2548603.276, 1181693.255], [2548606.016, 1181696.875], [2548594.646, 1181705.285], [2548591.9359999998, 1181701.675], [2548589.145, 1181697.958], [2548587.257, 1181695.441]]]}, "properties": {"OBJECTID": 46345314, "EGID": 280004583}}, {"type": "Feature", "id": 46345337, "geometry": {"type": "Polygon", "coordinates": [[[2546799.32, 1183717.733], [2546799.44, 1183717.923], [2546805.47, 1183715.243], [2546808.8, 1183722.323], [2546802.59, 1183725.193], [2546802.68, 1183725.363], [2546797.8, 1183727.483], [2546794.47, 1183719.933], [2546799.32, 1183717.733]]]}, "properties": {"OBJECTID": 46345337, "EGID": 846617}}, {"type": "Feature", "id": 46345585, "geometry": {"type": "Polygon", "coordinates": [[[2547529.999, 1183227.268], [2547533.999, 1183238.648], [2547520.94, 1183243.418], [2547519.46, 1183239.398], [2547519.23, 1183239.569], [2547516.66, 1183231.909], [2547529.999, 1183227.268]]]}, "properties": {"OBJECTID": 46345585, "EGID": 9031399}}, {"type": "Feature", "id": 46345634, "geometry": {"type": "Polygon", "coordinates": [[[2548569.9359999998, 1180140.744], [2548585.399, 1180160.797], [2548572.624, 1180170.637], [2548571.503, 1180169.182], [2548557.174, 1180150.585], [2548547.836, 1180138.465], [2548558.142, 1180130.525], [2548567.477, 1180142.64], [2548569.9359999998, 1180140.744]]]}, "properties": {"OBJECTID": 46345634, "EGID": 280087909}}, {"type": "Feature", "id": 46345840, "geometry": {"type": "Polygon", "coordinates": [[[2548465.2060000002, 1180234.995], [2548471.736, 1180240.214], [2548465.996, 1180247.844], [2548460.027, 1180243.555], [2548459.727, 1180243.335], [2548465.2060000002, 1180234.995]]]}, "properties": {"OBJECTID": 46345840, "EGID": 3164211}}, {"type": "Feature", "id": 46345861, "geometry": {"type": "Polygon", "coordinates": [[[2546815.85, 1183591.194], [2546820.21, 1183601.173], [2546811.63, 1183604.904], [2546807.24, 1183594.784], [2546815.85, 1183591.194]]]}, "properties": {"OBJECTID": 46345861, "EGID": 846661}}, {"type": "Feature", "id": 46345914, "geometry": {"type": "Polygon", "coordinates": [[[2544078.256, 1181385.193], [2544077.949024006, 1181385.1660555743], [2544077.6513848715, 1181385.086235722], [2544077.372118903, 1181384.9559637695], [2544077.1197045967, 1181384.7791947648], [2544076.9018052355, 1181384.5612954036], [2544076.725036231, 1181384.3088810975], [2544076.5947642783, 1181384.0296151284], [2544076.5149444262, 1181383.731975994], [2544076.488, 1181383.425], [2544076.5148598924, 1181383.1179900218], [2544076.5946234465, 1181382.8203083866], [2544076.724867086, 1181382.541], [2544076.9016334247, 1181382.2885515061], [2544077.119551506, 1181382.0706334244], [2544077.372, 1181381.893867086], [2544077.6513083866, 1181381.7636234465], [2544077.948990022, 1181381.6838598927], [2544078.256, 1181381.657], [2544078.5630099783, 1181381.6838598927], [2544078.8606916135, 1181381.7636234465], [2544079.14, 1181381.893867086], [2544079.392448494, 1181382.0706334244], [2544079.6103665754, 1181382.2885515061], [2544079.787132914, 1181382.541], [2544079.9173765536, 1181382.8203083866], [2544079.9971401077, 1181383.1179900218], [2544080.024, 1181383.425], [2544079.997055574, 1181383.731975994], [2544079.917235722, 1181384.0296151284], [2544079.7869637692, 1181384.3088810975], [2544079.6101947646, 1181384.5612954036], [2544079.3922954034, 1181384.7791947648], [2544079.1398810972, 1181384.9559637695], [2544078.8606151287, 1181385.086235722], [2544078.5629759943, 1181385.1660555743], [2544078.256, 1181385.193]]]}, "properties": {"OBJECTID": 46345914, "EGID": 280131839}}, {"type": "Feature", "id": 46345928, "geometry": {"type": "Polygon", "coordinates": [[[2544158.554, 1183632.253], [2544157.097, 1183631.86], [2544158.134, 1183627.983], [2544159.598, 1183628.384], [2544158.554, 1183632.253]]]}, "properties": {"OBJECTID": 46345928, "EGID": 280141960}}, {"type": "Feature", "id": 46346161, "geometry": {"type": "Polygon", "coordinates": [[[2547228.704, 1183412.145], [2547233.824, 1183420.114], [2547225.094, 1183425.685], [2547219.984, 1183417.705], [2547228.704, 1183412.145]]]}, "properties": {"OBJECTID": 46346161, "EGID": 846821}}, {"type": "Feature", "id": 46346363, "geometry": {"type": "Polygon", "coordinates": [[[2547701.45, 1182572.152], [2547710.98, 1182579.662], [2547716.84, 1182572.572], [2547719.8, 1182575.402], [2547721.51, 1182573.402], [2547730.35, 1182580.481], [2547722.92, 1182589.7820000001], [2547710.68, 1182579.792], [2547705.35, 1182586.242], [2547694.5, 1182577.182], [2547699.86, 1182570.722], [2547701.45, 1182572.152]]]}, "properties": {"OBJECTID": 46346363, "EGID": 846948}}, {"type": "Feature", "id": 46346471, "geometry": {"type": "Polygon", "coordinates": [[[2548563.154, 1181882.783], [2548563.312461387, 1181882.2752678895], [2548563.554769684, 1181881.8017823074], [2548563.8738988303, 1181881.376272619], [2548564.2605952383, 1181881.011077061], [2548564.703646114, 1181880.7167849808], [2548565.1902045896, 1181880.501929781], [2548565.7061622343, 1181880.372741483], [2548566.2365581472, 1181880.3329660785], [2548566.7660127706, 1181880.3837569107], [2548567.2791738417, 1181880.5236412294], [2548567.76116155, 1181880.7485628966], [2548568.198, 1181881.052], [2548568.5786615005, 1181881.4268982636], [2548568.8898703605, 1181881.8611803518], [2548569.1225230214, 1181882.3421425393], [2548569.269813872, 1181882.855715603], [2548569.3274343237, 1181883.386876379], [2548569.29369885, 1181883.920087223], [2548569.169594289, 1181884.439750522], [2548568.9587509762, 1181884.9306649587], [2548568.6673365533, 1181885.3784701845], [2548568.3038755446, 1181885.7700668923], [2548567.879, 1181886.094], [2548567.4140525, 1181886.336968903], [2548566.9150048397, 1181886.4987140696], [2548566.3959286995, 1181886.5746747612], [2548565.8714605034, 1181886.562709109], [2548565.3563887146, 1181886.4631545092], [2548564.8652368463, 1181886.2788181095], [2548564.4118539398, 1181886.0148976555], [2548564.0090240627, 1181885.6788349291], [2548563.668105835, 1181885.2801059135], [2548563.3987121503, 1181884.8299535962], [2548563.20843912, 1181884.341070952], [2548563.1026518852, 1181883.8272430364], [2548563.084333336, 1181883.3029582887], [2548563.154, 1181882.783]]]}, "properties": {"OBJECTID": 46346471, "EGID": 280095697}}, {"type": "Feature", "id": 46346691, "geometry": {"type": "Polygon", "coordinates": [[[2543964.598, 1182210.429], [2543965.958, 1182209.109], [2543963.508, 1182206.409], [2543966.168, 1182204.039], [2543971.608, 1182209.899], [2543967.488, 1182213.619], [2543964.598, 1182210.429]]]}, "properties": {"OBJECTID": 46346691, "EGID": 280026269}}, {"type": "Feature", "id": 46346739, "geometry": {"type": "Polygon", "coordinates": [[[2548758.077, 1180290.326], [2548751.047, 1180280.547], [2548757.507, 1180275.8969999999], [2548759.857, 1180279.137], [2548764.597, 1180285.686], [2548758.077, 1180290.326]]]}, "properties": {"OBJECTID": 46346739, "EGID": 280013294}}, {"type": "Feature", "id": 46346784, "geometry": {"type": "Polygon", "coordinates": [[[2546990.948, 1183673.809], [2546993.083, 1183672.83], [2546994.45, 1183675.872], [2546992.308, 1183676.835], [2546990.948, 1183673.809]]]}, "properties": {"OBJECTID": 46346784, "EGID": 280111080}}, {"type": "Feature", "id": 46347007, "geometry": {"type": "Polygon", "coordinates": [[[2545950.845, 1184033.069], [2545953.328, 1184035.255], [2545951.985, 1184036.784], [2545949.505, 1184034.6], [2545950.845, 1184033.069]]]}, "properties": {"OBJECTID": 46347007, "EGID": 280135330}}, {"type": "Feature", "id": 46347191, "geometry": {"type": "Polygon", "coordinates": [[[2546350.447, 1183842.293], [2546354.716, 1183848.633], [2546348.087, 1183853.133], [2546343.767, 1183846.834], [2546350.447, 1183842.293]]]}, "properties": {"OBJECTID": 46347191, "EGID": 846585}}, {"type": "Feature", "id": 46347202, "geometry": {"type": "Polygon", "coordinates": [[[2548155.788, 1183128.761], [2548149.948, 1183137.481], [2548129.628, 1183123.7719999999], [2548135.518, 1183115.102], [2548155.788, 1183128.761]]]}, "properties": {"OBJECTID": 46347202, "EGID": 846927}}, {"type": "Feature", "id": 46347509, "geometry": {"type": "Polygon", "coordinates": [[[2547616.539, 1182954.51], [2547609.717, 1182948.576], [2547617.725, 1182939.32], [2547624.562, 1182945.271], [2547616.539, 1182954.51]]]}, "properties": {"OBJECTID": 46347509, "EGID": 190058203}}, {"type": "Feature", "id": 46347598, "geometry": {"type": "Polygon", "coordinates": [[[2547451.83, 1183164.701], [2547453.67, 1183162.9], [2547453.83, 1183161.45], [2547455.54, 1183159.73], [2547456.21, 1183160.39], [2547463.38, 1183167.48], [2547461.57, 1183169.43], [2547461.51, 1183170.92], [2547459.74, 1183172.48], [2547459.17, 1183171.83], [2547451.83, 1183164.701]]]}, "properties": {"OBJECTID": 46347598, "EGID": 846849}}, {"type": "Feature", "id": 46347706, "geometry": {"type": "Polygon", "coordinates": [[[2544228.81, 1183668.28], [2544228.154, 1183671.642], [2544226.645, 1183671.338], [2544226.026, 1183673.974], [2544221.029, 1183672.886], [2544222.382, 1183666.987], [2544228.81, 1183668.28]]]}, "properties": {"OBJECTID": 46347706, "EGID": 842250}}, {"type": "Feature", "id": 46347746, "geometry": {"type": "Polygon", "coordinates": [[[2546748.761, 1183604.375], [2546736.751, 1183607.235], [2546735.351, 1183601.285], [2546747.341, 1183598.425], [2546748.761, 1183604.375]]]}, "properties": {"OBJECTID": 46347746, "EGID": 846658}}, {"type": "Feature", "id": 46347772, "geometry": {"type": "Polygon", "coordinates": [[[2546812.45, 1183774.3530000001], [2546807.27, 1183776.663], [2546806.36, 1183774.803], [2546806.12, 1183774.733], [2546805.52, 1183774.083], [2546805.27, 1183773.123], [2546804.77, 1183772.333], [2546800.9, 1183774.933], [2546799.27, 1183772.123], [2546795.63, 1183773.943], [2546798.03, 1183778.803], [2546792.62, 1183781.313], [2546790.55, 1183776.403], [2546789.46, 1183776.913], [2546786.74, 1183770.393], [2546789.56, 1183769.043], [2546786.47, 1183762.443], [2546792.46, 1183759.613], [2546795.73, 1183766.523], [2546802.82, 1183762.983], [2546804.82, 1183766.133], [2546807.34, 1183770.953], [2546809.4, 1183769.693], [2546812.45, 1183774.3530000001]]]}, "properties": {"OBJECTID": 46347772, "EGID": 846614}}, {"type": "Feature", "id": 46347843, "geometry": {"type": "Polygon", "coordinates": [[[2546394.596, 1183955.352], [2546397.106, 1183961.122], [2546387.876, 1183965.052], [2546385.336, 1183959.302], [2546394.596, 1183955.352]]]}, "properties": {"OBJECTID": 46347843, "EGID": 846598}}, {"type": "Feature", "id": 46348181, "geometry": {"type": "Polygon", "coordinates": [[[2546782.685, 1183778.981], [2546785.425, 1183785.746], [2546777.347, 1183788.953], [2546776.992, 1183788.057], [2546775.856, 1183788.508], [2546775.768, 1183788.286], [2546766.5810000002, 1183791.934], [2546763.991, 1183785.064], [2546768.161, 1183783.414], [2546764.481, 1183774.144], [2546769.781, 1183772.084], [2546773.477, 1183781.545], [2546773.292, 1183781.617], [2546774.626, 1183785.036], [2546776.918, 1183784.141], [2546775.966, 1183781.701], [2546782.685, 1183778.981]]]}, "properties": {"OBJECTID": 46348181, "EGID": 846613}}, {"type": "Feature", "id": 46348265, "geometry": {"type": "Polygon", "coordinates": [[[2547288.65, 1182024.398], [2547306.94, 1182040.337], [2547305.87, 1182041.487], [2547300.72, 1182047.567], [2547282.261, 1182031.678], [2547288.31, 1182024.788], [2547288.65, 1182024.398]]]}, "properties": {"OBJECTID": 46348265, "EGID": 280006472}}, {"type": "Feature", "id": 46348338, "geometry": {"type": "Polygon", "coordinates": [[[2547456.21, 1183160.39], [2547457.84, 1183158.84], [2547457.92, 1183157.42], [2547459.75, 1183155.49], [2547460.48, 1183156.16], [2547467.6, 1183163.29], [2547465.62, 1183165.26], [2547465.56, 1183166.58], [2547463.94, 1183168.14], [2547463.38, 1183167.48], [2547456.21, 1183160.39]]]}, "properties": {"OBJECTID": 46348338, "EGID": 846850}}, {"type": "Feature", "id": 46348348, "geometry": {"type": "Polygon", "coordinates": [[[2546819.09, 1183712.053], [2546821.84, 1183721.623], [2546818.24, 1183722.693], [2546815.51, 1183713.153], [2546819.09, 1183712.053]]]}, "properties": {"OBJECTID": 46348348, "EGID": 280025832}}, {"type": "Feature", "id": 46348546, "geometry": {"type": "Polygon", "coordinates": [[[2547366.1890000002, 1182861.632], [2547356.049, 1182872.152], [2547344.659, 1182862.393], [2547354.139, 1182851.5219999999], [2547366.1890000002, 1182861.632]]]}, "properties": {"OBJECTID": 46348546, "EGID": 846934}}, {"type": "Feature", "id": 46348887, "geometry": {"type": "Polygon", "coordinates": [[[2546787.281, 1184125.931], [2546784.8109999998, 1184123.371], [2546789.261, 1184118.991], [2546797.391, 1184127.331], [2546790.611, 1184134.051], [2546784.921, 1184128.201], [2546787.281, 1184125.931]]]}, "properties": {"OBJECTID": 46348887, "EGID": 280012895}}, {"type": "Feature", "id": 46349027, "geometry": {"type": "Polygon", "coordinates": [[[2548566.496, 1181674.976], [2548559.036, 1181667.736], [2548562.076, 1181664.296], [2548565.406, 1181665.676], [2548566.226, 1181664.736], [2548571.446, 1181669.296], [2548566.496, 1181674.976]]]}, "properties": {"OBJECTID": 46349027, "EGID": 280016810}}, {"type": "Feature", "id": 46349085, "geometry": {"type": "Polygon", "coordinates": [[[2547057.371, 1183115.57], [2547047.55, 1183123.768], [2547047.36, 1183123.542], [2547048.742, 1183122.387], [2547033.289, 1183103.887], [2547041.728, 1183096.834], [2547048.191, 1183104.566], [2547052.263, 1183109.443], [2547057.371, 1183115.57]]]}, "properties": {"OBJECTID": 46349085, "EGID": 280103813}}, {"type": "Feature", "id": 46349194, "geometry": {"type": "Polygon", "coordinates": [[[2545830.447, 1184041.26], [2545831.7939999998, 1184039.6], [2545833.921, 1184041.338], [2545832.57, 1184042.991], [2545830.447, 1184041.26]]]}, "properties": {"OBJECTID": 46349194, "EGID": 280134668}}, {"type": "Feature", "id": 46349218, "geometry": {"type": "Polygon", "coordinates": [[[2545936.642, 1183985.143], [2545941.451, 1183979.753], [2545941.5609999998, 1183979.863], [2545942.511, 1183978.653], [2545946.551, 1183982.293], [2545945.542, 1183983.533], [2545946.682, 1183984.513], [2545942.032, 1183989.803], [2545936.642, 1183985.143]]]}, "properties": {"OBJECTID": 46349218, "EGID": 846517}}, {"type": "Feature", "id": 46349234, "geometry": {"type": "Polygon", "coordinates": [[[2546932.785, 1183482.854], [2546931.483, 1183484.074], [2546929.444, 1183481.867], [2546923.414, 1183487.442], [2546919.142, 1183482.818], [2546916.291, 1183479.732], [2546923.618, 1183472.95], [2546932.785, 1183482.854]]]}, "properties": {"OBJECTID": 46349234, "EGID": 280066289}}, {"type": "Feature", "id": 46349312, "geometry": {"type": "Polygon", "coordinates": [[[2548337.194, 1182025.643], [2548336.904, 1182025.303], [2548338.3140000002, 1182024.1030000001], [2548339.824, 1182025.893], [2548337.614, 1182027.723], [2548336.414, 1182026.303], [2548337.194, 1182025.643]]]}, "properties": {"OBJECTID": 46349312, "EGID": 280111297}}, {"type": "Feature", "id": 46349513, "geometry": {"type": "Polygon", "coordinates": [[[2547361.819, 1182838.0320000001], [2547368.658, 1182828.732], [2547371.908, 1182831.222], [2547371.758, 1182831.462], [2547377.898, 1182835.882], [2547376.174, 1182838.243], [2547380.204, 1182841.185], [2547375.379, 1182847.794], [2547371.349, 1182844.852], [2547361.819, 1182838.0320000001]]]}, "properties": {"OBJECTID": 46349513, "EGID": 846937}}, {"type": "Feature", "id": 46349576, "geometry": {"type": "Polygon", "coordinates": [[[2547645.328, 1183237.125], [2547644.798, 1183236.105], [2547642.558, 1183237.115], [2547641.368, 1183236.575], [2547640.008, 1183233.716], [2547650.918, 1183228.325], [2547653.298, 1183232.965], [2547672.307, 1183223.425], [2547683.637, 1183245.164], [2547647.708, 1183263.695], [2547636.358, 1183241.776], [2547645.328, 1183237.125]]]}, "properties": {"OBJECTID": 46349576, "EGID": 846835}}, {"type": "Feature", "id": 46349598, "geometry": {"type": "Polygon", "coordinates": [[[2548633.116, 1180299.773], [2548640.264, 1180308.14], [2548637.637, 1180310.377], [2548641.533, 1180314.95], [2548636.978, 1180318.862], [2548625.869, 1180305.951], [2548633.116, 1180299.773]]]}, "properties": {"OBJECTID": 46349598, "EGID": 280128951}}, {"type": "Feature", "id": 46349757, "geometry": {"type": "Polygon", "coordinates": [[[2546736.361, 1183640.025], [2546736.801, 1183641.835], [2546732.401, 1183642.875], [2546731.991, 1183641.035], [2546736.361, 1183640.025]]]}, "properties": {"OBJECTID": 46349757, "EGID": 280113762}}, {"type": "Feature", "id": 46349804, "geometry": {"type": "Polygon", "coordinates": [[[2547412.011, 1183160.002], [2547411.091, 1183159.0320000001], [2547411.0810000002, 1183156.842], [2547411.3109999998, 1183156.572], [2547407.821, 1183153.132], [2547415.281, 1183145.521], [2547415.901, 1183144.911], [2547417.871, 1183146.751], [2547418.291, 1183148.171], [2547417.571, 1183149.031], [2547420.181, 1183151.751], [2547412.011, 1183160.002]]]}, "properties": {"OBJECTID": 46349804, "EGID": 846867}}, {"type": "Feature", "id": 46349949, "geometry": {"type": "Polygon", "coordinates": [[[2546760.693, 1180796.052], [2546766.863, 1180787.562], [2546775.843, 1180794.372], [2546769.583, 1180802.552], [2546760.693, 1180796.052]]]}, "properties": {"OBJECTID": 46349949, "EGID": 847009}}, {"type": "Feature", "id": 46350004, "geometry": {"type": "Polygon", "coordinates": [[[2546704.193, 1182976.248], [2546700.588, 1182973.199], [2546704.918, 1182968.049], [2546708.532, 1182971.117], [2546704.193, 1182976.248]]]}, "properties": {"OBJECTID": 46350004, "EGID": 280135995}}, {"type": "Feature", "id": 46350108, "geometry": {"type": "Polygon", "coordinates": [[[2547428.211, 1183252.721], [2547426.161, 1183247.171], [2547432.271, 1183244.821], [2547427.501, 1183231.101], [2547435.111, 1183228.731], [2547439.181, 1183240.22], [2547453.07, 1183235.13], [2547455.96, 1183243.04], [2547447.201, 1183246.09], [2547448.791, 1183250.64], [2547439.5609999998, 1183253.86], [2547437.971, 1183249.31], [2547428.211, 1183252.721]]]}, "properties": {"OBJECTID": 46350108, "EGID": 846810}}, {"type": "Feature", "id": 46350301, "geometry": {"type": "Polygon", "coordinates": [[[2548478.687, 1180248.064], [2548474.406, 1180243.325], [2548480.124, 1180238.305], [2548484.385, 1180243.133], [2548478.687, 1180248.064]]]}, "properties": {"OBJECTID": 46350301, "EGID": 280022343}}, {"type": "Feature", "id": 46350601, "geometry": {"type": "Polygon", "coordinates": [[[2546581.243, 1183563.529], [2546583.663, 1183574.129], [2546574.973, 1183576.189], [2546574.363, 1183573.749], [2546572.003, 1183574.29], [2546569.993, 1183566.19], [2546581.243, 1183563.529]]]}, "properties": {"OBJECTID": 46350601, "EGID": 846564}}, {"type": "Feature", "id": 46350951, "geometry": {"type": "Polygon", "coordinates": [[[2547467.246, 1183377.928], [2547466.9884172557, 1183377.4393301336], [2547466.8195789135, 1183376.9133636686], [2547466.744612199, 1183376.366072978], [2547466.7657936765, 1183375.814078002], [2547466.8824801138, 1183375.2741415394], [2547467.0911280164, 1183374.7626601995], [2547467.3854012345, 1183374.2951664762], [2547467.756363378, 1183373.885857062], [2547468.1927491925, 1183373.5471617284], [2547468.68130666, 1183373.2893658613], [2547469.2071994315, 1183373.1202981193], [2547469.7544573713, 1183373.0450926952], [2547470.3064615335, 1183373.0660334018], [2547470.8464488406, 1183373.182484319], [2547471.35802114, 1183373.390909104], [2547471.825643175, 1183373.6849783831], [2547472.235114356, 1183374.055761959], [2547472.574, 1183374.492], [2547472.820699114, 1183374.9539373713], [2547472.987978406, 1183375.4501875362], [2547473.071272405, 1183375.9672065855], [2547473.0683078105, 1183376.490883775], [2547472.979165533, 1183377.0069266434], [2547472.8062784886, 1183377.501251089], [2547472.554365197, 1183377.9603657604], [2547472.2303010034, 1183378.3717402685], [2547471.8429304305, 1183378.7241471736], [2547471.4028257905, 1183379.007968409], [2547470.9219986415, 1183379.2154577828], [2547470.413571959, 1183379.3409523903], [2547469.891421981, 1183379.38102717], [2547469.369799487, 1183379.3345883803], [2547468.86294086, 1183379.2029034523], [2547468.3846795415, 1183378.9895663974], [2547467.94806848, 1183378.7003997178], [2547467.565023884, 1183378.3432954957], [2547467.246, 1183377.928]]]}, "properties": {"OBJECTID": 46350951, "EGID": 280132706}}, {"type": "Feature", "id": 46351136, "geometry": {"type": "Polygon", "coordinates": [[[2546372.215, 1183509.905], [2546367.965, 1183519.615], [2546368.425, 1183519.805], [2546365.895, 1183525.175], [2546365.028, 1183527.28], [2546363.114, 1183526.431], [2546363.879, 1183524.515], [2546359.645, 1183522.825], [2546358.925, 1183524.345], [2546354.565, 1183522.425], [2546354.815, 1183521.765], [2546355.015, 1183521.875], [2546361.895, 1183505.715], [2546372.215, 1183509.905]]]}, "properties": {"OBJECTID": 46351136, "EGID": 846552}}, {"type": "Feature", "id": 46351142, "geometry": {"type": "Polygon", "coordinates": [[[2547878.643, 1183141.319], [2547874.753, 1183145.709], [2547870.203, 1183141.969], [2547874.273, 1183137.269], [2547878.643, 1183141.319]]]}, "properties": {"OBJECTID": 46351142, "EGID": 280028604}}, {"type": "Feature", "id": 46351266, "geometry": {"type": "Polygon", "coordinates": [[[2544072.87, 1183604.12], [2544073.494, 1183604.285], [2544073.347, 1183604.762], [2544072.778, 1183604.615], [2544071.898, 1183607.771], [2544067.402, 1183606.34], [2544068.957, 1183600.7], [2544073.523, 1183602.149], [2544072.87, 1183604.12]]]}, "properties": {"OBJECTID": 46351266, "EGID": 842264}}, {"type": "Feature", "id": 46351621, "geometry": {"type": "Polygon", "coordinates": [[[2545338.675, 1181133.011], [2545336.035, 1181135.901], [2545331.825, 1181132.031], [2545334.365, 1181129.031], [2545338.675, 1181133.011]]]}, "properties": {"OBJECTID": 46351621, "EGID": 280038544}}, {"type": "Feature", "id": 46351705, "geometry": {"type": "Polygon", "coordinates": [[[2546642.662, 1183811.047], [2546643.342, 1183821.016], [2546635.383, 1183821.537], [2546634.743, 1183811.6469999999], [2546642.662, 1183811.047]]]}, "properties": {"OBJECTID": 46351705, "EGID": 846580}}, {"type": "Feature", "id": 46351842, "geometry": {"type": "Polygon", "coordinates": [[[2544201.07, 1183641.347], [2544199.304, 1183647.794], [2544193.888, 1183646.273], [2544195.6, 1183639.756], [2544197.161, 1183640.257], [2544197.476, 1183638.984], [2544200.752, 1183639.998], [2544200.376, 1183641.193], [2544201.07, 1183641.347]]]}, "properties": {"OBJECTID": 46351842, "EGID": 842243}}, {"type": "Feature", "id": 46351900, "geometry": {"type": "Polygon", "coordinates": [[[2544186.625, 1183652.403], [2544186.102, 1183655.15], [2544184.158, 1183654.78], [2544184.681, 1183652.049], [2544186.625, 1183652.403]]]}, "properties": {"OBJECTID": 46351900, "EGID": 280112293}}, {"type": "Feature", "id": 46351968, "geometry": {"type": "Polygon", "coordinates": [[[2545873.682, 1184026.084], [2545872.322, 1184027.544], [2545875.022, 1184029.944], [2545871.612, 1184033.834], [2545868.902, 1184031.294], [2545865.902, 1184034.614], [2545862.682, 1184031.654], [2545870.272, 1184022.894], [2545873.682, 1184026.084]]]}, "properties": {"OBJECTID": 46351968, "EGID": 846491}}, {"type": "Feature", "id": 46352050, "geometry": {"type": "Polygon", "coordinates": [[[2546322.76, 1183582.15], [2546317.846, 1183583.866], [2546309.516, 1183586.774], [2546309.38, 1183586.384], [2546305.467, 1183575.174], [2546318.719, 1183570.546], [2546321.376, 1183578.177], [2546322.364, 1183581.012], [2546322.76, 1183582.15]]]}, "properties": {"OBJECTID": 46352050, "EGID": 280130796}}, {"type": "Feature", "id": 46352404, "geometry": {"type": "Polygon", "coordinates": [[[2547468.18, 1183326.359], [2547463.063, 1183328.764], [2547451.638, 1183334.167], [2547439.571, 1183308.645], [2547450.699, 1183303.384], [2547472.58, 1183293.089], [2547484.64, 1183318.609], [2547468.18, 1183326.359]]]}, "properties": {"OBJECTID": 46352404, "EGID": 280001758}}, {"type": "Feature", "id": 46352662, "geometry": {"type": "Polygon", "coordinates": [[[2547395.249, 1182885.101], [2547389.709, 1182890.972], [2547387.279, 1182888.702], [2547388.139, 1182887.762], [2547386.239, 1182885.982], [2547391.019, 1182880.971], [2547395.249, 1182885.101]]]}, "properties": {"OBJECTID": 46352662, "EGID": 280022734}}, {"type": "Feature", "id": 46352885, "geometry": {"type": "Polygon", "coordinates": [[[2547828.432, 1183003.67], [2547822.142, 1183010.67], [2547813.302, 1183003.04], [2547819.522, 1182995.89], [2547828.432, 1183003.67]]]}, "properties": {"OBJECTID": 46352885, "EGID": 846894}}, {"type": "Feature", "id": 46352933, "geometry": {"type": "Polygon", "coordinates": [[[2546654.222, 1183623.117], [2546656.142, 1183631.507], [2546644.372, 1183634.177], [2546642.472, 1183625.818], [2546654.222, 1183623.117]]]}, "properties": {"OBJECTID": 46352933, "EGID": 846559}}, {"type": "Feature", "id": 46352959, "geometry": {"type": "Polygon", "coordinates": [[[2545119.797, 1181285.045], [2545117.967, 1181287.955], [2545109.927, 1181282.636], [2545111.827, 1181279.736], [2545119.797, 1181285.045]]]}, "properties": {"OBJECTID": 46352959, "EGID": 280029553}}, {"type": "Feature", "id": 46353243, "geometry": {"type": "Polygon", "coordinates": [[[2546740.3310000002, 1183622.255], [2546752.341, 1183619.355], [2546753.781, 1183625.365], [2546741.741, 1183628.255], [2546740.3310000002, 1183622.255]]]}, "properties": {"OBJECTID": 46353243, "EGID": 846655}}, {"type": "Feature", "id": 46353292, "geometry": {"type": "Polygon", "coordinates": [[[2547129.083, 1183353.565], [2547133.248, 1183360.508], [2547124.545, 1183365.913], [2547123.746, 1183364.666], [2547123.47, 1183364.832], [2547123.405, 1183364.727], [2547123.815, 1183364.447], [2547124.015, 1183364.327], [2547120.565, 1183358.787], [2547127.545, 1183354.577], [2547128.965, 1183353.767], [2547129.083, 1183353.565]]]}, "properties": {"OBJECTID": 46353292, "EGID": 846783}}, {"type": "Feature", "id": 46353343, "geometry": {"type": "Polygon", "coordinates": [[[2547163.532, 1183410.775], [2547160.755, 1183412.706], [2547159.085, 1183410.156], [2547160.425, 1183409.226], [2547152.385, 1183397.736], [2547158.985, 1183393.146], [2547168.695, 1183407.186], [2547163.532, 1183410.775]]]}, "properties": {"OBJECTID": 46353343, "EGID": 280009959}}, {"type": "Feature", "id": 46353348, "geometry": {"type": "Polygon", "coordinates": [[[2546779.44, 1183446.715], [2546774.76, 1183440.105], [2546773.022, 1183441.109], [2546770.347, 1183436.429], [2546777.273, 1183432.47], [2546784.11, 1183444.815], [2546795.54, 1183438.235], [2546800.82, 1183447.285], [2546785.92, 1183455.795], [2546779.44, 1183446.715]]]}, "properties": {"OBJECTID": 46353348, "EGID": 846716}}, {"type": "Feature", "id": 46353486, "geometry": {"type": "Polygon", "coordinates": [[[2547190.274, 1183386.406], [2547194.634, 1183393.195], [2547194.5439999998, 1183393.255], [2547197.684, 1183398.145], [2547190.724, 1183402.686], [2547187.494, 1183397.826], [2547186.224, 1183398.596], [2547181.824, 1183391.836], [2547190.274, 1183386.406]]]}, "properties": {"OBJECTID": 46353486, "EGID": 846816}}, {"type": "Feature", "id": 46353795, "geometry": {"type": "Polygon", "coordinates": [[[2547118.68, 1183004.395], [2547120.964, 1183006.794], [2547119.846, 1183007.854], [2547123.583, 1183011.801], [2547123.084, 1183012.277], [2547125.286, 1183014.577], [2547121.453, 1183018.246], [2547119.34, 1183020.263], [2547119.188, 1183020.104], [2547117.6, 1183021.627], [2547115.849, 1183019.802], [2547117.437, 1183018.279], [2547112.557, 1183013.192], [2547112.196, 1183013.539], [2547106.953, 1183008.038], [2547113.843, 1183001.558], [2547117.575, 1183005.454], [2547118.68, 1183004.395]]]}, "properties": {"OBJECTID": 46353795, "EGID": 190057999}}, {"type": "Feature", "id": 46353895, "geometry": {"type": "Polygon", "coordinates": [[[2546638.628, 1182816.883], [2546642.258, 1182820.993], [2546639.358, 1182823.683], [2546635.558, 1182819.484], [2546638.628, 1182816.883]]]}, "properties": {"OBJECTID": 46353895, "EGID": 280070984}}, {"type": "Feature", "id": 46353984, "geometry": {"type": "Polygon", "coordinates": [[[2544012.737, 1181642.369], [2544004.617, 1181638.479], [2544008.737, 1181629.689], [2544016.957, 1181633.609], [2544012.737, 1181642.369]]]}, "properties": {"OBJECTID": 46353984, "EGID": 846994}}, {"type": "Feature", "id": 46354079, "geometry": {"type": "Polygon", "coordinates": [[[2548870.747, 1180276.904], [2548870.247, 1180278.994], [2548863.867, 1180277.564], [2548864.507, 1180273.244], [2548863.377, 1180273.084], [2548864.197, 1180266.514], [2548867.907, 1180266.894], [2548867.137, 1180273.544], [2548870.277, 1180273.904], [2548869.657, 1180276.704], [2548870.747, 1180276.904]]]}, "properties": {"OBJECTID": 46354079, "EGID": 280019563}}, {"type": "Feature", "id": 46354209, "geometry": {"type": "Polygon", "coordinates": [[[2549046.747, 1180351.998], [2549044.647, 1180354.438], [2549038.237, 1180348.988], [2549040.317, 1180346.518], [2549046.747, 1180351.998]]]}, "properties": {"OBJECTID": 46354209, "EGID": 280070676}}, {"type": "Feature", "id": 46354362, "geometry": {"type": "Polygon", "coordinates": [[[2547094.217, 1183306.429], [2547081.743, 1183311.1570000001], [2547078.19, 1183301.832], [2547094.074, 1183295.805], [2547097.607, 1183305.144], [2547094.217, 1183306.429]]]}, "properties": {"OBJECTID": 46354362, "EGID": 280101859}}, {"type": "Feature", "id": 46354718, "geometry": {"type": "Polygon", "coordinates": [[[2547030.816, 1183280.53], [2547035.916, 1183292.99], [2547033.266, 1183294.09], [2547028.486, 1183282.29], [2547030.816, 1183280.53]]]}, "properties": {"OBJECTID": 46354718, "EGID": 280025836}}, {"type": "Feature", "id": 46355917, "geometry": {"type": "Polygon", "coordinates": [[[2547454.191, 1183282.97], [2547446.901, 1183275.34], [2547453.451, 1183269.11], [2547460.72, 1183276.73], [2547454.191, 1183282.97]]]}, "properties": {"OBJECTID": 46355917, "EGID": 11515590}}, {"type": "Feature", "id": 46356133, "geometry": {"type": "Polygon", "coordinates": [[[2547435.729, 1182890.872], [2547427.857, 1182895.655], [2547423.181, 1182887.956], [2547425.321, 1182886.663], [2547422.728, 1182882.385], [2547428.461, 1182878.902], [2547429.131, 1182880.005], [2547430.719, 1182882.62], [2547431.872, 1182881.92], [2547433.882, 1182885.235], [2547434.438, 1182884.898], [2547435.957, 1182887.396], [2547434.242, 1182888.436], [2547435.729, 1182890.872]]]}, "properties": {"OBJECTID": 46356133, "EGID": 280100768}}, {"type": "Feature", "id": 46356516, "geometry": {"type": "Polygon", "coordinates": [[[2546629.292, 1183672.7179999999], [2546629.902, 1183673.038], [2546630.582, 1183676.048], [2546630.202, 1183676.638], [2546629.992, 1183676.688], [2546630.942, 1183680.908], [2546621.823, 1183682.998], [2546619.943, 1183674.838], [2546629.292, 1183672.7179999999]]]}, "properties": {"OBJECTID": 46356516, "EGID": 846563}}, {"type": "Feature", "id": 46356621, "geometry": {"type": "Polygon", "coordinates": [[[2547379.412, 1183365.031], [2547380.262, 1183367.351], [2547375.762, 1183369.001], [2547371.292, 1183356.881], [2547375.752, 1183355.271], [2547376.622, 1183357.531], [2547383.962, 1183354.841], [2547386.662, 1183362.241], [2547379.412, 1183365.031]]]}, "properties": {"OBJECTID": 46356621, "EGID": 846831}}, {"type": "Feature", "id": 46356654, "geometry": {"type": "Polygon", "coordinates": [[[2546789.423, 1180826.571], [2546781.543, 1180835.631], [2546763.243, 1180820.162], [2546771.223, 1180810.812], [2546789.423, 1180826.571]]]}, "properties": {"OBJECTID": 46356654, "EGID": 280005278}}, {"type": "Feature", "id": 46356699, "geometry": {"type": "Polygon", "coordinates": [[[2545849.713, 1184112.094], [2545849.273, 1184113.554], [2545850.223, 1184113.844], [2545849.613, 1184115.844], [2545848.663, 1184115.554], [2545847.813, 1184118.364], [2545844.943, 1184117.584], [2545844.663, 1184118.614], [2545839.943, 1184117.324], [2545840.473, 1184115.394], [2545837.783, 1184114.654], [2545840.223, 1184105.944], [2545847.903, 1184108.014], [2545846.993, 1184111.364], [2545849.713, 1184112.094]]]}, "properties": {"OBJECTID": 46356699, "EGID": 846475}}, {"type": "Feature", "id": 46356957, "geometry": {"type": "Polygon", "coordinates": [[[2547447.49, 1183363.256], [2547447.9520685365, 1183363.0096909883], [2547448.4483800204, 1183362.8428066806], [2547448.9653926194, 1183362.7599005064], [2547449.488999672, 1183362.7632345564], [2547450.004914587, 1183362.8527178608], [2547450.499060653, 1183363.025908873], [2547450.957955121, 1183363.2780820846], [2547451.369077079, 1183363.6023569633], [2547451.721209086, 1183363.989885686], [2547452.0047432394, 1183364.4300945518], [2547452.2119433237, 1183364.9109724846], [2547452.337155896, 1183365.4193987555], [2547452.376964538, 1183365.9415009806], [2547452.3302830723, 1183366.4630336277], [2547452.198385201, 1183366.9697667065], [2547451.9848697507, 1183367.4478740308], [2547451.695562478, 1183367.8843104679], [2547451.3383571184, 1183368.2671678723], [2547450.923, 1183368.586], [2547450.434164762, 1183368.8434434438], [2547449.9080555313, 1183369.0121031408], [2547449.3606534433, 1183369.0868558704], [2547448.8085864284, 1183369.0654309378], [2547448.2686241195, 1183368.948479148], [2547447.7571684546, 1183368.7395530387], [2547447.289755452, 1183368.444998966], [2547446.880583288, 1183368.0737643281], [2547446.542081008, 1183367.6371257782], [2547446.284530986, 1183367.1483466846], [2547446.115756581, 1183366.6222742402], [2547446.0408844985, 1183366.0748884643], [2547446.0621890593, 1183365.5228167914], [2547446.1790231136, 1183364.982828995], [2547446.3878377015, 1183364.4713277884], [2547446.682289853, 1183364.0038505732], [2547447.0534352674, 1183363.5945974754], [2547447.49, 1183363.256]]]}, "properties": {"OBJECTID": 46356957, "EGID": 280132707}}, {"type": "Feature", "id": 46356967, "geometry": {"type": "Polygon", "coordinates": [[[2547138.955, 1183603.516], [2547139.345, 1183604.236], [2547143.055, 1183602.506], [2547147.175, 1183611.415], [2547143.385, 1183613.136], [2547143.045, 1183612.536], [2547136.035, 1183615.816], [2547131.885, 1183606.596], [2547138.955, 1183603.516]]]}, "properties": {"OBJECTID": 46356967, "EGID": 846633}}, {"type": "Feature", "id": 46357035, "geometry": {"type": "Polygon", "coordinates": [[[2547882.032, 1183053.678], [2547892.461, 1183041.428], [2547896.241, 1183044.708], [2547893.612, 1183047.868], [2547895.682, 1183049.638], [2547888.752, 1183057.778], [2547885.942, 1183055.288], [2547885.102, 1183056.2280000001], [2547882.032, 1183053.678]]]}, "properties": {"OBJECTID": 46357035, "EGID": 846901}}, {"type": "Feature", "id": 46357080, "geometry": {"type": "Polygon", "coordinates": [[[2547147.288, 1183445.5219999999], [2547144.435, 1183447.367], [2547139.365, 1183450.6469999999], [2547131.295, 1183438.047], [2547152.275, 1183424.476], [2547153.9, 1183426.992], [2547159.508, 1183423.369], [2547165.955, 1183433.483], [2547160.395, 1183437.046], [2547147.288, 1183445.5219999999]]]}, "properties": {"OBJECTID": 46357080, "EGID": 280004026}}, {"type": "Feature", "id": 46357240, "geometry": {"type": "Polygon", "coordinates": [[[2544187.227, 1183658.793], [2544182.938, 1183666.7820000001], [2544180.12, 1183665.307], [2544184.392, 1183657.189], [2544187.227, 1183658.793]]]}, "properties": {"OBJECTID": 46357240, "EGID": 842242}}, {"type": "Feature", "id": 46357270, "geometry": {"type": "Polygon", "coordinates": [[[2547470.69, 1183358.29], [2547470.9737872984, 1183358.7442534661], [2547471.1771492315, 1183359.2397586291], [2547471.2942943648, 1183359.7624042646], [2547471.3218865846, 1183360.2973062294], [2547471.259140108, 1183360.8292313388], [2547471.1078418563, 1183361.3430311845], [2547470.8723005727, 1183361.8240735384], [2547470.5592241096, 1183362.258659054], [2547470.1775284023, 1183362.6344114055], [2547469.7380835577, 1183362.940629744], [2547469.253404288, 1183363.1685934428], [2547468.7372935126, 1183363.3118104464], [2547468.2044492722, 1183363.3662021554], [2547467.6700461507, 1183363.330219577], [2547467.1493031257, 1183363.2048874407], [2547466.6570501574, 1183362.9937750117], [2547466.2073058523, 1183362.7028944478], [2547465.812878236, 1183362.3405295792], [2547465.485, 1183361.917], [2547465.230827539, 1183361.4392155383], [2547465.0615208927, 1183360.925195217], [2547464.9820024827, 1183360.3898836684], [2547464.9945842293, 1183359.8488445468], [2547465.0989003307, 1183359.3178080297], [2547465.2919178987, 1183358.8122134788], [2547465.5680251387, 1183358.3467605559], [2547465.9191945055, 1183357.9349818444], [2547466.3352160975, 1183357.5888494037], [2547466.8039944973, 1183357.3184266917], [2547467.3119004373, 1183357.1315759819], [2547467.8441670537, 1183357.0337297737], [2547468.3853192213, 1183357.027732849], [2547468.9196234755, 1183357.1137595621], [2547469.4315454485, 1183357.289308772], [2547469.906201515, 1183357.5492765587], [2547470.329791519, 1183357.8861046154], [2547470.69, 1183358.29]]]}, "properties": {"OBJECTID": 46357270, "EGID": 280132916}}, {"type": "Feature", "id": 46357392, "geometry": {"type": "Polygon", "coordinates": [[[2547697.234, 1182961.6030000001], [2547703.334, 1182954.3429999999], [2547705.2939999998, 1182952.0929999999], [2547710.634, 1182956.713], [2547701.464, 1182967.263], [2547698.144, 1182964.363], [2547699.114, 1182963.243], [2547697.234, 1182961.6030000001]]]}, "properties": {"OBJECTID": 46357392, "EGID": 3164749}}, {"type": "Feature", "id": 46357757, "geometry": {"type": "Polygon", "coordinates": [[[2546781.621, 1184111.092], [2546783.231, 1184112.931], [2546783.541, 1184112.611], [2546785.541, 1184114.901], [2546779.121, 1184120.2719999999], [2546775.381, 1184116.432], [2546781.621, 1184111.092]]]}, "properties": {"OBJECTID": 46357757, "EGID": 280022915}}, {"type": "Feature", "id": 46357846, "geometry": {"type": "Polygon", "coordinates": [[[2547927.5, 1182975.787], [2547924.35, 1182979.347], [2547919.83, 1182975.487], [2547922.82, 1182971.8969999999], [2547927.5, 1182975.787]]]}, "properties": {"OBJECTID": 46357846, "EGID": 280033003}}, {"type": "Feature", "id": 46358125, "geometry": {"type": "Polygon", "coordinates": [[[2548647.871, 1180729.916], [2548650.201, 1180738.506], [2548642.281, 1180740.736], [2548640.121, 1180731.966], [2548647.871, 1180729.916]]]}, "properties": {"OBJECTID": 46358125, "EGID": 841965}}, {"type": "Feature", "id": 46358195, "geometry": {"type": "Polygon", "coordinates": [[[2546231.078, 1183947.686], [2546235.138, 1183952.226], [2546233.008, 1183954.196], [2546228.858, 1183949.656], [2546231.078, 1183947.686]]]}, "properties": {"OBJECTID": 46358195, "EGID": 280044296}}, {"type": "Feature", "id": 46358217, "geometry": {"type": "Polygon", "coordinates": [[[2546674.981, 1183410.268], [2546685.851, 1183411.528], [2546686.141, 1183408.958], [2546693.631, 1183409.827], [2546693.071, 1183414.697], [2546689.551, 1183414.318], [2546688.971, 1183419.448], [2546674.141, 1183417.748], [2546674.981, 1183410.268]]]}, "properties": {"OBJECTID": 46358217, "EGID": 101111850}}, {"type": "Feature", "id": 46358230, "geometry": {"type": "Polygon", "coordinates": [[[2546026.391, 1184051.35], [2546030.911, 1184058.4], [2546023.841, 1184062.88], [2546019.301, 1184055.84], [2546026.391, 1184051.35]]]}, "properties": {"OBJECTID": 46358230, "EGID": 846500}}, {"type": "Feature", "id": 46358244, "geometry": {"type": "Polygon", "coordinates": [[[2547413.481, 1183198.281], [2547412.991, 1183197.761], [2547417.261, 1183193.471], [2547423.8109999998, 1183199.851], [2547423.211, 1183200.451], [2547424.851, 1183202.201], [2547421.261, 1183205.901], [2547419.421, 1183204.131], [2547416.031, 1183207.561], [2547410.141, 1183201.711], [2547413.481, 1183198.281]]]}, "properties": {"OBJECTID": 46358244, "EGID": 846756}}, {"type": "Feature", "id": 46358258, "geometry": {"type": "Polygon", "coordinates": [[[2545801.403, 1184070.686], [2545795.663, 1184077.716], [2545787.343, 1184070.846], [2545793.273, 1184063.926], [2545801.403, 1184070.686]]]}, "properties": {"OBJECTID": 46358258, "EGID": 846481}}, {"type": "Feature", "id": 46358369, "geometry": {"type": "Polygon", "coordinates": [[[2549399.67, 1180954.3530000001], [2549403.89, 1180951.523], [2549408.67, 1180958.3530000001], [2549402.62, 1180962.543], [2549401.18, 1180960.833], [2549398.46, 1180962.753], [2549394.97, 1180957.703], [2549399.67, 1180954.3530000001]]]}, "properties": {"OBJECTID": 46358369, "EGID": 3105550}}, {"type": "Feature", "id": 46358547, "geometry": {"type": "Polygon", "coordinates": [[[2545178.337, 1181226.544], [2545180.247, 1181220.294], [2545186.917, 1181222.454], [2545186.997, 1181222.254], [2545190.197, 1181223.244], [2545190.507, 1181223.334], [2545188.407, 1181230.024], [2545185.647, 1181228.914], [2545182.057, 1181227.774], [2545178.337, 1181226.544]]]}, "properties": {"OBJECTID": 46358547, "EGID": 280016710}}, {"type": "Feature", "id": 46358623, "geometry": {"type": "Polygon", "coordinates": [[[2547689.974, 1182959.273], [2547687.034, 1182962.673], [2547683.704, 1182959.794], [2547684.674, 1182958.674], [2547682.714, 1182956.974], [2547688.824, 1182949.703], [2547690.7939999998, 1182947.443], [2547696.084, 1182952.033], [2547689.974, 1182959.273]]]}, "properties": {"OBJECTID": 46358623, "EGID": 3164751}}, {"type": "Feature", "id": 46358760, "geometry": {"type": "Polygon", "coordinates": [[[2546058.171, 1183988.86], [2546060.661, 1183991.41], [2546052.631, 1183999.73], [2546050.201, 1183997.35], [2546058.171, 1183988.86]]]}, "properties": {"OBJECTID": 46358760, "EGID": 280024714}}, {"type": "Feature", "id": 46358802, "geometry": {"type": "Polygon", "coordinates": [[[2548465.2060000002, 1180234.995], [2548459.727, 1180243.335], [2548460.027, 1180243.555], [2548457.277, 1180247.405], [2548439.467, 1180232.995], [2548446.576, 1180222.576], [2548446.156, 1180222.296], [2548446.516, 1180221.736], [2548447.1859999998, 1180222.196], [2548447.946, 1180221.196], [2548465.2060000002, 1180234.995]]]}, "properties": {"OBJECTID": 46358802, "EGID": 3164212}}, {"type": "Feature", "id": 46359114, "geometry": {"type": "Polygon", "coordinates": [[[2547569.447, 1182849.83], [2547573.514, 1182845.632], [2547577.937, 1182849.932], [2547573.84, 1182854.146], [2547569.447, 1182849.83]]]}, "properties": {"OBJECTID": 46359114, "EGID": 280028194}}, {"type": "Feature", "id": 46359180, "geometry": {"type": "Polygon", "coordinates": [[[2546896.888, 1182995.895], [2546900.408, 1182991.695], [2546896.198, 1182988.025], [2546898.858, 1182984.915], [2546900.848, 1182984.595], [2546901.808, 1182985.435], [2546902.408, 1182984.735], [2546910.298, 1182991.655], [2546908.368, 1182993.925], [2546908.518, 1182996.025], [2546906.408, 1182996.215], [2546902.518, 1183000.735], [2546896.888, 1182995.895]]]}, "properties": {"OBJECTID": 46359180, "EGID": 846704}}, {"type": "Feature", "id": 46359240, "geometry": {"type": "Polygon", "coordinates": [[[2545254.866, 1181236.583], [2545245.366, 1181231.833], [2545250.2060000002, 1181222.373], [2545259.6859999998, 1181227.132], [2545254.866, 1181236.583]]]}, "properties": {"OBJECTID": 46359240, "EGID": 3164702}}, {"type": "Feature", "id": 46359322, "geometry": {"type": "Polygon", "coordinates": [[[2545897.002, 1184046.723], [2545894.062, 1184050.063], [2545892.192, 1184048.314], [2545889.042, 1184051.874], [2545883.102, 1184046.384], [2545889.122, 1184039.894], [2545897.002, 1184046.723]]]}, "properties": {"OBJECTID": 46359322, "EGID": 846489}}, {"type": "Feature", "id": 46359349, "geometry": {"type": "Polygon", "coordinates": [[[2545700.479, 1180835.338], [2545693.987, 1180819.967], [2545696.527, 1180818.93], [2545700.862, 1180829.17], [2545701.215, 1180829.0320000001], [2545703.3310000002, 1180834.162], [2545700.479, 1180835.338]]]}, "properties": {"OBJECTID": 46359349, "EGID": 280023259}}, {"type": "Feature", "id": 46359459, "geometry": {"type": "Polygon", "coordinates": [[[2547064.196, 1183382.809], [2547067.076, 1183386.389], [2547057.426, 1183391.609], [2547055.226, 1183387.309], [2547061.1859999998, 1183384.209], [2547061.226, 1183384.349], [2547064.196, 1183382.809]]]}, "properties": {"OBJECTID": 46359459, "EGID": 846744}}, {"type": "Feature", "id": 46359753, "geometry": {"type": "Polygon", "coordinates": [[[2547587.289, 1183262.597], [2547587.999, 1183262.267], [2547597.129, 1183280.266], [2547582.809, 1183287.547], [2547573.699, 1183269.477], [2547579.649, 1183266.547], [2547587.289, 1183262.597]]]}, "properties": {"OBJECTID": 46359753, "EGID": 9031393}}, {"type": "Feature", "id": 46359767, "geometry": {"type": "Polygon", "coordinates": [[[2546884.879, 1183409.673], [2546879.849, 1183416.053], [2546876.719, 1183413.733], [2546881.979, 1183407.203], [2546884.159, 1183404.553], [2546884.879, 1183409.673]]]}, "properties": {"OBJECTID": 46359767, "EGID": 280026655}}, {"type": "Feature", "id": 46359914, "geometry": {"type": "Polygon", "coordinates": [[[2547529.529, 1183125.588], [2547540.478, 1183114.518], [2547549.938, 1183123.878], [2547537.569, 1183136.358], [2547536.139, 1183134.938], [2547523.999, 1183147.238], [2547514.529, 1183137.889], [2547518.549, 1183133.829], [2547526.889, 1183125.398], [2547528.319, 1183126.808], [2547529.529, 1183125.588]]]}, "properties": {"OBJECTID": 46359914, "EGID": 846854}}, {"type": "Feature", "id": 46360237, "geometry": {"type": "Polygon", "coordinates": [[[2545416.153, 1180953.876], [2545410.06, 1180939.19], [2545415.155, 1180936.526], [2545415.149, 1180937.023], [2545417.521, 1180936.558], [2545423.428, 1180950.809], [2545416.153, 1180953.876]]]}, "properties": {"OBJECTID": 46360237, "EGID": 280010997}}, {"type": "Feature", "id": 46360360, "geometry": {"type": "Polygon", "coordinates": [[[2548362.042, 1181847.287], [2548362.0882452, 1181846.7584149472], [2548362.2255756627, 1181846.2458906837], [2548362.449818671, 1181845.765], [2548362.7541607153, 1181845.3303545162], [2548363.129354516, 1181844.9551607152], [2548363.5640000002, 1181844.6508186709], [2548364.044890684, 1181844.4265756623], [2548364.557414947, 1181844.2892451999], [2548365.086, 1181844.243], [2548365.614585053, 1181844.2892451999], [2548366.127109316, 1181844.4265756623], [2548366.608, 1181844.6508186709], [2548367.042645484, 1181844.9551607152], [2548367.417839285, 1181845.3303545162], [2548367.722181329, 1181845.7650000001], [2548367.9464243376, 1181846.2458906837], [2548368.0837548003, 1181846.7584149472], [2548368.13, 1181847.287], [2548368.083532662, 1181847.8154957383], [2548367.9460542584, 1181848.3279083136], [2548367.7217368474, 1181848.808687533], [2548367.4173877933, 1181849.243243182], [2548367.042243182, 1181849.6183877934], [2548366.607687533, 1181849.9227368473], [2548366.1269083135, 1181850.1470542585], [2548365.6144957384, 1181850.2845326625], [2548365.086, 1181850.331], [2548364.557504262, 1181850.2845326622], [2548364.0450916863, 1181850.1470542585], [2548363.564312467, 1181849.9227368475], [2548363.1297568176, 1181849.6183877937], [2548362.7546122065, 1181849.2432431823], [2548362.4502631524, 1181848.8086875333], [2548362.2259457414, 1181848.3279083136], [2548362.088467337, 1181847.8154957383], [2548362.042, 1181847.287]]]}, "properties": {"OBJECTID": 46360360, "EGID": 280133019}}, {"type": "Feature", "id": 46360542, "geometry": {"type": "Polygon", "coordinates": [[[2546848.797, 1182927.9070000001], [2546841.037, 1182935.847], [2546838.667, 1182933.497], [2546836.937, 1182933.447], [2546834.517, 1182931.067], [2546834.497, 1182929.367], [2546836.877, 1182926.917], [2546838.557, 1182926.887], [2546843.067, 1182922.317], [2546848.797, 1182927.9070000001]]]}, "properties": {"OBJECTID": 46360542, "EGID": 3164726}}, {"type": "Feature", "id": 46360572, "geometry": {"type": "Polygon", "coordinates": [[[2549209.954, 1181041.965], [2549218.933, 1181032.835], [2549215.943, 1181029.845], [2549220.223, 1181025.575], [2549227.213, 1181032.465], [2549235.053, 1181039.764], [2549235.793, 1181039.054], [2549235.943, 1181039.194], [2549223.583, 1181051.984], [2549215.974, 1181044.265], [2549206.334, 1181054.015], [2549200.244, 1181048.315], [2549208.184, 1181040.225], [2549209.954, 1181041.965]]]}, "properties": {"OBJECTID": 46360572, "EGID": 841962}}, {"type": "Feature", "id": 46360720, "geometry": {"type": "Polygon", "coordinates": [[[2545993.471, 1183955.362], [2545989.041, 1183960.582], [2545983.701, 1183956.072], [2545988.201, 1183950.872], [2545993.471, 1183955.362]]]}, "properties": {"OBJECTID": 46360720, "EGID": 846527}}, {"type": "Feature", "id": 46361031, "geometry": {"type": "Polygon", "coordinates": [[[2545864.286, 1184070.325], [2545861.757, 1184068.459], [2545862.982, 1184066.785], [2545865.518, 1184068.655], [2545864.286, 1184070.325]]]}, "properties": {"OBJECTID": 46361031, "EGID": 280110990}}, {"type": "Feature", "id": 46361054, "geometry": {"type": "Polygon", "coordinates": [[[2545168.907, 1181167.075], [2545166.387, 1181175.155], [2545156.267, 1181172.035], [2545158.847, 1181163.895], [2545168.907, 1181167.075]]]}, "properties": {"OBJECTID": 46361054, "EGID": 846973}}, {"type": "Feature", "id": 46361077, "geometry": {"type": "Polygon", "coordinates": [[[2545826.595, 1181702.972], [2545835.535, 1181694.43], [2545836.869, 1181695.827], [2545838.317, 1181694.445], [2545842.638, 1181698.922], [2545839.486, 1181701.992], [2545838.086, 1181700.569], [2545830.839, 1181707.445], [2545826.595, 1181702.972]]]}, "properties": {"OBJECTID": 46361077, "EGID": 280082454}}, {"type": "Feature", "id": 46361291, "geometry": {"type": "Polygon", "coordinates": [[[2544028.226, 1181411.059], [2544028.196, 1181411.369], [2544023.146, 1181408.429], [2544026.266, 1181402.579], [2544027.606, 1181403.389], [2544029.726, 1181399.569], [2544030.796, 1181400.189], [2544031.106, 1181399.689], [2544033.846, 1181401.109], [2544033.636, 1181401.729], [2544040.216, 1181405.409], [2544034.796, 1181414.869], [2544028.226, 1181411.059]]]}, "properties": {"OBJECTID": 46361291, "EGID": 280009847}}, {"type": "Feature", "id": 46361316, "geometry": {"type": "Polygon", "coordinates": [[[2548561.195, 1181755.684], [2548558.177, 1181751.796], [2548569.097, 1181741.996], [2548576.497, 1181751.386], [2548583.576, 1181745.806], [2548586.316, 1181749.525], [2548589.396, 1181747.205], [2548594.296, 1181743.515], [2548599.176, 1181749.825], [2548591.2060000002, 1181755.975], [2548589.306, 1181753.575], [2548570.887, 1181768.166], [2548561.195, 1181755.684]]]}, "properties": {"OBJECTID": 46361316, "EGID": 843403}}, {"type": "Feature", "id": 46361378, "geometry": {"type": "Polygon", "coordinates": [[[2548000.03, 1183112.645], [2547995.53, 1183108.965], [2547999.24, 1183104.395], [2548003.64, 1183107.995], [2548000.03, 1183112.645]]]}, "properties": {"OBJECTID": 46361378, "EGID": 280029533}}, {"type": "Feature", "id": 46361475, "geometry": {"type": "Polygon", "coordinates": [[[2546681.375, 1183440.234], [2546684.752, 1183432.963], [2546695.634, 1183438.03], [2546692.254, 1183445.295], [2546681.375, 1183440.234]]]}, "properties": {"OBJECTID": 46361475, "EGID": 190028597}}, {"type": "Feature", "id": 46361585, "geometry": {"type": "Polygon", "coordinates": [[[2546726.911, 1183568.116], [2546720.861, 1183569.536], [2546718.001, 1183557.496], [2546724.0609999998, 1183556.086], [2546726.911, 1183568.116]]]}, "properties": {"OBJECTID": 46361585, "EGID": 3164712}}, {"type": "Feature", "id": 46361967, "geometry": {"type": "Polygon", "coordinates": [[[2547249.449, 1183031.438], [2547251.922, 1183033.871], [2547248.572, 1183037.2820000001], [2547243.841, 1183042.099], [2547236.789, 1183035.155], [2547238.99, 1183032.917], [2547239.178, 1183030.73], [2547240.482, 1183029.405], [2547242.664, 1183029.182], [2547244.873, 1183026.937], [2547249.449, 1183031.438]]]}, "properties": {"OBJECTID": 46361967, "EGID": 280057785}}, {"type": "Feature", "id": 46361989, "geometry": {"type": "Polygon", "coordinates": [[[2545887.092, 1183967.594], [2545883.342, 1183971.774], [2545874.682, 1183963.785], [2545878.462, 1183959.725], [2545887.092, 1183967.594]]]}, "properties": {"OBJECTID": 46361989, "EGID": 846511}}, {"type": "Feature", "id": 46362143, "geometry": {"type": "Polygon", "coordinates": [[[2546339.778, 1183630.871], [2546340.775, 1183633.729], [2546341.165, 1183634.849], [2546336.237, 1183636.577], [2546327.923, 1183639.492], [2546323.87, 1183627.88], [2546337.124, 1183623.256], [2546339.778, 1183630.871]]]}, "properties": {"OBJECTID": 46362143, "EGID": 280130347}}, {"type": "Feature", "id": 46362173, "geometry": {"type": "Polygon", "coordinates": [[[2546600.183, 1183785.458], [2546600.863, 1183794.328], [2546596.563, 1183794.668], [2546595.853, 1183785.758], [2546600.183, 1183785.458]]]}, "properties": {"OBJECTID": 46362173, "EGID": 280026000}}, {"type": "Feature", "id": 46362378, "geometry": {"type": "Polygon", "coordinates": [[[2547398.681, 1183271.541], [2547401.801, 1183279.181], [2547396.071, 1183281.481], [2547392.861, 1183273.871], [2547398.681, 1183271.541]]]}, "properties": {"OBJECTID": 46362378, "EGID": 280021230}}, {"type": "Feature", "id": 46362380, "geometry": {"type": "Polygon", "coordinates": [[[2547013.056, 1183166.171], [2547025.926, 1183159.141], [2547032.966, 1183170.971], [2547034.076, 1183170.311], [2547034.966, 1183171.821], [2547033.926, 1183172.421], [2547039.946, 1183182.46], [2547027.256, 1183190.051], [2547023.486, 1183183.721], [2547022.6859999998, 1183183.371], [2547021.986, 1183182.171], [2547022.116, 1183181.181], [2547013.056, 1183166.171]]]}, "properties": {"OBJECTID": 46362380, "EGID": 846779}}, {"type": "Feature", "id": 46362628, "geometry": {"type": "Polygon", "coordinates": [[[2547293.608, 1183023.245], [2547291.872, 1183025.015], [2547284.172, 1183032.875], [2547278.462, 1183027.265], [2547286.162, 1183019.415], [2547288.874, 1183022.075], [2547290.61, 1183020.305], [2547293.608, 1183023.245]]]}, "properties": {"OBJECTID": 46362628, "EGID": 280013942}}, {"type": "Feature", "id": 46362661, "geometry": {"type": "Polygon", "coordinates": [[[2548515.559, 1181847.9780000001], [2548520.129, 1181846.058], [2548521.4390000002, 1181849.148], [2548516.859, 1181851.078], [2548515.559, 1181847.9780000001]]]}, "properties": {"OBJECTID": 46362661, "EGID": 280046924}}, {"type": "Feature", "id": 46362662, "geometry": {"type": "Polygon", "coordinates": [[[2547612.058, 1183239.236], [2547626.068, 1183266.376], [2547608.308, 1183275.466], [2547594.319, 1183248.497], [2547580.363, 1183221.504], [2547598.196, 1183212.308], [2547612.058, 1183239.236]]]}, "properties": {"OBJECTID": 46362662, "EGID": 190097759}}, {"type": "Feature", "id": 46362739, "geometry": {"type": "Polygon", "coordinates": [[[2549440.661, 1180875.854], [2549443.281, 1180880.194], [2549440.701, 1180881.784], [2549438.101, 1180877.394], [2549440.661, 1180875.854]]]}, "properties": {"OBJECTID": 46362739, "EGID": 280048712}}, {"type": "Feature", "id": 46362747, "geometry": {"type": "Polygon", "coordinates": [[[2547978.651, 1183179.536], [2547973.152, 1183189.916], [2547964.282, 1183185.206], [2547969.941, 1183174.876], [2547978.651, 1183179.536]]]}, "properties": {"OBJECTID": 46362747, "EGID": 846892}}, {"type": "Feature", "id": 46362804, "geometry": {"type": "Polygon", "coordinates": [[[2548420.017, 1180199.587], [2548421.617, 1180196.817], [2548427.427, 1180200.167], [2548425.827, 1180202.9070000001], [2548420.017, 1180199.587]]]}, "properties": {"OBJECTID": 46362804, "EGID": 280038064}}, {"type": "Feature", "id": 46363079, "geometry": {"type": "Polygon", "coordinates": [[[2547038.697, 1183621.668], [2547038.507, 1183621.738], [2547036.207, 1183616.588], [2547036.627, 1183616.398], [2547036.817, 1183616.318], [2547035.377, 1183613.248], [2547037.887, 1183612.078], [2547041.597, 1183620.398], [2547038.697, 1183621.668]]]}, "properties": {"OBJECTID": 46363079, "EGID": 280032786}}, {"type": "Feature", "id": 46363319, "geometry": {"type": "Polygon", "coordinates": [[[2545949.681, 1183943.373], [2545955.041, 1183947.903], [2545949.001, 1183954.953], [2545943.8310000002, 1183950.423], [2545949.681, 1183943.373]]]}, "properties": {"OBJECTID": 46363319, "EGID": 846518}}, {"type": "Feature", "id": 46363342, "geometry": {"type": "Polygon", "coordinates": [[[2546950.1890000002, 1180763.838], [2546945.779, 1180766.568], [2546943.309, 1180762.428], [2546947.649, 1180759.688], [2546950.1890000002, 1180763.838]]]}, "properties": {"OBJECTID": 46363342, "EGID": 280070696}}, {"type": "Feature", "id": 46363535, "geometry": {"type": "Polygon", "coordinates": [[[2546047.179, 1184038.56], [2546049.946, 1184036.744], [2546053.999, 1184042.88], [2546051.1890000002, 1184044.671], [2546048.007, 1184039.822], [2546047.179, 1184038.56]]]}, "properties": {"OBJECTID": 46363535, "EGID": 280070470}}, {"type": "Feature", "id": 46363598, "geometry": {"type": "Polygon", "coordinates": [[[2545834.704, 1184046.249], [2545837.407, 1184048.615], [2545836.353, 1184049.82], [2545833.65, 1184047.454], [2545834.704, 1184046.249]]]}, "properties": {"OBJECTID": 46363598, "EGID": 280114111}}, {"type": "Feature", "id": 46363910, "geometry": {"type": "Polygon", "coordinates": [[[2546831.867, 1182945.217], [2546824.108, 1182953.107], [2546818.368, 1182947.467], [2546826.117, 1182939.577], [2546831.867, 1182945.217]]]}, "properties": {"OBJECTID": 46363910, "EGID": 3164727}}, {"type": "Feature", "id": 46363933, "geometry": {"type": "Polygon", "coordinates": [[[2546712.442, 1182242.386], [2546721.652, 1182249.376], [2546720.312, 1182251.316], [2546718.082, 1182250.326], [2546715.452, 1182254.156], [2546712.312, 1182252.006], [2546712.022, 1182252.526], [2546707.572, 1182249.286], [2546712.442, 1182242.386]]]}, "properties": {"OBJECTID": 46363933, "EGID": 846959}}, {"type": "Feature", "id": 46364090, "geometry": {"type": "Polygon", "coordinates": [[[2547347.299, 1183172.367], [2547335.391, 1183160.631], [2547341.018, 1183154.915], [2547341.729, 1183155.616], [2547352.929, 1183166.644], [2547347.299, 1183172.367]]]}, "properties": {"OBJECTID": 46364090, "EGID": 280104087}}, {"type": "Feature", "id": 46364460, "geometry": {"type": "Polygon", "coordinates": [[[2545994.663, 1183978.207], [2545996.315, 1183976.263], [2545998.64, 1183978.24], [2545996.987, 1183980.183], [2545994.663, 1183978.207]]]}, "properties": {"OBJECTID": 46364460, "EGID": 280110174}}, {"type": "Feature", "id": 46364666, "geometry": {"type": "Polygon", "coordinates": [[[2546726.861, 1183619.336], [2546726.401, 1183617.396], [2546731.711, 1183616.185], [2546732.171, 1183618.115], [2546726.861, 1183619.336]]]}, "properties": {"OBJECTID": 46364666, "EGID": 280052206}}, {"type": "Feature", "id": 46364752, "geometry": {"type": "Polygon", "coordinates": [[[2546745.599, 1183101.7179999999], [2546744.479, 1183100.748], [2546758.559, 1183084.328], [2546759.712, 1183085.312], [2546757.5, 1183087.828], [2546761.547, 1183091.385], [2546763.579, 1183089.073], [2546763.815, 1183089.28], [2546764.039, 1183089.008], [2546764.489, 1183089.388], [2546764.269, 1183089.628], [2546765.979, 1183091.038], [2546766.429, 1183092.258], [2546768.769, 1183094.198], [2546768.9390000002, 1183093.948], [2546770.349, 1183094.318], [2546772.319, 1183096.077], [2546772.219, 1183096.247], [2546773.879, 1183097.707], [2546774.299, 1183098.997], [2546776.639, 1183100.917], [2546776.859, 1183100.617], [2546777.959, 1183100.867], [2546780.219, 1183102.827], [2546774.879, 1183109.117], [2546772.729, 1183109.367], [2546771.459, 1183110.947], [2546771.629, 1183112.607], [2546774.849, 1183115.287], [2546776.269, 1183115.107], [2546777.629, 1183113.467], [2546777.539, 1183111.347], [2546782.909, 1183105.007], [2546783.1890000002, 1183105.287], [2546782.949, 1183105.527], [2546784.879, 1183107.117], [2546785.179, 1183108.337], [2546787.469, 1183110.207], [2546787.709, 1183109.937], [2546788.849, 1183110.237], [2546791.079, 1183112.107], [2546785.719, 1183118.357], [2546783.459, 1183118.167], [2546782.249, 1183119.587], [2546780.099, 1183119.247], [2546778.6689999998, 1183117.967], [2546776.739, 1183120.177], [2546772.799, 1183116.867], [2546769.999, 1183120.187], [2546767.909, 1183119.807], [2546758.029, 1183111.458], [2546757.249, 1183109.328], [2546758.999, 1183107.278], [2546756.759, 1183105.348], [2546756.179, 1183105.9780000001], [2546754.209, 1183106.668], [2546752.679, 1183105.258], [2546751.359, 1183105.828], [2546750.699, 1183106.108], [2546745.599, 1183101.7179999999]]]}, "properties": {"OBJECTID": 46364752, "EGID": 280001997}}, {"type": "Feature", "id": 46364955, "geometry": {"type": "Polygon", "coordinates": [[[2545257.626, 1181178.823], [2545253.886, 1181177.173], [2545256.056, 1181171.543], [2545260.046, 1181173.313], [2545257.626, 1181178.823]]]}, "properties": {"OBJECTID": 46364955, "EGID": 280035078}}, {"type": "Feature", "id": 46364972, "geometry": {"type": "Polygon", "coordinates": [[[2547549.709, 1183186.078], [2547553.959, 1183184.608], [2547554.539, 1183186.008], [2547561.409, 1183183.7179999999], [2547564.279, 1183192.217], [2547564.175, 1183192.252], [2547564.769, 1183193.993], [2547561.58, 1183195.084], [2547560.982, 1183193.333], [2547555.349, 1183195.238], [2547554.149, 1183191.9780000001], [2547554.229, 1183190.808], [2547551.359, 1183191.068], [2547549.709, 1183186.078]]]}, "properties": {"OBJECTID": 46364972, "EGID": 846814}}, {"type": "Feature", "id": 46365093, "geometry": {"type": "Polygon", "coordinates": [[[2548669.243, 1181530.383], [2548669.973, 1181530.273], [2548675.173, 1181529.523], [2548676.023, 1181535.403], [2548670.093, 1181536.273], [2548669.553, 1181532.513], [2548669.243, 1181530.383]]]}, "properties": {"OBJECTID": 46365093, "EGID": 280029201}}, {"type": "Feature", "id": 46365133, "geometry": {"type": "Polygon", "coordinates": [[[2546728.973, 1182944.254], [2546725.421, 1182940.707], [2546728.685, 1182937.47], [2546731.522, 1182937.464], [2546734.148, 1182934.825], [2546739.98, 1182940.656], [2546732.682, 1182947.957], [2546728.973, 1182944.254]]]}, "properties": {"OBJECTID": 46365133, "EGID": 280080447}}, {"type": "Feature", "id": 46365202, "geometry": {"type": "Polygon", "coordinates": [[[2547265.975, 1183084.735], [2547265.025, 1183085.675], [2547265.021, 1183086.15], [2547262.216, 1183086.227], [2547262.174, 1183083.399], [2547262.64, 1183083.392], [2547263.95, 1183082.042], [2547265.082, 1183083.152], [2547264.731, 1183083.507], [2547265.975, 1183084.735]]]}, "properties": {"OBJECTID": 46365202, "EGID": 280072752}}, {"type": "Feature", "id": 46365396, "geometry": {"type": "Polygon", "coordinates": [[[2546648.657, 1182803.213], [2546657.357, 1182812.763], [2546654.547, 1182815.3530000001], [2546656.447, 1182817.383], [2546652.428, 1182821.003], [2546643.908, 1182811.663], [2546645.378, 1182810.3429999999], [2546643.278, 1182808.053], [2546648.657, 1182803.213]]]}, "properties": {"OBJECTID": 46365396, "EGID": 846692}}, {"type": "Feature", "id": 46365471, "geometry": {"type": "Polygon", "coordinates": [[[2545821.54, 1184030.222], [2545827.161, 1184023.766], [2545835.866, 1184031.276], [2545830.231, 1184037.828], [2545821.54, 1184030.222]]]}, "properties": {"OBJECTID": 46365471, "EGID": 280103231}}, {"type": "Feature", "id": 46365602, "geometry": {"type": "Polygon", "coordinates": [[[2546194.318, 1183758.738], [2546197.998, 1183765.088], [2546199.358, 1183764.408], [2546201.058, 1183767.307], [2546199.738, 1183768.027], [2546202.178, 1183772.187], [2546194.188, 1183776.988], [2546192.028, 1183773.4679999999], [2546195.498, 1183771.298], [2546189.668, 1183761.328], [2546194.318, 1183758.738]]]}, "properties": {"OBJECTID": 46365602, "EGID": 846604}}, {"type": "Feature", "id": 46365810, "geometry": {"type": "Polygon", "coordinates": [[[2547463.334, 1183371.88], [2547463.087381748, 1183371.4182396864], [2547462.9201302975, 1183370.9221851518], [2547462.8368078317, 1183370.4053674703], [2547462.8396871705, 1183369.8818840815], [2547462.9286897723, 1183369.3660142473], [2547463.101387879, 1183368.8718295519], [2547463.3530707355, 1183368.4128100658], [2547463.6768730907, 1183368.0014766438], [2547464.0639624596, 1183367.6490493896], [2547464.5037800535, 1183367.3651416], [2547464.984328795, 1183367.1574975392], [2547465.4925005673, 1183367.031781196], [2547466.014433769, 1183366.9914217843], [2547466.535891423, 1183367.037520204], [2547467.042649524, 1183367.1688190103], [2547467.520885031, 1183367.381736714], [2547467.957552927, 1183367.670465475], [2547468.3407420507, 1183368.0271295256], [2547468.66, 1183368.442], [2547468.896047125, 1183368.8798194297], [2547469.060696717, 1183369.3491749563], [2547469.1498944075, 1183369.8385090656], [2547469.1614437727, 1183370.3357722862], [2547469.095060419, 1183370.8287198988], [2547468.9523789845, 1183371.3052134523], [2547468.7369128885, 1183371.7535196645], [2547468.4539678153, 1183372.1625993438], [2547468.110511068, 1183372.522379222], [2547467.715, 1183372.824], [2547467.2265294297, 1183373.0818386949], [2547466.7007160294, 1183373.2509675187], [2547466.153526199, 1183373.3262508505], [2547465.6015754356, 1183373.3054027006], [2547465.0616238033, 1183373.1890561266], [2547464.5500670103, 1183372.9807440087], [2547464.0824385528, 1183372.6867917741], [2547463.6729380353, 1183372.3161253245], [2547463.334, 1183371.88]]]}, "properties": {"OBJECTID": 46365810, "EGID": 280132700}}, {"type": "Feature", "id": 46365889, "geometry": {"type": "Polygon", "coordinates": [[[2545870.657, 1184056.315], [2545865.902, 1184062.399], [2545863.635, 1184060.635], [2545864.352, 1184059.742], [2545856.398, 1184053.539], [2545857.7060000002, 1184051.87], [2545857.577, 1184051.791], [2545860.348, 1184048.258], [2545870.657, 1184056.315]]]}, "properties": {"OBJECTID": 46365889, "EGID": 846490}}, {"type": "Feature", "id": 46366224, "geometry": {"type": "Polygon", "coordinates": [[[2547153.985, 1183282.887], [2547173.774, 1183309.016], [2547158.095, 1183320.8969999999], [2547138.295, 1183294.757], [2547153.985, 1183282.887]]]}, "properties": {"OBJECTID": 46366224, "EGID": 280002016}}, {"type": "Feature", "id": 46366396, "geometry": {"type": "Polygon", "coordinates": [[[2546442.295, 1183604.292], [2546436.565, 1183612.8429999999], [2546437.295, 1183613.3429999999], [2546435.825, 1183615.573], [2546435.075, 1183615.073], [2546429.245, 1183623.733], [2546418.305, 1183616.373], [2546431.365, 1183596.953], [2546442.295, 1183604.292]]]}, "properties": {"OBJECTID": 46366396, "EGID": 846587}}, {"type": "Feature", "id": 46366460, "geometry": {"type": "Polygon", "coordinates": [[[2547386.228, 1182841.171], [2547379.958, 1182836.382], [2547381.868, 1182833.802], [2547374.898, 1182828.652], [2547374.488, 1182829.162], [2547369.398, 1182825.262], [2547372.208, 1182821.222], [2547375.868, 1182823.852], [2547376.988, 1182822.382], [2547385.458, 1182828.471], [2547386.548, 1182827.061], [2547394.228, 1182832.681], [2547386.228, 1182841.171]]]}, "properties": {"OBJECTID": 46366460, "EGID": 846938}}, {"type": "Feature", "id": 46366999, "geometry": {"type": "Polygon", "coordinates": [[[2546906.38, 1183305.528], [2546907.955, 1183307.006], [2546901.775, 1183313.573], [2546901.826, 1183314.748], [2546896.915, 1183319.988], [2546891.713, 1183315.077], [2546893.424, 1183313.24], [2546880.55, 1183301.127], [2546878.793, 1183302.963], [2546873.587, 1183298.064], [2546878.5640000002, 1183292.756], [2546879.761, 1183292.864], [2546885.906, 1183286.316], [2546906.38, 1183305.528]]]}, "properties": {"OBJECTID": 46366999, "EGID": 280058000}}, {"type": "Feature", "id": 46367178, "geometry": {"type": "Polygon", "coordinates": [[[2545119.807, 1181357.879], [2545127.552, 1181350.07], [2545141.7, 1181364.4070000001], [2545137.281, 1181368.683], [2545132.942, 1181364.214], [2545124.897, 1181372.025], [2545118.461, 1181365.575], [2545118.062, 1181365.973], [2545114.822, 1181362.714], [2545114.908, 1181362.645], [2545110.548, 1181358.135], [2545115.327, 1181353.435], [2545119.807, 1181357.879]]]}, "properties": {"OBJECTID": 46367178, "EGID": 190084440}}, {"type": "Feature", "id": 46367387, "geometry": {"type": "Polygon", "coordinates": [[[2548459.402, 1181825.877], [2548456.609, 1181821.479], [2548469.299, 1181813.189], [2548476.859, 1181824.999], [2548481.159, 1181822.249], [2548484.309, 1181827.168], [2548481.749, 1181828.799], [2548485.539, 1181834.738], [2548470.009, 1181844.669], [2548466.259, 1181838.759], [2548467.199, 1181838.159], [2548459.402, 1181825.877]]]}, "properties": {"OBJECTID": 46367387, "EGID": 843399}}, {"type": "Feature", "id": 46367517, "geometry": {"type": "Polygon", "coordinates": [[[2545394.145, 1181083.21], [2545392.105, 1181085.56], [2545391.765, 1181086.34], [2545391.165, 1181086.95], [2545390.435, 1181087.4], [2545385.805, 1181092.79], [2545377.835, 1181086.28], [2545382.585, 1181080.85], [2545383.855, 1181081.92], [2545387.565, 1181077.65], [2545394.145, 1181083.21]]]}, "properties": {"OBJECTID": 46367517, "EGID": 846964}}, {"type": "Feature", "id": 46367531, "geometry": {"type": "Polygon", "coordinates": [[[2547785.603, 1183010.441], [2547785.373, 1183010.721], [2547787.493, 1183012.761], [2547787.823, 1183012.441], [2547790.703, 1183015.101], [2547783.923, 1183022.831], [2547779.603, 1183018.991], [2547779.753, 1183018.741], [2547776.653, 1183015.971], [2547776.393, 1183016.251], [2547776.193, 1183016.051], [2547777.281, 1183014.852], [2547773.964, 1183011.8429999999], [2547778.653, 1183006.565], [2547782.024, 1183009.624], [2547783.143, 1183008.391], [2547785.603, 1183010.441]]]}, "properties": {"OBJECTID": 46367531, "EGID": 3164730}}, {"type": "Feature", "id": 46367629, "geometry": {"type": "Polygon", "coordinates": [[[2547308.243, 1183448.612], [2547310.943, 1183452.832], [2547313.213, 1183451.442], [2547316.423, 1183456.5320000001], [2547311.193, 1183459.862], [2547309.613, 1183457.472], [2547301.603, 1183462.623], [2547297.113, 1183455.573], [2547308.243, 1183448.612]]]}, "properties": {"OBJECTID": 46367629, "EGID": 846843}}, {"type": "Feature", "id": 46367662, "geometry": {"type": "Polygon", "coordinates": [[[2546724.345, 1183466.696], [2546727.042, 1183467.914], [2546725.739, 1183470.828], [2546723.033, 1183469.602], [2546724.345, 1183466.696]]]}, "properties": {"OBJECTID": 46367662, "EGID": 280009305}}, {"type": "Feature", "id": 46367821, "geometry": {"type": "Polygon", "coordinates": [[[2546641.802, 1183683.097], [2546642.852, 1183687.547], [2546635.352, 1183689.287], [2546634.282, 1183684.847], [2546641.802, 1183683.097]]]}, "properties": {"OBJECTID": 46367821, "EGID": 280028769}}, {"type": "Feature", "id": 46368829, "geometry": {"type": "Polygon", "coordinates": [[[2546753.271, 1183794.264], [2546745.8109999998, 1183796.014], [2546743.931, 1183787.594], [2546746.694, 1183786.916], [2546746.068, 1183784.365], [2546746.7060000002, 1183783.303], [2546749.395, 1183782.673], [2546750.434, 1183783.319], [2546751.028, 1183785.851], [2546751.221, 1183785.804], [2546753.211, 1183793.944], [2546753.271, 1183794.264]]]}, "properties": {"OBJECTID": 46368829, "EGID": 846609}}, {"type": "Feature", "id": 46369092, "geometry": {"type": "Polygon", "coordinates": [[[2548486.679, 1181851.788], [2548483.109, 1181843.849], [2548493.659, 1181838.778], [2548497.909, 1181847.418], [2548489.1890000002, 1181851.708], [2548488.719, 1181850.758], [2548486.679, 1181851.788]]]}, "properties": {"OBJECTID": 46369092, "EGID": 843398}}, {"type": "Feature", "id": 46369284, "geometry": {"type": "Polygon", "coordinates": [[[2546863.576, 1183692.269], [2546852.976, 1183696.769], [2546850.22, 1183690.299], [2546854.632, 1183688.415], [2546853.268, 1183685.216], [2546853.948, 1183684.926], [2546853.402, 1183683.642], [2546858.241, 1183681.588], [2546858.783, 1183682.867], [2546859.464, 1183682.58], [2546863.576, 1183692.269]]]}, "properties": {"OBJECTID": 46369284, "EGID": 280119038}}, {"type": "Feature", "id": 46369688, "geometry": {"type": "Polygon", "coordinates": [[[2548830.168, 1180197.1469999999], [2548831.858, 1180194.557], [2548835.778, 1180197.1469999999], [2548834.058, 1180199.737], [2548839.998, 1180203.677], [2548835.158, 1180210.277], [2548825.438, 1180203.777], [2548830.168, 1180197.1469999999]]]}, "properties": {"OBJECTID": 46369688, "EGID": 842044}}, {"type": "Feature", "id": 46369705, "geometry": {"type": "Polygon", "coordinates": [[[2546783.56, 1183664.474], [2546785.3, 1183670.744], [2546778.21, 1183672.734], [2546776.39, 1183666.504], [2546783.56, 1183664.474]]]}, "properties": {"OBJECTID": 46369705, "EGID": 280022169}}, {"type": "Feature", "id": 46369784, "geometry": {"type": "Polygon", "coordinates": [[[2544988.019, 1181391.668], [2544986.049, 1181394.358], [2544980.509, 1181390.268], [2544982.469, 1181387.548], [2544988.019, 1181391.668]]]}, "properties": {"OBJECTID": 46369784, "EGID": 280037438}}, {"type": "Feature", "id": 46369901, "geometry": {"type": "Polygon", "coordinates": [[[2546738.3109999998, 1183700.615], [2546740.291, 1183707.945], [2546743.021, 1183707.235], [2546743.721, 1183709.915], [2546733.711, 1183712.525], [2546733.031, 1183709.915], [2546732.541, 1183710.045], [2546730.611, 1183702.755], [2546738.3109999998, 1183700.615]]]}, "properties": {"OBJECTID": 46369901, "EGID": 846606}}, {"type": "Feature", "id": 46369928, "geometry": {"type": "Polygon", "coordinates": [[[2545913.761, 1183956.974], [2545909.031, 1183962.164], [2545900.971, 1183955.034], [2545905.711, 1183949.614], [2545913.761, 1183956.974]]]}, "properties": {"OBJECTID": 46369928, "EGID": 846521}}, {"type": "Feature", "id": 46369993, "geometry": {"type": "Polygon", "coordinates": [[[2547792.702, 1182965.171], [2547788.381, 1182970.828], [2547785.0810000002, 1182968.308], [2547789.362, 1182962.681], [2547792.702, 1182965.171]]]}, "properties": {"OBJECTID": 46369993, "EGID": 280039850}}, {"type": "Feature", "id": 46369998, "geometry": {"type": "Polygon", "coordinates": [[[2547067.717, 1181390.965], [2547070.385, 1181382.434], [2547073.381, 1181383.372], [2547074.625, 1181379.399], [2547080.086, 1181381.039], [2547081.182, 1181377.356], [2547083.976, 1181378.173], [2547080.898, 1181388.697], [2547079.606, 1181388.32], [2547077.944, 1181394.003], [2547067.717, 1181390.965]]]}, "properties": {"OBJECTID": 46369998, "EGID": 846956}}, {"type": "Feature", "id": 46370048, "geometry": {"type": "Polygon", "coordinates": [[[2548836.397, 1180266.355], [2548832.227, 1180275.695], [2548823.987, 1180272.135], [2548824.107, 1180271.925], [2548814.547, 1180267.676], [2548818.727, 1180258.586], [2548836.397, 1180266.355]]]}, "properties": {"OBJECTID": 46370048, "EGID": 280007668}}, {"type": "Feature", "id": 46370121, "geometry": {"type": "Polygon", "coordinates": [[[2545920.683, 1184125.472], [2545915.163, 1184126.572], [2545913.223, 1184116.742], [2545918.753, 1184115.642], [2545920.683, 1184125.472]]]}, "properties": {"OBJECTID": 46370121, "EGID": 3164681}}, {"type": "Feature", "id": 46370168, "geometry": {"type": "Polygon", "coordinates": [[[2546897.558, 1183484.982], [2546888.819, 1183492.182], [2546883.139, 1183485.3429999999], [2546890.249, 1183479.592], [2546890.759, 1183480.192], [2546891.709, 1183479.442], [2546896.588, 1183485.482], [2546897.438, 1183484.802], [2546897.558, 1183484.982]]]}, "properties": {"OBJECTID": 46370168, "EGID": 846674}}, {"type": "Feature", "id": 46370329, "geometry": {"type": "Polygon", "coordinates": [[[2547502.717, 1182915.988], [2547500.097, 1182913.509], [2547500.457, 1182913.139], [2547492.767, 1182905.849], [2547498.917, 1182899.419], [2547509.207, 1182909.178], [2547502.717, 1182915.988]]]}, "properties": {"OBJECTID": 46370329, "EGID": 101478017}}, {"type": "Feature", "id": 46371106, "geometry": {"type": "Polygon", "coordinates": [[[2546879.909, 1183444.0929999999], [2546867.979, 1183432.583], [2546867.769, 1183432.383], [2546869.059, 1183431.043], [2546874.6689999998, 1183425.333], [2546876.039, 1183423.8530000001], [2546879.069, 1183426.813], [2546877.599, 1183428.193], [2546885.859, 1183436.463], [2546879.529, 1183442.803], [2546880.409, 1183443.573], [2546879.909, 1183444.0929999999]]]}, "properties": {"OBJECTID": 46371106, "EGID": 846731}}, {"type": "Feature", "id": 46371113, "geometry": {"type": "Polygon", "coordinates": [[[2546621.888, 1182887.713], [2546619.268, 1182893.053], [2546613.868, 1182890.503], [2546616.498, 1182885.043], [2546621.888, 1182887.713]]]}, "properties": {"OBJECTID": 46371113, "EGID": 280029178}}, {"type": "Feature", "id": 46371282, "geometry": {"type": "Polygon", "coordinates": [[[2547642.337, 1183167.965], [2547653.887, 1183190.485], [2547640.657, 1183197.295], [2547643.897, 1183203.485], [2547636.638, 1183207.176], [2547633.478, 1183200.956], [2547618.288, 1183208.866], [2547613.218, 1183198.726], [2547630.898, 1183189.686], [2547624.377, 1183177.196], [2547642.337, 1183167.965]]]}, "properties": {"OBJECTID": 46371282, "EGID": 846836}}, {"type": "Feature", "id": 46371448, "geometry": {"type": "Polygon", "coordinates": [[[2546928.268, 1183508.261], [2546932.198, 1183513.531], [2546927.998, 1183516.891], [2546926.568, 1183515.021], [2546927.318, 1183514.371], [2546924.688, 1183511.121], [2546928.268, 1183508.261]]]}, "properties": {"OBJECTID": 46371448, "EGID": 280032001}}, {"type": "Feature", "id": 46371779, "geometry": {"type": "Polygon", "coordinates": [[[2549485.5810000002, 1180891.003], [2549486.711, 1180893.113], [2549486.551, 1180894.473], [2549484.591, 1180895.943], [2549482.381, 1180896.773], [2549481.261, 1180896.453], [2549479.411, 1180893.793], [2549485.5810000002, 1180891.003]]]}, "properties": {"OBJECTID": 46371779, "EGID": 280037672}}, {"type": "Feature", "id": 46372248, "geometry": {"type": "Polygon", "coordinates": [[[2547223.394, 1183562.904], [2547225.864, 1183568.794], [2547219.954, 1183571.304], [2547217.414, 1183565.404], [2547223.394, 1183562.904]]]}, "properties": {"OBJECTID": 46372248, "EGID": 280024483}}, {"type": "Feature", "id": 46372300, "geometry": {"type": "Polygon", "coordinates": [[[2547628.906, 1183066.355], [2547625.1859999998, 1183063.415], [2547626.266, 1183061.955], [2547618.826, 1183056.366], [2547617.216, 1183058.166], [2547613.826, 1183055.426], [2547615.286, 1183053.476], [2547613.366, 1183052.016], [2547621.716, 1183041.446], [2547626.166, 1183044.905], [2547630.666, 1183039.085], [2547630.316, 1183038.835], [2547633.596, 1183034.635], [2547638.476, 1183038.425], [2547635.576, 1183041.995], [2547643.176, 1183047.925], [2547628.906, 1183066.355]]]}, "properties": {"OBJECTID": 46372300, "EGID": 280003264}}, {"type": "Feature", "id": 46372361, "geometry": {"type": "Polygon", "coordinates": [[[2546451.335, 1183503.303], [2546449.575, 1183499.963], [2546446.755, 1183501.453], [2546445.635, 1183499.323], [2546446.075, 1183499.0929999999], [2546440.524, 1183488.663], [2546448.404, 1183484.483], [2546456.845, 1183500.383], [2546451.335, 1183503.303]]]}, "properties": {"OBJECTID": 46372361, "EGID": 190028526}}, {"type": "Feature", "id": 46372371, "geometry": {"type": "Polygon", "coordinates": [[[2547146.385, 1183506.346], [2547145.855, 1183505.466], [2547149.975, 1183502.816], [2547154.955, 1183510.566], [2547152.805, 1183511.916], [2547153.145, 1183512.436], [2547150.935, 1183513.826], [2547150.635, 1183513.346], [2547146.775, 1183515.826], [2547142.365, 1183508.946], [2547146.385, 1183506.346]]]}, "properties": {"OBJECTID": 46372371, "EGID": 846725}}, {"type": "Feature", "id": 46372372, "geometry": {"type": "Polygon", "coordinates": [[[2546626.802, 1183604.808], [2546628.012, 1183609.7280000001], [2546622.232, 1183611.128], [2546621.042, 1183606.198], [2546626.802, 1183604.808]]]}, "properties": {"OBJECTID": 46372372, "EGID": 280033130}}, {"type": "Feature", "id": 46372761, "geometry": {"type": "Polygon", "coordinates": [[[2546753.781, 1183625.365], [2546755.251, 1183631.515], [2546743.191, 1183634.335], [2546741.741, 1183628.255], [2546753.781, 1183625.365]]]}, "properties": {"OBJECTID": 46372761, "EGID": 846654}}, {"type": "Feature", "id": 46373051, "geometry": {"type": "Polygon", "coordinates": [[[2548397.142, 1181795.775], [2548402.96, 1181803.661], [2548412.62, 1181816.54], [2548402.99, 1181823.721], [2548393.37, 1181810.811], [2548392.738, 1181810.035], [2548389.423, 1181812.481], [2548386.922, 1181809.091], [2548384.163, 1181805.352], [2548397.142, 1181795.775]]]}, "properties": {"OBJECTID": 46373051, "EGID": 280007629}}, {"type": "Feature", "id": 46373077, "geometry": {"type": "Polygon", "coordinates": [[[2547398.681, 1183271.541], [2547392.861, 1183273.871], [2547391.111, 1183274.611], [2547387.731, 1183266.822], [2547393.101, 1183264.601], [2547394.281, 1183267.171], [2547398.131, 1183265.671], [2547400.261, 1183270.801], [2547398.681, 1183271.541]]]}, "properties": {"OBJECTID": 46373077, "EGID": 280016372}}, {"type": "Feature", "id": 46373147, "geometry": {"type": "Polygon", "coordinates": [[[2548504.428, 1181717.148], [2548494.228, 1181725.038], [2548488.478, 1181717.578], [2548494.981, 1181713.564], [2548500.208, 1181710.338], [2548503.748, 1181714.148], [2548502.788, 1181715.048], [2548504.428, 1181717.148]]]}, "properties": {"OBJECTID": 46373147, "EGID": 280011365}}, {"type": "Feature", "id": 46373184, "geometry": {"type": "Polygon", "coordinates": [[[2546225.656, 1180935.164], [2546215.786, 1180944.074], [2546222.056, 1180950.954], [2546215.356, 1180957.164], [2546208.996, 1180950.134], [2546215.006, 1180944.694], [2546199.787, 1180927.765], [2546210.847, 1180918.015], [2546225.656, 1180935.164]]]}, "properties": {"OBJECTID": 46373184, "EGID": 847002}}, {"type": "Feature", "id": 46373486, "geometry": {"type": "Polygon", "coordinates": [[[2546776.199, 1183239.65], [2546767.45, 1183231.416], [2546771.556, 1183227.041], [2546780.3109999998, 1183235.28], [2546776.199, 1183239.65]]]}, "properties": {"OBJECTID": 46373486, "EGID": 280094790}}, {"type": "Feature", "id": 46373504, "geometry": {"type": "Polygon", "coordinates": [[[2547473.6859999998, 1182891.966], [2547478.212, 1182886.835], [2547489.462, 1182896.758], [2547481.51, 1182905.781], [2547474.626, 1182899.699], [2547478.05, 1182895.801], [2547473.6859999998, 1182891.966]]]}, "properties": {"OBJECTID": 46373504, "EGID": 101111888}}, {"type": "Feature", "id": 46373552, "geometry": {"type": "Polygon", "coordinates": [[[2547162.7939999998, 1183223.317], [2547166.034, 1183225.457], [2547165.234, 1183227.837], [2547179.174, 1183232.6570000001], [2547178.664, 1183234.007], [2547175.5439999998, 1183242.077], [2547163.724, 1183237.757], [2547162.214, 1183237.667], [2547161.394, 1183236.767], [2547161.664, 1183235.627], [2547154.925, 1183232.307], [2547162.7939999998, 1183223.317]]]}, "properties": {"OBJECTID": 46373552, "EGID": 3164687}}, {"type": "Feature", "id": 46373623, "geometry": {"type": "Polygon", "coordinates": [[[2548449.813, 1181679.893], [2548438.469, 1181689.783], [2548428.52, 1181678.355], [2548439.872, 1181668.471], [2548449.813, 1181679.893]]]}, "properties": {"OBJECTID": 46373623, "EGID": 280006781}}, {"type": "Feature", "id": 46373867, "geometry": {"type": "Polygon", "coordinates": [[[2545795.643, 1184020.916], [2545791.403, 1184025.586], [2545785.213, 1184020.017], [2545789.543, 1184015.217], [2545795.643, 1184020.916]]]}, "properties": {"OBJECTID": 46373867, "EGID": 846486}}, {"type": "Feature", "id": 46374357, "geometry": {"type": "Polygon", "coordinates": [[[2547813.954, 1183203.521], [2547810.035, 1183209.471], [2547800.015, 1183202.621], [2547804.035, 1183196.731], [2547813.954, 1183203.521]]]}, "properties": {"OBJECTID": 46374357, "EGID": 280014236}}, {"type": "Feature", "id": 46374448, "geometry": {"type": "Polygon", "coordinates": [[[2548499.809, 1181808.4780000001], [2548499.3922559773, 1181808.4415097388], [2548498.988177773, 1181808.3332141952], [2548498.6090406035, 1181808.1564032056], [2548498.266362016, 1181807.91644799], [2548497.97055201, 1181807.6206379838], [2548497.7305967943, 1181807.2779593966], [2548497.5537858047, 1181806.8988222266], [2548497.445490261, 1181806.4947440226], [2548497.409, 1181806.078], [2548497.4381050267, 1181805.702385334], [2548497.525709162, 1181805.33597164], [2548497.6696479376, 1181804.9878120376], [2548497.8663650043, 1181804.6665086364], [2548498.111, 1181804.3800000001], [2548498.3975086366, 1181804.1353650044], [2548498.7188120373, 1181803.9386479377], [2548499.0669716396, 1181803.7947091623], [2548499.433385334, 1181803.707105027], [2548499.809, 1181803.678], [2548500.1844125777, 1181803.7074805156], [2548500.550584002, 1181803.7953565218], [2548500.898488222, 1181803.9394618934], [2548501.21954947, 1181804.1362444623], [2548501.505853652, 1181804.3808535784], [2548501.750343429, 1181804.6672596773], [2548501.9469921775, 1181804.9884029073], [2548502.090952546, 1181805.3363671536], [2548502.1786759417, 1181805.7025751686], [2548502.208, 1181806.078], [2548502.1786759417, 1181806.4534248314], [2548502.090952546, 1181806.8196328464], [2548501.9469921775, 1181807.1675970927], [2548501.750343429, 1181807.4887403229], [2548501.5058536525, 1181807.7751464217], [2548501.21954947, 1181808.019755538], [2548500.898488222, 1181808.216538107], [2548500.550584002, 1181808.3606434786], [2548500.1844125777, 1181808.4485194848], [2548499.809, 1181808.4780000001]]]}, "properties": {"OBJECTID": 46374448, "EGID": 280042613}}, {"type": "Feature", "id": 46375595, "geometry": {"type": "Polygon", "coordinates": [[[2545980.448, 1182296.701], [2545990.72, 1182290.328], [2545992.873, 1182293.805], [2545982.604, 1182300.164], [2545980.448, 1182296.701]]]}, "properties": {"OBJECTID": 46375595, "EGID": 280020540}}, {"type": "Feature", "id": 46376122, "geometry": {"type": "Polygon", "coordinates": [[[2546890.971, 1183667.151], [2546893.267, 1183666.417], [2546894.493, 1183670.106], [2546892.11, 1183670.898], [2546890.971, 1183667.151]]]}, "properties": {"OBJECTID": 46376122, "EGID": 280124174}}, {"type": "Feature", "id": 46376414, "geometry": {"type": "Polygon", "coordinates": [[[2546754.24, 1183245.6469999999], [2546751.3, 1183247.727], [2546747.68, 1183242.9070000001], [2546750.63, 1183240.787], [2546754.24, 1183245.6469999999]]]}, "properties": {"OBJECTID": 46376414, "EGID": 280038039}}, {"type": "Feature", "id": 46376587, "geometry": {"type": "Polygon", "coordinates": [[[2547040.387, 1183640.648], [2547044.137, 1183648.808], [2547035.247, 1183652.848], [2547031.467, 1183644.668], [2547040.387, 1183640.648]]]}, "properties": {"OBJECTID": 46376587, "EGID": 846628}}, {"type": "Feature", "id": 46376682, "geometry": {"type": "Polygon", "coordinates": [[[2548870.747, 1180276.904], [2548871.397, 1180274.514], [2548871.237, 1180274.414], [2548872.217, 1180269.964], [2548873.537, 1180264.984], [2548882.857, 1180267.274], [2548880.677, 1180276.564], [2548880.487, 1180277.814], [2548880.597, 1180277.864], [2548879.807, 1180281.414], [2548870.197, 1180279.244], [2548870.247, 1180278.994], [2548870.747, 1180276.904]]]}, "properties": {"OBJECTID": 46376682, "EGID": 842047}}, {"type": "Feature", "id": 46376733, "geometry": {"type": "Polygon", "coordinates": [[[2545821.283, 1184099.925], [2545823.233, 1184095.055], [2545823.503, 1184095.145], [2545824.693, 1184092.265], [2545832.443, 1184095.515], [2545831.223, 1184098.385], [2545831.413, 1184098.495], [2545829.383, 1184103.265], [2545821.283, 1184099.925]]]}, "properties": {"OBJECTID": 46376733, "EGID": 846477}}, {"type": "Feature", "id": 46377224, "geometry": {"type": "Polygon", "coordinates": [[[2547224.204, 1183315.975], [2547226.174, 1183314.395], [2547222.854, 1183310.155], [2547227.104, 1183306.805], [2547232.574, 1183313.835], [2547230.744, 1183315.255], [2547231.5439999998, 1183316.285], [2547228.414, 1183318.625], [2547228.214, 1183318.485], [2547226.264, 1183320.185], [2547223.824, 1183317.035], [2547224.514, 1183316.435], [2547224.204, 1183315.975]]]}, "properties": {"OBJECTID": 46377224, "EGID": 280067928}}, {"type": "Feature", "id": 46377272, "geometry": {"type": "Polygon", "coordinates": [[[2548702.722, 1181536.412], [2548700.032, 1181543.222], [2548690.692, 1181539.5219999999], [2548693.142, 1181533.292], [2548692.582, 1181533.072], [2548694.872, 1181527.252], [2548694.312, 1181527.0320000001], [2548696.712, 1181520.932], [2548700.895, 1181522.578], [2548705.812, 1181524.512], [2548701.302, 1181535.862], [2548702.722, 1181536.412]]]}, "properties": {"OBJECTID": 46377272, "EGID": 3105645}}, {"type": "Feature", "id": 46377348, "geometry": {"type": "Polygon", "coordinates": [[[2547697.234, 1182961.6030000001], [2547694.2939999998, 1182965.003], [2547690.964, 1182962.0929999999], [2547691.934, 1182960.983], [2547689.974, 1182959.273], [2547696.084, 1182952.033], [2547698.0640000002, 1182949.753], [2547703.334, 1182954.3429999999], [2547697.234, 1182961.6030000001]]]}, "properties": {"OBJECTID": 46377348, "EGID": 3164750}}, {"type": "Feature", "id": 46377407, "geometry": {"type": "Polygon", "coordinates": [[[2544013.496, 1181373.509], [2544008.836, 1181381.949], [2544001.726, 1181377.999], [2544006.4560000002, 1181369.419], [2544013.496, 1181373.509]]]}, "properties": {"OBJECTID": 46377407, "EGID": 280015284}}, {"type": "Feature", "id": 46377525, "geometry": {"type": "Polygon", "coordinates": [[[2545175.947, 1181429.084], [2545181.837, 1181435.084], [2545176.177, 1181440.754], [2545170.217, 1181434.784], [2545175.947, 1181429.084]]]}, "properties": {"OBJECTID": 46377525, "EGID": 846986}}, {"type": "Feature", "id": 46377651, "geometry": {"type": "Polygon", "coordinates": [[[2548508.859, 1181860.188], [2548504.079, 1181847.638], [2548510.149, 1181845.328], [2548513.589, 1181854.158], [2548514.989, 1181857.878], [2548508.859, 1181860.188]]]}, "properties": {"OBJECTID": 46377651, "EGID": 280014246}}, {"type": "Feature", "id": 46377956, "geometry": {"type": "Polygon", "coordinates": [[[2546731.191, 1183694.875], [2546729.791, 1183689.525], [2546735.3310000002, 1183688.085], [2546736.721, 1183693.405], [2546731.191, 1183694.875]]]}, "properties": {"OBJECTID": 46377956, "EGID": 280032332}}, {"type": "Feature", "id": 46378063, "geometry": {"type": "Polygon", "coordinates": [[[2548694.727, 1180232.099], [2548689.667, 1180224.28], [2548693.897, 1180221.48], [2548694.767, 1180222.81], [2548698.717, 1180220.12], [2548710.157, 1180237.759], [2548709.937, 1180237.859], [2548710.417, 1180238.599], [2548705.327, 1180241.799], [2548697.957, 1180230.009], [2548694.727, 1180232.099]]]}, "properties": {"OBJECTID": 46378063, "EGID": 842057}}, {"type": "Feature", "id": 46378191, "geometry": {"type": "Polygon", "coordinates": [[[2548604.485, 1181680.555], [2548604.915, 1181676.955], [2548603.555, 1181675.615], [2548602.195, 1181676.665], [2548597.925, 1181671.105], [2548602.855, 1181667.335], [2548607.155, 1181672.845], [2548617.055, 1181674.004], [2548616.105, 1181681.934], [2548604.485, 1181680.555]]]}, "properties": {"OBJECTID": 46378191, "EGID": 3105647}}, {"type": "Feature", "id": 46378245, "geometry": {"type": "Polygon", "coordinates": [[[2547043.716, 1183278.06], [2547047.616, 1183287.32], [2547037.726, 1183291.45], [2547037.1859999998, 1183290.1], [2547038.196, 1183289.7], [2547034.836, 1183281.79], [2547043.716, 1183278.06]]]}, "properties": {"OBJECTID": 46378245, "EGID": 846748}}, {"type": "Feature", "id": 46378330, "geometry": {"type": "Polygon", "coordinates": [[[2546764.795, 1182547.692], [2546747.505, 1182566.223], [2546746.665, 1182565.434], [2546734.629, 1182578.184], [2546725.702, 1182569.758], [2546737.716, 1182557.031], [2546736.525, 1182555.913], [2546753.815, 1182537.403], [2546764.795, 1182547.692]]]}, "properties": {"OBJECTID": 46378330, "EGID": 280003668}}, {"type": "Feature", "id": 46378366, "geometry": {"type": "Polygon", "coordinates": [[[2545906.042, 1184057.8530000001], [2545905.292, 1184059.823], [2545900.672, 1184058.173], [2545901.052, 1184057.313], [2545898.542, 1184056.543], [2545900.432, 1184051.413], [2545902.732, 1184052.233], [2545903.912, 1184049.213], [2545914.702, 1184053.063], [2545912.252, 1184060.013], [2545906.042, 1184057.8530000001]]]}, "properties": {"OBJECTID": 46378366, "EGID": 846474}}, {"type": "Feature", "id": 46378381, "geometry": {"type": "Polygon", "coordinates": [[[2545784.013, 1184161.2179999999], [2545787.484, 1184162.395], [2545798.854, 1184166.285], [2545795.887, 1184174.609], [2545789.074, 1184172.445], [2545789.844, 1184170.325], [2545785.304, 1184168.825], [2545785.71, 1184167.629], [2545782.239, 1184166.452], [2545784.013, 1184161.2179999999]]]}, "properties": {"OBJECTID": 46378381, "EGID": 280013846}}, {"type": "Feature", "id": 46378703, "geometry": {"type": "Polygon", "coordinates": [[[2547222.424, 1183336.695], [2547221.874, 1183335.705], [2547225.204, 1183333.925], [2547228.714, 1183340.445], [2547225.494, 1183342.185], [2547222.424, 1183336.695]]]}, "properties": {"OBJECTID": 46378703, "EGID": 280034889}}, {"type": "Feature", "id": 46378854, "geometry": {"type": "Polygon", "coordinates": [[[2546327.4189999998, 1183595.451], [2546325.533, 1183596.111], [2546321.502, 1183584.506], [2546323.356, 1183583.859], [2546331.7060000002, 1183580.945], [2546335.757, 1183592.533], [2546327.4189999998, 1183595.451]]]}, "properties": {"OBJECTID": 46378854, "EGID": 280061484}}, {"type": "Feature", "id": 46379007, "geometry": {"type": "Polygon", "coordinates": [[[2546883.979, 1183558.962], [2546884.899, 1183560.232], [2546889.519, 1183557.242], [2546888.849, 1183556.092], [2546889.889, 1183555.472], [2546890.589, 1183556.562], [2546891.379, 1183556.062], [2546894.569, 1183561.092], [2546898.289, 1183558.742], [2546900.599, 1183562.452], [2546896.889, 1183564.872], [2546898.119, 1183566.762], [2546895.959, 1183568.2719999999], [2546894.639, 1183566.292], [2546889.269, 1183569.672], [2546887.209, 1183566.2820000001], [2546886.179, 1183566.912], [2546881.9189999998, 1183560.252], [2546883.979, 1183558.962]]]}, "properties": {"OBJECTID": 46379007, "EGID": 846668}}, {"type": "Feature", "id": 46379057, "geometry": {"type": "Polygon", "coordinates": [[[2547035.696, 1183393.499], [2547035.946, 1183393.289], [2547045.176, 1183405.009], [2547032.656, 1183411.159], [2547025.297, 1183401.83], [2547035.696, 1183393.499]]]}, "properties": {"OBJECTID": 46379057, "EGID": 846742}}, {"type": "Feature", "id": 46379124, "geometry": {"type": "Polygon", "coordinates": [[[2547983.3109999998, 1183131.016], [2547982.871, 1183131.446], [2547986.111, 1183134.206], [2547980.121, 1183141.156], [2547972.741, 1183134.706], [2547975.021, 1183132.056], [2547974.891, 1183131.976], [2547975.891, 1183130.916], [2547975.011, 1183130.206], [2547978.151, 1183126.486], [2547983.3109999998, 1183131.016]]]}, "properties": {"OBJECTID": 46379124, "EGID": 846910}}, {"type": "Feature", "id": 46379716, "geometry": {"type": "Polygon", "coordinates": [[[2546666.352, 1183736.346], [2546666.732, 1183740.376], [2546664.092, 1183740.616], [2546663.702, 1183736.596], [2546666.352, 1183736.346]]]}, "properties": {"OBJECTID": 46379716, "EGID": 280051332}}, {"type": "Feature", "id": 46379979, "geometry": {"type": "Polygon", "coordinates": [[[2546804.202, 1183264.774], [2546795.962, 1183257.029], [2546800.093, 1183252.621], [2546808.354, 1183260.362], [2546804.202, 1183264.774]]]}, "properties": {"OBJECTID": 46379979, "EGID": 280091452}}, {"type": "Feature", "id": 46380007, "geometry": {"type": "Polygon", "coordinates": [[[2548935.438, 1180267.383], [2548932.598, 1180262.933], [2548940.668, 1180255.6030000001], [2548944.058, 1180261.333], [2548942.698, 1180263.293], [2548935.438, 1180267.383]]]}, "properties": {"OBJECTID": 46380007, "EGID": 280017212}}, {"type": "Feature", "id": 46380283, "geometry": {"type": "Polygon", "coordinates": [[[2547027.826, 1183331.87], [2547024.636, 1183333.99], [2547021.357, 1183329.39], [2547024.536, 1183327.18], [2547027.826, 1183331.87]]]}, "properties": {"OBJECTID": 46380283, "EGID": 280037809}}, {"type": "Feature", "id": 46380654, "geometry": {"type": "Polygon", "coordinates": [[[2547307.002, 1183232.404], [2547308.212, 1183233.454], [2547313.902, 1183227.814], [2547319.702, 1183233.513], [2547310.972, 1183242.434], [2547303.973, 1183235.504], [2547307.002, 1183232.404]]]}, "properties": {"OBJECTID": 46380654, "EGID": 846752}}, {"type": "Feature", "id": 46380776, "geometry": {"type": "Polygon", "coordinates": [[[2545118.114, 1181375.762], [2545115.468, 1181373.276], [2545119.365, 1181369.006], [2545122.035, 1181371.444], [2545118.114, 1181375.762]]]}, "properties": {"OBJECTID": 46380776, "EGID": 280091034}}, {"type": "Feature", "id": 46380823, "geometry": {"type": "Polygon", "coordinates": [[[2547578.868, 1183199.217], [2547579.369, 1183200.877], [2547576.639, 1183201.877], [2547576.119, 1183200.167], [2547578.868, 1183199.217]]]}, "properties": {"OBJECTID": 46380823, "EGID": 280117802}}, {"type": "Feature", "id": 46380915, "geometry": {"type": "Polygon", "coordinates": [[[2547212.344, 1183265.416], [2547202.554, 1183256.666], [2547211.024, 1183247.416], [2547220.724, 1183256.066], [2547212.344, 1183265.416]]]}, "properties": {"OBJECTID": 46380915, "EGID": 846789}}, {"type": "Feature", "id": 46381539, "geometry": {"type": "Polygon", "coordinates": [[[2546972.137, 1183392.911], [2546978.587, 1183403.351], [2546972.507, 1183407.141], [2546966.057, 1183396.641], [2546972.137, 1183392.911]]]}, "properties": {"OBJECTID": 46381539, "EGID": 280014241}}, {"type": "Feature", "id": 46381837, "geometry": {"type": "Polygon", "coordinates": [[[2548039.08, 1183107.434], [2548032.23, 1183115.294], [2548025.91, 1183109.965], [2548025.17, 1183110.475], [2548023.88, 1183109.295], [2548024.37, 1183108.615], [2548021.56, 1183106.075], [2548028.29, 1183098.224], [2548039.08, 1183107.434]]]}, "properties": {"OBJECTID": 46381837, "EGID": 846911}}, {"type": "Feature", "id": 46381841, "geometry": {"type": "Polygon", "coordinates": [[[2546930.838, 1183368.482], [2546932.498, 1183370.852], [2546926.618, 1183374.732], [2546924.998, 1183372.292], [2546930.838, 1183368.482]]]}, "properties": {"OBJECTID": 46381841, "EGID": 280040196}}, {"type": "Feature", "id": 46381876, "geometry": {"type": "Polygon", "coordinates": [[[2546783.155, 1183175.973], [2546781.678, 1183174.585], [2546797.367, 1183157.893], [2546819.647, 1183178.854], [2546803.959, 1183195.533], [2546800.908, 1183192.665], [2546783.155, 1183175.973]]]}, "properties": {"OBJECTID": 46381876, "EGID": 280097273}}, {"type": "Feature", "id": 46382301, "geometry": {"type": "Polygon", "coordinates": [[[2545211.707, 1181265.513], [2545204.687, 1181260.903], [2545204.537, 1181260.804], [2545211.627, 1181246.833], [2545213.877, 1181247.383], [2545214.417, 1181245.703], [2545211.847, 1181244.363], [2545213.907, 1181240.393], [2545217.887, 1181240.963], [2545216.627, 1181243.283], [2545221.827, 1181245.903], [2545220.717, 1181249.383], [2545217.627, 1181254.903], [2545224.337, 1181256.383], [2545220.767, 1181264.703], [2545213.887, 1181261.713], [2545211.707, 1181265.513]]]}, "properties": {"OBJECTID": 46382301, "EGID": 3164704}}, {"type": "Feature", "id": 46382409, "geometry": {"type": "Polygon", "coordinates": [[[2548433.58, 1181851.15], [2548437.66, 1181850.99], [2548437.6, 1181849.47], [2548441.51, 1181849.39], [2548441.57, 1181856], [2548439.08, 1181856.56], [2548437.92, 1181854.56], [2548433.62, 1181854.61], [2548433.58, 1181851.15]]]}, "properties": {"OBJECTID": 46382409, "EGID": 280025058}}, {"type": "Feature", "id": 46382591, "geometry": {"type": "Polygon", "coordinates": [[[2549240.105, 1181016.16], [2549247.646, 1181011.83], [2549252.957, 1181021.04], [2549245.421, 1181025.384], [2549240.105, 1181016.16]]]}, "properties": {"OBJECTID": 46382591, "EGID": 280099129}}, {"type": "Feature", "id": 46382674, "geometry": {"type": "Polygon", "coordinates": [[[2547024.216, 1183254.29], [2547023.776, 1183253.17], [2547028.316, 1183251.23], [2547028.816, 1183252.37], [2547032.306, 1183250.93], [2547040.336, 1183270.27], [2547030.896, 1183274.28], [2547028.726, 1183269.01], [2547028.546, 1183269.07], [2547027.356, 1183266.12], [2547027.466, 1183266.06], [2547025.806, 1183262.14], [2547023.496, 1183263.06], [2547020.466, 1183255.86], [2547024.216, 1183254.29]]]}, "properties": {"OBJECTID": 46382674, "EGID": 846749}}, {"type": "Feature", "id": 46382738, "geometry": {"type": "Polygon", "coordinates": [[[2548528.358, 1181808.127], [2548522.318, 1181808.117], [2548522.318, 1181802.097], [2548528.348, 1181802.097], [2548528.358, 1181808.127]]]}, "properties": {"OBJECTID": 46382738, "EGID": 280028545}}, {"type": "Feature", "id": 46382760, "geometry": {"type": "Polygon", "coordinates": [[[2547412.893, 1183094.994], [2547415.769, 1183092.074], [2547417.987, 1183094.261], [2547415.107, 1183097.176], [2547412.893, 1183094.994]]]}, "properties": {"OBJECTID": 46382760, "EGID": 280115875}}, {"type": "Feature", "id": 46382830, "geometry": {"type": "Polygon", "coordinates": [[[2548462.871, 1181775.939], [2548463.139, 1181776.289], [2548455.059, 1181782.879], [2548437.469, 1181761.26], [2548446.699, 1181754.779], [2548462.871, 1181775.939]]]}, "properties": {"OBJECTID": 46382830, "EGID": 280054528}}, {"type": "Feature", "id": 46383187, "geometry": {"type": "Polygon", "coordinates": [[[2549375.92, 1180946.574], [2549379.95, 1180943.964], [2549383.8, 1180947.264], [2549378.52, 1180950.604], [2549375.92, 1180946.574]]]}, "properties": {"OBJECTID": 46383187, "EGID": 280035471}}, {"type": "Feature", "id": 46383217, "geometry": {"type": "Polygon", "coordinates": [[[2547295.283, 1183422.863], [2547300.053, 1183435.513], [2547289.913, 1183439.363], [2547288.303, 1183434.933], [2547289.523, 1183434.453], [2547286.463, 1183426.173], [2547295.283, 1183422.863]]]}, "properties": {"OBJECTID": 46383217, "EGID": 846842}}, {"type": "Feature", "id": 46383251, "geometry": {"type": "Polygon", "coordinates": [[[2546851.221, 1183138.422], [2546875.928, 1183112.138], [2546887.563, 1183123.1], [2546862.86, 1183149.363], [2546851.221, 1183138.422]]]}, "properties": {"OBJECTID": 46383251, "EGID": 280082652}}, {"type": "Feature", "id": 46383325, "geometry": {"type": "Polygon", "coordinates": [[[2547741.788, 1183035.715], [2547743.65, 1183037.384], [2547740.835, 1183040.525], [2547738.973, 1183038.856], [2547741.788, 1183035.715]]]}, "properties": {"OBJECTID": 46383325, "EGID": 280072532}}, {"type": "Feature", "id": 46383414, "geometry": {"type": "Polygon", "coordinates": [[[2546895.269, 1183048.424], [2546901.898, 1183055.161], [2546897.812, 1183059.171], [2546894.283, 1183062.641], [2546887.679, 1183055.919], [2546895.269, 1183048.424]]]}, "properties": {"OBJECTID": 46383414, "EGID": 280096340}}, {"type": "Feature", "id": 46383455, "geometry": {"type": "Polygon", "coordinates": [[[2549470.301, 1180875.644], [2549475.271, 1180871.924], [2549479.781, 1180877.783], [2549474.871, 1180881.533], [2549470.301, 1180875.644]]]}, "properties": {"OBJECTID": 46383455, "EGID": 280022452}}, {"type": "Feature", "id": 46383466, "geometry": {"type": "Polygon", "coordinates": [[[2546645.989, 1183047.751], [2546647.599, 1183046.551], [2546649.049, 1183048.441], [2546645.329, 1183051.261], [2546642.679, 1183047.781], [2546641.799, 1183048.441], [2546640.6890000002, 1183046.981], [2546643.659, 1183044.701], [2546645.989, 1183047.751]]]}, "properties": {"OBJECTID": 46383466, "EGID": 280036669}}, {"type": "Feature", "id": 46383591, "geometry": {"type": "Polygon", "coordinates": [[[2547349.509, 1182836.042], [2547343.979, 1182843.213], [2547338.069, 1182838.823], [2547343.569, 1182831.753], [2547349.509, 1182836.042]]]}, "properties": {"OBJECTID": 46383591, "EGID": 280017271}}, {"type": "Feature", "id": 46383679, "geometry": {"type": "Polygon", "coordinates": [[[2547446.29, 1183426.44], [2547446.0438692397, 1183425.9777804527], [2547445.8771856083, 1183425.4813493616], [2547445.7944970597, 1183424.9642518223], [2547445.7980597466, 1183424.4405968133], [2547445.887776461, 1183423.9246722332], [2547446.061199288, 1183423.4305550565], [2547446.3135963944, 1183422.9717272436], [2547446.638081139, 1183422.5607078867], [2547447.0257999725, 1183422.2087116267], [2547447.4661740083, 1183421.9253426625], [2547447.947187664, 1183421.7183327014], [2547448.4557165084, 1183421.5933299984], [2547448.977885359, 1183421.553745246], [2547449.499446867, 1183421.600658512], [2547450.006170255, 1183421.7327897702], [2547450.4842296024, 1183421.9465338264], [2547450.9205810856, 1183422.236058686], [2547451.303318878, 1183422.5934646782], [2547451.622, 1183423.009], [2547451.8574846187, 1183423.447164216], [2547452.021521454, 1183423.916773418], [2547452.110070874, 1183424.4062628315], [2547452.120952226, 1183424.9035781058], [2547452.0538975424, 1183425.3964721668], [2547451.9105581366, 1183425.8728068187], [2547451.6944639394, 1183426.3208516645], [2547451.4109365684, 1183426.7295729823], [2547451.0669582756, 1183427.0889054465], [2547450.671, 1183427.39], [2547450.182050446, 1183427.6472524318], [2547449.6558685666, 1183427.8157253093], [2547449.108430366, 1183427.8903034362], [2547448.556357235, 1183427.8687224616], [2547448.016411291, 1183427.7516376302], [2547447.5049864436, 1183427.5426038867], [2547447.0376106417, 1183427.2479679415], [2547446.628474411, 1183426.87667557], [2547446.29, 1183426.44]]]}, "properties": {"OBJECTID": 46383679, "EGID": 280132893}}, {"type": "Feature", "id": 46383748, "geometry": {"type": "Polygon", "coordinates": [[[2547623.346, 1183071.426], [2547619.707, 1183074.966], [2547602.667, 1183056.876], [2547604.257, 1183055.336], [2547604.987, 1183056.026], [2547605.567, 1183055.676], [2547606.857, 1183057.056], [2547608.517, 1183055.666], [2547615.736, 1183063.466], [2547623.346, 1183071.426]]]}, "properties": {"OBJECTID": 46383748, "EGID": 280011433}}, {"type": "Feature", "id": 46383864, "geometry": {"type": "Polygon", "coordinates": [[[2546163.388, 1184114.003], [2546153.891, 1184117.328], [2546154.04, 1184117.753], [2546150.312, 1184119.058], [2546149.37, 1184116.368], [2546152.82, 1184115.16], [2546151.54, 1184111.327], [2546166.719, 1184106.016], [2546168.749, 1184112.126], [2546165.804, 1184113.1570000001], [2546166.204, 1184114.299], [2546163.788, 1184115.145], [2546163.388, 1184114.003]]]}, "properties": {"OBJECTID": 46383864, "EGID": 280066381}}, {"type": "Feature", "id": 46384168, "geometry": {"type": "Polygon", "coordinates": [[[2546516.184, 1183729.43], [2546520.204, 1183735.27], [2546514.3140000002, 1183739.26], [2546510.3140000002, 1183733.41], [2546516.184, 1183729.43]]]}, "properties": {"OBJECTID": 46384168, "EGID": 846581}}, {"type": "Feature", "id": 46384177, "geometry": {"type": "Polygon", "coordinates": [[[2546874.6689999998, 1183425.333], [2546869.059, 1183431.043], [2546864.049, 1183426.483], [2546863.389, 1183427.1030000001], [2546858.969, 1183422.763], [2546859.709, 1183421.983], [2546858.469, 1183420.773], [2546860.069, 1183419.283], [2546861.1890000002, 1183420.333], [2546865.759, 1183415.453], [2546866.259, 1183415.903], [2546865.549, 1183416.693], [2546872.109, 1183423.033], [2546872.219, 1183422.903], [2546874.6689999998, 1183425.333]]]}, "properties": {"OBJECTID": 46384177, "EGID": 846728}}, {"type": "Feature", "id": 46384217, "geometry": {"type": "Polygon", "coordinates": [[[2547441.415, 1183367.156], [2547441.8771240646, 1183366.909991926], [2547442.373436957, 1183366.7434022026], [2547442.890400556, 1183366.660774963], [2547443.413913442, 1183366.6643640632], [2547443.929695548, 1183366.7540716017], [2547444.423677683, 1183366.9274505905], [2547444.8823853014, 1183367.1797717032], [2547445.293306056, 1183367.5041522775], [2547445.6452310993, 1183367.8917440565], [2547445.928560834, 1183368.3319745474], [2547446.1355667626, 1183368.8128354095], [2547446.260602304, 1183369.3212100123], [2547446.3002568134, 1183369.843231222], [2547446.2534486204, 1183370.3646596603], [2547446.12145453, 1183370.8712721192], [2547445.9078749963, 1183371.349249531], [2547445.6185359135, 1183371.7855539182], [2547445.2613296965, 1183372.1682840346], [2547444.846, 1183372.487], [2547444.3838759353, 1183372.7330080739], [2547443.887563043, 1183372.8995977973], [2547443.370599444, 1183372.9822250367], [2547442.847086558, 1183372.9786359365], [2547442.3313044524, 1183372.888928398], [2547441.8373223175, 1183372.715549409], [2547441.3786146985, 1183372.4632282963], [2547440.9676939445, 1183372.1388477222], [2547440.615768901, 1183371.7512559432], [2547440.3324391665, 1183371.3110254523], [2547440.1254332378, 1183370.8301645902], [2547440.0003976966, 1183370.3217899874], [2547439.960743187, 1183369.799768778], [2547440.00755138, 1183369.2783403397], [2547440.1395454705, 1183368.771727881], [2547440.3531250036, 1183368.2937504689], [2547440.642464087, 1183367.8574460817], [2547440.999670304, 1183367.4747159653], [2547441.415, 1183367.156]]]}, "properties": {"OBJECTID": 46384217, "EGID": 280132703}}, {"type": "Feature", "id": 46384258, "geometry": {"type": "Polygon", "coordinates": [[[2549418.951, 1180889.295], [2549435.0609999998, 1180878.954], [2549445.981, 1180895.674], [2549429.951, 1180905.944], [2549418.951, 1180889.295]]]}, "properties": {"OBJECTID": 46384258, "EGID": 280003995}}, {"type": "Feature", "id": 46384390, "geometry": {"type": "Polygon", "coordinates": [[[2548830.168, 1180197.1469999999], [2548825.438, 1180203.777], [2548835.158, 1180210.277], [2548830.738, 1180217.036], [2548817.008, 1180207.777], [2548826.698, 1180194.847], [2548830.168, 1180197.1469999999]]]}, "properties": {"OBJECTID": 46384390, "EGID": 842043}}, {"type": "Feature", "id": 46384427, "geometry": {"type": "Polygon", "coordinates": [[[2546070.3109999998, 1183950.49], [2546077.23, 1183957.599], [2546071.041, 1183963.519], [2546064.301, 1183956.41], [2546070.3109999998, 1183950.49]]]}, "properties": {"OBJECTID": 46384427, "EGID": 846530}}, {"type": "Feature", "id": 46384437, "geometry": {"type": "Polygon", "coordinates": [[[2548537.113, 1181632.132], [2548537.139692778, 1181631.8269001518], [2548537.218960065, 1181631.5310706082], [2548537.3483933653, 1181631.2535], [2548537.524059913, 1181631.00262217], [2548537.7406221693, 1181630.7860599137], [2548537.9914999995, 1181630.6103933658], [2548538.269070608, 1181630.4809600655], [2548538.5649001515, 1181630.401692778], [2548538.8699999996, 1181630.3750000002], [2548539.175099848, 1181630.401692778], [2548539.470929391, 1181630.4809600655], [2548539.7484999998, 1181630.6103933658], [2548539.99937783, 1181630.7860599137], [2548540.215940086, 1181631.00262217], [2548540.391606634, 1181631.2535], [2548540.5210399344, 1181631.5310706082], [2548540.6003072215, 1181631.8269001518], [2548540.627, 1181632.132], [2548540.600108905, 1181632.4370200958], [2548540.5207095407, 1181632.7327499231], [2548540.3912098147, 1181633.010221022], [2548540.215537004, 1181633.2610186567], [2548539.9990186566, 1181633.4775370043], [2548539.748221022, 1181633.6532098146], [2548539.470749923, 1181633.7827095408], [2548539.175020096, 1181633.8621089049], [2548538.87, 1181633.889], [2548538.5649799043, 1181633.8621089049], [2548538.269250077, 1181633.7827095406], [2548537.991778978, 1181633.6532098146], [2548537.7409813437, 1181633.477537004], [2548537.5244629956, 1181633.2610186564], [2548537.3487901855, 1181633.010221022], [2548537.219290459, 1181632.7327499231], [2548537.139891095, 1181632.4370200958], [2548537.113, 1181632.132]]]}, "properties": {"OBJECTID": 46384437, "EGID": 280131858}}, {"type": "Feature", "id": 46384625, "geometry": {"type": "Polygon", "coordinates": [[[2546995.487, 1183278.271], [2547006.717, 1183288.581], [2546988.427, 1183308.581], [2546977.127, 1183298.231], [2546995.487, 1183278.271]]]}, "properties": {"OBJECTID": 46384625, "EGID": 9031402}}, {"type": "Feature", "id": 46384784, "geometry": {"type": "Polygon", "coordinates": [[[2544028.087, 1181667.578], [2544019.217, 1181664.999], [2544023.507, 1181649.908], [2544042.836, 1181655.388], [2544039.537, 1181665.668], [2544034.317, 1181664.238], [2544033.507, 1181667.118], [2544028.527, 1181665.898], [2544028.087, 1181667.578]]]}, "properties": {"OBJECTID": 46384784, "EGID": 280005384}}, {"type": "Feature", "id": 46384978, "geometry": {"type": "Polygon", "coordinates": [[[2545270.406, 1181250.102], [2545262.756, 1181247.452], [2545264.716, 1181241.822], [2545272.366, 1181244.372], [2545270.406, 1181250.102]]]}, "properties": {"OBJECTID": 46384978, "EGID": 280021559}}, {"type": "Feature", "id": 46385319, "geometry": {"type": "Polygon", "coordinates": [[[2546150.571, 1183490.574], [2546204.035, 1183440.61], [2546226.015, 1183464.049], [2546172.257, 1183513.984], [2546150.571, 1183490.574]]]}, "properties": {"OBJECTID": 46385319, "EGID": 280000591}}, {"type": "Feature", "id": 46385419, "geometry": {"type": "Polygon", "coordinates": [[[2547445.44, 1183171.021], [2547448.36, 1183171.051], [2547448.4, 1183177.091], [2547445.38, 1183177.051], [2547445.44, 1183171.021]]]}, "properties": {"OBJECTID": 46385419, "EGID": 280044826}}, {"type": "Feature", "id": 46385475, "geometry": {"type": "Polygon", "coordinates": [[[2544138.909, 1183634.976], [2544135.672, 1183633.967], [2544136.55, 1183631.136], [2544137.233, 1183631.362], [2544139.5439999998, 1183632.941], [2544138.909, 1183634.976]]]}, "properties": {"OBJECTID": 46385475, "EGID": 280141959}}, {"type": "Feature", "id": 46385720, "geometry": {"type": "Polygon", "coordinates": [[[2546984.199, 1180772.146], [2546989.708, 1180770.266], [2546993.769, 1180781.806], [2547001.368, 1180778.976], [2547002.458, 1180782.555], [2546994.819, 1180785.116], [2546995.119, 1180785.966], [2546980.549, 1180790.816], [2546982.4189999998, 1180797.036], [2546971.559, 1180800.746], [2546968.219, 1180790.936], [2546967.849, 1180790.976], [2546961.229, 1180771.667], [2546965.369, 1180770.297], [2546966.129, 1180772.337], [2546975.009, 1180769.007], [2546976.249, 1180772.536], [2546975.019, 1180772.977], [2546977.209, 1180779.256], [2546985.599, 1180776.126], [2546984.199, 1180772.146]]]}, "properties": {"OBJECTID": 46385720, "EGID": 847004}}, {"type": "Feature", "id": 46385767, "geometry": {"type": "Polygon", "coordinates": [[[2546745.5810000002, 1182172.385], [2546729.371, 1182164.546], [2546738.071, 1182146.516], [2546754.38, 1182154.325], [2546745.5810000002, 1182172.385]]]}, "properties": {"OBJECTID": 46385767, "EGID": 280004107}}, {"type": "Feature", "id": 46385768, "geometry": {"type": "Polygon", "coordinates": [[[2546824.44, 1183660.903], [2546824.36, 1183660.553], [2546821.37, 1183661.463], [2546820.3, 1183657.783], [2546823.2, 1183656.893], [2546823.13, 1183656.673], [2546828.74, 1183654.973], [2546830.02, 1183659.223], [2546824.44, 1183660.903]]]}, "properties": {"OBJECTID": 46385768, "EGID": 280026463}}, {"type": "Feature", "id": 46385787, "geometry": {"type": "Polygon", "coordinates": [[[2545426.496, 1181111.807], [2545419.559, 1181105.301], [2545425.3109999998, 1181099.171], [2545432.249, 1181105.67], [2545426.496, 1181111.807]]]}, "properties": {"OBJECTID": 46385787, "EGID": 280100341}}, {"type": "Feature", "id": 46385961, "geometry": {"type": "Polygon", "coordinates": [[[2545114.243, 1181375.112], [2545105.638, 1181384.868], [2545093.526, 1181374.15], [2545096.889, 1181370.345], [2545099.275, 1181372.454], [2545101.299, 1181370.164], [2545103.783, 1181372.348], [2545106.974, 1181368.7179999999], [2545114.243, 1181375.112]]]}, "properties": {"OBJECTID": 46385961, "EGID": 280074847}}, {"type": "Feature", "id": 46386173, "geometry": {"type": "Polygon", "coordinates": [[[2547457.926, 1182786.219], [2547451.497, 1182791.8], [2547457.007, 1182798.519], [2547452.707, 1182802.46], [2547450.237, 1182799.75], [2547442.417, 1182806.69], [2547430.107, 1182792.98], [2547438.217, 1182785.55], [2547447.547, 1182795.82], [2547451.067, 1182792.83], [2547446.617, 1182787.4], [2547453.886, 1182781.509], [2547457.926, 1182786.219]]]}, "properties": {"OBJECTID": 46386173, "EGID": 846950}}, {"type": "Feature", "id": 46386211, "geometry": {"type": "Polygon", "coordinates": [[[2545043.644, 1181350.095], [2545040.302, 1181347.535], [2545042.084, 1181345.21], [2545045.453, 1181347.769], [2545043.644, 1181350.095]]]}, "properties": {"OBJECTID": 46386211, "EGID": 280110315}}, {"type": "Feature", "id": 46386451, "geometry": {"type": "Polygon", "coordinates": [[[2548068.749, 1183086.943], [2548072.022, 1183083.141], [2548070.343, 1183081.664], [2548070.28, 1183080.676], [2548071.864, 1183078.875], [2548072.851, 1183078.812], [2548074.758, 1183080.488], [2548074.803, 1183081.496], [2548088.579, 1183093.573], [2548086.289, 1183096.193], [2548083.769, 1183094.003], [2548079.809, 1183098.543], [2548073.159, 1183092.753], [2548074.079, 1183091.643], [2548068.749, 1183086.943]]]}, "properties": {"OBJECTID": 46386451, "EGID": 846922}}, {"type": "Feature", "id": 46386723, "geometry": {"type": "Polygon", "coordinates": [[[2546345.825, 1183648.155], [2546343.944, 1183648.812], [2546339.891, 1183637.212], [2546341.761, 1183636.561], [2546350.111, 1183633.655], [2546354.164, 1183645.243], [2546345.825, 1183648.155]]]}, "properties": {"OBJECTID": 46386723, "EGID": 280061485}}, {"type": "Feature", "id": 46386760, "geometry": {"type": "Polygon", "coordinates": [[[2546701.181, 1183588.196], [2546713.161, 1183585.376], [2546714.5810000002, 1183591.406], [2546702.571, 1183594.246], [2546701.181, 1183588.196]]]}, "properties": {"OBJECTID": 46386760, "EGID": 3164717}}, {"type": "Feature", "id": 46386805, "geometry": {"type": "Polygon", "coordinates": [[[2546624.793, 1183727.607], [2546625.263, 1183735.1469999999], [2546617.253, 1183735.578], [2546616.703, 1183728.128], [2546624.793, 1183727.607]]]}, "properties": {"OBJECTID": 46386805, "EGID": 846591}}, {"type": "Feature", "id": 46387051, "geometry": {"type": "Polygon", "coordinates": [[[2546755.062, 1182273.794], [2546755.292, 1182274.814], [2546764.752, 1182272.494], [2546767.432, 1182282.454], [2546764.332, 1182283.214], [2546758.212, 1182284.804], [2546757.442, 1182282.194], [2546739.432, 1182280.025], [2546740.282, 1182272.085], [2546755.062, 1182273.794]]]}, "properties": {"OBJECTID": 46387051, "EGID": 280006606}}, {"type": "Feature", "id": 46387260, "geometry": {"type": "Polygon", "coordinates": [[[2547505.35, 1183401.208], [2547503.29, 1183393.518], [2547509.95, 1183391.608], [2547510.4, 1183393.158], [2547528.04, 1183388.317], [2547529.08, 1183391.877], [2547530.25, 1183391.677], [2547530.55, 1183393.007], [2547529.48, 1183393.327], [2547531.19, 1183399.687], [2547532.21, 1183399.547], [2547532.61, 1183400.867], [2547531.57, 1183401.137], [2547533.23, 1183407.577], [2547534.4, 1183407.327], [2547534.72, 1183408.6570000001], [2547533.65, 1183408.977], [2547535.47, 1183415.287], [2547536.77, 1183414.937], [2547536.96, 1183416.417], [2547535.87, 1183416.587], [2547537.61, 1183423.027], [2547538.78, 1183422.827], [2547539.07, 1183424.097], [2547538, 1183424.477], [2547538.87, 1183427.987], [2547521.09, 1183432.9070000001], [2547520.09, 1183429.417], [2547519, 1183429.717], [2547518.67, 1183428.567], [2547517.91, 1183428.767], [2547516.02, 1183421.898], [2547516.86, 1183421.648], [2547516.61, 1183420.508], [2547517.66, 1183420.208], [2547515.92, 1183413.848], [2547514.75, 1183414.118], [2547514.35, 1183412.798], [2547515.47, 1183412.598], [2547513.68, 1183406.108], [2547512.63, 1183406.378], [2547512.24, 1183404.988], [2547513.31, 1183404.588], [2547511.99, 1183399.518], [2547505.35, 1183401.208]]]}, "properties": {"OBJECTID": 46387260, "EGID": 280001257}}, {"type": "Feature", "id": 46387265, "geometry": {"type": "Polygon", "coordinates": [[[2548486.876, 1180213.325], [2548488.987, 1180208.595], [2548502.127, 1180214.214], [2548496.916, 1180226.474], [2548490.266, 1180223.655], [2548492.226, 1180219.145], [2548492.696, 1180219.355], [2548493.356, 1180217.595], [2548489.896, 1180216.205], [2548490.396, 1180214.835], [2548486.876, 1180213.325]]]}, "properties": {"OBJECTID": 46387265, "EGID": 842064}}, {"type": "Feature", "id": 46387429, "geometry": {"type": "Polygon", "coordinates": [[[2547578.678, 1183186.367], [2547574.108, 1183187.9070000001], [2547571.568, 1183180.297], [2547580.068, 1183177.557], [2547582.578, 1183185.167], [2547584.008, 1183190.237], [2547580.468, 1183191.427], [2547578.678, 1183186.367]]]}, "properties": {"OBJECTID": 46387429, "EGID": 846815}}, {"type": "Feature", "id": 46387469, "geometry": {"type": "Polygon", "coordinates": [[[2546771.257, 1182891.109], [2546771.387, 1182890.979], [2546770.757, 1182890.439], [2546770.817, 1182889.349], [2546772.757, 1182887.299], [2546773.837, 1182887.249], [2546774.427, 1182887.859], [2546774.537, 1182887.729], [2546778.657, 1182887.809], [2546780.677, 1182885.749], [2546785.437, 1182890.339], [2546781.247, 1182894.669], [2546781.247, 1182896.659], [2546780.327, 1182896.689], [2546776.647, 1182900.489], [2546771.487, 1182895.419], [2546771.257, 1182891.109]]]}, "properties": {"OBJECTID": 46387469, "EGID": 846700}}, {"type": "Feature", "id": 46387577, "geometry": {"type": "Polygon", "coordinates": [[[2545921.332, 1183995.533], [2545916.752, 1184000.803], [2545911.332, 1183996.183], [2545915.962, 1183990.893], [2545921.332, 1183995.533]]]}, "properties": {"OBJECTID": 46387577, "EGID": 846507}}, {"type": "Feature", "id": 46387697, "geometry": {"type": "Polygon", "coordinates": [[[2546720.841, 1183753.465], [2546721.781, 1183762.435], [2546713.651, 1183763.345], [2546712.8109999998, 1183754.315], [2546720.841, 1183753.465]]]}, "properties": {"OBJECTID": 46387697, "EGID": 846607}}, {"type": "Feature", "id": 46387750, "geometry": {"type": "Polygon", "coordinates": [[[2547368.629, 1182909.562], [2547365.9189999998, 1182906.632], [2547377.709, 1182895.052], [2547380.729, 1182898.232], [2547368.629, 1182909.562]]]}, "properties": {"OBJECTID": 46387750, "EGID": 846876}}, {"type": "Feature", "id": 46387801, "geometry": {"type": "Polygon", "coordinates": [[[2547462.3, 1183218.44], [2547464.95, 1183226.05], [2547467.02, 1183231.96], [2547462.34, 1183233.78], [2547461.99, 1183233.02], [2547458.22, 1183234.37], [2547456.4, 1183228.97], [2547453.9, 1183221.54], [2547462.3, 1183218.44]]]}, "properties": {"OBJECTID": 46387801, "EGID": 846811}}, {"type": "Feature", "id": 46387900, "geometry": {"type": "Polygon", "coordinates": [[[2549350.08, 1181033.352], [2549341.09, 1181019.993], [2549378.599, 1180994.833], [2549381.549, 1180999.383], [2549369.31, 1181007.743], [2549375.13, 1181016.332], [2549372.61, 1181018.122], [2549363.95, 1181023.942], [2549368.53, 1181030.642], [2549361.26, 1181035.612], [2549356.65, 1181028.872], [2549350.08, 1181033.352]]]}, "properties": {"OBJECTID": 46387900, "EGID": 280001813}}, {"type": "Feature", "id": 46387978, "geometry": {"type": "Polygon", "coordinates": [[[2545297.496, 1181217.232], [2545302.046, 1181219.662], [2545299.426, 1181224.502], [2545294.846, 1181222.132], [2545297.496, 1181217.232]]]}, "properties": {"OBJECTID": 46387978, "EGID": 280034110}}, {"type": "Feature", "id": 46387995, "geometry": {"type": "Polygon", "coordinates": [[[2547190.711, 1183075.269], [2547197.281, 1183081.8530000001], [2547190.215, 1183088.904], [2547191.653, 1183090.321], [2547190.236, 1183091.759], [2547188.806, 1183090.327], [2547189.373, 1183089.744], [2547182.807, 1183083.181], [2547185.109, 1183080.877], [2547183.341, 1183079.111], [2547186.661, 1183075.802], [2547188.422, 1183077.561], [2547190.711, 1183075.269]]]}, "properties": {"OBJECTID": 46387995, "EGID": 280074837}}, {"type": "Feature", "id": 46388544, "geometry": {"type": "Polygon", "coordinates": [[[2547214.896, 1183098.07], [2547219.146, 1183093.787], [2547220.574, 1183095.216], [2547216.323, 1183099.498], [2547214.896, 1183098.07]]]}, "properties": {"OBJECTID": 46388544, "EGID": 280074841}}, {"type": "Feature", "id": 46388552, "geometry": {"type": "Polygon", "coordinates": [[[2545051.616, 1180354.128], [2545062.921, 1180345.575], [2545066.09, 1180349.743], [2545080.676, 1180338.854], [2545090.272, 1180351.7719999999], [2545087.181, 1180354.076], [2545075.758, 1180362.59], [2545073.793, 1180359.8], [2545058.926, 1180370.925], [2545051.611, 1180360.611], [2545054.699, 1180358.405], [2545051.616, 1180354.128]]]}, "properties": {"OBJECTID": 46388552, "EGID": 842358}}, {"type": "Feature", "id": 46389049, "geometry": {"type": "Polygon", "coordinates": [[[2548464.928, 1181739.599], [2548460.549, 1181743.159], [2548459.759, 1181743.759], [2548455.1689999998, 1181738.249], [2548455.509, 1181737.969], [2548460.298, 1181733.999], [2548464.928, 1181739.599]]]}, "properties": {"OBJECTID": 46389049, "EGID": 280022249}}, {"type": "Feature", "id": 46389151, "geometry": {"type": "Polygon", "coordinates": [[[2546451.645, 1183522.283], [2546448.835, 1183518.333], [2546460.614, 1183509.833], [2546463.394, 1183513.932], [2546463.5439999998, 1183513.7719999999], [2546476.344, 1183531.802], [2546461.875, 1183540.372], [2546456.875, 1183531.043], [2546451.395, 1183522.413], [2546451.645, 1183522.283]]]}, "properties": {"OBJECTID": 46389151, "EGID": 846549}}, {"type": "Feature", "id": 46389163, "geometry": {"type": "Polygon", "coordinates": [[[2546559.745, 1183657.21], [2546558.429, 1183654.588], [2546557.735, 1183654.935], [2546554.533, 1183648.644], [2546558.307, 1183646.723], [2546557.672, 1183645.476], [2546561.3310000002, 1183643.616], [2546561.974, 1183644.863], [2546565.748, 1183642.936], [2546566.457, 1183644.325], [2546568.966, 1183649.24], [2546560.313, 1183653.654], [2546561.648, 1183656.254], [2546559.745, 1183657.21]]]}, "properties": {"OBJECTID": 46389163, "EGID": 280078887}}, {"type": "Feature", "id": 46389232, "geometry": {"type": "Polygon", "coordinates": [[[2546565.393, 1183731.039], [2546565.993, 1183739.099], [2546557.944, 1183739.659], [2546557.384, 1183731.609], [2546565.393, 1183731.039]]]}, "properties": {"OBJECTID": 46389232, "EGID": 846590}}, {"type": "Feature", "id": 46389480, "geometry": {"type": "Polygon", "coordinates": [[[2547503.579, 1182876.226], [2547507.541, 1182871.727], [2547512.023, 1182875.656], [2547508.066, 1182880.129], [2547503.579, 1182876.226]]]}, "properties": {"OBJECTID": 46389480, "EGID": 280120114}}, {"type": "Feature", "id": 46389709, "geometry": {"type": "Polygon", "coordinates": [[[2545189.197, 1181178.384], [2545187.017, 1181183.244], [2545181.537, 1181180.724], [2545183.687, 1181175.934], [2545189.197, 1181178.384]]]}, "properties": {"OBJECTID": 46389709, "EGID": 280031461}}, {"type": "Feature", "id": 46389725, "geometry": {"type": "Polygon", "coordinates": [[[2545970.891, 1183966.342], [2545966.241, 1183971.5219999999], [2545959.091, 1183965.332], [2545963.791, 1183960.132], [2545970.891, 1183966.342]]]}, "properties": {"OBJECTID": 46389725, "EGID": 846516}}, {"type": "Feature", "id": 46389814, "geometry": {"type": "Polygon", "coordinates": [[[2545845.843, 1184068.138], [2545855.035, 1184072.52], [2545851.454, 1184079.753], [2545842.355, 1184075.457], [2545845.843, 1184068.138]]]}, "properties": {"OBJECTID": 46389814, "EGID": 280082133}}, {"type": "Feature", "id": 46389924, "geometry": {"type": "Polygon", "coordinates": [[[2547385.639, 1182903.832], [2547385.949, 1182903.632], [2547390.4390000002, 1182908.292], [2547379.019, 1182919.5320000001], [2547373.929, 1182914.862], [2547374.119, 1182914.682], [2547385.639, 1182903.832]]]}, "properties": {"OBJECTID": 46389924, "EGID": 846877}}, {"type": "Feature", "id": 46390232, "geometry": {"type": "Polygon", "coordinates": [[[2546743.771, 1182198.595], [2546736.181, 1182205.955], [2546728.181, 1182197.866], [2546735.771, 1182190.446], [2546743.771, 1182198.595]]]}, "properties": {"OBJECTID": 46390232, "EGID": 846958}}, {"type": "Feature", "id": 46390380, "geometry": {"type": "Polygon", "coordinates": [[[2545951.962, 1184031.832], [2545946.612, 1184027.352], [2545953.512, 1184019.262], [2545958.792, 1184023.832], [2545951.962, 1184031.832]]]}, "properties": {"OBJECTID": 46390380, "EGID": 846470}}, {"type": "Feature", "id": 46391078, "geometry": {"type": "Polygon", "coordinates": [[[2546483.713, 1183614.88], [2546474.299, 1183613.648], [2546473.929, 1183616.642], [2546471.6, 1183616.339], [2546472.005, 1183613.347], [2546471.282, 1183613.246], [2546472.1859999998, 1183606.29], [2546476.367, 1183606.838], [2546476.538, 1183605.578], [2546480.57, 1183606.12], [2546480.392, 1183607.377], [2546484.616, 1183607.93], [2546483.713, 1183614.88]]]}, "properties": {"OBJECTID": 46391078, "EGID": 280080086}}, {"type": "Feature", "id": 46391089, "geometry": {"type": "Polygon", "coordinates": [[[2546894.219, 1183630.841], [2546894.989, 1183633.611], [2546891.569, 1183634.601], [2546890.799, 1183631.832], [2546894.219, 1183630.841]]]}, "properties": {"OBJECTID": 46391089, "EGID": 280072516}}, {"type": "Feature", "id": 46391319, "geometry": {"type": "Polygon", "coordinates": [[[2547337.899, 1182809.643], [2547338.459, 1182808.933], [2547348.999, 1182816.862], [2547343.329, 1182824.433], [2547332.929, 1182816.643], [2547332.339, 1182817.443], [2547324.289, 1182811.413], [2547330.009, 1182803.773], [2547337.899, 1182809.643]]]}, "properties": {"OBJECTID": 46391319, "EGID": 846935}}, {"type": "Feature", "id": 46391336, "geometry": {"type": "Polygon", "coordinates": [[[2546362.734, 1183628.923], [2546370.673, 1183626.195], [2546372.574, 1183631.726], [2546364.616, 1183634.459], [2546362.734, 1183628.923]]]}, "properties": {"OBJECTID": 46391336, "EGID": 280021916}}, {"type": "Feature", "id": 46391616, "geometry": {"type": "Polygon", "coordinates": [[[2549323.532, 1180908.376], [2549330.367, 1180899.039], [2549334.682, 1180903.564], [2549334.917, 1180903.34], [2549340.628, 1180909.329], [2549339.681, 1180910.231], [2549341.196, 1180911.822], [2549334.399, 1180918.296], [2549332.879, 1180916.7179999999], [2549331.946, 1180917.616], [2549326.247, 1180911.607], [2549326.4390000002, 1180911.424], [2549323.532, 1180908.376]]]}, "properties": {"OBJECTID": 46391616, "EGID": 280100447}}, {"type": "Feature", "id": 46391646, "geometry": {"type": "Polygon", "coordinates": [[[2547014.966, 1183231.521], [2547008.557, 1183225.621], [2547009.997, 1183224.231], [2547009.267, 1183222.741], [2547008.387, 1183223.181], [2547006.637, 1183219.431], [2547006.517, 1183219.491], [2547006.137, 1183218.491], [2547006.627, 1183218.211], [2547007.017, 1183218.251], [2547006.627, 1183217.491], [2547010.017, 1183215.841], [2547011.4560000002, 1183216.731], [2547012.166, 1183218.021], [2547019.106, 1183214.411], [2547023.996, 1183224.341], [2547021.156, 1183225.871], [2547022.306, 1183228.101], [2547016.676, 1183230.951], [2547016.596, 1183230.761], [2547014.966, 1183231.521]]]}, "properties": {"OBJECTID": 46391646, "EGID": 846713}}, {"type": "Feature", "id": 46391676, "geometry": {"type": "Polygon", "coordinates": [[[2546654.642, 1183679.977], [2546655.422, 1183683.527], [2546650.092, 1183684.737], [2546650.132, 1183685.217], [2546647.822, 1183685.727], [2546646.892, 1183681.727], [2546654.642, 1183679.977]]]}, "properties": {"OBJECTID": 46391676, "EGID": 280033536}}, {"type": "Feature", "id": 46391704, "geometry": {"type": "Polygon", "coordinates": [[[2547162.7939999998, 1183223.317], [2547154.925, 1183232.307], [2547154.215, 1183233.127], [2547140.795, 1183219.048], [2547141.692, 1183218.193], [2547139.224, 1183215.588], [2547140.687, 1183210.604], [2547145.734, 1183209.377], [2547148.214, 1183211.973], [2547151.555, 1183208.788], [2547163.284, 1183221.057], [2547164.404, 1183219.827], [2547165.204, 1183220.587], [2547162.7939999998, 1183223.317]]]}, "properties": {"OBJECTID": 46391704, "EGID": 846795}}, {"type": "Feature", "id": 46391707, "geometry": {"type": "Polygon", "coordinates": [[[2544232.196, 1183672.801], [2544231.279, 1183676.072], [2544229.785, 1183675.655], [2544230.642, 1183672.366], [2544232.196, 1183672.801]]]}, "properties": {"OBJECTID": 46391707, "EGID": 280114332}}, {"type": "Feature", "id": 46391783, "geometry": {"type": "Polygon", "coordinates": [[[2546704.37, 1183104.209], [2546704.19, 1183104.429], [2546704.02, 1183104.259], [2546681.91, 1183130.73], [2546677.23, 1183126.73], [2546677.11, 1183126.94], [2546665.99, 1183117.65], [2546666.3, 1183117.34], [2546666.62, 1183117.64], [2546686.36, 1183094.33], [2546686, 1183094.04], [2546686.29, 1183093.71], [2546695.38, 1183101.389], [2546697.52, 1183098.779], [2546697.35, 1183098.689], [2546697.58, 1183098.469], [2546704.37, 1183104.209]]]}, "properties": {"OBJECTID": 46391783, "EGID": 280001848}}, {"type": "Feature", "id": 46392303, "geometry": {"type": "Polygon", "coordinates": [[[2547601.855, 1182918.606], [2547608.645, 1182924.496], [2547599.835, 1182934.676], [2547593.006, 1182928.796], [2547601.855, 1182918.606]]]}, "properties": {"OBJECTID": 46392303, "EGID": 3164691}}, {"type": "Feature", "id": 46392633, "geometry": {"type": "Polygon", "coordinates": [[[2547281.893, 1183242.734], [2547281.113, 1183241.964], [2547286.813, 1183236.214], [2547292.463, 1183241.564], [2547284.403, 1183249.874], [2547279.583, 1183245.174], [2547281.893, 1183242.734]]]}, "properties": {"OBJECTID": 46392633, "EGID": 846751}}, {"type": "Feature", "id": 46393307, "geometry": {"type": "Polygon", "coordinates": [[[2546580.753, 1183713.849], [2546583.993, 1183713.428], [2546584.543, 1183717.378], [2546581.283, 1183717.789], [2546580.753, 1183713.849]]]}, "properties": {"OBJECTID": 46393307, "EGID": 280050113}}, {"type": "Feature", "id": 46393313, "geometry": {"type": "Polygon", "coordinates": [[[2546234.768, 1184013.975], [2546242.408, 1184011.465], [2546245.868, 1184022.025], [2546238.248, 1184024.455], [2546234.768, 1184013.975]]]}, "properties": {"OBJECTID": 46393313, "EGID": 846454}}, {"type": "Feature", "id": 46393335, "geometry": {"type": "Polygon", "coordinates": [[[2548028.12, 1183167.725], [2548021.541, 1183176.395], [2548014.441, 1183170.715], [2548017.671, 1183166.515], [2548018.531, 1183167.255], [2548021.8, 1183162.885], [2548028.12, 1183167.725]]]}, "properties": {"OBJECTID": 46393335, "EGID": 846924}}, {"type": "Feature", "id": 46393470, "geometry": {"type": "Polygon", "coordinates": [[[2546716.191, 1183605.716], [2546704.251, 1183608.506], [2546702.8109999998, 1183602.546], [2546714.771, 1183599.716], [2546716.191, 1183605.716]]]}, "properties": {"OBJECTID": 46393470, "EGID": 846653}}, {"type": "Feature", "id": 46394053, "geometry": {"type": "Polygon", "coordinates": [[[2547331.962, 1183375.642], [2547326.892, 1183377.702], [2547325.332, 1183373.922], [2547320.623, 1183375.873], [2547317.473, 1183367.993], [2547327.232, 1183363.992], [2547331.962, 1183375.642]]]}, "properties": {"OBJECTID": 46394053, "EGID": 846828}}, {"type": "Feature", "id": 46394131, "geometry": {"type": "Polygon", "coordinates": [[[2547416.371, 1183454.3], [2547408.058, 1183441.268], [2547414.926, 1183436.887], [2547423.231, 1183449.74], [2547416.371, 1183454.3]]]}, "properties": {"OBJECTID": 46394131, "EGID": 280008147}}, {"type": "Feature", "id": 46394170, "geometry": {"type": "Polygon", "coordinates": [[[2544129.297, 1183617.29], [2544127.44, 1183623.682], [2544121.048, 1183621.738], [2544122.458, 1183616.908], [2544125.712, 1183617.811], [2544126.069, 1183616.387], [2544129.297, 1183617.29]]]}, "properties": {"OBJECTID": 46394170, "EGID": 3105562}}, {"type": "Feature", "id": 46394175, "geometry": {"type": "Polygon", "coordinates": [[[2546987.957, 1183590.609], [2546986.447, 1183584.919], [2547000.127, 1183581.249], [2547000.527, 1183582.709], [2547006.867, 1183581.049], [2547007.937, 1183585.219], [2546987.957, 1183590.609]]]}, "properties": {"OBJECTID": 46394175, "EGID": 280011721}}, {"type": "Feature", "id": 46394182, "geometry": {"type": "Polygon", "coordinates": [[[2546759.721, 1183733.594], [2546763.021, 1183740.684], [2546762.611, 1183740.874], [2546763.621, 1183743.074], [2546755.821, 1183746.684], [2546753.231, 1183740.964], [2546753.601, 1183740.784], [2546752.011, 1183737.214], [2546759.721, 1183733.594]]]}, "properties": {"OBJECTID": 46394182, "EGID": 846612}}, {"type": "Feature", "id": 46394866, "geometry": {"type": "Polygon", "coordinates": [[[2546866.239, 1183433.983], [2546863.069, 1183430.873], [2546859.949, 1183434.003], [2546853.849, 1183428.214], [2546858.639, 1183423.063], [2546858.969, 1183422.763], [2546863.389, 1183427.1030000001], [2546864.049, 1183426.483], [2546869.059, 1183431.043], [2546867.769, 1183432.383], [2546866.239, 1183433.983]]]}, "properties": {"OBJECTID": 46394866, "EGID": 846729}}, {"type": "Feature", "id": 46395218, "geometry": {"type": "Polygon", "coordinates": [[[2545880.816, 1183945.989], [2545883.133, 1183948.041], [2545881.869, 1183949.4679999999], [2545879.543, 1183947.406], [2545880.816, 1183945.989]]]}, "properties": {"OBJECTID": 46395218, "EGID": 280117609}}, {"type": "Feature", "id": 46395345, "geometry": {"type": "Polygon", "coordinates": [[[2548092.748, 1183083.403], [2548088.889, 1183087.983], [2548084.409, 1183084.0929999999], [2548088.278, 1183079.613], [2548092.748, 1183083.403]]]}, "properties": {"OBJECTID": 46395345, "EGID": 280029220}}, {"type": "Feature", "id": 46395368, "geometry": {"type": "Polygon", "coordinates": [[[2544997.445, 1181367.755], [2544999.737, 1181364.971], [2545004.759, 1181369.072], [2545002.489, 1181371.854], [2544997.445, 1181367.755]]]}, "properties": {"OBJECTID": 46395368, "EGID": 280070666}}, {"type": "Feature", "id": 46395509, "geometry": {"type": "Polygon", "coordinates": [[[2545252.796, 1181188.133], [2545253.796, 1181185.733], [2545250.296, 1181184.203], [2545252.636, 1181179.033], [2545256.006, 1181180.583], [2545255.116, 1181182.703], [2545270.106, 1181193.132], [2545266.9560000002, 1181197.702], [2545252.796, 1181188.133]]]}, "properties": {"OBJECTID": 46395509, "EGID": 3164705}}, {"type": "Feature", "id": 46395518, "geometry": {"type": "Polygon", "coordinates": [[[2545866.863, 1184103.184], [2545869.323, 1184094.534], [2545874.743, 1184096.064], [2545872.273, 1184104.724], [2545866.863, 1184103.184]]]}, "properties": {"OBJECTID": 46395518, "EGID": 280020995}}, {"type": "Feature", "id": 46395544, "geometry": {"type": "Polygon", "coordinates": [[[2549215.213, 1181007.216], [2549221.783, 1181014.265], [2549216.573, 1181019.045], [2549210.083, 1181011.886], [2549215.213, 1181007.216]]]}, "properties": {"OBJECTID": 46395544, "EGID": 841963}}, {"type": "Feature", "id": 46395647, "geometry": {"type": "Polygon", "coordinates": [[[2547420.991, 1183373.55], [2547434.591, 1183394.8], [2547421.991, 1183402.92], [2547408.401, 1183381.71], [2547420.991, 1183373.55]]]}, "properties": {"OBJECTID": 46395647, "EGID": 280004128}}, {"type": "Feature", "id": 46395803, "geometry": {"type": "Polygon", "coordinates": [[[2546716.771, 1183710.045], [2546717.381, 1183716.605], [2546713.381, 1183717.595], [2546712.821, 1183710.515], [2546716.771, 1183710.045]]]}, "properties": {"OBJECTID": 46395803, "EGID": 280035002}}, {"type": "Feature", "id": 46395961, "geometry": {"type": "Polygon", "coordinates": [[[2546741.481, 1183675.485], [2546741.721, 1183676.465], [2546745.121, 1183675.495], [2546746.871, 1183682.195], [2546743.471, 1183683.195], [2546743.701, 1183684.215], [2546733.5609999998, 1183686.865], [2546731.221, 1183678.105], [2546741.481, 1183675.485]]]}, "properties": {"OBJECTID": 46395961, "EGID": 846605}}, {"type": "Feature", "id": 46396074, "geometry": {"type": "Polygon", "coordinates": [[[2546808.45, 1183376.965], [2546810.249, 1183379.365], [2546805.68, 1183382.825], [2546803.87, 1183380.445], [2546808.45, 1183376.965]]]}, "properties": {"OBJECTID": 46396074, "EGID": 280044249}}, {"type": "Feature", "id": 46396188, "geometry": {"type": "Polygon", "coordinates": [[[2546710.341, 1183573.506], [2546710.321, 1183573.366], [2546698.871, 1183576.096], [2546698.8310000002, 1183575.956], [2546697.451, 1183570.107], [2546709.541, 1183567.226], [2546710.991, 1183573.336], [2546710.341, 1183573.506]]]}, "properties": {"OBJECTID": 46396188, "EGID": 3164714}}, {"type": "Feature", "id": 46396374, "geometry": {"type": "Polygon", "coordinates": [[[2547526.608, 1183033.798], [2547530.788, 1183038.038], [2547527.208, 1183041.568], [2547527.938, 1183042.418], [2547525.518, 1183044.938], [2547524.628, 1183044.198], [2547521.128, 1183047.7280000001], [2547510.928, 1183037.759], [2547511.568, 1183037.159], [2547500.978, 1183026.599], [2547504.458, 1183023.039], [2547503.698, 1183022.199], [2547506.358, 1183019.749], [2547507.168, 1183020.389], [2547510.648, 1183016.779], [2547515.598, 1183021.568], [2547521.518, 1183027.388], [2547520.828, 1183028.058], [2547526.608, 1183033.798]]]}, "properties": {"OBJECTID": 46396374, "EGID": 846856}}, {"type": "Feature", "id": 46396608, "geometry": {"type": "Polygon", "coordinates": [[[2546091.81, 1184049.038], [2546096.93, 1184056.448], [2546087.32, 1184062.989], [2546082.261, 1184055.409], [2546091.81, 1184049.038]]]}, "properties": {"OBJECTID": 46396608, "EGID": 846459}}, {"type": "Feature", "id": 46396763, "geometry": {"type": "Polygon", "coordinates": [[[2547143.055, 1183379.267], [2547151.085, 1183391.227], [2547150.595, 1183391.567], [2547152.425, 1183394.347], [2547145.285, 1183399.247], [2547143.405, 1183396.557], [2547140.965, 1183398.247], [2547141.645, 1183399.227], [2547139.385, 1183400.797], [2547138.645, 1183399.837], [2547134.995, 1183402.3969999999], [2547126.785, 1183390.637], [2547143.055, 1183379.267]]]}, "properties": {"OBJECTID": 46396763, "EGID": 846798}}, {"type": "Feature", "id": 46396766, "geometry": {"type": "Polygon", "coordinates": [[[2545929.757, 1182235.518], [2545934.757, 1182243.168], [2545919.427, 1182253.128], [2545914.417, 1182245.518], [2545929.757, 1182235.518]]]}, "properties": {"OBJECTID": 46396766, "EGID": 190058288}}, {"type": "Feature", "id": 46396793, "geometry": {"type": "Polygon", "coordinates": [[[2545164.187, 1181218.015], [2545157.137, 1181216.095], [2545159.027, 1181209.135], [2545166.077, 1181210.954], [2545164.187, 1181218.015]]]}, "properties": {"OBJECTID": 46396793, "EGID": 280020278}}, {"type": "Feature", "id": 46396900, "geometry": {"type": "Polygon", "coordinates": [[[2547908.905, 1183163.712], [2547908.635, 1183163.48], [2547910.934, 1183160.796], [2547908.358, 1183158.581], [2547910.813, 1183154.932], [2547914.043, 1183151.963], [2547917.116, 1183154.628], [2547916.236, 1183155.639], [2547923.187, 1183161.686], [2547916.457, 1183169.454], [2547916.092, 1183169.875], [2547908.905, 1183163.712]]]}, "properties": {"OBJECTID": 46396900, "EGID": 846890}}, {"type": "Feature", "id": 46396947, "geometry": {"type": "Polygon", "coordinates": [[[2545745.953, 1184020.548], [2545741.303, 1184025.4780000001], [2545734.643, 1184019.028], [2545739.383, 1184014.088], [2545745.953, 1184020.548]]]}, "properties": {"OBJECTID": 46396947, "EGID": 846488}}, {"type": "Feature", "id": 46397106, "geometry": {"type": "Polygon", "coordinates": [[[2548529.7060000002, 1181713.695], [2548533.937, 1181718.637], [2548526.267, 1181725.107], [2548524.252, 1181722.711], [2548521.137, 1181719.007], [2548525.197, 1181715.607], [2548524.597, 1181714.887], [2548527.927, 1181711.617], [2548529.7060000002, 1181713.695]]]}, "properties": {"OBJECTID": 46397106, "EGID": 3105644}}, {"type": "Feature", "id": 46397495, "geometry": {"type": "Polygon", "coordinates": [[[2546687.126, 1182629.674], [2546680.376, 1182637.054], [2546676.6859999998, 1182633.574], [2546683.386, 1182626.264], [2546687.126, 1182629.674]]]}, "properties": {"OBJECTID": 46397495, "EGID": 280021236}}, {"type": "Feature", "id": 46397651, "geometry": {"type": "Polygon", "coordinates": [[[2548721.039, 1181450.996], [2548718.573, 1181444.6469999999], [2548731.746, 1181439.507], [2548734.257, 1181445.927], [2548738.021, 1181450.306], [2548733.322, 1181454.374], [2548729.138, 1181449.566], [2548728.55, 1181448.082], [2548721.039, 1181450.996]]]}, "properties": {"OBJECTID": 46397651, "EGID": 280076711}}, {"type": "Feature", "id": 46397819, "geometry": {"type": "Polygon", "coordinates": [[[2546716.191, 1183605.716], [2546717.621, 1183611.686], [2546705.671, 1183614.496], [2546704.251, 1183608.506], [2546716.191, 1183605.716]]]}, "properties": {"OBJECTID": 46397819, "EGID": 846652}}, {"type": "Feature", "id": 46398263, "geometry": {"type": "Polygon", "coordinates": [[[2546263.098, 1183982.245], [2546265.448, 1183988.495], [2546258.968, 1183991.005], [2546257.848, 1183988.015], [2546260.138, 1183987.105], [2546258.938, 1183983.755], [2546263.098, 1183982.245]]]}, "properties": {"OBJECTID": 46398263, "EGID": 846453}}, {"type": "Feature", "id": 46398355, "geometry": {"type": "Polygon", "coordinates": [[[2548439.92, 1181822.27], [2548429.01, 1181832.99], [2548421.63, 1181827.33], [2548432.52, 1181816.57], [2548439.92, 1181822.27]]]}, "properties": {"OBJECTID": 46398355, "EGID": 843421}}, {"type": "Feature", "id": 46398965, "geometry": {"type": "Polygon", "coordinates": [[[2546788.069, 1183269.476], [2546796.302, 1183277.214], [2546793.687, 1183279.998], [2546792.175, 1183281.608], [2546783.955, 1183273.868], [2546788.069, 1183269.476]]]}, "properties": {"OBJECTID": 46398965, "EGID": 280096654}}, {"type": "Feature", "id": 46399216, "geometry": {"type": "Polygon", "coordinates": [[[2544239.472, 1183628.505], [2544237.226, 1183636.519], [2544230.594, 1183634.758], [2544232.605, 1183626.76], [2544239.472, 1183628.505]]]}, "properties": {"OBJECTID": 46399216, "EGID": 842245}}, {"type": "Feature", "id": 46399697, "geometry": {"type": "Polygon", "coordinates": [[[2547227.764, 1183064.488], [2547226.213, 1183066.12], [2547223.144, 1183063.284], [2547224.616, 1183061.691], [2547216.253, 1183053.707], [2547214.683, 1183055.377], [2547211.703, 1183052.587], [2547213.233, 1183050.927], [2547212.903, 1183050.527], [2547219.173, 1183043.987], [2547233.211, 1183057.102], [2547227.107, 1183063.555], [2547227.92, 1183064.324], [2547227.764, 1183064.488]]]}, "properties": {"OBJECTID": 46399697, "EGID": 846763}}, {"type": "Feature", "id": 46399847, "geometry": {"type": "Polygon", "coordinates": [[[2547526.065, 1182753.637], [2547525.705, 1182753.297], [2547525.685, 1182752.597], [2547527.125, 1182751.057], [2547527.835, 1182751.027], [2547528.195, 1182751.367], [2547530.575, 1182748.827], [2547537.895, 1182755.687], [2547531.365, 1182762.667], [2547524.035, 1182755.807], [2547526.065, 1182753.637]]]}, "properties": {"OBJECTID": 46399847, "EGID": 3164688}}, {"type": "Feature", "id": 46400117, "geometry": {"type": "Polygon", "coordinates": [[[2546546.354, 1183786.299], [2546545.784, 1183797.249], [2546537.854, 1183796.849], [2546538.414, 1183785.939], [2546546.354, 1183786.299]]]}, "properties": {"OBJECTID": 46400117, "EGID": 846570}}, {"type": "Feature", "id": 46400179, "geometry": {"type": "Polygon", "coordinates": [[[2547474.727, 1183364.528], [2547474.973712766, 1183364.9897727333], [2547475.1410326236, 1183365.485862757], [2547475.2243929934, 1183366.0027305305], [2547475.221518762, 1183366.5262694354], [2547475.132488375, 1183367.0421907825], [2547474.9597316943, 1183367.5364137846], [2547474.707963683, 1183367.995449856], [2547474.384055722, 1183368.4067707513], [2547473.9968480715, 1183368.7591504923], [2547473.5569085996, 1183369.0429717514], [2547473.076244357, 1183369.250488335], [2547472.5679738773, 1183369.376036595], [2547472.045969136, 1183369.416190005], [2547471.5244769515, 1183369.3698526772], [2547471.0177301536, 1183369.2382892738], [2547470.5395591334, 1183369.0250904898], [2547470.1030143765, 1183368.7360750546], [2547469.720010285, 1183368.3791309246], [2547469.401, 1183367.964], [2547469.143402079, 1183367.475503736], [2547468.974518645, 1183366.9497056052], [2547468.899478292, 1183366.402572866], [2547468.920559821, 1183365.8507206596], [2547469.0371230342, 1183365.3109074456], [2547469.2456281804, 1183364.7995260884], [2547469.5397434463, 1183364.3321060424], [2547469.910537239, 1183363.9228417613], [2547470.3467494193, 1183363.5841616427], [2547470.835133244, 1183363.3263506098], [2547471.3608576385, 1183363.1572377803], [2547471.9079575846, 1183363.0819587146], [2547472.459818937, 1183363.1027994622], [2547472.9996829573, 1183363.219127138], [2547473.511155239, 1183363.427409143], [2547473.978703566, 1183363.72132044], [2547474.3881295896, 1183364.0919356311], [2547474.727, 1183364.528]]]}, "properties": {"OBJECTID": 46400179, "EGID": 280132768}}, {"type": "Feature", "id": 46400180, "geometry": {"type": "Polygon", "coordinates": [[[2545816.723, 1184066.675], [2545811.673, 1184072.616], [2545809.353, 1184070.716], [2545814.313, 1184064.535], [2545816.723, 1184066.675]]]}, "properties": {"OBJECTID": 46400180, "EGID": 280036609}}, {"type": "Feature", "id": 46400377, "geometry": {"type": "Polygon", "coordinates": [[[2548477.567, 1181668.499], [2548472.008, 1181673.819], [2548469.138, 1181670.659], [2548474.607, 1181665.419], [2548477.567, 1181668.499]]]}, "properties": {"OBJECTID": 46400377, "EGID": 280029582}}, {"type": "Feature", "id": 46400458, "geometry": {"type": "Polygon", "coordinates": [[[2547025.194, 1183101.281], [2547024.465, 1183101.81], [2547024.404, 1183101.758], [2547012.763, 1183109.943], [2547010.986, 1183111.219], [2547011.091, 1183111.426], [2547009.673, 1183112.387], [2547009.761, 1183112.507], [2547002.136, 1183116.695], [2546996.597, 1183106.352], [2547004.055, 1183102.202], [2547007.295, 1183107.856], [2547010.448, 1183105.66], [2547009.018, 1183103.013], [2547015.853, 1183099.331], [2547014.7939999998, 1183097.815], [2547015.132, 1183097.6030000001], [2547010.5609999998, 1183090.942], [2547014.606, 1183087.982], [2547018.916, 1183094.901], [2547019.909, 1183096.496], [2547020.586, 1183096.023], [2547024.128, 1183093.547], [2547028.136, 1183099.141], [2547025.194, 1183101.281]]]}, "properties": {"OBJECTID": 46400458, "EGID": 846776}}, {"type": "Feature", "id": 46400525, "geometry": {"type": "Polygon", "coordinates": [[[2547425.943, 1182931.808], [2547432.848, 1182924.597], [2547439.156, 1182930.643], [2547432.246, 1182937.8530000001], [2547425.943, 1182931.808]]]}, "properties": {"OBJECTID": 46400525, "EGID": 280092445}}, {"type": "Feature", "id": 46400528, "geometry": {"type": "Polygon", "coordinates": [[[2547764.843, 1182992.651], [2547771.633, 1182998.531], [2547764.433, 1183006.861], [2547757.653, 1183000.982], [2547764.843, 1182992.651]]]}, "properties": {"OBJECTID": 46400528, "EGID": 3164746}}, {"type": "Feature", "id": 46400579, "geometry": {"type": "Polygon", "coordinates": [[[2544936.209, 1181310.569], [2544933.599, 1181314.089], [2544931.759, 1181317.089], [2544931.539, 1181316.959], [2544931.059, 1181317.579], [2544928.639, 1181315.859], [2544928.499, 1181315.999], [2544921.309, 1181310.62], [2544926.4390000002, 1181303.57], [2544936.209, 1181310.569]]]}, "properties": {"OBJECTID": 46400579, "EGID": 846981}}, {"type": "Feature", "id": 46401009, "geometry": {"type": "Polygon", "coordinates": [[[2546813.713, 1183351.263], [2546818.572, 1183347.652], [2546820.999, 1183350.918], [2546816.123, 1183354.551], [2546813.713, 1183351.263]]]}, "properties": {"OBJECTID": 46401009, "EGID": 280037357}}, {"type": "Feature", "id": 46401054, "geometry": {"type": "Polygon", "coordinates": [[[2546938.247, 1183135.553], [2546936.047, 1183132.703], [2546940.437, 1183129.3429999999], [2546949.537, 1183141.113], [2546950.417, 1183140.423], [2546950.637, 1183140.673], [2546954.817, 1183137.383], [2546951.647, 1183133.293], [2546964.577, 1183123.423], [2546976.807, 1183139.612], [2546965.227, 1183148.412], [2546962.237, 1183144.632], [2546956.127, 1183149.283], [2546950.217, 1183141.423], [2546942.797, 1183147.053], [2546942.427, 1183146.613], [2546940.517, 1183148.583], [2546936.687, 1183143.573], [2546938.777, 1183141.963], [2546935.527, 1183137.663], [2546938.247, 1183135.553]]]}, "properties": {"OBJECTID": 46401054, "EGID": 280002562}}, {"type": "Feature", "id": 46401084, "geometry": {"type": "Polygon", "coordinates": [[[2549476.991, 1180908.993], [2549490.181, 1180899.313], [2549493.851, 1180904.382], [2549493.401, 1180904.732], [2549500.881, 1180914.0219999999], [2549489.5810000002, 1180923.182], [2549476.991, 1180908.993]]]}, "properties": {"OBJECTID": 46401084, "EGID": 841977}}, {"type": "Feature", "id": 46401192, "geometry": {"type": "Polygon", "coordinates": [[[2545967.392, 1184110.891], [2545967.912, 1184112.131], [2545971.482, 1184110.651], [2545974.832, 1184118.681], [2545965.862, 1184122.351], [2545962.172, 1184113.041], [2545967.392, 1184110.891]]]}, "properties": {"OBJECTID": 46401192, "EGID": 846462}}, {"type": "Feature", "id": 46401782, "geometry": {"type": "Polygon", "coordinates": [[[2546622.798, 1182831.754], [2546620.858, 1182843.574], [2546623.548, 1182844.004], [2546622.628, 1182849.244], [2546623.008, 1182849.344], [2546622.428, 1182852.754], [2546617.458, 1182851.974], [2546617.948, 1182848.664], [2546611.088, 1182847.554], [2546611.978, 1182842.384], [2546614.598, 1182842.894], [2546616.538, 1182830.704], [2546622.798, 1182831.754]]]}, "properties": {"OBJECTID": 46401782, "EGID": null}}, {"type": "Feature", "id": 46402054, "geometry": {"type": "Polygon", "coordinates": [[[2547851.422, 1183027.359], [2547846.082, 1183022.709], [2547853.932, 1183013.739], [2547858.362, 1183017.579], [2547857.312, 1183018.919], [2547858.052, 1183019.569], [2547851.422, 1183027.359]]]}, "properties": {"OBJECTID": 46402054, "EGID": 846896}}, {"type": "Feature", "id": 46402138, "geometry": {"type": "Polygon", "coordinates": [[[2546580.753, 1183713.849], [2546581.283, 1183717.789], [2546574.283, 1183718.649], [2546573.873, 1183714.749], [2546580.753, 1183713.849]]]}, "properties": {"OBJECTID": 46402138, "EGID": 280034778}}, {"type": "Feature", "id": 46402465, "geometry": {"type": "Polygon", "coordinates": [[[2548496.117, 1181658.388], [2548506.497, 1181669.2280000001], [2548500.937, 1181674.558], [2548490.547, 1181663.7280000001], [2548496.117, 1181658.388]]]}, "properties": {"OBJECTID": 46402465, "EGID": 280011489}}, {"type": "Feature", "id": 46402590, "geometry": {"type": "Polygon", "coordinates": [[[2547674.075, 1182997.594], [2547685.785, 1183007.744], [2547679.895, 1183014.534], [2547668.205, 1183004.384], [2547674.075, 1182997.594]]]}, "properties": {"OBJECTID": 46402590, "EGID": 3164743}}, {"type": "Feature", "id": 46402643, "geometry": {"type": "Polygon", "coordinates": [[[2546592.773, 1183774.398], [2546592.963, 1183777.2179999999], [2546594.833, 1183777.098], [2546595.073, 1183780.428], [2546593.193, 1183780.568], [2546593.673, 1183787.808], [2546581.693, 1183788.658], [2546581.353, 1183783.708], [2546585.453, 1183783.398], [2546584.763, 1183774.898], [2546592.773, 1183774.398]]]}, "properties": {"OBJECTID": 46402643, "EGID": 846576}}, {"type": "Feature", "id": 46402644, "geometry": {"type": "Polygon", "coordinates": [[[2544993.868, 1181368.333], [2544991.805, 1181376.637], [2544984.489, 1181380.985], [2544980.087, 1181373.674], [2544984.373, 1181371.127], [2544985.582, 1181366.262], [2544993.868, 1181368.333]]]}, "properties": {"OBJECTID": 46402644, "EGID": 400001544}}, {"type": "Feature", "id": 46402691, "geometry": {"type": "Polygon", "coordinates": [[[2546868.249, 1183738.651], [2546871.569, 1183745.621], [2546864.879, 1183748.971], [2546861.469, 1183741.912], [2546868.249, 1183738.651]]]}, "properties": {"OBJECTID": 46402691, "EGID": 280018660}}, {"type": "Feature", "id": 46402726, "geometry": {"type": "Polygon", "coordinates": [[[2546652.318, 1182886.482], [2546647.538, 1182895.942], [2546637.518, 1182890.743], [2546642.378, 1182881.233], [2546652.318, 1182886.482]]]}, "properties": {"OBJECTID": 46402726, "EGID": 846690}}, {"type": "Feature", "id": 46402891, "geometry": {"type": "Polygon", "coordinates": [[[2547211.793, 1183049.777], [2547209.983, 1183051.707], [2547207.443, 1183049.437], [2547208.296, 1183048.525], [2547209.343, 1183047.4070000001], [2547211.793, 1183049.777]]]}, "properties": {"OBJECTID": 46402891, "EGID": 280113782}}, {"type": "Feature", "id": 46402903, "geometry": {"type": "Polygon", "coordinates": [[[2548801.898, 1180181.178], [2548806.598, 1180184.818], [2548804.568, 1180187.648], [2548805.548, 1180188.4679999999], [2548802.248, 1180193.098], [2548796.338, 1180188.698], [2548801.898, 1180181.178]]]}, "properties": {"OBJECTID": 46402903, "EGID": 280017882}}, {"type": "Feature", "id": 46403061, "geometry": {"type": "Polygon", "coordinates": [[[2547495.769, 1183111.139], [2547494.789, 1183111.149], [2547492.009, 1183113.969], [2547492.739, 1183114.689], [2547492.719, 1183116.069], [2547490.379, 1183118.469], [2547490.379, 1183119.869], [2547485.599, 1183124.689], [2547484.179, 1183124.72], [2547481.859, 1183127.07], [2547480.449, 1183127.09], [2547473.72, 1183120.45], [2547473.72, 1183119.07], [2547476.589, 1183116.14], [2547476.579, 1183114.73], [2547480.299, 1183110.97], [2547481.709, 1183110.96], [2547485.029, 1183107.589], [2547484.319, 1183106.869], [2547484.289, 1183105.489], [2547487.1890000002, 1183102.589], [2547487.199, 1183101.169], [2547490.909, 1183097.409], [2547492.319, 1183097.389], [2547495.209, 1183094.479], [2547496.629, 1183094.489], [2547503.349, 1183101.109], [2547503.329, 1183102.489], [2547500.979, 1183104.879], [2547500.969, 1183105.869], [2547500.969, 1183106.279], [2547496.199, 1183111.129], [2547495.769, 1183111.139]]]}, "properties": {"OBJECTID": 46403061, "EGID": 3164698}}, {"type": "Feature", "id": 46403354, "geometry": {"type": "Polygon", "coordinates": [[[2546300.805, 1181105.269], [2546312.584, 1181096.329], [2546318.164, 1181103.948], [2546326.712, 1181097.676], [2546337.449, 1181111.644], [2546352.276, 1181103.327], [2546357.343, 1181112.299], [2546344.473, 1181119.566], [2546346.937, 1181122.861], [2546326.275, 1181138.777], [2546323.542, 1181135.394], [2546300.805, 1181105.269]]]}, "properties": {"OBJECTID": 46403354, "EGID": 847001}}, {"type": "Feature", "id": 46403481, "geometry": {"type": "Polygon", "coordinates": [[[2548788.879, 1180113.54], [2548797.349, 1180105.73], [2548807.609, 1180116.76], [2548799.089, 1180124.66], [2548788.879, 1180113.54]]]}, "properties": {"OBJECTID": 46403481, "EGID": 3164210}}, {"type": "Feature", "id": 46403705, "geometry": {"type": "Polygon", "coordinates": [[[2545782.013, 1184055.576], [2545785.613, 1184051.086], [2545789.563, 1184054.346], [2545780.863, 1184065.076], [2545774.603, 1184060.047], [2545779.723, 1184053.677], [2545782.013, 1184055.576]]]}, "properties": {"OBJECTID": 46403705, "EGID": 846483}}, {"type": "Feature", "id": 46403713, "geometry": {"type": "Polygon", "coordinates": [[[2547344.992, 1183330.622], [2547343.342, 1183327.512], [2547348.402, 1183324.822], [2547354.472, 1183336.242], [2547337.412, 1183345.302], [2547335.352, 1183341.542], [2547338.712, 1183339.742], [2547336.312, 1183335.192], [2547344.992, 1183330.622]]]}, "properties": {"OBJECTID": 46403713, "EGID": 846830}}, {"type": "Feature", "id": 46403788, "geometry": {"type": "Polygon", "coordinates": [[[2546868.08, 1183342.186], [2546876.532, 1183350.131], [2546872.563, 1183354.365], [2546864.102, 1183346.411], [2546868.08, 1183342.186]]]}, "properties": {"OBJECTID": 46403788, "EGID": 280092068}}, {"type": "Feature", "id": 46403999, "geometry": {"type": "Polygon", "coordinates": [[[2545908.911, 1183910.124], [2545911.441, 1183907.244], [2545916.171, 1183911.384], [2545910.501, 1183917.894], [2545905.891, 1183913.704], [2545903.571, 1183916.414], [2545899.361, 1183912.784], [2545904.821, 1183906.544], [2545908.911, 1183910.124]]]}, "properties": {"OBJECTID": 46403999, "EGID": 846523}}, {"type": "Feature", "id": 46404038, "geometry": {"type": "Polygon", "coordinates": [[[2547178.664, 1183234.007], [2547185.274, 1183236.467], [2547183.904, 1183240.307], [2547181.864, 1183239.627], [2547180.174, 1183243.707], [2547175.5439999998, 1183242.077], [2547178.664, 1183234.007]]]}, "properties": {"OBJECTID": 46404038, "EGID": 846791}}, {"type": "Feature", "id": 46404598, "geometry": {"type": "Polygon", "coordinates": [[[2547880.221, 1182981.258], [2547874.721, 1182987.578], [2547864.461, 1182978.699], [2547865.511, 1182977.529], [2547863.0810000002, 1182975.389], [2547867.5609999998, 1182970.279], [2547880.221, 1182981.258]]]}, "properties": {"OBJECTID": 46404598, "EGID": 846915}}, {"type": "Feature", "id": 46404636, "geometry": {"type": "Polygon", "coordinates": [[[2547740.657, 1182478.53], [2547749.8109999998, 1182480.043], [2547749.162, 1182485.923], [2547755.468, 1182486.82], [2547751.949, 1182510.851], [2547749.166, 1182510.434], [2547748.973, 1182511.901], [2547746.23, 1182511.497], [2547746.4560000002, 1182510.028], [2547744.009, 1182509.661], [2547746.369, 1182493.751], [2547738.329, 1182492.381], [2547739.649, 1182484.571], [2547740.657, 1182478.53]]]}, "properties": {"OBJECTID": 46404636, "EGID": 846949}}, {"type": "Feature", "id": 46404640, "geometry": {"type": "Polygon", "coordinates": [[[2545108.438, 1181447.295], [2545115.458, 1181452.995], [2545105.138, 1181465.485], [2545098.188, 1181459.875], [2545108.438, 1181447.295]]]}, "properties": {"OBJECTID": 46404640, "EGID": 280009684}}, {"type": "Feature", "id": 46404649, "geometry": {"type": "Polygon", "coordinates": [[[2545961.501, 1183957.5320000001], [2545957.421, 1183962.192], [2545952.851, 1183958.1030000001], [2545956.861, 1183953.303], [2545961.501, 1183957.5320000001]]]}, "properties": {"OBJECTID": 46404649, "EGID": 280025898}}, {"type": "Feature", "id": 46404786, "geometry": {"type": "Polygon", "coordinates": [[[2547870.323, 1183109.709], [2547862.543, 1183118.659], [2547855.673, 1183112.689], [2547863.503, 1183103.749], [2547870.323, 1183109.709]]]}, "properties": {"OBJECTID": 46404786, "EGID": 846887}}, {"type": "Feature", "id": 46404794, "geometry": {"type": "Polygon", "coordinates": [[[2546712.198, 1183291.445], [2546714.82, 1183294.918], [2546708.432, 1183299.759], [2546700.626, 1183289.419], [2546707.016, 1183284.58], [2546712.198, 1183291.445]]]}, "properties": {"OBJECTID": 46404794, "EGID": 280122325}}, {"type": "Feature", "id": 46404849, "geometry": {"type": "Polygon", "coordinates": [[[2547587.289, 1183262.597], [2547579.649, 1183266.547], [2547570.539, 1183248.557], [2547578.159, 1183244.687], [2547587.289, 1183262.597]]]}, "properties": {"OBJECTID": 46404849, "EGID": 9031400}}, {"type": "Feature", "id": 46404877, "geometry": {"type": "Polygon", "coordinates": [[[2549312.391, 1180994.864], [2549302.401, 1180979.935], [2549308.59, 1180975.755], [2549311.11, 1180979.385], [2549313.85, 1180983.604], [2549326.19, 1180975.564], [2549330.88, 1180982.714], [2549312.391, 1180994.864]]]}, "properties": {"OBJECTID": 46404877, "EGID": 841966}}, {"type": "Feature", "id": 46405066, "geometry": {"type": "Polygon", "coordinates": [[[2546662.797, 1183312.395], [2546659.867, 1183317.652], [2546655.809, 1183315.394], [2546657.184, 1183312.938], [2546655.714, 1183312.114], [2546657.29, 1183309.304], [2546662.797, 1183312.395]]]}, "properties": {"OBJECTID": 46405066, "EGID": 280099696}}, {"type": "Feature", "id": 46405111, "geometry": {"type": "Polygon", "coordinates": [[[2546672.512, 1183767.646], [2546673.702, 1183776.526], [2546663.892, 1183777.756], [2546662.712, 1183768.936], [2546672.512, 1183767.646]]]}, "properties": {"OBJECTID": 46405111, "EGID": 846577}}, {"type": "Feature", "id": 46405116, "geometry": {"type": "Polygon", "coordinates": [[[2547270.716, 1183077.446], [2547265.082, 1183083.152], [2547263.95, 1183082.042], [2547259.371, 1183077.558], [2547264.973, 1183071.839], [2547270.716, 1183077.446]]]}, "properties": {"OBJECTID": 46405116, "EGID": 280059088}}, {"type": "Feature", "id": 46405137, "geometry": {"type": "Polygon", "coordinates": [[[2549395.433, 1183424.381], [2549398.694, 1183430.821], [2549393.204, 1183433.641], [2549389.923, 1183427.161], [2549395.433, 1183424.381]]]}, "properties": {"OBJECTID": 46405137, "EGID": 280023100}}, {"type": "Feature", "id": 46405228, "geometry": {"type": "Polygon", "coordinates": [[[2545942.757, 1182255.7179999999], [2545947.737, 1182263.427], [2545932.417, 1182273.278], [2545927.497, 1182265.698], [2545942.757, 1182255.7179999999]]]}, "properties": {"OBJECTID": 46405228, "EGID": 280008764}}, {"type": "Feature", "id": 46405549, "geometry": {"type": "Polygon", "coordinates": [[[2548666.726, 1180292.998], [2548669.146, 1180307.768], [2548654.916, 1180309.988], [2548654.296, 1180309.568], [2548653.346, 1180304.028], [2548651.506, 1180304.348], [2548650.046, 1180295.799], [2548666.726, 1180292.998]]]}, "properties": {"OBJECTID": 46405549, "EGID": 842059}}, {"type": "Feature", "id": 46405752, "geometry": {"type": "Polygon", "coordinates": [[[2546782.201, 1184089.402], [2546780.701, 1184092.322], [2546777.121, 1184090.472], [2546774.991, 1184094.682], [2546771.431, 1184092.882], [2546774.761, 1184085.952], [2546782.201, 1184089.402]]]}, "properties": {"OBJECTID": 46405752, "EGID": 280023380}}, {"type": "Feature", "id": 46405764, "geometry": {"type": "Polygon", "coordinates": [[[2545107.837, 1181303.346], [2545115.247, 1181293.195], [2545130.877, 1181304.495], [2545134.317, 1181299.655], [2545137.757, 1181301.455], [2545140.907, 1181305.355], [2545141.577, 1181307.155], [2545142.087, 1181308.515], [2545128.107, 1181322.155], [2545105.958, 1181305.906], [2545107.837, 1181303.346]]]}, "properties": {"OBJECTID": 46405764, "EGID": 846979}}, {"type": "Feature", "id": 46405928, "geometry": {"type": "Polygon", "coordinates": [[[2547513.121, 1182857.82], [2547510.521, 1182855.945], [2547514.9189999998, 1182849.846], [2547517.789, 1182851.891], [2547513.413, 1182858.03], [2547513.121, 1182857.82]]]}, "properties": {"OBJECTID": 46405928, "EGID": 280087910}}, {"type": "Feature", "id": 46406041, "geometry": {"type": "Polygon", "coordinates": [[[2546647.492, 1183668.607], [2546647.132, 1183667.067], [2546651.212, 1183666.117], [2546651.512, 1183667.707], [2546654.942, 1183666.937], [2546656.642, 1183674.707], [2546645.832, 1183677.117], [2546644.112, 1183669.367], [2546647.492, 1183668.607]]]}, "properties": {"OBJECTID": 46406041, "EGID": 846562}}, {"type": "Feature", "id": 46406047, "geometry": {"type": "Polygon", "coordinates": [[[2548008.0609999998, 1183188.225], [2548005.0609999998, 1183192.775], [2547997.901, 1183188.185], [2548000.951, 1183183.555], [2548008.0609999998, 1183188.225]]]}, "properties": {"OBJECTID": 46406047, "EGID": 280021445}}, {"type": "Feature", "id": 46406170, "geometry": {"type": "Polygon", "coordinates": [[[2544154.458, 1183627.375], [2544152.483, 1183634.392], [2544143.842, 1183631.959], [2544144.824, 1183628.323], [2544145.977, 1183628.638], [2544146.63, 1183626.435], [2544148.463, 1183626.9679999999], [2544148.815, 1183625.788], [2544154.458, 1183627.375]]]}, "properties": {"OBJECTID": 46406170, "EGID": 842253}}, {"type": "Feature", "id": 46406184, "geometry": {"type": "Polygon", "coordinates": [[[2546728.7060000002, 1182586.213], [2546704.566, 1182611.494], [2546695.076, 1182602.564], [2546719.296, 1182577.214], [2546728.7060000002, 1182586.213]]]}, "properties": {"OBJECTID": 46406184, "EGID": 280003188}}, {"type": "Feature", "id": 46406499, "geometry": {"type": "Polygon", "coordinates": [[[2547165.567, 1182997.294], [2547169.244, 1182994.338], [2547171.132, 1182996.666], [2547173.613, 1182994.653], [2547174.876, 1182996.224], [2547178.447, 1182993.356], [2547182.207, 1182998.03], [2547169.114, 1183008.566], [2547165.332, 1183003.866], [2547165.485, 1183002.47], [2547164.089, 1183002.317], [2547162.217, 1182999.987], [2547165.567, 1182997.294]]]}, "properties": {"OBJECTID": 46406499, "EGID": 190058171}}, {"type": "Feature", "id": 46406624, "geometry": {"type": "Polygon", "coordinates": [[[2548599.1689999998, 1181817.461], [2548599.363509211, 1181817.7662839731], [2548599.5037549827, 1181818.0999953174], [2548599.5857208073, 1181818.452576856], [2548599.607059262, 1181818.813930987], [2548599.567159234, 1181819.1737088703], [2548599.467163421, 1181819.521606808], [2548599.30993561, 1181819.8476613327], [2548599.0999786556, 1181820.1425345512], [2548598.8433055263, 1181820.3977815737], [2548598.547267098, 1181820.606092367], [2548598.2203416307, 1181820.7615011076], [2548597.871891961, 1181820.8595570356], [2548597.5118973562, 1181820.8974519228], [2548597.1506677223, 1181820.874100495], [2548596.7985483333, 1181820.790171515], [2548596.4656235557, 1181820.6480686294], [2548596.1614280394, 1181820.4518615305], [2548595.8946736567, 1181820.2071694038], [2548595.673, 1181819.921], [2548595.522481404, 1181819.6377868957], [2548595.415955303, 1181819.3352679706], [2548595.355811885, 1181819.020231021], [2548595.3434006246, 1181818.6997447172], [2548595.379, 1181818.381], [2548595.4725775765, 1181818.040192313], [2548595.6210131664, 1181817.7194532945], [2548595.8202518616, 1181817.4275447738], [2548596.0648509343, 1181817.172440999], [2548596.348128518, 1181816.9611107998], [2548596.6623461405, 1181816.7993272163], [2548596.9989201226, 1181816.691509792], [2548597.348656061, 1181816.6406038434], [2548597.702, 1181816.648], [2548598.0404151464, 1181816.7112143452], [2548598.3643557485, 1181816.8277619798], [2548598.66547476, 1181816.994639796], [2548598.936013184, 1181817.207547818], [2548599.1689999998, 1181817.461]]]}, "properties": {"OBJECTID": 46406624, "EGID": 280131972}}, {"type": "Feature", "id": 46406772, "geometry": {"type": "Polygon", "coordinates": [[[2546550.864, 1183817.269], [2546551.394, 1183824.989], [2546551.554, 1183825.019], [2546551.654, 1183826.819], [2546542.7939999998, 1183827.459], [2546542.054, 1183817.929], [2546550.864, 1183817.269]]]}, "properties": {"OBJECTID": 46406772, "EGID": 846578}}, {"type": "Feature", "id": 46406795, "geometry": {"type": "Polygon", "coordinates": [[[2546801.998, 1182972.308], [2546803.258, 1182973.948], [2546798.378, 1182977.608], [2546797.138, 1182975.888], [2546801.998, 1182972.308]]]}, "properties": {"OBJECTID": 46406795, "EGID": 280049533}}, {"type": "Feature", "id": 46406797, "geometry": {"type": "Polygon", "coordinates": [[[2546858.087, 1182954.436], [2546857.677, 1182953.966], [2546865.327, 1182946.126], [2546878.737, 1182959.226], [2546867.398, 1182970.946], [2546854.487, 1182958.046], [2546858.087, 1182954.436]]]}, "properties": {"OBJECTID": 46406797, "EGID": 846702}}, {"type": "Feature", "id": 46407005, "geometry": {"type": "Polygon", "coordinates": [[[2547386.632, 1183386.721], [2547389.722, 1183392.241], [2547379.852, 1183395.901], [2547376.282, 1183390.311], [2547386.632, 1183386.721]]]}, "properties": {"OBJECTID": 46407005, "EGID": 280017341}}, {"type": "Feature", "id": 46407110, "geometry": {"type": "Polygon", "coordinates": [[[2544190.729, 1183674.408], [2544190.0609999998, 1183676.344], [2544188.091, 1183675.629], [2544188.793, 1183673.731], [2544190.729, 1183674.408]]]}, "properties": {"OBJECTID": 46407110, "EGID": 280114331}}, {"type": "Feature", "id": 46407336, "geometry": {"type": "Polygon", "coordinates": [[[2544175.092, 1183679.871], [2544173.153, 1183688.556], [2544165.503, 1183686.786], [2544167.542, 1183678.059], [2544175.092, 1183679.871]]]}, "properties": {"OBJECTID": 46407336, "EGID": 842240}}, {"type": "Feature", "id": 46407683, "geometry": {"type": "Polygon", "coordinates": [[[2546709.541, 1183567.226], [2546697.451, 1183570.107], [2546696.051, 1183564.097], [2546708.101, 1183561.216], [2546709.541, 1183567.226]]]}, "properties": {"OBJECTID": 46407683, "EGID": 3164713}}, {"type": "Feature", "id": 46408011, "geometry": {"type": "Polygon", "coordinates": [[[2545851.126, 1182242.153], [2545855.497, 1182239.321], [2545858.171, 1182243.449], [2545853.8, 1182246.281], [2545851.126, 1182242.153]]]}, "properties": {"OBJECTID": 46408011, "EGID": 280091033}}, {"type": "Feature", "id": 46408156, "geometry": {"type": "Polygon", "coordinates": [[[2546776.199, 1183239.65], [2546770.715, 1183245.4780000001], [2546761.971, 1183237.256], [2546767.45, 1183231.416], [2546776.199, 1183239.65]]]}, "properties": {"OBJECTID": 46408156, "EGID": 280094863}}, {"type": "Feature", "id": 46408178, "geometry": {"type": "Polygon", "coordinates": [[[2547973.121, 1183085.936], [2547972.141, 1183086.876], [2547966.0810000002, 1183081.576], [2547972.32, 1183074.346], [2547984.48, 1183084.946], [2547979.1, 1183091.086], [2547973.121, 1183085.936]]]}, "properties": {"OBJECTID": 46408178, "EGID": 846907}}, {"type": "Feature", "id": 46408226, "geometry": {"type": "Polygon", "coordinates": [[[2546562.433, 1183754.679], [2546562.773, 1183759.739], [2546549.924, 1183760.709], [2546549.594, 1183755.579], [2546562.433, 1183754.679]]]}, "properties": {"OBJECTID": 46408226, "EGID": 280017545}}, {"type": "Feature", "id": 46408342, "geometry": {"type": "Polygon", "coordinates": [[[2547783.903, 1182963.541], [2547778.193, 1182970.111], [2547768.293, 1182961.361], [2547773.943, 1182954.791], [2547783.903, 1182963.541]]]}, "properties": {"OBJECTID": 46408342, "EGID": 846893}}, {"type": "Feature", "id": 46408501, "geometry": {"type": "Polygon", "coordinates": [[[2546334.317, 1183834.534], [2546337.627, 1183839.644], [2546336.927, 1183840.064], [2546339.857, 1183844.674], [2546337.457, 1183846.304], [2546331.097, 1183836.684], [2546334.317, 1183834.534]]]}, "properties": {"OBJECTID": 46408501, "EGID": 280025550}}, {"type": "Feature", "id": 46408527, "geometry": {"type": "Polygon", "coordinates": [[[2546627.803, 1183792.487], [2546628.143, 1183796.477], [2546620.093, 1183796.997], [2546619.853, 1183793.017], [2546627.803, 1183792.487]]]}, "properties": {"OBJECTID": 46408527, "EGID": 280031116}}, {"type": "Feature", "id": 46408850, "geometry": {"type": "Polygon", "coordinates": [[[2546875.068, 1182984.226], [2546877.308, 1182981.766], [2546881.788, 1182985.855], [2546876.743, 1182991.393], [2546873.899, 1182988.785], [2546876.693, 1182985.717], [2546875.068, 1182984.226]]]}, "properties": {"OBJECTID": 46408850, "EGID": 280041011}}, {"type": "Feature", "id": 46408909, "geometry": {"type": "Polygon", "coordinates": [[[2546730.451, 1182950.39], [2546736.103, 1182956.037], [2546733.261, 1182958.881], [2546731.9560000002, 1182957.576], [2546729.841, 1182959.693], [2546725.494, 1182955.337], [2546730.451, 1182950.39]]]}, "properties": {"OBJECTID": 46408909, "EGID": 280118578}}, {"type": "Feature", "id": 46408915, "geometry": {"type": "Polygon", "coordinates": [[[2545867.43, 1182190.098], [2545872.471, 1182197.872], [2545842.095, 1182217.6469999999], [2545837.045, 1182209.89], [2545867.43, 1182190.098]]]}, "properties": {"OBJECTID": 46408915, "EGID": 280004626}}, {"type": "Feature", "id": 46408947, "geometry": {"type": "Polygon", "coordinates": [[[2548599.022, 1181734.35], [2548593.734, 1181730.07], [2548599.183, 1181723.391], [2548613.15, 1181734.803], [2548607.76, 1181741.423], [2548599.022, 1181734.35]]]}, "properties": {"OBJECTID": 46408947, "EGID": 280134831}}, {"type": "Feature", "id": 46408977, "geometry": {"type": "Polygon", "coordinates": [[[2546786.238, 1182945.058], [2546779.818, 1182938.759], [2546782.978, 1182935.538], [2546782.918, 1182932.688], [2546786.398, 1182929.158], [2546794.268, 1182936.878], [2546786.238, 1182945.058]]]}, "properties": {"OBJECTID": 46408977, "EGID": 3164684}}, {"type": "Feature", "id": 46409055, "geometry": {"type": "Polygon", "coordinates": [[[2547299.803, 1183387.173], [2547303.763, 1183394.8530000001], [2547293.593, 1183400.133], [2547289.653, 1183392.463], [2547299.803, 1183387.173]]]}, "properties": {"OBJECTID": 46409055, "EGID": 846824}}, {"type": "Feature", "id": 46409262, "geometry": {"type": "Polygon", "coordinates": [[[2547441.499, 1183420.902], [2547441.7456937297, 1183421.3638494299], [2547441.9130049604, 1183421.860004289], [2547441.9963698788, 1183422.376930766], [2547441.993514506, 1183422.9005284545], [2547441.9045167305, 1183423.4165149736], [2547441.7318041786, 1183423.910815557], [2547441.480087999, 1183424.369946973], [2547441.1562343524, 1183424.7813853133], [2547440.7690771227, 1183425.1339076126], [2547440.329176949, 1183425.4178979818], [2547439.8485331624, 1183425.6256099036], [2547439.3402564717, 1183425.7513775383], [2547438.8182113403, 1183425.791770273], [2547438.296637798, 1183425.7456862987], [2547437.7897630124, 1183425.6143826663], [2547437.3114132057, 1183425.4014409967], [2547436.874636514, 1183425.1126697834], [2547436.491347066, 1183424.7559459524], [2547436.172, 1183424.341], [2547435.9138765084, 1183423.85236501], [2547435.744525068, 1183423.3263308096], [2547435.669091337, 1183422.7788806818], [2547435.6898673307, 1183422.2266486215], [2547435.8062217818, 1183421.6864139207], [2547436.0146193183, 1183421.174591337], [2547436.308727887, 1183420.706732341], [2547436.6796111474, 1183420.2970525913], [2547437.116, 1183419.958], [2547437.60463499, 1183419.6998765084], [2547438.13066919, 1183419.5305250683], [2547438.678119318, 1183419.4550913372], [2547439.230351378, 1183419.475867331], [2547439.7705860795, 1183419.5922217816], [2547440.282408663, 1183419.8006193181], [2547440.750267659, 1183420.0947278868], [2547441.1599474084, 1183420.4656111475], [2547441.499, 1183420.902]]]}, "properties": {"OBJECTID": 46409262, "EGID": 280132887}}, {"type": "Feature", "id": 46409331, "geometry": {"type": "Polygon", "coordinates": [[[2544115.54, 1183667.625], [2544113.594, 1183673.431], [2544106.551, 1183671.11], [2544108.4, 1183665.281], [2544115.54, 1183667.625]]]}, "properties": {"OBJECTID": 46409331, "EGID": 280141272}}, {"type": "Feature", "id": 46409374, "geometry": {"type": "Polygon", "coordinates": [[[2546748.737, 1182866.78], [2546747.367, 1182865.46], [2546752.637, 1182860.14], [2546757.467, 1182864.83], [2546752.437, 1182869.91], [2546752.937, 1182870.4], [2546748.157, 1182875.18], [2546744.197, 1182871.27], [2546748.737, 1182866.78]]]}, "properties": {"OBJECTID": 46409374, "EGID": 846699}}, {"type": "Feature", "id": 46409396, "geometry": {"type": "Polygon", "coordinates": [[[2549363.193, 1180708.971], [2549369.703, 1180708.841], [2549369.903, 1180717.8], [2549363.373, 1180717.85], [2549363.193, 1180708.971]]]}, "properties": {"OBJECTID": 46409396, "EGID": 280018800}}, {"type": "Feature", "id": 46409556, "geometry": {"type": "Polygon", "coordinates": [[[2549426.48, 1180942.023], [2549426.91, 1180943.363], [2549428.71, 1180942.8530000001], [2549432.18, 1180954.3429999999], [2549429.66, 1180955.0929999999], [2549430.43, 1180957.672], [2549426.26, 1180959.0929999999], [2549425.79, 1180957.753], [2549421.82, 1180959.553], [2549421.04, 1180956.983], [2549418.27, 1180958.233], [2549415.18, 1180953.073], [2549411.66, 1180946.233], [2549415.43, 1180944.833], [2549418.85, 1180951.773], [2549420.6, 1180950.5929999999], [2549419.21, 1180945.753], [2549423.58, 1180944.393], [2549423.19, 1180942.973], [2549426.48, 1180942.023]]]}, "properties": {"OBJECTID": 46409556, "EGID": 841971}}, {"type": "Feature", "id": 46409618, "geometry": {"type": "Polygon", "coordinates": [[[2546030.631, 1184017.24], [2546035.221, 1184023.83], [2546027.901, 1184029.08], [2546023.171, 1184022.55], [2546022.158, 1184020.976], [2546026.275, 1184017.941], [2546029.474, 1184015.749], [2546030.631, 1184017.24]]]}, "properties": {"OBJECTID": 46409618, "EGID": 846469}}, {"type": "Feature", "id": 46409898, "geometry": {"type": "Polygon", "coordinates": [[[2545920.683, 1184125.472], [2545918.753, 1184115.642], [2545924.283, 1184114.542], [2545926.213, 1184124.372], [2545920.683, 1184125.472]]]}, "properties": {"OBJECTID": 46409898, "EGID": 3164680}}, {"type": "Feature", "id": 46410032, "geometry": {"type": "Polygon", "coordinates": [[[2547054.955, 1183161.467], [2547066.652, 1183172.4], [2547063.963, 1183175.274], [2547062.038, 1183177.328], [2547056.913, 1183182.821], [2547045.208, 1183171.899], [2547054.955, 1183161.467]]]}, "properties": {"OBJECTID": 46410032, "EGID": 280094861}}, {"type": "Feature", "id": 46410121, "geometry": {"type": "Polygon", "coordinates": [[[2547406.223, 1182854.417], [2547407.03, 1182855.077], [2547404.135, 1182858.632], [2547409.453, 1182863.005], [2547401.595, 1182872.644], [2547394.599, 1182866.919], [2547402.192, 1182857.624], [2547395.383, 1182852.062], [2547398.573, 1182848.163], [2547406.223, 1182854.417]]]}, "properties": {"OBJECTID": 46410121, "EGID": 280052479}}, {"type": "Feature", "id": 46410155, "geometry": {"type": "Polygon", "coordinates": [[[2547271.037, 1182507.435], [2547270.797, 1182509.705], [2547267.907, 1182509.415], [2547268.057, 1182507.215], [2547271.037, 1182507.435]]]}, "properties": {"OBJECTID": 46410155, "EGID": 280118242}}, {"type": "Feature", "id": 46410172, "geometry": {"type": "Polygon", "coordinates": [[[2547517.32, 1183198.939], [2547519.64, 1183205.229], [2547516.89, 1183206.249], [2547517.72, 1183208.669], [2547512.96, 1183210.469], [2547509.71, 1183201.789], [2547517.32, 1183198.939]]]}, "properties": {"OBJECTID": 46410172, "EGID": 846812}}, {"type": "Feature", "id": 46410297, "geometry": {"type": "Polygon", "coordinates": [[[2549387.036, 1180513.275], [2549386.156, 1180519.845], [2549386.726, 1180520.035], [2549385.486, 1180527.255], [2549366.396, 1180522.235], [2549368.556, 1180514.456], [2549376.826, 1180516.805], [2549378.296, 1180510.906], [2549387.036, 1180513.275]]]}, "properties": {"OBJECTID": 46410297, "EGID": 842009}}, {"type": "Feature", "id": 46410911, "geometry": {"type": "Polygon", "coordinates": [[[2547337.95, 1182926.123], [2547359.33, 1182947.203], [2547348.79, 1182957.913], [2547327.36, 1182936.803], [2547328.38, 1182935.774], [2547324.725, 1182932.058], [2547333.236, 1182923.445], [2547336.966, 1182927.116], [2547337.95, 1182926.123]]]}, "properties": {"OBJECTID": 46410911, "EGID": 3164742}}, {"type": "Feature", "id": 46411043, "geometry": {"type": "Polygon", "coordinates": [[[2546677.089, 1181866.592], [2546681.364, 1181864.917], [2546683.665, 1181870.83], [2546679.428, 1181872.506], [2546677.089, 1181866.592]]]}, "properties": {"OBJECTID": 46411043, "EGID": 280032877}}, {"type": "Feature", "id": 46411669, "geometry": {"type": "Polygon", "coordinates": [[[2547169.182, 1182888.188], [2547178.892, 1182898.607], [2547179.102, 1182898.377], [2547185.772, 1182905.807], [2547170.723, 1182919.798], [2547163.953, 1182912.378], [2547164.053, 1182912.238], [2547154.543, 1182901.768], [2547158.063, 1182898.503], [2547169.182, 1182888.188]]]}, "properties": {"OBJECTID": 46411669, "EGID": 280002936}}, {"type": "Feature", "id": 46411776, "geometry": {"type": "Polygon", "coordinates": [[[2546181.948, 1183750.118], [2546184.878, 1183755.138], [2546179.688, 1183758.188], [2546176.698, 1183753.168], [2546181.948, 1183750.118]]]}, "properties": {"OBJECTID": 46411776, "EGID": 280028767}}, {"type": "Feature", "id": 46411791, "geometry": {"type": "Polygon", "coordinates": [[[2548574.438, 1181792.426], [2548574.3236687076, 1181792.1591759701], [2548574.254975094, 1181791.8771336067], [2548574.233805838, 1181791.5876192376], [2548574.260742356, 1181791.2985844102], [2548574.3350448334, 1181791.017967502], [2548574.4546725424, 1181790.7534756903], [2548574.6163398945, 1181790.5123732751], [2548574.815606676, 1181790.301282164], [2548575.047, 1181790.126], [2548575.300568461, 1181789.9925591394], [2548575.572502013, 1181789.902250937], [2548575.8555216757, 1181789.857492716], [2548576.142051724, 1181789.8594825426], [2548576.4244224667, 1181789.9081671536], [2548576.6950755487, 1181790.002243384], [2548576.946766265, 1181790.1391930494], [2548577.1727574887, 1181790.3153503512], [2548577.367, 1181790.526], [2548577.411, 1181790.584], [2548577.557458432, 1181790.8267114991], [2548577.6628625295, 1181791.0898633949], [2548577.7244535084, 1181791.3665681027], [2548577.740619321, 1181791.6495833155], [2548577.710936853, 1181791.9315015574], [2548577.636182997, 1181792.204944065], [2548577.518314316, 1181792.4627539138], [2548577.360415836, 1181792.6981833386], [2548577.1666203, 1181792.9050703475], [2548576.942, 1181793.078], [2548576.685848937, 1181793.2155547661], [2548576.410478466, 1181793.3088595609], [2548576.1234702077, 1181793.355345476], [2548575.8327261973, 1181793.3537326409], [2548575.5462513254, 1181793.3040654608], [2548575.2719329437, 1181793.2077113944], [2548575.0173237044, 1181793.0673233035], [2548574.78943362, 1181792.8867664142], [2548574.5945370593, 1181792.6710118973], [2548574.438, 1181792.426]]]}, "properties": {"OBJECTID": 46411791, "EGID": 280109670}}, {"type": "Feature", "id": 46412401, "geometry": {"type": "Polygon", "coordinates": [[[2546885.473, 1180978.014], [2546882.513, 1180980.604], [2546875.833, 1180972.954], [2546878.843, 1180970.344], [2546885.473, 1180978.014]]]}, "properties": {"OBJECTID": 46412401, "EGID": 280025302}}, {"type": "Feature", "id": 46412520, "geometry": {"type": "Polygon", "coordinates": [[[2546323.405, 1183450.037], [2546327.015, 1183456.6570000001], [2546313.175, 1183463.6570000001], [2546310.265, 1183456.887], [2546323.405, 1183450.037]]]}, "properties": {"OBJECTID": 46412520, "EGID": 846554}}, {"type": "Feature", "id": 46412940, "geometry": {"type": "Polygon", "coordinates": [[[2546902.945, 1183258.072], [2546902.828, 1183258.196], [2546895.242, 1183246.784], [2546895.36, 1183246.66], [2546907.533, 1183233.875], [2546893.838, 1183221.034], [2546903.463, 1183210.792], [2546926.803, 1183232.735], [2546902.945, 1183258.072]]]}, "properties": {"OBJECTID": 46412940, "EGID": 280076517}}, {"type": "Feature", "id": 46413044, "geometry": {"type": "Polygon", "coordinates": [[[2547701.165, 1183032.993], [2547690.615, 1183023.834], [2547696.355, 1183017.253], [2547706.895, 1183026.413], [2547701.165, 1183032.993]]]}, "properties": {"OBJECTID": 46413044, "EGID": 3164744}}, {"type": "Feature", "id": 46413219, "geometry": {"type": "Polygon", "coordinates": [[[2547954.321, 1183098.156], [2547951.181, 1183101.877], [2547947.261, 1183098.527], [2547948.591, 1183096.987], [2547947.931, 1183096.347], [2547949.981, 1183094.127], [2547954.321, 1183098.156]]]}, "properties": {"OBJECTID": 46413219, "EGID": 280033602}}, {"type": "Feature", "id": 46413285, "geometry": {"type": "Polygon", "coordinates": [[[2549445.411, 1180925.883], [2549452.42, 1180937.252], [2549448.132, 1180939.959], [2549450.265, 1180943.513], [2549449.473, 1180945.957], [2549442.437, 1180950.488], [2549434.33, 1180936.293], [2549432.98, 1180933.763], [2549445.411, 1180925.883]]]}, "properties": {"OBJECTID": 46413285, "EGID": 9031546}}, {"type": "Feature", "id": 46413306, "geometry": {"type": "Polygon", "coordinates": [[[2545921.013, 1184146.842], [2545915.503, 1184147.992], [2545913.463, 1184138.172], [2545918.973, 1184137.0320000001], [2545921.013, 1184146.842]]]}, "properties": {"OBJECTID": 46413306, "EGID": 3164679}}, {"type": "Feature", "id": 46413342, "geometry": {"type": "Polygon", "coordinates": [[[2547168.144, 1183029.898], [2547171.954, 1183033.688], [2547172.2939999998, 1183033.4679999999], [2547176.3140000002, 1183037.558], [2547170.994, 1183042.828], [2547163.104, 1183034.948], [2547168.144, 1183029.898]]]}, "properties": {"OBJECTID": 46413342, "EGID": 846765}}, {"type": "Feature", "id": 46413345, "geometry": {"type": "Polygon", "coordinates": [[[2547224.204, 1183315.975], [2547224.514, 1183316.435], [2547223.824, 1183317.035], [2547226.264, 1183320.185], [2547223.444, 1183322.575], [2547220.934, 1183319.305], [2547215.994, 1183323.215], [2547214.984, 1183324.005], [2547209.274, 1183316.516], [2547218.864, 1183309.335], [2547224.204, 1183315.975]]]}, "properties": {"OBJECTID": 46413345, "EGID": 846802}}, {"type": "Feature", "id": 46413601, "geometry": {"type": "Polygon", "coordinates": [[[2545405.01, 1180975.905], [2545408.369, 1180972.831], [2545423.268, 1180989.256], [2545414.296, 1180997.3969999999], [2545399.405, 1180981.036], [2545405.01, 1180975.905]]]}, "properties": {"OBJECTID": 46413601, "EGID": 280005772}}, {"type": "Feature", "id": 46413804, "geometry": {"type": "Polygon", "coordinates": [[[2545857.233, 1184137.734], [2545862.043, 1184120.934], [2545865.623, 1184122.174], [2545862.803, 1184132.484], [2545863.093, 1184132.564], [2545861.253, 1184138.854], [2545857.233, 1184137.734]]]}, "properties": {"OBJECTID": 46413804, "EGID": 280016784}}, {"type": "Feature", "id": 46414029, "geometry": {"type": "Polygon", "coordinates": [[[2546276.266, 1183531.107], [2546291.126, 1183524.197], [2546293.396, 1183528.8969999999], [2546296.096, 1183533.767], [2546280.996, 1183540.847], [2546277.9560000002, 1183534.487], [2546276.266, 1183531.107]]]}, "properties": {"OBJECTID": 46414029, "EGID": 846546}}, {"type": "Feature", "id": 46414463, "geometry": {"type": "Polygon", "coordinates": [[[2544221.657, 1183625.634], [2544220.038, 1183631.787], [2544214.308, 1183630.25], [2544215.16, 1183626.703], [2544214.729, 1183626.605], [2544214.827, 1183626.183], [2544215.239, 1183626.271], [2544215.572, 1183624.9679999999], [2544218.954, 1183625.803], [2544219.109, 1183625.096], [2544221.657, 1183625.634]]]}, "properties": {"OBJECTID": 46414463, "EGID": 3105564}}, {"type": "Feature", "id": 46414600, "geometry": {"type": "Polygon", "coordinates": [[[2546654.401, 1183294.469], [2546658.22, 1183296.437], [2546664.534, 1183299.992], [2546662.2060000002, 1183304.173], [2546658.007, 1183301.851], [2546655.227, 1183306.814], [2546649.337, 1183303.54], [2546654.401, 1183294.469]]]}, "properties": {"OBJECTID": 46414600, "EGID": 280099697}}, {"type": "Feature", "id": 46414670, "geometry": {"type": "Polygon", "coordinates": [[[2547167.925, 1183329.106], [2547157.565, 1183337.117], [2547153.715, 1183331.6570000001], [2547157.505, 1183329.117], [2547163.995, 1183323.827], [2547165.895, 1183326.187], [2547165.715, 1183326.357], [2547167.925, 1183329.106]]]}, "properties": {"OBJECTID": 46414670, "EGID": 9031395}}, {"type": "Feature", "id": 46414729, "geometry": {"type": "Polygon", "coordinates": [[[2547005.523, 1181904.458], [2547005.464, 1181911.998], [2547005.464, 1181915.038], [2546995.5640000002, 1181914.9679999999], [2546995.604, 1181911.938], [2546996.854, 1181911.918], [2546996.984, 1181904.4780000001], [2547005.523, 1181904.458]]]}, "properties": {"OBJECTID": 46414729, "EGID": 846955}}, {"type": "Feature", "id": 46414765, "geometry": {"type": "Polygon", "coordinates": [[[2546710.341, 1183573.506], [2546711.751, 1183579.366], [2546699.761, 1183582.216], [2546698.321, 1183576.106], [2546698.8310000002, 1183575.956], [2546698.871, 1183576.096], [2546710.321, 1183573.366], [2546710.341, 1183573.506]]]}, "properties": {"OBJECTID": 46414765, "EGID": 3164715}}, {"type": "Feature", "id": 46415109, "geometry": {"type": "Polygon", "coordinates": [[[2546933.148, 1183395.642], [2546919.668, 1183404.822], [2546915.798, 1183398.842], [2546915.918, 1183398.762], [2546913.788, 1183395.5320000001], [2546909.098, 1183398.582], [2546904.888, 1183391.942], [2546909.988, 1183388.682], [2546912.248, 1183392.352], [2546925.078, 1183383.552], [2546924.938, 1183383.372], [2546925.468, 1183383.062], [2546933.148, 1183395.642]]]}, "properties": {"OBJECTID": 46415109, "EGID": 846735}}, {"type": "Feature", "id": 46415177, "geometry": {"type": "Polygon", "coordinates": [[[2547119.815, 1183230.378], [2547119.225, 1183229.998], [2547118.355, 1183228.948], [2547117.405, 1183229.858], [2547107.895, 1183219.419], [2547117.975, 1183209.948], [2547127.605, 1183220.448], [2547123.885, 1183223.918], [2547125.165, 1183225.328], [2547119.815, 1183230.378]]]}, "properties": {"OBJECTID": 46415177, "EGID": 846796}}, {"type": "Feature", "id": 46415181, "geometry": {"type": "Polygon", "coordinates": [[[2546956.478, 1183435.511], [2546957.968, 1183443.431], [2546956.928, 1183445.211], [2546940.538, 1183450.451], [2546937.958, 1183446.241], [2546927.688, 1183429.352], [2546927.945, 1183429.197], [2546939.658, 1183422.131], [2546947.628, 1183435.266], [2546949.828, 1183438.891], [2546955.618, 1183435.271], [2546956.478, 1183435.511]]]}, "properties": {"OBJECTID": 46415181, "EGID": 846732}}, {"type": "Feature", "id": 46415254, "geometry": {"type": "Polygon", "coordinates": [[[2545158.084, 1181492.077], [2545150.214, 1181484.2719999999], [2545157.032, 1181477.4], [2545158.596, 1181478.961], [2545160.656, 1181476.8969999999], [2545159.085, 1181475.329], [2545165.935, 1181468.47], [2545174.692, 1181477.163], [2545167.881, 1181484.027], [2545166.3, 1181482.46], [2545164.224, 1181484.558], [2545165.804, 1181486.119], [2545159.7060000002, 1181492.259], [2545158.992, 1181492.9780000001], [2545158.084, 1181492.077]]]}, "properties": {"OBJECTID": 46415254, "EGID": 280100693}}, {"type": "Feature", "id": 46415321, "geometry": {"type": "Polygon", "coordinates": [[[2548885.267, 1180273.644], [2548886.387, 1180267.884], [2548892.687, 1180268.964], [2548891.287, 1180275.473], [2548885.267, 1180273.644]]]}, "properties": {"OBJECTID": 46415321, "EGID": 842048}}, {"type": "Feature", "id": 46415566, "geometry": {"type": "Polygon", "coordinates": [[[2546614.998, 1182870.484], [2546622.188, 1182873.963], [2546617.808, 1182882.963], [2546610.618, 1182879.464], [2546608.328, 1182878.424], [2546612.758, 1182869.324], [2546614.998, 1182870.484]]]}, "properties": {"OBJECTID": 46415566, "EGID": 846691}}, {"type": "Feature", "id": 46415997, "geometry": {"type": "Polygon", "coordinates": [[[2544115.496, 1183596.408], [2544113.816, 1183602.838], [2544107.539, 1183601.136], [2544109.407, 1183594.553], [2544115.496, 1183596.408]]]}, "properties": {"OBJECTID": 46415997, "EGID": 842258}}, {"type": "Feature", "id": 46416270, "geometry": {"type": "Polygon", "coordinates": [[[2546700.161, 1183359.818], [2546704.521, 1183365.547], [2546704.301, 1183365.747], [2546705.821, 1183367.837], [2546704.3310000002, 1183368.9070000001], [2546704.941, 1183369.747], [2546704.051, 1183370.427], [2546697.531, 1183361.7179999999], [2546700.161, 1183359.818]]]}, "properties": {"OBJECTID": 46416270, "EGID": 280031345}}, {"type": "Feature", "id": 46416472, "geometry": {"type": "Polygon", "coordinates": [[[2547717.444, 1183007.483], [2547721.974, 1183011.413], [2547719.964, 1183013.723], [2547715.434, 1183009.793], [2547717.444, 1183007.483]]]}, "properties": {"OBJECTID": 46416472, "EGID": 280042599}}, {"type": "Feature", "id": 46416648, "geometry": {"type": "Polygon", "coordinates": [[[2547061.315, 1182890.278], [2547057.518, 1182893.213], [2547058.323, 1182894.273], [2547056.959, 1182895.322], [2547056.133, 1182894.284], [2547053.457, 1182896.3530000001], [2547050.005, 1182891.88], [2547046.921, 1182894.245], [2547044.618, 1182891.241], [2547047.701, 1182888.896], [2547047.604, 1182888.77], [2547049.429, 1182887.351], [2547049.306, 1182887.193], [2547050.171, 1182886.046], [2547051.108, 1182885.196], [2547052.183, 1182884.495], [2547053.511, 1182883.965], [2547053.624, 1182884.0929999999], [2547055.482, 1182882.713], [2547061.315, 1182890.278]]]}, "properties": {"OBJECTID": 46416648, "EGID": 400001560}}, {"type": "Feature", "id": 46416717, "geometry": {"type": "Polygon", "coordinates": [[[2545279.4560000002, 1181178.232], [2545276.356, 1181183.412], [2545270.976, 1181180.222], [2545274.036, 1181175.0219999999], [2545279.4560000002, 1181178.232]]]}, "properties": {"OBJECTID": 46416717, "EGID": 280025928}}, {"type": "Feature", "id": 46416924, "geometry": {"type": "Polygon", "coordinates": [[[2546795.738, 1183360.168], [2546790.445, 1183353.211], [2546787.2, 1183348.946], [2546792.02, 1183345.335], [2546795.83, 1183350.375], [2546801.464, 1183346.113], [2546799.537, 1183343.566], [2546803.759, 1183340.372], [2546805.56, 1183342.753], [2546810.162, 1183339.271], [2546815.5640000002, 1183346.413], [2546812.083, 1183349.038], [2546806.92, 1183352.93], [2546806.819, 1183352.795], [2546796.2, 1183360.775], [2546795.738, 1183360.168]]]}, "properties": {"OBJECTID": 46416924, "EGID": 846677}}, {"type": "Feature", "id": 46417672, "geometry": {"type": "Polygon", "coordinates": [[[2546816.88, 1183637.293], [2546813.01, 1183633.263], [2546817.32, 1183629.143], [2546821.49, 1183633.463], [2546819.34, 1183635.533], [2546819.03, 1183635.173], [2546816.88, 1183637.293]]]}, "properties": {"OBJECTID": 46417672, "EGID": 280029404}}, {"type": "Feature", "id": 46417758, "geometry": {"type": "Polygon", "coordinates": [[[2546818.749, 1183286.378], [2546822.719, 1183282.1469999999], [2546831.172, 1183290.087], [2546827.209, 1183294.324], [2546818.749, 1183286.378]]]}, "properties": {"OBJECTID": 46417758, "EGID": 280092055}}, {"type": "Feature", "id": 46418002, "geometry": {"type": "Polygon", "coordinates": [[[2546928.339, 1184002.109], [2546920.999, 1184008.589], [2546913.819, 1184000.769], [2546921.389, 1183994.209], [2546928.339, 1184002.109]]]}, "properties": {"OBJECTID": 46418002, "EGID": 280012338}}, {"type": "Feature", "id": 46418037, "geometry": {"type": "Polygon", "coordinates": [[[2546870.245, 1183502.304], [2546870.3310000002, 1183502.602], [2546864.434, 1183504.291], [2546864.599, 1183504.867], [2546857.184, 1183506.991], [2546857.019, 1183506.414], [2546851.122, 1183508.1030000001], [2546846.894, 1183493.45], [2546866.092, 1183487.91], [2546869.832, 1183500.873], [2546870.245, 1183502.304]]]}, "properties": {"OBJECTID": 46418037, "EGID": 280059395}}, {"type": "Feature", "id": 46418099, "geometry": {"type": "Polygon", "coordinates": [[[2547539.264, 1182717.467], [2547540.654, 1182715.9070000001], [2547538.374, 1182713.697], [2547541.084, 1182710.837], [2547539.854, 1182709.757], [2547542.194, 1182707.227], [2547547.224, 1182712.067], [2547545.834, 1182713.597], [2547549.624, 1182717.217], [2547544.5439999998, 1182722.577], [2547539.264, 1182717.467]]]}, "properties": {"OBJECTID": 46418099, "EGID": 846947}}, {"type": "Feature", "id": 46418186, "geometry": {"type": "Polygon", "coordinates": [[[2547366.179, 1182915.592], [2547372.6890000002, 1182922.146], [2547363.676, 1182931.362], [2547357.14, 1182924.823], [2547351.36, 1182919.193], [2547360.4189999998, 1182909.982], [2547366.179, 1182915.592]]]}, "properties": {"OBJECTID": 46418186, "EGID": 846873}}, {"type": "Feature", "id": 46418330, "geometry": {"type": "Polygon", "coordinates": [[[2545946.619, 1184067.045], [2545950.179, 1184063.04], [2545955.074, 1184067.392], [2545953.237, 1184069.445], [2545952.326, 1184068.632], [2545950.6, 1184070.565], [2545946.619, 1184067.045]]]}, "properties": {"OBJECTID": 46418330, "EGID": 280052474}}, {"type": "Feature", "id": 46418619, "geometry": {"type": "Polygon", "coordinates": [[[2547431.252, 1183286.371], [2547434.054, 1183285.061], [2547439.385, 1183296.469], [2547436.592, 1183297.773], [2547431.252, 1183286.371]]]}, "properties": {"OBJECTID": 46418619, "EGID": 280026846}}, {"type": "Feature", "id": 46418778, "geometry": {"type": "Polygon", "coordinates": [[[2549477.141, 1180901.1030000001], [2549460.3109999998, 1180911.223], [2549458.221, 1180911.283], [2549456.8109999998, 1180910.563], [2549451.301, 1180901.963], [2549455.851, 1180899.293], [2549449.891, 1180890.014], [2549451.881, 1180888.754], [2549455.691, 1180886.554], [2549454.8310000002, 1180884.964], [2549457.001, 1180883.634], [2549457.961, 1180885.224], [2549464.211, 1180881.494], [2549471.471, 1180892.803], [2549475.481, 1180889.863], [2549477.851, 1180893.663], [2549473.921, 1180896.3429999999], [2549477.141, 1180901.1030000001]]]}, "properties": {"OBJECTID": 46418778, "EGID": 841972}}, {"type": "Feature", "id": 46418805, "geometry": {"type": "Polygon", "coordinates": [[[2547193.0640000002, 1183302.236], [2547186.994, 1183309.176], [2547178.454, 1183300.186], [2547174.394, 1183296.557], [2547179.484, 1183290.626], [2547183.654, 1183294.286], [2547193.0640000002, 1183302.236]]]}, "properties": {"OBJECTID": 46418805, "EGID": 846787}}, {"type": "Feature", "id": 46418847, "geometry": {"type": "Polygon", "coordinates": [[[2545765.033, 1184031.8969999999], [2545760.703, 1184037.437], [2545759.553, 1184036.517], [2545756.743, 1184039.997], [2545750.433, 1184034.937], [2545757.783, 1184025.957], [2545765.033, 1184031.8969999999]]]}, "properties": {"OBJECTID": 46418847, "EGID": 846487}}, {"type": "Feature", "id": 46418881, "geometry": {"type": "Polygon", "coordinates": [[[2547297.858, 1183281.477], [2547302.317, 1183289.752], [2547299.451, 1183291.3], [2547302.992, 1183297.799], [2547299.228, 1183299.764], [2547296.223, 1183294.276], [2547292.181, 1183296.463], [2547290.196, 1183292.762], [2547291.367, 1183292.131], [2547288.375, 1183286.573], [2547297.858, 1183281.477]]]}, "properties": {"OBJECTID": 46418881, "EGID": 846804}}, {"type": "Feature", "id": 46419250, "geometry": {"type": "Polygon", "coordinates": [[[2547406.106, 1183441.47], [2547404.047, 1183438.24], [2547405.521, 1183437.29], [2547407.5810000002, 1183440.52], [2547406.106, 1183441.47]]]}, "properties": {"OBJECTID": 46419250, "EGID": 280118151}}, {"type": "Feature", "id": 46419304, "geometry": {"type": "Polygon", "coordinates": [[[2549273.711, 1180994.085], [2549278.246, 1181001.175], [2549278.432, 1181001.058], [2549280.98, 1181005.037], [2549274.052, 1181009.466], [2549271.731, 1181010.9679999999], [2549269.492, 1181007.295], [2549267.752, 1181004.441], [2549265.826, 1181005.615], [2549264.111, 1181002.875], [2549265.944, 1181001.675], [2549264.732, 1180999.825], [2549273.711, 1180994.085]]]}, "properties": {"OBJECTID": 46419304, "EGID": 3105549}}, {"type": "Feature", "id": 46419307, "geometry": {"type": "Polygon", "coordinates": [[[2547298.083, 1183342.823], [2547295.923, 1183338.673], [2547295.573, 1183338.8530000001], [2547295.433, 1183338.583], [2547297.203, 1183337.653], [2547295.263, 1183333.963], [2547295.713, 1183333.723], [2547293.723, 1183329.933], [2547297.703, 1183327.8530000001], [2547299.703, 1183331.643], [2547306.893, 1183327.8530000001], [2547311.153, 1183335.943], [2547298.083, 1183342.823]]]}, "properties": {"OBJECTID": 46419307, "EGID": 846827}}, {"type": "Feature", "id": 46419327, "geometry": {"type": "Polygon", "coordinates": [[[2545849.732, 1183972.455], [2545845.922, 1183976.735], [2545835.532, 1183967.846], [2545839.292, 1183963.396], [2545849.732, 1183972.455]]]}, "properties": {"OBJECTID": 46419327, "EGID": 846512}}, {"type": "Feature", "id": 46419717, "geometry": {"type": "Polygon", "coordinates": [[[2545940.151, 1183946.6030000001], [2545938.671, 1183945.303], [2545940.541, 1183943.123], [2545942.021, 1183944.443], [2545940.151, 1183946.6030000001]]]}, "properties": {"OBJECTID": 46419717, "EGID": 280116917}}, {"type": "Feature", "id": 46419845, "geometry": {"type": "Polygon", "coordinates": [[[2547838.463, 1183068.36], [2547830.353, 1183077.86], [2547821.963, 1183070.7], [2547830.253, 1183061.22], [2547838.463, 1183068.36]]]}, "properties": {"OBJECTID": 46419845, "EGID": 3164692}}, {"type": "Feature", "id": 46419944, "geometry": {"type": "Polygon", "coordinates": [[[2548534.683, 1181635.236], [2548534.7096472015, 1181634.9314210964], [2548534.7887791437, 1181634.6360966687], [2548534.917991442, 1181634.3590000002], [2548535.0933580473, 1181634.1085505327], [2548535.309550533, 1181633.8923580467], [2548535.5600000005, 1181633.7169914418], [2548535.837096669, 1181633.5877791431], [2548536.132421097, 1181633.5086472013], [2548536.4370000004, 1181633.482], [2548536.741578904, 1181633.5086472013], [2548537.036903332, 1181633.5877791431], [2548537.3140000002, 1181633.7169914418], [2548537.5644494677, 1181633.8923580467], [2548537.7806419535, 1181634.1085505327], [2548537.9560085586, 1181634.3590000002], [2548538.085220857, 1181634.6360966687], [2548538.1643527993, 1181634.9314210964], [2548538.191, 1181635.236], [2548538.164216711, 1181635.5405241859], [2548538.0849941364, 1181635.83578019], [2548537.9557362567, 1181636.1128085728], [2548537.7803653567, 1181636.3632030054], [2548537.5642030053, 1181636.5793653568], [2548537.313808573, 1181636.7547362566], [2548537.03678019, 1181636.8839941362], [2548536.741524186, 1181636.963216711], [2548536.437, 1181636.99], [2548536.132475814, 1181636.9632167113], [2548535.83721981, 1181636.8839941362], [2548535.5601914274, 1181636.7547362566], [2548535.3097969946, 1181636.5793653568], [2548535.093634643, 1181636.3632030054], [2548534.9182637436, 1181636.1128085728], [2548534.789005864, 1181635.83578019], [2548534.709783289, 1181635.5405241859], [2548534.683, 1181635.236]]]}, "properties": {"OBJECTID": 46419944, "EGID": 280130886}}, {"type": "Feature", "id": 46419959, "geometry": {"type": "Polygon", "coordinates": [[[2547054.955, 1183161.467], [2547063.462, 1183152.363], [2547075.158, 1183163.295], [2547074.96, 1183163.507], [2547074.229, 1183162.823], [2547071.699, 1183165.5320000001], [2547070.359, 1183166.967], [2547066.121, 1183171.506], [2547066.851, 1183172.188], [2547066.652, 1183172.4], [2547054.955, 1183161.467]]]}, "properties": {"OBJECTID": 46419959, "EGID": 280103811}}, {"type": "Feature", "id": 46419974, "geometry": {"type": "Polygon", "coordinates": [[[2547251.783, 1183355.884], [2547255.743, 1183364.024], [2547247.833, 1183367.964], [2547248.213, 1183368.884], [2547245.534, 1183370.184], [2547245.104, 1183369.334], [2547237.0439999998, 1183373.345], [2547233.014, 1183365.265], [2547251.783, 1183355.884]]]}, "properties": {"OBJECTID": 46419974, "EGID": 846818}}, {"type": "Feature", "id": 46420052, "geometry": {"type": "Polygon", "coordinates": [[[2548531.927, 1181706.267], [2548540.257, 1181698.307], [2548544.675, 1181702.89], [2548548.257, 1181706.606], [2548539.897, 1181714.627], [2548531.927, 1181706.267]]]}, "properties": {"OBJECTID": 46420052, "EGID": 843415}}, {"type": "Feature", "id": 46420226, "geometry": {"type": "Polygon", "coordinates": [[[2546704.941, 1183538.007], [2546703.591, 1183532.357], [2546708.151, 1183531.266], [2546707.751, 1183529.496], [2546710.5609999998, 1183528.846], [2546711.021, 1183530.546], [2546715.731, 1183529.426], [2546718.401, 1183539.896], [2546706.151, 1183542.916], [2546704.941, 1183538.007]]]}, "properties": {"OBJECTID": 46420226, "EGID": 846663}}, {"type": "Feature", "id": 46420399, "geometry": {"type": "Polygon", "coordinates": [[[2545932.618, 1182290.9780000001], [2545937.648, 1182298.577], [2545922.298, 1182308.488], [2545917.328, 1182300.918], [2545932.618, 1182290.9780000001]]]}, "properties": {"OBJECTID": 46420399, "EGID": 3164707}}, {"type": "Feature", "id": 46421191, "geometry": {"type": "Polygon", "coordinates": [[[2546466.3140000002, 1183499.062], [2546461.504, 1183489.983], [2546461.944, 1183489.753], [2546457.384, 1183481.143], [2546465.244, 1183476.953], [2546471.924, 1183489.572], [2546466.494, 1183492.453], [2546469.184, 1183497.5320000001], [2546466.3140000002, 1183499.062]]]}, "properties": {"OBJECTID": 46421191, "EGID": 190028512}}, {"type": "Feature", "id": 46421263, "geometry": {"type": "Polygon", "coordinates": [[[2547956.082, 1183159.6570000001], [2547948.082, 1183168.627], [2547941.252, 1183162.767], [2547949.312, 1183153.717], [2547956.082, 1183159.6570000001]]]}, "properties": {"OBJECTID": 46421263, "EGID": 846891}}, {"type": "Feature", "id": 46421387, "geometry": {"type": "Polygon", "coordinates": [[[2546798.09, 1183610.224], [2546800.49, 1183616.314], [2546797.63, 1183617.484], [2546795.1, 1183611.574], [2546798.09, 1183610.224]]]}, "properties": {"OBJECTID": 46421387, "EGID": 280040750}}, {"type": "Feature", "id": 46421389, "geometry": {"type": "Polygon", "coordinates": [[[2546788.744, 1182520.852], [2546771.965, 1182539.2820000001], [2546757.285, 1182525.773], [2546774.074, 1182507.412], [2546788.744, 1182520.852]]]}, "properties": {"OBJECTID": 46421389, "EGID": 280002752}}, {"type": "Feature", "id": 46421633, "geometry": {"type": "Polygon", "coordinates": [[[2546471.215, 1183732.981], [2546487.804, 1183757.291], [2546479.355, 1183762.881], [2546474.245, 1183755.361], [2546475.585, 1183754.451], [2546474.075, 1183752.171], [2546476.725, 1183750.361], [2546473.165, 1183745.031], [2546472.325, 1183745.571], [2546466.055, 1183736.461], [2546471.215, 1183732.981]]]}, "properties": {"OBJECTID": 46421633, "EGID": 846583}}, {"type": "Feature", "id": 46421765, "geometry": {"type": "Polygon", "coordinates": [[[2546808.092, 1183386.104], [2546812.735, 1183382.604], [2546814.367, 1183384.767], [2546809.735, 1183388.268], [2546808.092, 1183386.104]]]}, "properties": {"OBJECTID": 46421765, "EGID": 280132146}}, {"type": "Feature", "id": 46421786, "geometry": {"type": "Polygon", "coordinates": [[[2546810.271, 1183298.866], [2546818.733, 1183306.791], [2546814.627, 1183311.172], [2546806.172, 1183303.237], [2546810.271, 1183298.866]]]}, "properties": {"OBJECTID": 46421786, "EGID": 280092057}}, {"type": "Feature", "id": 46421794, "geometry": {"type": "Polygon", "coordinates": [[[2546674.316, 1182649.694], [2546667.396, 1182656.954], [2546663.736, 1182653.444], [2546670.7060000002, 1182646.194], [2546674.316, 1182649.694]]]}, "properties": {"OBJECTID": 46421794, "EGID": 280020927}}, {"type": "Feature", "id": 46422406, "geometry": {"type": "Polygon", "coordinates": [[[2546010.171, 1183981.501], [2546011.871, 1183983.001], [2546009.851, 1183985.291], [2546008.151, 1183983.791], [2546010.171, 1183981.501]]]}, "properties": {"OBJECTID": 46422406, "EGID": 280116892}}, {"type": "Feature", "id": 46422562, "geometry": {"type": "Polygon", "coordinates": [[[2547223.907, 1183001.645], [2547216.816, 1183009.17], [2547214.631, 1183011.489], [2547206.845, 1183004.125], [2547211.273, 1182999.43], [2547212.886, 1183000.951], [2547217.725, 1182995.822], [2547223.907, 1183001.645]]]}, "properties": {"OBJECTID": 46422562, "EGID": 280080099}}, {"type": "Feature", "id": 46423006, "geometry": {"type": "Polygon", "coordinates": [[[2546855.047, 1183198.066], [2546854.937, 1183198.183], [2546845.49, 1183188.792], [2546845.59, 1183188.687], [2546852.113, 1183181.816], [2546838.424, 1183169.012], [2546848.0640000002, 1183158.757], [2546871.396, 1183180.698], [2546855.047, 1183198.066]]]}, "properties": {"OBJECTID": 46423006, "EGID": 280076516}}, {"type": "Feature", "id": 46423371, "geometry": {"type": "Polygon", "coordinates": [[[2545984.097, 1182142.622], [2545994.62, 1182136.6570000001], [2545997.947, 1182142.473], [2545987.405, 1182148.464], [2545984.097, 1182142.622]]]}, "properties": {"OBJECTID": 46423371, "EGID": 280106242}}, {"type": "Feature", "id": 46423449, "geometry": {"type": "Polygon", "coordinates": [[[2547909.391, 1183021.298], [2547904.611, 1183026.7280000001], [2547904.3310000002, 1183026.498], [2547902.391, 1183028.618], [2547892.661, 1183020.308], [2547893.991, 1183018.688], [2547888.401, 1183013.9780000001], [2547893.771, 1183007.838], [2547909.391, 1183021.298]]]}, "properties": {"OBJECTID": 46423449, "EGID": 846916}}, {"type": "Feature", "id": 46423487, "geometry": {"type": "Polygon", "coordinates": [[[2547000.427, 1183672.209], [2547002.977, 1183677.769], [2546998.537, 1183679.799], [2546995.897, 1183674.309], [2547000.427, 1183672.209]]]}, "properties": {"OBJECTID": 46423487, "EGID": 280033011}}, {"type": "Feature", "id": 46423560, "geometry": {"type": "Polygon", "coordinates": [[[2547190.156, 1183422.139], [2547192.258, 1183420.79], [2547193.895, 1183423.311], [2547191.784, 1183424.654], [2547190.156, 1183422.139]]]}, "properties": {"OBJECTID": 46423560, "EGID": 280117154}}, {"type": "Feature", "id": 46423672, "geometry": {"type": "Polygon", "coordinates": [[[2544100.105, 1183625.398], [2544107.839, 1183627.511], [2544105.504, 1183636.014], [2544097.181, 1183633.72], [2544098.04, 1183630.612], [2544098.63, 1183630.794], [2544100.105, 1183625.398]]]}, "properties": {"OBJECTID": 46423672, "EGID": 3105563}}, {"type": "Feature", "id": 46424004, "geometry": {"type": "Polygon", "coordinates": [[[2548590.017, 1181760.065], [2548589.7461844976, 1181760.173386801], [2548589.461248805, 1181760.2358398698], [2548589.1699260063, 1181760.250664245], [2548588.8801225326, 1181760.2174575971], [2548588.5997035787, 1181760.137121146], [2548588.3362796474, 1181760.0118352037], [2548588.097, 1181759.845], [2548587.88942825, 1181759.640097395], [2548587.7183100916, 1181759.4038989937], [2548587.5882885884, 1181759.1428137247], [2548587.5028917007, 1181758.863925789], [2548587.46443656, 1181758.57480244], [2548587.473966594, 1181758.283288654], [2548587.531223219, 1181757.9972942695], [2548587.634652852, 1181757.7245793636], [2548587.7814490683, 1181757.4725436918], [2548587.9676287477, 1181757.2480259063], [2548588.188140153, 1181757.0571179986], [2548588.437, 1181756.905], [2548588.706675323, 1181756.7985896037], [2548588.9901040127, 1181756.7376295333], [2548589.27968208, 1181756.72375526], [2548589.567640556, 1181756.7573390114], [2548589.8462539245, 1181756.837479783], [2548590.1080473843, 1181756.9620275116], [2548590.345997389, 1181757.1276407589], [2548590.5537200775, 1181757.3298763563], [2548590.725642546, 1181757.5633086103], [2548590.857152358, 1181757.8216748652], [2548590.9447212927, 1181758.0980435212], [2548590.986, 1181758.385], [2548590.9784069047, 1181758.6777994581], [2548590.922608438, 1181758.9653332978], [2548590.8201340376, 1181759.2397202058], [2548590.6737925312, 1181759.4934392262], [2548590.4875951447, 1181759.7195359115], [2548590.2666455554, 1181759.911812943], [2548590.017, 1181760.065]]]}, "properties": {"OBJECTID": 46424004, "EGID": 280109345}}, {"type": "Feature", "id": 46424084, "geometry": {"type": "Polygon", "coordinates": [[[2547283.607, 1183062.681], [2547293.69, 1183072.63], [2547289.657, 1183076.724], [2547291.7939999998, 1183078.829], [2547289.225, 1183081.436], [2547287.088, 1183079.331], [2547284.521, 1183076.802], [2547284.873, 1183076.445], [2547277.345, 1183069.028], [2547283.607, 1183062.681]]]}, "properties": {"OBJECTID": 46424084, "EGID": 160004219}}, {"type": "Feature", "id": 46424363, "geometry": {"type": "Polygon", "coordinates": [[[2545888.501, 1183946.374], [2545890.441, 1183948.074], [2545888.901, 1183949.824], [2545886.961, 1183948.124], [2545888.501, 1183946.374]]]}, "properties": {"OBJECTID": 46424363, "EGID": 280112915}}, {"type": "Feature", "id": 46424486, "geometry": {"type": "Polygon", "coordinates": [[[2548564.346, 1181702.706], [2548568.986, 1181696.776], [2548578.326, 1181704.276], [2548573.776, 1181710.046], [2548570.756, 1181707.696], [2548565.465, 1181703.577], [2548564.346, 1181702.706]]]}, "properties": {"OBJECTID": 46424486, "EGID": 280014008}}, {"type": "Feature", "id": 46424604, "geometry": {"type": "Polygon", "coordinates": [[[2547388.192, 1183434.761], [2547394.032, 1183443.98], [2547386.902, 1183448.531], [2547381.042, 1183439.261], [2547388.192, 1183434.761]]]}, "properties": {"OBJECTID": 46424604, "EGID": 846846}}, {"type": "Feature", "id": 46424669, "geometry": {"type": "Polygon", "coordinates": [[[2547459.4189999998, 1183365.831], [2547459.1722590057, 1183365.3691443754], [2547459.004913562, 1183364.872971786], [2547458.9215296805, 1183364.3560202753], [2547458.924382486, 1183363.832394839], [2547459.0133941392, 1183363.3163825702], [2547459.186135963, 1183362.8220628372], [2547459.4378947048, 1183362.3629231285], [2547459.7618011404, 1183361.9514910479], [2547460.1490174993, 1183361.5989924981], [2547460.588978603, 1183361.3150453847], [2547461.069680135, 1183361.1073971894], [2547461.5780061795, 1183360.981713583], [2547462.1000870853, 1183360.941423836], [2547462.6216779025, 1183360.9876272525], [2547463.128547052, 1183361.1190631741], [2547463.606864635, 1183361.332145379], [2547464.0435797805, 1183361.6210599295], [2547464.426776739, 1183361.9779238075], [2547464.746, 1183362.393], [2547464.9820471248, 1183362.8308194296], [2547465.1466967165, 1183363.3001749562], [2547465.2358944067, 1183363.7895090654], [2547465.2474437724, 1183364.286772286], [2547465.1810604185, 1183364.7797198985], [2547465.038378984, 1183365.256213452], [2547464.822912888, 1183365.7045196642], [2547464.5399678154, 1183366.1135993437], [2547464.1965110675, 1183366.473379222], [2547463.801, 1183366.775], [2547463.31241218, 1183367.0327997983], [2547462.786498869, 1183367.2018973546], [2547462.2392199915, 1183367.2771610538], [2547461.6871838546, 1183367.256306864], [2547461.147143133, 1183367.139967649], [2547460.6354864766, 1183366.9316739617], [2547460.1677411627, 1183366.637746904], [2547459.758101887, 1183366.2671062988], [2547459.4189999998, 1183365.831]]]}, "properties": {"OBJECTID": 46424669, "EGID": 280132892}}, {"type": "Feature", "id": 46424705, "geometry": {"type": "Polygon", "coordinates": [[[2546935.805, 1183056.666], [2546929.258, 1183049.868], [2546936.954, 1183042.455], [2546943.509, 1183049.237], [2546939.041, 1183053.546], [2546935.805, 1183056.666]]]}, "properties": {"OBJECTID": 46424705, "EGID": 280103550}}, {"type": "Feature", "id": 46424740, "geometry": {"type": "Polygon", "coordinates": [[[2547400.091, 1183149.7820000001], [2547399.211, 1183148.872], [2547399.071, 1183146.612], [2547399.411, 1183146.252], [2547397.993, 1183144.877], [2547396.9359999998, 1183145.967], [2547394.646, 1183143.729], [2547397.522, 1183140.814], [2547394.661, 1183137.992], [2547399.241, 1183133.352], [2547402.201, 1183136.2719999999], [2547403.411, 1183135.052], [2547405.091, 1183135.472], [2547406.144, 1183134.376], [2547407.273, 1183134.356], [2547410.882, 1183138.05], [2547407.833, 1183141.081], [2547408.261, 1183141.502], [2547400.091, 1183149.7820000001]]]}, "properties": {"OBJECTID": 46424740, "EGID": 846865}}, {"type": "Feature", "id": 46424875, "geometry": {"type": "Polygon", "coordinates": [[[2546772.852, 1182992.398], [2546770.758, 1182992.388], [2546770.758, 1182990.931], [2546770.403, 1182990.931], [2546770.156002845, 1182990.9111988957], [2546769.915140482, 1182990.8530181411], [2546769.6863389136, 1182990.7578891737], [2546769.475227408, 1182990.6281524773], [2546769.287, 1182990.467], [2546769.126260382, 1182990.2779310523], [2546768.996957941, 1182990.0661170527], [2546768.9022539062, 1182989.836736501], [2546768.844463634, 1182989.59539737], [2546768.825, 1182989.348], [2546768.828, 1182985.958], [2546773.088, 1182985.958], [2546773.088, 1182986.678], [2546778.848, 1182986.678], [2546778.858, 1182980.658], [2546784.008, 1182980.668], [2546783.988, 1182995.488], [2546772.848, 1182995.4780000001], [2546772.852, 1182992.398]]]}, "properties": {"OBJECTID": 46424875, "EGID": 3164757}}, {"type": "Feature", "id": 46425722, "geometry": {"type": "Polygon", "coordinates": [[[2547240.073, 1183103.426], [2547253.163, 1183090.116], [2547263.973, 1183100.745], [2547250.893, 1183114.066], [2547240.073, 1183103.426]]]}, "properties": {"OBJECTID": 46425722, "EGID": 3164697}}, {"type": "Feature", "id": 46425769, "geometry": {"type": "Polygon", "coordinates": [[[2546047.179, 1184038.56], [2546048.007, 1184039.822], [2546044.3310000002, 1184042.26], [2546047.431, 1184046.98], [2546040.5810000002, 1184051.52], [2546037.291, 1184046.5], [2546040.091, 1184044.65], [2546036.041, 1184038.54], [2546041.861, 1184034.74], [2546045.188, 1184039.855], [2546047.179, 1184038.56]]]}, "properties": {"OBJECTID": 46425769, "EGID": 846498}}, {"type": "Feature", "id": 46425861, "geometry": {"type": "Polygon", "coordinates": [[[2545093.448, 1181306.726], [2545097.368, 1181301.506], [2545097.168, 1181301.426], [2545098.138, 1181300.166], [2545098.448, 1181299.826], [2545101.748, 1181302.316], [2545101.538, 1181302.656], [2545100.568, 1181303.996], [2545104.888, 1181307.286], [2545100.988, 1181312.466], [2545093.448, 1181306.726]]]}, "properties": {"OBJECTID": 46425861, "EGID": 846980}}, {"type": "Feature", "id": 46425986, "geometry": {"type": "Polygon", "coordinates": [[[2546798.09, 1183610.224], [2546801.04, 1183609.134], [2546800.2, 1183607.114], [2546807.73, 1183603.994], [2546809.67, 1183608.804], [2546801.92, 1183611.984], [2546803.28, 1183615.194], [2546800.49, 1183616.314], [2546798.09, 1183610.224]]]}, "properties": {"OBJECTID": 46425986, "EGID": 280018461}}, {"type": "Feature", "id": 46426181, "geometry": {"type": "Polygon", "coordinates": [[[2547225.246, 1183556.166], [2547227.894, 1183555.274], [2547228.821, 1183557.966], [2547226.132, 1183558.857], [2547225.246, 1183556.166]]]}, "properties": {"OBJECTID": 46426181, "EGID": 280117302}}, {"type": "Feature", "id": 46426368, "geometry": {"type": "Polygon", "coordinates": [[[2546687.268, 1182894.101], [2546690.338, 1182897.081], [2546685.908, 1182901.661], [2546682.878, 1182898.701], [2546687.268, 1182894.101]]]}, "properties": {"OBJECTID": 46426368, "EGID": 280034335}}, {"type": "Feature", "id": 46426442, "geometry": {"type": "Polygon", "coordinates": [[[2546775.6859999998, 1183142.055], [2546782.637, 1183147.966], [2546757.558, 1183177.454], [2546750.607, 1183171.542], [2546760.031, 1183160.461], [2546775.6859999998, 1183142.055]]]}, "properties": {"OBJECTID": 46426442, "EGID": 280119040}}, {"type": "Feature", "id": 46426487, "geometry": {"type": "Polygon", "coordinates": [[[2547450.22, 1183432.552], [2547449.962695906, 1183432.0629992548], [2547449.7942149276, 1183431.5367471424], [2547449.719676274, 1183430.9892335674], [2547449.7413447644, 1183430.4370944526], [2547449.858562013, 1183429.8971062654], [2547450.067766433, 1183429.3856762736], [2547450.362601454, 1183428.918344019], [2547450.734108662, 1183428.5093091554], [2547451.1710000006, 1183428.1710000003], [2547451.6600007457, 1183427.913695906], [2547452.186252858, 1183427.7452149275], [2547452.733766433, 1183427.6706762738], [2547453.285905548, 1183427.6923447642], [2547453.825893735, 1183427.8095620128], [2547454.3373237266, 1183428.0187664328], [2547454.8046559813, 1183428.3136014533], [2547455.213690845, 1183428.685108662], [2547455.552, 1183429.122], [2547455.809304094, 1183429.6110007453], [2547455.9777850728, 1183430.1372528574], [2547456.0523237265, 1183430.6847664325], [2547456.030655236, 1183431.2369055476], [2547455.913437987, 1183431.7768937347], [2547455.704233567, 1183432.2883237265], [2547455.4093985464, 1183432.7556559814], [2547455.037891338, 1183433.164690845], [2547454.601, 1183433.503], [2547454.1119992547, 1183433.7603040943], [2547453.5857471423, 1183433.9287850729], [2547453.0382335675, 1183434.0033237266], [2547452.4860944524, 1183433.9816552359], [2547451.9461062653, 1183433.8644379873], [2547451.4346762733, 1183433.6552335676], [2547450.9673440186, 1183433.3603985468], [2547450.558309155, 1183432.988891338], [2547450.22, 1183432.552]]]}, "properties": {"OBJECTID": 46426487, "EGID": 280132906}}, {"type": "Feature", "id": 46426503, "geometry": {"type": "Polygon", "coordinates": [[[2546861.9390000002, 1183525.809], [2546877.611, 1183513.408], [2546887.068, 1183525.379], [2546882.259, 1183529.186], [2546882.631, 1183529.656], [2546876.594, 1183534.437], [2546876.222, 1183533.967], [2546871.413, 1183537.774], [2546861.9390000002, 1183525.809]]]}, "properties": {"OBJECTID": 46426503, "EGID": 280059394}}, {"type": "Feature", "id": 46426601, "geometry": {"type": "Polygon", "coordinates": [[[2546588.713, 1183730.008], [2546588.593, 1183727.528], [2546592.703, 1183727.238], [2546592.853, 1183729.508], [2546595.663, 1183729.318], [2546596.053, 1183736.948], [2546588.003, 1183737.588], [2546587.543, 1183730.088], [2546588.713, 1183730.008]]]}, "properties": {"OBJECTID": 46426601, "EGID": 846574}}, {"type": "Feature", "id": 46426920, "geometry": {"type": "Polygon", "coordinates": [[[2548869.018, 1180220.755], [2548874.328, 1180223.045], [2548873.218, 1180225.925], [2548866.598, 1180223.485], [2548869.018, 1180220.755]]]}, "properties": {"OBJECTID": 46426920, "EGID": 280037869}}, {"type": "Feature", "id": 46427299, "geometry": {"type": "Polygon", "coordinates": [[[2547047.396, 1183386.089], [2547050.2060000002, 1183391.489], [2547054.9359999998, 1183389.049], [2547059.366, 1183397.759], [2547053.366, 1183400.769], [2547049.4359999998, 1183392.999], [2547046.786, 1183394.449], [2547043.496, 1183388.119], [2547047.396, 1183386.089]]]}, "properties": {"OBJECTID": 46427299, "EGID": 846743}}, {"type": "Feature", "id": 46427349, "geometry": {"type": "Polygon", "coordinates": [[[2548875.428, 1180232.875], [2548881.178, 1180225.225], [2548894.028, 1180234.554], [2548888.508, 1180242.194], [2548875.428, 1180232.875]]]}, "properties": {"OBJECTID": 46427349, "EGID": 280008212}}, {"type": "Feature", "id": 46427404, "geometry": {"type": "Polygon", "coordinates": [[[2547017.803, 1183118.047], [2547025.685, 1183112.536], [2547039.92, 1183132.894], [2547027.788, 1183141.394], [2547021.882, 1183132.932], [2547013.562, 1183121.012], [2547017.803, 1183118.047]]]}, "properties": {"OBJECTID": 46427404, "EGID": 280097867}}, {"type": "Feature", "id": 46427429, "geometry": {"type": "Polygon", "coordinates": [[[2549419.695, 1180597.822], [2549423.185, 1180605.012], [2549414.045, 1180609.382], [2549410.705, 1180601.932], [2549419.695, 1180597.822]]]}, "properties": {"OBJECTID": 46427429, "EGID": 280015221}}, {"type": "Feature", "id": 46427560, "geometry": {"type": "Polygon", "coordinates": [[[2546280.077, 1181273.877], [2546291.177, 1181265.626], [2546303.877, 1181282.216], [2546292.477, 1181290.926], [2546285.327, 1181281.146], [2546280.677, 1181284.576], [2546277.647, 1181280.487], [2546277.897, 1181280.287], [2546277.057, 1181279.237], [2546278.527, 1181277.947], [2546279.617, 1181279.366], [2546282.497, 1181277.066], [2546280.077, 1181273.877]]]}, "properties": {"OBJECTID": 46427560, "EGID": 280073958}}, {"type": "Feature", "id": 46427590, "geometry": {"type": "Polygon", "coordinates": [[[2546745.41, 1183354.028], [2546743.612, 1183351.634], [2546748.408, 1183348.033], [2546750.219, 1183350.419], [2546745.41, 1183354.028]]]}, "properties": {"OBJECTID": 46427590, "EGID": 280132364}}, {"type": "Feature", "id": 46427825, "geometry": {"type": "Polygon", "coordinates": [[[2548673.093, 1181570.813], [2548674.193, 1181567.113], [2548673.853, 1181566.493], [2548674.503, 1181564.283], [2548675.123, 1181563.923], [2548676.213, 1181560.253], [2548682.153, 1181562.012], [2548682.773, 1181559.902], [2548686.613, 1181561.052], [2548683.973, 1181570.002], [2548681.883, 1181569.382], [2548680.773, 1181573.092], [2548673.093, 1181570.813]]]}, "properties": {"OBJECTID": 46427825, "EGID": 3105646}}, {"type": "Feature", "id": 46427936, "geometry": {"type": "Polygon", "coordinates": [[[2545085.108, 1181432.896], [2545079.128, 1181428.036], [2545088.728, 1181416.366], [2545093.958, 1181420.726], [2545088.598, 1181427.046], [2545089.408, 1181427.816], [2545085.108, 1181432.896]]]}, "properties": {"OBJECTID": 46427936, "EGID": 846989}}, {"type": "Feature", "id": 46428266, "geometry": {"type": "Polygon", "coordinates": [[[2545130.789, 1181374.828], [2545132.932, 1181372.726], [2545139.092, 1181379.018], [2545136.957, 1181381.113], [2545130.789, 1181374.828]]]}, "properties": {"OBJECTID": 46428266, "EGID": 280070436}}, {"type": "Feature", "id": 46428584, "geometry": {"type": "Polygon", "coordinates": [[[2546498.454, 1183725.64], [2546503.184, 1183732.42], [2546493.264, 1183739.161], [2546493.424, 1183739.411], [2546490.094, 1183741.691], [2546485.094, 1183734.401], [2546488.384, 1183732.171], [2546488.584, 1183732.411], [2546496.2939999998, 1183726.961], [2546498.454, 1183725.64]]]}, "properties": {"OBJECTID": 46428584, "EGID": 846582}}, {"type": "Feature", "id": 46428721, "geometry": {"type": "Polygon", "coordinates": [[[2548828.599, 1180169.338], [2548825.4189999998, 1180173.368], [2548832.028, 1180178.097], [2548824.048, 1180189.317], [2548817.648, 1180184.598], [2548816.638, 1180186.048], [2548808.148, 1180179.568], [2548820.449, 1180163.308], [2548828.599, 1180169.338]]]}, "properties": {"OBJECTID": 46428721, "EGID": 842041}}, {"type": "Feature", "id": 46428941, "geometry": {"type": "Polygon", "coordinates": [[[2547552.839, 1183290.307], [2547556.629, 1183297.957], [2547547.479, 1183302.417], [2547543.639, 1183294.848], [2547552.839, 1183290.307]]]}, "properties": {"OBJECTID": 46428941, "EGID": 846847}}, {"type": "Feature", "id": 46428971, "geometry": {"type": "Polygon", "coordinates": [[[2548989.567, 1180314.69], [2548985.277, 1180321.72], [2548985.717, 1180322.08], [2548981.807, 1180328.77], [2548976.757, 1180324.44], [2548966.587, 1180317.511], [2548975.347, 1180304.831], [2548975.627, 1180304.971], [2548985.877, 1180311.13], [2548985.347, 1180312.06], [2548989.567, 1180314.69]]]}, "properties": {"OBJECTID": 46428971, "EGID": null}}, {"type": "Feature", "id": 46429085, "geometry": {"type": "Polygon", "coordinates": [[[2547197.724, 1183254.586], [2547194.254, 1183259.026], [2547181.444, 1183248.867], [2547184.744, 1183244.527], [2547197.724, 1183254.586]]]}, "properties": {"OBJECTID": 46429085, "EGID": 280013882}}, {"type": "Feature", "id": 46429171, "geometry": {"type": "Polygon", "coordinates": [[[2545900.272, 1184025.384], [2545904.392, 1184020.143], [2545913.302, 1184028.133], [2545908.652, 1184032.663], [2545900.272, 1184025.384]]]}, "properties": {"OBJECTID": 46429171, "EGID": 846504}}, {"type": "Feature", "id": 46429254, "geometry": {"type": "Polygon", "coordinates": [[[2546299.937, 1183992.104], [2546301.887, 1183997.394], [2546296.437, 1183999.364], [2546294.388, 1183994.114], [2546299.937, 1183992.104]]]}, "properties": {"OBJECTID": 46429254, "EGID": 846593}}, {"type": "Feature", "id": 46429258, "geometry": {"type": "Polygon", "coordinates": [[[2545837.213, 1184099.405], [2545838.863, 1184093.565], [2545844.693, 1184095.164], [2545843.073, 1184101.024], [2545837.213, 1184099.405]]]}, "properties": {"OBJECTID": 46429258, "EGID": 280027016}}, {"type": "Feature", "id": 46429334, "geometry": {"type": "Polygon", "coordinates": [[[2548814.909, 1180142.049], [2548810.659, 1180145.969], [2548802.799, 1180137.439], [2548807.139, 1180133.349], [2548812.089, 1180138.769], [2548811.979, 1180138.869], [2548814.909, 1180142.049]]]}, "properties": {"OBJECTID": 46429334, "EGID": 280017159}}, {"type": "Feature", "id": 46429402, "geometry": {"type": "Polygon", "coordinates": [[[2546863.409, 1183365.876], [2546859.31, 1183370.245], [2546850.85, 1183362.281], [2546854.952, 1183357.919], [2546863.409, 1183365.876]]]}, "properties": {"OBJECTID": 46429402, "EGID": 280092069}}, {"type": "Feature", "id": 46429472, "geometry": {"type": "Polygon", "coordinates": [[[2546371.303, 1183596.915], [2546379.097, 1183594.288], [2546382.457, 1183604.252], [2546381.466, 1183604.598], [2546383.692, 1183611.256], [2546376.913, 1183613.535], [2546371.303, 1183596.915]]]}, "properties": {"OBJECTID": 46429472, "EGID": 280074845}}, {"type": "Feature", "id": 46429693, "geometry": {"type": "Polygon", "coordinates": [[[2548777.047, 1180232.227], [2548778.167, 1180234.117], [2548776.317, 1180235.237], [2548775.147, 1180233.3969999999], [2548777.047, 1180232.227]]]}, "properties": {"OBJECTID": 46429693, "EGID": 280114597}}, {"type": "Feature", "id": 46429750, "geometry": {"type": "Polygon", "coordinates": [[[2546804.202, 1183264.774], [2546800.075, 1183269.159], [2546791.871, 1183261.396], [2546795.962, 1183257.029], [2546804.202, 1183264.774]]]}, "properties": {"OBJECTID": 46429750, "EGID": 280096651}}, {"type": "Feature", "id": 46429860, "geometry": {"type": "Polygon", "coordinates": [[[2546810.271, 1183298.866], [2546814.369, 1183294.495], [2546822.838, 1183302.409], [2546818.733, 1183306.791], [2546810.271, 1183298.866]]]}, "properties": {"OBJECTID": 46429860, "EGID": 280058003}}, {"type": "Feature", "id": 46429865, "geometry": {"type": "Polygon", "coordinates": [[[2547434.617, 1182837.28], [2547424.757, 1182828.3], [2547423.847, 1182828.93], [2547421.567, 1182826.42], [2547421.727, 1182826.27], [2547426.187, 1182821.74], [2547435.257, 1182829.73], [2547438.287, 1182832.07], [2547438.467, 1182831.78], [2547438.987, 1182832.22], [2547438.797, 1182832.44], [2547440.527, 1182833.85], [2547441.567, 1182832.68], [2547443.107, 1182834.03], [2547437.847, 1182839.89], [2547434.617, 1182837.28]]]}, "properties": {"OBJECTID": 46429865, "EGID": 846869}}, {"type": "Feature", "id": 46429921, "geometry": {"type": "Polygon", "coordinates": [[[2547391.191, 1183112.952], [2547383.921, 1183105.682], [2547385.891, 1183104.082], [2547387.501, 1183103.702], [2547388.251, 1183104.422], [2547391.041, 1183101.752], [2547399.141, 1183109.862], [2547398.201, 1183110.7820000001], [2547396.041, 1183110.7719999999], [2547395.681, 1183110.442], [2547392.291, 1183113.982], [2547391.191, 1183112.952]]]}, "properties": {"OBJECTID": 46429921, "EGID": 846863}}, {"type": "Feature", "id": 46429973, "geometry": {"type": "Polygon", "coordinates": [[[2547204.243, 1182971.537], [2547205.123, 1182972.687], [2547210.923, 1182968.707], [2547216.243, 1182976.367], [2547208.663, 1182981.597], [2547207.783, 1182980.347], [2547202.573, 1182984.007], [2547197.243, 1182976.357], [2547204.243, 1182971.537]]]}, "properties": {"OBJECTID": 46429973, "EGID": 846951}}, {"type": "Feature", "id": 46430132, "geometry": {"type": "Polygon", "coordinates": [[[2546685.887, 1182821.2719999999], [2546687.087, 1182822.662], [2546690.007, 1182820.052], [2546698.547, 1182829.472], [2546693.167, 1182834.382], [2546690.907, 1182831.842], [2546684.737, 1182837.382], [2546678.747, 1182832.972], [2546685.787, 1182826.962], [2546682.977, 1182823.922], [2546685.887, 1182821.2719999999]]]}, "properties": {"OBJECTID": 46430132, "EGID": 846695}}, {"type": "Feature", "id": 46430282, "geometry": {"type": "Polygon", "coordinates": [[[2545970.977, 1184025.322], [2545974.012, 1184028.072], [2545972.612, 1184029.627], [2545969.577, 1184026.877], [2545970.977, 1184025.322]]]}, "properties": {"OBJECTID": 46430282, "EGID": 280113453}}, {"type": "Feature", "id": 46430378, "geometry": {"type": "Polygon", "coordinates": [[[2547954.511, 1183080.276], [2547952.431, 1183078.566], [2547956.171, 1183074.196], [2547958.231, 1183076.016], [2547954.511, 1183080.276]]]}, "properties": {"OBJECTID": 46430378, "EGID": 280045646}}, {"type": "Feature", "id": 46430392, "geometry": {"type": "Polygon", "coordinates": [[[2544184.657, 1183635.99], [2544182.673, 1183643.229], [2544176.827, 1183641.64], [2544178.803, 1183634.403], [2544184.657, 1183635.99]]]}, "properties": {"OBJECTID": 46430392, "EGID": 842238}}, {"type": "Feature", "id": 46430478, "geometry": {"type": "Polygon", "coordinates": [[[2546598.77, 1182268.64], [2546598.744, 1182272.84], [2546590.234, 1182272.63], [2546590.334, 1182265.01], [2546584.614, 1182265.05], [2546584.574, 1182250.59], [2546596.043, 1182250.904], [2546598.824, 1182250.98], [2546598.834, 1182254.41], [2546603.304, 1182254.4], [2546603.344, 1182261.7], [2546598.8140000002, 1182261.71], [2546598.77, 1182268.64]]]}, "properties": {"OBJECTID": 46430478, "EGID": 280005153}}, {"type": "Feature", "id": 46430497, "geometry": {"type": "Polygon", "coordinates": [[[2546165.636, 1184045.172], [2546170.215, 1184043.391], [2546175.27, 1184056.378], [2546172.849, 1184057.3], [2546177.354, 1184068.926], [2546175.597, 1184069.615], [2546176.999, 1184073.175], [2546171.584, 1184075.289], [2546170.158, 1184071.684], [2546170.265, 1184071.642], [2546164.723, 1184057.391], [2546169.655, 1184055.465], [2546165.636, 1184045.172]]]}, "properties": {"OBJECTID": 46430497, "EGID": 280093521}}, {"type": "Feature", "id": 46430621, "geometry": {"type": "Polygon", "coordinates": [[[2546738.771, 1182213.035], [2546735.771, 1182215.255], [2546734.711, 1182213.835], [2546734.091, 1182214.335], [2546732.521, 1182212.356], [2546736.031, 1182209.705], [2546738.771, 1182213.035]]]}, "properties": {"OBJECTID": 46430621, "EGID": 280043452}}, {"type": "Feature", "id": 46430666, "geometry": {"type": "Polygon", "coordinates": [[[2546011.611, 1183998.701], [2546005.801, 1184005.341], [2545997.921, 1183998.631], [2546003.951, 1183991.861], [2546011.611, 1183998.701]]]}, "properties": {"OBJECTID": 46430666, "EGID": 846466}}, {"type": "Feature", "id": 46430683, "geometry": {"type": "Polygon", "coordinates": [[[2547445.315, 1183373.214], [2547445.8038200103, 1183372.9567301928], [2547446.329884097, 1183372.7882388497], [2547446.8772124955, 1183372.7136440775], [2547447.429179515, 1183372.7352117728], [2547447.9690185613, 1183372.8522867935], [2547448.48033144, 1183373.0613128596], [2547448.9475864703, 1183373.3559405785], [2547449.356590276, 1183373.727220315], [2547449.6949189254, 1183374.1638740464], [2547449.95229532, 1183374.6526379439], [2547450.120901374, 1183375.1786652764], [2547450.1956154965, 1183375.725977396], [2547450.1741681653, 1183376.2779491052], [2547450.0572108664, 1183376.8178136682], [2547449.848296304, 1183377.3291721155], [2547449.553770483, 1183377.7964913822], [2547449.182579944, 1183378.2055761407], [2547448.746, 1183378.544], [2547448.2839450687, 1183378.7901444058], [2547447.7876741006, 1183378.956868592], [2547447.270727823, 1183379.0396234975], [2547446.747211089, 1183379.0361511589], [2547446.231408025, 1183378.9465463187], [2547445.737392292, 1183378.7732538404], [2547445.2786430824, 1183378.5210020004], [2547444.867677345, 1183378.1966734773], [2547444.5157082593, 1183377.8091175577], [2547444.2323392835, 1183377.3689086852], [2547444.025302125, 1183376.888057936], [2547443.9002457825, 1183376.3796852978], [2547443.8605824118, 1183375.857661692], [2547443.9073942252, 1183375.3362305057], [2547444.0394039657, 1183374.8296189618], [2547444.2530097542, 1183374.35164993], [2547444.542383367, 1183373.915364771], [2547444.899629261, 1183373.5326675025], [2547445.315, 1183373.214]]]}, "properties": {"OBJECTID": 46430683, "EGID": 280132769}}, {"type": "Feature", "id": 46430690, "geometry": {"type": "Polygon", "coordinates": [[[2547365.012, 1183434.441], [2547367.182, 1183443.441], [2547361.709, 1183444.702], [2547361.977, 1183445.863], [2547360.513, 1183446.2], [2547360.246, 1183445.04], [2547357.202, 1183445.741], [2547354.142, 1183446.357], [2547352.882, 1183440.868], [2547355.916, 1183440.091], [2547355.142, 1183436.691], [2547365.012, 1183434.441]]]}, "properties": {"OBJECTID": 46430690, "EGID": 846845}}, {"type": "Feature", "id": 46430886, "geometry": {"type": "Polygon", "coordinates": [[[2546100.18, 1183978.819], [2546106.15, 1183984.299], [2546100.33, 1183990.399], [2546094.49, 1183984.999], [2546100.18, 1183978.819]]]}, "properties": {"OBJECTID": 46430886, "EGID": 846534}}, {"type": "Feature", "id": 46431569, "geometry": {"type": "Polygon", "coordinates": [[[2545361.556, 1181344.12], [2545333.556, 1181315.531], [2545347.846, 1181301.63], [2545375.745, 1181330.24], [2545361.556, 1181344.12]]]}, "properties": {"OBJECTID": 46431569, "EGID": 280001722}}, {"type": "Feature", "id": 46431696, "geometry": {"type": "Polygon", "coordinates": [[[2548450.3, 1181853.9], [2548459.48, 1181849.589], [2548464, 1181859.339], [2548465.43, 1181858.679], [2548469.53, 1181867.519], [2548458.98, 1181872.459], [2548458.76, 1181871.969], [2548454.3, 1181873.989], [2548454.11, 1181873.579], [2548455.96, 1181872.749], [2548452.11, 1181864.859], [2548454.83, 1181863.589], [2548450.3, 1181853.9]]]}, "properties": {"OBJECTID": 46431696, "EGID": 843397}}, {"type": "Feature", "id": 46431716, "geometry": {"type": "Polygon", "coordinates": [[[2546881.317, 1182927.366], [2546881.157, 1182927.216], [2546883.567, 1182925.056], [2546885.457, 1182927.436], [2546881.537, 1182930.986], [2546879.717, 1182928.716], [2546881.317, 1182927.366]]]}, "properties": {"OBJECTID": 46431716, "EGID": 280046267}}, {"type": "Feature", "id": 46431717, "geometry": {"type": "Polygon", "coordinates": [[[2546773.771, 1184105.262], [2546770.571, 1184111.482], [2546763.481, 1184107.642], [2546766.631, 1184101.462], [2546773.771, 1184105.262]]]}, "properties": {"OBJECTID": 46431717, "EGID": 280019772}}, {"type": "Feature", "id": 46431789, "geometry": {"type": "Polygon", "coordinates": [[[2546981.417, 1183549.83], [2546982.107, 1183551.31], [2546984.437, 1183550.25], [2546986.197, 1183554], [2546983.967, 1183555.03], [2546984.847, 1183556.91], [2546986.287, 1183558.49], [2546989.487, 1183560.67], [2546985.797, 1183566.07], [2546981.847, 1183563.31], [2546979.217, 1183560.26], [2546975.667, 1183552.53], [2546981.417, 1183549.83]]]}, "properties": {"OBJECTID": 46431789, "EGID": 846641}}, {"type": "Feature", "id": 46431938, "geometry": {"type": "Polygon", "coordinates": [[[2547314.83, 1183134.418], [2547322.907, 1183126.214], [2547326.097, 1183129.329], [2547333.393, 1183121.908], [2547337.678, 1183126.133], [2547322.328, 1183141.763], [2547314.83, 1183134.418]]]}, "properties": {"OBJECTID": 46431938, "EGID": 280097863}}, {"type": "Feature", "id": 46431955, "geometry": {"type": "Polygon", "coordinates": [[[2545377.815, 1181069.05], [2545373.995, 1181065.08], [2545376.215, 1181062.92], [2545379.995, 1181066.81], [2545377.815, 1181069.05]]]}, "properties": {"OBJECTID": 46431955, "EGID": 280045292}}, {"type": "Feature", "id": 46432081, "geometry": {"type": "Polygon", "coordinates": [[[2546736.583, 1183282.805], [2546734.485, 1183280.054], [2546731.732, 1183276.445], [2546742.837, 1183268], [2546748.262, 1183275.112], [2546737.142, 1183283.538], [2546736.583, 1183282.805]]]}, "properties": {"OBJECTID": 46432081, "EGID": 846681}}, {"type": "Feature", "id": 46432253, "geometry": {"type": "Polygon", "coordinates": [[[2546915.685, 1183486.011], [2546919.818, 1183489.812], [2546916.368, 1183493.512], [2546909.728, 1183487.382], [2546913.108, 1183483.642], [2546915.685, 1183486.011]]]}, "properties": {"OBJECTID": 46432253, "EGID": 190085491}}, {"type": "Feature", "id": 46432409, "geometry": {"type": "Polygon", "coordinates": [[[2547325.68, 1182956.187], [2547315.846, 1182966.144], [2547303.095, 1182953.548], [2547312.905, 1182943.604], [2547325.68, 1182956.187]]]}, "properties": {"OBJECTID": 46432409, "EGID": 190058144}}, {"type": "Feature", "id": 46432588, "geometry": {"type": "Polygon", "coordinates": [[[2546734.021, 1182220.575], [2546728.522, 1182224.396], [2546726.042, 1182220.646], [2546726.522, 1182220.426], [2546725.322, 1182218.876], [2546730.411, 1182215.436], [2546734.021, 1182220.575]]]}, "properties": {"OBJECTID": 46432588, "EGID": 280025272}}, {"type": "Feature", "id": 46432648, "geometry": {"type": "Polygon", "coordinates": [[[2546232.148, 1183931.766], [2546231.9728887915, 1183931.6090906756], [2546231.826868447, 1183931.424801418], [2546231.7141542477, 1183931.2184522466], [2546231.638, 1183930.996], [2546231.600501328, 1183930.759565442], [2546231.6044927724, 1183930.5202089734], [2546231.649853841, 1183930.2851561622], [2546231.7352151982, 1183930.0615026595], [2546231.858, 1183929.856], [2546233.168, 1183928.466], [2546234.348, 1183929.476], [2546236.058, 1183927.446], [2546245.478, 1183936.205], [2546242.718, 1183939.155], [2546245.368, 1183941.525], [2546237.088, 1183950.586], [2546232.818, 1183946.906], [2546235.558, 1183944.076], [2546234.228, 1183942.776], [2546233.688, 1183943.366], [2546232.368, 1183942.196], [2546233.028, 1183941.566], [2546231.178, 1183939.926], [2546230.108, 1183940.996], [2546226.588, 1183937.636], [2546232.148, 1183931.766]]]}, "properties": {"OBJECTID": 46432648, "EGID": 9031383}}, {"type": "Feature", "id": 46432661, "geometry": {"type": "Polygon", "coordinates": [[[2546274.636, 1183523.737], [2546272.9560000002, 1183524.727], [2546267.116, 1183513.658], [2546279.875, 1183507.287], [2546285.565, 1183517.747], [2546274.636, 1183523.737]]]}, "properties": {"OBJECTID": 46432661, "EGID": 846545}}, {"type": "Feature", "id": 46432917, "geometry": {"type": "Polygon", "coordinates": [[[2547944.723, 1183326.4070000001], [2547942.494, 1183330.327], [2547936.444, 1183326.988], [2547933.774, 1183331.288], [2547926.274, 1183326.948], [2547928.614, 1183322.4679999999], [2547926.014, 1183320.998], [2547928.2939999998, 1183316.878], [2547944.723, 1183326.4070000001]]]}, "properties": {"OBJECTID": 46432917, "EGID": 280010381}}, {"type": "Feature", "id": 46433033, "geometry": {"type": "Polygon", "coordinates": [[[2546713.661, 1183647.996], [2546716.801, 1183659.666], [2546708.011, 1183662.016], [2546704.911, 1183650.386], [2546713.661, 1183647.996]]]}, "properties": {"OBJECTID": 46433033, "EGID": 846647}}, {"type": "Feature", "id": 46433054, "geometry": {"type": "Polygon", "coordinates": [[[2546673.607, 1182803.483], [2546679.107, 1182809.572], [2546672.347, 1182815.733], [2546673.727, 1182817.203], [2546669.667, 1182820.873], [2546667.477, 1182818.483], [2546669.927, 1182816.293], [2546666.877, 1182812.963], [2546669.157, 1182810.913], [2546667.537, 1182809.0929999999], [2546673.607, 1182803.483]]]}, "properties": {"OBJECTID": 46433054, "EGID": 846696}}, {"type": "Feature", "id": 46433110, "geometry": {"type": "Polygon", "coordinates": [[[2546958.916, 1183196.529], [2546968.191, 1183205.235], [2546962.727, 1183211.046], [2546958.612, 1183207.171], [2546957.79, 1183208.043], [2546959.062, 1183209.242], [2546950.112, 1183218.781], [2546948.845, 1183217.591], [2546948.026, 1183218.463], [2546952.124, 1183222.31], [2546946.666, 1183228.133], [2546937.398, 1183219.422], [2546958.916, 1183196.529]]]}, "properties": {"OBJECTID": 46433110, "EGID": 280093260}}, {"type": "Feature", "id": 46433410, "geometry": {"type": "Polygon", "coordinates": [[[2544031.406, 1181382.019], [2544013.926, 1181372.059], [2544016.076, 1181367.999], [2544014.9560000002, 1181367.349], [2544017.926, 1181362.129], [2544019.006, 1181362.749], [2544021.1859999998, 1181358.889], [2544027.086, 1181362.349], [2544029.136, 1181358.369], [2544029.726, 1181358.729], [2544036.276, 1181350.619], [2544042.646, 1181355.649], [2544044.446, 1181353.899], [2544050.856, 1181357.778], [2544045.516, 1181366.899], [2544041.376, 1181364.529], [2544032.266, 1181380.559], [2544031.406, 1181382.019]]]}, "properties": {"OBJECTID": 46433410, "EGID": 846991}}, {"type": "Feature", "id": 46433502, "geometry": {"type": "Polygon", "coordinates": [[[2544749.376, 1182760.355], [2544743.016, 1182766.095], [2544740.4359999998, 1182763.135], [2544746.626, 1182757.325], [2544749.376, 1182760.355]]]}, "properties": {"OBJECTID": 46433502, "EGID": 280030397}}, {"type": "Feature", "id": 46433516, "geometry": {"type": "Polygon", "coordinates": [[[2546757.751, 1183573.235], [2546764.53, 1183570.285], [2546765.53, 1183572.585], [2546772.04, 1183569.755], [2546775.3, 1183577.275], [2546760.62, 1183583.645], [2546758.551, 1183578.875], [2546759.91, 1183578.245], [2546757.751, 1183573.235]]]}, "properties": {"OBJECTID": 46433516, "EGID": 3164718}}, {"type": "Feature", "id": 46433618, "geometry": {"type": "Polygon", "coordinates": [[[2545980.281, 1183981.982], [2545984.641, 1183976.742], [2545984.871, 1183976.912], [2545986.781, 1183974.672], [2545990.801, 1183978.021], [2545988.8310000002, 1183980.201], [2545990.101, 1183981.311], [2545985.511, 1183986.632], [2545980.281, 1183981.982]]]}, "properties": {"OBJECTID": 46433618, "EGID": 846514}}, {"type": "Feature", "id": 46433735, "geometry": {"type": "Polygon", "coordinates": [[[2546247.078, 1184037.435], [2546247.988, 1184040.515], [2546244.958, 1184041.425], [2546244.078, 1184038.415], [2546247.078, 1184037.435]]]}, "properties": {"OBJECTID": 46433735, "EGID": 280073076}}, {"type": "Feature", "id": 46433777, "geometry": {"type": "Polygon", "coordinates": [[[2544928.781, 1183894.184], [2544925.2939999998, 1183905.473], [2544908.671, 1183900.211], [2544909.226, 1183898.546], [2544911.361, 1183899.231], [2544913.365, 1183892.441], [2544919.187, 1183894.3], [2544920.102, 1183891.47], [2544928.781, 1183894.184]]]}, "properties": {"OBJECTID": 46433777, "EGID": 280106087}}, {"type": "Feature", "id": 46434044, "geometry": {"type": "Polygon", "coordinates": [[[2546014.083, 1184069.017], [2546015.651, 1184067.944], [2546018.52, 1184072.16], [2546017.242, 1184073.001], [2546016.133, 1184071.351], [2546015.797, 1184071.581], [2546014.083, 1184069.017]]]}, "properties": {"OBJECTID": 46434044, "EGID": 280116141}}, {"type": "Feature", "id": 46434199, "geometry": {"type": "Polygon", "coordinates": [[[2546959.678, 1183465.101], [2546962.358, 1183469.921], [2546963.648, 1183469.241], [2546968.657, 1183478.4], [2546961.438, 1183482.351], [2546958.338, 1183476.841], [2546956.908, 1183477.631], [2546952.258, 1183469.161], [2546959.678, 1183465.101]]]}, "properties": {"OBJECTID": 46434199, "EGID": 846673}}, {"type": "Feature", "id": 46434353, "geometry": {"type": "Polygon", "coordinates": [[[2545984.585, 1184045.024], [2545992.235, 1184040.243], [2545995.893, 1184046.097], [2545999.493, 1184043.848], [2546003.763, 1184050.681], [2545999.304, 1184053.488], [2545996.921, 1184049.696], [2545990.272, 1184053.901], [2545984.585, 1184045.024]]]}, "properties": {"OBJECTID": 46434353, "EGID": 846503}}, {"type": "Feature", "id": 46434483, "geometry": {"type": "Polygon", "coordinates": [[[2546809.108, 1182957.108], [2546818.728, 1182967.207], [2546813.748, 1182971.997], [2546804.028, 1182961.878], [2546809.108, 1182957.108]]]}, "properties": {"OBJECTID": 46434483, "EGID": 846709}}, {"type": "Feature", "id": 46434490, "geometry": {"type": "Polygon", "coordinates": [[[2546601.643, 1183570.589], [2546601.703, 1183570.899], [2546600.543, 1183571.169], [2546599.223, 1183565.719], [2546599.313, 1183565.649], [2546598.463, 1183562.279], [2546598.363, 1183562.299], [2546598.113, 1183561.089], [2546598.373, 1183561.049], [2546598.413, 1183561.169], [2546611.003, 1183558.139], [2546613.352, 1183567.779], [2546601.643, 1183570.589]]]}, "properties": {"OBJECTID": 46434490, "EGID": 846565}}, {"type": "Feature", "id": 46434524, "geometry": {"type": "Polygon", "coordinates": [[[2547453.123, 1183385.344], [2547453.611914437, 1183385.0866509667], [2547454.138085272, 1183384.9180979985], [2547454.6855294984, 1183384.843461074], [2547455.237617905, 1183384.8650073702], [2547455.777580209, 1183384.9820823953], [2547456.2890144717, 1183385.191129869], [2547456.756385324, 1183385.485799748], [2547457.1654958716, 1183385.857141116], [2547457.503918938, 1183386.2938740773], [2547457.761374557, 1183386.7827323957], [2547457.9300422356, 1183387.3088664713], [2547458.004798511, 1183387.8562944124], [2547457.98337258, 1183388.4083875031], [2547457.8664152785, 1183388.9483753187], [2547457.657479312, 1183389.4598551453], [2547457.3629113347, 1183389.9272902298], [2547456.9916591686, 1183390.3364817263], [2547456.555, 1183390.675], [2547456.0928559583, 1183390.9212198863], [2547455.596484671, 1183391.088003856], [2547455.079429602, 1183391.1708012172], [2547454.555798571, 1183391.167352849], [2547454.0398788233, 1183391.077752839], [2547453.545747202, 1183390.9044459197], [2547453.086886062, 1183390.6521607607], [2547452.675815404, 1183390.3277809492], [2547452.3237512703, 1183389.9401571709], [2547452.0402997117, 1183389.4998657203], [2547451.833194689, 1183389.018919926], [2547451.7080870513, 1183388.5104423682], [2547451.668390354, 1183387.9883068304], [2547451.71518772, 1183387.4667597527], [2547451.8472022847, 1183386.9600315194], [2547452.060832038, 1183386.4819481836], [2547452.350248104, 1183386.0455542235], [2547452.70755378, 1183385.6627566249], [2547453.123, 1183385.344]]]}, "properties": {"OBJECTID": 46434524, "EGID": 280132923}}, {"type": "Feature", "id": 46434548, "geometry": {"type": "Polygon", "coordinates": [[[2546953.027, 1182992.874], [2546958.947, 1182999.893], [2546952.727, 1183005.173], [2546946.747, 1182998.214], [2546953.027, 1182992.874]]]}, "properties": {"OBJECTID": 46434548, "EGID": 846774}}, {"type": "Feature", "id": 46434943, "geometry": {"type": "Polygon", "coordinates": [[[2548500.937, 1181674.558], [2548498.567, 1181676.838], [2548502.787, 1181681.168], [2548501.247, 1181682.688], [2548496.967, 1181678.368], [2548495.887, 1181679.408], [2548485.497, 1181668.579], [2548490.547, 1181663.7280000001], [2548500.937, 1181674.558]]]}, "properties": {"OBJECTID": 46434943, "EGID": 280011318}}, {"type": "Feature", "id": 46435066, "geometry": {"type": "Polygon", "coordinates": [[[2546838.809, 1183535.443], [2546846.749, 1183552.0929999999], [2546848.239, 1183551.373], [2546848.879, 1183552.733], [2546839.699, 1183557.163], [2546837.519, 1183552.583], [2546834.339, 1183554.073], [2546827.93, 1183540.484], [2546838.809, 1183535.443]]]}, "properties": {"OBJECTID": 46435066, "EGID": 846665}}, {"type": "Feature", "id": 46435082, "geometry": {"type": "Polygon", "coordinates": [[[2546620.642, 1183639.851], [2546616.552, 1183640.807], [2546614.83, 1183632.936], [2546617.136, 1183632.386], [2546627.312, 1183629.958], [2546629.172, 1183637.858], [2546620.642, 1183639.851]]]}, "properties": {"OBJECTID": 46435082, "EGID": 846560}}, {"type": "Feature", "id": 46435099, "geometry": {"type": "Polygon", "coordinates": [[[2548835.888, 1180212.106], [2548849.788, 1180221.596], [2548842.588, 1180232.676], [2548840.098, 1180231.056], [2548836.288, 1180236.806], [2548832.158, 1180234.046], [2548836.038, 1180228.256], [2548828.608, 1180223.206], [2548830.508, 1180220.336], [2548835.888, 1180212.106]]]}, "properties": {"OBJECTID": 46435099, "EGID": 842045}}, {"type": "Feature", "id": 46435244, "geometry": {"type": "Polygon", "coordinates": [[[2545920.572, 1184034.403], [2545921.712, 1184031.403], [2545932.782, 1184034.893], [2545930.602, 1184041.6030000001], [2545919.542, 1184038.363], [2545916.662, 1184043.763], [2545909.862, 1184040.143], [2545914.412, 1184031.693], [2545920.572, 1184034.403]]]}, "properties": {"OBJECTID": 46435244, "EGID": 846472}}, {"type": "Feature", "id": 46435663, "geometry": {"type": "Polygon", "coordinates": [[[2548687.027, 1181462.918], [2548682.911, 1181454.424], [2548692.401, 1181449.784], [2548694.519, 1181454.126], [2548698.321, 1181461.923], [2548688.822, 1181466.623], [2548687.027, 1181462.918]]]}, "properties": {"OBJECTID": 46435663, "EGID": 3105648}}, {"type": "Feature", "id": 46435864, "geometry": {"type": "Polygon", "coordinates": [[[2547169.182, 1182888.188], [2547158.063, 1182898.503], [2547152.539, 1182892.511], [2547154.617, 1182890.568], [2547151.343, 1182887.021], [2547156.059, 1182882.635], [2547160.368, 1182878.627], [2547169.182, 1182888.188]]]}, "properties": {"OBJECTID": 46435864, "EGID": 280008105}}, {"type": "Feature", "id": 46436179, "geometry": {"type": "Polygon", "coordinates": [[[2548560.308, 1181866.896], [2548551.388, 1181873.1469999999], [2548536.768, 1181852.307], [2548545.628, 1181846.047], [2548560.308, 1181866.896]]]}, "properties": {"OBJECTID": 46436179, "EGID": 280005576}}, {"type": "Feature", "id": 46436217, "geometry": {"type": "Polygon", "coordinates": [[[2544219.735, 1183695.15], [2544218.187, 1183700.5], [2544217.328, 1183703.4679999999], [2544212.332, 1183702.045], [2544213.229, 1183699.109], [2544214.659, 1183693.7], [2544219.735, 1183695.15]]]}, "properties": {"OBJECTID": 46436217, "EGID": 842249}}, {"type": "Feature", "id": 46436244, "geometry": {"type": "Polygon", "coordinates": [[[2547457.023, 1183391.402], [2547457.5119144367, 1183391.1446509669], [2547458.0380852725, 1183390.9760979987], [2547458.5855294988, 1183390.9014610741], [2547459.1376179047, 1183390.9230073704], [2547459.677580209, 1183391.0400823955], [2547460.1890144716, 1183391.2491298693], [2547460.656385324, 1183391.5437997482], [2547461.0654958715, 1183391.9151411161], [2547461.403918938, 1183392.3518740775], [2547461.661374557, 1183392.8407323959], [2547461.8300422356, 1183393.3668664715], [2547461.904798511, 1183393.9142944126], [2547461.8833725797, 1183394.466387503], [2547461.7664152784, 1183395.0063753189], [2547461.5574793117, 1183395.5178551453], [2547461.2629113346, 1183395.98529023], [2547460.891659169, 1183396.3944817262], [2547460.455, 1183396.733], [2547459.992855958, 1183396.9792198858], [2547459.496484671, 1183397.1460038554], [2547458.979429601, 1183397.228801217], [2547458.4557985705, 1183397.2253528486], [2547457.9398788232, 1183397.135752839], [2547457.4457472013, 1183396.9624459196], [2547456.9868860613, 1183396.7101607604], [2547456.5758154034, 1183396.385780949], [2547456.2237512697, 1183395.9981571706], [2547455.940299711, 1183395.55786572], [2547455.7331946883, 1183395.0769199256], [2547455.6080870507, 1183394.568442368], [2547455.5683903536, 1183394.04630683], [2547455.6151877195, 1183393.5247597522], [2547455.747202284, 1183393.0180315191], [2547455.9608320375, 1183392.539948183], [2547456.2502481034, 1183392.103554223], [2547456.6075537796, 1183391.7207566246], [2547457.023, 1183391.402]]]}, "properties": {"OBJECTID": 46436244, "EGID": 280132921}}, {"type": "Feature", "id": 46436662, "geometry": {"type": "Polygon", "coordinates": [[[2547028.647, 1183622.808], [2547031.647, 1183629.748], [2547020.437, 1183634.828], [2547017.987, 1183625.428], [2547020.897, 1183624.688], [2547020.927, 1183624.838], [2547028.647, 1183622.808]]]}, "properties": {"OBJECTID": 46436662, "EGID": 280012785}}, {"type": "Feature", "id": 46436676, "geometry": {"type": "Polygon", "coordinates": [[[2546985.381, 1183361.692], [2546984.961, 1183360.3429999999], [2546983.273, 1183354.918], [2546992.04, 1183352.16], [2546994.8140000002, 1183360.985], [2546986.015, 1183363.7280000001], [2546985.381, 1183361.692]]]}, "properties": {"OBJECTID": 46436676, "EGID": 280103621}}, {"type": "Feature", "id": 46436911, "geometry": {"type": "Polygon", "coordinates": [[[2544152.281, 1183604.066], [2544151.96, 1183606.104], [2544147.464, 1183605.428], [2544147.885, 1183603.372], [2544152.281, 1183604.066]]]}, "properties": {"OBJECTID": 46436911, "EGID": 280113309}}, {"type": "Feature", "id": 46437060, "geometry": {"type": "Polygon", "coordinates": [[[2547469.3, 1183285.639], [2547466.85, 1183279.57], [2547471.11, 1183277.869], [2547473.56, 1183283.949], [2547469.3, 1183285.639]]]}, "properties": {"OBJECTID": 46437060, "EGID": 280033348}}, {"type": "Feature", "id": 46437288, "geometry": {"type": "Polygon", "coordinates": [[[2547510.8, 1183285.648], [2547502.3, 1183263.189], [2547539.879, 1183249.428], [2547545.349, 1183264.098], [2547545.684119877, 1183264.0093442698], [2547546.02948753, 1183263.9795725634], [2547546.374835654, 1183264.0095699525], [2547546.709897525, 1183264.0984446565], [2547547.0247122142, 1183264.243554552], [2547547.3099207142, 1183264.4405857222], [2547547.5570441685, 1183264.6836807013], [2547547.7587359366, 1183264.9656126096], [2547547.909, 1183265.278], [2547547.9986995514, 1183265.585467901], [2547548.038411852, 1183265.903281452], [2547548.027128146, 1183266.2233676866], [2547547.9651350584, 1183266.5375959107], [2547547.8540073102, 1183266.837984232], [2547547.696567722, 1183267.116902313], [2547547.496815508, 1183267.3672651951], [2547547.259824689, 1183267.5827132661], [2547546.991615205, 1183267.7577738056], [2547546.699, 1183267.888], [2547548.099, 1183271.788], [2547510.8, 1183285.648]]]}, "properties": {"OBJECTID": 46437288, "EGID": 280001287}}, {"type": "Feature", "id": 46437353, "geometry": {"type": "Polygon", "coordinates": [[[2545261.957, 1181557.692], [2545263.817, 1181560.922], [2545258.797, 1181565.382], [2545255.987, 1181562.482], [2545249.367, 1181569.092], [2545242.777, 1181562.662], [2545235.177, 1181570.122], [2545234.937, 1181569.932], [2545235.147, 1181569.702], [2545232.567, 1181567.242], [2545232.377, 1181567.382], [2545232.037, 1181567.042], [2545228.287, 1181570.672], [2545224.667, 1181566.963], [2545229.117, 1181562.682], [2545229.427, 1181562.912], [2545232.877, 1181559.562], [2545224.627, 1181551.303], [2545235.267, 1181540.802], [2545252.987, 1181558.742], [2545257.787, 1181554.312], [2545261.957, 1181557.692]]]}, "properties": {"OBJECTID": 46437353, "EGID": 846987}}, {"type": "Feature", "id": 46437457, "geometry": {"type": "Polygon", "coordinates": [[[2546920.613, 1180977.833], [2546924.763, 1180974.013], [2546930.853, 1180980.632], [2546920.583, 1180990.492], [2546916.653, 1180986.333], [2546906.333, 1180995.403], [2546899.933, 1180988.273], [2546905.403, 1180983.263], [2546905.173, 1180982.953], [2546905.923, 1180982.3429999999], [2546898.603, 1180974.023], [2546909.063, 1180964.713], [2546920.613, 1180977.833]]]}, "properties": {"OBJECTID": 46437457, "EGID": 847008}}, {"type": "Feature", "id": 46438518, "geometry": {"type": "Polygon", "coordinates": [[[2547250.263, 1183247.935], [2547259.733, 1183257.125], [2547253.773, 1183263.115], [2547244.323, 1183253.905], [2547250.263, 1183247.935]]]}, "properties": {"OBJECTID": 46438518, "EGID": 846750}}, {"type": "Feature", "id": 46438616, "geometry": {"type": "Polygon", "coordinates": [[[2547014.966, 1183231.521], [2547014.796, 1183231.601], [2547013.346, 1183230.251], [2547004.893, 1183239.431], [2547006.053, 1183240.498], [2547006.39, 1183242.164], [2547000.315, 1183248.775], [2546998.605, 1183248.556], [2546997.46, 1183247.502], [2546988.777, 1183256.931], [2546980.627, 1183249.421], [2546981.757, 1183248.121], [2546978.397, 1183244.972], [2546976.527, 1183243.252], [2546987.557, 1183231.251], [2546985.317, 1183229.201], [2546995.327, 1183218.151], [2546997.977, 1183218.131], [2547000.807, 1183220.751], [2547005.747, 1183225.381], [2547006.697, 1183224.221], [2547008.397, 1183225.771], [2547008.557, 1183225.621], [2547014.966, 1183231.521]]]}, "properties": {"OBJECTID": 46438616, "EGID": 846718}}, {"type": "Feature", "id": 46438802, "geometry": {"type": "Polygon", "coordinates": [[[2546902.388, 1183426.492], [2546910.438, 1183435.652], [2546910.173, 1183435.889], [2546912.698, 1183438.71], [2546908.165, 1183442.736], [2546905.708, 1183439.884], [2546905.588, 1183439.992], [2546897.828, 1183431.292], [2546897.218, 1183431.862], [2546896.878, 1183431.462], [2546902.388, 1183426.492]]]}, "properties": {"OBJECTID": 46438802, "EGID": 280015268}}, {"type": "Feature", "id": 46438925, "geometry": {"type": "Polygon", "coordinates": [[[2548506.778, 1181796.808], [2548505.778, 1181797.518], [2548501.768, 1181792.138], [2548498.208, 1181794.788], [2548498.088, 1181794.628], [2548490.058, 1181782.758], [2548488.958, 1181781.488], [2548496.128, 1181776.508], [2548490.278, 1181768.508], [2548500.038, 1181761.328], [2548519.378, 1181787.877], [2548519.008, 1181788.1469999999], [2548520.458, 1181790.247], [2548516.668, 1181792.868], [2548515.238, 1181790.808], [2548506.778, 1181796.808]]]}, "properties": {"OBJECTID": 46438925, "EGID": 843400}}, {"type": "Feature", "id": 46439250, "geometry": {"type": "Polygon", "coordinates": [[[2546737.258, 1183491.985], [2546732.5810000002, 1183493.086], [2546729.931, 1183482.196], [2546735.661, 1183480.836], [2546734.031, 1183474.206], [2546740.321, 1183472.616], [2546739.111, 1183468.166], [2546742.8310000002, 1183466.376], [2546744.801, 1183470.236], [2546753.75, 1183488.096], [2546737.258, 1183491.985]]]}, "properties": {"OBJECTID": 46439250, "EGID": 846717}}, {"type": "Feature", "id": 46439446, "geometry": {"type": "Polygon", "coordinates": [[[2547909.382, 1183094.028], [2547913.422, 1183089.908], [2547915.522, 1183091.9780000001], [2547916.212, 1183091.298], [2547916.412, 1183091.457], [2547920.8109999998, 1183086.627], [2547924.851, 1183090.617], [2547926.181, 1183089.097], [2547928.551, 1183091.477], [2547918.382, 1183102.437], [2547909.382, 1183094.028]]]}, "properties": {"OBJECTID": 46439446, "EGID": 846904}}, {"type": "Feature", "id": 46439486, "geometry": {"type": "Polygon", "coordinates": [[[2547411.951, 1182800.881], [2547409.649, 1182803.7280000001], [2547411.058, 1182804.866], [2547399.785, 1182818.814], [2547398.462, 1182817.745], [2547396.155, 1182820.6], [2547386.17, 1182812.569], [2547388.601, 1182809.537], [2547389.674, 1182810.416], [2547392.18, 1182807.301], [2547391.104, 1182806.409], [2547397.013, 1182799.007], [2547398.1, 1182799.8969999999], [2547400.617, 1182796.769], [2547399.526, 1182795.889], [2547401.953, 1182792.861], [2547411.951, 1182800.881]]]}, "properties": {"OBJECTID": 46439486, "EGID": 280081616}}, {"type": "Feature", "id": 46439500, "geometry": {"type": "Polygon", "coordinates": [[[2545337.165, 1181110.571], [2545331.425, 1181119.131], [2545319.796, 1181111.231], [2545320.336, 1181110.581], [2545317.9359999998, 1181108.861], [2545319.736, 1181104.651], [2545322.816, 1181106.811], [2545325.556, 1181102.621], [2545337.165, 1181110.571]]]}, "properties": {"OBJECTID": 46439500, "EGID": 3164706}}, {"type": "Feature", "id": 46439946, "geometry": {"type": "Polygon", "coordinates": [[[2547439.908, 1182872.89], [2547433.938, 1182867.24], [2547438.238, 1182862.75], [2547433.668, 1182858.42], [2547437.677, 1182854.23], [2547448.167, 1182864.21], [2547439.908, 1182872.89]]]}, "properties": {"OBJECTID": 46439946, "EGID": 101111826}}, {"type": "Feature", "id": 46440181, "geometry": {"type": "Polygon", "coordinates": [[[2547272.541, 1183097.015], [2547270.867, 1183098.709], [2547262.818, 1183090.829], [2547264.483, 1183089.128], [2547272.541, 1183097.015]]]}, "properties": {"OBJECTID": 46440181, "EGID": 280070674}}, {"type": "Feature", "id": 46440213, "geometry": {"type": "Polygon", "coordinates": [[[2547519.494, 1182838.29], [2547521.884, 1182840.058], [2547518.62, 1182844.469], [2547516.215, 1182842.696], [2547519.494, 1182838.29]]]}, "properties": {"OBJECTID": 46440213, "EGID": 280108696}}, {"type": "Feature", "id": 46440322, "geometry": {"type": "Polygon", "coordinates": [[[2545816.932, 1184011.456], [2545815.712, 1184012.796], [2545818.272, 1184015.016], [2545814.812, 1184018.866], [2545812.092, 1184016.436], [2545809.692, 1184019.116], [2545806.652, 1184016.406], [2545813.712, 1184008.486], [2545816.932, 1184011.456]]]}, "properties": {"OBJECTID": 46440322, "EGID": 846496}}, {"type": "Feature", "id": 46440410, "geometry": {"type": "Polygon", "coordinates": [[[2548833.429, 1180155.818], [2548829.949, 1180160.698], [2548825.029, 1180157.078], [2548828.559, 1180152.318], [2548833.429, 1180155.818]]]}, "properties": {"OBJECTID": 46440410, "EGID": 280028591}}, {"type": "Feature", "id": 46440503, "geometry": {"type": "Polygon", "coordinates": [[[2544299.676, 1183239.744], [2544298.483, 1183244.818], [2544293.409, 1183246.617], [2544286.316, 1183241.65], [2544287.304, 1183236.206], [2544293.065, 1183234.71], [2544299.676, 1183239.744]]]}, "properties": {"OBJECTID": 46440503, "EGID": 280106175}}, {"type": "Feature", "id": 46440559, "geometry": {"type": "Polygon", "coordinates": [[[2547129.083, 1183353.565], [2547128.965, 1183353.767], [2547127.545, 1183354.577], [2547120.565, 1183358.787], [2547124.015, 1183364.327], [2547123.815, 1183364.447], [2547123.405, 1183364.727], [2547123.47, 1183364.832], [2547115.434, 1183369.665], [2547115.167, 1183369.208], [2547109.524, 1183372.555], [2547104.069, 1183363.239], [2547110.5609999998, 1183359.258], [2547105.552, 1183350.79], [2547105.707, 1183350.697], [2547103.56, 1183347.068], [2547117.011, 1183339.063], [2547119.289, 1183342.595], [2547119.437, 1183342.492], [2547126.58, 1183354.856], [2547128.974, 1183353.383], [2547129.083, 1183353.565]]]}, "properties": {"OBJECTID": 46440559, "EGID": 846782}}, {"type": "Feature", "id": 46440838, "geometry": {"type": "Polygon", "coordinates": [[[2546698.715, 1183496.191], [2546689.427, 1183498.256], [2546688.271, 1183492.842], [2546689.03, 1183491.642], [2546688.037, 1183487.234], [2546696.36, 1183485.416], [2546698.715, 1183496.191]]]}, "properties": {"OBJECTID": 46440838, "EGID": 190058201}}, {"type": "Feature", "id": 46440872, "geometry": {"type": "Polygon", "coordinates": [[[2546371.388, 1183654.703], [2546369.178, 1183648.225], [2546385.109, 1183642.798], [2546387.315, 1183649.29], [2546371.388, 1183654.703]]]}, "properties": {"OBJECTID": 46440872, "EGID": 280065658}}, {"type": "Feature", "id": 46441012, "geometry": {"type": "Polygon", "coordinates": [[[2544188.743, 1183617.405], [2544187.594, 1183622.607], [2544184.803, 1183621.913], [2544184.614, 1183622.575], [2544182.029, 1183621.976], [2544183.368, 1183616.128], [2544188.743, 1183617.405]]]}, "properties": {"OBJECTID": 46441012, "EGID": 842237}}, {"type": "Feature", "id": 46441125, "geometry": {"type": "Polygon", "coordinates": [[[2546359.545, 1181227.684], [2546355.056, 1181232.394], [2546349.576, 1181227.064], [2546353.965, 1181222.434], [2546359.545, 1181227.684]]]}, "properties": {"OBJECTID": 46441125, "EGID": 280021682}}, {"type": "Feature", "id": 46441286, "geometry": {"type": "Polygon", "coordinates": [[[2545333.505, 1181090.861], [2545345.085, 1181098.851], [2545337.165, 1181110.571], [2545325.556, 1181102.621], [2545328.095, 1181098.811], [2545322.096, 1181094.561], [2545327.305, 1181086.721], [2545332.245, 1181089.991], [2545333.505, 1181090.861]]]}, "properties": {"OBJECTID": 46441286, "EGID": 846967}}, {"type": "Feature", "id": 46441435, "geometry": {"type": "Polygon", "coordinates": [[[2549257.3109999998, 1181021.607], [2549262.167, 1181018.825], [2549265.761, 1181025.097], [2549260.895, 1181027.884], [2549257.3109999998, 1181021.607]]]}, "properties": {"OBJECTID": 46441435, "EGID": 280125908}}, {"type": "Feature", "id": 46441508, "geometry": {"type": "Polygon", "coordinates": [[[2546498.454, 1183725.64], [2546501.954, 1183723.51], [2546506.494, 1183730.09], [2546503.184, 1183732.42], [2546498.454, 1183725.64]]]}, "properties": {"OBJECTID": 46441508, "EGID": 280029769}}, {"type": "Feature", "id": 46441700, "geometry": {"type": "Polygon", "coordinates": [[[2548458.527, 1181710.84], [2548461.538, 1181708.289], [2548462.038, 1181708.879], [2548474.151, 1181698.669], [2548474.578, 1181698.309], [2548482.668, 1181709.338], [2548479.888, 1181711.458], [2548481.738, 1181713.578], [2548483.808, 1181716.698], [2548487.518, 1181721.458], [2548483.438, 1181724.488], [2548482.468, 1181723.368], [2548478.138, 1181727.138], [2548478.398, 1181727.428], [2548471.808, 1181732.769], [2548461.888, 1181721.339], [2548455.818, 1181714.439], [2548456.168, 1181712.839], [2548458.527, 1181710.84]]]}, "properties": {"OBJECTID": 46441700, "EGID": 843419}}, {"type": "Feature", "id": 46441753, "geometry": {"type": "Polygon", "coordinates": [[[2548424.95, 1181781.91], [2548431.539, 1181776.22], [2548434.899, 1181780.57], [2548438.659, 1181777.19], [2548452.578, 1181792.62], [2548455.329, 1181795.669], [2548450.027, 1181800.464], [2548441.65, 1181808.04], [2548438.35, 1181804.39], [2548434.69, 1181807.46], [2548432.27, 1181804.745], [2548431.98, 1181804.42], [2548435.63, 1181801.39], [2548433.07, 1181798.56], [2548436.76, 1181795.2], [2548428.6, 1181786.22], [2548424.95, 1181781.91]]]}, "properties": {"OBJECTID": 46441753, "EGID": 280003110}}, {"type": "Feature", "id": 46442011, "geometry": {"type": "Polygon", "coordinates": [[[2545994.042, 1184152.96], [2545995.362, 1184154.78], [2545995.902, 1184154.38], [2545998.312, 1184158.07], [2545993.492, 1184161.19], [2545989.812, 1184155.79], [2545994.042, 1184152.96]]]}, "properties": {"OBJECTID": 46442011, "EGID": 280069423}}, {"type": "Feature", "id": 46442222, "geometry": {"type": "Polygon", "coordinates": [[[2546952.398, 1183486.811], [2546958.868, 1183495.251], [2546949.618, 1183502.401], [2546942.958, 1183493.891], [2546952.398, 1183486.811]]]}, "properties": {"OBJECTID": 46442222, "EGID": 846672}}, {"type": "Feature", "id": 46442582, "geometry": {"type": "Polygon", "coordinates": [[[2547274.143, 1183337.964], [2547278.263, 1183345.934], [2547270.233, 1183350.154], [2547266.083, 1183342.174], [2547274.143, 1183337.964]]]}, "properties": {"OBJECTID": 46442582, "EGID": 846826}}, {"type": "Feature", "id": 46442746, "geometry": {"type": "Polygon", "coordinates": [[[2547920.683, 1183269.958], [2547913.434, 1183280.958], [2547878.304, 1183256.989], [2547827.354, 1183222.51], [2547835.864, 1183209.91], [2547832.474, 1183207.65], [2547836.164, 1183202.32], [2547839.374, 1183204.67], [2547843.244, 1183199.08], [2547929.313, 1183257.238], [2547920.683, 1183269.958]]]}, "properties": {"OBJECTID": 46442746, "EGID": 9031389}}, {"type": "Feature", "id": 46442879, "geometry": {"type": "Polygon", "coordinates": [[[2548355.857, 1181463.134], [2548354.067, 1181461.274], [2548357.257, 1181458.214], [2548359.037, 1181460.094], [2548355.857, 1181463.134]]]}, "properties": {"OBJECTID": 46442879, "EGID": 280052065}}, {"type": "Feature", "id": 46443071, "geometry": {"type": "Polygon", "coordinates": [[[2547284.09, 1182882.704], [2547270.301, 1182871.365], [2547279.11, 1182860.844], [2547277.89, 1182859.845], [2547289.43, 1182846.064], [2547299.77, 1182854.624], [2547291.17, 1182864.874], [2547300.46, 1182872.554], [2547295.69, 1182878.294], [2547298.26, 1182880.434], [2547297.36, 1182881.534], [2547305.22, 1182889.124], [2547298.98, 1182895.694], [2547287.09, 1182885.164], [2547284.09, 1182882.704]]]}, "properties": {"OBJECTID": 46443071, "EGID": 846931}}, {"type": "Feature", "id": 46443173, "geometry": {"type": "Polygon", "coordinates": [[[2544077.502, 1181388.788], [2544077.227242656, 1181388.766531146], [2544076.9592345, 1181388.7023116937], [2544076.704585235, 1181388.596925444], [2544076.4695751034, 1181388.4529714661], [2544076.2600000002, 1181388.2739999997], [2544076.0810285336, 1181388.0644248966], [2544075.937074556, 1181387.829414765], [2544075.8316883063, 1181387.5747655], [2544075.767468854, 1181387.306757344], [2544075.746, 1181387.0320000001], [2544075.772747152, 1181386.7272229292], [2544075.852002586, 1181386.431718193], [2544075.981359036, 1181386.1544613051], [2544076.1568874945, 1181385.9038735295], [2544076.373256547, 1181385.6875660948], [2544076.6238943064, 1181385.5121090156], [2544076.9011880257, 1181385.3828315386], [2544077.1967153237, 1181385.3036602736], [2544077.5015000002, 1181385.276999929], [2544077.806284677, 1181385.3036602736], [2544078.101811975, 1181385.3828315386], [2544078.379105694, 1181385.5121090156], [2544078.6297434536, 1181385.6875660948], [2544078.846112506, 1181385.9038735295], [2544079.0216409643, 1181386.1544613051], [2544079.1509974147, 1181386.431718193], [2544079.2302528485, 1181386.7272229292], [2544079.257, 1181387.0320000001], [2544079.2302496387, 1181387.336779796], [2544079.1510228477, 1181387.632295314], [2544079.0217230194, 1181387.9095819169], [2544078.84627254, 1181388.1602279523], [2544078.6299938033, 1181388.3766299249], [2544078.3794477517, 1181388.5522231534], [2544078.102234848, 1181388.6816809138], [2544077.806764508, 1181388.7610760285], [2544077.502, 1181388.788]]]}, "properties": {"OBJECTID": 46443173, "EGID": 280131753}}, {"type": "Feature", "id": 46443261, "geometry": {"type": "Polygon", "coordinates": [[[2547358.579, 1183008.28], [2547345.803, 1182995.678], [2547355.632, 1182985.714], [2547368.422, 1182998.317], [2547358.579, 1183008.28]]]}, "properties": {"OBJECTID": 46443261, "EGID": 190058146}}, {"type": "Feature", "id": 46443745, "geometry": {"type": "Polygon", "coordinates": [[[2546724.412, 1182248.666], [2546730.052, 1182251.195], [2546727.122, 1182257.785], [2546720.532, 1182254.836], [2546723.062, 1182249.196], [2546724.412, 1182248.666]]]}, "properties": {"OBJECTID": 46443745, "EGID": 280020973}}, {"type": "Feature", "id": 46443761, "geometry": {"type": "Polygon", "coordinates": [[[2549449.891, 1180890.014], [2549448.601, 1180890.804], [2549443.571, 1180883.334], [2549445.041, 1180882.474], [2549447.021, 1180881.284], [2549451.881, 1180888.754], [2549449.891, 1180890.014]]]}, "properties": {"OBJECTID": 46443761, "EGID": 280028651}}, {"type": "Feature", "id": 46443764, "geometry": {"type": "Polygon", "coordinates": [[[2547219.251, 1182012.94], [2547215.411, 1182017.7], [2547212.631, 1182015.49], [2547216.5609999998, 1182010.78], [2547219.251, 1182012.94]]]}, "properties": {"OBJECTID": 46443764, "EGID": 280039522}}, {"type": "Feature", "id": 46443774, "geometry": {"type": "Polygon", "coordinates": [[[2547270.447, 1183088.417], [2547270.096, 1183088.774], [2547265.975, 1183084.735], [2547264.731, 1183083.507], [2547265.082, 1183083.152], [2547270.716, 1183077.446], [2547271.059, 1183077.098], [2547276.424, 1183082.336], [2547276.073, 1183082.693], [2547270.447, 1183088.417]]]}, "properties": {"OBJECTID": 46443774, "EGID": 190058065}}, {"type": "Feature", "id": 46443819, "geometry": {"type": "Polygon", "coordinates": [[[2547275.373, 1183294.004], [2547278.724, 1183300.28], [2547278.899, 1183300.184], [2547283, 1183307.831], [2547282.735, 1183307.974], [2547283.837, 1183310.139], [2547278.426, 1183312.93], [2547277.316, 1183310.788], [2547276.462, 1183311.239], [2547272.723, 1183304.461], [2547272.041, 1183304.825], [2547268.222, 1183297.829], [2547275.373, 1183294.004]]]}, "properties": {"OBJECTID": 46443819, "EGID": 846803}}, {"type": "Feature", "id": 46443877, "geometry": {"type": "Polygon", "coordinates": [[[2546416.819, 1183475.424], [2546423.068, 1183472.144], [2546423.504, 1183472.974], [2546433.084, 1183468.024], [2546436.864, 1183475.223], [2546434.104, 1183476.649], [2546434.699, 1183477.801], [2546433.252, 1183478.549], [2546432.657, 1183477.395], [2546427.234, 1183480.194], [2546426.767, 1183479.29], [2546420.498, 1183482.529], [2546416.819, 1183475.424]]]}, "properties": {"OBJECTID": 46443877, "EGID": 190028491}}, {"type": "Feature", "id": 46443884, "geometry": {"type": "Polygon", "coordinates": [[[2546698.053, 1182257.636], [2546694.383, 1182263.927], [2546688.353, 1182260.697], [2546688.523, 1182260.467], [2546685.273, 1182258.767], [2546688.843, 1182252.367], [2546698.053, 1182257.636]]]}, "properties": {"OBJECTID": 46443884, "EGID": 9031585}}, {"type": "Feature", "id": 46443892, "geometry": {"type": "Polygon", "coordinates": [[[2548546.076, 1181658.687], [2548536.656, 1181650.817], [2548542.116, 1181644.207], [2548546.126, 1181647.567], [2548545.466, 1181648.357], [2548545.916, 1181648.727], [2548546.576, 1181647.937], [2548547.406, 1181648.637], [2548546.756, 1181649.3969999999], [2548550.846, 1181652.816], [2548546.076, 1181658.687]]]}, "properties": {"OBJECTID": 46443892, "EGID": 280013200}}, {"type": "Feature", "id": 46443918, "geometry": {"type": "Polygon", "coordinates": [[[2544023.373, 1181638.595], [2544024.45, 1181636.295], [2544029.059, 1181638.433], [2544027.998, 1181640.76], [2544023.373, 1181638.595]]]}, "properties": {"OBJECTID": 46443918, "EGID": 280117684}}, {"type": "Feature", "id": 46443923, "geometry": {"type": "Polygon", "coordinates": [[[2547525.757, 1183211.548], [2547527.744, 1183217.008], [2547521.497, 1183219.309], [2547519.499, 1183213.882], [2547525.757, 1183211.548]]]}, "properties": {"OBJECTID": 46443923, "EGID": 280052461}}, {"type": "Feature", "id": 46444244, "geometry": {"type": "Polygon", "coordinates": [[[2547122.035, 1183326.148], [2547120.335, 1183323.898], [2547118.355, 1183325.278], [2547117.085, 1183323.388], [2547119.165, 1183321.958], [2547120.405, 1183323.618], [2547123.635, 1183321.318], [2547125.395, 1183323.668], [2547122.035, 1183326.148]]]}, "properties": {"OBJECTID": 46444244, "EGID": 280041479}}, {"type": "Feature", "id": 46444278, "geometry": {"type": "Polygon", "coordinates": [[[2546683.509, 1183478.368], [2546682.961, 1183475.395], [2546688.887, 1183474.303], [2546689.42, 1183477.239], [2546683.509, 1183478.368]]]}, "properties": {"OBJECTID": 46444278, "EGID": 280071208}}, {"type": "Feature", "id": 46444313, "geometry": {"type": "Polygon", "coordinates": [[[2546413.516, 1183540.329], [2546403.459, 1183541.842], [2546403.875, 1183542.467], [2546399.977, 1183545.088], [2546397.921, 1183542.09], [2546395.39, 1183538.846], [2546397.282, 1183537.529], [2546396.0810000002, 1183534.127], [2546398.356, 1183533.377], [2546396.465, 1183525.723], [2546393.51, 1183526.419], [2546391.6689999998, 1183519.165], [2546395.685, 1183518.05], [2546397.504, 1183517.458], [2546397.535, 1183517.574], [2546413.055, 1183513.064], [2546413.925, 1183516.204], [2546415.105, 1183520.834], [2546415.315, 1183520.764], [2546418.955, 1183519.654], [2546419.888, 1183522.729], [2546416.333, 1183523.878], [2546416.024, 1183522.866], [2546411.09, 1183524.2719999999], [2546413.516, 1183540.329]]]}, "properties": {"OBJECTID": 46444313, "EGID": 846540}}, {"type": "Feature", "id": 46444657, "geometry": {"type": "Polygon", "coordinates": [[[2546869.308, 1182977.846], [2546874.448, 1182982.746], [2546872.078, 1182985.296], [2546873.988, 1182987.106], [2546870.278, 1182991.026], [2546868.398, 1182989.196], [2546868.208, 1182989.356], [2546863.038, 1182984.306], [2546869.308, 1182977.846]]]}, "properties": {"OBJECTID": 46444657, "EGID": 3164725}}, {"type": "Feature", "id": 46444728, "geometry": {"type": "Polygon", "coordinates": [[[2546819.61, 1183518.424], [2546814.24, 1183506.244], [2546822.22, 1183502.794], [2546826.209, 1183511.804], [2546829.019, 1183510.554], [2546830.969, 1183514.934], [2546828.219, 1183516.244], [2546829.469, 1183518.924], [2546825.4, 1183520.674], [2546823.58, 1183516.744], [2546819.61, 1183518.424]]]}, "properties": {"OBJECTID": 46444728, "EGID": 846664}}, {"type": "Feature", "id": 46444770, "geometry": {"type": "Polygon", "coordinates": [[[2547028.647, 1183622.808], [2547020.927, 1183624.838], [2547020.897, 1183624.688], [2547017.047, 1183610.209], [2547026.047, 1183607.948], [2547029.627, 1183622.588], [2547028.647, 1183622.808]]]}, "properties": {"OBJECTID": 46444770, "EGID": 846629}}, {"type": "Feature", "id": 46444792, "geometry": {"type": "Polygon", "coordinates": [[[2546551.113, 1183538.56], [2546550.233, 1183534.83], [2546550.933, 1183534.66], [2546549.993, 1183530.66], [2546560.803, 1183528.19], [2546562.603, 1183535.93], [2546551.113, 1183538.56]]]}, "properties": {"OBJECTID": 46444792, "EGID": 846538}}, {"type": "Feature", "id": 46444811, "geometry": {"type": "Polygon", "coordinates": [[[2548489.378, 1181898.438], [2548478.937, 1181903.328], [2548477.82, 1181900.91], [2548477.286, 1181901.1570000001], [2548475.86, 1181900.659], [2548475.195, 1181899.274], [2548475.703, 1181897.862], [2548476.254, 1181897.602], [2548475.122, 1181895.187], [2548485.536, 1181890.267], [2548489.378, 1181898.438]]]}, "properties": {"OBJECTID": 46444811, "EGID": 400000177}}, {"type": "Feature", "id": 46444817, "geometry": {"type": "Polygon", "coordinates": [[[2546464.725, 1183746.171], [2546469.845, 1183753.681], [2546462.515, 1183758.851], [2546457.385, 1183751.301], [2546464.725, 1183746.171]]]}, "properties": {"OBJECTID": 46444817, "EGID": 280067381}}, {"type": "Feature", "id": 46445260, "geometry": {"type": "Polygon", "coordinates": [[[2547193.0640000002, 1183302.236], [2547193.344, 1183301.936], [2547200.504, 1183309.086], [2547194.7939999998, 1183314.746], [2547188.994, 1183308.946], [2547188.014, 1183310.136], [2547186.994, 1183309.176], [2547193.0640000002, 1183302.236]]]}, "properties": {"OBJECTID": 46445260, "EGID": 846788}}, {"type": "Feature", "id": 46445323, "geometry": {"type": "Polygon", "coordinates": [[[2547563.049, 1183235.367], [2547564.279, 1183238.6570000001], [2547557.199, 1183241.248], [2547555.989, 1183237.9679999999], [2547563.049, 1183235.367]]]}, "properties": {"OBJECTID": 46445323, "EGID": 280034245}}, {"type": "Feature", "id": 46445333, "geometry": {"type": "Polygon", "coordinates": [[[2548712.537, 1180235.479], [2548725.367, 1180227.489], [2548732.957, 1180240.078], [2548720.157, 1180248.028], [2548712.537, 1180235.479]]]}, "properties": {"OBJECTID": 46445333, "EGID": 842056}}, {"type": "Feature", "id": 46445963, "geometry": {"type": "Polygon", "coordinates": [[[2547316.602, 1183335.293], [2547319.852, 1183341.6030000001], [2547314.293, 1183344.513], [2547311.013, 1183338.173], [2547316.602, 1183335.293]]]}, "properties": {"OBJECTID": 46445963, "EGID": 280023089}}, {"type": "Feature", "id": 46446049, "geometry": {"type": "Polygon", "coordinates": [[[2546007.272, 1184042.981], [2546002.372, 1184035.551], [2546004.612, 1184034.111], [2546003.552, 1184032.531], [2546008.021, 1184029.521], [2546013.881, 1184038.55], [2546007.272, 1184042.981]]]}, "properties": {"OBJECTID": 46446049, "EGID": 846471}}, {"type": "Feature", "id": 46446340, "geometry": {"type": "Polygon", "coordinates": [[[2546231.978, 1183484.036], [2546242.798, 1183503.231], [2546225.322, 1183513.064], [2546214.517, 1183493.86], [2546231.978, 1183484.036]]]}, "properties": {"OBJECTID": 46446340, "EGID": 280007413}}, {"type": "Feature", "id": 46446762, "geometry": {"type": "Polygon", "coordinates": [[[2546007.652, 1184152.87], [2546006.072, 1184150.5], [2546008.702, 1184148.7], [2546009.692, 1184150.12], [2546010.362, 1184149.63], [2546012.482, 1184152.78], [2546008.382, 1184155.64], [2546006.742, 1184153.5], [2546007.652, 1184152.87]]]}, "properties": {"OBJECTID": 46446762, "EGID": 280070466}}, {"type": "Feature", "id": 46446981, "geometry": {"type": "Polygon", "coordinates": [[[2546879.997, 1183227.003], [2546879.881, 1183227.127], [2546871.265, 1183216.784], [2546871.376, 1183216.668], [2546879.815, 1183207.832], [2546866.099, 1183195.015], [2546875.741, 1183184.765], [2546899.087, 1183206.69], [2546879.997, 1183227.003]]]}, "properties": {"OBJECTID": 46446981, "EGID": 280076515}}, {"type": "Feature", "id": 46446991, "geometry": {"type": "Polygon", "coordinates": [[[2548003.921, 1183155.145], [2547996.731, 1183163.365], [2547989.781, 1183157.446], [2547996.971, 1183149.065], [2548003.921, 1183155.145]]]}, "properties": {"OBJECTID": 46446991, "EGID": 846912}}, {"type": "Feature", "id": 46447176, "geometry": {"type": "Polygon", "coordinates": [[[2546472.29, 1183630.51], [2546467.466, 1183629.871], [2546462.727, 1183629.244], [2546462.343, 1183632.151], [2546460.229, 1183631.871], [2546460.612, 1183628.975], [2546459.858, 1183628.875], [2546460.764, 1183621.926], [2546464.973, 1183622.469], [2546465.13, 1183621.206], [2546469.1859999998, 1183621.749], [2546469.014, 1183623.005], [2546473.198, 1183623.55], [2546472.29, 1183630.51]]]}, "properties": {"OBJECTID": 46447176, "EGID": 280079068}}, {"type": "Feature", "id": 46447189, "geometry": {"type": "Polygon", "coordinates": [[[2546752.531, 1183528.405], [2546755.55, 1183530.245], [2546760.3310000002, 1183550.508], [2546749.444, 1183553.114], [2546744.057, 1183530.41], [2546752.531, 1183528.405]]]}, "properties": {"OBJECTID": 46447189, "EGID": 280074796}}, {"type": "Feature", "id": 46447197, "geometry": {"type": "Polygon", "coordinates": [[[2546633.002, 1183589.578], [2546632.620673711, 1183589.0735683711], [2546632.331167478, 1183588.5113876634], [2546632.142, 1183587.908], [2546632.0624621273, 1183587.3491800493], [2546632.0691813175, 1183586.784768087], [2546632.162, 1183586.2280000001], [2546631.712, 1183584.378], [2546627.922, 1183585.308], [2546627.282, 1183582.698], [2546627.142, 1183582.7280000001], [2546627.082, 1183582.448], [2546632.422, 1183581.2280000001], [2546633.252, 1183580.198], [2546634.812, 1183579.858], [2546635.982, 1183580.358], [2546642.342, 1183578.898], [2546644.152, 1183586.308], [2546643.342, 1183586.498], [2546643.662, 1183587.828], [2546639.592, 1183588.858], [2546640.432, 1183592.748], [2546634.142, 1183594.2280000001], [2546633.002, 1183589.578]]]}, "properties": {"OBJECTID": 46447197, "EGID": 846558}}, {"type": "Feature", "id": 46447748, "geometry": {"type": "Polygon", "coordinates": [[[2546817.32, 1183629.143], [2546826.07, 1183620.793], [2546830.19, 1183625.0929999999], [2546821.49, 1183633.463], [2546817.32, 1183629.143]]]}, "properties": {"OBJECTID": 46447748, "EGID": 280016317}}, {"type": "Feature", "id": 46447936, "geometry": {"type": "Polygon", "coordinates": [[[2547938.753, 1183302.28], [2547964.588, 1183256.285], [2548001.3, 1183276.888], [2547996.731, 1183285.009], [2547996.623, 1183284.965], [2547981.834, 1183311.27], [2547982.008, 1183311.368], [2547975.545, 1183322.867], [2547938.753, 1183302.28]]]}, "properties": {"OBJECTID": 46447936, "EGID": 846882}}, {"type": "Feature", "id": 46447998, "geometry": {"type": "Polygon", "coordinates": [[[2547430.56, 1183115.051], [2547429.85, 1183115.781], [2547428.07, 1183115.491], [2547425.09, 1183112.631], [2547424.67, 1183110.691], [2547425.54, 1183109.681], [2547423.14, 1183107.411], [2547422.3, 1183108.161], [2547420.65, 1183107.851], [2547419.56, 1183106.771], [2547419.06, 1183105.171], [2547426.48, 1183097.671], [2547431.83, 1183103.021], [2547433.67, 1183101.221], [2547435.36, 1183102.761], [2547435.33, 1183104.101], [2547433.97, 1183105.521], [2547436.53, 1183107.971], [2547437.93, 1183106.691], [2547442.78, 1183111.311], [2547441.88, 1183112.351], [2547446.33, 1183116.821], [2547445.02, 1183118.311], [2547447.52, 1183120.771], [2547448.93, 1183119.36], [2547450.07, 1183119.36], [2547451.66, 1183120.95], [2547449.9, 1183122.71], [2547455.48, 1183128.19], [2547448.02, 1183135.681], [2547446.45, 1183135.341], [2547445.18, 1183134.271], [2547444.83, 1183132.741], [2547445.6, 1183131.961], [2547443.28, 1183129.461], [2547442.56, 1183130.261], [2547440.76, 1183129.721], [2547437.63, 1183126.831], [2547437.11, 1183125.431], [2547438, 1183124.471], [2547433.56, 1183120.171], [2547434.5, 1183119.111], [2547430.56, 1183115.051]]]}, "properties": {"OBJECTID": 46447998, "EGID": 846857}}, {"type": "Feature", "id": 46448180, "geometry": {"type": "Polygon", "coordinates": [[[2549393.96, 1180958.533], [2549400.97, 1180968.673], [2549393.19, 1180973.963], [2549401.32, 1180985.482], [2549397.129, 1180988.222], [2549382.01, 1180966.823], [2549393.96, 1180958.533]]]}, "properties": {"OBJECTID": 46448180, "EGID": 841970}}, {"type": "Feature", "id": 46448304, "geometry": {"type": "Polygon", "coordinates": [[[2548600.4560000002, 1180288.37], [2548603.306, 1180283.7], [2548605.466, 1180280.52], [2548611.9359999998, 1180284.3], [2548612.896, 1180282.61], [2548622.546, 1180288.42], [2548614.036, 1180302.029], [2548605.226, 1180293.9], [2548605.966, 1180292.57], [2548602.906, 1180291.12], [2548600.4560000002, 1180288.37]]]}, "properties": {"OBJECTID": 46448304, "EGID": 842060}}, {"type": "Feature", "id": 46448376, "geometry": {"type": "Polygon", "coordinates": [[[2548455.897, 1180147.937], [2548454.5730603337, 1180147.409028641], [2548453.327, 1180146.717], [2548452.218135471, 1180145.902112937], [2548451.217, 1180144.958], [2548450.128895927, 1180143.9288914031], [2548449.147, 1180142.798], [2548448.010169771, 1180141.1212904488], [2548447.107, 1180139.308], [2548446.720661955, 1180138.171563857], [2548446.5197743867, 1180136.9881837922], [2548446.509439938, 1180135.787918242], [2548446.689921109, 1180134.601254541], [2548447.05663359, 1180133.4583345312], [2548447.6002627024, 1180132.3881889428], [2548448.307, 1180131.418], [2548449.2402438847, 1180130.5056722157], [2548450.3169678017, 1180129.7681413752], [2548451.504843542, 1180129.2275515497], [2548452.7682056073, 1180128.9001337346], [2548454.0691220523, 1180128.7957185197], [2548455.3685333766, 1180128.917440931], [2548456.627425269, 1180129.261646301], [2548457.808, 1180129.818], [2548460.084147835, 1180131.1551035861], [2548462.118, 1180132.838], [2548463.787647013, 1180134.7358605603], [2548465.147, 1180136.867], [2548465.710668149, 1180137.9233701823], [2548466.1004738803, 1180139.0554882134], [2548466.306638095, 1180140.2349525245], [2548466.3239887287, 1180141.4321737655], [2548466.1520905043, 1180142.6171171165], [2548465.795255851, 1180143.760055774], [2548465.2624367187, 1180144.8323167108], [2548464.567, 1180145.807], [2548463.730789288, 1180146.6573207886], [2548462.7712302767, 1180147.3655158903], [2548461.712215579, 1180147.9139515467], [2548460.5801142137, 1180148.2889719415], [2548459.4031150253, 1180148.481239226], [2548458.210524796, 1180148.4859660259], [2548457.0320385173, 1180148.3030346457], [2548455.897, 1180147.937]]]}, "properties": {"OBJECTID": 46448376, "EGID": 280005401}}, {"type": "Feature", "id": 46448553, "geometry": {"type": "Polygon", "coordinates": [[[2546734.607, 1183430.577], [2546730.988, 1183423.847], [2546733.679, 1183422.43], [2546737.285, 1183429.136], [2546734.607, 1183430.577]]]}, "properties": {"OBJECTID": 46448553, "EGID": 280082346}}, {"type": "Feature", "id": 46448705, "geometry": {"type": "Polygon", "coordinates": [[[2548772.577, 1180264.747], [2548761.887, 1180272.627], [2548756.377, 1180265.137], [2548767.077, 1180257.257], [2548772.577, 1180264.747]]]}, "properties": {"OBJECTID": 46448705, "EGID": 280065996}}, {"type": "Feature", "id": 46449133, "geometry": {"type": "Polygon", "coordinates": [[[2547439.321, 1183177.001], [2547436.491, 1183176.991], [2547436.571, 1183170.961], [2547439.441, 1183170.981], [2547439.321, 1183177.001]]]}, "properties": {"OBJECTID": 46449133, "EGID": 280044375}}, {"type": "Feature", "id": 46449150, "geometry": {"type": "Polygon", "coordinates": [[[2547316.6689999998, 1182830.993], [2547314.809, 1182827.573], [2547318.159, 1182825.753], [2547323.649, 1182835.503], [2547324.889, 1182834.833], [2547327.369, 1182839.183], [2547320.389, 1182843.083], [2547318.599, 1182839.873], [2547315.909, 1182841.423], [2547311.679, 1182833.814], [2547316.6689999998, 1182830.993]]]}, "properties": {"OBJECTID": 46449150, "EGID": 846933}}, {"type": "Feature", "id": 46449198, "geometry": {"type": "Polygon", "coordinates": [[[2546413.542, 1183572.916], [2546416.95, 1183582.851], [2546410.209, 1183585.169], [2546406.802, 1183575.251], [2546413.542, 1183572.916]]]}, "properties": {"OBJECTID": 46449198, "EGID": 280081369}}, {"type": "Feature", "id": 46449506, "geometry": {"type": "Polygon", "coordinates": [[[2544091.562, 1183607.249], [2544090.024, 1183613.071], [2544084.04, 1183611.479], [2544085.665, 1183605.649], [2544091.562, 1183607.249]]]}, "properties": {"OBJECTID": 46449506, "EGID": 842261}}, {"type": "Feature", "id": 46449542, "geometry": {"type": "Polygon", "coordinates": [[[2546897.558, 1183484.982], [2546904.391, 1183493.119], [2546895.601, 1183500.393], [2546888.819, 1183492.182], [2546897.558, 1183484.982]]]}, "properties": {"OBJECTID": 46449542, "EGID": 280057795}}, {"type": "Feature", "id": 46449866, "geometry": {"type": "Polygon", "coordinates": [[[2546697.0810000002, 1183539.757], [2546697.211, 1183540.357], [2546690.891, 1183541.857], [2546687.801, 1183538.117], [2546681.862, 1183539.347], [2546679.112, 1183527.577], [2546691.421, 1183524.6469999999], [2546694.401, 1183528.107], [2546695.721, 1183533.707], [2546697.0810000002, 1183539.757]]]}, "properties": {"OBJECTID": 46449866, "EGID": 9031387}}, {"type": "Feature", "id": 46449954, "geometry": {"type": "Polygon", "coordinates": [[[2547115.055, 1183321.258], [2547124.925, 1183335.8969999999], [2547111.855, 1183339.898], [2547105.595, 1183325.308], [2547115.055, 1183321.258]]]}, "properties": {"OBJECTID": 46449954, "EGID": 280007785}}, {"type": "Feature", "id": 46450085, "geometry": {"type": "Polygon", "coordinates": [[[2547612.647, 1183132.226], [2547616.877, 1183127.996], [2547621.107, 1183132.236], [2547616.867, 1183136.466], [2547612.647, 1183132.226]]]}, "properties": {"OBJECTID": 46450085, "EGID": 280028245}}, {"type": "Feature", "id": 46450143, "geometry": {"type": "Polygon", "coordinates": [[[2546794.3109999998, 1184143.241], [2546790.151, 1184139.671], [2546796.461, 1184131.631], [2546800.701, 1184134.931], [2546794.3109999998, 1184143.241]]]}, "properties": {"OBJECTID": 46450143, "EGID": 280019903}}, {"type": "Feature", "id": 46450193, "geometry": {"type": "Polygon", "coordinates": [[[2546882.119, 1183604.982], [2546886.739, 1183615.582], [2546882.729, 1183617.382], [2546882.629, 1183617.122], [2546879.979, 1183618.332], [2546879.059, 1183616.182], [2546875.239, 1183617.922], [2546874.709, 1183616.7820000001], [2546875.899, 1183616.252], [2546872.609, 1183609.112], [2546882.119, 1183604.982]]]}, "properties": {"OBJECTID": 46450193, "EGID": 846644}}, {"type": "Feature", "id": 46450311, "geometry": {"type": "Polygon", "coordinates": [[[2545175.897, 1181407.894], [2545187.517, 1181419.404], [2545183.247, 1181423.724], [2545171.597, 1181412.104], [2545175.897, 1181407.894]]]}, "properties": {"OBJECTID": 46450311, "EGID": 280013095}}, {"type": "Feature", "id": 46450340, "geometry": {"type": "Polygon", "coordinates": [[[2546976.397, 1183414.041], [2546985.707, 1183432.25], [2546972.437, 1183438.771], [2546963.437, 1183420.541], [2546976.397, 1183414.041]]]}, "properties": {"OBJECTID": 46450340, "EGID": 846738}}, {"type": "Feature", "id": 46450545, "geometry": {"type": "Polygon", "coordinates": [[[2549329.981, 1181023.433], [2549309.341, 1181037.513], [2549300.3310000002, 1181024.294], [2549320.911, 1181010.244], [2549329.981, 1181023.433]]]}, "properties": {"OBJECTID": 46450545, "EGID": 280003673}}, {"type": "Feature", "id": 46450875, "geometry": {"type": "Polygon", "coordinates": [[[2547433.431, 1183170.991], [2547436.571, 1183170.961], [2547436.491, 1183176.991], [2547433.381, 1183176.951], [2547433.431, 1183170.991]]]}, "properties": {"OBJECTID": 46450875, "EGID": 280042667}}, {"type": "Feature", "id": 46450936, "geometry": {"type": "Polygon", "coordinates": [[[2547082.3109999998, 1182866.724], [2547083.459, 1182868.25], [2547078.65, 1182871.875], [2547077.712, 1182870.63], [2547069.768, 1182876.617], [2547066.534, 1182872.326], [2547070.891, 1182869.052], [2547069.38, 1182867.06], [2547077.799, 1182860.727], [2547082.3109999998, 1182866.724]]]}, "properties": {"OBJECTID": 46450936, "EGID": 280099849}}, {"type": "Feature", "id": 46451260, "geometry": {"type": "Polygon", "coordinates": [[[2544029.866, 1181436.659], [2544024.756, 1181449.979], [2544018.486, 1181447.409], [2544023.486, 1181434.149], [2544029.866, 1181436.659]]]}, "properties": {"OBJECTID": 46451260, "EGID": 280013313}}, {"type": "Feature", "id": 46451329, "geometry": {"type": "Polygon", "coordinates": [[[2545422.288, 1181116.304], [2545416.517, 1181122.436], [2545409.595, 1181115.913], [2545415.367, 1181109.789], [2545422.288, 1181116.304]]]}, "properties": {"OBJECTID": 46451329, "EGID": 280100343}}, {"type": "Feature", "id": 46451468, "geometry": {"type": "Polygon", "coordinates": [[[2547147.685, 1183240.217], [2547152.775, 1183248.317], [2547157.865, 1183244.937], [2547167.134, 1183259.817], [2547155.675, 1183267.177], [2547153.405, 1183263.667], [2547153.605, 1183263.517], [2547146.905, 1183253.087], [2547144.535, 1183254.517], [2547138.985, 1183245.498], [2547145.575, 1183241.078], [2547147.685, 1183240.217]]]}, "properties": {"OBJECTID": 46451468, "EGID": 846794}}, {"type": "Feature", "id": 46451780, "geometry": {"type": "Polygon", "coordinates": [[[2547566.767, 1183075.877], [2547557.688, 1183085.017], [2547555.298, 1183082.887], [2547555.428, 1183081.267], [2547552.888, 1183078.788], [2547551.426, 1183078.888], [2547551.378, 1183076.658], [2547549.678, 1183075.038], [2547549.728, 1183074.188], [2547549.868, 1183072.158], [2547545.468, 1183067.828], [2547543.398, 1183067.928], [2547542.448, 1183067.838], [2547539.488, 1183064.828], [2547539.378, 1183063.378], [2547537.718, 1183061.608], [2547537.748, 1183060.628], [2547537.808, 1183059.2179999999], [2547536.028, 1183057.778], [2547534.968, 1183057.908], [2547534.908, 1183056.088], [2547536.678, 1183054.2179999999], [2547538.288, 1183053.958], [2547540.618, 1183051.458], [2547540.768, 1183049.778], [2547543.328, 1183047.258], [2547550.948, 1183054.767], [2547551.048, 1183056.837], [2547562.097, 1183067.677], [2547562.057, 1183069.887], [2547561.398, 1183070.417], [2547566.767, 1183075.877]]]}, "properties": {"OBJECTID": 46451780, "EGID": 3164733}}, {"type": "Feature", "id": 46451830, "geometry": {"type": "Polygon", "coordinates": [[[2548059.789, 1183124.204], [2548053.61, 1183133.304], [2548044.2, 1183127.054], [2548044.89, 1183125.934], [2548041.83, 1183123.914], [2548047.36, 1183115.634], [2548059.789, 1183124.204]]]}, "properties": {"OBJECTID": 46451830, "EGID": 846925}}, {"type": "Feature", "id": 46451957, "geometry": {"type": "Polygon", "coordinates": [[[2545073.545, 1183964.954], [2545068.525, 1183981.082], [2545058.968, 1183978.054], [2545063.972, 1183961.943], [2545061.4560000002, 1183961.137], [2545064.531, 1183951.316], [2545067.312, 1183952.18], [2545068.122, 1183949.573], [2545077.19, 1183952.3969999999], [2545076.407, 1183954.901], [2545079.232, 1183955.784], [2545076.824, 1183963.476], [2545073.545, 1183964.954]]]}, "properties": {"OBJECTID": 46451957, "EGID": 280105528}}, {"type": "Feature", "id": 46452048, "geometry": {"type": "Polygon", "coordinates": [[[2546854.909, 1183320.323], [2546846.4390000002, 1183312.367], [2546850.415, 1183308.146], [2546858.874, 1183316.094], [2546854.909, 1183320.323]]]}, "properties": {"OBJECTID": 46452048, "EGID": 280092061}}, {"type": "Feature", "id": 46452173, "geometry": {"type": "Polygon", "coordinates": [[[2545882.851, 1183939.205], [2545887.201, 1183934.115], [2545886.391, 1183933.405], [2545889.471, 1183929.785], [2545895.671, 1183935.094], [2545888.291, 1183943.814], [2545882.851, 1183939.205]]]}, "properties": {"OBJECTID": 46452173, "EGID": 846522}}, {"type": "Feature", "id": 46452553, "geometry": {"type": "Polygon", "coordinates": [[[2546707.421, 1183435.227], [2546711.5810000002, 1183432.3969999999], [2546712.971, 1183432.667], [2546716.291, 1183430.387], [2546720.8109999998, 1183437.047], [2546712.511, 1183442.697], [2546707.421, 1183435.227]]]}, "properties": {"OBJECTID": 46452553, "EGID": 190028569}}, {"type": "Feature", "id": 46452734, "geometry": {"type": "Polygon", "coordinates": [[[2547044.647, 1183604.178], [2547049.157, 1183614.458], [2547048.107, 1183614.868], [2547050.147, 1183619.538], [2547045.637, 1183621.548], [2547039.167, 1183606.4780000001], [2547044.647, 1183604.178]]]}, "properties": {"OBJECTID": 46452734, "EGID": 846630}}, {"type": "Feature", "id": 46452942, "geometry": {"type": "Polygon", "coordinates": [[[2546232.726, 1183530.618], [2546234.976, 1183535.308], [2546227.856, 1183538.789], [2546225.526, 1183534.199], [2546232.726, 1183530.618]]]}, "properties": {"OBJECTID": 46452942, "EGID": 280024488}}, {"type": "Feature", "id": 46452950, "geometry": {"type": "Polygon", "coordinates": [[[2548480.897, 1181673.129], [2548495.807, 1181688.318], [2548492.007, 1181692.048], [2548494.737, 1181694.368], [2548491.218, 1181697.818], [2548491.838, 1181698.318], [2548487.898, 1181702.168], [2548484.418, 1181699.4780000001], [2548469.508, 1181684.229], [2548480.897, 1181673.129]]]}, "properties": {"OBJECTID": 46452950, "EGID": 9031569}}, {"type": "Feature", "id": 46452975, "geometry": {"type": "Polygon", "coordinates": [[[2547195.7939999998, 1183349.256], [2547194.904, 1183348.026], [2547197.304, 1183346.166], [2547201.634, 1183349.796], [2547196.514, 1183353.656], [2547194.124, 1183350.536], [2547195.7939999998, 1183349.256]]]}, "properties": {"OBJECTID": 46452975, "EGID": 280034209}}, {"type": "Feature", "id": 46453057, "geometry": {"type": "Polygon", "coordinates": [[[2546972.798, 1183531.03], [2546963.908, 1183538.27], [2546958.848, 1183532.17], [2546962.078, 1183529.56], [2546962.318, 1183529.89], [2546962.598, 1183529.7], [2546963.468, 1183530.75], [2546970.828, 1183524.87], [2546970.708, 1183524.72], [2546971.988, 1183523.69], [2546967.588, 1183518.13], [2546982.857, 1183506.25], [2546981.677, 1183504.77], [2546984.707, 1183502.51], [2546985.837, 1183503.96], [2546986.117, 1183503.77], [2546992.247, 1183511.74], [2546975.297, 1183524.92], [2546979.167, 1183529.82], [2546974.737, 1183533.42], [2546972.798, 1183531.03]]]}, "properties": {"OBJECTID": 46453057, "EGID": 846671}}, {"type": "Feature", "id": 46453166, "geometry": {"type": "Polygon", "coordinates": [[[2547051.716, 1183343.795], [2547054.901, 1183342.383], [2547057.377, 1183347.927], [2547054.159, 1183349.283], [2547051.716, 1183343.795]]]}, "properties": {"OBJECTID": 46453166, "EGID": 280097829}}, {"type": "Feature", "id": 46453177, "geometry": {"type": "Polygon", "coordinates": [[[2546575.733, 1183752.418], [2546576.403, 1183762.898], [2546569.143, 1183763.359], [2546568.313, 1183751.097], [2546570.091, 1183750.969], [2546570.198, 1183752.787], [2546575.733, 1183752.418]]]}, "properties": {"OBJECTID": 46453177, "EGID": 846575}}, {"type": "Feature", "id": 46453287, "geometry": {"type": "Polygon", "coordinates": [[[2548585.096, 1181743.975], [2548582.676, 1181741.506], [2548587.646, 1181736.685], [2548590.066, 1181739.205], [2548586.1859999998, 1181742.935], [2548585.096, 1181743.975]]]}, "properties": {"OBJECTID": 46453287, "EGID": 280036191}}, {"type": "Feature", "id": 46453344, "geometry": {"type": "Polygon", "coordinates": [[[2547903.422, 1183142.738], [2547905.522, 1183140.488], [2547907.772, 1183142.588], [2547899.942, 1183151.578], [2547893.073, 1183145.698], [2547899.152, 1183138.828], [2547903.422, 1183142.738]]]}, "properties": {"OBJECTID": 46453344, "EGID": 846889}}, {"type": "Feature", "id": 46453524, "geometry": {"type": "Polygon", "coordinates": [[[2546267.116, 1183513.658], [2546262.375, 1183504.508], [2546258.734, 1183497.786], [2546258.505, 1183497.91], [2546257.07, 1183495.347], [2546258.611, 1183494.477], [2546258.732, 1183494.732], [2546262.235, 1183492.998], [2546259.605, 1183487.878], [2546258.405, 1183488.518], [2546256.585, 1183484.988], [2546266.015, 1183480.378], [2546279.875, 1183507.287], [2546267.116, 1183513.658]]]}, "properties": {"OBJECTID": 46453524, "EGID": 846556}}, {"type": "Feature", "id": 46453730, "geometry": {"type": "Polygon", "coordinates": [[[2549015.877, 1180326.169], [2549011.007, 1180323.979], [2549011.007, 1180323.819], [2549010.457, 1180323.539], [2549012.197, 1180319.509], [2549009.647, 1180318.369], [2549010.337, 1180316.74], [2549004.377, 1180314.5], [2549007.607, 1180306.06], [2549021.457, 1180311.669], [2549019.651, 1180316.362], [2549015.877, 1180326.169]]]}, "properties": {"OBJECTID": 46453730, "EGID": 842053}}, {"type": "Feature", "id": 46453890, "geometry": {"type": "Polygon", "coordinates": [[[2546746.605, 1183345.656], [2546743.417, 1183348.062], [2546737.98, 1183340.8530000001], [2546741.985, 1183337.832], [2546743.39, 1183338.029], [2546746.594, 1183335.612], [2546751.406, 1183342.0320000001], [2546746.605, 1183345.656]]]}, "properties": {"OBJECTID": 46453890, "EGID": 190028486}}, {"type": "Feature", "id": 46453893, "geometry": {"type": "Polygon", "coordinates": [[[2545918.113, 1184162.402], [2545921.173, 1184169.812], [2545917.123, 1184171.472], [2545914.093, 1184164.132], [2545918.113, 1184162.402]]]}, "properties": {"OBJECTID": 46453893, "EGID": 280069424}}, {"type": "Feature", "id": 46453990, "geometry": {"type": "Polygon", "coordinates": [[[2548575.488, 1181592.009], [2548573.754, 1181594.046], [2548572.165, 1181592.676], [2548573.9189999998, 1181590.643], [2548575.488, 1181592.009]]]}, "properties": {"OBJECTID": 46453990, "EGID": 281009949}}, {"type": "Feature", "id": 46454199, "geometry": {"type": "Polygon", "coordinates": [[[2546348.966, 1183590.875], [2546357.006, 1183588.185], [2546359.396, 1183595.265], [2546359.536, 1183595.205], [2546362.463, 1183603.984], [2546354.476, 1183606.665], [2546348.966, 1183590.875]]]}, "properties": {"OBJECTID": 46454199, "EGID": 101111820}}, {"type": "Feature", "id": 46454210, "geometry": {"type": "Polygon", "coordinates": [[[2546880.449, 1183595.632], [2546882.639, 1183600.432], [2546879.609, 1183601.852], [2546877.4390000002, 1183596.972], [2546880.449, 1183595.632]]]}, "properties": {"OBJECTID": 46454210, "EGID": 280043832}}, {"type": "Feature", "id": 46454248, "geometry": {"type": "Polygon", "coordinates": [[[2547351.382, 1183139.653], [2547352.092, 1183140.293], [2547357.752, 1183134.643], [2547363.702, 1183140.483], [2547354.602, 1183149.723], [2547347.892, 1183143.163], [2547351.382, 1183139.653]]]}, "properties": {"OBJECTID": 46454248, "EGID": 846760}}, {"type": "Feature", "id": 46454352, "geometry": {"type": "Polygon", "coordinates": [[[2548523.744, 1183363.091], [2548528.244, 1183372.171], [2548523.694, 1183374.201], [2548519.224, 1183365.402], [2548523.744, 1183363.091]]]}, "properties": {"OBJECTID": 46454352, "EGID": 280020386}}, {"type": "Feature", "id": 46454435, "geometry": {"type": "Polygon", "coordinates": [[[2547438.438, 1183414.2280000001], [2547438.191217154, 1183413.766226048], [2547438.0238055983, 1183413.2701309694], [2547437.940331884, 1183412.7532469446], [2547437.9430729575, 1183412.2296732224], [2547438.031954048, 1183411.7136915291], [2547438.204550712, 1183411.2193765005], [2547438.456154962, 1183410.7602117616], [2547438.77990369, 1183410.3487221296], [2547439.166965875, 1183409.9961319694], [2547439.6067834687, 1183409.7120590208], [2547440.0873593944, 1183409.5042520538], [2547440.595584794, 1183409.3783795007], [2547441.117596602, 1183409.3378748363], [2547441.6391556985, 1183409.3838429225], [2547442.1460353103, 1183409.51502987], [2547442.6244090833, 1183409.7278572402], [2547443.0612282273, 1183410.0165196578], [2547443.4445774555, 1183410.3731431642], [2547443.764, 1183410.788], [2547444.0222179117, 1183411.276555762], [2547444.1916760956, 1183411.8025283339], [2547444.26722565, 1183412.3499363055], [2547444.2465710402, 1183412.9021469625], [2547444.1303398465, 1183413.4423816632], [2547443.9220636943, 1183413.95422565], [2547443.628070949, 1183414.4221268026], [2547443.2572944323, 1183414.8318681805], [2547442.821, 1183415.1709999999], [2547442.332444238, 1183415.4292179118], [2547441.806471666, 1183415.5986760955], [2547441.2590636946, 1183415.6742256503], [2547440.7068530377, 1183415.6535710406], [2547440.1666183365, 1183415.5373398468], [2547439.6547743496, 1183415.3290636945], [2547439.1868731976, 1183415.0350709495], [2547438.777131819, 1183414.6642944324], [2547438.438, 1183414.2280000001]]]}, "properties": {"OBJECTID": 46454435, "EGID": 280132924}}, {"type": "Feature", "id": 46454447, "geometry": {"type": "Polygon", "coordinates": [[[2545899.693, 1184128.983], [2545902.373, 1184119.333], [2545907.793, 1184120.8429999999], [2545905.123, 1184130.473], [2545899.693, 1184128.983]]]}, "properties": {"OBJECTID": 46454447, "EGID": 3164682}}, {"type": "Feature", "id": 46454515, "geometry": {"type": "Polygon", "coordinates": [[[2546965.187, 1182992.023], [2546965.237, 1182991.153], [2546966.707, 1182989.913], [2546967.427, 1182990.003], [2546967.597, 1182989.8429999999], [2546972.577, 1182995.703], [2546971.717, 1183006.333], [2546965.527, 1183005.833], [2546965.997, 1183000.053], [2546961.667, 1182995.063], [2546965.187, 1182992.023]]]}, "properties": {"OBJECTID": 46454515, "EGID": 846775}}, {"type": "Feature", "id": 46455465, "geometry": {"type": "Polygon", "coordinates": [[[2547094.2060000002, 1183486.567], [2547092.056, 1183484.417], [2547092.336, 1183484.137], [2547092.426, 1183484.207], [2547093.286, 1183483.277], [2547092.836, 1183482.837], [2547093.296, 1183482.4070000001], [2547093.496, 1183482.617], [2547094.366, 1183481.787], [2547094.266, 1183481.687], [2547095.566, 1183480.417], [2547095.836, 1183480.697], [2547097.756, 1183478.827], [2547099.876, 1183480.937], [2547099.766, 1183481.047], [2547109.526, 1183490.637], [2547110.536, 1183489.627], [2547114.2060000002, 1183493.197], [2547107.796, 1183499.687], [2547094.316, 1183486.457], [2547094.2060000002, 1183486.567]]]}, "properties": {"OBJECTID": 46455465, "EGID": 280008464}}, {"type": "Feature", "id": 46455487, "geometry": {"type": "Polygon", "coordinates": [[[2547300.863, 1183537.622], [2547300.503, 1183536.572], [2547319.633, 1183530.052], [2547319.723, 1183530.222], [2547323.133, 1183529.002], [2547326.463, 1183538.932], [2547323.023, 1183540.152], [2547323.103, 1183540.462], [2547304.173, 1183547.162], [2547303.923, 1183546.452], [2547295.923, 1183549.262], [2547292.843, 1183540.382], [2547300.863, 1183537.622]]]}, "properties": {"OBJECTID": 46455487, "EGID": 846639}}, {"type": "Feature", "id": 46455513, "geometry": {"type": "Polygon", "coordinates": [[[2546373.626, 1183961.912], [2546375.286, 1183966.172], [2546368.1859999998, 1183968.992], [2546366.556, 1183964.502], [2546373.626, 1183961.912]]]}, "properties": {"OBJECTID": 46455513, "EGID": 846597}}, {"type": "Feature", "id": 46455677, "geometry": {"type": "Polygon", "coordinates": [[[2547252.931, 1182904.505], [2547262.931, 1182914.595], [2547257.351, 1182920.155], [2547264.181, 1182927.085], [2547263.281, 1182928.005], [2547280.151, 1182945.025], [2547273.011, 1182952.055], [2547255.911, 1182934.745], [2547256.731, 1182933.865], [2547253.111, 1182930.215], [2547253.551, 1182929.725], [2547250.821, 1182926.915], [2547249.731, 1182928.005], [2547245.672, 1182923.926], [2547245.192, 1182924.406], [2547243.132, 1182922.176], [2547243.632, 1182921.676], [2547240.802, 1182918.836], [2547240.302, 1182919.326], [2547238.202, 1182917.216], [2547238.702, 1182916.716], [2547234.342, 1182912.336], [2547233.862, 1182912.866], [2547231.752, 1182910.756], [2547231.702, 1182909.596], [2547245.491, 1182895.996], [2547246.001, 1182896.496], [2547246.141, 1182896.346], [2547250.041, 1182900.325], [2547249.481, 1182900.885], [2547253.001, 1182904.435], [2547252.931, 1182904.505]]]}, "properties": {"OBJECTID": 46455677, "EGID": 846929}}, {"type": "Feature", "id": 46455681, "geometry": {"type": "Polygon", "coordinates": [[[2544146.251, 1183640.915], [2544143.922, 1183648.443], [2544142.736, 1183648.131], [2544142.258, 1183649.836], [2544136.885, 1183648.202], [2544138.619, 1183642.121], [2544140.574, 1183642.683], [2544141.619, 1183639.393], [2544146.251, 1183640.915]]]}, "properties": {"OBJECTID": 46455681, "EGID": 842252}}, {"type": "Feature", "id": 46455850, "geometry": {"type": "Polygon", "coordinates": [[[2548451.222, 1181688.162], [2548451.246854516, 1181687.8779115814], [2548451.3206628724, 1181687.6024550456], [2548451.4411824397, 1181687.344], [2548451.604751291, 1181687.1103994707], [2548451.8063994707, 1181686.9087512912], [2548452.04, 1181686.7451824395], [2548452.2984550456, 1181686.6246628724], [2548452.573911581, 1181686.5508545162], [2548452.858, 1181686.526], [2548453.142088419, 1181686.5508545162], [2548453.4175449545, 1181686.6246628724], [2548453.676, 1181686.7451824395], [2548453.9096005294, 1181686.9087512912], [2548454.111248709, 1181687.1103994707], [2548454.2748175603, 1181687.344], [2548454.3953371276, 1181687.6024550456], [2548454.469145484, 1181687.8779115814], [2548454.494, 1181688.162], [2548454.4739394626, 1181688.4179583827], [2548454.414067133, 1181688.6676230037], [2548454.315858621, 1181688.9048406403], [2548454.18173437, 1181689.1237648374], [2548454.0149999997, 1181689.3189999997], [2548453.8197648376, 1181689.48573437], [2548453.6008406403, 1181689.6198586212], [2548453.363623004, 1181689.7180671329], [2548453.1139583825, 1181689.7779394626], [2548452.858, 1181689.798], [2548452.6020416175, 1181689.7779394626], [2548452.352376996, 1181689.7180671329], [2548452.1151593598, 1181689.6198586212], [2548451.8962351624, 1181689.48573437], [2548451.7010000004, 1181689.3189999997], [2548451.53426563, 1181689.1237648374], [2548451.400141379, 1181688.9048406403], [2548451.301932867, 1181688.6676230037], [2548451.2420605375, 1181688.4179583827], [2548451.222, 1181688.162]]]}, "properties": {"OBJECTID": 46455850, "EGID": 280131075}}, {"type": "Feature", "id": 46455882, "geometry": {"type": "Polygon", "coordinates": [[[2545087.188, 1181292.136], [2545087.488, 1181291.726], [2545086.608, 1181291.116], [2545087.768, 1181289.586], [2545088.548, 1181290.206], [2545089.018, 1181289.546], [2545107.837, 1181303.346], [2545105.958, 1181305.906], [2545101.538, 1181302.656], [2545101.748, 1181302.316], [2545098.448, 1181299.826], [2545098.138, 1181300.166], [2545087.188, 1181292.136]]]}, "properties": {"OBJECTID": 46455882, "EGID": 280015991}}, {"type": "Feature", "id": 46456033, "geometry": {"type": "Polygon", "coordinates": [[[2547109.465, 1183415.047], [2547106.205, 1183409.768], [2547105.595, 1183410.208], [2547099.056, 1183400.028], [2547118.805, 1183387.1570000001], [2547128.865, 1183402.767], [2547119.605, 1183408.6570000001], [2547116.165, 1183403.317], [2547111.665, 1183406.227], [2547114.935, 1183411.597], [2547109.465, 1183415.047]]]}, "properties": {"OBJECTID": 46456033, "EGID": 846797}}, {"type": "Feature", "id": 46456231, "geometry": {"type": "Polygon", "coordinates": [[[2547002.707, 1183576.069], [2547000.597, 1183570.879], [2547006.887, 1183568.349], [2547007.047, 1183568.739], [2547020.707, 1183563.109], [2547024.047, 1183571.569], [2547023.797, 1183571.679], [2547025.527, 1183575.879], [2547011.837, 1183581.419], [2547008.717, 1183573.539], [2547002.707, 1183576.069]]]}, "properties": {"OBJECTID": 46456231, "EGID": 846640}}, {"type": "Feature", "id": 46456514, "geometry": {"type": "Polygon", "coordinates": [[[2545247.4560000002, 1181215.833], [2545244.256, 1181223.653], [2545238.756, 1181221.383], [2545241.9560000002, 1181213.6030000001], [2545247.4560000002, 1181215.833]]]}, "properties": {"OBJECTID": 46456514, "EGID": 280020672}}, {"type": "Feature", "id": 46456534, "geometry": {"type": "Polygon", "coordinates": [[[2547458.237, 1182889.53], [2547452.278, 1182883.9], [2547455.847, 1182880.1], [2547451.287, 1182875.78], [2547455.267, 1182871.59], [2547465.787, 1182881.549], [2547458.237, 1182889.53]]]}, "properties": {"OBJECTID": 46456534, "EGID": 101111827}}, {"type": "Feature", "id": 46456553, "geometry": {"type": "Polygon", "coordinates": [[[2546856.709, 1183567.363], [2546854.679, 1183568.423], [2546853.199, 1183569.143], [2546844.039, 1183573.653], [2546841.149, 1183567.503], [2546840.349, 1183567.883], [2546839.719, 1183566.573], [2546840.499, 1183566.213], [2546838.069, 1183561.163], [2546846.839, 1183557.073], [2546850.929, 1183565.3530000001], [2546856.759, 1183562.423], [2546858.6890000002, 1183566.133], [2546856.639, 1183567.153], [2546856.709, 1183567.363]]]}, "properties": {"OBJECTID": 46456553, "EGID": 846666}}, {"type": "Feature", "id": 46456631, "geometry": {"type": "Polygon", "coordinates": [[[2544917.379, 1181320.87], [2544916.92, 1181321.796], [2544920.038, 1181323.342], [2544917.071, 1181329.238], [2544906.054, 1181323.8], [2544904.931, 1181326.078], [2544898.988, 1181323.094], [2544900.089, 1181320.86], [2544903.359, 1181313.72], [2544917.379, 1181320.87]]]}, "properties": {"OBJECTID": 46456631, "EGID": 846982}}, {"type": "Feature", "id": 46456765, "geometry": {"type": "Polygon", "coordinates": [[[2546521.864, 1183819.989], [2546522.704, 1183832.989], [2546515.194, 1183833.509], [2546514.304, 1183820.5], [2546521.864, 1183819.989]]]}, "properties": {"OBJECTID": 46456765, "EGID": 846592}}, {"type": "Feature", "id": 46456843, "geometry": {"type": "Polygon", "coordinates": [[[2547355.559, 1182790.4], [2547356.695, 1182788.986], [2547353.834, 1182786.714], [2547361.871, 1182776.707], [2547364.908, 1182779.111], [2547364.029, 1182780.201], [2547367.159, 1182782.725], [2547368.046, 1182781.618], [2547375.4189999998, 1182787.52], [2547376.246, 1182786.49], [2547379.4, 1182788.99], [2547378.546, 1182790.033], [2547381.586, 1182792.461], [2547373.557, 1182802.498], [2547370.705, 1182800.21], [2547369.583, 1182801.627], [2547355.559, 1182790.4]]]}, "properties": {"OBJECTID": 46456843, "EGID": 280081615}}, {"type": "Feature", "id": 46456897, "geometry": {"type": "Polygon", "coordinates": [[[2545956.915, 1182651.937], [2545949.254, 1182635.28], [2546010.182, 1182607.212], [2546012.569, 1182612.395], [2546009.351, 1182613.877], [2546011.519, 1182618.585], [2546014.738, 1182617.1030000001], [2546017.849, 1182623.856], [2545956.915, 1182651.937]]]}, "properties": {"OBJECTID": 46456897, "EGID": 280081830}}, {"type": "Feature", "id": 46457151, "geometry": {"type": "Polygon", "coordinates": [[[2545799.415, 1181747.346], [2545802.415, 1181744.506], [2545814.195, 1181756.906], [2545811.215, 1181759.786], [2545799.415, 1181747.346]]]}, "properties": {"OBJECTID": 46457151, "EGID": 280016844}}, {"type": "Feature", "id": 46457185, "geometry": {"type": "Polygon", "coordinates": [[[2545333.505, 1181090.861], [2545345.757, 1181072.399], [2545350.777, 1181075.811], [2545354.504, 1181070.219], [2545356.488, 1181071.546], [2545354.557, 1181074.345], [2545359.457, 1181077.67], [2545357.597, 1181080.445], [2545358.165, 1181080.831], [2545345.085, 1181098.851], [2545333.505, 1181090.861]]]}, "properties": {"OBJECTID": 46457185, "EGID": 280003912}}, {"type": "Feature", "id": 46458096, "geometry": {"type": "Polygon", "coordinates": [[[2545975.551, 1183943.712], [2545980.141, 1183947.592], [2545978.181, 1183949.922], [2545973.5609999998, 1183946.012], [2545975.551, 1183943.712]]]}, "properties": {"OBJECTID": 46458096, "EGID": 280042689}}, {"type": "Feature", "id": 46458130, "geometry": {"type": "Polygon", "coordinates": [[[2546965.768, 1183632.81], [2546965.568, 1183631.61], [2546968.638, 1183631.04], [2546968.888, 1183632.29], [2546972.918, 1183631.57], [2546972.998, 1183631.99], [2546975.458, 1183631.539], [2546976.068, 1183635.169], [2546975.258, 1183635.309], [2546975.588, 1183637.039], [2546974.098, 1183637.299], [2546975.018, 1183642.169], [2546962.078, 1183644.67], [2546961.208, 1183639.75], [2546960.238, 1183639.94], [2546959.198, 1183634.02], [2546965.768, 1183632.81]]]}, "properties": {"OBJECTID": 46458130, "EGID": 846627}}, {"type": "Feature", "id": 46458463, "geometry": {"type": "Polygon", "coordinates": [[[2547126.484, 1182923.669], [2547125.5640000002, 1182922.429], [2547124.502, 1182920.998], [2547137.071, 1182910.108], [2547137.285, 1182910.358], [2547136.856, 1182910.713], [2547138.751, 1182913.377], [2547150.441, 1182929.814], [2547151.054, 1182929.381], [2547158.853, 1182941.628], [2547151.774, 1182946.062], [2547144.772, 1182935.012], [2547140.371, 1182938.774], [2547139.594, 1182939.438], [2547126.626, 1182923.477], [2547126.484, 1182923.669]]]}, "properties": {"OBJECTID": 46458463, "EGID": 846769}}, {"type": "Feature", "id": 46458577, "geometry": {"type": "Polygon", "coordinates": [[[2549294.273, 1180703.912], [2549296.053, 1180707.682], [2549293.563, 1180708.902], [2549291.783, 1180705.202], [2549294.273, 1180703.912]]]}, "properties": {"OBJECTID": 46458577, "EGID": 280051801}}, {"type": "Feature", "id": 46458610, "geometry": {"type": "Polygon", "coordinates": [[[2546376.535, 1183586.738], [2546368.748, 1183589.369], [2546365.393, 1183579.402], [2546373.188, 1183576.784], [2546376.535, 1183586.738]]]}, "properties": {"OBJECTID": 46458610, "EGID": 280074844}}, {"type": "Feature", "id": 46458612, "geometry": {"type": "Polygon", "coordinates": [[[2546752.531, 1183528.405], [2546751.491, 1183523.995], [2546751.641, 1183523.955], [2546752.171, 1183523.835], [2546751.211, 1183519.795], [2546758.62, 1183518.045], [2546758.11, 1183515.905], [2546764.64, 1183514.355], [2546765.17, 1183516.495], [2546772.53, 1183514.745], [2546773.63, 1183519.405], [2546774.17, 1183519.275], [2546774.31, 1183519.235], [2546775.78, 1183525.515], [2546755.55, 1183530.245], [2546752.531, 1183528.405]]]}, "properties": {"OBJECTID": 46458612, "EGID": 3164719}}, {"type": "Feature", "id": 46458632, "geometry": {"type": "Polygon", "coordinates": [[[2546783.21, 1183463.585], [2546784.28, 1183463.005], [2546789.16, 1183460.345], [2546788.99, 1183460.155], [2546792.48, 1183457.555], [2546794.46, 1183460.185], [2546795.92, 1183459.065], [2546799.78, 1183464.055], [2546795.61, 1183467.175], [2546795.73, 1183467.285], [2546789.53, 1183471.905], [2546783.21, 1183463.585]]]}, "properties": {"OBJECTID": 46458632, "EGID": 846715}}, {"type": "Feature", "id": 46458817, "geometry": {"type": "Polygon", "coordinates": [[[2547142.865, 1182963.938], [2547147.424, 1182970.498], [2547148.638, 1182972.244], [2547138.881, 1182979.025], [2547137.4390000002, 1182976.95], [2547138.776, 1182976.0219999999], [2547132.924, 1182967.6], [2547141.317, 1182961.71], [2547142.865, 1182963.938]]]}, "properties": {"OBJECTID": 46458817, "EGID": 846768}}, {"type": "Feature", "id": 46458825, "geometry": {"type": "Polygon", "coordinates": [[[2545850.053, 1184043.415], [2545844.973, 1184048.885], [2545841.333, 1184045.445], [2545838.363, 1184048.775], [2545833.983, 1184044.925], [2545837.643, 1184040.895], [2545840.323, 1184043.505], [2545844.912, 1184038.545], [2545850.053, 1184043.415]]]}, "properties": {"OBJECTID": 46458825, "EGID": 846492}}, {"type": "Feature", "id": 46458999, "geometry": {"type": "Polygon", "coordinates": [[[2548527.815, 1181635.159], [2548527.8529715007, 1181634.6998046557], [2548527.9660146176, 1181634.253124174], [2548528.151045126, 1181633.8311456083], [2548528.403014727, 1181633.4453820551], [2548528.715048782, 1181633.1063585344], [2548529.078633877, 1181632.82332483], [2548529.4838500996, 1181632.6040031216], [2548529.9196416913, 1181632.4543772961], [2548530.374118686, 1181632.3785296853], [2548530.8348813136, 1181632.3785296853], [2548531.2893583085, 1181632.4543772961], [2548531.7251499, 1181632.6040031216], [2548532.130366123, 1181632.82332483], [2548532.4939512177, 1181633.1063585344], [2548532.805985273, 1181633.4453820551], [2548533.057954874, 1181633.8311456083], [2548533.242985382, 1181634.253124174], [2548533.356028499, 1181634.6998046557], [2548533.394, 1181635.159], [2548533.351566848, 1181635.6432798554], [2548533.2256994694, 1181636.1128381093], [2548533.020220844, 1181636.5534128307], [2548532.7413719906, 1181636.9516224083], [2548532.3976224083, 1181637.295371991], [2548531.999412831, 1181637.574220844], [2548531.558838109, 1181637.7796994695], [2548531.0892798556, 1181637.905566848], [2548530.605, 1181637.948], [2548530.168615237, 1181637.9137468599], [2548529.742962106, 1181637.811647148], [2548529.3385224347, 1181637.6442150986], [2548528.9652556633, 1181637.4155737725], [2548528.6323535894, 1181637.1313535266], [2548528.3480140204, 1181636.7985533634], [2548528.1192388977, 1181636.4253685807], [2548527.9516618727, 1181636.0209889575], [2548527.849409576, 1181635.5953724557], [2548527.815, 1181635.159]]]}, "properties": {"OBJECTID": 46458999, "EGID": 280036623}}, {"type": "Feature", "id": 46459238, "geometry": {"type": "Polygon", "coordinates": [[[2548063.729, 1183062.953], [2548061.729, 1183065.313], [2548057.319, 1183061.544], [2548059.339, 1183059.293], [2548063.729, 1183062.953]]]}, "properties": {"OBJECTID": 46459238, "EGID": 280043951}}, {"type": "Feature", "id": 46459251, "geometry": {"type": "Polygon", "coordinates": [[[2547222.424, 1183336.695], [2547225.494, 1183342.185], [2547226.594, 1183344.495], [2547222.984, 1183346.875], [2547220.704, 1183342.635], [2547222.594, 1183341.585], [2547220.514, 1183337.785], [2547222.424, 1183336.695]]]}, "properties": {"OBJECTID": 46459251, "EGID": 280033345}}, {"type": "Feature", "id": 46459295, "geometry": {"type": "Polygon", "coordinates": [[[2547854.813, 1183130.509], [2547850.233, 1183126.529], [2547853.783, 1183122.439], [2547858.353, 1183126.389], [2547854.813, 1183130.509]]]}, "properties": {"OBJECTID": 46459295, "EGID": 280030544}}, {"type": "Feature", "id": 46459405, "geometry": {"type": "Polygon", "coordinates": [[[2545081.727, 1180387.25], [2545091.485, 1180380.109], [2545101.006, 1180392.82], [2545096.144, 1180396.333], [2545099.04, 1180400.342], [2545091.361, 1180405.455], [2545088.8, 1180401.677], [2545091.204, 1180399.871], [2545081.727, 1180387.25]]]}, "properties": {"OBJECTID": 46459405, "EGID": 842359}}, {"type": "Feature", "id": 46459458, "geometry": {"type": "Polygon", "coordinates": [[[2546274.708, 1181321.436], [2546270.128, 1181315.207], [2546272.728, 1181313.347], [2546277.198, 1181319.536], [2546274.708, 1181321.436]]]}, "properties": {"OBJECTID": 46459458, "EGID": 280037073}}, {"type": "Feature", "id": 46459582, "geometry": {"type": "Polygon", "coordinates": [[[2547305.074, 1183121.414], [2547308.859, 1183117.507], [2547310.424, 1183119.018], [2547306.622, 1183122.92], [2547305.074, 1183121.414]]]}, "properties": {"OBJECTID": 46459582, "EGID": 280132128}}, {"type": "Feature", "id": 46459706, "geometry": {"type": "Polygon", "coordinates": [[[2546314.315, 1183436.827], [2546316.085, 1183440.227], [2546312.915, 1183441.847], [2546311.285, 1183438.467], [2546311.115, 1183438.117], [2546314.195, 1183436.607], [2546314.315, 1183436.827]]]}, "properties": {"OBJECTID": 46459706, "EGID": 280048767}}, {"type": "Feature", "id": 46459708, "geometry": {"type": "Polygon", "coordinates": [[[2547021.094, 1183091.761], [2547019.128, 1183088.874], [2547022.45, 1183086.628], [2547024.406, 1183089.525], [2547021.094, 1183091.761]]]}, "properties": {"OBJECTID": 46459708, "EGID": 280108832}}, {"type": "Feature", "id": 46459791, "geometry": {"type": "Polygon", "coordinates": [[[2546837.516, 1183325.391], [2546845.957, 1183333.334], [2546841.979, 1183337.559], [2546833.535, 1183329.615], [2546837.516, 1183325.391]]]}, "properties": {"OBJECTID": 46459791, "EGID": 280092064}}, {"type": "Feature", "id": 46459838, "geometry": {"type": "Polygon", "coordinates": [[[2548504.428, 1181717.148], [2548506.218, 1181719.438], [2548507.998, 1181718.038], [2548510.517, 1181721.267], [2548511.367, 1181720.607], [2548511.497, 1181720.777], [2548498.888, 1181731.108], [2548494.228, 1181725.038], [2548504.428, 1181717.148]]]}, "properties": {"OBJECTID": 46459838, "EGID": 843418}}, {"type": "Feature", "id": 46459954, "geometry": {"type": "Polygon", "coordinates": [[[2547477.11, 1183437.258], [2547479.08, 1183443.9780000001], [2547472.381, 1183445.788], [2547470.521, 1183439.049], [2547477.11, 1183437.258]]]}, "properties": {"OBJECTID": 46459954, "EGID": 280022105}}, {"type": "Feature", "id": 46460040, "geometry": {"type": "Polygon", "coordinates": [[[2545649.98, 1183667.443], [2545652.36, 1183667.773], [2545652.59, 1183666.8429999999], [2545661.99, 1183668.333], [2545660.77, 1183675.3530000001], [2545648.99, 1183673.403], [2545649.98, 1183667.443]]]}, "properties": {"OBJECTID": 46460040, "EGID": 846557}}, {"type": "Feature", "id": 46460151, "geometry": {"type": "Polygon", "coordinates": [[[2548482.758, 1181780.864], [2548486.028, 1181778.058], [2548488.958, 1181781.488], [2548490.058, 1181782.758], [2548486.429, 1181785.868], [2548482.4390000002, 1181781.138], [2548482.758, 1181780.864]]]}, "properties": {"OBJECTID": 46460151, "EGID": 280033445}}, {"type": "Feature", "id": 46460156, "geometry": {"type": "Polygon", "coordinates": [[[2547462.361, 1182861.05], [2547457.377, 1182856.72], [2547463.357, 1182849.935], [2547460.305, 1182847.404], [2547463.57, 1182843.54], [2547466.687, 1182846.156], [2547467.117, 1182845.669], [2547481.357, 1182857.979], [2547471.687, 1182868.979], [2547475.077, 1182871.959], [2547471.637, 1182875.859], [2547465.873, 1182870.902], [2547469.24, 1182867.027], [2547465.208, 1182863.523], [2547463.725, 1182865.23], [2547460.878, 1182862.756], [2547462.361, 1182861.05]]]}, "properties": {"OBJECTID": 46460156, "EGID": 846870}}, {"type": "Feature", "id": 46460361, "geometry": {"type": "Polygon", "coordinates": [[[2546608.368, 1183457.056], [2546607.8140000002, 1183454.7820000001], [2546609.772, 1183454.305], [2546610.321, 1183456.559], [2546608.368, 1183457.056]]]}, "properties": {"OBJECTID": 46460361, "EGID": null}}, {"type": "Feature", "id": 46460464, "geometry": {"type": "Polygon", "coordinates": [[[2546846.658, 1183005.646], [2546853.788, 1183011.786], [2546845.718, 1183021.196], [2546838.598, 1183015.026], [2546846.658, 1183005.646]]]}, "properties": {"OBJECTID": 46460464, "EGID": 846707}}, {"type": "Feature", "id": 46460637, "geometry": {"type": "Polygon", "coordinates": [[[2545883.652, 1184010.974], [2545887.652, 1184005.794], [2545895.012, 1184012.014], [2545890.372, 1184016.854], [2545883.652, 1184010.974]]]}, "properties": {"OBJECTID": 46460637, "EGID": 846508}}, {"type": "Feature", "id": 46460784, "geometry": {"type": "Polygon", "coordinates": [[[2544304.447, 1183206.328], [2544302.728, 1183215.768], [2544299.555, 1183215.222], [2544301.232, 1183205.883], [2544304.447, 1183206.328]]]}, "properties": {"OBJECTID": 46460784, "EGID": 280107210}}, {"type": "Feature", "id": 46460815, "geometry": {"type": "Polygon", "coordinates": [[[2548474.849, 1181772.319], [2548470.219, 1181767.969], [2548470.934, 1181767.209], [2548474.639, 1181763.269], [2548479.259, 1181767.608], [2548474.849, 1181772.319]]]}, "properties": {"OBJECTID": 46460815, "EGID": 280025188}}, {"type": "Feature", "id": 46461084, "geometry": {"type": "Polygon", "coordinates": [[[2548572.646, 1181643.752], [2548584.756, 1181654.355], [2548571.576, 1181669.396], [2548571.446, 1181669.296], [2548566.226, 1181664.736], [2548556.566, 1181656.486], [2548551.636, 1181652.286], [2548552.893, 1181650.842], [2548559.446, 1181643.316], [2548564.286, 1181647.496], [2548569.726, 1181641.196], [2548572.646, 1181643.752]]]}, "properties": {"OBJECTID": 46461084, "EGID": 843413}}, {"type": "Feature", "id": 46461264, "geometry": {"type": "Polygon", "coordinates": [[[2547070.865, 1182947.34], [2547090.0439999998, 1182931.09], [2547101.454, 1182944.63], [2547082.245, 1182960.76], [2547070.865, 1182947.34]]]}, "properties": {"OBJECTID": 46461264, "EGID": 280003030}}, {"type": "Feature", "id": 46461342, "geometry": {"type": "Polygon", "coordinates": [[[2545489.298, 1183362.68], [2545489.048, 1183362.56], [2545487.268, 1183366.33], [2545481.598, 1183363.08], [2545483.568, 1183359.57], [2545480.338, 1183357.74], [2545486.197, 1183347.41], [2545495.068, 1183352.36], [2545489.298, 1183362.68]]]}, "properties": {"OBJECTID": 46461342, "EGID": 280009560}}, {"type": "Feature", "id": 46461436, "geometry": {"type": "Polygon", "coordinates": [[[2546837.516, 1183325.391], [2546841.624, 1183321.033], [2546850.073, 1183328.963], [2546845.957, 1183333.334], [2546837.516, 1183325.391]]]}, "properties": {"OBJECTID": 46461436, "EGID": 280057999}}, {"type": "Feature", "id": 46461494, "geometry": {"type": "Polygon", "coordinates": [[[2546753.93, 1183488.446], [2546753.75, 1183488.096], [2546744.801, 1183470.236], [2546756.622, 1183464.92], [2546761.48, 1183462.736], [2546769.7, 1183481.175], [2546753.93, 1183488.446]]]}, "properties": {"OBJECTID": 46461494, "EGID": 280004122}}, {"type": "Feature", "id": 46461504, "geometry": {"type": "Polygon", "coordinates": [[[2548989.748, 1180270.411], [2548984.348, 1180278.291], [2548972.568, 1180270.472], [2548977.888, 1180262.5320000001], [2548989.748, 1180270.411]]]}, "properties": {"OBJECTID": 46461504, "EGID": 842054}}, {"type": "Feature", "id": 46461507, "geometry": {"type": "Polygon", "coordinates": [[[2545921.013, 1184146.842], [2545918.973, 1184137.0320000001], [2545924.483, 1184135.892], [2545926.523, 1184145.702], [2545921.013, 1184146.842]]]}, "properties": {"OBJECTID": 46461507, "EGID": 3164678}}, {"type": "Feature", "id": 46461783, "geometry": {"type": "Polygon", "coordinates": [[[2546733.072, 1183042.629], [2546756.106, 1183015.977], [2546797.8140000002, 1183052.041], [2546774.807, 1183078.6469999999], [2546733.072, 1183042.629]]]}, "properties": {"OBJECTID": 46461783, "EGID": 280120202}}, {"type": "Feature", "id": 46461815, "geometry": {"type": "Polygon", "coordinates": [[[2546577.778, 1180852.886], [2546578.638, 1180852.416], [2546579.798, 1180854.166], [2546577.858, 1180855.526], [2546576.708, 1180853.836], [2546572.198, 1180856.926], [2546569.318, 1180852.936], [2546574.998, 1180848.906], [2546577.778, 1180852.886]]]}, "properties": {"OBJECTID": 46461815, "EGID": 280025537}}, {"type": "Feature", "id": 46462018, "geometry": {"type": "Polygon", "coordinates": [[[2547122.42, 1183019.034], [2547126.762, 1183014.915], [2547128.808, 1183017.072], [2547126.519, 1183019.249], [2547124.468, 1183021.199], [2547122.42, 1183019.034]]]}, "properties": {"OBJECTID": 46462018, "EGID": 280073143}}, {"type": "Feature", "id": 46462294, "geometry": {"type": "Polygon", "coordinates": [[[2547342.422, 1183217.863], [2547347.962, 1183223.393], [2547344.902, 1183226.483], [2547345.692, 1183227.303], [2547339.972, 1183233.013], [2547336.431, 1183236.6030000001], [2547329.365, 1183229.633], [2547333.032, 1183225.915], [2547333.766, 1183226.639], [2547342.422, 1183217.863]]]}, "properties": {"OBJECTID": 46462294, "EGID": 846753}}, {"type": "Feature", "id": 46462340, "geometry": {"type": "Polygon", "coordinates": [[[2547209.454, 1183326.975], [2547217.274, 1183336.055], [2547207.174, 1183344.645], [2547199.354, 1183335.586], [2547209.454, 1183326.975]]]}, "properties": {"OBJECTID": 46462340, "EGID": 846801}}, {"type": "Feature", "id": 46462567, "geometry": {"type": "Polygon", "coordinates": [[[2546715.227, 1183322.898], [2546718.022, 1183320.787], [2546717.414, 1183319.987], [2546721.675, 1183316.762], [2546724.948, 1183314.285], [2546729.774, 1183320.666], [2546719.438, 1183328.474], [2546715.227, 1183322.898]]]}, "properties": {"OBJECTID": 46462567, "EGID": 280122326}}, {"type": "Feature", "id": 46462972, "geometry": {"type": "Polygon", "coordinates": [[[2547541.735, 1182810.027], [2547532.285, 1182817.087], [2547530.405, 1182815.137], [2547523.486, 1182820.458], [2547516.076, 1182811.088], [2547523.286, 1182805.408], [2547527.375, 1182810.758], [2547535.385, 1182804.227], [2547541.735, 1182810.027]]]}, "properties": {"OBJECTID": 46462972, "EGID": 846943}}, {"type": "Feature", "id": 46463057, "geometry": {"type": "Polygon", "coordinates": [[[2547946.431, 1183104.367], [2547938.961, 1183113.007], [2547931.791, 1183106.867], [2547939.241, 1183098.027], [2547946.431, 1183104.367]]]}, "properties": {"OBJECTID": 46463057, "EGID": 846906}}, {"type": "Feature", "id": 46463322, "geometry": {"type": "Polygon", "coordinates": [[[2547249.431, 1182047.019], [2547246.661, 1182049.739], [2547246.051, 1182049.189], [2547244.621, 1182050.459], [2547243.261, 1182049.129], [2547243.051, 1182049.279], [2547238.901, 1182045.029], [2547239.741, 1182044.269], [2547238.3310000002, 1182042.959], [2547239.401, 1182041.889], [2547240.771, 1182043.299], [2547243.3310000002, 1182040.829], [2547249.431, 1182047.019]]]}, "properties": {"OBJECTID": 46463322, "EGID": 280019444}}, {"type": "Feature", "id": 46463346, "geometry": {"type": "Polygon", "coordinates": [[[2546664.212, 1183780.166], [2546665.612, 1183791.206], [2546654.372, 1183792.606], [2546653.022, 1183781.646], [2546664.212, 1183780.166]]]}, "properties": {"OBJECTID": 46463346, "EGID": 280010867}}, {"type": "Feature", "id": 46463665, "geometry": {"type": "Polygon", "coordinates": [[[2549267.123, 1181057.893], [2549264.563, 1181053.623], [2549265.473, 1181053.083], [2549260.803, 1181045.314], [2549270.742, 1181039.294], [2549277.002, 1181049.713], [2549270.592, 1181053.513], [2549271.682, 1181055.303], [2549267.123, 1181057.893]]]}, "properties": {"OBJECTID": 46463665, "EGID": 841964}}, {"type": "Feature", "id": 46464114, "geometry": {"type": "Polygon", "coordinates": [[[2547746.933, 1182977.162], [2547753.733, 1182983.072], [2547745.854, 1182992.142], [2547739.054, 1182986.242], [2547746.933, 1182977.162]]]}, "properties": {"OBJECTID": 46464114, "EGID": 3164747}}, {"type": "Feature", "id": 46464116, "geometry": {"type": "Polygon", "coordinates": [[[2547716.595, 1182992.773], [2547708.879, 1182986.071], [2547710.613, 1182984.073], [2547712.825, 1182981.524], [2547720.537, 1182988.217], [2547716.595, 1182992.773]]]}, "properties": {"OBJECTID": 46464116, "EGID": 280052453}}, {"type": "Feature", "id": 46464244, "geometry": {"type": "Polygon", "coordinates": [[[2547475.78, 1183228.86], [2547474.38, 1183224.79], [2547489.99, 1183219.219], [2547501.58, 1183250.819], [2547482.92, 1183257.609], [2547473, 1183229.89], [2547475.78, 1183228.86]]]}, "properties": {"OBJECTID": 46464244, "EGID": 280001925}}, {"type": "Feature", "id": 46464402, "geometry": {"type": "Polygon", "coordinates": [[[2547889.502, 1183126.338], [2547880.853, 1183136.299], [2547874.113, 1183130.489], [2547882.832, 1183120.408], [2547889.502, 1183126.338]]]}, "properties": {"OBJECTID": 46464402, "EGID": 846888}}, {"type": "Feature", "id": 46464415, "geometry": {"type": "Polygon", "coordinates": [[[2545029.443, 1181437.725], [2545032.946, 1181433.385], [2545034.679, 1181431.238], [2545040.467, 1181435.92], [2545041.9189999998, 1181443.514], [2545033.744, 1181445.135], [2545032.85, 1181440.519], [2545029.443, 1181437.725]]]}, "properties": {"OBJECTID": 46464415, "EGID": 280096958}}, {"type": "Feature", "id": 46464474, "geometry": {"type": "Polygon", "coordinates": [[[2546372.215, 1183509.905], [2546380.885, 1183513.605], [2546377.975, 1183520.465], [2546380.645, 1183521.585], [2546379.385, 1183524.375], [2546376.055, 1183522.945], [2546375.455, 1183524.045], [2546372.575, 1183522.285], [2546372.845, 1183521.555], [2546369.895, 1183520.385], [2546369.235, 1183521.655], [2546369.015, 1183521.575], [2546368.595, 1183522.645], [2546369.615, 1183523.115], [2546368.255, 1183526.345], [2546365.895, 1183525.175], [2546368.425, 1183519.805], [2546367.965, 1183519.615], [2546372.215, 1183509.905]]]}, "properties": {"OBJECTID": 46464474, "EGID": 846542}}, {"type": "Feature", "id": 46464511, "geometry": {"type": "Polygon", "coordinates": [[[2547860.362, 1183042.729], [2547858.312, 1183040.939], [2547862.162, 1183036.529], [2547864.212, 1183038.429], [2547860.362, 1183042.729]]]}, "properties": {"OBJECTID": 46464511, "EGID": 280046841}}, {"type": "Feature", "id": 46464526, "geometry": {"type": "Polygon", "coordinates": [[[2547030.816, 1183280.53], [2547028.486, 1183282.29], [2547026.976, 1183278.96], [2547030.946, 1183277.2], [2547031.916, 1183279.48], [2547030.816, 1183280.53]]]}, "properties": {"OBJECTID": 46464526, "EGID": 280050324}}, {"type": "Feature", "id": 46464535, "geometry": {"type": "Polygon", "coordinates": [[[2546706.252, 1183941.744], [2546705.2119086892, 1183941.5176675017], [2546704.220057234, 1183941.131342477], [2546703.3008911307, 1183940.5945464189], [2546702.4770644475, 1183939.9205093794], [2546701.768881488, 1183939.1258438963], [2546701.193796362, 1183938.2301355558], [2546700.765982805, 1183937.2554602793], [2546700.495984851, 1183936.2258402335], [2546700.3904569573, 1183935.1666517716], [2546700.452, 1183934.104], [2546700.6783324983, 1183933.0639086897], [2546701.0646575233, 1183932.0720572344], [2546701.6014535814, 1183931.1528911307], [2546702.2754906206, 1183930.329064448], [2546703.070156104, 1183929.6208814883], [2546703.9658644446, 1183929.0457963618], [2546704.940539721, 1183928.6179828048], [2546705.9701597667, 1183928.3479848506], [2546707.0293482286, 1183928.2424569572], [2546708.092, 1183928.304], [2546709.140445731, 1183928.5335098575], [2546710.1395532056, 1183928.9255525602], [2546711.0642984547, 1183929.4703088813], [2546711.8915200126, 1183930.154134678], [2546712.600499021, 1183930.9599026293], [2546713.1734781633, 1183931.8674312118], [2546713.59610642, 1183932.8539901723], [2546713.857798507, 1183933.8948698374], [2546713.952, 1183934.964], [2546717.042, 1183934.964], [2546717.112, 1183938.314], [2546713.082, 1183938.344], [2546712.4324170896, 1183939.3005089054], [2546711.6297260714, 1183940.1327074233], [2546710.6972806472, 1183940.8163833518], [2546709.662209629, 1183941.331645645], [2546708.554627643, 1183941.663503127], [2546707.4067589696, 1183941.802300649], [2546706.252, 1183941.744]]]}, "properties": {"OBJECTID": 46464535, "EGID": 280009240}}, {"type": "Feature", "id": 46464572, "geometry": {"type": "Polygon", "coordinates": [[[2546904.119, 1183707.131], [2546904.029, 1183707.011], [2546912.209, 1183703.331], [2546915.579, 1183710.66], [2546907.319, 1183714.451], [2546907.259, 1183714.321], [2546902.459, 1183716.501], [2546899.1890000002, 1183709.311], [2546904.119, 1183707.131]]]}, "properties": {"OBJECTID": 46464572, "EGID": 846622}}, {"type": "Feature", "id": 46465157, "geometry": {"type": "Polygon", "coordinates": [[[2545289.9189999998, 1181195.831], [2545298.79, 1181183.445], [2545332.348, 1181207.438], [2545323.475, 1181219.839], [2545289.9189999998, 1181195.831]]]}, "properties": {"OBJECTID": 46465157, "EGID": 280119971}}, {"type": "Feature", "id": 46465667, "geometry": {"type": "Polygon", "coordinates": [[[2546842.679, 1183626.973], [2546846.6890000002, 1183625.773], [2546846.619, 1183625.533], [2546850.379, 1183624.443], [2546851.899, 1183627.632], [2546847.619, 1183628.783], [2546846.899, 1183626.323], [2546842.859, 1183627.533], [2546842.679, 1183626.973]]]}, "properties": {"OBJECTID": 46465667, "EGID": 280046420}}, {"type": "Feature", "id": 46465720, "geometry": {"type": "Polygon", "coordinates": [[[2545999.548, 1184001.678], [2546001.671, 1184003.491], [2545999.886, 1184005.567], [2545997.769, 1184003.742], [2545999.548, 1184001.678]]]}, "properties": {"OBJECTID": 46465720, "EGID": 280111419}}, {"type": "Feature", "id": 46465860, "geometry": {"type": "Polygon", "coordinates": [[[2547764.408, 1183018.114], [2547765.013, 1183015.646], [2547767.44, 1183014.895], [2547769.364, 1183016.611], [2547768.644, 1183019.067], [2547766.235, 1183019.931], [2547764.408, 1183018.114]]]}, "properties": {"OBJECTID": 46465860, "EGID": 280107915}}, {"type": "Feature", "id": 46465916, "geometry": {"type": "Polygon", "coordinates": [[[2546813.868, 1183042.777], [2546821.698, 1183035.627], [2546827.238, 1183041.676], [2546819.399, 1183048.837], [2546813.868, 1183042.777]]]}, "properties": {"OBJECTID": 46465916, "EGID": 3164690}}, {"type": "Feature", "id": 46466171, "geometry": {"type": "Polygon", "coordinates": [[[2547195.464, 1183040.457], [2547182.334, 1183027.7179999999], [2547177.214, 1183022.568], [2547177.394, 1183022.318], [2547176.234, 1183021.188], [2547180.884, 1183016.558], [2547184.194, 1183019.828], [2547184.074, 1183019.9780000001], [2547197.373, 1183033.017], [2547196.343, 1183034.097], [2547198.573, 1183036.327], [2547195.464, 1183040.457]]]}, "properties": {"OBJECTID": 46466171, "EGID": 846767}}, {"type": "Feature", "id": 46466355, "geometry": {"type": "Polygon", "coordinates": [[[2546726.911, 1183568.116], [2546724.0609999998, 1183556.086], [2546730.051, 1183554.676], [2546732.941, 1183566.686], [2546726.911, 1183568.116]]]}, "properties": {"OBJECTID": 46466355, "EGID": 3164711}}, {"type": "Feature", "id": 46466524, "geometry": {"type": "Polygon", "coordinates": [[[2547401.805, 1182540.531], [2547399.575, 1182544.191], [2547385.845, 1182536.401], [2547390.995, 1182527.631], [2547406.385, 1182536.341], [2547403.435, 1182541.371], [2547401.805, 1182540.531]]]}, "properties": {"OBJECTID": 46466524, "EGID": 846954}}, {"type": "Feature", "id": 46466817, "geometry": {"type": "Polygon", "coordinates": [[[2548691.788, 1181597.463], [2548696.609, 1181587.714], [2548691.242, 1181585.06], [2548693.933, 1181579.686], [2548699.432, 1181582.42], [2548698.576, 1181584.076], [2548705.623, 1181587.594], [2548700.852, 1181597.256], [2548699.944, 1181596.825], [2548698.108, 1181600.588], [2548691.788, 1181597.463]]]}, "properties": {"OBJECTID": 46466817, "EGID": 280075131}}, {"type": "Feature", "id": 46466824, "geometry": {"type": "Polygon", "coordinates": [[[2546352.185, 1183474.396], [2546349.925, 1183470.196], [2546347.165, 1183464.896], [2546349.515, 1183463.596], [2546349.645, 1183463.796], [2546353.175, 1183461.806], [2546355.735, 1183466.436], [2546356.205, 1183466.226], [2546356.325, 1183466.526], [2546357.555, 1183465.886], [2546359.665, 1183470.346], [2546358.485, 1183470.906], [2546358.615, 1183471.116], [2546352.185, 1183474.396]]]}, "properties": {"OBJECTID": 46466824, "EGID": 280014735}}, {"type": "Feature", "id": 46466937, "geometry": {"type": "Polygon", "coordinates": [[[2545217.496, 1181198.053], [2545215.517, 1181203.833], [2545211.967, 1181216.6030000001], [2545199.237, 1181213.174], [2545200.074, 1181210.193], [2545202.79, 1181200.521], [2545204.437, 1181194.654], [2545217.496, 1181198.053]]]}, "properties": {"OBJECTID": 46466937, "EGID": 280004928}}, {"type": "Feature", "id": 46466963, "geometry": {"type": "Polygon", "coordinates": [[[2545134.527, 1181278.935], [2545133.437, 1181285.845], [2545121.507, 1181283.735], [2545122.707, 1181276.685], [2545134.527, 1181278.935]]]}, "properties": {"OBJECTID": 46466963, "EGID": 280014638}}, {"type": "Feature", "id": 46467080, "geometry": {"type": "Polygon", "coordinates": [[[2547117.476, 1183529.547], [2547112.086, 1183524.307], [2547113.626, 1183522.677], [2547119.045, 1183527.927], [2547117.476, 1183529.547]]]}, "properties": {"OBJECTID": 46467080, "EGID": null}}, {"type": "Feature", "id": 46467098, "geometry": {"type": "Polygon", "coordinates": [[[2547185.584, 1183338.176], [2547193.724, 1183348.986], [2547183.704, 1183356.526], [2547175.594, 1183345.756], [2547185.584, 1183338.176]]]}, "properties": {"OBJECTID": 46467098, "EGID": 846800}}, {"type": "Feature", "id": 46467128, "geometry": {"type": "Polygon", "coordinates": [[[2546872.962, 1182427.429], [2546859.442, 1182442.28], [2546830.192, 1182415.201], [2546843.512, 1182400.571], [2546872.962, 1182427.429]]]}, "properties": {"OBJECTID": 46467128, "EGID": 280001734}}, {"type": "Feature", "id": 46467166, "geometry": {"type": "Polygon", "coordinates": [[[2547924.751, 1183052.617], [2547923.771, 1183058.427], [2547914.941, 1183057.1469999999], [2547915.821, 1183051.187], [2547924.751, 1183052.617]]]}, "properties": {"OBJECTID": 46467166, "EGID": 280019698}}, {"type": "Feature", "id": 46467245, "geometry": {"type": "Polygon", "coordinates": [[[2547016.238, 1180783.905], [2547023.088, 1180779.425], [2547026.118, 1180784.165], [2547019.238, 1180788.525], [2547016.238, 1180783.905]]]}, "properties": {"OBJECTID": 46467245, "EGID": 280023272}}, {"type": "Feature", "id": 46467337, "geometry": {"type": "Polygon", "coordinates": [[[2548924.88, 1180091.437], [2548912.678, 1180109.392], [2548917.849, 1180112.9070000001], [2548915.403, 1180116.506], [2548910.232, 1180112.992], [2548901.549, 1180125.767], [2548893.73, 1180120.357], [2548901.4, 1180109.068], [2548886.28, 1180098.628], [2548893.51, 1180087.818], [2548899.42, 1180091.788], [2548903.32, 1180085.898], [2548905.77, 1180087.458], [2548909.51, 1180081.788], [2548914.02, 1180084.858], [2548914.5, 1180084.198], [2548924.88, 1180091.437]]]}, "properties": {"OBJECTID": 46467337, "EGID": 842034}}, {"type": "Feature", "id": 46467378, "geometry": {"type": "Polygon", "coordinates": [[[2549028.258, 1181072.098], [2549030.558, 1181077.587], [2549034.238, 1181076.117], [2549035.768, 1181079.857], [2549029.828, 1181082.3969999999], [2549030.138, 1181083.307], [2549028.538, 1181084.027], [2549028.078, 1181083.087], [2549024.698, 1181084.547], [2549024.498, 1181084.197], [2549023.458, 1181084.667], [2549021.868, 1181081.028], [2549023.008, 1181080.518], [2549020.868, 1181075.298], [2549028.258, 1181072.098]]]}, "properties": {"OBJECTID": 46467378, "EGID": 841961}}, {"type": "Feature", "id": 46467598, "geometry": {"type": "Polygon", "coordinates": [[[2547083.307, 1182865.975], [2547087.112, 1182863.1], [2547089.565, 1182866.361], [2547085.754, 1182869.2280000001], [2547083.307, 1182865.975]]]}, "properties": {"OBJECTID": 46467598, "EGID": 280118708}}, {"type": "Feature", "id": 46468177, "geometry": {"type": "Polygon", "coordinates": [[[2548987.697, 1180299.341], [2548991.697, 1180300.97], [2548989.847, 1180303.9], [2548986.337, 1180302.05], [2548987.697, 1180299.341]]]}, "properties": {"OBJECTID": 46468177, "EGID": 280050686}}, {"type": "Feature", "id": 46468297, "geometry": {"type": "Polygon", "coordinates": [[[2544014.806, 1181428.619], [2544012.286, 1181433.579], [2543996.437, 1181425.279], [2543998.747, 1181420.939], [2543993.227, 1181417.94], [2543999.397, 1181406.139], [2544018.716, 1181416.509], [2544020.666, 1181412.929], [2544025.246, 1181415.369], [2544023.276, 1181419.179], [2544024.146, 1181419.629], [2544018.066, 1181430.369], [2544014.806, 1181428.619]]]}, "properties": {"OBJECTID": 46468297, "EGID": 846993}}, {"type": "Feature", "id": 46468618, "geometry": {"type": "Polygon", "coordinates": [[[2548522.457, 1181655.456], [2548522.4809236377, 1181655.1663370829], [2548522.552206367, 1181654.8845646242], [2548522.668903077, 1181654.6183714166], [2548522.827829438, 1181654.3750211385], [2548523.0246487865, 1181654.1611541475], [2548523.253990467, 1181653.9826062836], [2548523.5095963767, 1181653.844249626], [2548523.7844917364, 1181653.7498595454], [2548524.0711754095, 1181653.702011687], [2548524.36182459, 1181653.702011687], [2548524.648508263, 1181653.7498595454], [2548524.9234036226, 1181653.844249626], [2548525.179009532, 1181653.9826062836], [2548525.4083512127, 1181654.1611541475], [2548525.6051705615, 1181654.3750211385], [2548525.7640969222, 1181654.6183714166], [2548525.8807936325, 1181654.8845646242], [2548525.9520763615, 1181655.1663370829], [2548525.976, 1181655.456], [2548525.949122574, 1181655.7613851158], [2548525.8696623193, 1181656.0574738404], [2548525.7400300154, 1181656.3352830028], [2548525.5641586366, 1181656.5863840245], [2548525.3473840244, 1181656.8031586367], [2548525.0962830028, 1181656.9790300156], [2548524.8184738406, 1181657.1086623194], [2548524.522385116, 1181657.1881225747], [2548524.217, 1181657.215], [2548523.9114902397, 1181657.1882768879], [2548523.6152569973, 1181657.1089282618], [2548523.3372943243, 1181656.979363256], [2548523.086041552, 1181656.8035156433], [2548522.869127063, 1181656.586724401], [2548522.693136681, 1181656.3355716113], [2548522.563413718, 1181656.0576826204], [2548522.483896742, 1181655.7614945231], [2548522.457, 1181655.456]]]}, "properties": {"OBJECTID": 46468618, "EGID": 280131879}}, {"type": "Feature", "id": 46468712, "geometry": {"type": "Polygon", "coordinates": [[[2546831.27, 1183701.113], [2546835.31, 1183710.412], [2546826.21, 1183714.523], [2546822.13, 1183705.243], [2546831.27, 1183701.113]]]}, "properties": {"OBJECTID": 46468712, "EGID": 846618}}, {"type": "Feature", "id": 46468757, "geometry": {"type": "Polygon", "coordinates": [[[2546635.948, 1182814.564], [2546635.238, 1182813.734], [2546631.938, 1182816.594], [2546630.258, 1182814.464], [2546633.558, 1182811.564], [2546633.108, 1182811.054], [2546639.066, 1182805.649], [2546638.78, 1182805.334], [2546639.824, 1182804.402], [2546638.199, 1182802.608], [2546638.511, 1182802.319], [2546635.668, 1182799.141], [2546640.752, 1182794.57], [2546641.921, 1182795.859], [2546643.614, 1182797.727], [2546643.9359999998, 1182797.436], [2546648.914, 1182802.982], [2546648.857, 1182803.033], [2546648.657, 1182803.213], [2546643.278, 1182808.053], [2546635.948, 1182814.564]]]}, "properties": {"OBJECTID": 46468757, "EGID": 846697}}, {"type": "Feature", "id": 46468783, "geometry": {"type": "Polygon", "coordinates": [[[2546654.528, 1182850.393], [2546649.388, 1182860.473], [2546642.688, 1182857.0929999999], [2546647.688, 1182847.003], [2546654.528, 1182850.393]]]}, "properties": {"OBJECTID": 46468783, "EGID": 846686}}, {"type": "Feature", "id": 46469188, "geometry": {"type": "Polygon", "coordinates": [[[2548460.066, 1181706.088], [2548460.0901268544, 1181705.7968321696], [2548460.1618492994, 1181705.5136066389], [2548460.279210934, 1181705.2460490614], [2548460.4390104385, 1181705.001457711], [2548460.6368889, 1181704.7865044016], [2548460.867448708, 1181704.6070524994], [2548461.1244007936, 1181704.4679969847], [2548461.400736173, 1181704.373130929], [2548461.6889171377, 1181704.3250420312], [2548461.9810828622, 1181704.3250420312], [2548462.269263827, 1181704.373130929], [2548462.5455992064, 1181704.4679969847], [2548462.802551292, 1181704.6070524994], [2548463.0331111, 1181704.7865044016], [2548463.2309895614, 1181705.001457711], [2548463.390789066, 1181705.2460490614], [2548463.5081507005, 1181705.5136066389], [2548463.5798731456, 1181705.7968321696], [2548463.604, 1181706.088], [2548463.5822807965, 1181706.3647559271], [2548463.5175214796, 1181706.6347036958], [2548463.4113176404, 1181706.8911921193], [2548463.2662860123, 1181707.1279016328], [2548463.086, 1181707.3390000002], [2548462.874901633, 1181707.5192860127], [2548462.638192119, 1181707.6643176407], [2548462.3817036957, 1181707.7705214804], [2548462.111755927, 1181707.8352807972], [2548461.835, 1181707.857], [2548461.558244073, 1181707.8352807972], [2548461.288296304, 1181707.7705214804], [2548461.031807881, 1181707.6643176407], [2548460.795098367, 1181707.5192860127], [2548460.584, 1181707.3390000002], [2548460.4037139877, 1181707.1279016328], [2548460.2586823595, 1181706.8911921193], [2548460.1524785203, 1181706.6347036958], [2548460.0877192034, 1181706.3647559271], [2548460.066, 1181706.088]]]}, "properties": {"OBJECTID": 46469188, "EGID": 280131868}}, {"type": "Feature", "id": 46469317, "geometry": {"type": "Polygon", "coordinates": [[[2547947.312, 1183074.122], [2547944.942, 1183072.001], [2547949.596, 1183066.732], [2547951.984, 1183068.841], [2547947.312, 1183074.122]]]}, "properties": {"OBJECTID": 46469317, "EGID": 280037889}}, {"type": "Feature", "id": 46469626, "geometry": {"type": "Polygon", "coordinates": [[[2545191.877, 1181240.424], [2545188.127, 1181254.444], [2545167.527, 1181248.654], [2545171.787, 1181234.064], [2545172.457, 1181234.204], [2545172.207, 1181234.924], [2545191.877, 1181240.424]]]}, "properties": {"OBJECTID": 46469626, "EGID": 846976}}, {"type": "Feature", "id": 46469748, "geometry": {"type": "Polygon", "coordinates": [[[2546613.823, 1183706.748], [2546614.283, 1183711.398], [2546610.243, 1183711.878], [2546609.743, 1183707.2179999999], [2546613.823, 1183706.748]]]}, "properties": {"OBJECTID": 46469748, "EGID": 280042650}}, {"type": "Feature", "id": 46469814, "geometry": {"type": "Polygon", "coordinates": [[[2547856.722, 1183031.919], [2547851.422, 1183027.359], [2547858.052, 1183019.569], [2547858.522, 1183020.039], [2547859.902, 1183018.399], [2547864.452, 1183022.469], [2547863.222, 1183023.929], [2547863.512, 1183024.259], [2547856.722, 1183031.919]]]}, "properties": {"OBJECTID": 46469814, "EGID": 846897}}, {"type": "Feature", "id": 46470112, "geometry": {"type": "Polygon", "coordinates": [[[2546327.825, 1183461.506], [2546329.965, 1183467.496], [2546326.665, 1183468.676], [2546324.515, 1183462.6570000001], [2546327.825, 1183461.506]]]}, "properties": {"OBJECTID": 46470112, "EGID": 280038130}}, {"type": "Feature", "id": 46470421, "geometry": {"type": "Polygon", "coordinates": [[[2548536.267, 1180181.765], [2548549.867, 1180171.524], [2548554.677, 1180177.934], [2548541.047, 1180188.114], [2548536.267, 1180181.765]]]}, "properties": {"OBJECTID": 46470421, "EGID": 280006058}}, {"type": "Feature", "id": 46470535, "geometry": {"type": "Polygon", "coordinates": [[[2548923.556, 1180261.148], [2548919.813, 1180258.948], [2548919.739, 1180259.086], [2548914.856, 1180256.166], [2548918.555, 1180249.781], [2548919.126, 1180250.112], [2548921.638, 1180245.779], [2548925.21, 1180247.848], [2548922.691, 1180252.214], [2548923.459, 1180252.658], [2548921.901, 1180255.306], [2548925.74, 1180257.564], [2548923.556, 1180261.148]]]}, "properties": {"OBJECTID": 46470535, "EGID": 280016573}}, {"type": "Feature", "id": 46470642, "geometry": {"type": "Polygon", "coordinates": [[[2548540.568, 1181821.877], [2548538.108, 1181823.577], [2548533.868, 1181822.557], [2548531.848, 1181818.927], [2548531.118, 1181815.627], [2548535.138, 1181813.1469999999], [2548540.568, 1181821.877]]]}, "properties": {"OBJECTID": 46470642, "EGID": 280019848}}, {"type": "Feature", "id": 46470784, "geometry": {"type": "Polygon", "coordinates": [[[2548598.815, 1181637.055], [2548595.065, 1181633.765], [2548586.955, 1181642.995], [2548556.876, 1181616.606], [2548572.695, 1181598.526], [2548598.935, 1181621.545], [2548601.215, 1181618.945], [2548604.996, 1181622.259], [2548605.893, 1181623.045], [2548608.825, 1181625.615], [2548598.815, 1181637.055]]]}, "properties": {"OBJECTID": 46470784, "EGID": 9031570}}, {"type": "Feature", "id": 46470950, "geometry": {"type": "Polygon", "coordinates": [[[2546753.271, 1183794.264], [2546753.211, 1183793.944], [2546757.227, 1183792.878], [2546756.673, 1183790.961], [2546759.565, 1183790.172], [2546760.082, 1183792.12], [2546761.711, 1183791.688], [2546761.24, 1183789.915], [2546764.921, 1183788.604], [2546767.531, 1183794.744], [2546761.971, 1183796.274], [2546761.611, 1183795.044], [2546753.951, 1183797.164], [2546753.271, 1183794.264]]]}, "properties": {"OBJECTID": 46470950, "EGID": 280019510}}, {"type": "Feature", "id": 46471180, "geometry": {"type": "Polygon", "coordinates": [[[2546597.096, 1183679.92], [2546597.768, 1183676.581], [2546602.461, 1183675.538], [2546604.628, 1183676.898], [2546605.732, 1183681.928], [2546602.758, 1183682.557], [2546603.663, 1183686.588], [2546595.343, 1183688.518], [2546593.673, 1183680.688], [2546597.096, 1183679.92]]]}, "properties": {"OBJECTID": 46471180, "EGID": 846568}}, {"type": "Feature", "id": 46471266, "geometry": {"type": "Polygon", "coordinates": [[[2548586.867, 1181762.485], [2548586.571184374, 1181762.556649214], [2548586.267442625, 1181762.5761798143], [2548585.96488687, 1181762.5430058916], [2548585.6725936444, 1181762.458122649], [2548585.3993316153, 1181762.3240765457], [2548585.153298521, 1181762.1448889044], [2548584.941875243, 1181761.9259352742], [2548584.7714043865, 1181761.673784166], [2548584.647, 1181761.396], [2548584.5760497325, 1181761.126830825], [2548584.5484242905, 1181760.8498419798], [2548584.56481468, 1181760.5719618972], [2548584.6248109215, 1181760.3001413015], [2548584.726912305, 1181760.0411793492], [2548584.868564929, 1181759.8015535588], [2548585.046225579, 1181759.587257785], [2548585.2554503595, 1181759.4036522934], [2548585.491005847, 1181759.2553296809], [2548585.747, 1181759.146], [2548586.03939981, 1181759.074954414], [2548586.3396301, 1181759.0547827168], [2548586.6389057375, 1181759.0860751586], [2548586.9284695257, 1181759.1679160816], [2548587.199848449, 1181759.2979107134], [2548587.4451016043, 1181759.4722552404], [2548587.6570525626, 1181759.6858481134], [2548587.8294993616, 1181759.9324393254], [2548587.9573959815, 1181760.2048132939], [2548588.037, 1181760.495], [2548588.066220912, 1181760.7729551985], [2548588.0510470476, 1181761.0520299338], [2548587.991861507, 1181761.3251782923], [2548587.890158572, 1181761.5855039863], [2548587.7485059774, 1181761.8264344672], [2548587.570480085, 1181762.0418868647], [2548587.360575586, 1181762.2264215646], [2548587.1240920257, 1181762.375379544], [2548586.867, 1181762.485]]]}, "properties": {"OBJECTID": 46471266, "EGID": 280118018}}, {"type": "Feature", "id": 46471306, "geometry": {"type": "Polygon", "coordinates": [[[2545186.687, 1181283.764], [2545178.687, 1181279.704], [2545184.807, 1181267.694], [2545192.807, 1181271.744], [2545189.427, 1181278.384], [2545191.097, 1181279.234], [2545190.267, 1181280.864], [2545188.587, 1181280.014], [2545186.687, 1181283.764]]]}, "properties": {"OBJECTID": 46471306, "EGID": 101111804}}, {"type": "Feature", "id": 46471525, "geometry": {"type": "Polygon", "coordinates": [[[2546852.249, 1183730.972], [2546851.679, 1183729.732], [2546854.019, 1183728.622], [2546854.629, 1183729.892], [2546858.029, 1183728.342], [2546861.309, 1183735.372], [2546858.209, 1183736.802], [2546858.509, 1183737.422], [2546857.9390000002, 1183737.682], [2546858.369, 1183738.612], [2546857.219, 1183739.122], [2546856.779, 1183738.252], [2546855.289, 1183738.952], [2546854.969, 1183738.322], [2546852.109, 1183739.652], [2546848.82, 1183732.512], [2546852.249, 1183730.972]]]}, "properties": {"OBJECTID": 46471525, "EGID": 846620}}, {"type": "Feature", "id": 46471771, "geometry": {"type": "Polygon", "coordinates": [[[2546513.974, 1183761.56], [2546511.524, 1183757.95], [2546515.414, 1183755.32], [2546522.764, 1183766.28], [2546512.844, 1183773.04], [2546507.934, 1183765.71], [2546513.974, 1183761.56]]]}, "properties": {"OBJECTID": 46471771, "EGID": 846586}}, {"type": "Feature", "id": 46471885, "geometry": {"type": "Polygon", "coordinates": [[[2547389.675, 1183203.737], [2547396.416, 1183210.2719999999], [2547389.764, 1183217.068], [2547383.038, 1183210.51], [2547389.675, 1183203.737]]]}, "properties": {"OBJECTID": 46471885, "EGID": 846755}}, {"type": "Feature", "id": 46472103, "geometry": {"type": "Polygon", "coordinates": [[[2546984.247, 1183211.212], [2546981.147, 1183207.322], [2546988.587, 1183201.332], [2546991.127, 1183204.571], [2546987.207, 1183207.632], [2546987.837, 1183208.442], [2546987.267, 1183208.882], [2546988.587, 1183210.601], [2546985.177, 1183213.242], [2546983.847, 1183211.5219999999], [2546984.247, 1183211.212]]]}, "properties": {"OBJECTID": 46472103, "EGID": 280020814}}, {"type": "Feature", "id": 46472388, "geometry": {"type": "Polygon", "coordinates": [[[2544085.36, 1183621.523], [2544084.013, 1183626.175], [2544084.667, 1183626.375], [2544084.432, 1183627.102], [2544083.695, 1183626.874], [2544083.568, 1183627.306], [2544079.005, 1183626.0219999999], [2544080.708, 1183620.214], [2544085.36, 1183621.523]]]}, "properties": {"OBJECTID": 46472388, "EGID": 842262}}, {"type": "Feature", "id": 46472656, "geometry": {"type": "Polygon", "coordinates": [[[2547547.651, 1182883.668], [2547544.821, 1182887.085], [2547536.334, 1182880.045], [2547541.449, 1182873.876], [2547549.935, 1182880.91], [2547547.651, 1182883.668]]]}, "properties": {"OBJECTID": 46472656, "EGID": 280081962}}, {"type": "Feature", "id": 46472767, "geometry": {"type": "Polygon", "coordinates": [[[2546155.546, 1184004.26], [2546151.482, 1184007.029], [2546153.666, 1184010.377], [2546152.113, 1184011.43], [2546146.801, 1184003.605], [2546150.556, 1184001.064], [2546149.886, 1184000.071], [2546158.969, 1183993.927], [2546162.674, 1183999.405], [2546155.546, 1184004.26]]]}, "properties": {"OBJECTID": 46472767, "EGID": 846457}}, {"type": "Feature", "id": 46472833, "geometry": {"type": "Polygon", "coordinates": [[[2545931.972, 1183963.568], [2545933.506, 1183964.912], [2545931.106, 1183967.624], [2545932.035, 1183968.448], [2545929.713, 1183971.089], [2545929.553, 1183970.944], [2545926.344, 1183974.612], [2545925.551, 1183973.919], [2545924.865, 1183974.704], [2545917.273, 1183968.067], [2545925.916, 1183958.261], [2545931.972, 1183963.568]]]}, "properties": {"OBJECTID": 46472833, "EGID": 846519}}, {"type": "Feature", "id": 46472945, "geometry": {"type": "Polygon", "coordinates": [[[2546679.225, 1181880.965], [2546686.988, 1181877.949], [2546687.051, 1181878.227], [2546686.615, 1181878.4], [2546690.633, 1181888.55], [2546690.995, 1181888.4070000001], [2546691.099, 1181888.653], [2546687.171, 1181890.234], [2546688.395, 1181893.274], [2546688.685, 1181893.1570000001], [2546688.784, 1181893.428], [2546684.685, 1181895.111], [2546679.225, 1181880.965]]]}, "properties": {"OBJECTID": 46472945, "EGID": 847010}}, {"type": "Feature", "id": 46472993, "geometry": {"type": "Polygon", "coordinates": [[[2545356.695, 1181112.731], [2545364.025, 1181119.06], [2545363.705, 1181119.46], [2545368.715, 1181123.9], [2545365.075, 1181127.57], [2545359.545, 1181134.02], [2545365.005, 1181138.78], [2545358.445, 1181146.44], [2545341.745, 1181131.601], [2545344.555, 1181128.501], [2545343.815, 1181127.851], [2545356.695, 1181112.731]]]}, "properties": {"OBJECTID": 46472993, "EGID": 846966}}, {"type": "Feature", "id": 46473718, "geometry": {"type": "Polygon", "coordinates": [[[2546082.78, 1183965.679], [2546083.68, 1183966.569], [2546084.49, 1183965.729], [2546090.33, 1183971.809], [2546084.62, 1183977.439], [2546077.9, 1183970.489], [2546082.78, 1183965.679]]]}, "properties": {"OBJECTID": 46473718, "EGID": 846532}}, {"type": "Feature", "id": 46473832, "geometry": {"type": "Polygon", "coordinates": [[[2548130.007, 1181423.87], [2548098.841, 1181397.996], [2548113.029, 1181380.889], [2548157.016, 1181417.421], [2548151.895, 1181423.424], [2548156.587, 1181427.325], [2548147.443, 1181438.345], [2548130.007, 1181423.87]]]}, "properties": {"OBJECTID": 46473832, "EGID": 280128252}}, {"type": "Feature", "id": 46474120, "geometry": {"type": "Polygon", "coordinates": [[[2547864.712, 1183046.559], [2547868.602, 1183042.179], [2547870.692, 1183044.069], [2547866.962, 1183048.339], [2547864.712, 1183046.559]]]}, "properties": {"OBJECTID": 46474120, "EGID": 280046813}}, {"type": "Feature", "id": 46474196, "geometry": {"type": "Polygon", "coordinates": [[[2547232.923, 1183109.066], [2547241.813, 1183117.826], [2547239.993, 1183119.696], [2547240.953, 1183120.626], [2547238.833, 1183122.746], [2547237.863, 1183121.846], [2547235.233, 1183124.496], [2547226.283, 1183115.726], [2547232.923, 1183109.066]]]}, "properties": {"OBJECTID": 46474196, "EGID": 846762}}, {"type": "Feature", "id": 46474526, "geometry": {"type": "Polygon", "coordinates": [[[2548468.817, 1180196.006], [2548464.536, 1180207.136], [2548474.896, 1180210.785], [2548472.516, 1180217.405], [2548463.506, 1180214.155], [2548464.506, 1180211.455], [2548459.131, 1180208.972], [2548455.586, 1180207.386], [2548453.146, 1180214.006], [2548446.156, 1180211.066], [2548448.826, 1180204.286], [2548451.647, 1180197.946], [2548454.727, 1180194.916], [2548455.077, 1180194.386], [2548455.937, 1180194.876], [2548457.247, 1180191.236], [2548464.464, 1180194.211], [2548468.817, 1180196.006]]]}, "properties": {"OBJECTID": 46474526, "EGID": 842066}}, {"type": "Feature", "id": 46474647, "geometry": {"type": "Polygon", "coordinates": [[[2547434.617, 1182837.28], [2547432.887, 1182839.34], [2547429.987, 1182842.67], [2547425.138, 1182838.51], [2547419.748, 1182833.691], [2547423.847, 1182828.93], [2547424.757, 1182828.3], [2547434.617, 1182837.28]]]}, "properties": {"OBJECTID": 46474647, "EGID": 846881}}, {"type": "Feature", "id": 46474674, "geometry": {"type": "Polygon", "coordinates": [[[2546743.138, 1183411.113], [2546741.265, 1183408.705], [2546745.835, 1183405.15], [2546747.708, 1183407.557], [2546743.138, 1183411.113]]]}, "properties": {"OBJECTID": 46474674, "EGID": 280095917}}, {"type": "Feature", "id": 46474829, "geometry": {"type": "Polygon", "coordinates": [[[2547888.033, 1183151.788], [2547886.083, 1183154.008], [2547881.383, 1183150.199], [2547883.353, 1183148.029], [2547888.033, 1183151.788]]]}, "properties": {"OBJECTID": 46474829, "EGID": 280045225}}, {"type": "Feature", "id": 46474849, "geometry": {"type": "Polygon", "coordinates": [[[2547478.643, 1183370.575], [2547478.889788248, 1183371.036861838], [2547479.057167892, 1183371.5330521762], [2547479.140570721, 1183372.0500287376], [2547479.1377204647, 1183372.5736819368], [2547479.0486949123, 1183373.0897199663], [2547478.875923794, 1183373.584058856], [2547478.624122468, 1183374.0432068591], [2547478.3001632215, 1183374.454632677], [2547477.912887715, 1183374.8071074684], [2547477.4728656653, 1183375.0910113135], [2547476.992106378, 1183375.2985957651], [2547476.483730978, 1183375.4241953238], [2547475.9616143024, 1183375.4643820631], [2547475.4400062235, 1183375.418059186], [2547474.933142732, 1183375.28649096], [2547474.4548574025, 1183375.0732682114], [2547474.0182038397, 1183374.7842103231], [2547473.6350994124, 1183374.4272064092], [2547473.316, 1183374.012], [2547473.0583228553, 1183373.5234093035], [2547472.889377799, 1183372.997504419], [2547472.814295298, 1183372.4502558485], [2547472.8353554322, 1183371.8982822527], [2547472.9519186546, 1183371.3583457796], [2547473.160445213, 1183370.8468430385], [2547473.4546026425, 1183370.3793071718], [2547473.8254580693, 1183369.9699361518], [2547474.2617494813, 1183369.6311616197], [2547474.750227727, 1183369.3732713659], [2547475.276058865, 1183369.2040969154], [2547475.8232746306, 1183369.1287757005], [2547476.3752573607, 1183369.1495950508], [2547476.9152446296, 1183369.265922731], [2547477.4268382858, 1183369.4742261413], [2547477.894502425, 1183369.7681795943], [2547478.3040351807, 1183370.13885641], [2547478.643, 1183370.575]]]}, "properties": {"OBJECTID": 46474849, "EGID": 280132702}}, {"type": "Feature", "id": 46474973, "geometry": {"type": "Polygon", "coordinates": [[[2547177.475, 1183504.595], [2547173.985, 1183499.325], [2547174.215, 1183498.345], [2547173.195, 1183498.135], [2547170.955, 1183494.726], [2547170.195, 1183495.206], [2547167.595, 1183491.186], [2547168.395, 1183490.646], [2547163.065, 1183482.466], [2547162.325, 1183482.926], [2547159.725, 1183478.896], [2547160.505, 1183478.406], [2547158.285, 1183474.906], [2547158.555, 1183473.736], [2547170.035, 1183466.326], [2547170.115, 1183465.926], [2547170.615, 1183466.066], [2547170.525, 1183466.466], [2547185.675, 1183490.215], [2547186.215, 1183490.435], [2547186.175, 1183490.945], [2547189.804, 1183496.665], [2547177.475, 1183504.595]]]}, "properties": {"OBJECTID": 46474973, "EGID": 3164694}}, {"type": "Feature", "id": 46475211, "geometry": {"type": "Polygon", "coordinates": [[[2546645.027, 1182739.404], [2546650.507, 1182744.304], [2546644.087, 1182751.754], [2546638.467, 1182746.834], [2546645.027, 1182739.404]]]}, "properties": {"OBJECTID": 46475211, "EGID": 846953}}, {"type": "Feature", "id": 46475551, "geometry": {"type": "Polygon", "coordinates": [[[2546080.715, 1184064.324], [2546075.973, 1184067.488], [2546075.049, 1184066.119], [2546079.798, 1184062.954], [2546080.715, 1184064.324]]]}, "properties": {"OBJECTID": 46475551, "EGID": 280117469}}, {"type": "Feature", "id": 46475747, "geometry": {"type": "Polygon", "coordinates": [[[2545880.307, 1182210.48], [2545885.377, 1182218.179], [2545855.198, 1182237.67], [2545853.46, 1182235.018], [2545856.529, 1182233.017], [2545853.25, 1182227.985], [2545880.307, 1182210.48]]]}, "properties": {"OBJECTID": 46475747, "EGID": 280004667}}, {"type": "Feature", "id": 46475761, "geometry": {"type": "Polygon", "coordinates": [[[2548579.607, 1181793.506], [2548579.7579519744, 1181793.7634582054], [2548579.8631709754, 1181794.042743343], [2548579.919623543, 1181794.335803633], [2548579.925682153, 1181794.6341901598], [2548579.881172135, 1181794.929300452], [2548579.787376711, 1181795.2126264912], [2548579.647, 1181795.476], [2548579.4717686973, 1181795.6992343992], [2548579.2629287746, 1181795.891394471], [2548579.0259129833, 1181796.0474813734], [2548578.7668870394, 1181796.1634346694], [2548578.4925892306, 1181796.236237956], [2548578.210155126, 1181796.2639973324], [2548577.926931952, 1181796.2459906677], [2548577.650287461, 1181796.1826863862], [2548577.387418269, 1181796.0757312824], [2548577.145162641, 1181795.9279076804], [2548576.9298226032, 1181795.7430610561], [2548576.747, 1181795.526], [2548576.6026847316, 1181795.2811245406], [2548576.4996459913, 1181795.0162209629], [2548576.440568289, 1181794.738190906], [2548576.426990799, 1181794.454277998], [2548576.4592672624, 1181794.171879136], [2548576.5365567664, 1181793.89835177], [2548576.656845657, 1181793.6408222176], [2548576.817, 1181793.406], [2548577.0153077967, 1181793.2019966566], [2548577.2439038185, 1181793.0326236803], [2548577.4968103636, 1181792.9023101127], [2548577.7674140176, 1181792.814463606], [2548578.0486385943, 1181792.7713813141], [2548578.3331301734, 1181792.7741898233], [2548578.6134494045, 1181792.822815692], [2548578.882266042, 1181792.9159873717], [2548579.1325506284, 1181793.0512684567], [2548579.357758314, 1181793.2251213966], [2548579.552, 1181793.433], [2548579.607, 1181793.506]]]}, "properties": {"OBJECTID": 46475761, "EGID": 280110196}}, {"type": "Feature", "id": 46475789, "geometry": {"type": "Polygon", "coordinates": [[[2546570.381, 1183954.686], [2546570.059, 1183951.284], [2546579.241, 1183950.433], [2546579.575, 1183953.822], [2546570.381, 1183954.686]]]}, "properties": {"OBJECTID": 46475789, "EGID": 280107586}}, {"type": "Feature", "id": 46475848, "geometry": {"type": "Polygon", "coordinates": [[[2546270.027, 1181281.467], [2546258.207, 1181263.1469999999], [2546265.437, 1181257.827], [2546259.707, 1181250.117], [2546272.137, 1181241.567], [2546291.177, 1181265.626], [2546280.077, 1181273.877], [2546270.027, 1181281.467]]]}, "properties": {"OBJECTID": 46475848, "EGID": 847006}}, {"type": "Feature", "id": 46476051, "geometry": {"type": "Polygon", "coordinates": [[[2546807.42, 1183570.374], [2546806.38, 1183567.994], [2546810.41, 1183566.204], [2546808.96, 1183562.964], [2546817.24, 1183559.364], [2546819.67, 1183564.994], [2546817.47, 1183565.944], [2546807.42, 1183570.374]]]}, "properties": {"OBJECTID": 46476051, "EGID": 280017367}}, {"type": "Feature", "id": 46476104, "geometry": {"type": "Polygon", "coordinates": [[[2546610.913, 1183951.457], [2546612.315, 1183960.673], [2546610.288, 1183960.983], [2546612.102, 1183972.815], [2546614.128, 1183972.505], [2546614.848, 1183977.2], [2546602.324, 1183979.119], [2546601.593, 1183974.414], [2546604.479, 1183973.992], [2546602.676, 1183962.153], [2546600.65, 1183962.463], [2546599.246, 1183953.245], [2546610.913, 1183951.457]]]}, "properties": {"OBJECTID": 46476104, "EGID": 280007014}}, {"type": "Feature", "id": 46476131, "geometry": {"type": "Polygon", "coordinates": [[[2547079.846, 1183516.038], [2547082.466, 1183518.878], [2547082.856, 1183518.557], [2547086.806, 1183523.107], [2547083.4560000002, 1183525.947], [2547076.896, 1183518.648], [2547079.846, 1183516.038]]]}, "properties": {"OBJECTID": 46476131, "EGID": 280024773}}, {"type": "Feature", "id": 46476167, "geometry": {"type": "Polygon", "coordinates": [[[2547089.744, 1183314.59], [2547088.56, 1183311.455], [2547095.174, 1183308.986], [2547096.335, 1183312.088], [2547089.744, 1183314.59]]]}, "properties": {"OBJECTID": 46476167, "EGID": 280036338}}, {"type": "Feature", "id": 46476559, "geometry": {"type": "Polygon", "coordinates": [[[2547433.431, 1183170.991], [2547433.381, 1183176.951], [2547430.541, 1183177.011], [2547430.541, 1183176.411], [2547428.671, 1183176.251], [2547426.3109999998, 1183178.591], [2547423.481, 1183175.731], [2547426.701, 1183172.561], [2547430.511, 1183172.701], [2547430.501, 1183170.911], [2547433.431, 1183170.991]]]}, "properties": {"OBJECTID": 46476559, "EGID": 280023501}}, {"type": "Feature", "id": 46476614, "geometry": {"type": "Polygon", "coordinates": [[[2547899.592, 1183087.238], [2547890.262, 1183098.048], [2547883.212, 1183091.958], [2547892.492, 1183081.118], [2547899.592, 1183087.238]]]}, "properties": {"OBJECTID": 46476614, "EGID": 846902}}, {"type": "Feature", "id": 46476664, "geometry": {"type": "Polygon", "coordinates": [[[2548519.951, 1181652.597], [2548519.9775952287, 1181652.293959411], [2548520.056399511, 1181652.000138394], [2548520.1850192896, 1181651.724461305], [2548520.359547938, 1181651.4753014054], [2548520.574684422, 1181651.2602265389], [2548520.823894305, 1181651.0857692691], [2548521.099608226, 1181650.957228464], [2548521.3934518048, 1181650.8785083503], [2548521.6964999996, 1181650.8519999282], [2548521.9995481945, 1181650.8785083503], [2548522.293391773, 1181650.957228464], [2548522.569105694, 1181651.0857692691], [2548522.818315577, 1181651.2602265389], [2548523.033452061, 1181651.4753014054], [2548523.2079807096, 1181651.724461305], [2548523.336600488, 1181652.000138394], [2548523.4154047705, 1181652.293959411], [2548523.442, 1181652.597], [2548523.420703245, 1181652.870107159], [2548523.356919778, 1181653.1365142562], [2548523.2522220733, 1181653.3896534725], [2548523.109191277, 1181653.6232840857], [2548522.9313535728, 1181653.8316463255], [2548522.7230932508, 1181654.0096033716], [2548522.4895446184, 1181654.1527679919], [2548522.236465425, 1181654.2576107031], [2548521.9700949136, 1181654.3215467846], [2548521.697, 1181654.3429999999], [2548521.4237940526, 1181654.32168762], [2548521.1572954846, 1181654.2578579998], [2548520.904079147, 1181654.1530858958], [2548520.6703922027, 1181654.0099561664], [2548520.462, 1181653.8320000002], [2548520.2840438336, 1181653.6236077973], [2548520.1409141044, 1181653.3899208533], [2548520.0361420005, 1181653.136704516], [2548519.97231238, 1181652.8702059477], [2548519.951, 1181652.597]]]}, "properties": {"OBJECTID": 46476664, "EGID": 280130907}}, {"type": "Feature", "id": 46476825, "geometry": {"type": "Polygon", "coordinates": [[[2547882.032, 1183053.678], [2547878.882, 1183050.928], [2547879.732, 1183049.948], [2547876.842, 1183047.518], [2547883.802, 1183039.528], [2547885.872, 1183041.318], [2547888.712, 1183038.088], [2547892.461, 1183041.428], [2547882.032, 1183053.678]]]}, "properties": {"OBJECTID": 46476825, "EGID": 846899}}, {"type": "Feature", "id": 46476938, "geometry": {"type": "Polygon", "coordinates": [[[2546910.698, 1183533.162], [2546918.738, 1183545.491], [2546910.108, 1183551.051], [2546902.148, 1183538.672], [2546910.698, 1183533.162]]]}, "properties": {"OBJECTID": 46476938, "EGID": 846669}}, {"type": "Feature", "id": 46477160, "geometry": {"type": "Polygon", "coordinates": [[[2547393.647, 1182746.371], [2547399.877, 1182738.251], [2547407.037, 1182743.751], [2547405.832, 1182745.317], [2547408.325, 1182747.24], [2547406.487, 1182749.623], [2547404.853, 1182749.82], [2547403.293, 1182748.617], [2547400.797, 1182751.861], [2547396.367, 1182748.521], [2547394.177, 1182751.361], [2547391.527, 1182749.301], [2547393.737, 1182746.441], [2547393.647, 1182746.371]]]}, "properties": {"OBJECTID": 46477160, "EGID": 3164685}}, {"type": "Feature", "id": 46477243, "geometry": {"type": "Polygon", "coordinates": [[[2544132.118, 1183600.971], [2544130.281, 1183607.151], [2544123.87, 1183605.394], [2544125.764, 1183599.115], [2544132.118, 1183600.971]]]}, "properties": {"OBJECTID": 46477243, "EGID": 842257}}, {"type": "Feature", "id": 46477451, "geometry": {"type": "Polygon", "coordinates": [[[2547496.837, 1182888.449], [2547489.937, 1182882.369], [2547493.387, 1182878.459], [2547489.027, 1182874.609], [2547493.527, 1182869.509], [2547504.777, 1182879.428], [2547501.108, 1182883.596], [2547503.235, 1182885.484], [2547499.176, 1182890.056], [2547497.069, 1182888.186], [2547496.837, 1182888.449]]]}, "properties": {"OBJECTID": 46477451, "EGID": 101111884}}, {"type": "Feature", "id": 46477656, "geometry": {"type": "Polygon", "coordinates": [[[2548647.243, 1181520.884], [2548645.673, 1181515.564], [2548647.253, 1181515.094], [2548645.623, 1181509.494], [2548649.183, 1181508.474], [2548649.783, 1181510.564], [2548655.403, 1181508.944], [2548658.233, 1181518.663], [2548649.563, 1181521.284], [2548649.083, 1181521.424], [2548648.783, 1181520.424], [2548647.243, 1181520.884]]]}, "properties": {"OBJECTID": 46477656, "EGID": 843409}}, {"type": "Feature", "id": 46477660, "geometry": {"type": "Polygon", "coordinates": [[[2546348.966, 1183590.875], [2546345.976, 1183582.025], [2546353.926, 1183579.305], [2546357.006, 1183588.185], [2546348.966, 1183590.875]]]}, "properties": {"OBJECTID": 46477660, "EGID": 846588}}, {"type": "Feature", "id": 46478228, "geometry": {"type": "Polygon", "coordinates": [[[2547037.687, 1183558.9780000001], [2547040.527, 1183556.378], [2547028.147, 1183546.219], [2547038.177, 1183534.2179999999], [2547054.136, 1183547.548], [2547041.747, 1183562.308], [2547037.687, 1183558.9780000001]]]}, "properties": {"OBJECTID": 46478228, "EGID": 846720}}, {"type": "Feature", "id": 46478373, "geometry": {"type": "Polygon", "coordinates": [[[2548660.692, 1181482.864], [2548658.082, 1181465.834], [2548656.892, 1181466.014], [2548656.332, 1181462.352], [2548656.212, 1181461.565], [2548662.182, 1181460.654], [2548662.872, 1181465.094], [2548665.082, 1181464.754], [2548667.752, 1181481.814], [2548660.692, 1181482.864]]]}, "properties": {"OBJECTID": 46478373, "EGID": 843408}}, {"type": "Feature", "id": 46478565, "geometry": {"type": "Polygon", "coordinates": [[[2547723.427, 1183294.293], [2547713.937, 1183296.873], [2547710.677, 1183285.224], [2547720.367, 1183282.533], [2547717.067, 1183270.623], [2547716.917, 1183269.713], [2547741.316, 1183263.053], [2547740.056, 1183258.273], [2547764.096, 1183251.632], [2547788.095, 1183245.131], [2547819.466, 1183359.261], [2547795.296, 1183365.871], [2547771.296, 1183372.252], [2547771.366, 1183372.632], [2547746.717, 1183379.462], [2547744.547, 1183371.982], [2547588.489, 1183415.186], [2547588.309, 1183414.606], [2547558.899, 1183422.6469999999], [2547540.209, 1183355.037], [2547570.429, 1183346.687], [2547607.114, 1183336.482], [2547605.614, 1183331.067], [2547611.916, 1183329.29], [2547612.493, 1183331.372], [2547617.003, 1183330.122], [2547617.933, 1183333.472], [2547629.998, 1183330.115], [2547629.958, 1183329.885], [2547666.238, 1183319.825], [2547655.778, 1183281.545], [2547685.187, 1183273.604], [2547699.987, 1183326.864], [2547670.438, 1183334.864], [2547674.369, 1183348.942], [2547709.717, 1183339.223], [2547705.657, 1183324.814], [2547704.993, 1183322.308], [2547710.621, 1183320.735], [2547723.012, 1183317.275], [2547719.645, 1183305.2179999999], [2547725.907, 1183303.453], [2547723.427, 1183294.293]]]}, "properties": {"OBJECTID": 46478565, "EGID": 280000178}}, {"type": "Feature", "id": 46478579, "geometry": {"type": "Polygon", "coordinates": [[[2545191.877, 1181240.424], [2545206.177, 1181244.374], [2545201.977, 1181258.264], [2545188.127, 1181254.444], [2545191.877, 1181240.424]]]}, "properties": {"OBJECTID": 46478579, "EGID": 3164703}}, {"type": "Feature", "id": 46478679, "geometry": {"type": "Polygon", "coordinates": [[[2546709.481, 1183635.786], [2546721.471, 1183632.956], [2546722.891, 1183639.086], [2546710.931, 1183641.896], [2546709.481, 1183635.786]]]}, "properties": {"OBJECTID": 46478679, "EGID": 846650}}, {"type": "Feature", "id": 46478702, "geometry": {"type": "Polygon", "coordinates": [[[2547449.83, 1183225.74], [2547451.95, 1183231.89], [2547446.611, 1183233.86], [2547444.441, 1183227.73], [2547449.83, 1183225.74]]]}, "properties": {"OBJECTID": 46478702, "EGID": 280026055}}, {"type": "Feature", "id": 46478721, "geometry": {"type": "Polygon", "coordinates": [[[2546833.535, 1183329.615], [2546841.979, 1183337.559], [2546837.863, 1183341.93], [2546829.427, 1183333.973], [2546833.535, 1183329.615]]]}, "properties": {"OBJECTID": 46478721, "EGID": 280092065}}, {"type": "Feature", "id": 46478822, "geometry": {"type": "Polygon", "coordinates": [[[2546730.051, 1183554.676], [2546736.121, 1183553.236], [2546738.951, 1183565.256], [2546732.941, 1183566.686], [2546730.051, 1183554.676]]]}, "properties": {"OBJECTID": 46478822, "EGID": 3164710}}, {"type": "Feature", "id": 46478930, "geometry": {"type": "Polygon", "coordinates": [[[2548566.035, 1181713.248], [2548570.086, 1181717.406], [2548566.047, 1181721.386], [2548565.437, 1181721.866], [2548563.557, 1181720.566], [2548558.007, 1181716.656], [2548563.876, 1181710.856], [2548564.816, 1181711.996], [2548566.035, 1181713.248]]]}, "properties": {"OBJECTID": 46478930, "EGID": 280017542}}, {"type": "Feature", "id": 46478964, "geometry": {"type": "Polygon", "coordinates": [[[2546985.137, 1183573.17], [2546986.457, 1183576.41], [2546983.117, 1183577.7], [2546981.797, 1183574.54], [2546985.137, 1183573.17]]]}, "properties": {"OBJECTID": 46478964, "EGID": 280050521}}, {"type": "Feature", "id": 46479073, "geometry": {"type": "Polygon", "coordinates": [[[2547964.24, 1183065.966], [2547958.001, 1183073.266], [2547952.701, 1183068.586], [2547953.571, 1183067.246], [2547948.411, 1183062.847], [2547953.611, 1183056.806], [2547964.24, 1183065.966]]]}, "properties": {"OBJECTID": 46479073, "EGID": 846905}}, {"type": "Feature", "id": 46479104, "geometry": {"type": "Polygon", "coordinates": [[[2549270.572, 1181016.345], [2549275.289, 1181013.33], [2549276.904, 1181015.856], [2549272.18, 1181018.876], [2549270.572, 1181016.345]]]}, "properties": {"OBJECTID": 46479104, "EGID": 280108629}}, {"type": "Feature", "id": 46479341, "geometry": {"type": "Polygon", "coordinates": [[[2546986.486, 1183219.166], [2546984.885, 1183218.18], [2546987.042, 1183214.763], [2546988.619, 1183215.748], [2546986.486, 1183219.166]]]}, "properties": {"OBJECTID": 46479341, "EGID": 280120770}}, {"type": "Feature", "id": 46479352, "geometry": {"type": "Polygon", "coordinates": [[[2547150.015, 1183021.725], [2547146.696, 1183017.608], [2547149.509, 1183015.349], [2547149.809, 1183015.724], [2547157.16, 1183009.834], [2547162.75, 1183016.788], [2547152.607, 1183024.941], [2547150.015, 1183021.725]]]}, "properties": {"OBJECTID": 46479352, "EGID": 160004220}}, {"type": "Feature", "id": 46479447, "geometry": {"type": "Polygon", "coordinates": [[[2547079.302, 1182894.067], [2547078.556, 1182894.57], [2547072.839, 1182886.112], [2547079.587, 1182881.563], [2547085.297, 1182890.018], [2547079.302, 1182894.067]]]}, "properties": {"OBJECTID": 46479447, "EGID": 280081383}}, {"type": "Feature", "id": 46479496, "geometry": {"type": "Polygon", "coordinates": [[[2548570.086, 1181717.406], [2548570.676, 1181716.796], [2548574.6859999998, 1181720.496], [2548570.177, 1181725.236], [2548566.047, 1181721.386], [2548570.086, 1181717.406]]]}, "properties": {"OBJECTID": 46479496, "EGID": 280027845}}, {"type": "Feature", "id": 46479565, "geometry": {"type": "Polygon", "coordinates": [[[2547139.005, 1183422.667], [2547142.575, 1183420.417], [2547144.615, 1183423.627], [2547141.035, 1183425.9070000001], [2547139.005, 1183422.667]]]}, "properties": {"OBJECTID": 46479565, "EGID": 280046329}}, {"type": "Feature", "id": 46479685, "geometry": {"type": "Polygon", "coordinates": [[[2545713.594, 1184126.058], [2545713.664, 1184132.168], [2545705.684, 1184132.258], [2545705.594, 1184126.248], [2545709.619, 1184126.152], [2545709.477, 1184120.19], [2545713.452, 1184120.095], [2545713.594, 1184126.058]]]}, "properties": {"OBJECTID": 46479685, "EGID": 280021712}}, {"type": "Feature", "id": 46479791, "geometry": {"type": "Polygon", "coordinates": [[[2547482.5609999998, 1183376.627], [2547482.8081256743, 1183377.0886366349], [2547482.975897983, 1183377.5846526967], [2547483.0597405364, 1183378.1015181604], [2547483.0573663274, 1183378.625134284], [2547482.968840118, 1183379.1412181836], [2547482.7965766727, 1183379.6356924367], [2547482.545274889, 1183380.095069074], [2547482.221789625, 1183380.5068174987], [2547481.834944715, 1183380.8597062873], [2547481.3952922793, 1183381.144109553], [2547480.9148248914, 1183381.3522695166], [2547480.406648448, 1183381.4785081164], [2547479.884624679, 1183381.519381893], [2547479.362993031, 1183381.4737759163], [2547478.8559822557, 1183381.3429341982], [2547478.3774222853, 1183381.1304257596], [2547477.940366989, 1183380.8420472771], [2547477.5567380954, 1183380.4856649637], [2547477.237, 1183380.071], [2547476.9784196, 1183379.5825875017], [2547476.808579557, 1183379.0566930715], [2547476.7326403754, 1183378.5092957453], [2547476.752909429, 1183377.957027914], [2547476.868770852, 1183377.4166699564], [2547477.076704255, 1183376.9046403752], [2547477.370391686, 1183376.4364969304], [2547477.7409096006, 1183376.0264639235], [2547478.177, 1183375.6870000002], [2547478.6654124986, 1183375.4284195998], [2547479.1913069286, 1183375.2585795568], [2547479.738704255, 1183375.1826403753], [2547480.290972086, 1183375.2029094286], [2547480.8313300437, 1183375.3187708522], [2547481.343359625, 1183375.5267042548], [2547481.81150307, 1183375.8203916855], [2547482.2215360766, 1183376.1909096004], [2547482.5609999998, 1183376.627]]]}, "properties": {"OBJECTID": 46479791, "EGID": 280132890}}, {"type": "Feature", "id": 46480041, "geometry": {"type": "Polygon", "coordinates": [[[2546206.819, 1183980.866], [2546203.549, 1183975.896], [2546208.889, 1183972.276], [2546212.179, 1183977.286], [2546206.819, 1183980.866]]]}, "properties": {"OBJECTID": 46480041, "EGID": 280026202}}, {"type": "Feature", "id": 46480193, "geometry": {"type": "Polygon", "coordinates": [[[2545356.245, 1181149.13], [2545351.845, 1181154.291], [2545346.855, 1181149.991], [2545351.235, 1181144.761], [2545356.245, 1181149.13]]]}, "properties": {"OBJECTID": 46480193, "EGID": 280024020}}, {"type": "Feature", "id": 46480201, "geometry": {"type": "Polygon", "coordinates": [[[2547547.226, 1182866.317], [2547541.746, 1182862.117], [2547536.586, 1182858.507], [2547540.756, 1182852.867], [2547543.786, 1182855.177], [2547544.486, 1182854.237], [2547545.366, 1182854.887], [2547546.176, 1182854.307], [2547547.306, 1182855.1469999999], [2547547.646, 1182854.727], [2547553.076, 1182859.047], [2547547.226, 1182866.317]]]}, "properties": {"OBJECTID": 46480201, "EGID": 846939}}, {"type": "Feature", "id": 46480451, "geometry": {"type": "Polygon", "coordinates": [[[2546894.519, 1183546.332], [2546894.699, 1183546.212], [2546893.509, 1183544.482], [2546897.089, 1183542.472], [2546898.239, 1183544.152], [2546898.759, 1183543.892], [2546903.858, 1183551.912], [2546904.818, 1183551.342], [2546907.998, 1183556.2820000001], [2546902.929, 1183559.5219999999], [2546894.519, 1183546.332]]]}, "properties": {"OBJECTID": 46480451, "EGID": 280013823}}, {"type": "Feature", "id": 46480592, "geometry": {"type": "Polygon", "coordinates": [[[2546675.316, 1183442.768], [2546676.641, 1183439.862], [2546677.637, 1183440.325], [2546683.443, 1183443.025], [2546682.102, 1183445.916], [2546675.316, 1183442.768]]]}, "properties": {"OBJECTID": 46480592, "EGID": 280036639}}, {"type": "Feature", "id": 46480606, "geometry": {"type": "Polygon", "coordinates": [[[2546807.42, 1183570.374], [2546817.47, 1183565.944], [2546818.68, 1183568.684], [2546805.66, 1183574.464], [2546804.46, 1183571.694], [2546807.42, 1183570.374]]]}, "properties": {"OBJECTID": 46480606, "EGID": 280022969}}, {"type": "Feature", "id": 46480620, "geometry": {"type": "Polygon", "coordinates": [[[2548003.459, 1183020.735], [2547999.649, 1183025.055], [2547995.429, 1183021.425], [2547999.139, 1183016.975], [2548003.459, 1183020.735]]]}, "properties": {"OBJECTID": 46480620, "EGID": 280029482}}, {"type": "Feature", "id": 46480790, "geometry": {"type": "Polygon", "coordinates": [[[2546095.049, 1182707.169], [2546100.259, 1182715.219], [2546096.619, 1182717.639], [2546091.269, 1182709.609], [2546095.049, 1182707.169]]]}, "properties": {"OBJECTID": 46480790, "EGID": 280073074}}, {"type": "Feature", "id": 46480903, "geometry": {"type": "Polygon", "coordinates": [[[2547442.511, 1183177.001], [2547439.321, 1183177.001], [2547439.441, 1183170.981], [2547442.5810000002, 1183171.021], [2547442.511, 1183177.001]]]}, "properties": {"OBJECTID": 46480903, "EGID": 280043389}}, {"type": "Feature", "id": 46481040, "geometry": {"type": "Polygon", "coordinates": [[[2547750.372, 1183216.091], [2547750.913, 1183221.454], [2547747.838, 1183221.764], [2547747.297, 1183216.401], [2547750.372, 1183216.091]]]}, "properties": {"OBJECTID": 46481040, "EGID": 280121420}}, {"type": "Feature", "id": 46481120, "geometry": {"type": "Polygon", "coordinates": [[[2547391.191, 1183112.952], [2547387.611, 1183116.382], [2547387.901, 1183116.692], [2547387.861, 1183118.982], [2547387.021, 1183119.952], [2547378.961, 1183111.762], [2547381.441, 1183109.132], [2547380.661, 1183108.312], [2547381.001, 1183106.842], [2547382.941, 1183104.752], [2547383.921, 1183105.682], [2547391.191, 1183112.952]]]}, "properties": {"OBJECTID": 46481120, "EGID": 846862}}, {"type": "Feature", "id": 46481207, "geometry": {"type": "Polygon", "coordinates": [[[2544935.259, 1181341.979], [2544932.199, 1181341.189], [2544933.009, 1181338.129], [2544935.999, 1181339.119], [2544935.259, 1181341.979]]]}, "properties": {"OBJECTID": 46481207, "EGID": 280118879}}, {"type": "Feature", "id": 46481216, "geometry": {"type": "Polygon", "coordinates": [[[2545928.992, 1184011.623], [2545931.202, 1184008.953], [2545930.862, 1184008.643], [2545931.312, 1184008.113], [2545931.712, 1184008.373], [2545936.142, 1184003.373], [2545943.992, 1184010.182], [2545936.832, 1184018.373], [2545928.992, 1184011.623]]]}, "properties": {"OBJECTID": 46481216, "EGID": 846505}}, {"type": "Feature", "id": 46481329, "geometry": {"type": "Polygon", "coordinates": [[[2547008.387, 1183402.67], [2547004.597, 1183406.54], [2546998.207, 1183400], [2546998.527, 1183399.7], [2546990.307, 1183391.65], [2546994.037, 1183388.29], [2547008.387, 1183402.67]]]}, "properties": {"OBJECTID": 46481329, "EGID": 846740}}, {"type": "Feature", "id": 46481463, "geometry": {"type": "Polygon", "coordinates": [[[2548373.417, 1181840.077], [2548373.4529120573, 1181839.642658439], [2548373.5598330204, 1181839.2201537937], [2548373.7348456616, 1181838.8210136641], [2548373.973174943, 1181838.4561281737], [2548374.2683182983, 1181838.1354528435], [2548374.6122230478, 1181837.8677369666], [2548374.9955061083, 1181837.660284892], [2548375.4077099995, 1181837.518756734], [2548375.8375881673, 1181837.4470139414], [2548376.273411833, 1181837.4470139414], [2548376.703290001, 1181837.518756734], [2548377.115493892, 1181837.660284892], [2548377.4987769527, 1181837.8677369666], [2548377.842681702, 1181838.1354528435], [2548378.1378250574, 1181838.4561281737], [2548378.376154339, 1181838.8210136641], [2548378.55116698, 1181839.2201537937], [2548378.658087943, 1181839.642658439], [2548378.694, 1181840.077], [2548378.653744498, 1181840.535012184], [2548378.5346119967, 1181840.9790877553], [2548378.3402181407, 1181841.3957491224], [2548378.0764627387, 1181841.7723507076], [2548377.7513507074, 1181842.097462739], [2548377.374749122, 1181842.361218141], [2548376.9580877554, 1181842.555611997], [2548376.5140121835, 1181842.674744498], [2548376.056, 1181842.715], [2548375.5978631745, 1181842.674898822], [2548375.1536430833, 1181842.555877958], [2548374.7368282015, 1181842.3615514042], [2548374.36007486, 1181842.0978197693], [2548374.0348229473, 1181841.7726911046], [2548373.7709485404, 1181841.3960377458], [2548373.5764640267, 1181840.979296544], [2548373.4572748104, 1181840.535121594], [2548373.417, 1181840.077]]]}, "properties": {"OBJECTID": 46481463, "EGID": 280038017}}, {"type": "Feature", "id": 46481476, "geometry": {"type": "Polygon", "coordinates": [[[2544204.948, 1183691.034], [2544203.459, 1183696.375], [2544198.679, 1183695.005], [2544200.313, 1183688.555], [2544201.856, 1183688.967], [2544201.548, 1183690.1030000001], [2544204.948, 1183691.034]]]}, "properties": {"OBJECTID": 46481476, "EGID": 842248}}, {"type": "Feature", "id": 46481494, "geometry": {"type": "Polygon", "coordinates": [[[2547789.774, 1183072.491], [2547790.874, 1183071.381], [2547793.194, 1183073.341], [2547795.303, 1183073.201], [2547796.743, 1183074.481], [2547794.624, 1183077.051], [2547797.604, 1183079.491], [2547791.874, 1183086.001], [2547788.944, 1183083.651], [2547789.194, 1183083.321], [2547787.404, 1183081.731], [2547786.054, 1183081.621], [2547783.684, 1183079.641], [2547789.774, 1183072.491]]]}, "properties": {"OBJECTID": 46481494, "EGID": 846886}}, {"type": "Feature", "id": 46482068, "geometry": {"type": "Polygon", "coordinates": [[[2547013.607, 1183288.07], [2547013.497, 1183287.73], [2547018.286, 1183285.64], [2547025.1859999998, 1183282.67], [2547030.6859999998, 1183295.17], [2547032.496, 1183299.29], [2547017.117, 1183305.97], [2547010.627, 1183291.34], [2547013.607, 1183288.07]]]}, "properties": {"OBJECTID": 46482068, "EGID": 280052464}}, {"type": "Feature", "id": 46482311, "geometry": {"type": "Polygon", "coordinates": [[[2546752.158, 1182917.239], [2546755.968, 1182920.959], [2546759.278, 1182917.629], [2546764.038, 1182922.199], [2546760.518, 1182925.759], [2546757.958, 1182923.369], [2546751.228, 1182930.049], [2546745.278, 1182924.11], [2546742.688, 1182921.26], [2546746.668, 1182917.42], [2546749.318, 1182920.08], [2546752.158, 1182917.239]]]}, "properties": {"OBJECTID": 46482311, "EGID": 846701}}, {"type": "Feature", "id": 46482334, "geometry": {"type": "Polygon", "coordinates": [[[2545211.707, 1181265.513], [2545209.145, 1181269.333], [2545202.138, 1181264.708], [2545204.687, 1181260.903], [2545211.707, 1181265.513]]]}, "properties": {"OBJECTID": 46482334, "EGID": 280069137}}, {"type": "Feature", "id": 46482366, "geometry": {"type": "Polygon", "coordinates": [[[2549026.028, 1181085.767], [2549027.238, 1181088.927], [2549023.088, 1181090.447], [2549021.848, 1181087.357], [2549026.028, 1181085.767]]]}, "properties": {"OBJECTID": 46482366, "EGID": 280048650}}, {"type": "Feature", "id": 46482495, "geometry": {"type": "Polygon", "coordinates": [[[2545982.512, 1184017.441], [2545980.262, 1184019.781], [2545979.272, 1184018.961], [2545974.052, 1184024.472], [2545969.712, 1184020.352], [2545977.242, 1184012.362], [2545982.512, 1184017.441]]]}, "properties": {"OBJECTID": 46482495, "EGID": 846468}}, {"type": "Feature", "id": 46482819, "geometry": {"type": "Polygon", "coordinates": [[[2547233.51, 1183091.378], [2547227.834, 1183085.861], [2547231.911, 1183080.862], [2547238.387, 1183077.332], [2547241.556, 1183083.139], [2547233.51, 1183091.378]]]}, "properties": {"OBJECTID": 46482819, "EGID": 280101691}}, {"type": "Feature", "id": 46482837, "geometry": {"type": "Polygon", "coordinates": [[[2547369.542, 1183184.202], [2547375.901, 1183190.362], [2547369.662, 1183196.912], [2547363.182, 1183190.713], [2547361.352, 1183188.933], [2547361.332, 1183187.8429999999], [2547363.652, 1183185.453], [2547364.732, 1183185.443], [2547366.602, 1183187.242], [2547369.542, 1183184.202]]]}, "properties": {"OBJECTID": 46482837, "EGID": 846758}}, {"type": "Feature", "id": 46482872, "geometry": {"type": "Polygon", "coordinates": [[[2547162.985, 1183379.966], [2547151.285, 1183365.467], [2547151.785, 1183365.047], [2547151.675, 1183364.947], [2547155.175, 1183362.107], [2547155.265, 1183362.197], [2547157.875, 1183360.007], [2547157.915, 1183359.797], [2547161.385, 1183357.116], [2547167.775, 1183365.756], [2547171.255, 1183363.236], [2547176.154, 1183370.156], [2547173.365, 1183372.166], [2547178.954, 1183380.906], [2547169.365, 1183387.066], [2547167.135, 1183383.606], [2547166.375, 1183384.026], [2547162.985, 1183379.966]]]}, "properties": {"OBJECTID": 46482872, "EGID": 846799}}, {"type": "Feature", "id": 46482955, "geometry": {"type": "Polygon", "coordinates": [[[2546393.4, 1183584.226], [2546392.041, 1183580.305], [2546398.793, 1183578.002], [2546402.199, 1183587.927], [2546395.488, 1183590.25], [2546395.417, 1183590.046], [2546393.4, 1183584.226]]]}, "properties": {"OBJECTID": 46482955, "EGID": 280081368}}, {"type": "Feature", "id": 46483087, "geometry": {"type": "Polygon", "coordinates": [[[2548304.209, 1181394.487], [2548279.3, 1181368.209], [2548297.789, 1181350.645], [2548331.191, 1181385.864], [2548307.97, 1181407.913], [2548299.483, 1181398.967], [2548304.209, 1181394.487]]]}, "properties": {"OBJECTID": 46483087, "EGID": 280135892}}, {"type": "Feature", "id": 46483187, "geometry": {"type": "Polygon", "coordinates": [[[2547083.616, 1183128.109], [2547084.4390000002, 1183127.423], [2547081.758, 1183124.229], [2547080.929, 1183124.925], [2547076.18, 1183119.2280000001], [2547086.401, 1183110.679], [2547098.636, 1183125.277], [2547088.364, 1183133.831], [2547083.616, 1183128.109]]]}, "properties": {"OBJECTID": 46483187, "EGID": 280097299}}, {"type": "Feature", "id": 46483206, "geometry": {"type": "Polygon", "coordinates": [[[2546770.141, 1183853.003], [2546773.541, 1183857.563], [2546773.041, 1183857.873], [2546777.961, 1183864.483], [2546775.3109999998, 1183866.003], [2546772.861, 1183862.473], [2546769.611, 1183864.683], [2546764.171, 1183857.773], [2546770.141, 1183853.003]]]}, "properties": {"OBJECTID": 46483206, "EGID": 846610}}, {"type": "Feature", "id": 46483218, "geometry": {"type": "Polygon", "coordinates": [[[2546782.133, 1180771.892], [2546766.074, 1180760.192], [2546769.943, 1180754.732], [2546765.994, 1180751.8530000001], [2546773.163, 1180742.082], [2546780.883, 1180747.602], [2546783.743, 1180743.672], [2546788.623, 1180747.242], [2546792.813, 1180741.342], [2546797.733, 1180740.072], [2546820.792, 1180756.611], [2546810.662, 1180771.211], [2546791.983, 1180757.762], [2546782.133, 1180771.892]]]}, "properties": {"OBJECTID": 46483218, "EGID": 280001173}}, {"type": "Feature", "id": 46483452, "geometry": {"type": "Polygon", "coordinates": [[[2547395.321, 1183350.161], [2547399.911, 1183348.511], [2547400.791, 1183350.911], [2547407.041, 1183348.611], [2547409.721, 1183356.081], [2547399.001, 1183360.101], [2547395.321, 1183350.161]]]}, "properties": {"OBJECTID": 46483452, "EGID": 846832}}, {"type": "Feature", "id": 46483507, "geometry": {"type": "Polygon", "coordinates": [[[2547450.454, 1182896.9780000001], [2547457.261, 1182903.493], [2547453.141, 1182907.776], [2547451.752, 1182906.437], [2547451.567, 1182906.634], [2547446.163, 1182901.452], [2547450.454, 1182896.9780000001]]]}, "properties": {"OBJECTID": 46483507, "EGID": 280120113}}, {"type": "Feature", "id": 46483809, "geometry": {"type": "Polygon", "coordinates": [[[2546748.878, 1182878.9679999999], [2546751.699, 1182876.056], [2546753.511, 1182877.847], [2546750.699, 1182880.75], [2546748.878, 1182878.9679999999]]]}, "properties": {"OBJECTID": 46483809, "EGID": 280130856}}, {"type": "Feature", "id": 46483900, "geometry": {"type": "Polygon", "coordinates": [[[2546794.391, 1182476.802], [2546794.406, 1182476.786], [2546812.85, 1182493.98], [2546812.807, 1182494.026], [2546794.954, 1182513.082], [2546776.623, 1182495.988], [2546794.391, 1182476.802]]]}, "properties": {"OBJECTID": 46483900, "EGID": 280009488}}, {"type": "Feature", "id": 46483938, "geometry": {"type": "Polygon", "coordinates": [[[2544137.621, 1183673.1469999999], [2544136.685, 1183676.765], [2544138.806, 1183677.431], [2544137.662, 1183681.507], [2544133.524, 1183680.363], [2544134.003, 1183678.367], [2544127.057, 1183676.371], [2544128.596, 1183670.673], [2544137.621, 1183673.1469999999]]]}, "properties": {"OBJECTID": 46483938, "EGID": 3105567}}, {"type": "Feature", "id": 46483957, "geometry": {"type": "Polygon", "coordinates": [[[2547603.47, 1182850.333], [2547603.237, 1182846.217], [2547599.867, 1182846.4070000001], [2547599.519, 1182840.182], [2547612.31, 1182839.469], [2547612.889, 1182849.789], [2547603.47, 1182850.333]]]}, "properties": {"OBJECTID": 46483957, "EGID": 846941}}, {"type": "Feature", "id": 46483999, "geometry": {"type": "Polygon", "coordinates": [[[2547310.34, 1183286.926], [2547312.797, 1183291.378], [2547310.516, 1183292.639], [2547310.13, 1183291.974], [2547306.287, 1183293.918], [2547304.027, 1183289.669], [2547308.244, 1183287.502], [2547308.496, 1183287.97], [2547310.34, 1183286.926]]]}, "properties": {"OBJECTID": 46483999, "EGID": 280133009}}, {"type": "Feature", "id": 46484728, "geometry": {"type": "Polygon", "coordinates": [[[2546774.243, 1183320.393], [2546776.632, 1183318.574], [2546779.498, 1183322.338], [2546777.113, 1183324.098], [2546776.34, 1183323.176], [2546767.61, 1183329.766], [2546762.21, 1183322.606], [2546770.96, 1183316.036], [2546774.243, 1183320.393]]]}, "properties": {"OBJECTID": 46484728, "EGID": 846679}}, {"type": "Feature", "id": 46484806, "geometry": {"type": "Polygon", "coordinates": [[[2545143.984, 1181187.428], [2545142.502, 1181187.221], [2545141.416, 1181194.976], [2545139.759, 1181194.742], [2545135.063, 1181194.08], [2545136.237, 1181185.756], [2545137.731, 1181185.967], [2545138.827, 1181178.197], [2545145.171, 1181179.092], [2545143.984, 1181187.428]]]}, "properties": {"OBJECTID": 46484806, "EGID": 280082784}}, {"type": "Feature", "id": 46484991, "geometry": {"type": "Polygon", "coordinates": [[[2548796.427, 1180254.366], [2548798.037, 1180251.246], [2548799.097, 1180251.776], [2548800.917, 1180248.066], [2548808.257, 1180251.556], [2548805.017, 1180258.276], [2548796.427, 1180254.366]]]}, "properties": {"OBJECTID": 46484991, "EGID": 280017619}}, {"type": "Feature", "id": 46485092, "geometry": {"type": "Polygon", "coordinates": [[[2546698.642, 1182888.582], [2546695.421, 1182885.417], [2546692.406, 1182882.453], [2546700.947, 1182873.759], [2546707.1859999998, 1182879.888], [2546698.642, 1182888.582]]]}, "properties": {"OBJECTID": 46485092, "EGID": 280052472}}, {"type": "Feature", "id": 46485149, "geometry": {"type": "Polygon", "coordinates": [[[2547397.011, 1183287.261], [2547400.291, 1183285.521], [2547405.991, 1183296.331], [2547402.711, 1183298.051], [2547397.011, 1183287.261]]]}, "properties": {"OBJECTID": 46485149, "EGID": 280023558}}, {"type": "Feature", "id": 46485226, "geometry": {"type": "Polygon", "coordinates": [[[2544191.5640000002, 1183682.154], [2544188.704, 1183693.126], [2544182.781, 1183691.586], [2544185.645, 1183680.562], [2544191.5640000002, 1183682.154]]]}, "properties": {"OBJECTID": 46485226, "EGID": 280082042}}, {"type": "Feature", "id": 46485235, "geometry": {"type": "Polygon", "coordinates": [[[2544729.275, 1183757.359], [2544730.161, 1183759.159], [2544725.661, 1183761.429], [2544724.654, 1183759.454], [2544723.633, 1183759.951], [2544721.981, 1183756.62], [2544728.4560000002, 1183753.377], [2544730.323, 1183756.808], [2544729.275, 1183757.359]]]}, "properties": {"OBJECTID": 46485235, "EGID": 280133035}}, {"type": "Feature", "id": 46485475, "geometry": {"type": "Polygon", "coordinates": [[[2546800.287, 1183227.111], [2546810.915, 1183215.805], [2546811.046, 1183215.928], [2546829.865, 1183233.627], [2546825.454, 1183238.322], [2546819.237, 1183244.939], [2546800.287, 1183227.111]]]}, "properties": {"OBJECTID": 46485475, "EGID": 280081367}}, {"type": "Feature", "id": 46485543, "geometry": {"type": "Polygon", "coordinates": [[[2547133.465, 1183345.957], [2547140.435, 1183341.837], [2547141.005, 1183341.857], [2547144.985, 1183348.197], [2547149.775, 1183344.747], [2547153.285, 1183348.847], [2547149.485, 1183351.997], [2547147.795, 1183353.267], [2547141.075, 1183357.727], [2547133.465, 1183345.957]]]}, "properties": {"OBJECTID": 46485543, "EGID": 846784}}, {"type": "Feature", "id": 46485564, "geometry": {"type": "Polygon", "coordinates": [[[2547965.141, 1183119.876], [2547957.971, 1183128.346], [2547953.981, 1183124.917], [2547955.161, 1183123.497], [2547951.721, 1183120.327], [2547957.611, 1183113.406], [2547965.141, 1183119.876]]]}, "properties": {"OBJECTID": 46485564, "EGID": 846908}}, {"type": "Feature", "id": 46485579, "geometry": {"type": "Polygon", "coordinates": [[[2547324.892, 1183281.715], [2547318.741, 1183284.195], [2547321.28, 1183290.291], [2547315.81, 1183292.563], [2547313.106, 1183286.056], [2547314.27, 1183285.573], [2547313.886, 1183284.65], [2547310.46, 1183276.405], [2547314.99, 1183274.572], [2547314.4, 1183273.115], [2547317.18, 1183272.025], [2547317.753, 1183273.46], [2547320.999, 1183272.158], [2547324.892, 1183281.715]]]}, "properties": {"OBJECTID": 46485579, "EGID": 846806}}, {"type": "Feature", "id": 46485759, "geometry": {"type": "Polygon", "coordinates": [[[2547196.599, 1183102.776], [2547199.457, 1183099.932], [2547199.46, 1183098.527], [2547203.037, 1183094.914], [2547206.645, 1183098.527], [2547209.488, 1183095.688], [2547212.328, 1183098.515], [2547202.349, 1183108.514], [2547196.599, 1183102.776]]]}, "properties": {"OBJECTID": 46485759, "EGID": 280074840}}, {"type": "Feature", "id": 46486152, "geometry": {"type": "Polygon", "coordinates": [[[2547862.612, 1183044.659], [2547860.362, 1183042.729], [2547864.212, 1183038.429], [2547866.322, 1183040.349], [2547862.612, 1183044.659]]]}, "properties": {"OBJECTID": 46486152, "EGID": 280047040}}, {"type": "Feature", "id": 46486168, "geometry": {"type": "Polygon", "coordinates": [[[2547508.229, 1182846.325], [2547503.117, 1182852.496], [2547494.336, 1182845.179], [2547496.863, 1182842.113], [2547493.776, 1182839.568], [2547496.345, 1182836.472], [2547499.409, 1182839.015], [2547508.229, 1182846.325]]]}, "properties": {"OBJECTID": 46486168, "EGID": 280061473}}, {"type": "Feature", "id": 46486172, "geometry": {"type": "Polygon", "coordinates": [[[2547428.353, 1182944.038], [2547427.286, 1182943.016], [2547431.184, 1182938.994], [2547432.219, 1182940], [2547428.353, 1182944.038]]]}, "properties": {"OBJECTID": 46486172, "EGID": 280112018}}, {"type": "Feature", "id": 46486274, "geometry": {"type": "Polygon", "coordinates": [[[2546940.46, 1180664.429], [2546941.41, 1180671.709], [2546937.3, 1180672.289], [2546936.15, 1180665.059], [2546940.46, 1180664.429]]]}, "properties": {"OBJECTID": 46486274, "EGID": 280031901}}, {"type": "Feature", "id": 46486459, "geometry": {"type": "Polygon", "coordinates": [[[2548989.567, 1180314.69], [2548989.817, 1180314.28], [2548997.117, 1180318.84], [2548994.637, 1180322.77], [2549001.757, 1180327.229], [2549003.257, 1180324.819], [2549007.657, 1180327.489], [2548998.597, 1180342.239], [2548994.267, 1180339.589], [2548996.427, 1180335.999], [2548988.667, 1180331.47], [2548989.167, 1180330.65], [2548987.307, 1180329.5], [2548990.187, 1180324.87], [2548985.717, 1180322.08], [2548985.277, 1180321.72], [2548989.567, 1180314.69]]]}, "properties": {"OBJECTID": 46486459, "EGID": 842052}}, {"type": "Feature", "id": 46486538, "geometry": {"type": "Polygon", "coordinates": [[[2546694.668, 1182894.845], [2546690.346, 1182890.604], [2546692.932, 1182887.969], [2546697.246, 1182892.215], [2546694.668, 1182894.845]]]}, "properties": {"OBJECTID": 46486538, "EGID": 280070838}}, {"type": "Feature", "id": 46486652, "geometry": {"type": "Polygon", "coordinates": [[[2547133.465, 1183345.957], [2547129.915, 1183339.807], [2547128.475, 1183340.6570000001], [2547126.275, 1183336.947], [2547127.785, 1183336.077], [2547127.145, 1183334.937], [2547127.395, 1183334.827], [2547134.325, 1183331.507], [2547137.405, 1183336.677], [2547139.595, 1183335.4070000001], [2547142.565, 1183340.547], [2547140.435, 1183341.837], [2547133.465, 1183345.957]]]}, "properties": {"OBJECTID": 46486652, "EGID": 846785}}, {"type": "Feature", "id": 46486661, "geometry": {"type": "Polygon", "coordinates": [[[2546963.507, 1183099.253], [2546972.487, 1183111.392], [2546961.607, 1183119.563], [2546952.667, 1183107.433], [2546963.507, 1183099.253]]]}, "properties": {"OBJECTID": 46486661, "EGID": 846711}}, {"type": "Feature", "id": 46487048, "geometry": {"type": "Polygon", "coordinates": [[[2546393.4, 1183584.226], [2546395.417, 1183590.046], [2546392.51, 1183591.04], [2546390.515, 1183585.214], [2546393.4, 1183584.226]]]}, "properties": {"OBJECTID": 46487048, "EGID": 280124843}}, {"type": "Feature", "id": 46487175, "geometry": {"type": "Polygon", "coordinates": [[[2547053.415, 1183091.758], [2547052.118, 1183090.2], [2547062.305, 1183081.664], [2547074.528, 1183096.327], [2547064.307, 1183104.857], [2547059.547, 1183099.125], [2547060.365, 1183098.446], [2547057.7060000002, 1183095.245], [2547056.888, 1183095.933], [2547053.415, 1183091.758]]]}, "properties": {"OBJECTID": 46487175, "EGID": 280097298}}, {"type": "Feature", "id": 46487254, "geometry": {"type": "Polygon", "coordinates": [[[2544006.426, 1181388.819], [2544009.656, 1181391.159], [2544005.886, 1181396.279], [2544002.696, 1181393.979], [2544006.426, 1181388.819]]]}, "properties": {"OBJECTID": 46487254, "EGID": 280035775}}, {"type": "Feature", "id": 46487456, "geometry": {"type": "Polygon", "coordinates": [[[2545715.3140000002, 1184127.998], [2545715.174, 1184122.268], [2545716.644, 1184120.948], [2545721.994, 1184120.9679999999], [2545724.774, 1184122.417], [2545725.0640000002, 1184127.767], [2545725.054, 1184135.717], [2545725.524, 1184135.707], [2545725.614, 1184141.757], [2545727.464, 1184141.717], [2545727.494, 1184145.847], [2545716.714, 1184146.207], [2545716.514, 1184134.238], [2545715.074, 1184134.128], [2545714.774, 1184127.9679999999], [2545715.3140000002, 1184127.998]]]}, "properties": {"OBJECTID": 46487456, "EGID": 9031384}}, {"type": "Feature", "id": 46487702, "geometry": {"type": "Polygon", "coordinates": [[[2547729.0439999998, 1182961.632], [2547735.863, 1182967.542], [2547727.994, 1182976.622], [2547721.184, 1182970.703], [2547729.0439999998, 1182961.632]]]}, "properties": {"OBJECTID": 46487702, "EGID": 3164748}}, {"type": "Feature", "id": 46488038, "geometry": {"type": "Polygon", "coordinates": [[[2546746.953, 1182962.178], [2546753.601, 1182955.37], [2546754.334, 1182956.076], [2546757.108, 1182953.195], [2546761.631, 1182957.664], [2546758.137, 1182961.2179999999], [2546759.713, 1182962.756], [2546753.744, 1182968.8530000001], [2546746.953, 1182962.178]]]}, "properties": {"OBJECTID": 46488038, "EGID": 190028626}}, {"type": "Feature", "id": 46488229, "geometry": {"type": "Polygon", "coordinates": [[[2547097.4359999998, 1183547.947], [2547100.466, 1183545.377], [2547094.476, 1183538.547], [2547100.466, 1183533.287], [2547108.406, 1183542.187], [2547100.746, 1183551.767], [2547097.4359999998, 1183547.947]]]}, "properties": {"OBJECTID": 46488229, "EGID": 846723}}, {"type": "Feature", "id": 46488475, "geometry": {"type": "Polygon", "coordinates": [[[2547109.473, 1182846.299], [2547100.213, 1182853.499], [2547094.813, 1182846.57], [2547104.163, 1182839.319], [2547108.554, 1182845.091], [2547109.473, 1182846.299]]]}, "properties": {"OBJECTID": 46488475, "EGID": 846772}}, {"type": "Feature", "id": 46488499, "geometry": {"type": "Polygon", "coordinates": [[[2547878.871, 1182996.568], [2547875.251, 1182993.938], [2547878.751, 1182989.328], [2547883.451, 1182992.578], [2547879.741, 1182997.208], [2547878.871, 1182996.568]]]}, "properties": {"OBJECTID": 46488499, "EGID": 280030113}}, {"type": "Feature", "id": 46488666, "geometry": {"type": "Polygon", "coordinates": [[[2546935.558, 1183567.461], [2546936.898, 1183570.421], [2546935.608, 1183570.991], [2546941.578, 1183584.071], [2546933.998, 1183587.541], [2546931.448, 1183582.101], [2546927.038, 1183584.171], [2546922.178, 1183573.551], [2546935.558, 1183567.461]]]}, "properties": {"OBJECTID": 46488666, "EGID": 846642}}, {"type": "Feature", "id": 46488726, "geometry": {"type": "Polygon", "coordinates": [[[2545322.799, 1181193.255], [2545327.454, 1181186.707], [2545345.5, 1181199.595], [2545340.821, 1181206.1469999999], [2545339.886, 1181205.4780000001], [2545322.799, 1181193.255]]]}, "properties": {"OBJECTID": 46488726, "EGID": 280119972}}, {"type": "Feature", "id": 46489045, "geometry": {"type": "Polygon", "coordinates": [[[2546863.119, 1183460.373], [2546864.079, 1183463.273], [2546861.119, 1183464.243], [2546859.999, 1183461.243], [2546863.119, 1183460.373]]]}, "properties": {"OBJECTID": 46489045, "EGID": 280109415}}, {"type": "Feature", "id": 46489183, "geometry": {"type": "Polygon", "coordinates": [[[2547341.922, 1183443.362], [2547343.972, 1183451.0320000001], [2547333.912, 1183453.792], [2547331.862, 1183446.132], [2547341.922, 1183443.362]]]}, "properties": {"OBJECTID": 46489183, "EGID": 846844}}, {"type": "Feature", "id": 46489528, "geometry": {"type": "Polygon", "coordinates": [[[2546119.327, 1181436.911], [2546120.826, 1181432.758], [2546126.846, 1181434.945], [2546125.336, 1181439.1030000001], [2546119.327, 1181436.911]]]}, "properties": {"OBJECTID": 46489528, "EGID": 280070142}}, {"type": "Feature", "id": 46489583, "geometry": {"type": "Polygon", "coordinates": [[[2545189.857, 1181214.884], [2545186.997, 1181222.254], [2545186.917, 1181222.454], [2545180.247, 1181220.294], [2545174.377, 1181218.344], [2545177.067, 1181209.764], [2545184.567, 1181212.164], [2545184.117, 1181213.514], [2545189.857, 1181214.884]]]}, "properties": {"OBJECTID": 46489583, "EGID": 846974}}, {"type": "Feature", "id": 46489588, "geometry": {"type": "Polygon", "coordinates": [[[2544972.509, 1181329.708], [2544970.149, 1181332.389], [2544961.359, 1181324.179], [2544963.499, 1181321.879], [2544968.179, 1181326.069], [2544968.449, 1181325.849], [2544972.509, 1181329.708]]]}, "properties": {"OBJECTID": 46489588, "EGID": 280024211}}, {"type": "Feature", "id": 46489805, "geometry": {"type": "Polygon", "coordinates": [[[2547114.236, 1183630.246], [2547119.876, 1183627.896], [2547121.416, 1183631.446], [2547115.866, 1183633.886], [2547114.236, 1183630.246]]]}, "properties": {"OBJECTID": 46489805, "EGID": 280036631}}, {"type": "Feature", "id": 46489868, "geometry": {"type": "Polygon", "coordinates": [[[2547381.971, 1183248.552], [2547387.451, 1183261.872], [2547378.952, 1183265.422], [2547376.542, 1183260.892], [2547378.172, 1183260.362], [2547375.682, 1183254.942], [2547374.282, 1183251.622], [2547381.971, 1183248.552]]]}, "properties": {"OBJECTID": 46489868, "EGID": 846808}}, {"type": "Feature", "id": 46489999, "geometry": {"type": "Polygon", "coordinates": [[[2547422.781, 1183305.02], [2547424.271, 1183307.75], [2547425.031, 1183307.4], [2547425.481, 1183308.52], [2547424.821, 1183308.92], [2547426.201, 1183311.7], [2547425.871, 1183311.87], [2547440.761, 1183340.19], [2547427.531, 1183347.17], [2547412.621, 1183318.651], [2547412.411, 1183318.831], [2547409.101, 1183312.021], [2547422.781, 1183305.02]]]}, "properties": {"OBJECTID": 46489999, "EGID": 9051022}}, {"type": "Feature", "id": 46490099, "geometry": {"type": "Polygon", "coordinates": [[[2546070.641, 1184031.899], [2546070.051, 1184031.079], [2546074.301, 1184028.239], [2546078.191, 1184033.499], [2546079.893, 1184035.91], [2546076.11, 1184038.58], [2546075.108, 1184037.159], [2546072.647, 1184038.896], [2546071.955, 1184037.916], [2546068.491, 1184040.369], [2546065.0609999998, 1184035.839], [2546070.641, 1184031.899]]]}, "properties": {"OBJECTID": 46490099, "EGID": 846501}}, {"type": "Feature", "id": 46490255, "geometry": {"type": "Polygon", "coordinates": [[[2546850.118, 1183035.546], [2546853.458, 1183031.866], [2546855.668, 1183033.876], [2546852.318, 1183037.546], [2546850.118, 1183035.546]]]}, "properties": {"OBJECTID": 46490255, "EGID": 280049084}}, {"type": "Feature", "id": 46490366, "geometry": {"type": "Polygon", "coordinates": [[[2547280.627, 1183276.776], [2547284.07, 1183274.902], [2547285.493, 1183277.529], [2547282.069, 1183279.424], [2547280.627, 1183276.776]]]}, "properties": {"OBJECTID": 46490366, "EGID": 280132313}}, {"type": "Feature", "id": 46490386, "geometry": {"type": "Polygon", "coordinates": [[[2547521.178, 1182924.211], [2547523.647, 1182926.558], [2547519.675, 1182930.736], [2547515.347, 1182935.288], [2547508.797, 1182929.068], [2547509.522, 1182928.305], [2547506.154, 1182925.123], [2547506.12, 1182923.891], [2547508.267, 1182921.618], [2547513.107, 1182916.538], [2547521.178, 1182924.211]]]}, "properties": {"OBJECTID": 46490386, "EGID": 101111880}}, {"type": "Feature", "id": 46490771, "geometry": {"type": "Polygon", "coordinates": [[[2546713.161, 1183585.376], [2546701.181, 1183588.196], [2546699.761, 1183582.216], [2546711.751, 1183579.366], [2546713.161, 1183585.376]]]}, "properties": {"OBJECTID": 46490771, "EGID": 3164716}}, {"type": "Feature", "id": 46490988, "geometry": {"type": "Polygon", "coordinates": [[[2546064.625, 1182596.8], [2546031.737, 1182611.955], [2546025.452, 1182598.332], [2546058.33, 1182583.178], [2546064.625, 1182596.8]]]}, "properties": {"OBJECTID": 46490988, "EGID": 280100555}}, {"type": "Feature", "id": 46491137, "geometry": {"type": "Polygon", "coordinates": [[[2544233.908, 1183643.398], [2544230.535, 1183656.198], [2544226.361, 1183655.101], [2544229.758, 1183642.299], [2544233.908, 1183643.398]]]}, "properties": {"OBJECTID": 46491137, "EGID": 842251}}, {"type": "Feature", "id": 46491198, "geometry": {"type": "Polygon", "coordinates": [[[2548564.097, 1181735.386], [2548559.507, 1181737.906], [2548558.587, 1181736.216], [2548551.067, 1181742.346], [2548542.087, 1181731.297], [2548553.447, 1181722.056], [2548562.457, 1181733.066], [2548564.097, 1181735.386]]]}, "properties": {"OBJECTID": 46491198, "EGID": 843416}}, {"type": "Feature", "id": 46491417, "geometry": {"type": "Polygon", "coordinates": [[[2547318.641, 1183039.854], [2547326.3310000002, 1183046.974], [2547321.861, 1183051.814], [2547321.3310000002, 1183051.334], [2547320.132, 1183052.644], [2547320.652, 1183053.124], [2547316.912, 1183057.174], [2547310.672, 1183051.404], [2547315.622, 1183046.064], [2547314.152, 1183044.704], [2547318.641, 1183039.854]]]}, "properties": {"OBJECTID": 46491417, "EGID": 3164723}}, {"type": "Feature", "id": 46491571, "geometry": {"type": "Polygon", "coordinates": [[[2547550.039, 1183211.7179999999], [2547550.9390000002, 1183214.368], [2547544.929, 1183216.508], [2547543.999, 1183213.888], [2547550.039, 1183211.7179999999]]]}, "properties": {"OBJECTID": 46491571, "EGID": 280043819}}, {"type": "Feature", "id": 46491661, "geometry": {"type": "Polygon", "coordinates": [[[2546035.101, 1184096.523], [2546026.13, 1184102.3429999999], [2546022.504, 1184096.754], [2546031.449, 1184090.951], [2546035.101, 1184096.523]]]}, "properties": {"OBJECTID": 46491661, "EGID": 846461}}, {"type": "Feature", "id": 46491837, "geometry": {"type": "Polygon", "coordinates": [[[2547442.032, 1182766.566], [2547450.454, 1182776.92], [2547443.882, 1182782.266], [2547437.693, 1182774.592], [2547441.367, 1182771.615], [2547439.184, 1182768.922], [2547442.032, 1182766.566]]]}, "properties": {"OBJECTID": 46491837, "EGID": 190084542}}, {"type": "Feature", "id": 46491938, "geometry": {"type": "Polygon", "coordinates": [[[2546886.469, 1183677.481], [2546886.569, 1183677.671], [2546888.9189999998, 1183676.391], [2546892.4189999998, 1183684.371], [2546889.979, 1183685.441], [2546890.079, 1183685.631], [2546880.519, 1183690.071], [2546880.389, 1183689.731], [2546878.409, 1183690.691], [2546876.459, 1183686.312], [2546878.449, 1183685.432], [2546876.899, 1183681.752], [2546886.469, 1183677.481]]]}, "properties": {"OBJECTID": 46491938, "EGID": 846621}}, {"type": "Feature", "id": 46492739, "geometry": {"type": "Polygon", "coordinates": [[[2546328.412, 1183598.289], [2546329.407, 1183601.14], [2546332.067, 1183608.764], [2546318.8140000002, 1183613.387], [2546314.774, 1183601.806], [2546323.065, 1183598.899], [2546328.018, 1183597.161], [2546328.412, 1183598.289]]]}, "properties": {"OBJECTID": 46492739, "EGID": 280133808}}, {"type": "Feature", "id": 46493092, "geometry": {"type": "Polygon", "coordinates": [[[2547206.404, 1183583.934], [2547205.634, 1183582.194], [2547209.054, 1183580.794], [2547211.084, 1183585.674], [2547208.034, 1183586.994], [2547209.964, 1183591.614], [2547204.244, 1183594.074], [2547203.094, 1183591.364], [2547200.754, 1183592.354], [2547198.522, 1183587.126], [2547201.034, 1183586.074], [2547201.071, 1183586.162], [2547206.404, 1183583.934]]]}, "properties": {"OBJECTID": 46493092, "EGID": 846635}}, {"type": "Feature", "id": 46493119, "geometry": {"type": "Polygon", "coordinates": [[[2546589.083, 1183605.799], [2546590.963, 1183613.369], [2546581.223, 1183615.729], [2546579.313, 1183608.289], [2546589.083, 1183605.799]]]}, "properties": {"OBJECTID": 46493119, "EGID": 846567}}, {"type": "Feature", "id": 46493456, "geometry": {"type": "Polygon", "coordinates": [[[2547065.546, 1183426.408], [2547088.356, 1183411.608], [2547096.9560000002, 1183422.858], [2547092.2060000002, 1183425.938], [2547097.056, 1183433.428], [2547081.226, 1183453.168], [2547065.026, 1183428.298], [2547065.546, 1183426.408]]]}, "properties": {"OBJECTID": 46493456, "EGID": 846727}}, {"type": "Feature", "id": 46493678, "geometry": {"type": "Polygon", "coordinates": [[[2546750.237, 1183408.505], [2546752.028, 1183410.88], [2546750.45, 1183412.071], [2546749.096, 1183411.943], [2546747.845, 1183410.285], [2546750.237, 1183408.505]]]}, "properties": {"OBJECTID": 46493678, "EGID": 280131694}}, {"type": "Feature", "id": 46493733, "geometry": {"type": "Polygon", "coordinates": [[[2547516.477, 1182901.508], [2547510.027, 1182895.368], [2547509.677, 1182895.7280000001], [2547507.057, 1182893.238], [2547513.556, 1182886.408], [2547522.606, 1182895.048], [2547516.477, 1182901.508]]]}, "properties": {"OBJECTID": 46493733, "EGID": 101478018}}, {"type": "Feature", "id": 46493771, "geometry": {"type": "Polygon", "coordinates": [[[2544663.067, 1183821.098], [2544669.822, 1183822.689], [2544669.106, 1183826.071], [2544679.276, 1183828.548], [2544678.069, 1183833.445], [2544681.391, 1183834.233], [2544680.023, 1183840.245], [2544686.196, 1183841.693], [2544685.328, 1183845.026], [2544677.624, 1183843.129], [2544678.537, 1183838.169], [2544677.042, 1183837.967], [2544676.098, 1183842.722], [2544662.495, 1183839.293], [2544661.79, 1183842.227], [2544658.38, 1183841.274], [2544663.067, 1183821.098]]]}, "properties": {"OBJECTID": 46493771, "EGID": 280060052}}, {"type": "Feature", "id": 46493833, "geometry": {"type": "Polygon", "coordinates": [[[2547366.851, 1182980.151], [2547370.287, 1182976.634], [2547370.915, 1182977.236], [2547375.4560000002, 1182971.29], [2547375.937, 1182971.749], [2547377.703, 1182969.948], [2547377.23, 1182969.499], [2547381.805, 1182966.195], [2547384.779, 1182961.813], [2547389.059, 1182958.769], [2547392.04, 1182954.377], [2547396.361, 1182951.341], [2547399.486, 1182946.666], [2547399.94, 1182947.089], [2547401.704, 1182945.288], [2547401.287, 1182944.882], [2547407.157, 1182940.206], [2547406.518, 1182939.578], [2547409.9390000002, 1182936.085], [2547415.902, 1182941.916], [2547415.053, 1182942.781], [2547417.3310000002, 1182944.997], [2547418.172, 1182944.137], [2547421.423, 1182947.31], [2547412.778, 1182956.126], [2547411.326, 1182954.706], [2547409.51, 1182956.48], [2547409.9189999998, 1182956.885], [2547407.0640000002, 1182959.817], [2547406.1689999998, 1182958.966], [2547404.19, 1182961.001], [2547405.0640000002, 1182961.852], [2547399.781, 1182967.251], [2547398.907, 1182966.413], [2547396.903, 1182968.427], [2547397.788, 1182969.2719999999], [2547392.503, 1182974.688], [2547391.638, 1182973.823], [2547389.637, 1182975.869], [2547390.514, 1182976.726], [2547387.638, 1182979.66], [2547387.246, 1182979.283], [2547385.487, 1182981.0929999999], [2547386.962, 1182982.528], [2547378.324, 1182991.387], [2547375.08, 1182988.206], [2547375.92, 1182987.346], [2547373.668, 1182985.133], [2547372.837, 1182986.001], [2547366.851, 1182980.151]]]}, "properties": {"OBJECTID": 46493833, "EGID": 280097828}}, {"type": "Feature", "id": 46494205, "geometry": {"type": "Polygon", "coordinates": [[[2547286.563, 1183361.783], [2547292.443, 1183373.033], [2547284.343, 1183377.253], [2547278.423, 1183365.984], [2547286.563, 1183361.783]]]}, "properties": {"OBJECTID": 46494205, "EGID": 846825}}, {"type": "Feature", "id": 46494273, "geometry": {"type": "Polygon", "coordinates": [[[2547152.9560000002, 1183595.396], [2547151.435, 1183587.462], [2547154.905, 1183586.725], [2547158.725, 1183586.065], [2547160.265, 1183593.995], [2547152.9560000002, 1183595.396]]]}, "properties": {"OBJECTID": 46494273, "EGID": 280032047}}, {"type": "Feature", "id": 46494335, "geometry": {"type": "Polygon", "coordinates": [[[2546729.397, 1182856.751], [2546735.017, 1182861.01], [2546732.437, 1182864.41], [2546726.797, 1182860.171], [2546729.397, 1182856.751]]]}, "properties": {"OBJECTID": 46494335, "EGID": 846693}}, {"type": "Feature", "id": 46494550, "geometry": {"type": "Polygon", "coordinates": [[[2546996.51, 1183532.73], [2546994.46, 1183534.429], [2546990.635, 1183529.815], [2546992.675, 1183528.096], [2546996.51, 1183532.73]]]}, "properties": {"OBJECTID": 46494550, "EGID": 280074868}}, {"type": "Feature", "id": 46494771, "geometry": {"type": "Polygon", "coordinates": [[[2545899.693, 1184128.983], [2545894.263, 1184127.493], [2545896.943, 1184117.823], [2545897.363, 1184117.943], [2545898.303, 1184114.573], [2545903.313, 1184115.963], [2545902.373, 1184119.333], [2545899.693, 1184128.983]]]}, "properties": {"OBJECTID": 46494771, "EGID": 3164683}}, {"type": "Feature", "id": 46494874, "geometry": {"type": "Polygon", "coordinates": [[[2547364.862, 1183146.153], [2547366.982, 1183148.223], [2547362.812, 1183152.483], [2547360.702, 1183150.383], [2547364.862, 1183146.153]]]}, "properties": {"OBJECTID": 46494874, "EGID": 280043570}}, {"type": "Feature", "id": 46494894, "geometry": {"type": "Polygon", "coordinates": [[[2545215.517, 1181203.833], [2545216.007, 1181204.023], [2545239.766, 1181210.483], [2545236.4560000002, 1181222.163], [2545216.507, 1181216.693], [2545215.837, 1181219.133], [2545211.697, 1181217.993], [2545211.967, 1181216.6030000001], [2545215.517, 1181203.833]]]}, "properties": {"OBJECTID": 46494894, "EGID": 280064167}}, {"type": "Feature", "id": 46494921, "geometry": {"type": "Polygon", "coordinates": [[[2547442.368, 1183420.34], [2547442.110005277, 1183419.8514663302], [2547441.9407503116, 1183419.3255583728], [2547441.8653764045, 1183418.7782511488], [2547441.88617312, 1183418.2261697056], [2547442.0025087353, 1183417.6860841124], [2547442.210849431, 1183417.1744000518], [2547442.504866633, 1183416.7066604788], [2547442.8756292528, 1183416.297073488], [2547443.3118749745, 1183415.958080725], [2547443.8003523652, 1183415.6999794615], [2547444.3262233967, 1183415.5306098014], [2547444.873514169, 1183415.4551165306], [2547445.4256001343, 1183415.4757928392], [2547445.965711087, 1183415.5920106615], [2547446.4774405737, 1183415.800239756], [2547446.945244259, 1183416.0941549395], [2547447.354912102, 1183416.464828221], [2547447.694, 1183416.901], [2547447.94083012, 1183417.362780119], [2547448.1082759015, 1183417.858892905], [2547448.191768596, 1183418.3758019456], [2547448.189030109, 1183418.8994034035], [2547448.1001351606, 1183419.4154108397], [2547447.927509244, 1183419.9097450175], [2547447.6758624497, 1183420.3689180536], [2547447.3520609466, 1183420.7804014347], [2547446.9649396436, 1183421.1329678579], [2547446.525061125, 1183421.416997566], [2547446.044427454, 1183421.6247408227], [2547445.5361526967, 1183421.750529364], [2547445.0141051034, 1183421.7909310556], [2547444.492528717, 1183421.7448435395], [2547443.985654722, 1183421.6135243112], [2547443.507313151, 1183421.4005564095], [2547443.070555528, 1183421.1117506525], [2547442.687298764, 1183420.7549870906], [2547442.368, 1183420.34]]]}, "properties": {"OBJECTID": 46494921, "EGID": 280132761}}, {"type": "Feature", "id": 46495064, "geometry": {"type": "Polygon", "coordinates": [[[2547060.246, 1183317.649], [2547065.646, 1183330.149], [2547056.2060000002, 1183334.169], [2547050.836, 1183321.689], [2547060.246, 1183317.649]]]}, "properties": {"OBJECTID": 46495064, "EGID": 846746}}, {"type": "Feature", "id": 46495108, "geometry": {"type": "Polygon", "coordinates": [[[2548722.152, 1181503.451], [2548715.492, 1181515.762], [2548707.562, 1181511.462], [2548711.742, 1181503.702], [2548709.022, 1181502.242], [2548711.482, 1181497.682], [2548722.152, 1181503.451]]]}, "properties": {"OBJECTID": 46495108, "EGID": 843406}}, {"type": "Feature", "id": 46495354, "geometry": {"type": "Polygon", "coordinates": [[[2546845.973, 1182454.37], [2546828.993, 1182472.871], [2546810.593, 1182455.611], [2546827.503, 1182437.131], [2546845.973, 1182454.37]]]}, "properties": {"OBJECTID": 46495354, "EGID": 280001875}}, {"type": "Feature", "id": 46495543, "geometry": {"type": "Polygon", "coordinates": [[[2547220.552, 1183012.714], [2547216.128, 1183017.363], [2547213.483, 1183014.847], [2547217.905, 1183010.203], [2547220.552, 1183012.714]]]}, "properties": {"OBJECTID": 46495543, "EGID": 280080100}}, {"type": "Feature", "id": 46495612, "geometry": {"type": "Polygon", "coordinates": [[[2548605.752, 1181607.219], [2548598.981, 1181601.8429999999], [2548604.64, 1181594.684], [2548611.462, 1181600.076], [2548605.752, 1181607.219]]]}, "properties": {"OBJECTID": 46495612, "EGID": 280016335}}, {"type": "Feature", "id": 46495680, "geometry": {"type": "Polygon", "coordinates": [[[2546856.709, 1183567.363], [2546859.229, 1183566.273], [2546862.389, 1183572.403], [2546859.029, 1183574.083], [2546858.509, 1183573.073], [2546857.259, 1183573.663], [2546854.679, 1183568.423], [2546856.709, 1183567.363]]]}, "properties": {"OBJECTID": 46495680, "EGID": 280030825}}, {"type": "Feature", "id": 46495984, "geometry": {"type": "Polygon", "coordinates": [[[2549293.037, 1181103.8429999999], [2549291.258, 1181104.868], [2549292.356, 1181106.7719999999], [2549287.147, 1181109.794], [2549284.947, 1181105.975], [2549287.1, 1181104.719], [2549282.903, 1181097.413], [2549289.679, 1181093.492], [2549290.357, 1181094.67], [2549297.321, 1181090.661], [2549301.965, 1181098.696], [2549293.037, 1181103.8429999999]]]}, "properties": {"OBJECTID": 46495984, "EGID": 280094074}}, {"type": "Feature", "id": 46495994, "geometry": {"type": "Polygon", "coordinates": [[[2547968.752, 1183194.156], [2547966.292, 1183198.866], [2547961.632, 1183196.527], [2547963.942, 1183191.786], [2547968.752, 1183194.156]]]}, "properties": {"OBJECTID": 46495994, "EGID": 280033922}}, {"type": "Feature", "id": 46496007, "geometry": {"type": "Polygon", "coordinates": [[[2547584.247, 1183087.167], [2547583.757, 1183087.6469999999], [2547583.937, 1183091.637], [2547595.407, 1183102.936], [2547594.967, 1183103.446], [2547595.117, 1183107.586], [2547597.317, 1183109.836], [2547587.428, 1183119.937], [2547581.468, 1183113.927], [2547584.967, 1183110.137], [2547579.468, 1183104.597], [2547580.178, 1183103.857], [2547573.688, 1183097.447], [2547574.258, 1183096.787], [2547568.318, 1183090.9070000001], [2547578.057, 1183081.037], [2547584.247, 1183087.167]]]}, "properties": {"OBJECTID": 46496007, "EGID": 846855}}, {"type": "Feature", "id": 46496346, "geometry": {"type": "Polygon", "coordinates": [[[2545291.586, 1181165.5320000001], [2545288.626, 1181170.042], [2545285.696, 1181168.112], [2545283.996, 1181170.692], [2545278.716, 1181167.352], [2545282.786, 1181161.0219999999], [2545284.566, 1181162.192], [2545285.096, 1181161.352], [2545291.586, 1181165.5320000001]]]}, "properties": {"OBJECTID": 46496346, "EGID": 846970}}, {"type": "Feature", "id": 46496375, "geometry": {"type": "Polygon", "coordinates": [[[2546834.411, 1183134.94], [2546840.6859999998, 1183140.856], [2546828.368, 1183153.97], [2546817.854, 1183144.113], [2546817.045, 1183143.355], [2546817.168, 1183143.224], [2546829.396, 1183130.211], [2546834.411, 1183134.94]]]}, "properties": {"OBJECTID": 46496375, "EGID": 280080783}}, {"type": "Feature", "id": 46496682, "geometry": {"type": "Polygon", "coordinates": [[[2545934.001, 1183904.794], [2545930.981, 1183908.434], [2545924.241, 1183903.044], [2545927.091, 1183899.284], [2545934.001, 1183904.794]]]}, "properties": {"OBJECTID": 46496682, "EGID": 846524}}, {"type": "Feature", "id": 46496766, "geometry": {"type": "Polygon", "coordinates": [[[2545767.773, 1184041.347], [2545768.663, 1184041.277], [2545771.013, 1184043.197], [2545771.083, 1184044.097], [2545770.683, 1184044.567], [2545771.413, 1184045.097], [2545771.783, 1184044.597], [2545772.673, 1184044.577], [2545775.013, 1184046.497], [2545775.103, 1184047.3969999999], [2545770.283, 1184053.257], [2545769.193, 1184052.367], [2545765.593, 1184056.747], [2545766.673, 1184057.637], [2545763.123, 1184061.957], [2545761.273, 1184060.427], [2545761.193, 1184059.537], [2545761.553, 1184059.097], [2545759.893, 1184057.737], [2545759.533, 1184058.167], [2545758.623, 1184058.247], [2545756.283, 1184056.317], [2545756.203, 1184055.417], [2545758.103, 1184053.097], [2545760.553, 1184052.877], [2545762.163, 1184050.917], [2545760.853, 1184049.837], [2545767.773, 1184041.347]]]}, "properties": {"OBJECTID": 46496766, "EGID": 846485}}, {"type": "Feature", "id": 46497248, "geometry": {"type": "Polygon", "coordinates": [[[2547146.716, 1182990.881], [2547149.033, 1182993.764], [2547137.995, 1183002.6570000001], [2547132.092, 1182995.311], [2547138.084, 1182990.496], [2547138.397, 1182990.886], [2547143.454, 1182986.822], [2547146.716, 1182990.881]]]}, "properties": {"OBJECTID": 46497248, "EGID": 190058063}}, {"type": "Feature", "id": 46497385, "geometry": {"type": "Polygon", "coordinates": [[[2547180.695, 1183598.675], [2547176.805, 1183600.295], [2547175.985, 1183598.415], [2547175.855, 1183598.495], [2547175.685, 1183598.065], [2547170.825, 1183600.105], [2547168.455, 1183594.575], [2547168.755, 1183594.455], [2547167.665, 1183591.935], [2547172.275, 1183589.995], [2547172.225, 1183589.815], [2547176.395, 1183587.995], [2547180.695, 1183598.675]]]}, "properties": {"OBJECTID": 46497385, "EGID": 846634}}, {"type": "Feature", "id": 46497398, "geometry": {"type": "Polygon", "coordinates": [[[2547486.362, 1183382.499], [2547486.64396, 1183382.9535014075], [2547486.845582295, 1183383.4489016712], [2547486.961139127, 1183383.971127283], [2547486.9873477155, 1183384.5053426712], [2547486.923463518, 1183385.0363716537], [2547486.771301379, 1183385.5491285694], [2547486.535183976, 1183386.0290468363], [2547486.2218190157, 1183386.4624927645], [2547485.8401086824, 1183386.8371528673], [2547485.40089674, 1183387.1423836662], [2547484.9166604783, 1183387.3695140556], [2547484.401156254, 1183387.512091634], [2547483.869028696, 1183387.566066007], [2547483.335394674, 1183387.5299038505], [2547482.815413854, 1183387.4046324727], [2547482.323858038, 1183387.1938106273], [2547481.8746915185, 1183386.9034274172], [2547481.480674379, 1183386.5417321518], [2547481.153, 1183386.119], [2547480.8981733634, 1183385.6408331983], [2547480.7284080945, 1183385.1262849902], [2547480.648653536, 1183384.590356529], [2547480.6612348543, 1183384.0486722896], [2547480.765785253, 1183383.51702455], [2547480.959256667, 1183383.0109129841], [2547481.236008625, 1183382.545092784], [2547481.5879726917, 1183382.1331444855], [2547482.0048876964, 1183381.7870780416], [2547482.474598887, 1183381.5169826834], [2547482.983412289, 1183381.3307327793], [2547483.516493942, 1183381.2337582647], [2547484.0583023666, 1183381.228886337], [2547484.593041665, 1183381.316259033], [2547485.1051220307, 1183381.4933290863], [2547485.5796142584, 1183381.7549341912], [2547486.002684987, 1183382.093447505], [2547486.362, 1183382.499]]]}, "properties": {"OBJECTID": 46497398, "EGID": 280132915}}, {"type": "Feature", "id": 46497434, "geometry": {"type": "Polygon", "coordinates": [[[2547368.519, 1183208.812], [2547374.892, 1183214.852], [2547371.082, 1183218.842], [2547370.642, 1183220.002], [2547370.182, 1183219.7719999999], [2547366.742, 1183223.422], [2547360.082, 1183217.142], [2547362.053, 1183215.042], [2547359.912, 1183213.013], [2547362.971, 1183209.754], [2547365.4390000002, 1183212.0929999999], [2547368.519, 1183208.812]]]}, "properties": {"OBJECTID": 46497434, "EGID": 846754}}, {"type": "Feature", "id": 46497559, "geometry": {"type": "Polygon", "coordinates": [[[2544102.403, 1183645.377], [2544100.255, 1183652.634], [2544097.472, 1183651.884], [2544097.2939999998, 1183652.482], [2544096.43, 1183652.2280000001], [2544096.595, 1183651.592], [2544092.4390000002, 1183650.398], [2544094.663, 1183643.116], [2544102.403, 1183645.377]]]}, "properties": {"OBJECTID": 46497559, "EGID": 842260}}, {"type": "Feature", "id": 46497645, "geometry": {"type": "Polygon", "coordinates": [[[2549383.639, 1180998.323], [2549381.269, 1180994.803], [2549386.479, 1180991.223], [2549388.949, 1180994.763], [2549383.639, 1180998.323]]]}, "properties": {"OBJECTID": 46497645, "EGID": 280035790}}, {"type": "Feature", "id": 46497653, "geometry": {"type": "Polygon", "coordinates": [[[2546429.865, 1183511.263], [2546432.405, 1183509.953], [2546433.735, 1183512.533], [2546435.705, 1183516.3530000001], [2546437.065, 1183519.003], [2546434.385, 1183520.303], [2546426.525, 1183524.473], [2546423.405, 1183518.303], [2546421.915, 1183515.324], [2546429.865, 1183511.263]]]}, "properties": {"OBJECTID": 46497653, "EGID": 3164729}}, {"type": "Feature", "id": 46497678, "geometry": {"type": "Polygon", "coordinates": [[[2547025.217, 1183371.7], [2547023.757, 1183369.81], [2547026.137, 1183367.92], [2547033.126, 1183376.799], [2547033.306, 1183376.679], [2547035.626, 1183379.729], [2547030.146, 1183384.06], [2547027.787, 1183381.1], [2547030.796, 1183378.69], [2547029.286, 1183376.87], [2547026.657, 1183378.98], [2547022.517, 1183373.73], [2547025.217, 1183371.7]]]}, "properties": {"OBJECTID": 46497678, "EGID": 280014674}}, {"type": "Feature", "id": 46497709, "geometry": {"type": "Polygon", "coordinates": [[[2547114.236, 1183630.246], [2547111.646, 1183624.556], [2547123.006, 1183619.536], [2547125.596, 1183625.406], [2547119.876, 1183627.896], [2547114.236, 1183630.246]]]}, "properties": {"OBJECTID": 46497709, "EGID": 280015482}}, {"type": "Feature", "id": 46497905, "geometry": {"type": "Polygon", "coordinates": [[[2548680.43, 1181609.149], [2548683.272, 1181612.285], [2548686.893, 1181609.004], [2548692.952, 1181615.671], [2548691.509, 1181616.974], [2548684.657, 1181623.1570000001], [2548678.895, 1181616.792], [2548675.777, 1181613.348], [2548680.43, 1181609.149]]]}, "properties": {"OBJECTID": 46497905, "EGID": 280099997}}, {"type": "Feature", "id": 46497915, "geometry": {"type": "Polygon", "coordinates": [[[2545864.002, 1183986.105], [2545859.102, 1183991.605], [2545853.852, 1183986.845], [2545858.752, 1183981.265], [2545858.987, 1183981.482], [2545860.629, 1183979.582], [2545862.077, 1183979.492], [2545865.393, 1183982.47], [2545865.47, 1183983.855], [2545864.4390000002, 1183985.003], [2545862.868, 1183983.686], [2545862.193, 1183984.438], [2545864.002, 1183986.105]]]}, "properties": {"OBJECTID": 46497915, "EGID": 846510}}, {"type": "Feature", "id": 46497939, "geometry": {"type": "Polygon", "coordinates": [[[2546933.738, 1183688.47], [2546937.408, 1183696.73], [2546929.278, 1183700.36], [2546925.548, 1183692.2], [2546933.738, 1183688.47]]]}, "properties": {"OBJECTID": 46497939, "EGID": 846623}}, {"type": "Feature", "id": 46498101, "geometry": {"type": "Polygon", "coordinates": [[[2546641.852, 1183663.747], [2546642.912, 1183668.097], [2546639.722, 1183668.817], [2546638.702, 1183664.457], [2546641.852, 1183663.747]]]}, "properties": {"OBJECTID": 46498101, "EGID": 280048184}}, {"type": "Feature", "id": 46498219, "geometry": {"type": "Polygon", "coordinates": [[[2546518.929, 1183625.386], [2546523.801, 1183622.538], [2546525.151, 1183624.847], [2546520.193, 1183627.678], [2546518.929, 1183625.386]]]}, "properties": {"OBJECTID": 46498219, "EGID": 280109087}}, {"type": "Feature", "id": 46498241, "geometry": {"type": "Polygon", "coordinates": [[[2544260.802, 1181706.577], [2544266.602, 1181708.041], [2544265.735, 1181711.473], [2544259.918, 1181710.016], [2544260.802, 1181706.577]]]}, "properties": {"OBJECTID": 46498241, "EGID": 280052462}}, {"type": "Feature", "id": 46498243, "geometry": {"type": "Polygon", "coordinates": [[[2547098.609, 1182984.1], [2547100.903, 1182986.498], [2547099.776, 1182987.57], [2547103.517, 1182991.505], [2547099.168, 1182995.65], [2547101.375, 1182997.966], [2547099.286, 1182999.985], [2547092.488, 1182992.901], [2547092.127, 1182993.247], [2547086.884, 1182987.78], [2547093.745, 1182981.278], [2547097.495, 1182985.173], [2547098.609, 1182984.1]]]}, "properties": {"OBJECTID": 46498243, "EGID": 190058151}}, {"type": "Feature", "id": 46498257, "geometry": {"type": "Polygon", "coordinates": [[[2547599.864, 1182784.435], [2547590.924, 1182791.896], [2547585.014, 1182784.846], [2547585.334, 1182784.486], [2547579.664, 1182777.526], [2547584.204, 1182773.776], [2547588.144, 1182778.526], [2547589.484, 1182777.656], [2547591.014, 1182779.686], [2547593.944, 1182777.376], [2547599.864, 1182784.435]]]}, "properties": {"OBJECTID": 46498257, "EGID": 846945}}, {"type": "Feature", "id": 46498287, "geometry": {"type": "Polygon", "coordinates": [[[2546842.679, 1183626.973], [2546838.209, 1183628.333], [2546837.57, 1183626.143], [2546836.52, 1183626.453], [2546836.18, 1183625.283], [2546837.17, 1183625.003], [2546835.51, 1183619.283], [2546844.199, 1183616.633], [2546846.619, 1183625.533], [2546846.6890000002, 1183625.773], [2546842.679, 1183626.973]]]}, "properties": {"OBJECTID": 46498287, "EGID": 846646}}, {"type": "Feature", "id": 46498293, "geometry": {"type": "Polygon", "coordinates": [[[2546837.969, 1183395.294], [2546837.249, 1183394.324], [2546844.989, 1183388.934], [2546850.679, 1183397.094], [2546839.509, 1183404.864], [2546834.479, 1183397.724], [2546837.969, 1183395.294]]]}, "properties": {"OBJECTID": 46498293, "EGID": 846676}}, {"type": "Feature", "id": 46498329, "geometry": {"type": "Polygon", "coordinates": [[[2547391.041, 1183101.752], [2547393.471, 1183099.322], [2547392.711, 1183098.482], [2547393.021, 1183096.832], [2547394.101, 1183095.792], [2547395.901, 1183095.502], [2547403.301, 1183102.892], [2547399.771, 1183106.452], [2547400.0810000002, 1183106.832], [2547400.011, 1183108.912], [2547399.141, 1183109.862], [2547391.041, 1183101.752]]]}, "properties": {"OBJECTID": 46498329, "EGID": 846864}}, {"type": "Feature", "id": 46498440, "geometry": {"type": "Polygon", "coordinates": [[[2547238.662, 1183067.114], [2547234.538, 1183063.24], [2547236.452, 1183061.211], [2547240.573, 1183065.07], [2547238.662, 1183067.114]]]}, "properties": {"OBJECTID": 46498440, "EGID": 280125327}}, {"type": "Feature", "id": 46498443, "geometry": {"type": "Polygon", "coordinates": [[[2544035.736, 1181327.599], [2544028.026, 1181340.809], [2544023.076, 1181337.989], [2544030.756, 1181324.769], [2544035.736, 1181327.599]]]}, "properties": {"OBJECTID": 46498443, "EGID": 280014232}}, {"type": "Feature", "id": 46498594, "geometry": {"type": "Polygon", "coordinates": [[[2547284.09, 1182882.704], [2547287.09, 1182885.164], [2547286, 1182886.514], [2547287.97, 1182888.124], [2547286.91, 1182889.424], [2547286.02, 1182890.514], [2547284.04, 1182888.904], [2547283.471, 1182889.614], [2547283.951, 1182890.004], [2547283.841, 1182890.814], [2547286.339, 1182892.894], [2547287.253, 1182892.885], [2547287.94, 1182893.458], [2547288.096, 1182894.357], [2547289.8310000002, 1182895.801], [2547290.741, 1182895.796], [2547291.428, 1182896.369], [2547291.588, 1182897.264], [2547293.261, 1182898.6570000001], [2547294.1689999998, 1182898.656], [2547294.856, 1182899.23], [2547295.019, 1182900.121], [2547297.81, 1182902.444], [2547300.41, 1182905.004], [2547295.151, 1182910.414], [2547298.96, 1182914.054], [2547304.23, 1182908.494], [2547311.44, 1182915.374], [2547304.78, 1182922.294], [2547304.58, 1182922.144], [2547297.071, 1182929.744], [2547291.251, 1182922.764], [2547291.041, 1182922.984], [2547285.981, 1182918.274], [2547284.701, 1182919.644], [2547281.761, 1182916.805], [2547281.431, 1182917.125], [2547271.871, 1182908.255], [2547275.381, 1182904.495], [2547275.521, 1182904.605], [2547278.441, 1182901.615], [2547280.691, 1182903.665], [2547283.0810000002, 1182901.164], [2547281.821, 1182900.065], [2547281.051, 1182900.955], [2547273.701, 1182895.015], [2547274.691, 1182893.825], [2547266.221, 1182886.785], [2547271.761, 1182880.325], [2547277.291, 1182884.935], [2547277.091, 1182885.185], [2547279.881, 1182887.505], [2547280.641, 1182887.285], [2547280.841, 1182887.445], [2547281.411, 1182886.755], [2547280.951, 1182886.375], [2547281.9, 1182885.224], [2547282.91, 1182883.984], [2547283, 1182884.064], [2547284.09, 1182882.704]]]}, "properties": {"OBJECTID": 46498594, "EGID": 846930}}, {"type": "Feature", "id": 46498758, "geometry": {"type": "Polygon", "coordinates": [[[2546201.597, 1180899.965], [2546186.847, 1180913.415], [2546163.428, 1180887.426], [2546178.348, 1180874.146], [2546201.597, 1180899.965]]]}, "properties": {"OBJECTID": 46498758, "EGID": 280001969}}, {"type": "Feature", "id": 46498877, "geometry": {"type": "Polygon", "coordinates": [[[2544962.0810000002, 1183884.247], [2544954.576, 1183882.609], [2544940.102, 1183879.449], [2544946.361, 1183853.341], [2544943.997, 1183852.859], [2544945.336, 1183847.619], [2544969.179, 1183853.015], [2544962.0810000002, 1183884.247]]]}, "properties": {"OBJECTID": 46498877, "EGID": 9016504}}, {"type": "Feature", "id": 46498912, "geometry": {"type": "Polygon", "coordinates": [[[2547146.251, 1183533.621], [2547145.516, 1183531.024], [2547148.11, 1183530.294], [2547148.835, 1183532.888], [2547146.251, 1183533.621]]]}, "properties": {"OBJECTID": 46498912, "EGID": 281008193}}, {"type": "Feature", "id": 46499038, "geometry": {"type": "Polygon", "coordinates": [[[2547789.774, 1183072.491], [2547783.684, 1183079.641], [2547781.494, 1183077.781], [2547781.504, 1183076.891], [2547779.944, 1183075.511], [2547779.084, 1183075.681], [2547778.414, 1183076.451], [2547776.0640000002, 1183074.491], [2547781.914, 1183067.671], [2547786.904, 1183072.001], [2547789.034, 1183071.841], [2547789.774, 1183072.491]]]}, "properties": {"OBJECTID": 46499038, "EGID": 846885}}, {"type": "Feature", "id": 46499059, "geometry": {"type": "Polygon", "coordinates": [[[2548766.752, 1180210.442], [2548757.226, 1180217.932], [2548753.551, 1180213.273], [2548751.9189999998, 1180211.204], [2548761.41, 1180203.692], [2548766.752, 1180210.442]]]}, "properties": {"OBJECTID": 46499059, "EGID": 101475352}}, {"type": "Feature", "id": 46499089, "geometry": {"type": "Polygon", "coordinates": [[[2546819.61, 1183518.424], [2546823.58, 1183516.744], [2546825.4, 1183520.674], [2546829.469, 1183518.924], [2546831.379, 1183523.204], [2546836.259, 1183520.993], [2546839.359, 1183527.8429999999], [2546834.479, 1183530.023], [2546836.119, 1183533.5929999999], [2546828.029, 1183537.344], [2546819.42, 1183518.514], [2546819.61, 1183518.424]]]}, "properties": {"OBJECTID": 46499089, "EGID": 846675}}, {"type": "Feature", "id": 46499190, "geometry": {"type": "Polygon", "coordinates": [[[2547006.667, 1183377.34], [2547008.497, 1183379.76], [2547011.627, 1183377.26], [2547016.297, 1183383.14], [2547014.147, 1183384.88], [2547015.137, 1183386.14], [2547012.647, 1183388.13], [2547011.627, 1183386.88], [2547008.137, 1183389.67], [2547001.527, 1183381.39], [2547006.667, 1183377.34]]]}, "properties": {"OBJECTID": 46499190, "EGID": 846741}}, {"type": "Feature", "id": 46499360, "geometry": {"type": "Polygon", "coordinates": [[[2546885.678, 1183338.649], [2546877.223, 1183330.694], [2546881.198, 1183326.471], [2546889.648, 1183334.422], [2546885.678, 1183338.649]]]}, "properties": {"OBJECTID": 46499360, "EGID": 280092066}}, {"type": "Feature", "id": 46499496, "geometry": {"type": "Polygon", "coordinates": [[[2547926.017, 1183157.206], [2547928.629, 1183154.204], [2547930.43, 1183155.773], [2547927.821, 1183158.766], [2547926.017, 1183157.206]]]}, "properties": {"OBJECTID": 46499496, "EGID": 280124442}}, {"type": "Feature", "id": 46499536, "geometry": {"type": "Polygon", "coordinates": [[[2545190.197, 1181223.244], [2545191.507, 1181217.644], [2545201.127, 1181220.284], [2545200.907, 1181221.174], [2545202.417, 1181221.454], [2545201.897, 1181226.904], [2545198.147, 1181226.244], [2545196.737, 1181232.394], [2545188.407, 1181230.024], [2545190.507, 1181223.334], [2545190.197, 1181223.244]]]}, "properties": {"OBJECTID": 46499536, "EGID": 846975}}, {"type": "Feature", "id": 46499661, "geometry": {"type": "Polygon", "coordinates": [[[2545200.074, 1181210.193], [2545190.726, 1181207.581], [2545193.399, 1181197.923], [2545197.959, 1181199.185], [2545202.79, 1181200.521], [2545200.074, 1181210.193]]]}, "properties": {"OBJECTID": 46499661, "EGID": 280081461}}, {"type": "Feature", "id": 46500257, "geometry": {"type": "Polygon", "coordinates": [[[2547514.74, 1183443.027], [2547481.47, 1183452.168], [2547479.81, 1183446.198], [2547477.32, 1183436.518], [2547475.1, 1183428.629], [2547472.491, 1183429.379], [2547467.111, 1183430.909], [2547463.471, 1183418.209], [2547460.701, 1183407.709], [2547476.76, 1183403.139], [2547482.61, 1183401.548], [2547484.6, 1183408.648], [2547478.93, 1183410.259], [2547483.04, 1183426.348], [2547485.41, 1183434.288], [2547493.35, 1183432.198], [2547493.07, 1183431.308], [2547494.42, 1183430.958], [2547494.82, 1183431.798], [2547501.98, 1183429.768], [2547501.7, 1183428.798], [2547503.08, 1183428.448], [2547503.43, 1183429.418], [2547510.53, 1183427.458], [2547513.67, 1183439.098], [2547514.74, 1183443.027]]]}, "properties": {"OBJECTID": 46500257, "EGID": 9031392}}, {"type": "Feature", "id": 46500273, "geometry": {"type": "Polygon", "coordinates": [[[2547119.815, 1183230.378], [2547122.885, 1183232.778], [2547118.355, 1183238.558], [2547114.595, 1183235.758], [2547119.225, 1183229.998], [2547119.815, 1183230.378]]]}, "properties": {"OBJECTID": 46500273, "EGID": 280030066}}, {"type": "Feature", "id": 46500591, "geometry": {"type": "Polygon", "coordinates": [[[2546596.393, 1183814.178], [2546597.083, 1183824.048], [2546587.763, 1183824.778], [2546587.063, 1183814.878], [2546596.393, 1183814.178]]]}, "properties": {"OBJECTID": 46500591, "EGID": 846579}}, {"type": "Feature", "id": 46500712, "geometry": {"type": "Polygon", "coordinates": [[[2545802.628, 1184026.59], [2545805.853, 1184029.513], [2545807.385, 1184027.822], [2545812.108, 1184032.102], [2545806.228, 1184038.612], [2545801.754, 1184034.562], [2545800.521, 1184035.924], [2545797.038, 1184032.759], [2545802.628, 1184026.59]]]}, "properties": {"OBJECTID": 46500712, "EGID": 846484}}, {"type": "Feature", "id": 46500766, "geometry": {"type": "Polygon", "coordinates": [[[2548668.641, 1181651.1030000001], [2548669.013, 1181651.481], [2548660.269, 1181660.055], [2548654.168, 1181653.833], [2548662.899, 1181645.269], [2548664.91, 1181647.312], [2548668.641, 1181651.1030000001]]]}, "properties": {"OBJECTID": 46500766, "EGID": 280091608}}, {"type": "Feature", "id": 46500883, "geometry": {"type": "Polygon", "coordinates": [[[2546812.349, 1183048.487], [2546814.369, 1183050.717], [2546810.659, 1183054.077], [2546808.639, 1183051.837], [2546812.349, 1183048.487]]]}, "properties": {"OBJECTID": 46500883, "EGID": 280048045}}, {"type": "Feature", "id": 46500935, "geometry": {"type": "Polygon", "coordinates": [[[2547538.626, 1183191.239], [2547543.852, 1183205.301], [2547543.524, 1183205.424], [2547545.52, 1183210.746], [2547536.361, 1183214.0320000001], [2547534.725, 1183211.004], [2547537.719, 1183209.868], [2547536.965, 1183207.879], [2547536.259, 1183208.136], [2547531.046, 1183194.015], [2547538.626, 1183191.239]]]}, "properties": {"OBJECTID": 46500935, "EGID": 846813}}, {"type": "Feature", "id": 46501118, "geometry": {"type": "Polygon", "coordinates": [[[2546674.59, 1181842.91], [2546679.943, 1181840.904], [2546683.271, 1181849.766], [2546677.92, 1181851.773], [2546674.59, 1181842.91]]]}, "properties": {"OBJECTID": 46501118, "EGID": 280020307}}, {"type": "Feature", "id": 46501137, "geometry": {"type": "Polygon", "coordinates": [[[2547073.696, 1183353.769], [2547080.096, 1183368.558], [2547068.4560000002, 1183373.469], [2547065.136, 1183365.619], [2547063.276, 1183366.399], [2547062.166, 1183363.809], [2547061.306, 1183364.179], [2547058.346, 1183357.039], [2547062.006, 1183355.489], [2547063.146, 1183358.199], [2547073.696, 1183353.769]]]}, "properties": {"OBJECTID": 46501137, "EGID": 846781}}, {"type": "Feature", "id": 46501305, "geometry": {"type": "Polygon", "coordinates": [[[2547395.368, 1182760.374], [2547397.338, 1182756.879], [2547400.136, 1182758.465], [2547398.16, 1182761.952], [2547395.368, 1182760.374]]]}, "properties": {"OBJECTID": 46501305, "EGID": 280050849}}, {"type": "Feature", "id": 46501403, "geometry": {"type": "Polygon", "coordinates": [[[2547997.951, 1183193.216], [2547991.131, 1183202.826], [2547983.871, 1183197.656], [2547990.711, 1183188.016], [2547997.951, 1183193.216]]]}, "properties": {"OBJECTID": 46501403, "EGID": 846923}}, {"type": "Feature", "id": 46501426, "geometry": {"type": "Polygon", "coordinates": [[[2547002.537, 1183657.679], [2547006.137, 1183665.479], [2546998.397, 1183669.039], [2546994.777, 1183661.199], [2547002.537, 1183657.679]]]}, "properties": {"OBJECTID": 46501426, "EGID": 846626}}, {"type": "Feature", "id": 46501512, "geometry": {"type": "Polygon", "coordinates": [[[2547302.612, 1183099.354], [2547302.732, 1183093.374], [2547310.242, 1183093.454], [2547310.072, 1183102.504], [2547300.312, 1183112.454], [2547294.952, 1183107.205], [2547302.612, 1183099.354]]]}, "properties": {"OBJECTID": 46501512, "EGID": 846761}}, {"type": "Feature", "id": 46501542, "geometry": {"type": "Polygon", "coordinates": [[[2546334.425, 1183474.036], [2546334.275, 1183473.476], [2546338.865, 1183471.776], [2546339.765, 1183474.386], [2546335.265, 1183476.016], [2546334.425, 1183474.036]]]}, "properties": {"OBJECTID": 46501542, "EGID": 280050706}}, {"type": "Feature", "id": 46501854, "geometry": {"type": "Polygon", "coordinates": [[[2544205.729, 1183621.869], [2544204.302, 1183626.974], [2544197.901, 1183625.333], [2544199.399, 1183620.1], [2544205.729, 1183621.869]]]}, "properties": {"OBJECTID": 46501854, "EGID": 842244}}, {"type": "Feature", "id": 46501880, "geometry": {"type": "Polygon", "coordinates": [[[2547081.906, 1183156.069], [2547080.647, 1183157.425], [2547075.158, 1183163.295], [2547063.462, 1183152.363], [2547075.724, 1183139.241], [2547087.415, 1183150.179], [2547081.906, 1183156.069]]]}, "properties": {"OBJECTID": 46501880, "EGID": 280103812}}, {"type": "Feature", "id": 46501918, "geometry": {"type": "Polygon", "coordinates": [[[2547121.289, 1182958.905], [2547107.982, 1182970.26], [2547103.133, 1182974.3969999999], [2547093.727, 1182963.359], [2547121.123, 1182940.027], [2547130.528, 1182951.0219999999], [2547121.289, 1182958.905]]]}, "properties": {"OBJECTID": 46501918, "EGID": 280095154}}, {"type": "Feature", "id": 46502695, "geometry": {"type": "Polygon", "coordinates": [[[2546764.181, 1183728.694], [2546762.281, 1183722.404], [2546770.451, 1183719.384], [2546771.3310000002, 1183721.884], [2546770.251, 1183722.294], [2546771.231, 1183724.924], [2546768.3109999998, 1183725.994], [2546772.261, 1183739.114], [2546767.751, 1183740.564], [2546766.161, 1183735.264], [2546764.181, 1183728.694]]]}, "properties": {"OBJECTID": 46502695, "EGID": 280011979}}, {"type": "Feature", "id": 46502984, "geometry": {"type": "Polygon", "coordinates": [[[2546723.51, 1183246.9780000001], [2546732.03, 1183258.207], [2546724.47, 1183263.9780000001], [2546724.37, 1183263.858], [2546722.521, 1183265.278], [2546718.791, 1183260.418], [2546720.711, 1183259.018], [2546715.931, 1183252.7280000001], [2546723.51, 1183246.9780000001]]]}, "properties": {"OBJECTID": 46502984, "EGID": 846682}}, {"type": "Feature", "id": 46503153, "geometry": {"type": "Polygon", "coordinates": [[[2547110.005, 1183445.077], [2547111.905, 1183444.957], [2547116.845, 1183449.517], [2547116.445, 1183450.017], [2547118.825, 1183452.227], [2547113.935, 1183457.567], [2547105.416, 1183449.957], [2547110.005, 1183445.077]]]}, "properties": {"OBJECTID": 46503153, "EGID": 3164695}}, {"type": "Feature", "id": 46503203, "geometry": {"type": "Polygon", "coordinates": [[[2546076.25, 1184057.6570000001], [2546071.477, 1184060.822], [2546070.246, 1184058.995], [2546075.027, 1184055.83], [2546076.25, 1184057.6570000001]]]}, "properties": {"OBJECTID": 46503203, "EGID": 280109288}}, {"type": "Feature", "id": 46503214, "geometry": {"type": "Polygon", "coordinates": [[[2546257.748, 1181280.687], [2546251.078, 1181283.197], [2546248.298, 1181275.108], [2546238.868, 1181278.368], [2546236.268, 1181270.958], [2546245.538, 1181267.628], [2546245.268, 1181266.858], [2546251.978, 1181264.418], [2546257.748, 1181280.687]]]}, "properties": {"OBJECTID": 46503214, "EGID": 847007}}, {"type": "Feature", "id": 46503314, "geometry": {"type": "Polygon", "coordinates": [[[2547410.556, 1182874.041], [2547412.674, 1182871.357], [2547417.766, 1182875.34], [2547415.699, 1182878.071], [2547410.556, 1182874.041]]]}, "properties": {"OBJECTID": 46503314, "EGID": 280091035}}, {"type": "Feature", "id": 46503373, "geometry": {"type": "Polygon", "coordinates": [[[2548909.427, 1180281.273], [2548909.997, 1180280.263], [2548900.187, 1180274.693], [2548905.868, 1180264.833], [2548915.668, 1180270.373], [2548916.408, 1180269.043], [2548933.827, 1180278.722], [2548926.747, 1180291.062], [2548923.217, 1180289.062], [2548920.347, 1180294.072], [2548907.027, 1180286.573], [2548909.807, 1180281.573], [2548909.427, 1180281.273]]]}, "properties": {"OBJECTID": 46503373, "EGID": 842049}}, {"type": "Feature", "id": 46503584, "geometry": {"type": "Polygon", "coordinates": [[[2546885.307, 1183322.107], [2546893.756, 1183330.048], [2546889.648, 1183334.422], [2546881.198, 1183326.471], [2546885.307, 1183322.107]]]}, "properties": {"OBJECTID": 46503584, "EGID": 280057995}}, {"type": "Feature", "id": 46503761, "geometry": {"type": "Polygon", "coordinates": [[[2547589.355, 1182823.966], [2547591.655, 1182828.446], [2547583.625, 1182832.626], [2547577.105, 1182820.206], [2547585.065, 1182816.046], [2547588.875, 1182823.076], [2547590.824, 1182821.966], [2547590.374, 1182820.996], [2547594.184, 1182818.866], [2547596.374, 1182823.136], [2547592.585, 1182825.156], [2547591.344, 1182822.956], [2547589.355, 1182823.966]]]}, "properties": {"OBJECTID": 46503761, "EGID": 846940}}, {"type": "Feature", "id": 46503944, "geometry": {"type": "Polygon", "coordinates": [[[2547547.345, 1182784.047], [2547550.135, 1182788.937], [2547543.435, 1182791.587], [2547543.295, 1182787.927], [2547547.345, 1182784.047]]]}, "properties": {"OBJECTID": 46503944, "EGID": 280032811}}, {"type": "Feature", "id": 46503972, "geometry": {"type": "Polygon", "coordinates": [[[2543979.677, 1181427.22], [2543975.497, 1181435.29], [2543971.567, 1181433.19], [2543967.857, 1181440.27], [2543961.587, 1181437.14], [2543965.247, 1181429.91], [2543966.267, 1181430.39], [2543970.247, 1181422.45], [2543979.677, 1181427.22]]]}, "properties": {"OBJECTID": 46503972, "EGID": 846992}}, {"type": "Feature", "id": 46504212, "geometry": {"type": "Polygon", "coordinates": [[[2547974.42, 1183002.746], [2547970.69, 1183007.156], [2547966.27, 1183003.406], [2547970.11, 1182998.866], [2547974.42, 1183002.746]]]}, "properties": {"OBJECTID": 46504212, "EGID": 280030940}}, {"type": "Feature", "id": 46504353, "geometry": {"type": "Polygon", "coordinates": [[[2546513.114, 1183628.571], [2546513.424, 1183628.121], [2546529.534, 1183639.73], [2546530.874, 1183638.11], [2546537.3, 1183643.284], [2546527.016, 1183656.21], [2546525.339, 1183654.873], [2546526.754, 1183653.13], [2546521.668, 1183649.523], [2546522.513, 1183648.32], [2546506.764, 1183637.251], [2546507.164, 1183636.701], [2546513.114, 1183628.571]]]}, "properties": {"OBJECTID": 46504353, "EGID": 846572}}, {"type": "Feature", "id": 46504611, "geometry": {"type": "Polygon", "coordinates": [[[2546391.042, 1180961.699], [2546389.342, 1180963.129], [2546390.222, 1180964.329], [2546388.212, 1180965.849], [2546387.422, 1180964.739], [2546385.622, 1180966.239], [2546380.162, 1180959.71], [2546385.532, 1180955.2], [2546391.042, 1180961.699]]]}, "properties": {"OBJECTID": 46504611, "EGID": 280017611}}, {"type": "Feature", "id": 46504989, "geometry": {"type": "Polygon", "coordinates": [[[2549466.822, 1180848.394], [2549474.272, 1180847.424], [2549476.792, 1180853.464], [2549475.452, 1180853.974], [2549477.252, 1180858.234], [2549457.8310000002, 1180864.394], [2549455.092, 1180857.245], [2549458.352, 1180856.144], [2549458.242, 1180855.864], [2549459.652, 1180855.384], [2549458.442, 1180851.105], [2549466.822, 1180848.394]]]}, "properties": {"OBJECTID": 46504989, "EGID": 841973}}, {"type": "Feature", "id": 46505030, "geometry": {"type": "Polygon", "coordinates": [[[2548562.056, 1181688.576], [2548550.507, 1181698.606], [2548534.237, 1181680.317], [2548529.187, 1181684.737], [2548520.572, 1181675.271], [2548534.705, 1181662.695], [2548537.376, 1181665.697], [2548539.556, 1181663.747], [2548546.236, 1181671.336], [2548547.046, 1181670.626], [2548562.056, 1181688.576]]]}, "properties": {"OBJECTID": 46505030, "EGID": 843414}}, {"type": "Feature", "id": 46505242, "geometry": {"type": "Polygon", "coordinates": [[[2547231.504, 1183577.974], [2547233.964, 1183584.023], [2547230.134, 1183585.614], [2547227.664, 1183579.554], [2547231.504, 1183577.974]]]}, "properties": {"OBJECTID": 46505242, "EGID": 280036006}}, {"type": "Feature", "id": 46505298, "geometry": {"type": "Polygon", "coordinates": [[[2545955.787, 1182275.877], [2545960.707, 1182283.497], [2545945.397, 1182293.537], [2545940.297, 1182285.797], [2545955.787, 1182275.877]]]}, "properties": {"OBJECTID": 46505298, "EGID": 280008575}}, {"type": "Feature", "id": 46505608, "geometry": {"type": "Polygon", "coordinates": [[[2546306.055, 1183488.197], [2546300.485, 1183475.137], [2546308.485, 1183471.777], [2546314.345, 1183469.487], [2546316.035, 1183473.817], [2546323.375, 1183470.877], [2546332.535, 1183467.726], [2546332.805, 1183468.516], [2546332.415, 1183468.656], [2546334.275, 1183473.476], [2546334.425, 1183474.036], [2546333.655, 1183474.336], [2546333.565, 1183474.146], [2546329.035, 1183475.976], [2546329.055, 1183476.246], [2546327.495, 1183476.836], [2546327.315, 1183476.546], [2546326.185, 1183476.986], [2546326.265, 1183477.296], [2546325.825, 1183477.416], [2546320.635, 1183479.357], [2546319.345, 1183479.867], [2546318.095, 1183480.287], [2546319.125, 1183483.067], [2546306.055, 1183488.197]]]}, "properties": {"OBJECTID": 46505608, "EGID": 846553}}, {"type": "Feature", "id": 46505757, "geometry": {"type": "Polygon", "coordinates": [[[2545987.212, 1182116.836], [2545995.112, 1182112.356], [2546006.777, 1182132.875], [2545998.852, 1182137.363], [2545987.212, 1182116.836]]]}, "properties": {"OBJECTID": 46505757, "EGID": 280006435}}, {"type": "Feature", "id": 46505787, "geometry": {"type": "Polygon", "coordinates": [[[2546997.513, 1182657.894], [2546993.383, 1182661.604], [2546990.833, 1182658.524], [2546994.733, 1182655.004], [2547000.142, 1182650.124], [2547002.752, 1182653.184], [2546997.513, 1182657.894]]]}, "properties": {"OBJECTID": 46505787, "EGID": 280021317}}, {"type": "Feature", "id": 46505974, "geometry": {"type": "Polygon", "coordinates": [[[2548484.287, 1180148.357], [2548489.167, 1180144.757], [2548494.517, 1180152.106], [2548489.577, 1180155.666], [2548484.287, 1180148.357]]]}, "properties": {"OBJECTID": 46505974, "EGID": 280020047}}, {"type": "Feature", "id": 46505985, "geometry": {"type": "Polygon", "coordinates": [[[2546541.487, 1183691.023], [2546528.945, 1183681.043], [2546532.067, 1183677.132], [2546531.291, 1183676.513], [2546534.925, 1183671.922], [2546535.717, 1183672.558], [2546540.879, 1183666.067], [2546540.088, 1183665.438], [2546543.735, 1183660.87], [2546544.522, 1183661.484], [2546547.633, 1183657.564], [2546555.679, 1183663.961], [2546560.173, 1183667.535], [2546551.917, 1183677.912], [2546552.088, 1183678.048], [2546549.918, 1183680.8], [2546549.735, 1183680.655], [2546541.487, 1183691.023]]]}, "properties": {"OBJECTID": 46505985, "EGID": 280074866}}, {"type": "Feature", "id": 46506087, "geometry": {"type": "Polygon", "coordinates": [[[2544122.805, 1183637.922], [2544120.829, 1183644.118], [2544116.109, 1183642.642], [2544116.982, 1183639.7719999999], [2544115.027, 1183639.19], [2544115.713, 1183636.778], [2544114.487, 1183636.424], [2544114.84, 1183635.426], [2544122.805, 1183637.922]]]}, "properties": {"OBJECTID": 46506087, "EGID": 842256}}, {"type": "Feature", "id": 46506089, "geometry": {"type": "Polygon", "coordinates": [[[2547264.7939999998, 1183549.033], [2547268.453, 1183559.013], [2547260.494, 1183561.933], [2547256.934, 1183551.823], [2547264.7939999998, 1183549.033]]]}, "properties": {"OBJECTID": 46506089, "EGID": 846638}}, {"type": "Feature", "id": 46506165, "geometry": {"type": "Polygon", "coordinates": [[[2546622.127, 1182743.825], [2546623.807, 1182744.935], [2546622.167, 1182747.355], [2546620.477, 1182746.315], [2546622.127, 1182743.825]]]}, "properties": {"OBJECTID": 46506165, "EGID": 280117656}}, {"type": "Feature", "id": 46506206, "geometry": {"type": "Polygon", "coordinates": [[[2546748.461, 1182223.855], [2546756.782, 1182255.724], [2546743.972, 1182259.055], [2546735.662, 1182227.075], [2546748.461, 1182223.855]]]}, "properties": {"OBJECTID": 46506206, "EGID": 846957}}, {"type": "Feature", "id": 46506312, "geometry": {"type": "Polygon", "coordinates": [[[2547035.967, 1183616.7179999999], [2547040.037, 1183625.878], [2547035.037, 1183628.078], [2547030.837, 1183619.028], [2547035.967, 1183616.7179999999]]]}, "properties": {"OBJECTID": 46506312, "EGID": 280019650}}, {"type": "Feature", "id": 46506429, "geometry": {"type": "Polygon", "coordinates": [[[2547249.474, 1183406.064], [2547249.394, 1183405.934], [2547257.363, 1183401.454], [2547262.323, 1183410.294], [2547254.453, 1183414.764], [2547252.873, 1183412.024], [2547251.334, 1183412.874], [2547251.214, 1183412.684], [2547245.964, 1183415.674], [2547242.714, 1183409.874], [2547249.474, 1183406.064]]]}, "properties": {"OBJECTID": 46506429, "EGID": 846822}}, {"type": "Feature", "id": 46506539, "geometry": {"type": "Polygon", "coordinates": [[[2547352.475, 1183268.912], [2547352.332, 1183268.542], [2547349.852, 1183261.2719999999], [2547357.972, 1183258.192], [2547360.772, 1183265.702], [2547360.63, 1183265.757], [2547362.109, 1183269.594], [2547357.009, 1183271.561], [2547355.533, 1183267.733], [2547352.475, 1183268.912]]]}, "properties": {"OBJECTID": 46506539, "EGID": 846807}}, {"type": "Feature", "id": 46506600, "geometry": {"type": "Polygon", "coordinates": [[[2546762.248, 1182914.469], [2546770.008, 1182906.689], [2546774.258, 1182910.919], [2546770.028, 1182915.169], [2546767.908, 1182913.069], [2546764.378, 1182916.609], [2546762.248, 1182914.469]]]}, "properties": {"OBJECTID": 46506600, "EGID": 280020510}}, {"type": "Feature", "id": 46506645, "geometry": {"type": "Polygon", "coordinates": [[[2547310.72, 1182892.884], [2547306.16, 1182898.144], [2547303.62, 1182895.934], [2547308.34, 1182890.454], [2547310.72, 1182892.884]]]}, "properties": {"OBJECTID": 46506645, "EGID": 280036409}}, {"type": "Feature", "id": 46506794, "geometry": {"type": "Polygon", "coordinates": [[[2546427.895, 1183738.582], [2546432.555, 1183745.352], [2546425.355, 1183750.302], [2546420.685, 1183743.562], [2546427.895, 1183738.582]]]}, "properties": {"OBJECTID": 46506794, "EGID": 846584}}, {"type": "Feature", "id": 46506842, "geometry": {"type": "Polygon", "coordinates": [[[2547578.494, 1182749.896], [2547586.984, 1182758.986], [2547580.154, 1182765.236], [2547571.754, 1182756.166], [2547578.494, 1182749.896]]]}, "properties": {"OBJECTID": 46506842, "EGID": 846946}}, {"type": "Feature", "id": 46506855, "geometry": {"type": "Polygon", "coordinates": [[[2547304.072, 1183111.774], [2547307.932, 1183115.524], [2547302.772, 1183120.914], [2547298.792, 1183117.045], [2547304.072, 1183111.774]]]}, "properties": {"OBJECTID": 46506855, "EGID": 280025583}}, {"type": "Feature", "id": 46507187, "geometry": {"type": "Polygon", "coordinates": [[[2547932.371, 1183052.707], [2547932.981, 1183051.877], [2547925.781, 1183045.737], [2547930.771, 1183039.997], [2547933.041, 1183041.787], [2547934.221, 1183040.557], [2547942.461, 1183047.667], [2547940.001, 1183050.527], [2547940.991, 1183051.517], [2547938.911, 1183054.197], [2547937.771, 1183053.4070000001], [2547935.731, 1183055.577], [2547932.371, 1183052.707]]]}, "properties": {"OBJECTID": 46507187, "EGID": 846903}}, {"type": "Feature", "id": 46507196, "geometry": {"type": "Polygon", "coordinates": [[[2547437.566, 1183414.792], [2547437.81283012, 1183415.253780119], [2547437.9802759015, 1183415.7498929047], [2547438.0637685964, 1183416.2668019452], [2547438.0610301094, 1183416.7904034033], [2547437.9721351606, 1183417.3064108395], [2547437.7995092445, 1183417.8007450174], [2547437.5478624497, 1183418.2599180532], [2547437.224060947, 1183418.6714014346], [2547436.836939644, 1183419.0239678577], [2547436.3970611254, 1183419.3079975657], [2547435.9164274544, 1183419.5157408225], [2547435.408152697, 1183419.6415293638], [2547434.886105104, 1183419.6819310554], [2547434.3645287175, 1183419.6358435394], [2547433.8576547224, 1183419.5045243113], [2547433.3793131514, 1183419.2915564093], [2547432.9425555286, 1183419.0027506524], [2547432.5592987644, 1183418.6459870904], [2547432.24, 1183418.231], [2547431.982005277, 1183417.7424663303], [2547431.812750311, 1183417.2165583728], [2547431.737376404, 1183416.6692511488], [2547431.7581731193, 1183416.1171697055], [2547431.874508735, 1183415.5770841122], [2547432.0828494304, 1183415.0654000517], [2547432.3768666326, 1183414.5976604787], [2547432.7476292523, 1183414.1880734875], [2547433.183874974, 1183413.8490807246], [2547433.6723523648, 1183413.590979461], [2547434.198223396, 1183413.4216098008], [2547434.7455141684, 1183413.3461165302], [2547435.2976001343, 1183413.3667928388], [2547435.837711087, 1183413.483010661], [2547436.3494405732, 1183413.6912397558], [2547436.817244259, 1183413.9851549393], [2547437.226912102, 1183414.355828221], [2547437.566, 1183414.792]]]}, "properties": {"OBJECTID": 46507196, "EGID": 280132762}}, {"type": "Feature", "id": 46507262, "geometry": {"type": "Polygon", "coordinates": [[[2546607.843, 1183635.618], [2546609.123, 1183641.458], [2546606.203, 1183642.088], [2546604.913, 1183636.248], [2546607.843, 1183635.618]]]}, "properties": {"OBJECTID": 46507262, "EGID": 280045215}}, {"type": "Feature", "id": 46507286, "geometry": {"type": "Polygon", "coordinates": [[[2544068.495, 1183616.592], [2544067.516, 1183620.138], [2544060.857, 1183618.22], [2544061.899, 1183614.724], [2544068.495, 1183616.592]]]}, "properties": {"OBJECTID": 46507286, "EGID": 280055675}}, {"type": "Feature", "id": 46507496, "geometry": {"type": "Polygon", "coordinates": [[[2546052.9359999998, 1184011.384], [2546060.187, 1184018.298], [2546053.969, 1184024.806], [2546046.723, 1184017.899], [2546052.9359999998, 1184011.384]]]}, "properties": {"OBJECTID": 46507496, "EGID": 846499}}, {"type": "Feature", "id": 46507637, "geometry": {"type": "Polygon", "coordinates": [[[2546919.197, 1183027.124], [2546925.147, 1183033.124], [2546916.788, 1183041.534], [2546910.788, 1183035.614], [2546919.197, 1183027.124]]]}, "properties": {"OBJECTID": 46507637, "EGID": 846710}}, {"type": "Feature", "id": 46507887, "geometry": {"type": "Polygon", "coordinates": [[[2548517.998, 1181735.637], [2548508.388, 1181744.138], [2548497.698, 1181732.158], [2548498.888, 1181731.108], [2548511.497, 1181720.777], [2548515.987, 1181725.527], [2548512.008, 1181729.297], [2548515.265, 1181732.745], [2548517.998, 1181735.637]]]}, "properties": {"OBJECTID": 46507887, "EGID": 280006594}}, {"type": "Feature", "id": 46508093, "geometry": {"type": "Polygon", "coordinates": [[[2548615.3140000002, 1181604.684], [2548621.594, 1181596.184], [2548629.8140000002, 1181602.324], [2548623.554, 1181610.774], [2548615.3140000002, 1181604.684]]]}, "properties": {"OBJECTID": 46508093, "EGID": 843412}}, {"type": "Feature", "id": 46508381, "geometry": {"type": "Polygon", "coordinates": [[[2546745.599, 1183101.7179999999], [2546743.579, 1183104.118], [2546739.6689999998, 1183108.7280000001], [2546747.469, 1183115.328], [2546747.539, 1183116.258], [2546745.68, 1183118.398], [2546746.34, 1183118.988], [2546745.167885659, 1183121.1121817073], [2546743.76, 1183123.088], [2546742.95, 1183124.048], [2546741.2168679712, 1183125.7481153903], [2546739.3, 1183127.238], [2546738.64, 1183126.678], [2546736.79, 1183128.848], [2546735.87, 1183128.918], [2546728.2, 1183122.398], [2546724.29, 1183128.638], [2546723.69, 1183128.258], [2546723.19, 1183128.878], [2546726.15, 1183131.408], [2546726.3, 1183131.238], [2546726.5, 1183131.408], [2546726.24, 1183131.688], [2546755.25, 1183156.257], [2546755.45, 1183155.867], [2546755.88, 1183156.267], [2546748.65, 1183164.858], [2546748.22, 1183164.4679999999], [2546748.45, 1183164.148], [2546747.19, 1183163.088], [2546743.62, 1183167.308], [2546742.68, 1183167.388], [2546736.8, 1183162.418], [2546736.72, 1183161.4679999999], [2546733.7, 1183158.918], [2546732.76, 1183158.998], [2546726.87, 1183154.028], [2546726.79, 1183153.078], [2546730.35, 1183148.858], [2546721.79, 1183141.628], [2546718.83, 1183145.208], [2546708.63, 1183136.539], [2546711.65, 1183133.029], [2546704.45, 1183126.919], [2546704.27, 1183127.139], [2546703.93, 1183126.849], [2546711.2, 1183118.289], [2546711.54, 1183118.629], [2546711.2, 1183118.999], [2546719.36, 1183125.899], [2546721.4, 1183123.509], [2546719.22, 1183121.659], [2546720.74, 1183119.869], [2546722.89, 1183121.729], [2546724.62, 1183119.699], [2546718.22, 1183114.229], [2546718.45, 1183113.939], [2546729.899, 1183100.509], [2546730.106, 1183100.266], [2546735.989, 1183093.358], [2546734.705, 1183092.344], [2546752.498, 1183071.572], [2546763.488, 1183081.015], [2546759.712, 1183085.312], [2546758.559, 1183084.328], [2546744.479, 1183100.748], [2546745.599, 1183101.7179999999]]]}, "properties": {"OBJECTID": 46508381, "EGID": 846684}}, {"type": "Feature", "id": 46508655, "geometry": {"type": "Polygon", "coordinates": [[[2548009.08, 1183048.235], [2548009.02, 1183045.765], [2548006.15, 1183045.755], [2548005.959, 1183039.885], [2548015.819, 1183039.565], [2548015.859, 1183040.985], [2548019.039, 1183043.695], [2548019.789, 1183042.995], [2548020.089, 1183043.295], [2548019.349, 1183044.185], [2548020.079, 1183044.725], [2548020.339, 1183044.495], [2548025.839, 1183049.304], [2548019.239, 1183057.035], [2548009.08, 1183048.235]]]}, "properties": {"OBJECTID": 46508655, "EGID": 846920}}, {"type": "Feature", "id": 46508893, "geometry": {"type": "Polygon", "coordinates": [[[2547352.732, 1183275.2719999999], [2547349.932, 1183276.952], [2547346.672, 1183271.552], [2547349.492, 1183269.862], [2547352.732, 1183275.2719999999]]]}, "properties": {"OBJECTID": 46508893, "EGID": 280040738}}, {"type": "Feature", "id": 46508899, "geometry": {"type": "Polygon", "coordinates": [[[2546002.182, 1184061.381], [2546008.542, 1184071.04], [2546001.642, 1184075.781], [2545995.102, 1184066.201], [2546002.182, 1184061.381]]]}, "properties": {"OBJECTID": 46508899, "EGID": 846502}}, {"type": "Feature", "id": 46509390, "geometry": {"type": "Polygon", "coordinates": [[[2549376.98, 1180935.524], [2549372.75, 1180927.655], [2549377.2, 1180925.275], [2549377.78, 1180926.335], [2549385.05, 1180922.465], [2549388.71, 1180929.364], [2549386.79, 1180930.424], [2549388.41, 1180933.594], [2549383.64, 1180936.124], [2549381.91, 1180932.904], [2549376.98, 1180935.524]]]}, "properties": {"OBJECTID": 46509390, "EGID": 841969}}, {"type": "Feature", "id": 46509447, "geometry": {"type": "Polygon", "coordinates": [[[2547479.195, 1182885.705], [2547481.166, 1182883.471], [2547485.677, 1182887.435], [2547483.692, 1182889.68], [2547479.195, 1182885.705]]]}, "properties": {"OBJECTID": 46509447, "EGID": 280071299}}, {"type": "Feature", "id": 46509580, "geometry": {"type": "Polygon", "coordinates": [[[2545879.222, 1183999.464], [2545874.652, 1184004.694], [2545869.292, 1184000.075], [2545873.932, 1183994.814], [2545879.222, 1183999.464]]]}, "properties": {"OBJECTID": 46509580, "EGID": 846506}}, {"type": "Feature", "id": 46509657, "geometry": {"type": "Polygon", "coordinates": [[[2549134.642, 1180719.926], [2549139.192, 1180730.136], [2549136.632, 1180731.336], [2549132.142, 1180720.966], [2549134.642, 1180719.926]]]}, "properties": {"OBJECTID": 46509657, "EGID": 280032043}}, {"type": "Feature", "id": 46510275, "geometry": {"type": "Polygon", "coordinates": [[[2547994.361, 1183130.974], [2547996.639, 1183128.319], [2548000.49, 1183131.639], [2547998.2060000002, 1183134.306], [2547994.361, 1183130.974]]]}, "properties": {"OBJECTID": 46510275, "EGID": null}}, {"type": "Feature", "id": 46510337, "geometry": {"type": "Polygon", "coordinates": [[[2546734.879, 1183411.799], [2546728.895, 1183404.145], [2546736.019, 1183398.595], [2546741.993, 1183406.264], [2546734.879, 1183411.799]]]}, "properties": {"OBJECTID": 46510337, "EGID": 280095916}}, {"type": "Feature", "id": 46510748, "geometry": {"type": "Polygon", "coordinates": [[[2546038.071, 1183994.47], [2546044.291, 1184000.43], [2546038.041, 1184006.85], [2546031.791, 1184001.08], [2546038.071, 1183994.47]]]}, "properties": {"OBJECTID": 46510748, "EGID": 846467}}, {"type": "Feature", "id": 46510794, "geometry": {"type": "Polygon", "coordinates": [[[2547412.274, 1182907.683], [2547415.014, 1182904.769], [2547418.4, 1182907.94], [2547415.653, 1182910.861], [2547416.748, 1182911.891], [2547416.438, 1182912.217], [2547417.575, 1182913.299], [2547414.812, 1182916.205], [2547413.674, 1182915.123], [2547405.239, 1182923.991], [2547400.679, 1182919.611], [2547406.119, 1182913.811], [2547405.089, 1182912.801], [2547411.028, 1182906.511], [2547412.274, 1182907.683]]]}, "properties": {"OBJECTID": 46510794, "EGID": 846879}}, {"type": "Feature", "id": 46510999, "geometry": {"type": "Polygon", "coordinates": [[[2547221.404, 1183573.864], [2547224.264, 1183580.424], [2547214.944, 1183584.314], [2547212.144, 1183577.804], [2547221.404, 1183573.864]]]}, "properties": {"OBJECTID": 46510999, "EGID": 846636}}, {"type": "Feature", "id": 46511175, "geometry": {"type": "Polygon", "coordinates": [[[2547277.223, 1183395.423], [2547281.273, 1183403.123], [2547271.123, 1183408.514], [2547267.073, 1183400.744], [2547277.223, 1183395.423]]]}, "properties": {"OBJECTID": 46511175, "EGID": 846823}}, {"type": "Feature", "id": 46511216, "geometry": {"type": "Polygon", "coordinates": [[[2548939.647, 1180280.562], [2548955.437, 1180289.582], [2548957.537, 1180286.352], [2548961.677, 1180288.961], [2548959.657, 1180292.151], [2548972.777, 1180300.231], [2548964.127, 1180314.561], [2548930.917, 1180296.992], [2548939.647, 1180280.562]]]}, "properties": {"OBJECTID": 46511216, "EGID": 842050}}, {"type": "Feature", "id": 46511325, "geometry": {"type": "Polygon", "coordinates": [[[2547055.266, 1183339.889], [2547065.816, 1183335.429], [2547069.366, 1183343.649], [2547058.946, 1183348.139], [2547057.256, 1183347.439], [2547054.896, 1183342.059], [2547054.626, 1183341.499], [2547055.266, 1183339.889]]]}, "properties": {"OBJECTID": 46511325, "EGID": 846745}}, {"type": "Feature", "id": 46511494, "geometry": {"type": "Polygon", "coordinates": [[[2546086.59, 1184009.879], [2546088.18, 1184011.369], [2546091.68, 1184007.609], [2546096.93, 1184012.649], [2546089.84, 1184020.099], [2546082.96, 1184013.759], [2546086.59, 1184009.879]]]}, "properties": {"OBJECTID": 46511494, "EGID": 846533}}, {"type": "Feature", "id": 46511561, "geometry": {"type": "Polygon", "coordinates": [[[2547670.967, 1183176.194], [2547667.177, 1183169.105], [2547667.637, 1183167.715], [2547678.346, 1183162.294], [2547679.716, 1183162.834], [2547683.376, 1183169.664], [2547694.036, 1183164.114], [2547702.496, 1183180.244], [2547700.916, 1183180.954], [2547708.546, 1183195.584], [2547708.056, 1183197.004], [2547691.497, 1183205.354], [2547690.357, 1183204.964], [2547682.747, 1183190.364], [2547680.097, 1183191.664], [2547671.837, 1183175.684], [2547670.967, 1183176.194]]]}, "properties": {"OBJECTID": 46511561, "EGID": 9031401}}, {"type": "Feature", "id": 46511569, "geometry": {"type": "Polygon", "coordinates": [[[2547419.748, 1182833.691], [2547413.208, 1182828.151], [2547419.257, 1182823.561], [2547421.727, 1182826.27], [2547421.567, 1182826.42], [2547423.847, 1182828.93], [2547419.748, 1182833.691]]]}, "properties": {"OBJECTID": 46511569, "EGID": 846880}}, {"type": "Feature", "id": 46512072, "geometry": {"type": "Polygon", "coordinates": [[[2546644.836, 1182568.656], [2546653.066, 1182590.115], [2546641.896, 1182594.396], [2546633.576, 1182573.026], [2546644.836, 1182568.656]]]}, "properties": {"OBJECTID": 46512072, "EGID": 280005664}}, {"type": "Feature", "id": 46512098, "geometry": {"type": "Polygon", "coordinates": [[[2548429.197, 1180234.386], [2548440.727, 1180244.545], [2548432.547, 1180252.555], [2548428.407, 1180248.995], [2548430.227, 1180247.015], [2548422.877, 1180240.905], [2548429.197, 1180234.386]]]}, "properties": {"OBJECTID": 46512098, "EGID": 842068}}, {"type": "Feature", "id": 46512124, "geometry": {"type": "Polygon", "coordinates": [[[2546406.335, 1183481.264], [2546403.655, 1183482.704], [2546405.215, 1183487.834], [2546376.685, 1183503.215], [2546375.625, 1183502.645], [2546371.935, 1183495.595], [2546369.275, 1183497.035], [2546366.765, 1183492.515], [2546369.455, 1183491.105], [2546365.495, 1183483.705], [2546370.035, 1183481.305], [2546368.665, 1183478.615], [2546377.545, 1183473.845], [2546378.925, 1183476.505], [2546387.655, 1183471.795], [2546386.275, 1183469.165], [2546395.194, 1183464.465], [2546396.554, 1183467.085], [2546401.484, 1183464.404], [2546404.105, 1183473.524], [2546406.335, 1183481.264]]]}, "properties": {"OBJECTID": 46512124, "EGID": 846550}}, {"type": "Feature", "id": 46512478, "geometry": {"type": "Polygon", "coordinates": [[[2546186.128, 1183762.708], [2546191.248, 1183770.938], [2546188.758, 1183772.458], [2546183.568, 1183764.128], [2546186.128, 1183762.708]]]}, "properties": {"OBJECTID": 46512478, "EGID": 280070203}}, {"type": "Feature", "id": 46512586, "geometry": {"type": "Polygon", "coordinates": [[[2547127.065, 1183465.987], [2547131.545, 1183469.997], [2547129.545, 1183472.187], [2547125.075, 1183468.177], [2547127.065, 1183465.987]]]}, "properties": {"OBJECTID": 46512586, "EGID": 280044443}}, {"type": "Feature", "id": 46512644, "geometry": {"type": "Polygon", "coordinates": [[[2547037.596, 1183084.991], [2547039.326, 1183087.411], [2547027.286, 1183096.281], [2547025.466, 1183093.841], [2547037.596, 1183084.991]]]}, "properties": {"OBJECTID": 46512644, "EGID": 280023911}}, {"type": "Feature", "id": 46512710, "geometry": {"type": "Polygon", "coordinates": [[[2546412.716, 1183946.361], [2546415.556, 1183953.441], [2546406.166, 1183957.361], [2546403.166, 1183950.352], [2546412.716, 1183946.361]]]}, "properties": {"OBJECTID": 46512710, "EGID": 846599}}, {"type": "Feature", "id": 46512780, "geometry": {"type": "Polygon", "coordinates": [[[2546028.371, 1184107.018], [2546019.099, 1184112.987], [2546012.52, 1184102.886], [2546017.193, 1184099.776], [2546020.369, 1184104.692], [2546024.745, 1184101.866], [2546026.416, 1184104.453], [2546026.626, 1184104.317], [2546028.371, 1184107.018]]]}, "properties": {"OBJECTID": 46512780, "EGID": 280013423}}, {"type": "Feature", "id": 46512914, "geometry": {"type": "Polygon", "coordinates": [[[2546747.341, 1183598.425], [2546735.351, 1183601.285], [2546733.921, 1183595.265], [2546745.911, 1183592.395], [2546747.341, 1183598.425]]]}, "properties": {"OBJECTID": 46512914, "EGID": 846659}}, {"type": "Feature", "id": 46513007, "geometry": {"type": "Polygon", "coordinates": [[[2547215.994, 1183323.215], [2547220.934, 1183319.305], [2547223.444, 1183322.575], [2547218.874, 1183326.485], [2547215.994, 1183323.215]]]}, "properties": {"OBJECTID": 46513007, "EGID": 280035066}}, {"type": "Feature", "id": 46513020, "geometry": {"type": "Polygon", "coordinates": [[[2546968.479, 1180722.858], [2546973.349, 1180717.138], [2546984.698, 1180726.747], [2546979.888, 1180732.527], [2546976.938, 1180736.087], [2546965.529, 1180726.4780000001], [2546968.479, 1180722.858]]]}, "properties": {"OBJECTID": 46513020, "EGID": 280008094}}, {"type": "Feature", "id": 46513038, "geometry": {"type": "Polygon", "coordinates": [[[2545835.853, 1184056.375], [2545838.263, 1184053.585], [2545840.423, 1184055.625], [2545838.053, 1184058.275], [2545842.163, 1184061.975], [2545839.293, 1184065.115], [2545833.183, 1184059.705], [2545832.573, 1184060.475], [2545830.063, 1184058.295], [2545833.433, 1184054.265], [2545835.853, 1184056.375]]]}, "properties": {"OBJECTID": 46513038, "EGID": 846480}}, {"type": "Feature", "id": 46518726, "geometry": {"type": "Polygon", "coordinates": [[[2548589.396, 1181747.205], [2548586.316, 1181749.525], [2548583.576, 1181745.806], [2548585.096, 1181743.975], [2548586.1859999998, 1181742.935], [2548589.396, 1181747.205]]]}, "properties": {"OBJECTID": 46518726, "EGID": null}}, {"type": "Feature", "id": 46519358, "geometry": {"type": "Polygon", "coordinates": [[[2547719.645, 1183305.2179999999], [2547723.012, 1183317.275], [2547710.621, 1183320.735], [2547710.587, 1183320.6030000001], [2547704.657, 1183322.094], [2547702.227, 1183313.054], [2547714.547, 1183309.6030000001], [2547713.667, 1183306.903], [2547719.645, 1183305.2179999999]]]}, "properties": {"OBJECTID": 46519358, "EGID": null}}, {"type": "Feature", "id": 46519449, "geometry": {"type": "Polygon", "coordinates": [[[2548691.812, 1181526.0219999999], [2548694.312, 1181527.0320000001], [2548694.872, 1181527.252], [2548692.582, 1181533.072], [2548689.492, 1181531.892], [2548691.812, 1181526.0219999999]]]}, "properties": {"OBJECTID": 46519449, "EGID": null}}, {"type": "Feature", "id": 46519655, "geometry": {"type": "Polygon", "coordinates": [[[2547210.923, 1182968.707], [2547205.123, 1182972.687], [2547204.243, 1182971.537], [2547203.503, 1182970.437], [2547209.393, 1182966.457], [2547210.923, 1182968.707]]]}, "properties": {"OBJECTID": 46519655, "EGID": null}}, {"type": "Feature", "id": 46520345, "geometry": {"type": "Polygon", "coordinates": [[[2547463.471, 1183418.209], [2547467.111, 1183430.909], [2547472.491, 1183429.379], [2547472.731, 1183430.599], [2547466.471, 1183432.289], [2547465.101, 1183427.629], [2547460.701, 1183428.819], [2547458.161, 1183419.639], [2547463.471, 1183418.209]]]}, "properties": {"OBJECTID": 46520345, "EGID": null}}, {"type": "Feature", "id": 46522990, "geometry": {"type": "Polygon", "coordinates": [[[2546743.671, 1183615.085], [2546738.881, 1183616.225], [2546740.3310000002, 1183622.255], [2546741.741, 1183628.255], [2546743.191, 1183634.335], [2546731.021, 1183637.155], [2546726.861, 1183619.336], [2546732.171, 1183618.115], [2546731.711, 1183616.185], [2546726.401, 1183617.396], [2546716.711, 1183576.406], [2546726.691, 1183574.146], [2546727.031, 1183575.606], [2546734.161, 1183573.956], [2546736.141, 1183582.286], [2546743.131, 1183580.625], [2546745.911, 1183592.395], [2546733.921, 1183595.265], [2546735.351, 1183601.285], [2546736.751, 1183607.235], [2546738.211, 1183613.315], [2546742.991, 1183612.185], [2546743.671, 1183615.085]]]}, "properties": {"OBJECTID": 46522990, "EGID": null}}, {"type": "Feature", "id": 46522991, "geometry": {"type": "Polygon", "coordinates": [[[2547895.592, 1183059.898], [2547899.431, 1183055.428], [2547901.5810000002, 1183057.418], [2547897.772, 1183061.688], [2547895.592, 1183059.898]]]}, "properties": {"OBJECTID": 46522991, "EGID": null}}, {"type": "Feature", "id": 46523688, "geometry": {"type": "Polygon", "coordinates": [[[2546772.53, 1183514.745], [2546773.06, 1183514.615], [2546774.17, 1183519.275], [2546773.63, 1183519.405], [2546772.53, 1183514.745]]]}, "properties": {"OBJECTID": 46523688, "EGID": null}}, {"type": "Feature", "id": 46523698, "geometry": {"type": "Polygon", "coordinates": [[[2547555.298, 1183082.887], [2547554.248, 1183082.817], [2547551.448, 1183079.888], [2547551.426, 1183078.888], [2547552.888, 1183078.788], [2547555.428, 1183081.267], [2547555.298, 1183082.887]]]}, "properties": {"OBJECTID": 46523698, "EGID": null}}, {"type": "Feature", "id": 46523700, "geometry": {"type": "Polygon", "coordinates": [[[2548102.5439999998, 1182625.101], [2548127.493, 1182600.55], [2548138.013, 1182611.25], [2548113.0640000002, 1182635.791], [2548102.5439999998, 1182625.101]]]}, "properties": {"OBJECTID": 46523700, "EGID": null}}, {"type": "Feature", "id": 46523870, "geometry": {"type": "Polygon", "coordinates": [[[2546332.067, 1183608.764], [2546337.124, 1183623.256], [2546323.87, 1183627.88], [2546327.923, 1183639.492], [2546341.165, 1183634.849], [2546341.761, 1183636.561], [2546339.891, 1183637.212], [2546343.944, 1183648.812], [2546345.825, 1183648.155], [2546346.42, 1183649.859], [2546333.166, 1183654.501], [2546333.275, 1183654.812], [2546329.34, 1183656.187], [2546324.507, 1183642.371], [2546325.725, 1183641.946], [2546306.631, 1183587.344], [2546309.38, 1183586.384], [2546309.516, 1183586.774], [2546322.76, 1183582.15], [2546323.356, 1183583.859], [2546321.502, 1183584.506], [2546325.533, 1183596.111], [2546327.4189999998, 1183595.451], [2546328.018, 1183597.161], [2546314.774, 1183601.806], [2546318.8140000002, 1183613.387], [2546332.067, 1183608.764]]]}, "properties": {"OBJECTID": 46523870, "EGID": null}}, {"type": "Feature", "id": 46524088, "geometry": {"type": "Polygon", "coordinates": [[[2547177.475, 1183504.595], [2547189.804, 1183496.665], [2547191.864, 1183499.865], [2547179.555, 1183507.755], [2547177.475, 1183504.595]]]}, "properties": {"OBJECTID": 46524088, "EGID": null}}, {"type": "Feature", "id": 46524093, "geometry": {"type": "Polygon", "coordinates": [[[2547543.398, 1183067.928], [2547545.468, 1183067.828], [2547549.868, 1183072.158], [2547549.728, 1183074.188], [2547548.878, 1183074.2280000001], [2547543.418, 1183068.768], [2547543.398, 1183067.928]]]}, "properties": {"OBJECTID": 46524093, "EGID": null}}, {"type": "Feature", "id": 46524467, "geometry": {"type": "Polygon", "coordinates": [[[2546702.201, 1183532.287], [2546703.751, 1183538.247], [2546697.0810000002, 1183539.757], [2546695.721, 1183533.707], [2546702.201, 1183532.287]]]}, "properties": {"OBJECTID": 46524467, "EGID": null}}, {"type": "Feature", "id": 46524520, "geometry": {"type": "Polygon", "coordinates": [[[2545394.3140000002, 1181041.09], [2545396.654, 1181047.2], [2545392.524, 1181048.83], [2545390.144, 1181042.67], [2545394.3140000002, 1181041.09]]]}, "properties": {"OBJECTID": 46524520, "EGID": null}}, {"type": "Feature", "id": 46524655, "geometry": {"type": "Polygon", "coordinates": [[[2546750.671, 1183519.926], [2546751.211, 1183519.795], [2546752.171, 1183523.835], [2546751.641, 1183523.955], [2546750.671, 1183519.926]]]}, "properties": {"OBJECTID": 46524655, "EGID": null}}, {"type": "Feature", "id": 46524662, "geometry": {"type": "Polygon", "coordinates": [[[2547551.426, 1183078.888], [2547551.448, 1183079.888], [2547554.248, 1183082.817], [2547555.298, 1183082.887], [2547557.688, 1183085.017], [2547566.767, 1183075.877], [2547570.477, 1183079.387], [2547553.578, 1183096.308], [2547551.208, 1183093.798], [2547554.348, 1183090.467], [2547554.238, 1183088.227], [2547546.588, 1183080.818], [2547545.588, 1183081.848], [2547540.788, 1183077.2179999999], [2547541.968, 1183076.038], [2547534.588, 1183068.898], [2547532.728, 1183070.948], [2547530.448, 1183068.598], [2547535.718, 1183063.298], [2547531.928, 1183059.078], [2547534.908, 1183056.088], [2547534.968, 1183057.908], [2547534.968, 1183058.888], [2547536.688, 1183060.558], [2547537.748, 1183060.628], [2547537.718, 1183061.608], [2547539.378, 1183063.378], [2547539.488, 1183064.828], [2547542.448, 1183067.838], [2547543.398, 1183067.928], [2547543.418, 1183068.768], [2547548.878, 1183074.2280000001], [2547549.728, 1183074.188], [2547549.678, 1183075.038], [2547551.378, 1183076.658], [2547551.426, 1183078.888]]]}, "properties": {"OBJECTID": 46524662, "EGID": null}}, {"type": "Feature", "id": 46524663, "geometry": {"type": "Polygon", "coordinates": [[[2547534.968, 1183057.908], [2547536.028, 1183057.778], [2547537.808, 1183059.2179999999], [2547537.748, 1183060.628], [2547536.688, 1183060.558], [2547534.968, 1183058.888], [2547534.968, 1183057.908]]]}, "properties": {"OBJECTID": 46524663, "EGID": null}}, {"type": "Feature", "id": 46524814, "geometry": {"type": "Polygon", "coordinates": [[[2546887.845, 1183278.518], [2546911.1689999998, 1183300.439], [2546906.38, 1183305.528], [2546885.906, 1183286.316], [2546881.465, 1183291.049], [2546878.61, 1183288.3429999999], [2546887.845, 1183278.518]]]}, "properties": {"OBJECTID": 46524814, "EGID": null}}, {"type": "Feature", "id": 46524815, "geometry": {"type": "Polygon", "coordinates": [[[2546864.565, 1183256.635], [2546887.845, 1183278.518], [2546878.61, 1183288.3429999999], [2546875.866, 1183285.742], [2546880.321, 1183281.0219999999], [2546859.751, 1183261.678], [2546864.565, 1183256.635]]]}, "properties": {"OBJECTID": 46524815, "EGID": null}}, {"type": "Feature", "id": 46526348, "geometry": {"type": "Polygon", "coordinates": [[[2546008.907, 1182233.906], [2546012.287, 1182237.246], [2546010.087, 1182239.446], [2546006.737, 1182236.206], [2546008.907, 1182233.906]]]}, "properties": {"OBJECTID": 46526348, "EGID": null}}, {"type": "Feature", "id": 46526459, "geometry": {"type": "Polygon", "coordinates": [[[2547514.519, 1183112.279], [2547525.9189999998, 1183123.598], [2547526.709, 1183122.788], [2547529.529, 1183125.588], [2547528.319, 1183126.808], [2547526.889, 1183125.398], [2547518.549, 1183133.829], [2547515.529, 1183130.879], [2547512.399, 1183133.999], [2547502.6689999998, 1183124.329], [2547492.609, 1183114.339], [2547495.769, 1183111.139], [2547496.199, 1183111.129], [2547500.969, 1183106.279], [2547500.969, 1183105.869], [2547504.489, 1183102.319], [2547514.519, 1183112.279]]]}, "properties": {"OBJECTID": 46526459, "EGID": null}}, {"type": "Feature", "id": 46526460, "geometry": {"type": "Polygon", "coordinates": [[[2547515.598, 1183021.568], [2547517.128, 1183020.068], [2547518.948, 1183021.828], [2547518.308, 1183022.4679999999], [2547528.128, 1183032.278], [2547526.608, 1183033.798], [2547520.828, 1183028.058], [2547521.518, 1183027.388], [2547515.598, 1183021.568]]]}, "properties": {"OBJECTID": 46526460, "EGID": null}}, {"type": "Feature", "id": 46528395, "geometry": {"type": "Polygon", "coordinates": [[[2546772.93, 1183190.323], [2546760.711, 1183203.317], [2546765.734, 1183208.046], [2546764.5, 1183209.357], [2546755.61, 1183200.988], [2546769.0609999998, 1183186.685], [2546772.93, 1183190.323]]]}, "properties": {"OBJECTID": 46528395, "EGID": null}}, {"type": "Feature", "id": 46528396, "geometry": {"type": "Polygon", "coordinates": [[[2546815.0609999998, 1183211.633], [2546857.082, 1183251.122], [2546853.07, 1183255.398], [2546834.216, 1183237.717], [2546829.8109999998, 1183242.416], [2546825.454, 1183238.322], [2546829.865, 1183233.627], [2546811.046, 1183215.928], [2546815.0609999998, 1183211.633]]]}, "properties": {"OBJECTID": 46528396, "EGID": null}}, {"type": "Feature", "id": 46528397, "geometry": {"type": "Polygon", "coordinates": [[[2546835.645, 1183133.631], [2546834.411, 1183134.94], [2546829.396, 1183130.211], [2546817.168, 1183143.224], [2546813.32, 1183139.6030000001], [2546826.756, 1183125.2820000001], [2546835.645, 1183133.631]]]}, "properties": {"OBJECTID": 46528397, "EGID": null}}, {"type": "Feature", "id": 46528398, "geometry": {"type": "Polygon", "coordinates": [[[2546838.541, 1183169.121], [2546852.113, 1183181.816], [2546845.59, 1183188.687], [2546832.422, 1183175.62], [2546838.541, 1183169.121]]]}, "properties": {"OBJECTID": 46528398, "EGID": null}}, {"type": "Feature", "id": 46528691, "geometry": {"type": "Polygon", "coordinates": [[[2546931.038, 1183236.938], [2546906.552, 1183262.989], [2546902.945, 1183258.072], [2546921.744, 1183238.108], [2546924.221, 1183240.425], [2546929.173, 1183235.169], [2546931.038, 1183236.938]]]}, "properties": {"OBJECTID": 46528691, "EGID": null}}, {"type": "Feature", "id": 46528692, "geometry": {"type": "Polygon", "coordinates": [[[2546893.838, 1183221.034], [2546907.533, 1183233.875], [2546895.36, 1183246.66], [2546884.504, 1183231.217], [2546879.997, 1183227.003], [2546894.025, 1183212.076], [2546896.519, 1183214.41], [2546901.477, 1183209.15], [2546903.353, 1183210.909], [2546893.838, 1183221.034]]]}, "properties": {"OBJECTID": 46528692, "EGID": null}}, {"type": "Feature", "id": 46528693, "geometry": {"type": "Polygon", "coordinates": [[[2546866.099, 1183195.015], [2546879.815, 1183207.832], [2546871.376, 1183216.668], [2546859.0810000002, 1183201.875], [2546855.047, 1183198.066], [2546866.349, 1183186.059], [2546868.795, 1183188.372], [2546873.769, 1183183.123], [2546875.631, 1183184.882], [2546866.099, 1183195.015]]]}, "properties": {"OBJECTID": 46528693, "EGID": null}}, {"type": "Feature", "id": 46529071, "geometry": {"type": "Polygon", "coordinates": [[[2546885.757, 1183125.02], [2546902.451, 1183140.563], [2546882.482, 1183161.793], [2546874.952, 1183154.711], [2546884.562, 1183144.452], [2546880.375, 1183140.523], [2546874.524, 1183146.736], [2546869.646, 1183142.148], [2546885.757, 1183125.02]]]}, "properties": {"OBJECTID": 46529071, "EGID": null}}, {"type": "Feature", "id": 46529487, "geometry": {"type": "Polygon", "coordinates": [[[2546780.219, 1183102.827], [2546782.909, 1183105.007], [2546777.539, 1183111.347], [2546777.629, 1183113.467], [2546776.269, 1183115.107], [2546774.849, 1183115.287], [2546771.629, 1183112.607], [2546771.459, 1183110.947], [2546772.729, 1183109.367], [2546774.879, 1183109.117], [2546780.219, 1183102.827]]]}, "properties": {"OBJECTID": 46529487, "EGID": null}}, {"type": "Feature", "id": 46529488, "geometry": {"type": "Polygon", "coordinates": [[[2546751.359, 1183105.828], [2546752.679, 1183105.258], [2546754.209, 1183106.668], [2546756.179, 1183105.9780000001], [2546756.759, 1183105.348], [2546758.999, 1183107.278], [2546757.249, 1183109.328], [2546758.029, 1183111.458], [2546751.359, 1183105.828]]]}, "properties": {"OBJECTID": 46529488, "EGID": null}}, {"type": "Feature", "id": 46529489, "geometry": {"type": "Polygon", "coordinates": [[[2546776.739, 1183120.177], [2546778.6689999998, 1183117.967], [2546780.099, 1183119.247], [2546782.249, 1183119.587], [2546783.459, 1183118.167], [2546785.719, 1183118.357], [2546781.049, 1183123.797], [2546776.739, 1183120.177]]]}, "properties": {"OBJECTID": 46529489, "EGID": null}}, {"type": "Feature", "id": 46529490, "geometry": {"type": "Polygon", "coordinates": [[[2546783.1890000002, 1183105.287], [2546788.849, 1183110.237], [2546787.709, 1183109.937], [2546787.469, 1183110.207], [2546785.179, 1183108.337], [2546784.879, 1183107.117], [2546782.949, 1183105.527], [2546783.1890000002, 1183105.287]]]}, "properties": {"OBJECTID": 46529490, "EGID": null}}, {"type": "Feature", "id": 46529833, "geometry": {"type": "Polygon", "coordinates": [[[2546870.245, 1183502.304], [2546876.892, 1183503.428], [2546884.857, 1183513.563], [2546880.504, 1183517.07], [2546877.611, 1183513.408], [2546867.153, 1183521.682], [2546855.462, 1183506.86], [2546857.019, 1183506.414], [2546857.184, 1183506.991], [2546864.599, 1183504.867], [2546864.434, 1183504.291], [2546870.3310000002, 1183502.602], [2546870.245, 1183502.304]]]}, "properties": {"OBJECTID": 46529833, "EGID": null}}, {"type": "Feature", "id": 46529930, "geometry": {"type": "Polygon", "coordinates": [[[2547045.377, 1183171.719], [2547036.912, 1183163.901], [2547039.958, 1183160.641], [2547034.478, 1183154.09], [2547054.031, 1183137.77], [2547044.566, 1183126.431], [2547041.264, 1183121.671], [2547045.305, 1183118.2719999999], [2547048.742, 1183122.387], [2547047.36, 1183123.542], [2547059.093, 1183137.612], [2547068.922, 1183129.4070000001], [2547063.792, 1183123.259], [2547068.387, 1183119.428], [2547068.746, 1183119.86], [2547073.499, 1183125.586], [2547079.125, 1183132.362], [2547074.44, 1183136.268], [2547076.602, 1183138.858], [2547076.001, 1183139.5], [2547075.724, 1183139.241], [2547045.377, 1183171.719]], [[2547050.758, 1183148.86], [2547051.734, 1183148.045], [2547058.869, 1183140.411], [2547057.232, 1183138.881], [2547048.507, 1183146.171], [2547050.758, 1183148.86]]]}, "properties": {"OBJECTID": 46529930, "EGID": null}}, {"type": "Feature", "id": 46530204, "geometry": {"type": "Polygon", "coordinates": [[[2546703.751, 1183538.247], [2546702.201, 1183532.287], [2546703.531, 1183531.997], [2546703.591, 1183532.357], [2546704.941, 1183538.007], [2546703.751, 1183538.247]]]}, "properties": {"OBJECTID": 46530204, "EGID": null}}, {"type": "Feature", "id": 46530205, "geometry": {"type": "Polygon", "coordinates": [[[2546694.401, 1183528.107], [2546691.421, 1183524.6469999999], [2546693.491, 1183524.1469999999], [2546694.401, 1183528.107]]]}, "properties": {"OBJECTID": 46530205, "EGID": null}}, {"type": "Feature", "id": 46530249, "geometry": {"type": "Polygon", "coordinates": [[[2545264.909, 1180999.253], [2545265.726, 1180997.855], [2545265.135664141, 1180997.1163924576], [2545264.68055274, 1180996.2875914313], [2545264.3741152105, 1180995.3930895764], [2545264.2254073666, 1180994.4593211333], [2545264.23882381, 1180993.5138807453], [2545264.413968059, 1180992.584707984], [2545264.7456642655, 1180991.6992616816], [2545265.224110173, 1180990.8837084696], [2545265.83516679, 1180990.162149505], [2545266.5607762244, 1180989.5559082355], [2545267.3794953297, 1180989.0829002494], [2545268.2671293905, 1180988.757103838], [2545269.1974471235, 1180988.588146908], [2545270.1429558597, 1180988.5810224595], [2545271.075714008, 1180988.735941034], [2545271.9681567815, 1180989.0483244914], [2545272.7939107893, 1180989.5089413028], [2545273.528573421, 1180990.1041793607], [2545274.150433991, 1180990.8164482422], [2545274.6411153306, 1180991.6246990394], [2545274.986116867, 1180992.5050463958], [2545275.175243146, 1180993.4314743632], [2545275.2029051236, 1180994.3766052234], [2545275.068285336, 1180995.3125085523], [2545274.7753620544, 1180996.2115266162], [2545274.3327917233, 1180997.0470917125], [2545273.753653141, 1180997.7945112942], [2545273.0550609617, 1180998.4316976834], [2545272.257659919, 1180998.9398208037], [2545271.3850147394, 1180999.3038646453], [2545270.4629137567, 1180999.5130710164], [2545269.5186068183, 1180999.5612574685], [2545268.58, 1180999.447], [2545267.752, 1181000.862], [2545264.909, 1180999.253]]]}, "properties": {"OBJECTID": 46530249, "EGID": null}}, {"type": "Feature", "id": 46530603, "geometry": {"type": "Polygon", "coordinates": [[[2547373.209, 1182802.2179999999], [2547373.557, 1182802.498], [2547381.586, 1182792.461], [2547378.546, 1182790.033], [2547379.4, 1182788.99], [2547376.246, 1182786.49], [2547375.4189999998, 1182787.52], [2547370.658, 1182783.709], [2547380.992, 1182770.805], [2547400.947, 1182786.787], [2547398.252, 1182790.174], [2547401.818, 1182793.03], [2547399.526, 1182795.889], [2547400.617, 1182796.769], [2547398.1, 1182799.8969999999], [2547397.013, 1182799.007], [2547391.104, 1182806.409], [2547392.18, 1182807.301], [2547389.674, 1182810.416], [2547388.601, 1182809.537], [2547386.17, 1182812.569], [2547386.283, 1182812.66], [2547384.15, 1182815.313], [2547371.074, 1182804.884], [2547373.209, 1182802.2179999999]]]}, "properties": {"OBJECTID": 46530603, "EGID": null}}, {"type": "Feature", "id": 46531117, "geometry": {"type": "Polygon", "coordinates": [[[2547630.537, 1182950.8], [2547625.97, 1182946.879], [2547629.944, 1182942.251], [2547634.511, 1182946.172], [2547630.537, 1182950.8]]]}, "properties": {"OBJECTID": 46531117, "EGID": null}}, {"type": "Feature", "id": 46531218, "geometry": {"type": "Polygon", "coordinates": [[[2546772.319, 1183096.077], [2546777.959, 1183100.867], [2546776.859, 1183100.617], [2546776.639, 1183100.917], [2546774.299, 1183098.997], [2546773.879, 1183097.707], [2546772.219, 1183096.247], [2546772.319, 1183096.077]]]}, "properties": {"OBJECTID": 46531218, "EGID": null}}, {"type": "Feature", "id": 46531219, "geometry": {"type": "Polygon", "coordinates": [[[2546764.489, 1183089.388], [2546770.349, 1183094.318], [2546768.9390000002, 1183093.948], [2546768.769, 1183094.198], [2546766.429, 1183092.258], [2546765.979, 1183091.038], [2546764.269, 1183089.628], [2546764.489, 1183089.388]]]}, "properties": {"OBJECTID": 46531219, "EGID": null}}, {"type": "Feature", "id": 46531324, "geometry": {"type": "Polygon", "coordinates": [[[2546759.712, 1183085.312], [2546764.039, 1183089.008], [2546763.815, 1183089.28], [2546763.579, 1183089.073], [2546761.547, 1183091.385], [2546757.5, 1183087.828], [2546759.712, 1183085.312]]]}, "properties": {"OBJECTID": 46531324, "EGID": null}}, {"type": "Feature", "id": 46532552, "geometry": {"type": "Polygon", "coordinates": [[[2548832.227, 1180275.695], [2548836.397, 1180266.355], [2548841.688, 1180268.708], [2548837.457, 1180277.781], [2548832.227, 1180275.695]]]}, "properties": {"OBJECTID": 46532552, "EGID": null}}, {"type": "Feature", "id": 46533247, "geometry": {"type": "Polygon", "coordinates": [[[2547076.18, 1183119.2280000001], [2547080.929, 1183124.925], [2547081.758, 1183124.229], [2547084.4390000002, 1183127.423], [2547083.616, 1183128.109], [2547083.866, 1183128.41], [2547079.125, 1183132.362], [2547073.499, 1183125.586], [2547068.746, 1183119.86], [2547068.387, 1183119.428], [2547082.401, 1183107.707], [2547085.51, 1183111.424], [2547076.18, 1183119.2280000001]]]}, "properties": {"OBJECTID": 46533247, "EGID": null}}, {"type": "Feature", "id": 46533581, "geometry": {"type": "Polygon", "coordinates": [[[2546960.262, 1183213.874], [2546954.764, 1183219.71], [2546954.536, 1183219.497], [2546952, 1183222.194], [2546948.026, 1183218.463], [2546948.845, 1183217.591], [2546950.112, 1183218.781], [2546959.062, 1183209.242], [2546957.79, 1183208.043], [2546958.612, 1183207.171], [2546962.594, 1183210.925], [2546960.029, 1183213.654], [2546960.262, 1183213.874]]]}, "properties": {"OBJECTID": 46533581, "EGID": null}}, {"type": "Feature", "id": 46533810, "geometry": {"type": "Polygon", "coordinates": [[[2548642.229, 1181664.695], [2548637.737, 1181669.5], [2548636.28, 1181668.13], [2548640.768, 1181663.33], [2548642.229, 1181664.695]]]}, "properties": {"OBJECTID": 46533810, "EGID": null}}, {"type": "Feature", "id": 46534653, "geometry": {"type": "Polygon", "coordinates": [[[2547396.361, 1182951.341], [2547392.04, 1182954.377], [2547389.059, 1182958.769], [2547384.779, 1182961.813], [2547381.805, 1182966.195], [2547377.23, 1182969.499], [2547377.703, 1182969.948], [2547375.937, 1182971.749], [2547375.4560000002, 1182971.29], [2547370.915, 1182977.236], [2547370.287, 1182976.634], [2547367.227, 1182979.767], [2547363.68, 1182976.334], [2547410.3310000002, 1182928.552], [2547425.214, 1182943.083], [2547421.251, 1182947.142], [2547418.172, 1182944.137], [2547417.3310000002, 1182944.997], [2547415.053, 1182942.781], [2547415.902, 1182941.916], [2547409.9390000002, 1182936.085], [2547406.518, 1182939.578], [2547407.157, 1182940.206], [2547401.287, 1182944.882], [2547401.704, 1182945.288], [2547399.94, 1182947.089], [2547399.486, 1182946.666], [2547396.361, 1182951.341]]]}, "properties": {"OBJECTID": 46534653, "EGID": null}}, {"type": "Feature", "id": 46534654, "geometry": {"type": "Polygon", "coordinates": [[[2547412.625, 1182955.977], [2547386.829, 1182982.398], [2547385.487, 1182981.0929999999], [2547387.246, 1182979.283], [2547387.638, 1182979.66], [2547390.514, 1182976.726], [2547389.637, 1182975.869], [2547391.638, 1182973.823], [2547392.503, 1182974.688], [2547397.788, 1182969.2719999999], [2547396.903, 1182968.427], [2547398.907, 1182966.413], [2547399.781, 1182967.251], [2547405.0640000002, 1182961.852], [2547404.19, 1182961.001], [2547406.1689999998, 1182958.966], [2547407.0640000002, 1182959.817], [2547409.9189999998, 1182956.885], [2547409.51, 1182956.48], [2547411.326, 1182954.706], [2547412.625, 1182955.977]]]}, "properties": {"OBJECTID": 46534654, "EGID": null}}, {"type": "Feature", "id": 46534760, "geometry": {"type": "Polygon", "coordinates": [[[2546999.182, 1183181.605], [2547000.666, 1183184.005], [2546998.176, 1183185.55], [2546996.6890000002, 1183183.152], [2546999.182, 1183181.605]]]}, "properties": {"OBJECTID": 46534760, "EGID": null}}, {"type": "Feature", "id": 46535048, "geometry": {"type": "Polygon", "coordinates": [[[2546981.713, 1183176.814], [2546985.209, 1183182.473], [2546988.7060000002, 1183188.132], [2546991.418, 1183186.46], [2546992.886, 1183188.841], [2546990.174, 1183190.513], [2546990.271, 1183190.669], [2546987.497, 1183192.39], [2546985.83, 1183189.67], [2546981.41, 1183192.408], [2546969.539, 1183173.045], [2546968.583, 1183173.633], [2546967.484, 1183171.875], [2546975.537, 1183166.882], [2546980.222, 1183174.437], [2546982.941, 1183172.763], [2546984.416, 1183175.158], [2546981.713, 1183176.814]]]}, "properties": {"OBJECTID": 46535048, "EGID": null}}, {"type": "Feature", "id": 46535049, "geometry": {"type": "Polygon", "coordinates": [[[2546990.725, 1183167.919], [2546992.212, 1183170.325], [2546989.681, 1183171.87], [2546988.207, 1183169.456], [2546990.725, 1183167.919]]]}, "properties": {"OBJECTID": 46535049, "EGID": null}}, {"type": "Feature", "id": 46535077, "geometry": {"type": "Polygon", "coordinates": [[[2546931.528, 1183189.805], [2546949.423, 1183206.627], [2546937.505, 1183219.305], [2546927.575, 1183209.97], [2546931.318, 1183205.949], [2546928.846, 1183203.628], [2546925.109, 1183207.651], [2546919.509, 1183202.387], [2546924.873, 1183196.682], [2546920.771, 1183192.816], [2546922.302, 1183191.186], [2546923.565, 1183192.371], [2546932.159, 1183183.247], [2546930.904, 1183182.054], [2546932.444, 1183180.433], [2546936.425, 1183184.158], [2546933.322, 1183187.459], [2546933.529, 1183187.653], [2546931.528, 1183189.805]]]}, "properties": {"OBJECTID": 46535077, "EGID": null}}, {"type": "Feature", "id": 46535100, "geometry": {"type": "Polygon", "coordinates": [[[2546568.481, 1183753.571], [2546568.886, 1183759.564], [2546565.237, 1183759.784], [2546564.871, 1183753.814], [2546568.481, 1183753.571]]]}, "properties": {"OBJECTID": 46535100, "EGID": null}}, {"type": "Feature", "id": 46537798, "geometry": {"type": "Polygon", "coordinates": [[[2548686.893, 1181609.004], [2548683.272, 1181612.285], [2548680.43, 1181609.149], [2548684.04, 1181605.866], [2548686.893, 1181609.004]]]}, "properties": {"OBJECTID": 46537798, "EGID": null}}, {"type": "Feature", "id": 46538487, "geometry": {"type": "Polygon", "coordinates": [[[2547028.52, 1183110.761], [2547045.871, 1183135.577], [2547040.9, 1183139.053], [2547041.57, 1183140.056], [2547038.001, 1183142.538], [2547037.316, 1183141.559], [2547026.539, 1183149.095], [2547012.107, 1183128.455], [2547016.576, 1183125.33], [2547027.788, 1183141.394], [2547039.92, 1183132.894], [2547025.782, 1183112.675], [2547028.52, 1183110.761]]]}, "properties": {"OBJECTID": 46538487, "EGID": null}}, {"type": "Feature", "id": 46538488, "geometry": {"type": "Polygon", "coordinates": [[[2547023.841, 1183113.825], [2547017.803, 1183118.047], [2547015.398, 1183114.618], [2547021.434, 1183110.383], [2547023.841, 1183113.825]]]}, "properties": {"OBJECTID": 46538488, "EGID": null}}]}