{"type": "FeatureCollection", "features": [{"type": "Feature", "id": 51961999, "geometry": {"type": "Polygon", "coordinates": [[[2530749.087, 1175082.634], [2530738.236, 1175072.414], [2530746.576, 1175066.524], [2530746.816, 1175066.774], [2530755.036, 1175075.444], [2530749.847, 1175081.524], [2530749.087, 1175082.634]]]}, "properties": {"OBJECTID": 51961999, "EGRID": "CH408245228306", "NUMERO": "351", "NO_COM_FED": 5757, "GENRE_TXT": "parcelle priv\u00e9e", "SUPERFICIE_MO": 131, "SUPERFICIE_RF": 131}}, {"type": "Feature", "id": 51962325, "geometry": {"type": "Polygon", "coordinates": [[[2530083.579, 1174559.769], [2530106.846, 1174554.858], [2530110.213, 1174581.182], [2530107.065, 1174581.901], [2530089.351, 1174585.58], [2530071.841, 1174595.1030000001], [2530077.56, 1174577.9], [2530083.579, 1174559.769]]]}, "properties": {"OBJECTID": 51962325, "EGRID": "CH438390455566", "NUMERO": "2296", "NO_COM_FED": 5757, "GENRE_TXT": "parcelle priv\u00e9e", "SUPERFICIE_MO": 850, "SUPERFICIE_RF": 850}}, {"type": "Feature", "id": 51962340, "geometry": {"type": "Polygon", "coordinates": [[[2530473.677, 1176040.422], [2530494.507, 1176037.211], [2530497.217, 1176056.861], [2530475.437, 1176060.2719999999], [2530473.677, 1176040.422]]]}, "properties": {"OBJECTID": 51962340, "EGRID": "CH186883458210", "NUMERO": "889", "NO_COM_FED": 5757, "GENRE_TXT": "parcelle priv\u00e9e", "SUPERFICIE_MO": 428, "SUPERFICIE_RF": 428}}, {"type": "Feature", "id": 51962529, "geometry": {"type": "Polygon", "coordinates": [[[2530114.153, 1174612.248], [2530147.215, 1174607.458], [2530151.902, 1174642.387], [2530138.618, 1174642.557], [2530114.885, 1174642.906], [2530111.057, 1174612.729], [2530114.153, 1174612.248]]]}, "properties": {"OBJECTID": 51962529, "EGRID": "CH498390554545", "NUMERO": "2332", "NO_COM_FED": 5757, "GENRE_TXT": "parcelle priv\u00e9e", "SUPERFICIE_MO": 1204, "SUPERFICIE_RF": 1204}}, {"type": "Feature", "id": 51962702, "geometry": {"type": "Polygon", "coordinates": [[[2530787.074, 1174873.943], [2530775.204, 1174878.613], [2530771.634, 1174879.964], [2530770.204, 1174876.434], [2530768.5439999998, 1174877.044], [2530765.014, 1174870.434], [2530768.054, 1174868.724], [2530768.704, 1174868.564], [2530781.014, 1174871.823], [2530787.074, 1174873.943]]]}, "properties": {"OBJECTID": 51962702, "EGRID": "CH528224834548", "NUMERO": "579", "NO_COM_FED": 5757, "GENRE_TXT": "parcelle priv\u00e9e", "SUPERFICIE_MO": 126, "SUPERFICIE_RF": 126}}, {"type": "Feature", "id": 51963226, "geometry": {"type": "Polygon", "coordinates": [[[2530637.698, 1175221.877], [2530637.038, 1175213.937], [2530637.008, 1175213.617], [2530646.068, 1175212.527], [2530647.018, 1175220.547], [2530647.068, 1175220.927], [2530637.698, 1175221.877]]]}, "properties": {"OBJECTID": 51963226, "EGRID": "CH389883458304", "NUMERO": "397", "NO_COM_FED": 5757, "GENRE_TXT": "parcelle priv\u00e9e", "SUPERFICIE_MO": 78, "SUPERFICIE_RF": 78}}, {"type": "Feature", "id": 51963290, "geometry": {"type": "Polygon", "coordinates": [[[2530655.608, 1175187.667], [2530655.588, 1175188.117], [2530655.908, 1175188.097], [2530655.978, 1175192.757], [2530656.698, 1175201.477], [2530655.338, 1175201.597], [2530655.338, 1175203.127], [2530656.828, 1175203.027], [2530658.568, 1175202.727], [2530658.908, 1175202.697], [2530660.158, 1175215.077], [2530660.588, 1175220.957], [2530661.548, 1175232.297], [2530672.828, 1175232.866], [2530674.458, 1175232.936], [2530674.618, 1175235.466], [2530658.728, 1175235.6570000001], [2530658.918, 1175242.917], [2530659.728, 1175251.787], [2530661.288, 1175251.677], [2530661.298, 1175251.877], [2530661.748, 1175257.737], [2530662.6689999998, 1175271.697], [2530663.789, 1175279.016], [2530664.859, 1175286.236], [2530664.949, 1175287.956], [2530665.409, 1175292.526], [2530665.499, 1175296.816], [2530663.289, 1175296.966], [2530664.049, 1175303.466], [2530664.999, 1175308.856], [2530663.529, 1175309.266], [2530663.074, 1175309.394], [2530659.539, 1175310.387], [2530658.349, 1175306.4070000001], [2530654.809, 1175292.9070000001], [2530655.399, 1175292.777], [2530654.149, 1175286.6570000001], [2530654.6689999998, 1175286.557], [2530654.619, 1175286.117], [2530652.4390000002, 1175271.307], [2530651.198, 1175261.797], [2530652.548, 1175261.597], [2530651.418, 1175253.357], [2530649.228, 1175242.487], [2530650.808, 1175242.227], [2530650.478, 1175233.6469999999], [2530650.458, 1175233.3969999999], [2530648.798, 1175220.297], [2530647.018, 1175220.547], [2530646.068, 1175212.527], [2530645.458, 1175203.6570000001], [2530644.328, 1175194.997], [2530643.838, 1175194.977], [2530642.787, 1175175.767], [2530642.927, 1175175.747], [2530643.777, 1175175.687], [2530642.497, 1175162.837], [2530655.337, 1175165.6570000001], [2530655.797, 1175168.827], [2530654.497, 1175168.997], [2530655.017, 1175172.837], [2530656.357, 1175172.677], [2530656.727, 1175175.467], [2530656.957, 1175176.807], [2530657.228, 1175185.207], [2530655.608, 1175185.227], [2530655.608, 1175187.667]]]}, "properties": {"OBJECTID": 51963290, "EGRID": "CH960183457468", "NUMERO": "2849", "NO_COM_FED": 5757, "GENRE_TXT": "parcelle priv\u00e9e", "SUPERFICIE_MO": 1620, "SUPERFICIE_RF": 1620}}, {"type": "Feature", "id": 51963326, "geometry": {"type": "Polygon", "coordinates": [[[2530670.855, 1174546.292], [2530661.086, 1174539.515], [2530672.488, 1174534.415], [2530675.032, 1174533.834], [2530678.604, 1174533.1030000001], [2530683.82, 1174532.394], [2530703.414, 1174530.118], [2530695.249, 1174553.715], [2530692.582, 1174561.366], [2530670.855, 1174546.292]]]}, "properties": {"OBJECTID": 51963326, "EGRID": "CH874590688350", "NUMERO": "1050", "NO_COM_FED": 5757, "GENRE_TXT": "parcelle priv\u00e9e", "SUPERFICIE_MO": 673, "SUPERFICIE_RF": 673}}, {"type": "Feature", "id": 51963543, "geometry": {"type": "Polygon", "coordinates": [[[2530651.867, 1175145.187], [2530651.117, 1175140.3969999999], [2530665.287, 1175138.337], [2530666.037, 1175143.067], [2530651.867, 1175145.187]]]}, "properties": {"OBJECTID": 51963543, "EGRID": "CH298382224590", "NUMERO": "441", "NO_COM_FED": 5757, "GENRE_TXT": "parcelle priv\u00e9e", "SUPERFICIE_MO": 69, "SUPERFICIE_RF": 69}}, {"type": "Feature", "id": 51963886, "geometry": {"type": "Polygon", "coordinates": [[[2530449.221, 1174638.202], [2530455.328, 1174663.963], [2530457.704, 1174670.904], [2530425.163, 1174684.153], [2530424.237, 1174684.531], [2530422.921, 1174681.27], [2530421.76, 1174679.053], [2530412.066, 1174670.519], [2530414.193, 1174666.648], [2530417.088, 1174665.017], [2530417.538, 1174664.439], [2530418.407, 1174664.041], [2530418.244, 1174663.761], [2530436.087, 1174641.151], [2530449.221, 1174638.202]]]}, "properties": {"OBJECTID": 51963886, "EGRID": "CH298390694571", "NUMERO": "1090", "NO_COM_FED": 5757, "GENRE_TXT": "parcelle priv\u00e9e", "SUPERFICIE_MO": 1188, "SUPERFICIE_RF": 1188}}, {"type": "Feature", "id": 51964250, "geometry": {"type": "Polygon", "coordinates": [[[2530945.64, 1175308.977], [2530962.21, 1175301.947], [2530963.76, 1175305.6469999999], [2530973.85, 1175301.377], [2530992.91, 1175357.836], [2530988.05, 1175359.896], [2530977.01, 1175364.576], [2530974.95, 1175365.456], [2530968.51, 1175362.947], [2530954.69, 1175330.317], [2530946.03, 1175309.8969999999], [2530945.64, 1175308.977]]]}, "properties": {"OBJECTID": 51964250, "EGRID": "CH114588838368", "NUMERO": "649", "NO_COM_FED": 5757, "GENRE_TXT": "parcelle priv\u00e9e", "SUPERFICIE_MO": 1647, "SUPERFICIE_RF": 1647}}, {"type": "Feature", "id": 51964284, "geometry": {"type": "Polygon", "coordinates": [[[2530570.902, 1174327.274], [2530565.323, 1174328.336], [2530560.983, 1174299.571], [2530553.975, 1174271.077], [2530549.992, 1174254.962], [2530615.486, 1174237.074], [2530619.26, 1174230.6570000001], [2530616.022, 1174189.831], [2530612.949, 1174153.654], [2530603.209, 1174040.423], [2530713.809, 1174042.57], [2530717.737, 1174038.952], [2530718.388, 1174051.683], [2530713.632, 1174046.597], [2530612.606, 1174044.643], [2530608.219, 1174049.383], [2530623.934, 1174238.801], [2530563.281, 1174255.59], [2530560.087, 1174261.938], [2530566.833, 1174298.606], [2530570.902, 1174327.274]]]}, "properties": {"OBJECTID": 51964284, "EGRID": "CH229056834534", "NUMERO": "DP 207", "NO_COM_FED": 5757, "GENRE_TXT": "DP communal", "SUPERFICIE_MO": 2058, "SUPERFICIE_RF": null}}, {"type": "Feature", "id": 51964573, "geometry": {"type": "Polygon", "coordinates": [[[2530663.281, 1175460.806], [2530663.431, 1175460.786], [2530692.5810000002, 1175457.485], [2530692.591, 1175468.945], [2530691.671, 1175487.195], [2530690.571, 1175487.195], [2530668.8109999998, 1175488.746], [2530668.791, 1175488.476], [2530668.771, 1175484.586], [2530665.741, 1175484.926], [2530663.99, 1175485.334], [2530659.538, 1175461.38], [2530663.281, 1175460.806]]]}, "properties": {"OBJECTID": 51964573, "EGRID": "CH350383084551", "NUMERO": "2820", "NO_COM_FED": 5757, "GENRE_TXT": "parcelle priv\u00e9e", "SUPERFICIE_MO": 856, "SUPERFICIE_RF": 856}}, {"type": "Feature", "id": 51964609, "geometry": {"type": "Polygon", "coordinates": [[[2530126.868, 1174808.953], [2530157.852, 1174791.471], [2530144.221, 1174766.679], [2530113.633, 1174783.89], [2530092.176, 1174743.295], [2530092.647, 1174738.429], [2530094.747, 1174734.659], [2530102.605, 1174732.043], [2530113.667, 1174728.956], [2530145.742, 1174720.547], [2530150.195, 1174719.611], [2530146.804, 1174741.214], [2530195.79, 1174750.144], [2530213.803, 1174750.173], [2530233.096, 1174756.348], [2530234.538, 1174756.81], [2530234.5, 1174757.025], [2530235.607, 1174757.7], [2530231.162, 1174763.838], [2530205.494, 1174799.277], [2530213.532, 1174804.983], [2530155.683, 1174853.599], [2530149.771, 1174852.311], [2530126.868, 1174808.953]]]}, "properties": {"OBJECTID": 51964609, "EGRID": "CH974590698313", "NUMERO": "2327", "NO_COM_FED": 5757, "GENRE_TXT": "parcelle priv\u00e9e", "SUPERFICIE_MO": 8771, "SUPERFICIE_RF": 8771}}, {"type": "Feature", "id": 51964930, "geometry": {"type": "Polygon", "coordinates": [[[2531292.575, 1175675.556], [2531295.335, 1175704.556], [2531299.866, 1175762.186], [2531300.676, 1175777.807], [2531062.497, 1175882.794], [2531035.076, 1175789.194], [2531292.575, 1175675.556]]]}, "properties": {"OBJECTID": 51964930, "EGRID": "CH798383114541", "NUMERO": "158", "NO_COM_FED": 5757, "GENRE_TXT": "parcelle priv\u00e9e", "SUPERFICIE_MO": 26247, "SUPERFICIE_RF": 26247}}, {"type": "Feature", "id": 51965053, "geometry": {"type": "Polygon", "coordinates": [[[2530684.237, 1175125.486], [2530689.417, 1175123.756], [2530695.327, 1175121.856], [2530695.737, 1175122.866], [2530695.187, 1175123.106], [2530701.097, 1175137.155], [2530695.547, 1175139.006], [2530697.067, 1175144.156], [2530697.727, 1175143.996], [2530698.147, 1175146.286], [2530695.707, 1175146.706], [2530695.617, 1175146.376], [2530692.657, 1175147.046], [2530692.767, 1175147.526], [2530691.047, 1175147.936], [2530687.877, 1175136.576], [2530687.667, 1175136.606], [2530686.467, 1175131.506], [2530686.187, 1175131.576], [2530684.237, 1175125.486]]]}, "properties": {"OBJECTID": 51965053, "EGRID": "CH214505838305", "NUMERO": "473", "NO_COM_FED": 5757, "GENRE_TXT": "parcelle priv\u00e9e", "SUPERFICIE_MO": 243, "SUPERFICIE_RF": 243}}, {"type": "Feature", "id": 51966354, "geometry": {"type": "Polygon", "coordinates": [[[2530716.385, 1174941.315], [2530713.015, 1174943.235], [2530708.005, 1174946.545], [2530710.535, 1174950.775], [2530711.215, 1174951.895], [2530710.265, 1174952.365], [2530707.315, 1174947.256], [2530696.995, 1174952.616], [2530686.465, 1174956.066], [2530685.705, 1174951.116], [2530699.065, 1174947.486], [2530702.245, 1174946.396], [2530705.785, 1174945.026], [2530711.235, 1174942.175], [2530711.075, 1174941.835], [2530715.265, 1174939.425], [2530716.385, 1174941.315]]]}, "properties": {"OBJECTID": 51966354, "EGRID": "CH144583822132", "NUMERO": "DP 156", "NO_COM_FED": 5757, "GENRE_TXT": "DP communal", "SUPERFICIE_MO": 118, "SUPERFICIE_RF": null}}, {"type": "Feature", "id": 51966504, "geometry": {"type": "Polygon", "coordinates": [[[2530928.037, 1175047.248], [2530912.507, 1175057.879], [2530906.357, 1175047.959], [2530921.136, 1175037.999], [2530928.037, 1175047.248]]]}, "properties": {"OBJECTID": 51966504, "EGRID": "CH908345748341", "NUMERO": "684", "NO_COM_FED": 5757, "GENRE_TXT": "parcelle priv\u00e9e", "SUPERFICIE_MO": 212, "SUPERFICIE_RF": 212}}, {"type": "Feature", "id": 51966941, "geometry": {"type": "Polygon", "coordinates": [[[2530666.386, 1175083.097], [2530664.466, 1175077.327], [2530661.946, 1175069.787], [2530661.836, 1175069.447], [2530662.656, 1175069.217], [2530660.586, 1175061.6570000001], [2530658.836, 1175055.287], [2530656.886, 1175048.817], [2530648.746, 1175051.167], [2530647.516, 1175043.107], [2530654.096, 1175031.227], [2530657.076, 1175028.557], [2530658.166, 1175029.877], [2530663.526, 1175039.697], [2530669.666, 1175062.507], [2530671.856, 1175070.496], [2530672.4359999998, 1175073.286], [2530673.386, 1175076.856], [2530676.176, 1175087.406], [2530678.427, 1175095.126], [2530679.667, 1175099.856], [2530679.817, 1175100.376], [2530682.567, 1175109.126], [2530686.817, 1175119.816], [2530684.237, 1175125.486], [2530686.187, 1175131.576], [2530686.467, 1175131.506], [2530687.667, 1175136.606], [2530687.877, 1175136.576], [2530691.047, 1175147.936], [2530681.817, 1175146.656], [2530681.407, 1175140.906], [2530680.567, 1175136.036], [2530680.347, 1175136.036], [2530679.327, 1175131.346], [2530678.387, 1175125.406], [2530677.547, 1175120.656], [2530676.567, 1175115.296], [2530674.907, 1175109.546], [2530670.097, 1175093.817], [2530668.226, 1175088.177], [2530666.386, 1175083.097]]]}, "properties": {"OBJECTID": 51966941, "EGRID": "CH698382294530", "NUMERO": "DP 114", "NO_COM_FED": 5757, "GENRE_TXT": "DP communal", "SUPERFICIE_MO": 1058, "SUPERFICIE_RF": null}}, {"type": "Feature", "id": 51967215, "geometry": {"type": "Polygon", "coordinates": [[[2530709.257, 1175111.815], [2530701.227, 1175092.956], [2530705.807, 1175091.095], [2530705.697, 1175090.865], [2530707.307, 1175089.695], [2530714.387, 1175101.865], [2530709.257, 1175111.815]]]}, "properties": {"OBJECTID": 51967215, "EGRID": "CH568283452902", "NUMERO": "477", "NO_COM_FED": 5757, "GENRE_TXT": "parcelle priv\u00e9e", "SUPERFICIE_MO": 135, "SUPERFICIE_RF": 135}}, {"type": "Feature", "id": 51967840, "geometry": {"type": "Polygon", "coordinates": [[[2530898.494, 1175672.498], [2530893.994, 1175672.759], [2530880.004, 1175674.109], [2530872.834, 1175657.459], [2530867.003, 1175647.55], [2530867.423, 1175647.41], [2530861.963, 1175638.52], [2530862.913, 1175637.93], [2530890.023, 1175630.889], [2530898.823, 1175628.679], [2530900.303, 1175636.158], [2530902.094, 1175645.158], [2530901.994, 1175650.458], [2530900.354, 1175650.858], [2530900.304, 1175654.348], [2530899.984, 1175657.578], [2530898.494, 1175672.498]]]}, "properties": {"OBJECTID": 51967840, "EGRID": "CH798383734549", "NUMERO": "769", "NO_COM_FED": 5757, "GENRE_TXT": "parcelle priv\u00e9e", "SUPERFICIE_MO": 1200, "SUPERFICIE_RF": 1200}}, {"type": "Feature", "id": 51968945, "geometry": {"type": "Polygon", "coordinates": [[[2531334.364, 1174577.727], [2531354.855, 1174573.007], [2531360.685, 1174598.436], [2531340.195, 1174603.087], [2531336.595, 1174587.537], [2531334.364, 1174577.727]]]}, "properties": {"OBJECTID": 51968945, "EGRID": "CH268283456766", "NUMERO": "318", "NO_COM_FED": 5757, "GENRE_TXT": "parcelle priv\u00e9e", "SUPERFICIE_MO": 548, "SUPERFICIE_RF": 546}}, {"type": "Feature", "id": 51969859, "geometry": {"type": "Polygon", "coordinates": [[[2531084.092, 1176433.899], [2531037.082, 1176434.99], [2531044.781, 1176358.469], [2531050.887, 1176368.933], [2531072.572, 1176399.849], [2531082.234, 1176409.37], [2531084.292, 1176431.259], [2531084.092, 1176433.899]]]}, "properties": {"OBJECTID": 51969859, "EGRID": "CH508345918329", "NUMERO": "150", "NO_COM_FED": 5757, "GENRE_TXT": "parcelle priv\u00e9e", "SUPERFICIE_MO": 2125, "SUPERFICIE_RF": 2125}}, {"type": "Feature", "id": 51969871, "geometry": {"type": "Polygon", "coordinates": [[[2530131.337, 1174714.313], [2530143.774, 1174711.654], [2530160.354, 1174707.08], [2530177.577, 1174702.655], [2530191.141, 1174697.71], [2530207.938, 1174687.432], [2530219.984, 1174676.765], [2530229.475, 1174666.038], [2530233.943, 1174658.881], [2530236.702, 1174652.983], [2530237.197, 1174651.3], [2530236.7903078296, 1174651.2726128085], [2530236.3934425134, 1174651.179626248], [2530236.0169135937, 1174651.023502731], [2530235.670692078, 1174650.8083766245], [2530235.3639463903, 1174650.5399447654], [2530235.1047995817, 1174650.2253156009], [2530234.9001142173, 1174649.8728209464], [2530234.7553106495, 1174649.491795348], [2530234.674223477, 1174649.0923288912], [2530234.659, 1174648.685], [2530234.7040036353, 1174648.2414063094], [2530234.8246943774, 1174647.8121809207], [2530235.01746913, 1174647.410137908], [2530235.276572806, 1174647.0472798438], [2530235.5942701357, 1174646.7344394755], [2530235.961076599, 1174646.4809563241], [2530236.366041573, 1174646.2943978636], [2530236.7970752534, 1174646.180333601], [2530237.2413095813, 1174646.1421688057], [2530237.685482406, 1174646.1810428475], [2530238.1163334143, 1174646.2957951825], [2530238.521, 1174646.483], [2530246.834, 1174645.331], [2530246.493, 1174647.689], [2530244.734, 1174654.367], [2530242.499, 1174659.687], [2530239.226932867, 1174665.49310977], [2530235.549, 1174671.051], [2530231.6300805374, 1174676.1559022744], [2530227.368, 1174680.9780000001], [2530216.725, 1174691.79], [2530196.816, 1174706.472], [2530186.243, 1174710.915], [2530181.242, 1174713.017], [2530163.0810000002, 1174716.541], [2530150.195, 1174719.611], [2530145.742, 1174720.547], [2530113.667, 1174728.956], [2530102.605, 1174732.043], [2530094.747, 1174734.659], [2530079.321, 1174739.266], [2530070.238, 1174732.054], [2530084.489, 1174727.488], [2530111.017, 1174719.106], [2530124.149, 1174715.904], [2530131.337, 1174714.313]]]}, "properties": {"OBJECTID": 51969871, "EGRID": "CH174590698391", "NUMERO": "DP 181", "NO_COM_FED": 5757, "GENRE_TXT": "DP communal", "SUPERFICIE_MO": 1907, "SUPERFICIE_RF": null}}, {"type": "Feature", "id": 51969962, "geometry": {"type": "Polygon", "coordinates": [[[2530694.896, 1175064.066], [2530705.866, 1175080.175], [2530703.086, 1175082.775], [2530703.606, 1175082.925], [2530702.356, 1175083.995], [2530702.2947839033, 1175084.0685021323], [2530702.2468639407, 1175084.1512889133], [2530702.2136174454, 1175084.2409808554], [2530702.196, 1175084.335], [2530702.193993336, 1175084.4178612144], [2530702.2043557414, 1175084.5000964145], [2530702.226855855, 1175084.5798695455], [2530702.260991321, 1175084.6553995234], [2530702.306, 1175084.725], [2530704.787, 1175088.955], [2530705.697, 1175090.865], [2530705.807, 1175091.095], [2530701.227, 1175092.956], [2530709.257, 1175111.815], [2530707.867, 1175114.285], [2530707.727, 1175114.905], [2530703.277, 1175116.485], [2530703.527, 1175117.335], [2530703.267, 1175117.425], [2530697.837, 1175103.016], [2530694.657, 1175094.316], [2530692.927, 1175088.916], [2530694.1859999998, 1175088.346], [2530691.516, 1175081.406], [2530689.836, 1175082.196], [2530686.056, 1175073.666], [2530683.676, 1175068.856], [2530685.736, 1175067.906], [2530690.036, 1175066.136], [2530694.896, 1175064.066]]]}, "properties": {"OBJECTID": 51969962, "EGRID": "CH638382452996", "NUMERO": "476", "NO_COM_FED": 5757, "GENRE_TXT": "parcelle priv\u00e9e", "SUPERFICIE_MO": 524, "SUPERFICIE_RF": 524}}, {"type": "Feature", "id": 51970079, "geometry": {"type": "Polygon", "coordinates": [[[2530782.71, 1175326.893], [2530777.569, 1175321.063], [2530775.309, 1175309.933], [2530777.739, 1175308.453], [2530782.1689999998, 1175305.673], [2530777.299, 1175282.823], [2530780.839, 1175281.623], [2530781.599, 1175284.043], [2530780.699, 1175286.633], [2530782.4390000002, 1175294.6030000001], [2530784.799, 1175305.523], [2530780.649, 1175316.223], [2530782.71, 1175326.893]]]}, "properties": {"OBJECTID": 51970079, "EGRID": "CH398382204562", "NUMERO": "DP 121", "NO_COM_FED": 5757, "GENRE_TXT": "DP communal", "SUPERFICIE_MO": 156, "SUPERFICIE_RF": null}}, {"type": "Feature", "id": 51970103, "geometry": {"type": "Polygon", "coordinates": [[[2530974.053, 1176545.883], [2530973.582, 1176509.562], [2530973.162, 1176495.5320000001], [2530972.192, 1176458.792], [2530969.302, 1176435.332], [2530967.172, 1176424.7719999999], [2530966.142, 1176419.912], [2530961.261, 1176401.172], [2530957.721, 1176391.042], [2530954.801, 1176382.602], [2530951.071, 1176371.682], [2530940.5609999998, 1176351.7820000001], [2530950.721, 1176354.512], [2530957.681, 1176368.892], [2530962.401, 1176380.752], [2530966.881, 1176394.832], [2530972.962, 1176418.122], [2530973.124, 1176418.822], [2530976.672, 1176434.162], [2530978.262, 1176445.442], [2530979.692, 1176469.872], [2530980.202, 1176494.192], [2530980.713, 1176518.592], [2530981.483, 1176544.803], [2530981.213, 1176547.393], [2530977.443, 1176583.773], [2530976.673, 1176587.463], [2530973.633, 1176599.8530000001], [2530977.863, 1176600.533], [2530972.944, 1176617.823], [2530969.063, 1176616.864], [2530960.164, 1176648.584], [2530949.714, 1176686.125], [2530945.904, 1176684.655], [2530950.184, 1176669.245], [2530964.133, 1176618.714], [2530964.933, 1176615.824], [2530969.363, 1176599.653], [2530970.573, 1176584.213], [2530971.233, 1176576.273], [2530974.053, 1176545.883]]]}, "properties": {"OBJECTID": 51970103, "EGRID": "CH957083834544", "NUMERO": "DP 7", "NO_COM_FED": 5757, "GENRE_TXT": "DP communal", "SUPERFICIE_MO": 2234, "SUPERFICIE_RF": null}}, {"type": "Feature", "id": 51970245, "geometry": {"type": "Polygon", "coordinates": [[[2530636.684, 1174890.668], [2530650.774, 1174906.367], [2530651.184, 1174906.1570000001], [2530660.455, 1174925.277], [2530665.535, 1174935.807], [2530663.115, 1174937.037], [2530660.085, 1174940.797], [2530660.215, 1174940.927], [2530657.915, 1174943.637], [2530655.635, 1174941.517], [2530648.975, 1174948.187], [2530648.815, 1174948.037], [2530643.765, 1174953.318], [2530632.665, 1174942.238], [2530632.305, 1174941.878], [2530624.005, 1174934.168], [2530624.904, 1174930.348], [2530628.034, 1174920.2280000001], [2530631.444, 1174907.368], [2530636.684, 1174890.668]]]}, "properties": {"OBJECTID": 51970245, "EGRID": "CH898383744512", "NUMERO": "493", "NO_COM_FED": 5757, "GENRE_TXT": "parcelle priv\u00e9e", "SUPERFICIE_MO": 1386, "SUPERFICIE_RF": 1386}}, {"type": "Feature", "id": 51970302, "geometry": {"type": "Polygon", "coordinates": [[[2530520.875, 1175832.72], [2530527.615, 1175857.26], [2530511.055, 1175856.111], [2530501.345, 1175855.771], [2530485.724, 1175798.552], [2530502.654, 1175795.631], [2530510.574, 1175795.241], [2530520.875, 1175832.72]]]}, "properties": {"OBJECTID": 51970302, "EGRID": "CH174583148328", "NUMERO": "794", "NO_COM_FED": 5757, "GENRE_TXT": "parcelle priv\u00e9e", "SUPERFICIE_MO": 1544, "SUPERFICIE_RF": 1544}}, {"type": "Feature", "id": 51970458, "geometry": {"type": "Polygon", "coordinates": [[[2531354.135, 1174681.415], [2531241.355, 1174706.856], [2531237.255, 1174689.596], [2531269.975, 1174682.426], [2531323.425, 1174670.925], [2531350.455, 1174665.425], [2531354.135, 1174681.415]]]}, "properties": {"OBJECTID": 51970458, "EGRID": "CH598383944554", "NUMERO": "274", "NO_COM_FED": 5757, "GENRE_TXT": "parcelle priv\u00e9e", "SUPERFICIE_MO": 1994, "SUPERFICIE_RF": 2002}}, {"type": "Feature", "id": 51970732, "geometry": {"type": "Polygon", "coordinates": [[[2530247.126, 1175956.449], [2530277.046, 1175958.628], [2530275.846, 1175975.088], [2530245.926, 1175972.909], [2530247.126, 1175956.449]]]}, "properties": {"OBJECTID": 51970732, "EGRID": "CH138382454160", "NUMERO": "2552", "NO_COM_FED": 5757, "GENRE_TXT": "parcelle priv\u00e9e", "SUPERFICIE_MO": 495, "SUPERFICIE_RF": 495}}, {"type": "Feature", "id": 51971780, "geometry": {"type": "Polygon", "coordinates": [[[2530840.619, 1175309.011], [2530838.809, 1175304.381], [2530836.6890000002, 1175294.261], [2530835.149, 1175287.401], [2530831.969, 1175281.841], [2530831.349, 1175280.761], [2530815.229, 1175252.892], [2530811.889, 1175247.052], [2530808.4189999998, 1175243.502], [2530803.039, 1175240.652], [2530799.739, 1175238.592], [2530797.628, 1175236.682], [2530795.958, 1175234.392], [2530794.318, 1175232.122], [2530793.058, 1175230.802], [2530791.838, 1175230.132], [2530802.898, 1175226.232], [2530805.018, 1175233.722], [2530812.909, 1175241.322], [2530815.929, 1175244.662], [2530819.449, 1175250.582], [2530821.499, 1175255.831], [2530825.1890000002, 1175262.951], [2530835.4189999998, 1175274.031], [2530839.909, 1175280.981], [2530840.029, 1175281.131], [2530840.4189999998, 1175293.831], [2530841.879, 1175301.001], [2530844.969, 1175309.731], [2530840.619, 1175309.011]]]}, "properties": {"OBJECTID": 51971780, "EGRID": "CH808245228364", "NUMERO": "DP 123", "NO_COM_FED": 5757, "GENRE_TXT": "DP communal", "SUPERFICIE_MO": 510, "SUPERFICIE_RF": null}}, {"type": "Feature", "id": 51971820, "geometry": {"type": "Polygon", "coordinates": [[[2530315.639, 1176267.9780000001], [2530318.179, 1176285.288], [2530283.049, 1176290.439], [2530283.979, 1176272.609], [2530315.639, 1176267.9780000001]]]}, "properties": {"OBJECTID": 51971820, "EGRID": "CH354183824564", "NUMERO": "2563", "NO_COM_FED": 5757, "GENRE_TXT": "parcelle priv\u00e9e", "SUPERFICIE_MO": 591, "SUPERFICIE_RF": 591}}, {"type": "Feature", "id": 51971849, "geometry": {"type": "Polygon", "coordinates": [[[2530644.765, 1174658.516], [2530643.411, 1174660.788], [2530642.0609999998, 1174663.028], [2530634.302, 1174675.508], [2530602.751, 1174663.048], [2530612.284, 1174644.613], [2530644.765, 1174658.516]]]}, "properties": {"OBJECTID": 51971849, "EGRID": "CH298390684574", "NUMERO": "1044", "NO_COM_FED": 5757, "GENRE_TXT": "parcelle priv\u00e9e", "SUPERFICIE_MO": 700, "SUPERFICIE_RF": 700}}, {"type": "Feature", "id": 51972315, "geometry": {"type": "Polygon", "coordinates": [[[2530715.273, 1174305.766], [2530753.829, 1174305.629], [2530753.818, 1174331.115], [2530715.366, 1174331.182], [2530715.463, 1174329.712], [2530710.25, 1174328.847], [2530712.761, 1174305.399], [2530715.273, 1174305.766]]]}, "properties": {"OBJECTID": 51972315, "EGRID": "CH369083456809", "NUMERO": "1173", "NO_COM_FED": 5757, "GENRE_TXT": "parcelle priv\u00e9e", "SUPERFICIE_MO": 1071, "SUPERFICIE_RF": 1071}}, {"type": "Feature", "id": 51972565, "geometry": {"type": "Polygon", "coordinates": [[[2530757.209, 1174279.514], [2530757.817, 1174305.737], [2530753.829, 1174305.629], [2530753.144, 1174279.39], [2530751.268, 1174266.426], [2530746.647, 1174234.756], [2530738.027, 1174181.274], [2530730.737, 1174134.827], [2530720.452, 1174074.254], [2530718.388, 1174051.683], [2530717.737, 1174038.952], [2530717.94, 1173996.063], [2530719.795, 1173969.837], [2530723.889, 1173934.059], [2530727.615, 1173917.287], [2530732.083, 1173903.858], [2530742.9189999998, 1173886.909], [2530747.018, 1173876.536], [2530747.666, 1173863.09], [2530744.41, 1173803.543], [2530743.984, 1173782.416], [2530748.718, 1173782.536], [2530748.496, 1173803.493], [2530751.69, 1173862.964], [2530751.043, 1173877.456], [2530746.448, 1173888.886], [2530741.092, 1173897.395], [2530735.748, 1173905.883], [2530731.538, 1173918.193], [2530727.9, 1173934.7], [2530723.843, 1173970.161], [2530722.007, 1173995.807], [2530721.73, 1174038.722], [2530721.787, 1174042.821], [2530723.27, 1174065.363], [2530724.352, 1174073.678], [2530733.252, 1174122.089], [2530735.353, 1174133.865], [2530742.14, 1174180.44], [2530750.326, 1174233.918], [2530753.252, 1174252.849], [2530757.209, 1174279.514]]]}, "properties": {"OBJECTID": 51972565, "EGRID": "CH638390455694", "NUMERO": "DP 206", "NO_COM_FED": 5757, "GENRE_TXT": "DP communal", "SUPERFICIE_MO": 2179, "SUPERFICIE_RF": null}}, {"type": "Feature", "id": 51972684, "geometry": {"type": "Polygon", "coordinates": [[[2530729.255, 1174639.202], [2530735.457, 1174615.527], [2530761.183, 1174618.025], [2530760.805, 1174628.811], [2530766.623, 1174638.813], [2530765.922, 1174642.433], [2530759.285, 1174640.973], [2530729.255, 1174639.202]]]}, "properties": {"OBJECTID": 51972684, "EGRID": "CH214568839013", "NUMERO": "1006", "NO_COM_FED": 5757, "GENRE_TXT": "parcelle priv\u00e9e", "SUPERFICIE_MO": 720, "SUPERFICIE_RF": 720}}, {"type": "Feature", "id": 51972999, "geometry": {"type": "Polygon", "coordinates": [[[2530993.99, 1175362.816], [2531018.64, 1175352.125], [2531018.76, 1175352.385], [2531029.8310000002, 1175376.465], [2531032.891, 1175383.125], [2531008.391, 1175394.545], [2531005.851, 1175388.955], [2530993.99, 1175362.816]]]}, "properties": {"OBJECTID": 51972999, "EGRID": "CH628371834549", "NUMERO": "711", "NO_COM_FED": 5757, "GENRE_TXT": "parcelle priv\u00e9e", "SUPERFICIE_MO": 929, "SUPERFICIE_RF": 929}}, {"type": "Feature", "id": 51973213, "geometry": {"type": "Polygon", "coordinates": [[[2530966.845, 1174880.557], [2530968.945, 1174876.3969999999], [2530966.945, 1174875.017], [2530968.445, 1174872.347], [2530970.495, 1174873.1469999999], [2530971.375, 1174871.477], [2530974.105, 1174872.9070000001], [2530971.805, 1174877.727], [2530969.745, 1174882.057], [2530966.845, 1174880.557]]]}, "properties": {"OBJECTID": 51973213, "EGRID": "CH868283452204", "NUMERO": "1016", "NO_COM_FED": 5757, "GENRE_TXT": "parcelle priv\u00e9e", "SUPERFICIE_MO": 40, "SUPERFICIE_RF": 40}}, {"type": "Feature", "id": 51973247, "geometry": {"type": "Polygon", "coordinates": [[[2530949.089, 1176156.94], [2530949.239, 1176161.28], [2530942.779, 1176161.59], [2530936.839, 1176161.87], [2530936.459, 1176155.39], [2530944.609, 1176153.93], [2530949.089, 1176156.94]]]}, "properties": {"OBJECTID": 51973247, "EGRID": "CH968383457881", "NUMERO": "130", "NO_COM_FED": 5757, "GENRE_TXT": "parcelle priv\u00e9e", "SUPERFICIE_MO": 83, "SUPERFICIE_RF": 83}}, {"type": "Feature", "id": 51973295, "geometry": {"type": "Polygon", "coordinates": [[[2530284.853, 1174949.851], [2530234.291, 1174947.672], [2530179.539, 1174945.319], [2530180.087, 1174917.356], [2530180.296, 1174911.91], [2530233.145, 1174886.381], [2530291.836, 1174938.405], [2530284.853, 1174949.851]]]}, "properties": {"OBJECTID": 51973295, "EGRID": "CH714569839028", "NUMERO": "2319", "NO_COM_FED": 5757, "GENRE_TXT": "parcelle priv\u00e9e", "SUPERFICIE_MO": 4617, "SUPERFICIE_RF": 4617}}, {"type": "Feature", "id": 51973325, "geometry": {"type": "Polygon", "coordinates": [[[2530752.288, 1175174.664], [2530751.198, 1175171.614], [2530749.888, 1175168.594], [2530747.928, 1175165.294], [2530741.987, 1175153.514], [2530739.927, 1175148.724], [2530738.437, 1175142.164], [2530737.227, 1175136.194], [2530735.717, 1175129.744], [2530732.627, 1175122.734], [2530731.177, 1175120.695], [2530732.587, 1175119.664], [2530736.857, 1175116.334], [2530740.297, 1175111.404], [2530741.737, 1175109.294], [2530746.577, 1175102.884], [2530749.937, 1175098.824], [2530752.207, 1175095.084], [2530753.497, 1175092.424], [2530753.5689967647, 1175092.21637942], [2530753.6065145633, 1175091.9998563165], [2530753.6085682074, 1175091.78011642], [2530753.5751037695, 1175091.562929931], [2530753.507, 1175091.354], [2530753.4085215274, 1175091.1650970997], [2530753.281919882, 1175090.9937660203], [2530753.130262813, 1175090.844158371], [2530752.9572251984, 1175090.7198993703], [2530752.767, 1175090.624], [2530747.607, 1175088.314], [2530748.147, 1175087.114], [2530748.171947749, 1175087.0055292114], [2530748.1820072895, 1175086.8946819839], [2530748.176994045, 1175086.7834921933], [2530748.157, 1175086.674], [2530748.1191312955, 1175086.5600564016], [2530748.065433656, 1175086.4526611227], [2530747.997, 1175086.354], [2530747.077, 1175085.844], [2530749.087, 1175082.634], [2530749.847, 1175081.524], [2530755.036, 1175075.444], [2530755.596, 1175074.304], [2530758.416, 1175069.134], [2530765.106, 1175057.994], [2530768.556, 1175053.693], [2530787.946, 1175032.673], [2530790.636, 1175029.833], [2530792.606, 1175027.723], [2530800.546, 1175021.222], [2530801.096, 1175020.602], [2530801.316, 1175019.822], [2530801.166, 1175019.242], [2530803.896, 1175023.892], [2530803.006, 1175023.302], [2530802.226, 1175023.242], [2530801.546, 1175023.382], [2530799.966, 1175024.072], [2530794.276, 1175028.403], [2530784.846, 1175038.973], [2530768.476, 1175056.423], [2530763.396, 1175063.924], [2530749.977, 1175086.684], [2530749.946185797, 1175086.7590027929], [2530749.928194029, 1175086.8380675153], [2530749.9235197515, 1175086.9190186437], [2530749.932291581, 1175086.9996287487], [2530749.954268154, 1175087.0776797852], [2530749.98884477, 1175087.1510241216], [2530750.0350700277, 1175087.2176436356], [2530750.091672005, 1175087.2757052423], [2530750.157093258, 1175087.323611335], [2530750.2295336733, 1175087.3600437422], [2530750.307, 1175087.384], [2530754.237, 1175089.424], [2530755.937, 1175092.634], [2530753.617, 1175097.274], [2530740.947, 1175113.374], [2530736.697, 1175118.254], [2530734.307, 1175120.784], [2530737.907, 1175130.804], [2530742.837, 1175150.364], [2530742.907, 1175150.714], [2530745.917, 1175156.404], [2530750.068, 1175164.784], [2530757.068, 1175178.904], [2530758.138, 1175181.324], [2530761.848, 1175190.303], [2530763.998, 1175197.083], [2530765.148, 1175200.903], [2530766.288, 1175203.823], [2530767.558, 1175207.223], [2530770.448, 1175216.703], [2530772.298, 1175226.523], [2530770.198, 1175226.783], [2530768.088, 1175215.693], [2530763.588, 1175202.923], [2530763.828, 1175202.793], [2530760.478, 1175192.643], [2530757.408, 1175185.074], [2530755.448, 1175180.854], [2530752.288, 1175174.664]]]}, "properties": {"OBJECTID": 51973325, "EGRID": "CH268283452313", "NUMERO": "DP 119", "NO_COM_FED": 5757, "GENRE_TXT": "DP communal", "SUPERFICIE_MO": 486, "SUPERFICIE_RF": null}}, {"type": "Feature", "id": 51973370, "geometry": {"type": "Polygon", "coordinates": [[[2531196.557, 1174884.506], [2531196.736, 1174886.1030000001], [2531054.855, 1174849.395], [2531012.754, 1174837.036], [2530979.624, 1174824.067], [2530977.844, 1174822.494], [2530976.068, 1174821.278], [2530974.679, 1174819.652], [2530971.194, 1174813.551], [2530970.229, 1174811.547], [2530969.585, 1174808.411], [2530969.517, 1174805.207], [2530970.801, 1174797.81], [2530971.784, 1174794.367], [2530973.084, 1174790.177], [2530985.743, 1174750.467], [2530986.093, 1174749.391], [2531188.751, 1174805.688], [2531190.195, 1174821.574], [2531192.376, 1174847.263], [2531196.557, 1174884.506]], [[2530976.67, 1174807.947], [2530993.435, 1174812.604], [2531006.871, 1174764.236], [2530990.106, 1174759.579], [2530976.67, 1174807.947]], [[2531046.62, 1174827.38], [2531063.385, 1174832.037], [2531076.822, 1174783.669], [2531060.057, 1174779.011], [2531046.62, 1174827.38]], [[2531011.645, 1174817.663], [2531028.411, 1174822.32], [2531041.848, 1174773.951], [2531025.082, 1174769.295], [2531011.645, 1174817.663]], [[2531080.38, 1174841.8429999999], [2531168.019, 1174866.191], [2531172.144, 1174851.337], [2531184.617, 1174850.308], [2531182.306, 1174823.455], [2531092.428, 1174798.486], [2531080.38, 1174841.8429999999]]]}, "properties": {"OBJECTID": 51973370, "EGRID": "CH898308044524", "NUMERO": "2819", "NO_COM_FED": 5757, "GENRE_TXT": "parcelle priv\u00e9e", "SUPERFICIE_MO": 10284, "SUPERFICIE_RF": 10294}}, {"type": "Feature", "id": 51974275, "geometry": {"type": "Polygon", "coordinates": [[[2530238.403, 1175757.248], [2530245.843, 1175761.638], [2530262.384, 1175775.128], [2530263.804, 1175776.308], [2530254.334, 1175796.249], [2530250.244, 1175820.879], [2530239.824, 1175818.019], [2530212.844, 1175810.609], [2530214.744, 1175806.969], [2530226.214, 1175782.878], [2530238.403, 1175757.248]]]}, "properties": {"OBJECTID": 51974275, "EGRID": "CH574583718312", "NUMERO": "1170", "NO_COM_FED": 5757, "GENRE_TXT": "parcelle priv\u00e9e", "SUPERFICIE_MO": 1760, "SUPERFICIE_RF": 1760}}, {"type": "Feature", "id": 51974363, "geometry": {"type": "Polygon", "coordinates": [[[2530316.413, 1176635.312], [2530292.042, 1176570.042], [2530278.582, 1176533.992], [2530236.3109999998, 1176420.7719999999], [2530230.99, 1176406.5219999999], [2530192.1890000002, 1176302.622], [2530145.118, 1176176.562], [2530138.278, 1176153.172], [2530101.216, 1176010.551], [2530105.096, 1176009.541], [2530134.847, 1176123.632], [2530146.208, 1176167.212], [2530146.898, 1176169.892], [2530195.949, 1176301.222], [2530240.071, 1176419.362], [2530295.772, 1176568.572], [2530320.053, 1176633.572], [2530316.413, 1176635.312]]]}, "properties": {"OBJECTID": 51974363, "EGRID": "CH938382454377", "NUMERO": "DP 3", "NO_COM_FED": 5757, "GENRE_TXT": "DP communal", "SUPERFICIE_MO": 2656, "SUPERFICIE_RF": null}}, {"type": "Feature", "id": 51974460, "geometry": {"type": "Polygon", "coordinates": [[[2530251.776, 1174767.298], [2530253.032, 1174767.911], [2530260.031, 1174774.798], [2530261.376, 1174776.511], [2530262.268, 1174779.045], [2530263.763, 1174779.918], [2530266.649, 1174779.434], [2530267.526, 1174779.546], [2530269.041, 1174781.014], [2530270.308, 1174782.378], [2530271.913, 1174784.065], [2530274.243, 1174786.762], [2530275.405, 1174787.454], [2530274.409, 1174789.042], [2530248.703, 1174830.027], [2530223.899, 1174812.365], [2530249.147, 1174771.548], [2530251.776, 1174767.298]]]}, "properties": {"OBJECTID": 51974460, "EGRID": "CH886983459028", "NUMERO": "2326", "NO_COM_FED": 5757, "GENRE_TXT": "parcelle priv\u00e9e", "SUPERFICIE_MO": 1573, "SUPERFICIE_RF": 1573}}, {"type": "Feature", "id": 51974562, "geometry": {"type": "Polygon", "coordinates": [[[2530568.316, 1175105.69], [2530569.636, 1175105.65], [2530576.366, 1175105.75], [2530590.796, 1175105.739], [2530590.856, 1175107.029], [2530592.117, 1175136.179], [2530592.597, 1175136.169], [2530593.067, 1175148.829], [2530593.297, 1175150.909], [2530591.017, 1175151.379], [2530579.497, 1175153.959], [2530577.407, 1175154.389], [2530577.247, 1175154.309], [2530571.107, 1175135.46], [2530568.577, 1175117.8], [2530568.316, 1175105.69]]]}, "properties": {"OBJECTID": 51974562, "EGRID": "CH157383834541", "NUMERO": "655", "NO_COM_FED": 5757, "GENRE_TXT": "parcelle priv\u00e9e", "SUPERFICIE_MO": 986, "SUPERFICIE_RF": 986}}, {"type": "Feature", "id": 51974633, "geometry": {"type": "Polygon", "coordinates": [[[2530410.055, 1174757.86], [2530404.162, 1174723.028], [2530396.492, 1174700.889], [2530383.801, 1174705.154], [2530381.703, 1174698.912], [2530380.147, 1174694.829], [2530376.345, 1174684.861], [2530371.037, 1174671.183], [2530385.041, 1174666.524], [2530401.268, 1174661.104], [2530402.216, 1174660.787], [2530403.93, 1174662.832], [2530405.651, 1174669.216], [2530408.173, 1174670.48], [2530410.42, 1174671.171], [2530420.815, 1174679.732], [2530421.856, 1174681.527], [2530424.003, 1174687.0929999999], [2530427.917, 1174691.683], [2530427.412, 1174694.079], [2530425.525, 1174695.875], [2530424.86, 1174697.707], [2530424.785, 1174699.8530000001], [2530425.702, 1174701.416], [2530424.8140000002, 1174701.831], [2530418.373, 1174704.838], [2530436.717, 1174773.004], [2530410.055, 1174757.86]]]}, "properties": {"OBJECTID": 51974633, "EGRID": "CH286983459038", "NUMERO": "1088", "NO_COM_FED": 5757, "GENRE_TXT": "parcelle priv\u00e9e", "SUPERFICIE_MO": 2927, "SUPERFICIE_RF": 2927}}, {"type": "Feature", "id": 51974792, "geometry": {"type": "Polygon", "coordinates": [[[2530703.983, 1175669.295], [2530715.364, 1175693.104], [2530707.474, 1175694.625], [2530707.144, 1175694.675], [2530697.7939999998, 1175696.385], [2530697.704, 1175695.845], [2530696.574, 1175696.015], [2530695.754, 1175696.105], [2530691.094, 1175696.775], [2530687.834, 1175697.535], [2530685.344, 1175697.615], [2530684.954, 1175695.305], [2530679.975, 1175695.689], [2530679.579, 1175686.173], [2530687.775, 1175668.0320000001], [2530701.699, 1175666.573], [2530703.443, 1175669.615], [2530703.983, 1175669.295]]]}, "properties": {"OBJECTID": 51974792, "EGRID": "CH569983452433", "NUMERO": "2720", "NO_COM_FED": 5757, "GENRE_TXT": "parcelle priv\u00e9e", "SUPERFICIE_MO": 770, "SUPERFICIE_RF": 770}}, {"type": "Feature", "id": 51974938, "geometry": {"type": "Polygon", "coordinates": [[[2531465.752, 1176384.428], [2531376.263, 1176379.288], [2531372.148, 1176379.052], [2531377.482, 1176373.18], [2531411.872, 1176369.929], [2531435.952, 1176367.2280000001], [2531457.022, 1176364.168], [2531465.752, 1176384.428]]]}, "properties": {"OBJECTID": 51974938, "EGRID": "CH684283458257", "NUMERO": "97", "NO_COM_FED": 5757, "GENRE_TXT": "parcelle priv\u00e9e", "SUPERFICIE_MO": 1100, "SUPERFICIE_RF": 1100}}, {"type": "Feature", "id": 51975387, "geometry": {"type": "Polygon", "coordinates": [[[2530990.454, 1175662.526], [2530996.484, 1175678.375], [2530993.084, 1175674.245], [2530988.164, 1175672.936], [2530957.824, 1175700.627], [2530938.675, 1175721.867], [2530926.915, 1175734.577], [2530922.765, 1175737.7179999999], [2530921.265, 1175738.918], [2530917.475, 1175739.548], [2530913.525, 1175740.018], [2530909.635, 1175740.018], [2530905.725, 1175739.518], [2530901.905, 1175738.668], [2530898.095, 1175737.518], [2530894.395, 1175736.079], [2530890.815, 1175734.349], [2530888.655, 1175732.559], [2530885.0640000002, 1175729.569], [2530883.214, 1175728.779], [2530884.674, 1175703.299], [2530876.894, 1175677.749], [2530880.004, 1175674.109], [2530889.464, 1175702.359], [2530889.404, 1175703.869], [2530888.824, 1175717.999], [2530890.764, 1175721.469], [2530893.424, 1175724.409], [2530896.574, 1175726.928], [2530900.025, 1175728.9679999999], [2530903.865, 1175730.088], [2530907.895, 1175730.358], [2530911.935, 1175730.268], [2530915.965, 1175729.658], [2530923.695, 1175726.768], [2530927.835, 1175723.997], [2530931.595, 1175720.707], [2530934.994, 1175717.067], [2530945.094, 1175704.587], [2530951.154, 1175697.527], [2530952.804, 1175695.697], [2530957.3140000002, 1175690.687], [2530962.984, 1175685.596], [2530967.094, 1175681.786], [2530967.324, 1175681.566], [2530968.384, 1175680.656], [2530979.334, 1175671.716], [2530984.304, 1175667.686], [2530986.424, 1175665.956], [2530990.454, 1175662.526]]]}, "properties": {"OBJECTID": 51975387, "EGRID": "CH808245208370", "NUMERO": "DP 32", "NO_COM_FED": 5757, "GENRE_TXT": "DP communal", "SUPERFICIE_MO": 1307, "SUPERFICIE_RF": null}}, {"type": "Feature", "id": 51975515, "geometry": {"type": "Polygon", "coordinates": [[[2531481.7939999998, 1174201.668], [2531511.5439999998, 1174338.238], [2531541.495, 1174475.857], [2531430.389, 1174502.887], [2531430.107, 1174501.412], [2531421.655, 1174457.167], [2531383.216, 1174465.83], [2531362.653, 1174371.52], [2531333.883, 1174237.689], [2531481.7939999998, 1174201.668]]]}, "properties": {"OBJECTID": 51975515, "EGRID": "CH428372834511", "NUMERO": "289", "NO_COM_FED": 5757, "GENRE_TXT": "parcelle priv\u00e9e", "SUPERFICIE_MO": 40962, "SUPERFICIE_RF": 40944}}, {"type": "Feature", "id": 51976001, "geometry": {"type": "Polygon", "coordinates": [[[2530613.036, 1175100.558], [2530612.9560000002, 1175097.748], [2530612.89, 1175092.834], [2530619.817, 1175093.076], [2530633.0609999998, 1175093.54], [2530640.122, 1175093.402], [2530640.637, 1175099.777], [2530629.766, 1175100.088], [2530628.916, 1175100.108], [2530613.036, 1175100.558]]]}, "properties": {"OBJECTID": 51976001, "EGRID": "CH828374834551", "NUMERO": "410", "NO_COM_FED": 5757, "GENRE_TXT": "parcelle priv\u00e9e", "SUPERFICIE_MO": 190, "SUPERFICIE_RF": 190}}, {"type": "Feature", "id": 51976069, "geometry": {"type": "Polygon", "coordinates": [[[2530723.293, 1174763.135], [2530740.803, 1174746.275], [2530746.883, 1174741.504], [2530748.523, 1174740.614], [2530750.193, 1174739.994], [2530751.873, 1174739.874], [2530753.683, 1174740.014], [2530755.433, 1174740.614], [2530765.433, 1174744.744], [2530758.993, 1174753.464], [2530757.003, 1174760.634], [2530749.053, 1174775.614], [2530745.633, 1174778.974], [2530732.093, 1174773.215], [2530723.293, 1174763.135]]]}, "properties": {"OBJECTID": 51976069, "EGRID": "CH284883458231", "NUMERO": "2658", "NO_COM_FED": 5757, "GENRE_TXT": "parcelle priv\u00e9e", "SUPERFICIE_MO": 870, "SUPERFICIE_RF": 870}}, {"type": "Feature", "id": 51976545, "geometry": {"type": "Polygon", "coordinates": [[[2530645.358, 1176139.838], [2530646.048, 1176149.508], [2530638.229, 1176176.989], [2530575.239, 1176180.36], [2530572.658, 1176132.19], [2530575.898, 1176132], [2530619.568, 1176131.989], [2530637.918, 1176135.168], [2530645.358, 1176139.838]]]}, "properties": {"OBJECTID": 51976545, "EGRID": "CH528386834545", "NUMERO": "903", "NO_COM_FED": 5757, "GENRE_TXT": "parcelle priv\u00e9e", "SUPERFICIE_MO": 3168, "SUPERFICIE_RF": 3168}}, {"type": "Feature", "id": 51977547, "geometry": {"type": "Polygon", "coordinates": [[[2530868.021, 1174560.432], [2530871.161, 1174552.332], [2530873.071, 1174543.153], [2530895.501, 1174524.443], [2530913.031, 1174513.733], [2530940.261, 1174505.563], [2530937.611, 1174515.892], [2531038.392, 1174535.761], [2531028.892, 1174578.57], [2530955.672, 1174562.351], [2530953.492, 1174571.781], [2530949.462, 1174571.221], [2530907.151, 1174565.7719999999], [2530868.021, 1174560.432]]]}, "properties": {"OBJECTID": 51977547, "EGRID": "CH344583837207", "NUMERO": "238", "NO_COM_FED": 5757, "GENRE_TXT": "parcelle priv\u00e9e", "SUPERFICIE_MO": 7306, "SUPERFICIE_RF": 7296}}, {"type": "Feature", "id": 51977661, "geometry": {"type": "Polygon", "coordinates": [[[2530629.057, 1175106.118], [2530613.177, 1175106.488], [2530613.036, 1175100.558], [2530628.916, 1175100.108], [2530628.9359999998, 1175100.858], [2530629.057, 1175106.118]]]}, "properties": {"OBJECTID": 51977661, "EGRID": "CH668383450364", "NUMERO": "408", "NO_COM_FED": 5757, "GENRE_TXT": "parcelle priv\u00e9e", "SUPERFICIE_MO": 95, "SUPERFICIE_RF": 95}}, {"type": "Feature", "id": 51977789, "geometry": {"type": "Polygon", "coordinates": [[[2530396.832, 1174467.126], [2530364.98, 1174472.982], [2530358.838, 1174473.145], [2530347.994, 1174471.679], [2530352.142, 1174440.543], [2530391.196, 1174433.383], [2530395.722, 1174460.635], [2530396.832, 1174467.126]]]}, "properties": {"OBJECTID": 51977789, "EGRID": "CH829056834524", "NUMERO": "2355", "NO_COM_FED": 5757, "GENRE_TXT": "parcelle priv\u00e9e", "SUPERFICIE_MO": 1505, "SUPERFICIE_RF": 1505}}, {"type": "Feature", "id": 51977908, "geometry": {"type": "Polygon", "coordinates": [[[2530910.354, 1175641.858], [2530905.263, 1175629.948], [2530917.203, 1175624.828], [2530922.293, 1175636.748], [2530910.354, 1175641.858]]]}, "properties": {"OBJECTID": 51977908, "EGRID": "CH844583822086", "NUMERO": "2226", "NO_COM_FED": 5757, "GENRE_TXT": "parcelle priv\u00e9e", "SUPERFICIE_MO": 168, "SUPERFICIE_RF": 168}}, {"type": "Feature", "id": 51977970, "geometry": {"type": "Polygon", "coordinates": [[[2530836.6890000002, 1175294.261], [2530832.269, 1175295.751], [2530822.059, 1175298.781], [2530815.889, 1175300.422], [2530811.509, 1175289.232], [2530815.999, 1175287.612], [2530831.969, 1175281.841], [2530835.149, 1175287.401], [2530836.6890000002, 1175294.261]]]}, "properties": {"OBJECTID": 51977970, "EGRID": "CH314520838231", "NUMERO": "1494", "NO_COM_FED": 5757, "GENRE_TXT": "parcelle priv\u00e9e", "SUPERFICIE_MO": 284, "SUPERFICIE_RF": 284}}, {"type": "Feature", "id": 51978636, "geometry": {"type": "Polygon", "coordinates": [[[2530722.465, 1174979.205], [2530720.775, 1174980.595], [2530718.355, 1174979.285], [2530716.955, 1174979.685], [2530710.645, 1174980.155], [2530711.885, 1174978.625], [2530712.355, 1174978.355], [2530712.581223634, 1174978.12820581], [2530712.768016364, 1174977.8679728117], [2530712.910512442, 1174977.5810797913], [2530713.005, 1174977.275], [2530713.0477998955, 1174976.9611603746], [2530713.0400535883, 1174976.6445105108], [2530712.9819589555, 1174976.3331391006], [2530712.875, 1174976.035], [2530708.615, 1174966.835], [2530708.235, 1174965.995], [2530706.235, 1174961.516], [2530706.085, 1174961.246], [2530706.555, 1174960.956], [2530714.415, 1174956.905], [2530714.705, 1174957.455], [2530718.175, 1174963.495], [2530715.965, 1174964.655], [2530717.725, 1174967.545], [2530723.265, 1174975.725], [2530721.045, 1174977.315], [2530722.465, 1174979.205]]]}, "properties": {"OBJECTID": 51978636, "EGRID": "CH474583988362", "NUMERO": "512", "NO_COM_FED": 5757, "GENRE_TXT": "parcelle priv\u00e9e", "SUPERFICIE_MO": 203, "SUPERFICIE_RF": 203}}, {"type": "Feature", "id": 51978865, "geometry": {"type": "Polygon", "coordinates": [[[2530989.037, 1175062.306], [2530984.617, 1175055.086], [2530998.367, 1175044.836], [2531008.086, 1175025.576], [2531028.647, 1175035.945], [2531034.887, 1175039.055], [2531046.597, 1175044.894], [2531069.187, 1175057.184], [2531082.427, 1175066.443], [2531083.187, 1175066.973], [2531079.167, 1175070.823], [2531078.307, 1175071.653], [2531071.147, 1175078.494], [2531070.727, 1175078.874], [2531065.047, 1175084.084], [2531055.017, 1175093.284], [2531044.707, 1175102.964], [2531040.908, 1175106.875], [2531036.978, 1175110.905], [2531034.438, 1175113.515], [2531028.457, 1175105.705], [2531028.027, 1175105.985], [2531013.307, 1175086.675], [2531013.747, 1175086.295], [2530993.437, 1175059.406], [2530989.037, 1175062.306]]]}, "properties": {"OBJECTID": 51978865, "EGRID": "CH998382224546", "NUMERO": "657", "NO_COM_FED": 5757, "GENRE_TXT": "parcelle priv\u00e9e", "SUPERFICIE_MO": 4063, "SUPERFICIE_RF": 4063}}, {"type": "Feature", "id": 51978981, "geometry": {"type": "Polygon", "coordinates": [[[2530723.848, 1175189.585], [2530741.208, 1175179.524], [2530741.108, 1175179.244], [2530747.578, 1175176.404], [2530747.748, 1175176.724], [2530752.288, 1175174.664], [2530755.448, 1175180.854], [2530751.258, 1175182.884], [2530751.408, 1175183.224], [2530746.698, 1175185.594], [2530746.538, 1175185.284], [2530726.888, 1175194.845], [2530723.848, 1175189.585]]]}, "properties": {"OBJECTID": 51978981, "EGRID": "CH382383458290", "NUMERO": "334", "NO_COM_FED": 5757, "GENRE_TXT": "parcelle priv\u00e9e", "SUPERFICIE_MO": 226, "SUPERFICIE_RF": 226}}, {"type": "Feature", "id": 51979119, "geometry": {"type": "Polygon", "coordinates": [[[2530952.804, 1175695.697], [2530951.154, 1175697.527], [2530945.094, 1175704.587], [2530934.994, 1175717.067], [2530931.595, 1175720.707], [2530927.835, 1175723.997], [2530923.695, 1175726.768], [2530915.965, 1175729.658], [2530911.935, 1175730.268], [2530907.895, 1175730.358], [2530903.865, 1175730.088], [2530900.025, 1175728.9679999999], [2530896.574, 1175726.928], [2530893.424, 1175724.409], [2530890.764, 1175721.469], [2530888.824, 1175717.999], [2530889.404, 1175703.869], [2530893.524, 1175704.669], [2530896.8140000002, 1175705.308], [2530902.364, 1175706.388], [2530921.424, 1175698.838], [2530952.804, 1175695.697]]]}, "properties": {"OBJECTID": 51979119, "EGRID": "CH898382204586", "NUMERO": "766", "NO_COM_FED": 5757, "GENRE_TXT": "parcelle priv\u00e9e", "SUPERFICIE_MO": 1300, "SUPERFICIE_RF": 1300}}, {"type": "Feature", "id": 51979180, "geometry": {"type": "Polygon", "coordinates": [[[2530589.558, 1175267.569], [2530588.578, 1175264.039], [2530587.058, 1175257.829], [2530585.248, 1175252.059], [2530585.688, 1175251.919], [2530599.548, 1175248.619], [2530600.808, 1175254.569], [2530601.598, 1175254.449], [2530605.118, 1175253.698], [2530613.288, 1175252.088], [2530614.318, 1175258.098], [2530615.948, 1175269.858], [2530592.018, 1175276.189], [2530589.558, 1175267.569]]]}, "properties": {"OBJECTID": 51979180, "EGRID": "CH587283458356", "NUMERO": "627", "NO_COM_FED": 5757, "GENRE_TXT": "parcelle priv\u00e9e", "SUPERFICIE_MO": 570, "SUPERFICIE_RF": 570}}, {"type": "Feature", "id": 51979237, "geometry": {"type": "Polygon", "coordinates": [[[2530665.287, 1175138.337], [2530651.117, 1175140.3969999999], [2530649.527, 1175130.287], [2530660.517, 1175128.247], [2530661.397, 1175133.877], [2530666.277, 1175133.137], [2530667.037, 1175138.097], [2530665.287, 1175138.337]]]}, "properties": {"OBJECTID": 51979237, "EGRID": "CH208245228374", "NUMERO": "443", "NO_COM_FED": 5757, "GENRE_TXT": "parcelle priv\u00e9e", "SUPERFICIE_MO": 141, "SUPERFICIE_RF": 141}}, {"type": "Feature", "id": 51979496, "geometry": {"type": "Polygon", "coordinates": [[[2530978.074, 1174963.229], [2531005.58, 1174915.211], [2531007.055, 1174916.576], [2531014.355, 1174927.366], [2531016.165, 1174936.976], [2531014.426, 1174942.926], [2531012.076, 1174950.986], [2531001.916, 1174977.266], [2530979.766, 1174964.527], [2530978.074, 1174963.229]]]}, "properties": {"OBJECTID": 51979496, "EGRID": "CH898394854574", "NUMERO": "2776", "NO_COM_FED": 5757, "GENRE_TXT": "parcelle priv\u00e9e", "SUPERFICIE_MO": 1189, "SUPERFICIE_RF": 1189}}, {"type": "Feature", "id": 51979974, "geometry": {"type": "Polygon", "coordinates": [[[2530761.914, 1174879.014], [2530756.284, 1174880.624], [2530756.384, 1174881.214], [2530741.724, 1174882.994], [2530740.2939999998, 1174877.915], [2530748.684, 1174877.264], [2530748.654, 1174876.884], [2530754.684, 1174876.094], [2530754.634, 1174875.734], [2530756.524, 1174875.404], [2530758.524, 1174874.104], [2530759.034, 1174874.654], [2530759.464, 1174874.234], [2530761.914, 1174879.014]]]}, "properties": {"OBJECTID": 51979974, "EGRID": "CH544583822190", "NUMERO": "577", "NO_COM_FED": 5757, "GENRE_TXT": "parcelle priv\u00e9e", "SUPERFICIE_MO": 104, "SUPERFICIE_RF": 104}}, {"type": "Feature", "id": 51980204, "geometry": {"type": "Polygon", "coordinates": [[[2531315.695, 1174633.686], [2531317.825, 1174643.836], [2531318.895, 1174648.866], [2531319.775, 1174653.286], [2531322.805, 1174667.776], [2531323.425, 1174670.925], [2531269.975, 1174682.426], [2531237.255, 1174689.596], [2531236.835, 1174687.086], [2531236.615, 1174686.036], [2531241.445, 1174684.916], [2531245.145, 1174684.116], [2531274.575, 1174677.876], [2531294.285, 1174673.636], [2531285.985, 1174639.826], [2531315.695, 1174633.686]]]}, "properties": {"OBJECTID": 51980204, "EGRID": "CH308245218343", "NUMERO": "272", "NO_COM_FED": 5757, "GENRE_TXT": "parcelle priv\u00e9e", "SUPERFICIE_MO": 1342, "SUPERFICIE_RF": 1340}}, {"type": "Feature", "id": 51980451, "geometry": {"type": "Polygon", "coordinates": [[[2530195.105, 1175901.92], [2530209.945, 1175899.749], [2530214.285, 1175929.43], [2530199.445, 1175931.61], [2530195.105, 1175901.92]]]}, "properties": {"OBJECTID": 51980451, "EGRID": "CH308245418380", "NUMERO": "2553", "NO_COM_FED": 5757, "GENRE_TXT": "parcelle priv\u00e9e", "SUPERFICIE_MO": 450, "SUPERFICIE_RF": 450}}, {"type": "Feature", "id": 51980476, "geometry": {"type": "Polygon", "coordinates": [[[2530716.385, 1174941.315], [2530716.635, 1174941.745], [2530723.175, 1174938.015], [2530725.005, 1174940.985], [2530710.535, 1174950.775], [2530708.005, 1174946.545], [2530713.015, 1174943.235], [2530716.385, 1174941.315]]]}, "properties": {"OBJECTID": 51980476, "EGRID": "CH774582238397", "NUMERO": "522", "NO_COM_FED": 5757, "GENRE_TXT": "parcelle priv\u00e9e", "SUPERFICIE_MO": 76, "SUPERFICIE_RF": 76}}, {"type": "Feature", "id": 51980612, "geometry": {"type": "Polygon", "coordinates": [[[2530445.87, 1176285.905], [2530480.67, 1176284.004], [2530481.31, 1176295.844], [2530497.7, 1176294.983], [2530501.02, 1176355.964], [2530501.066, 1176356.8], [2530487.643, 1176357.65], [2530478.523, 1176357.865], [2530469.389, 1176357.623], [2530449.722, 1176356.584], [2530445.87, 1176285.905]]]}, "properties": {"OBJECTID": 51980612, "EGRID": "CH544583831494", "NUMERO": "1499", "NO_COM_FED": 5757, "GENRE_TXT": "DDP superficie", "SUPERFICIE_MO": 3545, "SUPERFICIE_RF": 3545}}, {"type": "Feature", "id": 51980710, "geometry": {"type": "Polygon", "coordinates": [[[2530993.99, 1175362.816], [2531005.851, 1175388.955], [2531008.391, 1175394.545], [2530991.941, 1175402.226], [2530977.21, 1175370.036], [2530993.99, 1175362.816]]]}, "properties": {"OBJECTID": 51980710, "EGRID": "CH844583837231", "NUMERO": "710", "NO_COM_FED": 5757, "GENRE_TXT": "parcelle priv\u00e9e", "SUPERFICIE_MO": 639, "SUPERFICIE_RF": 639}}, {"type": "Feature", "id": 51980728, "geometry": {"type": "Polygon", "coordinates": [[[2530978.074, 1174963.229], [2530954.155, 1174944.888], [2530989.082, 1174899.949], [2531005.58, 1174915.211], [2530978.074, 1174963.229]]]}, "properties": {"OBJECTID": 51980728, "EGRID": "CH888583459477", "NUMERO": "2775", "NO_COM_FED": 5757, "GENRE_TXT": "parcelle priv\u00e9e", "SUPERFICIE_MO": 1464, "SUPERFICIE_RF": 1464}}, {"type": "Feature", "id": 51980766, "geometry": {"type": "Polygon", "coordinates": [[[2530654.619, 1175286.117], [2530640.719, 1175287.727], [2530629.989, 1175288.948], [2530629.229, 1175283.608], [2530637.469, 1175282.437], [2530636.239, 1175274.717], [2530639.949, 1175273.957], [2530652.4390000002, 1175271.307], [2530654.619, 1175286.117]]]}, "properties": {"OBJECTID": 51980766, "EGRID": "CH798383744546", "NUMERO": "386", "NO_COM_FED": 5757, "GENRE_TXT": "parcelle priv\u00e9e", "SUPERFICIE_MO": 280, "SUPERFICIE_RF": 280}}, {"type": "Feature", "id": 51980876, "geometry": {"type": "Polygon", "coordinates": [[[2530728.276, 1175057.745], [2530737.336, 1175053.074], [2530738.416, 1175054.924], [2530738.756, 1175054.684], [2530740.026, 1175056.904], [2530739.736, 1175057.124], [2530740.196, 1175057.984], [2530731.026, 1175064.685], [2530728.276, 1175057.745]]]}, "properties": {"OBJECTID": 51980876, "EGRID": "CH508245298348", "NUMERO": "353", "NO_COM_FED": 5757, "GENRE_TXT": "parcelle priv\u00e9e", "SUPERFICIE_MO": 71, "SUPERFICIE_RF": 71}}, {"type": "Feature", "id": 51980906, "geometry": {"type": "Polygon", "coordinates": [[[2530929.083, 1175360.699], [2530909.95, 1175368.788], [2530906.75, 1175362.119], [2530902.35, 1175352.839], [2530901.103, 1175350.126], [2530892.77, 1175331.999], [2530901.07, 1175328.649], [2530913.101, 1175323.833], [2530929.083, 1175360.699]]]}, "properties": {"OBJECTID": 51980906, "EGRID": "CH214553839249", "NUMERO": "681", "NO_COM_FED": 5757, "GENRE_TXT": "parcelle priv\u00e9e", "SUPERFICIE_MO": 865, "SUPERFICIE_RF": 865}}, {"type": "Feature", "id": 51981171, "geometry": {"type": "Polygon", "coordinates": [[[2530992.2939999998, 1174839.866], [2530999.604, 1174841.476], [2531004.354, 1174843.056], [2531028.074, 1174849.735], [2531026.345, 1174853.205], [2531022.425, 1174861.095], [2531022.815, 1174861.325], [2531021.975, 1174862.755], [2531025.165, 1174864.525], [2531036.095, 1174869.335], [2531045.125, 1174854.545], [2531055.985, 1174857.605], [2531037.065, 1174891.895], [2531021.315, 1174881.895], [2531013.825, 1174877.306], [2531013.545, 1174877.106], [2530992.965, 1174862.046], [2530985.114, 1174857.107], [2530992.2939999998, 1174839.866]]]}, "properties": {"OBJECTID": 51981171, "EGRID": "CH282383458227", "NUMERO": "1012", "NO_COM_FED": 5757, "GENRE_TXT": "parcelle priv\u00e9e", "SUPERFICIE_MO": 1592, "SUPERFICIE_RF": 1592}}, {"type": "Feature", "id": 51981369, "geometry": {"type": "Polygon", "coordinates": [[[2531232.625, 1174702.176], [2531238.885, 1174723.295], [2531212.015, 1174713.026], [2531202.444, 1174685.096], [2531176.114, 1174687.687], [2531166.204, 1174688.797], [2531150.793, 1174543.19], [2531165.673, 1174558.419], [2531179.413, 1174576.049], [2531192.844, 1174597.078], [2531205.174, 1174626.798], [2531232.625, 1174702.176]]]}, "properties": {"OBJECTID": 51981369, "EGRID": "CH644583824235", "NUMERO": "256", "NO_COM_FED": 5757, "GENRE_TXT": "parcelle priv\u00e9e", "SUPERFICIE_MO": 6258, "SUPERFICIE_RF": 6228}}, {"type": "Feature", "id": 51981590, "geometry": {"type": "Polygon", "coordinates": [[[2530615.948, 1175269.858], [2530614.318, 1175258.098], [2530613.288, 1175252.088], [2530612.088, 1175245.048], [2530611.608, 1175245.168], [2530606.648, 1175211.138], [2530601.417, 1175166.359], [2530605.297, 1175161.449], [2530614.747, 1175160.518], [2530615.127, 1175165.528], [2530616.017, 1175178.338], [2530616.638, 1175188.958], [2530617.498, 1175198.438], [2530618.488, 1175207.538], [2530620.498, 1175223.7179999999], [2530622.608, 1175237.258], [2530623.518, 1175244.818], [2530625.568, 1175257.138], [2530626.818, 1175266.658], [2530628.129, 1175276.298], [2530629.229, 1175283.608], [2530629.989, 1175288.948], [2530631.159, 1175297.128], [2530633.629, 1175313.747], [2530633.779, 1175314.437], [2530635.042, 1175319.906], [2530636.409, 1175325.827], [2530634.379, 1175326.317], [2530623.299, 1175321.738], [2530623.369, 1175319.898], [2530622.009, 1175310.138], [2530621.529, 1175306.2280000001], [2530620.599, 1175299.758], [2530619.9189999998, 1175294.438], [2530618.789, 1175287.818], [2530618.149, 1175282.768], [2530616.058, 1175270.848], [2530615.948, 1175269.858]]]}, "properties": {"OBJECTID": 51981590, "EGRID": "CH128373834507", "NUMERO": "DP 155", "NO_COM_FED": 5757, "GENRE_TXT": "DP communal", "SUPERFICIE_MO": 1935, "SUPERFICIE_RF": null}}, {"type": "Feature", "id": 51981659, "geometry": {"type": "Polygon", "coordinates": [[[2530711.007, 1175157.015], [2530721.867, 1175154.895], [2530729.367, 1175152.685], [2530728.627, 1175150.305], [2530730.537, 1175150.275], [2530730.257, 1175148.685], [2530735.567, 1175147.454], [2530734.657, 1175143.304], [2530738.437, 1175142.164], [2530739.927, 1175148.724], [2530741.987, 1175153.514], [2530736.307, 1175155.734], [2530736.057, 1175155.824], [2530737.027, 1175158.144], [2530735.357, 1175158.744], [2530733.187, 1175159.774], [2530733.047, 1175159.464], [2530725.117, 1175162.795], [2530724.987, 1175162.485], [2530722.007, 1175163.565], [2530722.117, 1175163.905], [2530713.987, 1175166.885], [2530711.007, 1175157.015]]]}, "properties": {"OBJECTID": 51981659, "EGRID": "CH438383459589", "NUMERO": "339", "NO_COM_FED": 5757, "GENRE_TXT": "parcelle priv\u00e9e", "SUPERFICIE_MO": 290, "SUPERFICIE_RF": 290}}, {"type": "Feature", "id": 51981675, "geometry": {"type": "Polygon", "coordinates": [[[2530752.634, 1174360.136], [2530752.139, 1174372.255], [2530749.888, 1174390.575], [2530745.985, 1174389.989], [2530745.634, 1174406.757], [2530747.808, 1174408.99], [2530747.425, 1174417.292], [2530719.854, 1174413.9780000001], [2530700.43, 1174411.655], [2530717.126, 1174366.106], [2530720.72, 1174356.331], [2530751.267, 1174359.973], [2530752.634, 1174360.136]]]}, "properties": {"OBJECTID": 51981675, "EGRID": "CH869083456833", "NUMERO": "1176", "NO_COM_FED": 5757, "GENRE_TXT": "parcelle priv\u00e9e", "SUPERFICIE_MO": 2229, "SUPERFICIE_RF": 2229}}, {"type": "Feature", "id": 51982293, "geometry": {"type": "Polygon", "coordinates": [[[2530428.362, 1174703.127], [2530446.501, 1174715.241], [2530466.772, 1174699.279], [2530482.572, 1174719.949], [2530490.682, 1174733.159], [2530496.442, 1174747.139], [2530501.782, 1174762.169], [2530508.263, 1174777.349], [2530511.693, 1174782.229], [2530493.963, 1174805.459], [2530436.717, 1174773.004], [2530418.373, 1174704.838], [2530424.8140000002, 1174701.831], [2530425.702, 1174701.416], [2530426.514, 1174702.802], [2530427.668, 1174703.634], [2530428.362, 1174703.127]]]}, "properties": {"OBJECTID": 51982293, "EGRID": "CH209045698308", "NUMERO": "1087", "NO_COM_FED": 5757, "GENRE_TXT": "parcelle priv\u00e9e", "SUPERFICIE_MO": 5525, "SUPERFICIE_RF": 5525}}, {"type": "Feature", "id": 51982413, "geometry": {"type": "Polygon", "coordinates": [[[2530674.458, 1175232.936], [2530674.488, 1175232.476], [2530676.198, 1175232.596], [2530686.828, 1175232.416], [2530690.198, 1175232.266], [2530690.028, 1175235.836], [2530689.818, 1175235.866], [2530689.278, 1175242.346], [2530677.478, 1175242.356], [2530671.608, 1175242.366], [2530668.808, 1175242.366], [2530660.548, 1175242.337], [2530660.588, 1175242.837], [2530658.918, 1175242.917], [2530658.728, 1175235.6570000001], [2530674.618, 1175235.466], [2530674.458, 1175232.936]]]}, "properties": {"OBJECTID": 51982413, "EGRID": "CH188883458351", "NUMERO": "427", "NO_COM_FED": 5757, "GENRE_TXT": "parcelle priv\u00e9e", "SUPERFICIE_MO": 258, "SUPERFICIE_RF": 258}}, {"type": "Feature", "id": 51982646, "geometry": {"type": "Polygon", "coordinates": [[[2530864.986, 1175835.469], [2530856.556, 1175835.18], [2530838.256, 1175834.58], [2530824.856, 1175834.861], [2530823.885, 1175817.621], [2530866.175, 1175818.249], [2530864.986, 1175835.469]]]}, "properties": {"OBJECTID": 51982646, "EGRID": "CH608345198317", "NUMERO": "1463", "NO_COM_FED": 5757, "GENRE_TXT": "parcelle priv\u00e9e", "SUPERFICIE_MO": 700, "SUPERFICIE_RF": 700}}, {"type": "Feature", "id": 51982800, "geometry": {"type": "Polygon", "coordinates": [[[2530705.699, 1175369.717], [2530705.21, 1175360.535], [2530710.79, 1175360.265], [2530711.278, 1175369.42], [2530705.699, 1175369.717]]]}, "properties": {"OBJECTID": 51982800, "EGRID": "CH274583158388", "NUMERO": "1441", "NO_COM_FED": 5757, "GENRE_TXT": "DDP superficie", "SUPERFICIE_MO": 51, "SUPERFICIE_RF": 51}}, {"type": "Feature", "id": 51983253, "geometry": {"type": "Polygon", "coordinates": [[[2530710.077, 1175974.145], [2530704.147, 1175969.935], [2530700.737, 1175967.585], [2530695.157, 1175964.585], [2530694.947, 1175964.395], [2530709.967, 1175948.624], [2530712.667, 1175951.144], [2530714.747, 1175953.094], [2530722.867, 1175960.764], [2530720.187, 1175963.574], [2530720.457, 1175963.814], [2530716.677, 1175967.814], [2530715.277, 1175969.294], [2530710.077, 1175974.145]]]}, "properties": {"OBJECTID": 51983253, "EGRID": "CH438382455343", "NUMERO": "728", "NO_COM_FED": 5757, "GENRE_TXT": "parcelle priv\u00e9e", "SUPERFICIE_MO": 357, "SUPERFICIE_RF": 357}}, {"type": "Feature", "id": 51983448, "geometry": {"type": "Polygon", "coordinates": [[[2530799.9390000002, 1175262.502], [2530802.239, 1175268.412], [2530800.719, 1175269.0219999999], [2530801.9189999998, 1175274.232], [2530800.909, 1175275.682], [2530799.359, 1175276.332], [2530799.209, 1175275.792], [2530780.839, 1175281.623], [2530777.299, 1175282.823], [2530776.219, 1175278.083], [2530779.899, 1175277.053], [2530778.819, 1175269.553], [2530784.989, 1175267.473], [2530793.719, 1175264.562], [2530799.9390000002, 1175262.502]]]}, "properties": {"OBJECTID": 51983448, "EGRID": "CH382083458274", "NUMERO": "1482", "NO_COM_FED": 5757, "GENRE_TXT": "parcelle priv\u00e9e", "SUPERFICIE_MO": 296, "SUPERFICIE_RF": 296}}, {"type": "Feature", "id": 51983515, "geometry": {"type": "Polygon", "coordinates": [[[2530608.343, 1174834.929], [2530610.803, 1174834.409], [2530613.913, 1174838.339], [2530615.423, 1174840.239], [2530615.153, 1174840.639], [2530616.583, 1174841.699], [2530615.493, 1174843.429], [2530613.633, 1174841.219], [2530608.343, 1174834.929]]]}, "properties": {"OBJECTID": 51983515, "EGRID": "CH674582238334", "NUMERO": "555", "NO_COM_FED": 5757, "GENRE_TXT": "parcelle priv\u00e9e", "SUPERFICIE_MO": 21, "SUPERFICIE_RF": 21}}, {"type": "Feature", "id": 51984251, "geometry": {"type": "Polygon", "coordinates": [[[2530276.89, 1174515.796], [2530323.947, 1174532.276], [2530314.848, 1174558.308], [2530282.678, 1174547.411], [2530268.702, 1174538.98], [2530276.89, 1174515.796]]]}, "properties": {"OBJECTID": 51984251, "EGRID": "CH585583459023", "NUMERO": "1140", "NO_COM_FED": 5757, "GENRE_TXT": "parcelle priv\u00e9e", "SUPERFICIE_MO": 1361, "SUPERFICIE_RF": 1361}}, {"type": "Feature", "id": 51984420, "geometry": {"type": "Polygon", "coordinates": [[[2530837.06, 1174583.601], [2530832.492, 1174592.619], [2530819.784, 1174620.384], [2530810.729, 1174618.787], [2530813.1689999998, 1174609.054], [2530814.093, 1174605.141], [2530809.882, 1174599.219], [2530804.958, 1174598.351], [2530808.449, 1174578.557], [2530810.59, 1174578.935], [2530837.06, 1174583.601]]]}, "properties": {"OBJECTID": 51984420, "EGRID": "CH709145388301", "NUMERO": "2755", "NO_COM_FED": 5757, "GENRE_TXT": "parcelle priv\u00e9e", "SUPERFICIE_MO": 750, "SUPERFICIE_RF": 750}}, {"type": "Feature", "id": 51984423, "geometry": {"type": "Polygon", "coordinates": [[[2530450.407, 1174511.898], [2530452.276, 1174538.918], [2530454.481, 1174560.531], [2530452.716, 1174569.766], [2530453.485, 1174576.606], [2530460.008, 1174631.064], [2530449.221, 1174638.202], [2530447.963, 1174632.411], [2530444.295, 1174583.654], [2530442.255, 1174565.082], [2530440.299, 1174547.231], [2530436.917, 1174516.127], [2530433.825, 1174488.743], [2530433.528, 1174485.95], [2530430.318, 1174459.035], [2530429.462, 1174455.502], [2530423.438, 1174425.375], [2530411.607, 1174365.741], [2530406.818, 1174341.599], [2530402.934, 1174304.774], [2530402.26, 1174299.948], [2530413.171, 1174298.426], [2530414.537, 1174310.886], [2530417.735, 1174339.823], [2530423.807, 1174353.128], [2530427.769, 1174359.802], [2530435.438, 1174365.686], [2530438.264, 1174370.842], [2530439.156, 1174376.703], [2530437.476, 1174382.195], [2530432.385, 1174390.678], [2530431.884, 1174405.42], [2530437.4359999998, 1174431.155], [2530442.333, 1174453.934], [2530442.58, 1174455.202], [2530447.859, 1174486.738], [2530449.231, 1174494.909], [2530450.407, 1174511.898]]]}, "properties": {"OBJECTID": 51984423, "EGRID": "CH929056834587", "NUMERO": "DP 190", "NO_COM_FED": 5757, "GENRE_TXT": "DP communal", "SUPERFICIE_MO": 4507, "SUPERFICIE_RF": null}}, {"type": "Feature", "id": 51984614, "geometry": {"type": "Polygon", "coordinates": [[[2530735.316, 1175886.283], [2530741.616, 1175866.883], [2530754.766, 1175871.323], [2530759.7060000002, 1175871.333], [2530786.396, 1175871.2719999999], [2530818.796, 1175871.061], [2530820.386, 1175899.461], [2530778.836, 1175904.732], [2530769.676, 1175916.552], [2530748.046, 1175899.753], [2530733.856, 1175888.573], [2530735.316, 1175886.283]]]}, "properties": {"OBJECTID": 51984614, "EGRID": "CH498382424559", "NUMERO": "731", "NO_COM_FED": 5757, "GENRE_TXT": "parcelle priv\u00e9e", "SUPERFICIE_MO": 2715, "SUPERFICIE_RF": 2715}}, {"type": "Feature", "id": 51984638, "geometry": {"type": "Polygon", "coordinates": [[[2530959.428, 1175202.857], [2530948.398, 1175206.787], [2530942.499, 1175208.748], [2530940.508, 1175202.938], [2530933.848, 1175183.508], [2530949.628, 1175176.787], [2530959.428, 1175202.857]]]}, "properties": {"OBJECTID": 51984638, "EGRID": "CH628221834541", "NUMERO": "693", "NO_COM_FED": 5757, "GENRE_TXT": "parcelle priv\u00e9e", "SUPERFICIE_MO": 479, "SUPERFICIE_RF": 479}}, {"type": "Feature", "id": 51984740, "geometry": {"type": "Polygon", "coordinates": [[[2530505.006, 1174414.726], [2530529.029, 1174428.883], [2530521.031, 1174457.745], [2530504.002, 1174487.678], [2530499.346, 1174493.475], [2530501.826, 1174477.699], [2530499.647, 1174431.248], [2530503.879, 1174431.211], [2530505.006, 1174414.726]]]}, "properties": {"OBJECTID": 51984740, "EGRID": "CH655583904545", "NUMERO": "2352", "NO_COM_FED": 5757, "GENRE_TXT": "parcelle priv\u00e9e", "SUPERFICIE_MO": 1231, "SUPERFICIE_RF": 1231}}, {"type": "Feature", "id": 51985226, "geometry": {"type": "Polygon", "coordinates": [[[2531273.836, 1174855.192], [2531271.2060000002, 1174838.713], [2531274.036, 1174838.203], [2531279.196, 1174837.253], [2531289.906, 1174831.043], [2531292.696, 1174829.423], [2531288.826, 1174806.773], [2531330.946, 1174797.3530000001], [2531348.966, 1174804.153], [2531368.057, 1174810.0320000001], [2531382.317, 1174812.822], [2531382.037, 1174823.432], [2531348.817, 1174834.002], [2531318.056, 1174849.0219999999], [2531316.106, 1174842.332], [2531296.866, 1174848.382], [2531277.076, 1174854.362], [2531273.836, 1174855.192]]]}, "properties": {"OBJECTID": 51985226, "EGRID": "CH360183456884", "NUMERO": "2860", "NO_COM_FED": 5757, "GENRE_TXT": "DDP superficie", "SUPERFICIE_MO": 3433, "SUPERFICIE_RF": 3425}}, {"type": "Feature", "id": 51985569, "geometry": {"type": "Polygon", "coordinates": [[[2530601.619, 1175309.238], [2530617.539, 1175306.9780000001], [2530617.529, 1175306.758], [2530621.529, 1175306.2280000001], [2530622.009, 1175310.138], [2530623.369, 1175319.898], [2530623.299, 1175321.738], [2530622.429, 1175324.848], [2530620.459, 1175326.548], [2530616.589, 1175327.698], [2530613.779, 1175328.008], [2530606.909, 1175328.258], [2530606.259, 1175327.668], [2530601.619, 1175309.238]]]}, "properties": {"OBJECTID": 51985569, "EGRID": "CH298383714531", "NUMERO": "624", "NO_COM_FED": 5757, "GENRE_TXT": "parcelle priv\u00e9e", "SUPERFICIE_MO": 373, "SUPERFICIE_RF": 373}}, {"type": "Feature", "id": 51985927, "geometry": {"type": "Polygon", "coordinates": [[[2530449.328, 1175254.153], [2530446.588, 1175248.902], [2530440.862, 1175213.338], [2530443.192, 1175193.642], [2530455.337, 1175177.87], [2530460.32, 1175169.535], [2530461.526, 1175166.474], [2530462.26, 1175144.427], [2530462.057, 1175142.567], [2530462.7, 1175143.845], [2530472.333, 1175163.001], [2530484.157, 1175178.731], [2530490.4390000002, 1175186.43], [2530517.148, 1175221.031], [2530517.048, 1175265.621], [2530525.928, 1175277.551], [2530551.678, 1175276.33], [2530551.848, 1175276.27], [2530553.328, 1175278.89], [2530574.099, 1175315.719], [2530577.309, 1175326.249], [2530570.769, 1175327.139], [2530577.03, 1175371.409], [2530597.39, 1175367.839], [2530591.95, 1175387.249], [2530588.87, 1175395.689], [2530588.45, 1175397.609], [2530584.88, 1175424.919], [2530583.031, 1175469.119], [2530581.361, 1175474.679], [2530579.511, 1175477.279], [2530578.401, 1175477.539], [2530546.21, 1175446.62], [2530538.41, 1175450.27], [2530534.37, 1175446.21], [2530531.63, 1175443.291], [2530529.16, 1175439.901], [2530526.82, 1175434.581], [2530524.53, 1175428.671], [2530522.02, 1175420.871], [2530518.28, 1175407.311], [2530519.03, 1175405.191], [2530510.829, 1175377.731], [2530504.819, 1175361.882], [2530497.829, 1175346.972], [2530485.839, 1175322.952], [2530478.979, 1175312.052], [2530466.568, 1175287.893], [2530449.328, 1175254.153]]]}, "properties": {"OBJECTID": 51985927, "EGRID": "CH609045688369", "NUMERO": "650", "NO_COM_FED": 5757, "GENRE_TXT": "parcelle priv\u00e9e", "SUPERFICIE_MO": 20427, "SUPERFICIE_RF": 20427}}, {"type": "Feature", "id": 51986422, "geometry": {"type": "Polygon", "coordinates": [[[2530921.915, 1175764.248], [2530927.555, 1175784.457], [2530925.625, 1175784.987], [2530905.045, 1175790.668], [2530911.086, 1175818.188], [2530907.606, 1175818.798], [2530869.496, 1175818.259], [2530865.425, 1175782.389], [2530874.365, 1175784.409], [2530874.335, 1175781.029], [2530874.275, 1175774.969], [2530874.235, 1175771.429], [2530920.045, 1175764.9780000001], [2530921.915, 1175764.248]]]}, "properties": {"OBJECTID": 51986422, "EGRID": "CH651483824512", "NUMERO": "755", "NO_COM_FED": 5757, "GENRE_TXT": "parcelle priv\u00e9e", "SUPERFICIE_MO": 2278, "SUPERFICIE_RF": 2278}}, {"type": "Feature", "id": 51986498, "geometry": {"type": "Polygon", "coordinates": [[[2530616.805, 1175858.987], [2530613.915, 1175832.377], [2530633.785, 1175830.347], [2530636.035, 1175850.1570000001], [2530632.665, 1175852.007], [2530628.875, 1175853.9070000001], [2530624.525, 1175855.857], [2530619.945, 1175857.797], [2530616.805, 1175858.987]]]}, "properties": {"OBJECTID": 51986498, "EGRID": "CH968383451349", "NUMERO": "796", "NO_COM_FED": 5757, "GENRE_TXT": "parcelle priv\u00e9e", "SUPERFICIE_MO": 473, "SUPERFICIE_RF": 473}}, {"type": "Feature", "id": 51986579, "geometry": {"type": "Polygon", "coordinates": [[[2530966.249, 1176144.089], [2530969.179, 1176143.459], [2530970.029, 1176147.359], [2530967.099, 1176147.999], [2530966.249, 1176144.089]]]}, "properties": {"OBJECTID": 51986579, "EGRID": "CH174583788330", "NUMERO": "143", "NO_COM_FED": 5757, "GENRE_TXT": "parcelle priv\u00e9e", "SUPERFICIE_MO": 12, "SUPERFICIE_RF": 12}}, {"type": "Feature", "id": 51986670, "geometry": {"type": "Polygon", "coordinates": [[[2530421.978, 1175264.014], [2530425.918, 1175263.604], [2530429.988, 1175263.184], [2530438.398, 1175278.694], [2530446.058, 1175291.473], [2530455.179, 1175309.323], [2530465.559, 1175327.733], [2530471.599, 1175336.6030000001], [2530477.529, 1175347.722], [2530485.399, 1175363.622], [2530486.139, 1175366.052], [2530484.239, 1175366.722], [2530480.139, 1175368.172], [2530453.879, 1175319.3530000001], [2530421.978, 1175264.014]]]}, "properties": {"OBJECTID": 51986670, "EGRID": "CH538383458961", "NUMERO": "2305", "NO_COM_FED": 5757, "GENRE_TXT": "parcelle priv\u00e9e", "SUPERFICIE_MO": 810, "SUPERFICIE_RF": 810}}, {"type": "Feature", "id": 51986913, "geometry": {"type": "Polygon", "coordinates": [[[2530869.751, 1175435.27], [2530876.011, 1175455.809], [2530865.571, 1175459.08], [2530866.041, 1175461.32], [2530850.151, 1175464.56], [2530835.771, 1175468.641], [2530833.771, 1175456.701], [2530827.881, 1175456.911], [2530823.021, 1175459.541], [2530817.761, 1175457.971], [2530814.461, 1175424.811], [2530822.451, 1175423.171], [2530828.091, 1175421.831], [2530837.281, 1175418.731], [2530840.761, 1175417.561], [2530856.271, 1175412.94], [2530861.231, 1175437.86], [2530869.751, 1175435.27]]]}, "properties": {"OBJECTID": 51986913, "EGRID": "CH787383458358", "NUMERO": "609", "NO_COM_FED": 5757, "GENRE_TXT": "parcelle priv\u00e9e", "SUPERFICIE_MO": 2191, "SUPERFICIE_RF": 2191}}, {"type": "Feature", "id": 51987350, "geometry": {"type": "Polygon", "coordinates": [[[2530938.9, 1175356.548], [2530929.083, 1175360.699], [2530913.101, 1175323.833], [2530940.7, 1175312.788], [2530956.13, 1175349.307], [2530938.9, 1175356.548]]]}, "properties": {"OBJECTID": 51987350, "EGRID": "CH229253834507", "NUMERO": "2766", "NO_COM_FED": 5757, "GENRE_TXT": "parcelle priv\u00e9e", "SUPERFICIE_MO": 1179, "SUPERFICIE_RF": 1179}}, {"type": "Feature", "id": 51987405, "geometry": {"type": "Polygon", "coordinates": [[[2530224.712, 1174721.073], [2530235.682, 1174721.878], [2530233.68, 1174748.566], [2530233.096, 1174756.348], [2530213.803, 1174750.173], [2530195.79, 1174750.144], [2530146.804, 1174741.214], [2530150.195, 1174719.611], [2530163.0810000002, 1174716.541], [2530181.242, 1174713.017], [2530186.243, 1174710.915], [2530188.536, 1174722.269], [2530219.083, 1174724.179], [2530224.712, 1174721.073]]]}, "properties": {"OBJECTID": 51987405, "EGRID": "CH944583906976", "NUMERO": "1125", "NO_COM_FED": 5757, "GENRE_TXT": "parcelle priv\u00e9e", "SUPERFICIE_MO": 2495, "SUPERFICIE_RF": 2495}}, {"type": "Feature", "id": 51987678, "geometry": {"type": "Polygon", "coordinates": [[[2531023.429, 1176181.208], [2531026.069, 1176190.758], [2531025.78, 1176204.928], [2531020.02, 1176206.178], [2531013.269, 1176198.348], [2531008.729, 1176193.108], [2531007.179, 1176191.348], [2530986.109, 1176182.739], [2530984.709, 1176186.069], [2530970.609, 1176189.149], [2530973.219, 1176200.84], [2530975.22, 1176206.63], [2530979.43, 1176214.979], [2530974.92, 1176215.96], [2530968.589, 1176198.72], [2530952.089, 1176122.439], [2530957.959, 1176130.929], [2530977.059, 1176126.039], [2530981.559, 1176125.089], [2530986.739, 1176148.919], [2530988.209, 1176148.609], [2530994.959, 1176179.659], [2530993.769, 1176182.559], [2531001.879, 1176185.889], [2531023.429, 1176181.208]], [[2530966.249, 1176144.089], [2530967.099, 1176147.999], [2530970.029, 1176147.359], [2530969.179, 1176143.459], [2530966.249, 1176144.089]], [[2530970.619, 1176177.309], [2530971.219, 1176180.089], [2530971.819, 1176182.899], [2530972.429, 1176185.719], [2530978.219, 1176184.459], [2530977.609, 1176181.639], [2530977.009, 1176178.849], [2530976.409, 1176176.049], [2530975.809, 1176173.259], [2530975.209, 1176170.459], [2530974.599, 1176167.659], [2530973.999, 1176164.869], [2530973.399, 1176162.069], [2530972.799, 1176159.279], [2530972.1890000002, 1176156.479], [2530971.589, 1176153.679], [2530970.989, 1176150.879], [2530970.379, 1176148.059], [2530964.589, 1176149.299], [2530965.199, 1176152.129], [2530965.799, 1176154.929], [2530966.409, 1176157.729], [2530967.009, 1176160.529], [2530967.609, 1176163.329], [2530968.209, 1176166.119], [2530968.809, 1176168.919], [2530969.4189999998, 1176171.719], [2530970.019, 1176174.509], [2530970.619, 1176177.309]]]}, "properties": {"OBJECTID": 51987678, "EGRID": "CH944583837690", "NUMERO": "139", "NO_COM_FED": 5757, "GENRE_TXT": "parcelle priv\u00e9e", "SUPERFICIE_MO": 2011, "SUPERFICIE_RF": 2011}}, {"type": "Feature", "id": 51987840, "geometry": {"type": "Polygon", "coordinates": [[[2530959.428, 1175202.857], [2530966.229, 1175221.227], [2530948.699, 1175227.037], [2530943.519, 1175211.748], [2530942.499, 1175208.748], [2530948.398, 1175206.787], [2530959.428, 1175202.857]]]}, "properties": {"OBJECTID": 51987840, "EGRID": "CH198383884514", "NUMERO": "694", "NO_COM_FED": 5757, "GENRE_TXT": "parcelle priv\u00e9e", "SUPERFICIE_MO": 353, "SUPERFICIE_RF": 353}}, {"type": "Feature", "id": 51988167, "geometry": {"type": "Polygon", "coordinates": [[[2530729.237, 1175143.615], [2530734.567, 1175142.584], [2530734.657, 1175143.304], [2530729.447, 1175144.315], [2530729.237, 1175143.615]]]}, "properties": {"OBJECTID": 51988167, "EGRID": "CH708345148395", "NUMERO": "341", "NO_COM_FED": 5757, "GENRE_TXT": "parcelle priv\u00e9e", "SUPERFICIE_MO": 4, "SUPERFICIE_RF": 4}}, {"type": "Feature", "id": 51988848, "geometry": {"type": "Polygon", "coordinates": [[[2530375.609, 1174814.202], [2530378.774, 1174808.219], [2530388.139, 1174790.307], [2530403.3140000002, 1174798.775], [2530418.897, 1174769.089], [2530426.182, 1174772.981], [2530424.761, 1174773.505], [2530423.106, 1174776.726], [2530423.323, 1174776.835], [2530423.066, 1174777.357], [2530420.15, 1174783.208], [2530409.274, 1174802.108], [2530413.163, 1174804.23], [2530424.592, 1174811.464], [2530404.932, 1174836.145], [2530409.801, 1174839.977], [2530402.632, 1174855.59], [2530402.232, 1174856.48], [2530400.757, 1174861.053], [2530400.214, 1174860.2280000001], [2530393.675, 1174855.341], [2530390.974, 1174850.79], [2530387.547, 1174848.8], [2530375.914, 1174836.986], [2530372.103, 1174835.208], [2530370.853, 1174829.956], [2530369.569, 1174827.277], [2530369.173, 1174827.025], [2530374.473, 1174826.996], [2530388.105, 1174826.921], [2530389.951, 1174824.387], [2530375.609, 1174814.202]]]}, "properties": {"OBJECTID": 51988848, "EGRID": "CH809045698395", "NUMERO": "1079", "NO_COM_FED": 5757, "GENRE_TXT": "parcelle priv\u00e9e", "SUPERFICIE_MO": 2099, "SUPERFICIE_RF": 2099}}, {"type": "Feature", "id": 51989315, "geometry": {"type": "Polygon", "coordinates": [[[2530763.947, 1175114.003], [2530754.087, 1175097.564], [2530753.617, 1175097.274], [2530755.937, 1175092.634], [2530754.237, 1175089.424], [2530750.307, 1175087.384], [2530750.2295336733, 1175087.3600437422], [2530750.157093258, 1175087.323611335], [2530750.091672005, 1175087.2757052423], [2530750.0350700277, 1175087.2176436356], [2530749.98884477, 1175087.1510241216], [2530749.954268154, 1175087.0776797852], [2530749.932291581, 1175086.9996287487], [2530749.9235197515, 1175086.9190186437], [2530749.928194029, 1175086.8380675153], [2530749.946185797, 1175086.7590027929], [2530749.977, 1175086.684], [2530763.396, 1175063.924], [2530772.487, 1175073.513], [2530772.847, 1175073.433], [2530787.987, 1175100.6030000001], [2530763.947, 1175114.003]]]}, "properties": {"OBJECTID": 51989315, "EGRID": "CH174583038361", "NUMERO": "2605", "NO_COM_FED": 5757, "GENRE_TXT": "parcelle priv\u00e9e", "SUPERFICIE_MO": 1000, "SUPERFICIE_RF": 1000}}, {"type": "Feature", "id": 51989749, "geometry": {"type": "Polygon", "coordinates": [[[2530925.198, 1176032.919], [2530931.348, 1176059.959], [2530935.858, 1176079.759], [2530915.168, 1176083.37], [2530914.308, 1176079.58], [2530904.668, 1176037.19], [2530925.198, 1176032.919]]]}, "properties": {"OBJECTID": 51989749, "EGRID": "CH798383954580", "NUMERO": "950", "NO_COM_FED": 5757, "GENRE_TXT": "parcelle priv\u00e9e", "SUPERFICIE_MO": 1000, "SUPERFICIE_RF": 1000}}, {"type": "Feature", "id": 51990009, "geometry": {"type": "Polygon", "coordinates": [[[2530617.336, 1175024.7179999999], [2530615.896, 1175028.918], [2530612.716, 1175038.128], [2530604.016, 1175035.199], [2530594.896, 1175031.719], [2530602.995, 1175018.579], [2530617.336, 1175024.7179999999]]]}, "properties": {"OBJECTID": 51990009, "EGRID": "CH287383458334", "NUMERO": "664", "NO_COM_FED": 5757, "GENRE_TXT": "parcelle priv\u00e9e", "SUPERFICIE_MO": 255, "SUPERFICIE_RF": 255}}, {"type": "Feature", "id": 51990101, "geometry": {"type": "Polygon", "coordinates": [[[2530649.057, 1175125.687], [2530648.667, 1175121.187], [2530655.247, 1175119.677], [2530660.147, 1175118.537], [2530660.927, 1175123.327], [2530649.057, 1175125.687]]]}, "properties": {"OBJECTID": 51990101, "EGRID": "CH274582228376", "NUMERO": "474", "NO_COM_FED": 5757, "GENRE_TXT": "parcelle priv\u00e9e", "SUPERFICIE_MO": 56, "SUPERFICIE_RF": 56}}, {"type": "Feature", "id": 51990114, "geometry": {"type": "Polygon", "coordinates": [[[2530487.645, 1175963.416], [2530516.336, 1175960.55], [2530518.747, 1175984.5], [2530468.587, 1175988.122], [2530464.966, 1175965.682], [2530487.645, 1175963.416]]]}, "properties": {"OBJECTID": 51990114, "EGRID": "CH608345728352", "NUMERO": "884", "NO_COM_FED": 5757, "GENRE_TXT": "parcelle priv\u00e9e", "SUPERFICIE_MO": 1191, "SUPERFICIE_RF": 1191}}, {"type": "Feature", "id": 51990708, "geometry": {"type": "Polygon", "coordinates": [[[2530808.166, 1175031.072], [2530805.326, 1175033.0219999999], [2530805.116, 1175032.672], [2530801.236, 1175026.192], [2530799.966, 1175024.072], [2530801.546, 1175023.382], [2530802.226, 1175023.242], [2530803.006, 1175023.302], [2530803.896, 1175023.892], [2530808.166, 1175031.072]]]}, "properties": {"OBJECTID": 51990708, "EGRID": "CH438383458995", "NUMERO": "367", "NO_COM_FED": 5757, "GENRE_TXT": "parcelle priv\u00e9e", "SUPERFICIE_MO": 34, "SUPERFICIE_RF": 34}}, {"type": "Feature", "id": 51990730, "geometry": {"type": "Polygon", "coordinates": [[[2530624.646, 1175075.618], [2530620.406, 1175075.108], [2530620.356, 1175075.608], [2530613.406, 1175074.858], [2530615.826, 1175063.498], [2530623.056, 1175065.118], [2530626.356, 1175065.858], [2530624.646, 1175075.618]]]}, "properties": {"OBJECTID": 51990730, "EGRID": "CH344583839878", "NUMERO": "415", "NO_COM_FED": 5757, "GENRE_TXT": "parcelle priv\u00e9e", "SUPERFICIE_MO": 119, "SUPERFICIE_RF": 119}}, {"type": "Feature", "id": 51990816, "geometry": {"type": "Polygon", "coordinates": [[[2530847.568, 1176082.712], [2530845.558, 1176073.422], [2530887.618, 1176064.201], [2530889.878, 1176075.171], [2530880.578, 1176077.121], [2530877.868, 1176077.691], [2530876.788, 1176077.911], [2530875.368, 1176076.571], [2530864.668, 1176078.981], [2530856.358, 1176080.7820000001], [2530847.568, 1176082.712]]]}, "properties": {"OBJECTID": 51990816, "EGRID": "CH138383458507", "NUMERO": "945", "NO_COM_FED": 5757, "GENRE_TXT": "parcelle priv\u00e9e", "SUPERFICIE_MO": 431, "SUPERFICIE_RF": 431}}, {"type": "Feature", "id": 51990915, "geometry": {"type": "Polygon", "coordinates": [[[2531031.946, 1174986.675], [2531030.416, 1174988.395], [2531027.276, 1174991.905], [2531001.916, 1174977.266], [2531012.076, 1174950.986], [2531014.426, 1174942.926], [2531016.165, 1174936.976], [2531022.906, 1174939.525], [2531023.416, 1174939.715], [2531019.756, 1174947.785], [2531017.396, 1174952.976], [2531017.216, 1174953.376], [2531014.756, 1174967.246], [2531014.806, 1174974.006], [2531030.946, 1174986.035], [2531031.946, 1174986.675]]]}, "properties": {"OBJECTID": 51990915, "EGRID": "CH159483834556", "NUMERO": "DP 143", "NO_COM_FED": 5757, "GENRE_TXT": "DP communal", "SUPERFICIE_MO": 508, "SUPERFICIE_RF": null}}, {"type": "Feature", "id": 51991456, "geometry": {"type": "Polygon", "coordinates": [[[2530843.548, 1176063.972], [2530840.868, 1176051.722], [2530883.178, 1176042.891], [2530885.428, 1176053.611], [2530875.908, 1176055.521], [2530873.188, 1176056.071], [2530872.188, 1176056.271], [2530871.268, 1176058.131], [2530860.628, 1176060.361], [2530852.318, 1176062.162], [2530843.548, 1176063.972]]]}, "properties": {"OBJECTID": 51991456, "EGRID": "CH474582438342", "NUMERO": "949", "NO_COM_FED": 5757, "GENRE_TXT": "parcelle priv\u00e9e", "SUPERFICIE_MO": 518, "SUPERFICIE_RF": 518}}, {"type": "Feature", "id": 51991511, "geometry": {"type": "Polygon", "coordinates": [[[2530712.766, 1175077.115], [2530723.836, 1175076.875], [2530723.116, 1175081.195], [2530713.036, 1175079.885], [2530713.006, 1175079.535], [2530712.766, 1175077.115]]]}, "properties": {"OBJECTID": 51991511, "EGRID": "CH408345038336", "NUMERO": "483", "NO_COM_FED": 5757, "GENRE_TXT": "parcelle priv\u00e9e", "SUPERFICIE_MO": 38, "SUPERFICIE_RF": 38}}, {"type": "Feature", "id": 51991777, "geometry": {"type": "Polygon", "coordinates": [[[2530688.388, 1175251.996], [2530687.978, 1175256.756], [2530673.788, 1175257.156], [2530673.708, 1175251.896], [2530688.388, 1175251.996]]]}, "properties": {"OBJECTID": 51991777, "EGRID": "CH844583839706", "NUMERO": "438", "NO_COM_FED": 5757, "GENRE_TXT": "parcelle priv\u00e9e", "SUPERFICIE_MO": 72, "SUPERFICIE_RF": 72}}, {"type": "Feature", "id": 51992186, "geometry": {"type": "Polygon", "coordinates": [[[2530736.975, 1174965.965], [2530746.405, 1174977.874], [2530742.905, 1174984.174], [2530731.315, 1174969.855], [2530736.705, 1174965.715], [2530736.975, 1174965.965]]]}, "properties": {"OBJECTID": 51992186, "EGRID": "CH538383457377", "NUMERO": "514", "NO_COM_FED": 5757, "GENRE_TXT": "parcelle priv\u00e9e", "SUPERFICIE_MO": 115, "SUPERFICIE_RF": 115}}, {"type": "Feature", "id": 51992325, "geometry": {"type": "Polygon", "coordinates": [[[2530731.05, 1174565.825], [2530732.091, 1174564.313], [2530731.55, 1174551.671], [2530732.913, 1174539.877], [2530733.902, 1174538.6469999999], [2530734.124, 1174539.784], [2530732.682, 1174551.536], [2530733.109, 1174560.788], [2530735.986, 1174561.744], [2530734.849, 1174567.083], [2530735.149, 1174574.002], [2530735.804, 1174588.765], [2530736.4390000002, 1174600.446], [2530738.677, 1174600.438], [2530738.36, 1174603.933], [2530735.457, 1174615.527], [2530729.255, 1174639.202], [2530723.838, 1174659.863], [2530726.902, 1174663.485], [2530718.042, 1174663.436], [2530721.718, 1174651.403], [2530722.8109999998, 1174647.959], [2530730.772, 1174617.845], [2530732.476, 1174610.429], [2530732.786, 1174607.697], [2530732.741, 1174604.18], [2530731.326, 1174587.828], [2530731.05, 1174565.825]]]}, "properties": {"OBJECTID": 51992325, "EGRID": "CH569083456838", "NUMERO": "DP 173", "NO_COM_FED": 5757, "GENRE_TXT": "DP communal", "SUPERFICIE_MO": 470, "SUPERFICIE_RF": null}}, {"type": "Feature", "id": 51992435, "geometry": {"type": "Polygon", "coordinates": [[[2530456.62, 1175411.893], [2530387.85, 1175441.425], [2530378.3, 1175444.785], [2530332.1, 1175448.265], [2530283.118, 1175314.074], [2530345.748, 1175302.754], [2530356.659, 1175317.074], [2530361.989, 1175325.514], [2530367.1689999998, 1175336.574], [2530377.799, 1175356.394], [2530454.069, 1175336.793], [2530473.099, 1175371.033], [2530446.619, 1175382.693], [2530456.62, 1175411.893]]]}, "properties": {"OBJECTID": 51992435, "EGRID": "CH528389834518", "NUMERO": "2306", "NO_COM_FED": 5757, "GENRE_TXT": "parcelle priv\u00e9e", "SUPERFICIE_MO": 15901, "SUPERFICIE_RF": 15901}}, {"type": "Feature", "id": 51992706, "geometry": {"type": "Polygon", "coordinates": [[[2530620.658, 1174564.441], [2530648.976, 1174583.5320000001], [2530656.994, 1174589.011], [2530677.519, 1174603.036], [2530676.844, 1174604.865], [2530671.627, 1174613.948], [2530660.98, 1174631.2179999999], [2530595.588, 1174593.035], [2530598.696, 1174586.648], [2530600.483, 1174583.37], [2530602.393976083, 1174580.4560333893], [2530604.538, 1174577.709], [2530606.90208247, 1174575.1459176636], [2530609.469, 1174572.786], [2530614.964, 1174568.467], [2530620.658, 1174564.441]]]}, "properties": {"OBJECTID": 51992706, "EGRID": "CH898390684564", "NUMERO": "1047", "NO_COM_FED": 5757, "GENRE_TXT": "parcelle priv\u00e9e", "SUPERFICIE_MO": 2627, "SUPERFICIE_RF": 2627}}, {"type": "Feature", "id": 51992842, "geometry": {"type": "Polygon", "coordinates": [[[2530722.949, 1175323.865], [2530723.589, 1175329.415], [2530724.359, 1175332.474], [2530720.679, 1175333.335], [2530711.859, 1175335.375], [2530702.129, 1175337.465], [2530701.019, 1175328.655], [2530700.929, 1175327.945], [2530705.619, 1175326.955], [2530708.249, 1175326.405], [2530708.389, 1175327.145], [2530710.749, 1175326.615], [2530713.109, 1175326.085], [2530717.989, 1175324.985], [2530722.949, 1175323.865]]]}, "properties": {"OBJECTID": 51992842, "EGRID": "CH538383457179", "NUMERO": "595", "NO_COM_FED": 5757, "GENRE_TXT": "parcelle priv\u00e9e", "SUPERFICIE_MO": 203, "SUPERFICIE_RF": 203}}, {"type": "Feature", "id": 51993261, "geometry": {"type": "Polygon", "coordinates": [[[2530189.467, 1174663.917], [2530188.8, 1174650.435], [2530216.508, 1174649.378], [2530234.659, 1174648.685], [2530234.674223477, 1174649.0923288912], [2530234.7553106495, 1174649.491795348], [2530234.9001142173, 1174649.8728209464], [2530235.1047995817, 1174650.2253156009], [2530235.3639463903, 1174650.5399447654], [2530235.670692078, 1174650.8083766245], [2530236.0169135937, 1174651.023502731], [2530236.3934425134, 1174651.179626248], [2530236.7903078296, 1174651.2726128085], [2530237.197, 1174651.3], [2530236.702, 1174652.983], [2530233.943, 1174658.881], [2530229.475, 1174666.038], [2530219.984, 1174676.765], [2530207.938, 1174687.432], [2530191.141, 1174697.71], [2530189.467, 1174663.917]]]}, "properties": {"OBJECTID": 51993261, "EGRID": "CH929069834567", "NUMERO": "1141", "NO_COM_FED": 5757, "GENRE_TXT": "parcelle priv\u00e9e", "SUPERFICIE_MO": 1453, "SUPERFICIE_RF": 1453}}, {"type": "Feature", "id": 51993468, "geometry": {"type": "Polygon", "coordinates": [[[2530688.324, 1174573.501], [2530692.582, 1174561.366], [2530695.249, 1174553.715], [2530731.05, 1174565.825], [2530731.326, 1174587.828], [2530715.127, 1174582.708], [2530688.324, 1174573.501]]]}, "properties": {"OBJECTID": 51993468, "EGRID": "CH714568839037", "NUMERO": "1054", "NO_COM_FED": 5757, "GENRE_TXT": "parcelle priv\u00e9e", "SUPERFICIE_MO": 873, "SUPERFICIE_RF": 873}}, {"type": "Feature", "id": 51993666, "geometry": {"type": "Polygon", "coordinates": [[[2530984.304, 1175667.686], [2530979.334, 1175671.716], [2530968.384, 1175680.656], [2530967.324, 1175681.566], [2530967.094, 1175681.786], [2530962.984, 1175685.596], [2530957.3140000002, 1175690.687], [2530955.554, 1175687.207], [2530945.634, 1175667.667], [2530962.684, 1175660.516], [2530984.304, 1175667.686]]]}, "properties": {"OBJECTID": 51993666, "EGRID": "CH874582208372", "NUMERO": "1444", "NO_COM_FED": 5757, "GENRE_TXT": "parcelle priv\u00e9e", "SUPERFICIE_MO": 575, "SUPERFICIE_RF": 575}}, {"type": "Feature", "id": 51993685, "geometry": {"type": "Polygon", "coordinates": [[[2530749.359, 1175289.824], [2530750.549, 1175280.694], [2530741.499, 1175279.164], [2530741.569, 1175278.714], [2530742.6689999998, 1175271.184], [2530751.769, 1175272.064], [2530754.249, 1175272.204], [2530753.999, 1175276.474], [2530762.709, 1175274.513], [2530767.9390000002, 1175272.633], [2530771.029, 1175286.233], [2530769.989, 1175286.503], [2530772.879, 1175300.283], [2530774.289, 1175302.503], [2530773.049, 1175302.813], [2530774.4189999998, 1175309.203], [2530774.659, 1175310.333], [2530775.309, 1175309.933], [2530777.569, 1175321.063], [2530780.37, 1175334.173], [2530783.72, 1175350.323], [2530785.71, 1175364.472], [2530781.97, 1175364.183], [2530780.03, 1175352.903], [2530775.98, 1175354.203], [2530775.21, 1175350.063], [2530774.02, 1175344.133], [2530772.11, 1175335.703], [2530769.349, 1175324.513], [2530768.159, 1175318.983], [2530765.969, 1175306.313], [2530765.869, 1175302.533], [2530768.789, 1175300.803], [2530764.969, 1175294.513], [2530761.949, 1175296.283], [2530760.299, 1175294.8429999999], [2530755.179, 1175292.014], [2530749.359, 1175289.824]]]}, "properties": {"OBJECTID": 51993685, "EGRID": "CH108345718331", "NUMERO": "603", "NO_COM_FED": 5757, "GENRE_TXT": "parcelle priv\u00e9e", "SUPERFICIE_MO": 981, "SUPERFICIE_RF": 981}}, {"type": "Feature", "id": 51994000, "geometry": {"type": "Polygon", "coordinates": [[[2530566.211, 1174648.528], [2530602.751, 1174663.048], [2530634.302, 1174675.508], [2530653.412, 1174683.108], [2530657.292, 1174684.357], [2530668.002, 1174684.797], [2530649.982, 1174703.838], [2530646.062, 1174707.448], [2530639.742, 1174713.378], [2530623.052, 1174702.768], [2530618.798, 1174700.14], [2530606.332, 1174692.438], [2530551.301, 1174662.168], [2530566.211, 1174648.528]]]}, "properties": {"OBJECTID": 51994000, "EGRID": "CH138383458804", "NUMERO": "1040", "NO_COM_FED": 5757, "GENRE_TXT": "parcelle priv\u00e9e", "SUPERFICIE_MO": 2705, "SUPERFICIE_RF": 2705}}, {"type": "Feature", "id": 51994057, "geometry": {"type": "Polygon", "coordinates": [[[2530579.649, 1174447.124], [2530584.351, 1174426.581], [2530593.121, 1174428.589], [2530599.76, 1174412.066], [2530614.047, 1174421.305], [2530612.587, 1174433.045], [2530610.54, 1174448.199], [2530608.378, 1174450.651], [2530579.649, 1174447.124]]]}, "properties": {"OBJECTID": 51994057, "EGRID": "CH598391074549", "NUMERO": "2735", "NO_COM_FED": 5757, "GENRE_TXT": "parcelle priv\u00e9e", "SUPERFICIE_MO": 846, "SUPERFICIE_RF": 846}}, {"type": "Feature", "id": 51994508, "geometry": {"type": "Polygon", "coordinates": [[[2530767.597, 1175155.5929999999], [2530773.698, 1175172.383], [2530770.328, 1175174.003], [2530773.558, 1175181.943], [2530780.868, 1175198.213], [2530773.768, 1175200.943], [2530766.288, 1175203.823], [2530765.148, 1175200.903], [2530763.998, 1175197.083], [2530761.848, 1175190.303], [2530758.138, 1175181.324], [2530757.068, 1175178.904], [2530750.068, 1175164.784], [2530763.327, 1175158.203], [2530763.197, 1175157.613], [2530767.487, 1175155.523], [2530767.597, 1175155.5929999999]]]}, "properties": {"OBJECTID": 51994508, "EGRID": "CH714504838338", "NUMERO": "362", "NO_COM_FED": 5757, "GENRE_TXT": "parcelle priv\u00e9e", "SUPERFICIE_MO": 701, "SUPERFICIE_RF": 701}}, {"type": "Feature", "id": 51994821, "geometry": {"type": "Polygon", "coordinates": [[[2530939.728, 1176098.979], [2530916.258, 1176103.29], [2530896.198, 1176107.041], [2530892.398, 1176087.341], [2530915.168, 1176083.37], [2530935.858, 1176079.759], [2530939.728, 1176098.979]]]}, "properties": {"OBJECTID": 51994821, "EGRID": "CH744583839542", "NUMERO": "948", "NO_COM_FED": 5757, "GENRE_TXT": "parcelle priv\u00e9e", "SUPERFICIE_MO": 876, "SUPERFICIE_RF": 876}}, {"type": "Feature", "id": 51995522, "geometry": {"type": "Polygon", "coordinates": [[[2530513.24, 1175449.781], [2530510.38, 1175450.651], [2530502.89, 1175452.921], [2530501.01, 1175443.112], [2530485.13, 1175395.072], [2530473.099, 1175371.033], [2530454.069, 1175336.793], [2530442.309, 1175315.464], [2530427.018, 1175288.104], [2530414.228, 1175264.794], [2530421.978, 1175264.014], [2530453.879, 1175319.3530000001], [2530480.139, 1175368.172], [2530484.239, 1175366.722], [2530486.139, 1175366.052], [2530489.959, 1175378.622], [2530494.6, 1175392.942], [2530497.68, 1175401.172], [2530501.34, 1175412.422], [2530503.31, 1175418.531], [2530505.58, 1175425.891], [2530507.93, 1175435.881], [2530511.08, 1175443.921], [2530513.24, 1175449.781]]]}, "properties": {"OBJECTID": 51995522, "EGRID": "CH514589838320", "NUMERO": "DP 12", "NO_COM_FED": 5757, "GENRE_TXT": "DP communal", "SUPERFICIE_MO": 1849, "SUPERFICIE_RF": null}}, {"type": "Feature", "id": 51996066, "geometry": {"type": "Polygon", "coordinates": [[[2530589.601, 1175454.419], [2530639.471, 1175439.4070000001], [2530658.34, 1175434.876], [2530661.211, 1175449.836], [2530663.281, 1175460.806], [2530659.538, 1175461.38], [2530663.99, 1175485.334], [2530659.341, 1175486.416], [2530586.761, 1175503.529], [2530586.101, 1175503.989], [2530582.211, 1175497.119], [2530578.841, 1175490.109], [2530581.361, 1175486.269], [2530584.171, 1175483.589], [2530588.051, 1175480.819], [2530587.991, 1175479.659], [2530589.601, 1175454.419]]]}, "properties": {"OBJECTID": 51996066, "EGRID": "CH198383944593", "NUMERO": "615", "NO_COM_FED": 5757, "GENRE_TXT": "parcelle priv\u00e9e", "SUPERFICIE_MO": 3810, "SUPERFICIE_RF": 3810}}, {"type": "Feature", "id": 51997098, "geometry": {"type": "Polygon", "coordinates": [[[2530478.959, 1176252.464], [2530477.479, 1176224.963], [2530476.399, 1176205.003], [2530496.769, 1176201.263], [2530492.778, 1176136.412], [2530521.848, 1176134.891], [2530520.798, 1176136.181], [2530526.079, 1176235.082], [2530526.849, 1176249.902], [2530509.479, 1176250.773], [2530496.9390000002, 1176251.503], [2530478.959, 1176252.464]]]}, "properties": {"OBJECTID": 51997098, "EGRID": "CH174582418353", "NUMERO": "899", "NO_COM_FED": 5757, "GENRE_TXT": "parcelle priv\u00e9e", "SUPERFICIE_MO": 4182, "SUPERFICIE_RF": 4182}}, {"type": "Feature", "id": 51997358, "geometry": {"type": "Polygon", "coordinates": [[[2531037.065, 1174891.895], [2531055.985, 1174857.605], [2531089.045, 1174866.694], [2531063.595, 1174912.674], [2531051.276, 1174934.934], [2531038.875, 1174928.745], [2531051.485, 1174901.284], [2531044.685, 1174896.855], [2531041.795, 1174894.975], [2531037.065, 1174891.895]]]}, "properties": {"OBJECTID": 51997358, "EGRID": "CH108245288390", "NUMERO": "1009", "NO_COM_FED": 5757, "GENRE_TXT": "parcelle priv\u00e9e", "SUPERFICIE_MO": 1916, "SUPERFICIE_RF": 1916}}, {"type": "Feature", "id": 51997372, "geometry": {"type": "Polygon", "coordinates": [[[2530824.237, 1175955.741], [2530826.254, 1175982.612], [2530801.573, 1175994.204], [2530799.647, 1175987.972], [2530794.157, 1175970.612], [2530794.057, 1175970.292], [2530795.497, 1175969.502], [2530824.237, 1175955.741]]]}, "properties": {"OBJECTID": 51997372, "EGRID": "CH238383459659", "NUMERO": "941", "NO_COM_FED": 5757, "GENRE_TXT": "parcelle priv\u00e9e", "SUPERFICIE_MO": 760, "SUPERFICIE_RF": 760}}, {"type": "Feature", "id": 51997390, "geometry": {"type": "Polygon", "coordinates": [[[2530768.5439999998, 1174877.044], [2530770.204, 1174876.434], [2530771.634, 1174879.964], [2530771.764, 1174880.364], [2530773.934, 1174879.473], [2530775.914, 1174884.6030000001], [2530770.104, 1174886.484], [2530766.074, 1174887.944], [2530765.214, 1174885.894], [2530764.0439999998, 1174883.634], [2530763.714, 1174883.174], [2530762.274, 1174879.714], [2530763.164, 1174879.084], [2530768.5439999998, 1174877.044]]]}, "properties": {"OBJECTID": 51997390, "EGRID": "CH198382214530", "NUMERO": "575", "NO_COM_FED": 5757, "GENRE_TXT": "parcelle priv\u00e9e", "SUPERFICIE_MO": 91, "SUPERFICIE_RF": 91}}, {"type": "Feature", "id": 51997814, "geometry": {"type": "Polygon", "coordinates": [[[2530706.143, 1174768.906], [2530714.423, 1174758.156], [2530714.993, 1174757.415], [2530719.843, 1174754.845], [2530746.413, 1174740.774], [2530746.883, 1174741.504], [2530740.803, 1174746.275], [2530723.293, 1174763.135], [2530721.033, 1174765.305], [2530718.696006484, 1174766.7179965696], [2530716.213, 1174767.855], [2530713.393, 1174768.756], [2530709.86400836, 1174769.3689991885], [2530706.283, 1174769.446], [2530706.2300693532, 1174769.4119812679], [2530706.1834437344, 1174769.3697322544], [2530706.1443891, 1174769.3204000844], [2530706.1139658424, 1174769.2653242017], [2530706.093, 1174769.206], [2530706.08300675, 1174769.1443314336], [2530706.0831472343, 1174769.08185858], [2530706.0934177344, 1174769.0202355813], [2530706.1135463095, 1174768.9610940763], [2530706.143, 1174768.906]]]}, "properties": {"OBJECTID": 51997814, "EGRID": "CH338382454783", "NUMERO": "2659", "NO_COM_FED": 5757, "GENRE_TXT": "parcelle priv\u00e9e", "SUPERFICIE_MO": 266, "SUPERFICIE_RF": 266}}, {"type": "Feature", "id": 51997976, "geometry": {"type": "Polygon", "coordinates": [[[2530732.236, 1175020.065], [2530735.966, 1175011.295], [2530747.056, 1175025.144], [2530744.036, 1175027.774], [2530744.166, 1175027.894], [2530742.626, 1175029.224], [2530741.786, 1175028.254], [2530741.9359999998, 1175028.124], [2530732.236, 1175020.065]]]}, "properties": {"OBJECTID": 51997976, "EGRID": "CH687283458322", "NUMERO": "369", "NO_COM_FED": 5757, "GENRE_TXT": "parcelle priv\u00e9e", "SUPERFICIE_MO": 113, "SUPERFICIE_RF": 113}}, {"type": "Feature", "id": 51997996, "geometry": {"type": "Polygon", "coordinates": [[[2530407.142, 1174667.94], [2530405.651, 1174669.216], [2530403.93, 1174662.832], [2530402.216, 1174660.787], [2530395.717, 1174653.0320000001], [2530395.1859999998, 1174650.51], [2530393.843, 1174647.839], [2530389.881, 1174641.36], [2530386.296, 1174637.133], [2530383.84, 1174632.438], [2530380.216, 1174630.869], [2530375.824, 1174626.352], [2530369.888, 1174620.882], [2530364.07, 1174615.567], [2530362.242, 1174612.378], [2530357.975, 1174610.731], [2530354.674, 1174608.191], [2530350.516, 1174607.076], [2530345.119, 1174604.046], [2530342.114, 1174600.98], [2530337.175, 1174598.941], [2530334.034, 1174594.295], [2530330.5640000002, 1174593.963], [2530326.375, 1174587.63], [2530323.566, 1174584.589], [2530318.144, 1174582.2280000001], [2530315.568, 1174580.128], [2530311.009, 1174576.413], [2530307.192, 1174576.191], [2530300.682, 1174573.035], [2530293.364, 1174573.172], [2530285.666, 1174571.852], [2530280.818, 1174571.341], [2530279.658, 1174572.087], [2530274.501, 1174571.37], [2530268.978, 1174571.111], [2530265.335, 1174568.529], [2530265.334, 1174568.528], [2530262.272, 1174568.251], [2530258.736, 1174566.494], [2530257.537, 1174564.031], [2530256.105, 1174562.178], [2530252.605, 1174558.912], [2530249.321, 1174556.459], [2530248.009, 1174555.168], [2530246.987, 1174555.229], [2530245.195, 1174554.54], [2530242.479, 1174552.265], [2530243.15, 1174551.589], [2530248.273, 1174554.548], [2530253.602, 1174556.937], [2530257.339, 1174559.568], [2530259.139, 1174561.574], [2530260.5609999998, 1174565.082], [2530261.84, 1174566.476], [2530264.845, 1174567.294], [2530270.098, 1174567.723], [2530274.966, 1174570.074], [2530279.202, 1174571.06], [2530280.376, 1174570.385], [2530286.996, 1174571.071], [2530293.583, 1174571.46], [2530295.944, 1174571.765], [2530300.954, 1174571.828], [2530307.356, 1174575.019], [2530312.959, 1174575.819], [2530319.605, 1174580.206], [2530325.008, 1174582.814], [2530325.931, 1174583.375], [2530328.347, 1174587.261], [2530330.91, 1174591.385], [2530334.707, 1174591.277], [2530339.228, 1174597.78], [2530341.692, 1174599.125], [2530344.821, 1174599.662], [2530351.989, 1174605.619], [2530355.415, 1174606.887], [2530359.091, 1174608.894], [2530363.042, 1174611.188], [2530365.721, 1174613.549], [2530371.912, 1174619.815], [2530375.151, 1174623.643], [2530381.417, 1174629.169], [2530385.357, 1174631.013], [2530388.243, 1174636.492], [2530391.411, 1174640.092], [2530395.797, 1174646.808], [2530396.784, 1174650.005], [2530397.758, 1174652.571], [2530405.821, 1174661.962], [2530407.142, 1174667.94]]]}, "properties": {"OBJECTID": 51997996, "EGRID": "CH586783459087", "NUMERO": "DP 187", "NO_COM_FED": 5757, "GENRE_TXT": "DP cantonal", "SUPERFICIE_MO": 404, "SUPERFICIE_RF": null}}, {"type": "Feature", "id": 51998277, "geometry": {"type": "Polygon", "coordinates": [[[2530949.356, 1175854.637], [2530972.976, 1175843.896], [2530984.066, 1175883.286], [2530959.246, 1175890.177], [2530949.356, 1175854.637]]]}, "properties": {"OBJECTID": 51998277, "EGRID": "CH528392834588", "NUMERO": "149", "NO_COM_FED": 5757, "GENRE_TXT": "parcelle priv\u00e9e", "SUPERFICIE_MO": 1000, "SUPERFICIE_RF": 1000}}, {"type": "Feature", "id": 51998355, "geometry": {"type": "Polygon", "coordinates": [[[2531001.92, 1176446.711], [2530998.962, 1176412.096], [2530997.223, 1176387.138], [2531003.489, 1176385.548], [2531004.144, 1176370.2179999999], [2530999.007, 1176345.995], [2531001.751, 1176345.68], [2531036.921, 1176341.529], [2531036.988, 1176358.461], [2531044.781, 1176358.469], [2531037.082, 1176434.99], [2531037.312, 1176448.61], [2531001.92, 1176446.711]]]}, "properties": {"OBJECTID": 51998355, "EGRID": "CH187083458352", "NUMERO": "138", "NO_COM_FED": 5757, "GENRE_TXT": "parcelle priv\u00e9e", "SUPERFICIE_MO": 4082, "SUPERFICIE_RF": 4082}}, {"type": "Feature", "id": 51998988, "geometry": {"type": "Polygon", "coordinates": [[[2530678.387, 1175125.406], [2530664.307, 1175127.6469999999], [2530660.517, 1175128.247], [2530649.527, 1175130.287], [2530649.057, 1175125.687], [2530660.927, 1175123.327], [2530663.657, 1175122.847], [2530677.547, 1175120.656], [2530678.387, 1175125.406]]]}, "properties": {"OBJECTID": 51998988, "EGRID": "CH468283452243", "NUMERO": "446", "NO_COM_FED": 5757, "GENRE_TXT": "parcelle priv\u00e9e", "SUPERFICIE_MO": 139, "SUPERFICIE_RF": 139}}, {"type": "Feature", "id": 51999202, "geometry": {"type": "Polygon", "coordinates": [[[2530408.45, 1174246.865], [2530616.022, 1174189.831], [2530619.26, 1174230.6570000001], [2530615.486, 1174237.074], [2530549.992, 1174254.962], [2530553.975, 1174271.077], [2530414.537, 1174310.886], [2530413.171, 1174298.426], [2530412.574, 1174292.9780000001], [2530408.45, 1174246.865]]]}, "properties": {"OBJECTID": 51999202, "EGRID": "CH185683459035", "NUMERO": "2349", "NO_COM_FED": 5757, "GENRE_TXT": "parcelle priv\u00e9e", "SUPERFICIE_MO": 12224, "SUPERFICIE_RF": 12224}}, {"type": "Feature", "id": 51999737, "geometry": {"type": "Polygon", "coordinates": [[[2530654.619, 1175286.117], [2530654.6689999998, 1175286.557], [2530654.149, 1175286.6570000001], [2530655.399, 1175292.777], [2530654.809, 1175292.9070000001], [2530658.349, 1175306.4070000001], [2530652.659, 1175308.747], [2530640.279, 1175312.687], [2530640.1890000002, 1175312.417], [2530633.779, 1175314.437], [2530633.629, 1175313.747], [2530631.159, 1175297.128], [2530637.259, 1175295.747], [2530637.299, 1175296.037], [2530641.489, 1175295.167], [2530640.719, 1175287.727], [2530654.619, 1175286.117]]]}, "properties": {"OBJECTID": 51999737, "EGRID": "CH714574838387", "NUMERO": "640", "NO_COM_FED": 5757, "GENRE_TXT": "parcelle priv\u00e9e", "SUPERFICIE_MO": 498, "SUPERFICIE_RF": 498}}, {"type": "Feature", "id": 52000041, "geometry": {"type": "Polygon", "coordinates": [[[2530271.504, 1175844.578], [2530276.354, 1175828.048], [2530285.774, 1175795.918], [2530296.344, 1175805.738], [2530314.434, 1175819.497], [2530309.965, 1175848.437], [2530297.915, 1175847.368], [2530271.504, 1175844.578]]]}, "properties": {"OBJECTID": 52000041, "EGRID": "CH908345098342", "NUMERO": "1199", "NO_COM_FED": 5757, "GENRE_TXT": "parcelle priv\u00e9e", "SUPERFICIE_MO": 1417, "SUPERFICIE_RF": 1417}}, {"type": "Feature", "id": 52000507, "geometry": {"type": "Polygon", "coordinates": [[[2530722.949, 1175323.865], [2530717.989, 1175324.985], [2530713.109, 1175326.085], [2530710.749, 1175326.615], [2530708.389, 1175327.145], [2530708.249, 1175326.405], [2530705.619, 1175326.955], [2530700.929, 1175327.945], [2530699.379, 1175328.275], [2530697.889, 1175320.055], [2530703.449, 1175318.815], [2530703.359, 1175318.325], [2530705.519, 1175317.905], [2530706.269, 1175318.485], [2530709.389, 1175317.435], [2530709.499, 1175317.765], [2530715.359, 1175316.305], [2530715.249, 1175316.015], [2530715.949, 1175306.905], [2530728.379, 1175304.374], [2530729.649, 1175304.114], [2530729.349, 1175307.324], [2530727.899, 1175309.284], [2530724.069, 1175318.875], [2530722.899, 1175323.095], [2530722.949, 1175323.865]]]}, "properties": {"OBJECTID": 52000507, "EGRID": "CH474582218311", "NUMERO": "594", "NO_COM_FED": 5757, "GENRE_TXT": "parcelle priv\u00e9e", "SUPERFICIE_MO": 346, "SUPERFICIE_RF": 346}}, {"type": "Feature", "id": 52000545, "geometry": {"type": "Polygon", "coordinates": [[[2530264.829, 1174620.038], [2530264.94, 1174628.554], [2530265.066, 1174637.075], [2530265.175, 1174644.031], [2530265.191, 1174645.049], [2530246.834, 1174645.331], [2530246.929, 1174642.802], [2530246.642, 1174636.839], [2530246.476, 1174633.833], [2530245.975, 1174629.882], [2530244.982, 1174624.974], [2530243.412, 1174620.321], [2530264.829, 1174620.038]]]}, "properties": {"OBJECTID": 52000545, "EGRID": "CH385583459091", "NUMERO": "2499", "NO_COM_FED": 5757, "GENRE_TXT": "parcelle priv\u00e9e", "SUPERFICIE_MO": 477, "SUPERFICIE_RF": 477}}, {"type": "Feature", "id": 52000554, "geometry": {"type": "Polygon", "coordinates": [[[2530707.886, 1175003.185], [2530703.665, 1174995.756], [2530700.385, 1174988.926], [2530712.525, 1174982.435], [2530714.645, 1174981.295], [2530715.465, 1174981.375], [2530716.535, 1174981.505], [2530719.755, 1174981.825], [2530722.585, 1174985.175], [2530726.185, 1174989.325], [2530720.965, 1174994.335], [2530717.745, 1174996.365], [2530717.915, 1174996.675], [2530707.886, 1175003.185]]]}, "properties": {"OBJECTID": 52000554, "EGRID": "CH474583748337", "NUMERO": "509", "NO_COM_FED": 5757, "GENRE_TXT": "parcelle priv\u00e9e", "SUPERFICIE_MO": 314, "SUPERFICIE_RF": 314}}, {"type": "Feature", "id": 52000656, "geometry": {"type": "Polygon", "coordinates": [[[2530396.832, 1174467.126], [2530399.389, 1174482.567], [2530392.205, 1174499.387], [2530384.008, 1174503.889], [2530366.975, 1174500.606], [2530361.972, 1174493.569], [2530364.98, 1174472.982], [2530396.832, 1174467.126]]]}, "properties": {"OBJECTID": 52000656, "EGRID": "CH885683459088", "NUMERO": "1150", "NO_COM_FED": 5757, "GENRE_TXT": "parcelle priv\u00e9e", "SUPERFICIE_MO": 1041, "SUPERFICIE_RF": 1041}}, {"type": "Feature", "id": 52001018, "geometry": {"type": "Polygon", "coordinates": [[[2530722.203, 1175607.574], [2530719.572, 1175569.084], [2530721.432, 1175565.724], [2530724.882, 1175563.744], [2530739.482, 1175566.344], [2530742.952, 1175567.154], [2530748.982, 1175568.473], [2530750.642, 1175568.803], [2530753.172, 1175570.913], [2530755.512, 1175570.773], [2530758.542, 1175570.643], [2530775.352, 1175571.213], [2530775.412, 1175571.433], [2530775.812, 1175574.863], [2530777.253, 1175588.182], [2530777.873, 1175596.052], [2530783.983, 1175612.0320000001], [2530785.703, 1175614.492], [2530787.303, 1175615.712], [2530790.003, 1175619.572], [2530755.873, 1175632.673], [2530752.993, 1175633.773], [2530749.533, 1175621.1030000001], [2530747.873, 1175614.463], [2530746.553, 1175607.963], [2530745.383, 1175602.303], [2530722.203, 1175607.574]]]}, "properties": {"OBJECTID": 52001018, "EGRID": "CH174583948379", "NUMERO": "764", "NO_COM_FED": 5757, "GENRE_TXT": "parcelle priv\u00e9e", "SUPERFICIE_MO": 2917, "SUPERFICIE_RF": 2917}}, {"type": "Feature", "id": 52001436, "geometry": {"type": "Polygon", "coordinates": [[[2530620.192, 1174712.668], [2530624.562, 1174715.528], [2530625.132, 1174714.638], [2530626.392, 1174713.9679999999], [2530628.322, 1174715.2280000001], [2530628.222, 1174716.648], [2530628.112, 1174716.838], [2530630.082, 1174718.138], [2530624.712, 1174726.388], [2530622.632, 1174724.998], [2530623.062, 1174724.328], [2530620.312, 1174722.509], [2530620.112, 1174722.809], [2530619.342, 1174724.009], [2530616.552, 1174722.189], [2530617.502, 1174720.679], [2530615.742, 1174719.539], [2530620.192, 1174712.668]]]}, "properties": {"OBJECTID": 52001436, "EGRID": "CH868383450393", "NUMERO": "1039", "NO_COM_FED": 5757, "GENRE_TXT": "parcelle priv\u00e9e", "SUPERFICIE_MO": 110, "SUPERFICIE_RF": 110}}, {"type": "Feature", "id": 52001483, "geometry": {"type": "Polygon", "coordinates": [[[2530750.625, 1174932.734], [2530752.795, 1174932.024], [2530747.625, 1174918.184], [2530743.975, 1174908.754], [2530741.484, 1174901.784], [2530741.354, 1174901.464], [2530738.584, 1174891.035], [2530737.284, 1174884.195], [2530736.184, 1174878.075], [2530734.764, 1174867.895], [2530734.374, 1174864.875], [2530731.884, 1174857.855], [2530722.3140000002, 1174840.895], [2530716.304, 1174833.105], [2530717.164, 1174832.345], [2530718.273, 1174824.335], [2530722.543, 1174825.945], [2530722.004, 1174828.915], [2530722.177928162, 1174830.0076911252], [2530722.504, 1174831.065], [2530722.979900941, 1174832.073823698], [2530723.594, 1174833.005], [2530727.554, 1174835.285], [2530727.324, 1174835.715], [2530733.574, 1174848.375], [2530734.994, 1174851.075], [2530738.554, 1174859.105], [2530739.754, 1174862.465], [2530742.141, 1174867.849], [2530743.274, 1174870.404], [2530739.384, 1174871.665], [2530740.2939999998, 1174877.915], [2530741.724, 1174882.994], [2530742.864, 1174887.314], [2530744.534, 1174892.674], [2530746.554, 1174897.854], [2530748.874, 1174904.514], [2530751.365, 1174913.264], [2530751.185, 1174913.334], [2530753.595, 1174919.824], [2530757.165, 1174927.364], [2530756.975, 1174927.544], [2530763.495, 1174940.674], [2530757.075, 1174944.424], [2530750.625, 1174932.734]]]}, "properties": {"OBJECTID": 52001483, "EGRID": "CH738382452368", "NUMERO": "DP 135", "NO_COM_FED": 5757, "GENRE_TXT": "DP communal", "SUPERFICIE_MO": 735, "SUPERFICIE_RF": null}}, {"type": "Feature", "id": 52001788, "geometry": {"type": "Polygon", "coordinates": [[[2531028.892, 1174578.57], [2531023.642, 1174598.47], [2530950.952, 1174583.071], [2530953.492, 1174571.781], [2530955.672, 1174562.351], [2531028.892, 1174578.57]]]}, "properties": {"OBJECTID": 52001788, "EGRID": "CH944583838680", "NUMERO": "243", "NO_COM_FED": 5757, "GENRE_TXT": "parcelle priv\u00e9e", "SUPERFICIE_MO": 1561, "SUPERFICIE_RF": 1564}}, {"type": "Feature", "id": 52001898, "geometry": {"type": "Polygon", "coordinates": [[[2530186.29, 1174617.75], [2530206.353, 1174604.719], [2530215.006, 1174629.736], [2530216.508, 1174649.378], [2530188.8, 1174650.435], [2530188.139, 1174641.923], [2530186.29, 1174617.75]]]}, "properties": {"OBJECTID": 52001898, "EGRID": "CH369083455522", "NUMERO": "1143", "NO_COM_FED": 5757, "GENRE_TXT": "parcelle priv\u00e9e", "SUPERFICIE_MO": 1035, "SUPERFICIE_RF": 1035}}, {"type": "Feature", "id": 52001985, "geometry": {"type": "Polygon", "coordinates": [[[2530213.369, 1174589.207], [2530215.011, 1174592.678], [2530218.059, 1174597.117], [2530206.353, 1174604.719], [2530186.29, 1174617.75], [2530164.862, 1174606.15], [2530160.0810000002, 1174570.2179999999], [2530188.052, 1174564.004], [2530204.164, 1174581.911], [2530213.369, 1174589.207]]]}, "properties": {"OBJECTID": 52001985, "EGRID": "CH474590558331", "NUMERO": "2331", "NO_COM_FED": 5757, "GENRE_TXT": "parcelle priv\u00e9e", "SUPERFICIE_MO": 1955, "SUPERFICIE_RF": 1955}}, {"type": "Feature", "id": 52002134, "geometry": {"type": "Polygon", "coordinates": [[[2530296.496, 1175990.497], [2530290.293, 1175989.378], [2530245.722, 1175986.136], [2530242.726, 1175984.904], [2530240.309, 1175982.732], [2530238.742, 1175979.927], [2530234.01, 1175948.241], [2530231.658, 1175931.735], [2530226.666, 1175897.652], [2530222.912, 1175881.456], [2530219.462, 1175857.66], [2530219.833, 1175854.92], [2530221.086, 1175852.481], [2530223.212, 1175850.617], [2530238.8310000002, 1175852.987], [2530244.864, 1175852.029], [2530244.045, 1175885.789], [2530247.845, 1175889.989], [2530264.705, 1175891.739], [2530287.995, 1175893.988], [2530309.636, 1175966.617], [2530310.386, 1175991.637], [2530296.496, 1175990.497]], [[2530240.215, 1175906.819], [2530239.015, 1175923.269], [2530268.935, 1175925.448], [2530270.135, 1175908.998], [2530240.215, 1175906.819]], [[2530247.126, 1175956.449], [2530245.926, 1175972.909], [2530275.846, 1175975.088], [2530277.046, 1175958.628], [2530247.126, 1175956.449]]]}, "properties": {"OBJECTID": 52002134, "EGRID": "CH744583964949", "NUMERO": "2761", "NO_COM_FED": 5757, "GENRE_TXT": "parcelle priv\u00e9e", "SUPERFICIE_MO": 6499, "SUPERFICIE_RF": 6499}}, {"type": "Feature", "id": 52002318, "geometry": {"type": "Polygon", "coordinates": [[[2530801.35, 1175380.662], [2530790.41, 1175382.102], [2530789.07, 1175370.882], [2530787.53, 1175357.662], [2530798.59, 1175356.322], [2530798.76, 1175356.862], [2530801.35, 1175380.662]]]}, "properties": {"OBJECTID": 52002318, "EGRID": "CH598382244579", "NUMERO": "1488", "NO_COM_FED": 5757, "GENRE_TXT": "parcelle priv\u00e9e", "SUPERFICIE_MO": 274, "SUPERFICIE_RF": 274}}, {"type": "Feature", "id": 52002489, "geometry": {"type": "Polygon", "coordinates": [[[2530892.979, 1175102.906], [2530894.317, 1175101.979], [2530904.644, 1175117.265], [2530896.487, 1175122.449], [2530894.017, 1175124.159], [2530884.877, 1175130.32], [2530882.307, 1175132.09], [2530873.427, 1175118.15], [2530880.377, 1175113.84], [2530893.587, 1175103.789], [2530892.979, 1175102.906]]]}, "properties": {"OBJECTID": 52002489, "EGRID": "CH874583748395", "NUMERO": "666", "NO_COM_FED": 5757, "GENRE_TXT": "parcelle priv\u00e9e", "SUPERFICIE_MO": 444, "SUPERFICIE_RF": 444}}, {"type": "Feature", "id": 52002608, "geometry": {"type": "Polygon", "coordinates": [[[2530406.185, 1175861.644], [2530404.335, 1175884.554], [2530420.805, 1175885.514], [2530420.435, 1175892.854], [2530435.575, 1175893.663], [2530433.445, 1175902.713], [2530434.236, 1175908.743], [2530434.156, 1175912.393], [2530399.746, 1175921.094], [2530401.235, 1175901.834], [2530402.575, 1175884.344], [2530404.355, 1175861.584], [2530406.185, 1175861.644]]]}, "properties": {"OBJECTID": 52002608, "EGRID": "CH457183834590", "NUMERO": "870", "NO_COM_FED": 5757, "GENRE_TXT": "parcelle priv\u00e9e", "SUPERFICIE_MO": 974, "SUPERFICIE_RF": 974}}, {"type": "Feature", "id": 52002725, "geometry": {"type": "Polygon", "coordinates": [[[2530668.808, 1175242.366], [2530671.608, 1175242.366], [2530677.478, 1175242.356], [2530689.278, 1175242.346], [2530688.388, 1175251.996], [2530673.708, 1175251.896], [2530669.258, 1175251.866], [2530668.808, 1175242.366]]]}, "properties": {"OBJECTID": 52002725, "EGRID": "CH568283452209", "NUMERO": "520", "NO_COM_FED": 5757, "GENRE_TXT": "parcelle priv\u00e9e", "SUPERFICIE_MO": 190, "SUPERFICIE_RF": 190}}, {"type": "Feature", "id": 52002983, "geometry": {"type": "Polygon", "coordinates": [[[2530764.845, 1174988.574], [2530772.526, 1175000.273], [2530777.106, 1175006.833], [2530783.906, 1175015.713], [2530794.306, 1175007.863], [2530796.476, 1175011.483], [2530792.806, 1175011.383], [2530792.376, 1175011.563], [2530784.426, 1175020.503], [2530780.386, 1175014.583], [2530774.866, 1175007.003], [2530765.136, 1175013.704], [2530765.036, 1175013.784], [2530743.606, 1175032.574], [2530739.796, 1175035.914], [2530734.996, 1175039.085], [2530730.756, 1175041.495], [2530730.326, 1175040.835], [2530725.766, 1175043.915], [2530728.356, 1175028.785], [2530735.856, 1175033.424], [2530741.786, 1175028.254], [2530742.626, 1175029.224], [2530744.166, 1175027.894], [2530744.036, 1175027.774], [2530747.056, 1175025.144], [2530750.816, 1175021.694], [2530749.996, 1175020.774], [2530755.886, 1175015.944], [2530759.866, 1175012.564], [2530767.586, 1175005.163], [2530754.095, 1174983.364], [2530753.535, 1174982.434], [2530758.145, 1174976.624], [2530761.755, 1174983.044], [2530764.845, 1174988.574]]]}, "properties": {"OBJECTID": 52002983, "EGRID": "CH698383724586", "NUMERO": "DP 118", "NO_COM_FED": 5757, "GENRE_TXT": "DP communal", "SUPERFICIE_MO": 568, "SUPERFICIE_RF": null}}, {"type": "Feature", "id": 52003519, "geometry": {"type": "Polygon", "coordinates": [[[2530355.562, 1174500.347], [2530353.911, 1174506.082], [2530346.447, 1174527.382], [2530338.777, 1174531.021], [2530314.695, 1174522.58], [2530325.27, 1174492.42], [2530355.562, 1174500.347]]]}, "properties": {"OBJECTID": 52003519, "EGRID": "CH838390455626", "NUMERO": "1145", "NO_COM_FED": 5757, "GENRE_TXT": "parcelle priv\u00e9e", "SUPERFICIE_MO": 1030, "SUPERFICIE_RF": 1030}}, {"type": "Feature", "id": 52003592, "geometry": {"type": "Polygon", "coordinates": [[[2530730.964, 1175695.914], [2530727.574, 1175682.354], [2530726.033, 1175660.474], [2530723.933, 1175631.274], [2530724.103, 1175629.494], [2530724.953, 1175627.934], [2530749.533, 1175621.1030000001], [2530752.993, 1175633.773], [2530755.873, 1175632.673], [2530790.003, 1175619.572], [2530798.403, 1175632.802], [2530805.323, 1175644.112], [2530808.013, 1175650.611], [2530775.163, 1175664.042], [2530768.963, 1175666.513], [2530755.684, 1175672.613], [2530760.964, 1175681.503], [2530742.924, 1175690.113], [2530734.444, 1175694.264], [2530730.964, 1175695.914]]]}, "properties": {"OBJECTID": 52003592, "EGRID": "CH328315834573", "NUMERO": "2654", "NO_COM_FED": 5757, "GENRE_TXT": "DDP superficie", "SUPERFICIE_MO": 3646, "SUPERFICIE_RF": 3646}}, {"type": "Feature", "id": 52003705, "geometry": {"type": "Polygon", "coordinates": [[[2530272.062, 1174592.075], [2530292.653, 1174591.719], [2530293.367, 1174615.565], [2530272.74, 1174615.922], [2530272.721, 1174613.866], [2530272.533, 1174607.401], [2530272.359, 1174607.405], [2530272.27, 1174603.739], [2530272.062, 1174592.075]]]}, "properties": {"OBJECTID": 52003705, "EGRID": "CH329055834509", "NUMERO": "1133", "NO_COM_FED": 5757, "GENRE_TXT": "parcelle priv\u00e9e", "SUPERFICIE_MO": 493, "SUPERFICIE_RF": 493}}, {"type": "Feature", "id": 52003796, "geometry": {"type": "Polygon", "coordinates": [[[2531465.752, 1176384.428], [2531510.052, 1176386.947], [2531525.102, 1176386.187], [2531622.643, 1176371.837], [2531651.364, 1176367.607], [2531649.604, 1176371.057], [2531648.904, 1176372.417], [2531647.724, 1176374.747], [2531618.993, 1176378.987], [2531610.503, 1176380.247], [2531525.712, 1176392.767], [2531510.052, 1176393.527], [2531375.819, 1176385.651], [2531376.263, 1176379.288], [2531465.752, 1176384.428]]]}, "properties": {"OBJECTID": 52003796, "EGRID": "CH608245558333", "NUMERO": "DP 53", "NO_COM_FED": 5757, "GENRE_TXT": "DP cantonal", "SUPERFICIE_MO": 1793, "SUPERFICIE_RF": null}}, {"type": "Feature", "id": 52003820, "geometry": {"type": "Polygon", "coordinates": [[[2530735.804, 1174588.765], [2530768.181, 1174594.349], [2530768.1859999998, 1174597.859], [2530768.214, 1174618.637], [2530761.183, 1174618.025], [2530735.457, 1174615.527], [2530738.36, 1174603.933], [2530738.677, 1174600.438], [2530736.4390000002, 1174600.446], [2530735.804, 1174588.765]]]}, "properties": {"OBJECTID": 52003820, "EGRID": "CH769083456867", "NUMERO": "1062", "NO_COM_FED": 5757, "GENRE_TXT": "parcelle priv\u00e9e", "SUPERFICIE_MO": 802, "SUPERFICIE_RF": 802}}, {"type": "Feature", "id": 52003849, "geometry": {"type": "Polygon", "coordinates": [[[2530878.71, 1176270.743], [2530866.3, 1176272.913], [2530865.1, 1176266.063], [2530864.13, 1176260.503], [2530872.83, 1176258.983], [2530876.54, 1176258.333], [2530877.23, 1176262.293], [2530878.71, 1176270.743]]]}, "properties": {"OBJECTID": 52003849, "EGRID": "CH687783458381", "NUMERO": "2172", "NO_COM_FED": 5757, "GENRE_TXT": "parcelle priv\u00e9e", "SUPERFICIE_MO": 159, "SUPERFICIE_RF": 159}}, {"type": "Feature", "id": 52004348, "geometry": {"type": "Polygon", "coordinates": [[[2530859.435, 1175773.34], [2530860.725, 1175768.98], [2530860.725, 1175757.62], [2530861.815, 1175747.7], [2530869.705, 1175744.619], [2530872.595, 1175742.429], [2530883.214, 1175728.779], [2530885.0640000002, 1175729.569], [2530888.655, 1175732.559], [2530890.815, 1175734.349], [2530894.395, 1175736.079], [2530898.095, 1175737.518], [2530901.905, 1175738.668], [2530905.725, 1175739.518], [2530909.635, 1175740.018], [2530913.525, 1175740.018], [2530917.475, 1175739.548], [2530921.265, 1175738.918], [2530922.765, 1175737.7179999999], [2530920.275, 1175760.008], [2530920.045, 1175764.9780000001], [2530874.235, 1175771.429], [2530874.275, 1175774.969], [2530874.335, 1175781.029], [2530874.365, 1175784.409], [2530865.425, 1175782.389], [2530854.615, 1175779.94], [2530857.925, 1175777.32], [2530859.435, 1175773.34]]]}, "properties": {"OBJECTID": 52004348, "EGRID": "CH798383034565", "NUMERO": "756", "NO_COM_FED": 5757, "GENRE_TXT": "parcelle priv\u00e9e", "SUPERFICIE_MO": 2013, "SUPERFICIE_RF": 2013}}, {"type": "Feature", "id": 52004530, "geometry": {"type": "Polygon", "coordinates": [[[2530156.112, 1174864.557], [2530157.476, 1174857.308], [2530210.524, 1174812.669], [2530217.04, 1174812.338], [2530318.693, 1174885.054], [2530320.302, 1174891.82], [2530291.836, 1174938.405], [2530233.145, 1174886.381], [2530195.1890000002, 1174852.599], [2530159.616, 1174871.221], [2530156.112, 1174864.557]]]}, "properties": {"OBJECTID": 52004530, "EGRID": "CH709045698332", "NUMERO": "2321", "NO_COM_FED": 5757, "GENRE_TXT": "parcelle priv\u00e9e", "SUPERFICIE_MO": 7838, "SUPERFICIE_RF": 7838}}, {"type": "Feature", "id": 52004670, "geometry": {"type": "Polygon", "coordinates": [[[2530507.223, 1174812.89], [2530493.963, 1174805.459], [2530511.693, 1174782.229], [2530517.563, 1174790.649], [2530521.173, 1174794.419], [2530518.123, 1174798.499], [2530513.933, 1174804.009], [2530507.223, 1174812.89]]]}, "properties": {"OBJECTID": 52004670, "EGRID": "CH650383834515", "NUMERO": "1086", "NO_COM_FED": 5757, "GENRE_TXT": "parcelle priv\u00e9e", "SUPERFICIE_MO": 389, "SUPERFICIE_RF": 389}}, {"type": "Feature", "id": 52004818, "geometry": {"type": "Polygon", "coordinates": [[[2530663.873, 1174341.541], [2530666.792, 1174300.709], [2530668.587, 1174300.813], [2530692.417, 1174303.287], [2530712.761, 1174305.399], [2530710.25, 1174328.847], [2530701.994, 1174357.5], [2530662.032, 1174351.028], [2530663.527, 1174346.379], [2530663.873, 1174341.541]]]}, "properties": {"OBJECTID": 52004818, "EGRID": "CH414568839042", "NUMERO": "1513", "NO_COM_FED": 5757, "GENRE_TXT": "parcelle priv\u00e9e", "SUPERFICIE_MO": 2280, "SUPERFICIE_RF": 2280}}, {"type": "Feature", "id": 52004837, "geometry": {"type": "Polygon", "coordinates": [[[2531134.142, 1175429.651], [2530968.292, 1175491.156], [2530957.812, 1175494.937], [2530953.952, 1175496.337], [2530954.242, 1175486.6469999999], [2530953.782, 1175478.467], [2530952.572, 1175468.4070000001], [2531122.301, 1175399.0320000001], [2531134.142, 1175429.651]]]}, "properties": {"OBJECTID": 52004837, "EGRID": "CH498383704563", "NUMERO": "714", "NO_COM_FED": 5757, "GENRE_TXT": "parcelle priv\u00e9e", "SUPERFICIE_MO": 5570, "SUPERFICIE_RF": 5570}}, {"type": "Feature", "id": 52004917, "geometry": {"type": "Polygon", "coordinates": [[[2530850.119, 1176123.402], [2530804.559, 1176137.824], [2530798.683, 1176118.36], [2530790.968, 1176092.804], [2530840.208, 1176076.322], [2530843.168, 1176086.622], [2530849.838, 1176111.862], [2530847.408, 1176112.502], [2530850.119, 1176123.402]]]}, "properties": {"OBJECTID": 52004917, "EGRID": "CH354383824510", "NUMERO": "934", "NO_COM_FED": 5757, "GENRE_TXT": "parcelle priv\u00e9e", "SUPERFICIE_MO": 2404, "SUPERFICIE_RF": 2404}}, {"type": "Feature", "id": 52005006, "geometry": {"type": "Polygon", "coordinates": [[[2530329.776, 1174405.859], [2530295.631, 1174415.996], [2530262.084, 1174425.993], [2530257.122, 1174409.311], [2530290.676, 1174399.303], [2530324.795, 1174389.127], [2530329.776, 1174405.859]]]}, "properties": {"OBJECTID": 52005006, "EGRID": "CH609045678372", "NUMERO": "2712", "NO_COM_FED": 5757, "GENRE_TXT": "DDP superficie", "SUPERFICIE_MO": 1230, "SUPERFICIE_RF": 1230}}, {"type": "Feature", "id": 52005199, "geometry": {"type": "Polygon", "coordinates": [[[2530575.8109999998, 1175489.129], [2530578.841, 1175490.109], [2530582.211, 1175497.119], [2530586.101, 1175503.989], [2530586.761, 1175503.529], [2530597.211, 1175521.708], [2530593.031, 1175522.438], [2530590.031, 1175514.009], [2530585.751, 1175506.609], [2530581.221, 1175498.529], [2530575.8109999998, 1175489.129]]]}, "properties": {"OBJECTID": 52005199, "EGRID": "CH751483834572", "NUMERO": "613", "NO_COM_FED": 5757, "GENRE_TXT": "parcelle priv\u00e9e", "SUPERFICIE_MO": 86, "SUPERFICIE_RF": 86}}, {"type": "Feature", "id": 52005291, "geometry": {"type": "Polygon", "coordinates": [[[2530969.257, 1175096.587], [2530979.457, 1175110.767], [2530974.487, 1175114.267], [2530967.208, 1175119.557], [2530958.238, 1175125.987], [2530957.298, 1175126.617], [2530951.937, 1175119.1570000001], [2530946.987, 1175112.278], [2530969.257, 1175096.587]]]}, "properties": {"OBJECTID": 52005291, "EGRID": "CH968383457287", "NUMERO": "677", "NO_COM_FED": 5757, "GENRE_TXT": "parcelle priv\u00e9e", "SUPERFICIE_MO": 479, "SUPERFICIE_RF": 479}}, {"type": "Feature", "id": 52005309, "geometry": {"type": "Polygon", "coordinates": [[[2530724.118, 1175231.475], [2530724.478, 1175231.475], [2530727.238, 1175231.615], [2530731.518, 1175231.994], [2530729.488, 1175240.544], [2530724.138, 1175238.595], [2530720.948, 1175238.135], [2530721.068, 1175237.205], [2530719.468, 1175237.015], [2530719.288, 1175239.065], [2530716.568, 1175238.805], [2530701.778, 1175237.005], [2530702.518, 1175229.905], [2530716.968, 1175231.255], [2530716.948, 1175231.555], [2530722.588, 1175232.145], [2530722.648, 1175231.445], [2530724.118, 1175231.475]]]}, "properties": {"OBJECTID": 52005309, "EGRID": "CH528397834543", "NUMERO": "467", "NO_COM_FED": 5757, "GENRE_TXT": "parcelle priv\u00e9e", "SUPERFICIE_MO": 208, "SUPERFICIE_RF": 208}}, {"type": "Feature", "id": 52005549, "geometry": {"type": "Polygon", "coordinates": [[[2530629.229, 1175283.608], [2530628.129, 1175276.298], [2530636.239, 1175274.717], [2530637.469, 1175282.437], [2530629.229, 1175283.608]]]}, "properties": {"OBJECTID": 52005549, "EGRID": "CH787483458331", "NUMERO": "387", "NO_COM_FED": 5757, "GENRE_TXT": "parcelle priv\u00e9e", "SUPERFICIE_MO": 63, "SUPERFICIE_RF": 63}}, {"type": "Feature", "id": 52005758, "geometry": {"type": "Polygon", "coordinates": [[[2530716.976, 1174444.677], [2530719.854, 1174413.9780000001], [2530747.425, 1174417.292], [2530746.788, 1174431.338], [2530747.486, 1174463.003], [2530738.7060000002, 1174463.536], [2530738.39492775, 1174460.5196939604], [2530737.619292039, 1174457.5882681443], [2530736.3979061088, 1174454.8128250302], [2530734.760394986, 1174452.2606836953], [2530732.746476918, 1174449.9937469768], [2530730.405, 1174448.067], [2530727.97506741, 1174446.6174840776], [2530725.3608723837, 1174445.5350547892], [2530722.617504435, 1174444.8425224079], [2530719.802775168, 1174444.5544808235], [2530716.976, 1174444.677]]]}, "properties": {"OBJECTID": 52005758, "EGRID": "CH274590688360", "NUMERO": "1446", "NO_COM_FED": 5757, "GENRE_TXT": "parcelle priv\u00e9e", "SUPERFICIE_MO": 1072, "SUPERFICIE_RF": 1072}}, {"type": "Feature", "id": 52005956, "geometry": {"type": "Polygon", "coordinates": [[[2530587.373, 1174830.299], [2530589.593, 1174831.639], [2530591.353, 1174833.529], [2530594.063, 1174836.939], [2530574.903, 1174851.73], [2530578.723, 1174854.98], [2530560.964, 1174874.2], [2530556.404, 1174879.16], [2530555.184, 1174880], [2530553.874, 1174880.01], [2530550.214, 1174878.47], [2530546.754, 1174876.55], [2530542.994, 1174873.84], [2530535.234, 1174866.85], [2530530.163, 1174857.04], [2530527.953, 1174852.04], [2530527.003, 1174847.72], [2530527.033, 1174844.86], [2530527.2849315046, 1174844.178150684], [2530527.633, 1174843.54], [2530528.072954963, 1174842.9550516042], [2530528.593, 1174842.44], [2530543.243, 1174843.04], [2530548.293, 1174843.01], [2530555.463, 1174842.27], [2530563.323, 1174839.26], [2530563.453, 1174839.54], [2530575.213, 1174833.49], [2530580.823, 1174830.97], [2530584.373, 1174830], [2530587.373, 1174830.299]]]}, "properties": {"OBJECTID": 52005956, "EGRID": "CH644583837103", "NUMERO": "502", "NO_COM_FED": 5757, "GENRE_TXT": "parcelle priv\u00e9e", "SUPERFICIE_MO": 1639, "SUPERFICIE_RF": 1639}}, {"type": "Feature", "id": 52005999, "geometry": {"type": "Polygon", "coordinates": [[[2530494.872, 1174723.879], [2530488.872, 1174712.419], [2530488.132, 1174711.009], [2530493.312, 1174710.689], [2530495.402, 1174708.609], [2530499.122, 1174704.919], [2530518.152, 1174687.318], [2530536.241, 1174670.638], [2530539.801, 1174666.908], [2530547.8310000002, 1174658.548], [2530561.151, 1174644.778], [2530566.211, 1174648.528], [2530551.301, 1174662.168], [2530538.841, 1174673.918], [2530536.691, 1174675.9780000001], [2530502.172, 1174708.369], [2530499.672, 1174713.039], [2530497.362, 1174717.349], [2530494.872, 1174723.879]]]}, "properties": {"OBJECTID": 52005999, "EGRID": "CH980383458337", "NUMERO": "DP 139", "NO_COM_FED": 5757, "GENRE_TXT": "DP communal", "SUPERFICIE_MO": 520, "SUPERFICIE_RF": null}}, {"type": "Feature", "id": 52006057, "geometry": {"type": "Polygon", "coordinates": [[[2530674.907, 1175109.546], [2530676.567, 1175115.296], [2530660.717, 1175118.3969999999], [2530659.677, 1175112.627], [2530674.907, 1175109.546]]]}, "properties": {"OBJECTID": 52006057, "EGRID": "CH152283824563", "NUMERO": "472", "NO_COM_FED": 5757, "GENRE_TXT": "parcelle priv\u00e9e", "SUPERFICIE_MO": 94, "SUPERFICIE_RF": 94}}, {"type": "Feature", "id": 52006121, "geometry": {"type": "Polygon", "coordinates": [[[2530561.016, 1175098.45], [2530559.876, 1175107.12], [2530559.857, 1175115.95], [2530560.537, 1175125.11], [2530561.827, 1175134.23], [2530556.287, 1175134.26], [2530551.067, 1175134.28], [2530551.087, 1175133.79], [2530551.377, 1175133.8], [2530552.906, 1175098.2], [2530552.646, 1175098.19], [2530552.666, 1175097.74], [2530553.116, 1175097.76], [2530553.106, 1175098.02], [2530554.106, 1175098.06], [2530554.176, 1175096.46], [2530557.366, 1175096.66], [2530557.276, 1175098.18], [2530558.226, 1175098.21], [2530558.236, 1175097.93], [2530558.716, 1175097.95], [2530558.6859999998, 1175098.36], [2530561.016, 1175098.45]]]}, "properties": {"OBJECTID": 52006121, "EGRID": "CH908345158324", "NUMERO": "2617", "NO_COM_FED": 5757, "GENRE_TXT": "DDP superficie", "SUPERFICIE_MO": 305, "SUPERFICIE_RF": 305}}, {"type": "Feature", "id": 52006351, "geometry": {"type": "Polygon", "coordinates": [[[2530950.711, 1175381.247], [2530977.21, 1175370.036], [2530991.941, 1175402.226], [2530965.901, 1175414.207], [2530965.741, 1175414.047], [2530963.381, 1175408.957], [2530950.711, 1175381.247]]]}, "properties": {"OBJECTID": 52006351, "EGRID": "CH228385834559", "NUMERO": "709", "NO_COM_FED": 5757, "GENRE_TXT": "parcelle priv\u00e9e", "SUPERFICIE_MO": 1031, "SUPERFICIE_RF": 1031}}, {"type": "Feature", "id": 52006368, "geometry": {"type": "Polygon", "coordinates": [[[2531074.898, 1175110.963], [2531072.118, 1175107.614], [2531071.818, 1175107.904], [2531066.778, 1175102.454], [2531065.458, 1175101.024], [2531063.287, 1175098.774], [2531070.787, 1175091.664], [2531072.737, 1175094.114], [2531074.017, 1175095.554], [2531082.038, 1175104.453], [2531074.898, 1175110.963]]]}, "properties": {"OBJECTID": 52006368, "EGRID": "CH244583822195", "NUMERO": "700", "NO_COM_FED": 5757, "GENRE_TXT": "parcelle priv\u00e9e", "SUPERFICIE_MO": 168, "SUPERFICIE_RF": 168}}, {"type": "Feature", "id": 52006376, "geometry": {"type": "Polygon", "coordinates": [[[2530510.365, 1175865.851], [2530533.735, 1175867.48], [2530531.876, 1175893.3], [2530514.016, 1175892.051], [2530511.285, 1175873.211], [2530510.365, 1175865.851]]]}, "properties": {"OBJECTID": 52006376, "EGRID": "CH968383451448", "NUMERO": "885", "NO_COM_FED": 5757, "GENRE_TXT": "parcelle priv\u00e9e", "SUPERFICIE_MO": 536, "SUPERFICIE_RF": 536}}, {"type": "Feature", "id": 52006623, "geometry": {"type": "Polygon", "coordinates": [[[2530723.168, 1175214.315], [2530723.208, 1175213.585], [2530731.038, 1175214.504], [2530731.498, 1175221.744], [2530724.158, 1175220.975], [2530723.618, 1175220.875], [2530723.738, 1175219.775], [2530722.828, 1175219.715], [2530722.898, 1175219.065], [2530723.168, 1175214.315]]]}, "properties": {"OBJECTID": 52006623, "EGRID": "CH238382452245", "NUMERO": "1474", "NO_COM_FED": 5757, "GENRE_TXT": "parcelle priv\u00e9e", "SUPERFICIE_MO": 59, "SUPERFICIE_RF": 59}}, {"type": "Feature", "id": 52006899, "geometry": {"type": "Polygon", "coordinates": [[[2530489.994, 1174867.03], [2530505.143, 1174850.28], [2530512.803, 1174843.72], [2530514.133, 1174843.57], [2530516.663, 1174850.23], [2530517.453, 1174851.97], [2530517.513, 1174856.98], [2530519.133, 1174859.53], [2530519.584, 1174866.47], [2530521.234, 1174873.71], [2530523.964, 1174879.26], [2530533.224, 1174892.97], [2530528.524, 1174896.78], [2530525.524, 1174899.21], [2530514.374, 1174908.25], [2530498.594, 1174920.86], [2530471.434, 1174910.47], [2530478.254, 1174898.64], [2530478.514, 1174898.18], [2530492.494, 1174902.15], [2530508.554, 1174883.82], [2530491.254, 1174868.2], [2530489.994, 1174867.03]]]}, "properties": {"OBJECTID": 52006899, "EGRID": "CH668383457193", "NUMERO": "500", "NO_COM_FED": 5757, "GENRE_TXT": "parcelle priv\u00e9e", "SUPERFICIE_MO": 1900, "SUPERFICIE_RF": 1900}}, {"type": "Feature", "id": 52006977, "geometry": {"type": "Polygon", "coordinates": [[[2530804.459, 1175269.852], [2530811.509, 1175289.232], [2530815.889, 1175300.422], [2530821.99, 1175318.511], [2530816.15, 1175320.592], [2530814.529, 1175314.0320000001], [2530807.929, 1175296.202], [2530802.079, 1175297.622], [2530801.399, 1175289.642], [2530797.649, 1175278.982], [2530781.599, 1175284.043], [2530780.839, 1175281.623], [2530799.209, 1175275.792], [2530799.359, 1175276.332], [2530800.909, 1175275.682], [2530801.9189999998, 1175274.232], [2530800.719, 1175269.0219999999], [2530802.239, 1175268.412], [2530799.9390000002, 1175262.502], [2530793.069, 1175247.182], [2530789.138, 1175228.983], [2530791.838, 1175230.132], [2530791.338, 1175231.012], [2530791.348, 1175233.502], [2530795.099, 1175247.802], [2530804.459, 1175269.852]]]}, "properties": {"OBJECTID": 52006977, "EGRID": "CH114520838202", "NUMERO": "DP 122", "NO_COM_FED": 5757, "GENRE_TXT": "DP communal", "SUPERFICIE_MO": 496, "SUPERFICIE_RF": null}}, {"type": "Feature", "id": 52007053, "geometry": {"type": "Polygon", "coordinates": [[[2530153.387, 1174606.467], [2530149.273, 1174575.301], [2530148.92, 1174572.629], [2530160.0810000002, 1174570.2179999999], [2530164.862, 1174606.15], [2530153.387, 1174606.467]]]}, "properties": {"OBJECTID": 52007053, "EGRID": "CH409045558379", "NUMERO": "2328", "NO_COM_FED": 5757, "GENRE_TXT": "parcelle priv\u00e9e", "SUPERFICIE_MO": 401, "SUPERFICIE_RF": 401}}, {"type": "Feature", "id": 52007206, "geometry": {"type": "Polygon", "coordinates": [[[2530658.166, 1175029.877], [2530657.076, 1175028.557], [2530654.096, 1175031.227], [2530647.516, 1175043.107], [2530646.396, 1175042.477], [2530635.2060000002, 1175036.678], [2530626.536, 1175032.588], [2530644.895, 1174998.167], [2530647.425, 1174999.287], [2530658.795, 1175000.367], [2530659.675, 1175000.027], [2530659.955, 1175001.467], [2530661.295, 1175008.327], [2530660.976, 1175013.237], [2530667.126, 1175024.727], [2530664.006, 1175026.527], [2530658.166, 1175029.877]]]}, "properties": {"OBJECTID": 52007206, "EGRID": "CH338383457348", "NUMERO": "490", "NO_COM_FED": 5757, "GENRE_TXT": "parcelle priv\u00e9e", "SUPERFICIE_MO": 1004, "SUPERFICIE_RF": 1004}}, {"type": "Feature", "id": 52007592, "geometry": {"type": "Polygon", "coordinates": [[[2530487.768, 1174615.867], [2530492.323, 1174620.916], [2530506.481, 1174636.858], [2530491.451, 1174652.4780000001], [2530483.741, 1174641.608], [2530465.441, 1174656.298], [2530461.153, 1174640.7820000001], [2530460.008, 1174631.064], [2530472.958, 1174627.364], [2530487.768, 1174615.867]]]}, "properties": {"OBJECTID": 52007592, "EGRID": "CH529055834538", "NUMERO": "1019", "NO_COM_FED": 5757, "GENRE_TXT": "parcelle priv\u00e9e", "SUPERFICIE_MO": 988, "SUPERFICIE_RF": 988}}, {"type": "Feature", "id": 52008196, "geometry": {"type": "Polygon", "coordinates": [[[2530678.805, 1174970.126], [2530694.565, 1175000.956], [2530696.005, 1175000.196], [2530698.606, 1175003.786], [2530711.366, 1175024.365], [2530704.076, 1175029.146], [2530704.2060000002, 1175029.386], [2530702.076, 1175030.686], [2530701.976, 1175030.516], [2530695.196, 1175019.676], [2530691.526, 1175021.976], [2530687.376, 1175024.716], [2530687.4359999998, 1175024.886], [2530685.736, 1175026.046], [2530679.736, 1175030.166], [2530682.326, 1175034.106], [2530684.226, 1175033.026], [2530684.506, 1175033.466], [2530688.036, 1175039.076], [2530689.726, 1175038.166], [2530689.806, 1175038.276], [2530693.586, 1175045.396], [2530695.9560000002, 1175049.776], [2530694.1859999998, 1175050.676], [2530688.126, 1175053.646], [2530692.156, 1175061.746], [2530676.166, 1175068.616], [2530674.056, 1175061.046], [2530669.666, 1175062.507], [2530663.526, 1175039.697], [2530658.166, 1175029.877], [2530664.006, 1175026.527], [2530667.126, 1175024.727], [2530660.976, 1175013.237], [2530661.295, 1175008.327], [2530659.955, 1175001.467], [2530659.675, 1175000.027], [2530658.795, 1175000.367], [2530647.425, 1174999.287], [2530644.895, 1174998.167], [2530626.536, 1175032.588], [2530644.815, 1174997.347], [2530651.455, 1174986.177], [2530656.595, 1174978.067], [2530668.365, 1174967.047], [2530671.185, 1174966.197], [2530674.175, 1174966.4070000001], [2530676.865, 1174967.816], [2530678.805, 1174970.126]]]}, "properties": {"OBJECTID": 52008196, "EGRID": "CH538382452933", "NUMERO": "488", "NO_COM_FED": 5757, "GENRE_TXT": "parcelle priv\u00e9e", "SUPERFICIE_MO": 3046, "SUPERFICIE_RF": 3046}}, {"type": "Feature", "id": 52008226, "geometry": {"type": "Polygon", "coordinates": [[[2530900.007, 1175976.669], [2530960.187, 1175940.967], [2530961.687, 1175940.217], [2530969.087, 1175959.377], [2530977.067, 1175979.787], [2530930.707, 1176000.999], [2530930.057, 1176001.299], [2530924.607, 1176003.799], [2530922.277, 1176004.859], [2530919.647, 1175999.379], [2530919.977, 1175999.149], [2530908.297, 1175978.469], [2530900.007, 1175976.669]]]}, "properties": {"OBJECTID": 52008226, "EGRID": "CH808245618344", "NUMERO": "958", "NO_COM_FED": 5757, "GENRE_TXT": "parcelle priv\u00e9e", "SUPERFICIE_MO": 2450, "SUPERFICIE_RF": 2450}}, {"type": "Feature", "id": 52008411, "geometry": {"type": "Polygon", "coordinates": [[[2530674.828, 1175214.166], [2530671.928, 1175214.376], [2530660.158, 1175215.077], [2530658.908, 1175202.697], [2530671.288, 1175201.606], [2530678.778, 1175200.936], [2530690.918, 1175199.866], [2530691.058, 1175213.216], [2530679.648, 1175213.926], [2530674.828, 1175214.166]]]}, "properties": {"OBJECTID": 52008411, "EGRID": "CH668283452272", "NUMERO": "432", "NO_COM_FED": 5757, "GENRE_TXT": "parcelle priv\u00e9e", "SUPERFICIE_MO": 406, "SUPERFICIE_RF": 406}}, {"type": "Feature", "id": 52008798, "geometry": {"type": "Polygon", "coordinates": [[[2530813.074, 1174856.402], [2530813.574, 1174855.192], [2530818.5640000002, 1174856.562], [2530821.304, 1174857.632], [2530825.454, 1174860.202], [2530824.774, 1174861.112], [2530855.784, 1174884.011], [2530857.535, 1174886.011], [2530857.725, 1174886.761], [2530857.235, 1174888.651], [2530856.915, 1174888.781], [2530838.144, 1174884.771], [2530834.134, 1174883.922], [2530831.804, 1174883.702], [2530829.254, 1174883.5320000001], [2530811.384, 1174879.322], [2530819.704, 1174861.102], [2530812.354, 1174858.132], [2530813.074, 1174856.402]]]}, "properties": {"OBJECTID": 52008798, "EGRID": "CH238383451543", "NUMERO": "1448", "NO_COM_FED": 5757, "GENRE_TXT": "DDP superficie", "SUPERFICIE_MO": 633, "SUPERFICIE_RF": null}}, {"type": "Feature", "id": 52009125, "geometry": {"type": "Polygon", "coordinates": [[[2531023.987, 1175990.296], [2530996.387, 1175893.786], [2530997.036, 1175888.076], [2531001.546, 1175884.526], [2531045.136, 1175871.594], [2531050.726, 1175872.184], [2531054.446, 1175876.644], [2531082.827, 1175973.484], [2531113.478, 1176077.804], [2531113.089, 1176083.435], [2531108.519, 1176086.735], [2531062.889, 1176098.396], [2531057.119, 1176097.386], [2531053.339, 1176092.916], [2531023.987, 1175990.296]]]}, "properties": {"OBJECTID": 52009125, "EGRID": "CH144583824211", "NUMERO": "102", "NO_COM_FED": 5757, "GENRE_TXT": "parcelle priv\u00e9e", "SUPERFICIE_MO": 13613, "SUPERFICIE_RF": 13613}}, {"type": "Feature", "id": 52009161, "geometry": {"type": "Polygon", "coordinates": [[[2530804.459, 1175269.852], [2530815.129, 1175266.142], [2530811.6890000002, 1175255.672], [2530811.259, 1175254.352], [2530815.229, 1175252.892], [2530831.349, 1175280.761], [2530831.969, 1175281.841], [2530815.999, 1175287.612], [2530811.509, 1175289.232], [2530804.459, 1175269.852]]]}, "properties": {"OBJECTID": 52009161, "EGRID": "CH838383459748", "NUMERO": "1493", "NO_COM_FED": 5757, "GENRE_TXT": "parcelle priv\u00e9e", "SUPERFICIE_MO": 478, "SUPERFICIE_RF": 478}}, {"type": "Feature", "id": 52009318, "geometry": {"type": "Polygon", "coordinates": [[[2531125.177, 1175035.802], [2531124.867, 1175031.552], [2531166.916, 1174981.011], [2531188.826, 1174954.531], [2531223.716, 1174916.912], [2531225.876, 1174915.986], [2531229.027, 1174916.266], [2531232.095, 1174917.222], [2531234.774, 1174919.777], [2531238.38, 1174916.483], [2531282.057, 1174957.84], [2531227.627, 1175015.32], [2531252.928, 1175039.269], [2531274.178, 1175059.385], [2531212.744, 1175124.21], [2531183.828, 1175099.71], [2531147.357, 1175068.141], [2531143.087, 1175052.461], [2531125.177, 1175035.802]]]}, "properties": {"OBJECTID": 52009318, "EGRID": "CH344583831564", "NUMERO": "2626", "NO_COM_FED": 5757, "GENRE_TXT": "DDP superficie", "SUPERFICIE_MO": 17171, "SUPERFICIE_RF": 17171}}, {"type": "Feature", "id": 52009687, "geometry": {"type": "Polygon", "coordinates": [[[2531354.135, 1174681.415], [2531373.716, 1174765.033], [2531312.236, 1174779.954], [2531301.846, 1174773.374], [2531280.335, 1174756.334], [2531259.875, 1174734.175], [2531241.355, 1174706.856], [2531354.135, 1174681.415]]]}, "properties": {"OBJECTID": 52009687, "EGRID": "CH914522838203", "NUMERO": "275", "NO_COM_FED": 5757, "GENRE_TXT": "parcelle priv\u00e9e", "SUPERFICIE_MO": 8161, "SUPERFICIE_RF": 8148}}, {"type": "Feature", "id": 52009705, "geometry": {"type": "Polygon", "coordinates": [[[2530475.437, 1176060.2719999999], [2530497.217, 1176056.861], [2530494.507, 1176037.211], [2530511.447, 1176034.441], [2530515.307, 1176033.851], [2530520.208, 1176125.121], [2530496.878, 1176126.312], [2530492.038, 1176125.412], [2530488.808, 1176122.232], [2530483.948, 1176109.7719999999], [2530481.368, 1176101.112], [2530479.418, 1176092.182], [2530475.437, 1176060.2719999999]]]}, "properties": {"OBJECTID": 52009705, "EGRID": "CH268283455083", "NUMERO": "890", "NO_COM_FED": 5757, "GENRE_TXT": "parcelle priv\u00e9e", "SUPERFICIE_MO": 2993, "SUPERFICIE_RF": 2993}}, {"type": "Feature", "id": 52009800, "geometry": {"type": "Polygon", "coordinates": [[[2530674.089, 1176202.878], [2530644.099, 1176195.679], [2530656.369, 1176163.168], [2530678.079, 1176167.277], [2530675.709, 1176188.428], [2530675.089, 1176194.048], [2530675.079, 1176194.088], [2530674.089, 1176202.878]]]}, "properties": {"OBJECTID": 52009800, "EGRID": "CH968383450458", "NUMERO": "918", "NO_COM_FED": 5757, "GENRE_TXT": "parcelle priv\u00e9e", "SUPERFICIE_MO": 926, "SUPERFICIE_RF": 926}}, {"type": "Feature", "id": 52010101, "geometry": {"type": "Polygon", "coordinates": [[[2530999.007, 1176345.995], [2531004.144, 1176370.2179999999], [2531003.489, 1176385.548], [2530997.223, 1176387.138], [2530998.962, 1176412.096], [2530973.124, 1176418.822], [2530972.962, 1176418.122], [2530966.881, 1176394.832], [2530985.851, 1176390.021], [2530984.091, 1176375.871], [2530978.261, 1176348.381], [2530999.007, 1176345.995]]]}, "properties": {"OBJECTID": 52010101, "EGRID": "CH887383459116", "NUMERO": "2747", "NO_COM_FED": 5757, "GENRE_TXT": "parcelle priv\u00e9e", "SUPERFICIE_MO": 1546, "SUPERFICIE_RF": 1546}}, {"type": "Feature", "id": 52010105, "geometry": {"type": "Polygon", "coordinates": [[[2530742.895, 1174956.614], [2530743.053034634, 1174956.631941298], [2530743.2117861677, 1174956.6222054819], [2530743.3664441635, 1174956.585087563], [2530743.5123222247, 1174956.5217122766], [2530743.645, 1174956.434], [2530751.695, 1174949.594], [2530751.845, 1174949.754], [2530753.715, 1174948.024], [2530757.075, 1174944.424], [2530761.375, 1174951.904], [2530755.775, 1174954.914], [2530754.665, 1174955.514], [2530754.375, 1174956.634], [2530754.115, 1174959.184], [2530753.725, 1174965.154], [2530754.245, 1174970.344], [2530758.145, 1174976.624], [2530753.535, 1174982.434], [2530750.245, 1174985.704], [2530747.465, 1174989.804], [2530745.296, 1174993.704], [2530745.036, 1174994.064], [2530742.236, 1174999.924], [2530738.776, 1175005.494], [2530735.966, 1175011.295], [2530732.236, 1175020.065], [2530728.356, 1175028.785], [2530720.506, 1175024.475], [2530721.946, 1175022.325], [2530725.7060000002, 1175016.635], [2530727.986, 1175011.505], [2530729.986, 1175006.635], [2530731.876, 1174999.265], [2530735.435, 1174995.025], [2530739.875, 1174989.594], [2530740.135, 1174989.274], [2530742.905, 1174984.174], [2530746.405, 1174977.874], [2530748.525, 1174972.634], [2530747.765, 1174967.464], [2530742.405, 1174961.944], [2530742.895, 1174956.614]]]}, "properties": {"OBJECTID": 52010105, "EGRID": "CH368383457495", "NUMERO": "DP 132", "NO_COM_FED": 5757, "GENRE_TXT": "DP communal", "SUPERFICIE_MO": 723, "SUPERFICIE_RF": null}}, {"type": "Feature", "id": 52010286, "geometry": {"type": "Polygon", "coordinates": [[[2530927.009, 1175283.008], [2530931.719, 1175293.248], [2530939, 1175309.078], [2530940.7, 1175312.788], [2530913.101, 1175323.833], [2530901.07, 1175328.649], [2530894.989, 1175293.379], [2530927.009, 1175283.008]]]}, "properties": {"OBJECTID": 52010286, "EGRID": "CH614521838217", "NUMERO": "688", "NO_COM_FED": 5757, "GENRE_TXT": "parcelle priv\u00e9e", "SUPERFICIE_MO": 1295, "SUPERFICIE_RF": 1295}}, {"type": "Feature", "id": 52010600, "geometry": {"type": "Polygon", "coordinates": [[[2531379.986, 1174792.423], [2531382.317, 1174812.822], [2531368.057, 1174810.0320000001], [2531348.966, 1174804.153], [2531330.946, 1174797.3530000001], [2531322.486, 1174793.923], [2531303.376, 1174782.514], [2531298.086, 1174779.194], [2531275.545, 1174760.734], [2531265.865, 1174750.155], [2531253.465, 1174753.295], [2531246.195, 1174726.015], [2531241.355, 1174706.856], [2531259.875, 1174734.175], [2531280.335, 1174756.334], [2531301.846, 1174773.374], [2531312.236, 1174779.954], [2531325.476, 1174788.013], [2531350.886, 1174798.383], [2531379.986, 1174792.423]]]}, "properties": {"OBJECTID": 52010600, "EGRID": "CH938382452003", "NUMERO": "277", "NO_COM_FED": 5757, "GENRE_TXT": "parcelle priv\u00e9e", "SUPERFICIE_MO": 1502, "SUPERFICIE_RF": 1512}}, {"type": "Feature", "id": 52010766, "geometry": {"type": "Polygon", "coordinates": [[[2531220.653, 1175557.438], [2531159.133, 1175583.86], [2531082.424, 1175618.083], [2531033.194, 1175640.484], [2530992.383, 1175546.916], [2530968.292, 1175491.156], [2531134.142, 1175429.651], [2531135.862, 1175434.121], [2531160.972, 1175493.3], [2531187.182, 1175482.769], [2531200.403, 1175513.699], [2531211.183, 1175536.809], [2531220.653, 1175557.438]]]}, "properties": {"OBJECTID": 52010766, "EGRID": "CH258683834544", "NUMERO": "718", "NO_COM_FED": 5757, "GENRE_TXT": "parcelle priv\u00e9e", "SUPERFICIE_MO": 29953, "SUPERFICIE_RF": 29953}}, {"type": "Feature", "id": 52010859, "geometry": {"type": "Polygon", "coordinates": [[[2530758.166, 1174331.726], [2530757.817, 1174305.737], [2530764.014, 1174306.498], [2530764.132, 1174315.314], [2530773.913, 1174316.838], [2530771.423, 1174330.997], [2530758.166, 1174331.726]]]}, "properties": {"OBJECTID": 52010859, "EGRID": "CH356883904587", "NUMERO": "1185", "NO_COM_FED": 5757, "GENRE_TXT": "parcelle priv\u00e9e", "SUPERFICIE_MO": 285, "SUPERFICIE_RF": 285}}, {"type": "Feature", "id": 52011211, "geometry": {"type": "Polygon", "coordinates": [[[2530840.619, 1175309.011], [2530833.6890000002, 1175313.291], [2530830.11, 1175318.101], [2530828.35, 1175327.401], [2530828.8, 1175331.361], [2530829.1, 1175332.651], [2530830.71, 1175339.661], [2530835.75, 1175356.691], [2530836.11, 1175356.561], [2530840.58, 1175375.091], [2530841.0490903575, 1175377.0034588934], [2530841.34, 1175378.951], [2530841.43, 1175382.081], [2530841.289481016, 1175383.0631047746], [2530841.031559634, 1175384.0210984773], [2530840.66, 1175384.941], [2530840.053056511, 1175386.0043213717], [2530839.2950532846, 1175386.9658118011], [2530838.4027725114, 1175387.8041838899], [2530837.3959692884, 1175388.50087608], [2530836.296934239, 1175389.0404636061], [2530835.13, 1175389.411], [2530836.41, 1175394.611], [2530830.84, 1175396.821], [2530823.47, 1175383.381], [2530822.4, 1175378.101], [2530820.61, 1175365.531], [2530816.13, 1175351.492], [2530814.68, 1175343.642], [2530813.85, 1175338.972], [2530816.27, 1175334.2719999999], [2530816.15, 1175320.592], [2530821.99, 1175318.511], [2530824.05, 1175318.771], [2530825.859, 1175315.341], [2530830.219, 1175309.581], [2530838.809, 1175304.381], [2530840.619, 1175309.011]]]}, "properties": {"OBJECTID": 52011211, "EGRID": "CH287983458366", "NUMERO": "DP 19", "NO_COM_FED": 5757, "GENRE_TXT": "DP communal", "SUPERFICIE_MO": 1285, "SUPERFICIE_RF": null}}, {"type": "Feature", "id": 52011491, "geometry": {"type": "Polygon", "coordinates": [[[2530533.224, 1174892.97], [2530523.964, 1174879.26], [2530521.234, 1174873.71], [2530519.584, 1174866.47], [2530519.133, 1174859.53], [2530517.513, 1174856.98], [2530517.453, 1174851.97], [2530516.663, 1174850.23], [2530514.133, 1174843.57], [2530517.203, 1174842.72], [2530517.683, 1174849.59], [2530518.303, 1174851.44], [2530519.163, 1174855.85], [2530520.013, 1174858.86], [2530520.804, 1174866.57], [2530522.344, 1174872.92], [2530523.234, 1174875.2], [2530524.984, 1174878.68], [2530536.0439999998, 1174894.19], [2530543.174, 1174894.58], [2530543.274, 1174893.99], [2530548.354, 1174894.82], [2530549.584, 1174895.57], [2530551.3140000002, 1174896.09], [2530564.784, 1174902.02], [2530569.764, 1174912], [2530570.684, 1174916.7], [2530570.574, 1174920.33], [2530570.034, 1174921.69], [2530570.014, 1174924.07], [2530571.844, 1174926.97], [2530572.944, 1174928.02], [2530574.864, 1174929.13], [2530569.184, 1174930.7], [2530569.034, 1174927.54], [2530569.094, 1174925.38], [2530569.134, 1174917.45], [2530568.214, 1174912.55], [2530563.754, 1174903.56], [2530547.834, 1174896.34], [2530545.374, 1174896.21], [2530535.054, 1174895.67], [2530533.224, 1174892.97]]]}, "properties": {"OBJECTID": 52011491, "EGRID": "CH368383459871", "NUMERO": "DP 145", "NO_COM_FED": 5757, "GENRE_TXT": "DP cantonal", "SUPERFICIE_MO": 183, "SUPERFICIE_RF": null}}, {"type": "Feature", "id": 52011587, "geometry": {"type": "Polygon", "coordinates": [[[2530537.655, 1174962.371], [2530514.941, 1174983.086], [2530512.861, 1174981.035], [2530509.373, 1174981.006], [2530502.227, 1174981.418], [2530499.057, 1174980.349], [2530498.012, 1174978.815], [2530495.101, 1174971.8429999999], [2530492.6859999998, 1174969.627], [2530491.097, 1174968.765], [2530487.655, 1174969.9070000001], [2530482.329, 1174966.111], [2530476.972, 1174964.105], [2530474.405, 1174962.164], [2530466.73, 1174955.638], [2530465.056, 1174952.563], [2530465.514, 1174950.527], [2530462.693, 1174946.812], [2530458.339, 1174944.813], [2530457.117, 1174941.143], [2530454.407, 1174937.72], [2530452.535, 1174933.09], [2530449.91, 1174930.0320000001], [2530449.482, 1174930.023], [2530443.786, 1174914.839], [2530445.803, 1174908.716], [2530449.048, 1174903.87], [2530449.319, 1174904.037], [2530450.5439999998, 1174901.269], [2530476.574, 1174915.7], [2530508.644, 1174940.201], [2530528.625, 1174955.471], [2530537.655, 1174962.371]]]}, "properties": {"OBJECTID": 52011587, "EGRID": "CH269083456942", "NUMERO": "496", "NO_COM_FED": 5757, "GENRE_TXT": "parcelle priv\u00e9e", "SUPERFICIE_MO": 3288, "SUPERFICIE_RF": 3288}}, {"type": "Feature", "id": 52011743, "geometry": {"type": "Polygon", "coordinates": [[[2530319.4189999998, 1176235.088], [2530335.249, 1176232.767], [2530339.599, 1176262.448], [2530323.759, 1176264.768], [2530319.4189999998, 1176235.088]]]}, "properties": {"OBJECTID": 52011743, "EGRID": "CH174583128334", "NUMERO": "2560", "NO_COM_FED": 5757, "GENRE_TXT": "parcelle priv\u00e9e", "SUPERFICIE_MO": 480, "SUPERFICIE_RF": 480}}, {"type": "Feature", "id": 52011750, "geometry": {"type": "Polygon", "coordinates": [[[2530332.827, 1174650.068], [2530319.22, 1174652.045], [2530318.076, 1174652.211], [2530296.167, 1174652.5], [2530297.68, 1174644.549], [2530302.503, 1174619.509], [2530302.806, 1174618.006], [2530312.75, 1174588.491], [2530315.568, 1174580.128], [2530318.144, 1174582.2280000001], [2530323.566, 1174584.589], [2530326.375, 1174587.63], [2530330.5640000002, 1174593.963], [2530334.034, 1174594.295], [2530337.175, 1174598.941], [2530342.114, 1174600.98], [2530345.119, 1174604.046], [2530350.516, 1174607.076], [2530354.674, 1174608.191], [2530357.975, 1174610.731], [2530362.242, 1174612.378], [2530364.07, 1174615.567], [2530369.888, 1174620.882], [2530375.824, 1174626.352], [2530374.8140000002, 1174626.863], [2530356.212, 1174636.279], [2530354.222, 1174637.972], [2530332.827, 1174650.068]]]}, "properties": {"OBJECTID": 52011750, "EGRID": "CH255583904584", "NUMERO": "1135", "NO_COM_FED": 5757, "GENRE_TXT": "parcelle priv\u00e9e", "SUPERFICIE_MO": 3135, "SUPERFICIE_RF": 3135}}, {"type": "Feature", "id": 52012134, "geometry": {"type": "Polygon", "coordinates": [[[2530766.365, 1175793.493], [2530765.035, 1175795.903], [2530764.885, 1175795.813], [2530763.435, 1175794.983], [2530757.905, 1175791.873], [2530759.265, 1175789.463], [2530766.245, 1175793.383], [2530766.365, 1175793.493]]]}, "properties": {"OBJECTID": 52012134, "EGRID": "CH738382456526", "NUMERO": "741", "NO_COM_FED": 5757, "GENRE_TXT": "parcelle priv\u00e9e", "SUPERFICIE_MO": 23, "SUPERFICIE_RF": 23}}, {"type": "Feature", "id": 52012317, "geometry": {"type": "Polygon", "coordinates": [[[2531154.87, 1175291.831], [2531155.665021014, 1175292.074762656], [2531156.4108120883, 1175292.4425592278], [2531157.0881664883, 1175292.9249176644], [2531157.6796399644, 1175293.509415545], [2531158.17, 1175294.181], [2531170, 1175309.71], [2531190.381, 1175336.05], [2531178.801, 1175343.17], [2531166.371, 1175350.93], [2531165.901, 1175351.22], [2531162.211, 1175353.5], [2531126.511, 1175375.602], [2531110.751, 1175347.5320000001], [2531094.94, 1175318.893], [2531105.59, 1175314.052], [2531134.96, 1175300.131], [2531150.88, 1175292.581], [2531151.60823643, 1175292.175689948], [2531152.392037752, 1175291.8923879447], [2531153.211122509, 1175291.7384246446], [2531154.04429626, 1175291.7177839652], [2531154.87, 1175291.831]]]}, "properties": {"OBJECTID": 52012317, "EGRID": "CH952083824539", "NUMERO": "719", "NO_COM_FED": 5757, "GENRE_TXT": "parcelle priv\u00e9e", "SUPERFICIE_MO": 4302, "SUPERFICIE_RF": 4302}}, {"type": "Feature", "id": 52012585, "geometry": {"type": "Polygon", "coordinates": [[[2530615.826, 1175063.498], [2530618.376, 1175056.198], [2530624.966, 1175058.448], [2530638.966, 1175062.508], [2530638.216, 1175068.538], [2530626.356, 1175065.858], [2530623.056, 1175065.118], [2530615.826, 1175063.498]]]}, "properties": {"OBJECTID": 52012585, "EGRID": "CH114573838309", "NUMERO": "417", "NO_COM_FED": 5757, "GENRE_TXT": "parcelle priv\u00e9e", "SUPERFICIE_MO": 150, "SUPERFICIE_RF": 150}}, {"type": "Feature", "id": 52012684, "geometry": {"type": "Polygon", "coordinates": [[[2530700.263, 1174476.726], [2530697.212, 1174458.405], [2530699.675, 1174457.704], [2530702.093, 1174456.861], [2530714.505, 1174451.367], [2530716.581212754, 1174450.777156935], [2530718.725197348, 1174450.5283511856], [2530720.8813130227, 1174450.6270397666], [2530722.9936041934, 1174451.0706615092], [2530725.0072526094, 1174451.847703527], [2530726.87, 1174452.938], [2530728.524567063, 1174454.3050931108], [2530729.939515519, 1174455.9189260032], [2530731.078508952, 1174457.7380548324], [2530731.912297576, 1174459.7157636757], [2530732.4194693803, 1174461.801264215], [2530732.587, 1174463.941], [2530733.335, 1174507.648], [2530733.247, 1174508.995], [2530724.87, 1174507.33], [2530726.849, 1174489.844], [2530711.468, 1174480.164], [2530700.263, 1174476.726]]]}, "properties": {"OBJECTID": 52012684, "EGRID": "CH138390456858", "NUMERO": "1519", "NO_COM_FED": 5757, "GENRE_TXT": "parcelle priv\u00e9e", "SUPERFICIE_MO": 1142, "SUPERFICIE_RF": 1142}}, {"type": "Feature", "id": 52013046, "geometry": {"type": "Polygon", "coordinates": [[[2530900.907, 1175049.979], [2530864.327, 1175074.86], [2530860.887, 1175077.2], [2530851.637, 1175083.491], [2530840.677, 1175065.991], [2530830.226, 1175048.161], [2530856.156, 1175032.851], [2530856.346, 1175033.121], [2530865.476, 1175048.31], [2530890.006, 1175032.17], [2530900.907, 1175049.979]]]}, "properties": {"OBJECTID": 52013046, "EGRID": "CH328223834528", "NUMERO": "669", "NO_COM_FED": 5757, "GENRE_TXT": "parcelle priv\u00e9e", "SUPERFICIE_MO": 1841, "SUPERFICIE_RF": 1841}}, {"type": "Feature", "id": 52013062, "geometry": {"type": "Polygon", "coordinates": [[[2530785.7, 1175342.373], [2530789.33, 1175341.7719999999], [2530797.67, 1175340.132], [2530804.15, 1175338.702], [2530805.79, 1175345.0219999999], [2530806.36, 1175354.402], [2530798.76, 1175356.862], [2530798.59, 1175356.322], [2530787.53, 1175357.662], [2530785.7, 1175342.373]]]}, "properties": {"OBJECTID": 52013062, "EGRID": "CH544583837137", "NUMERO": "1487", "NO_COM_FED": 5757, "GENRE_TXT": "parcelle priv\u00e9e", "SUPERFICIE_MO": 308, "SUPERFICIE_RF": 308}}, {"type": "Feature", "id": 52013372, "geometry": {"type": "Polygon", "coordinates": [[[2530973.219, 1176200.84], [2530979.309, 1176199.509], [2530980.049, 1176199.349], [2530982.269, 1176198.869], [2530991.769, 1176196.799], [2530992.389, 1176196.659], [2530994.009, 1176196.309], [2530994.649, 1176196.169], [2530996.209, 1176195.829], [2531008.729, 1176193.108], [2531013.269, 1176198.348], [2530999.719, 1176201.279], [2530998.17, 1176201.609], [2530997.49, 1176201.759], [2530995.89, 1176202.099], [2530995.26, 1176202.239], [2530985.8, 1176204.269], [2530983.56, 1176204.749], [2530982.82, 1176204.909], [2530975.22, 1176206.63], [2530973.219, 1176200.84]]]}, "properties": {"OBJECTID": 52013372, "EGRID": "CH484483458271", "NUMERO": "69", "NO_COM_FED": 5757, "GENRE_TXT": "parcelle priv\u00e9e", "SUPERFICIE_MO": 228, "SUPERFICIE_RF": 228}}, {"type": "Feature", "id": 52013430, "geometry": {"type": "Polygon", "coordinates": [[[2530856.209, 1174281.199], [2530855.496, 1174285.807], [2530854.287, 1174293.9], [2530853.047, 1174306.23], [2530824.949, 1174301.914], [2530828.777, 1174276.986], [2530829.286, 1174277.064], [2530856.209, 1174281.199]]]}, "properties": {"OBJECTID": 52013430, "EGRID": "CH138307454849", "NUMERO": "2807", "NO_COM_FED": 5757, "GENRE_TXT": "parcelle priv\u00e9e", "SUPERFICIE_MO": 704, "SUPERFICIE_RF": 704}}, {"type": "Feature", "id": 52013710, "geometry": {"type": "Polygon", "coordinates": [[[2530960.316, 1175894.027], [2530959.246, 1175890.177], [2530984.066, 1175883.286], [2530986.886, 1175882.446], [2530987.986, 1175886.316], [2530960.316, 1175894.027]]]}, "properties": {"OBJECTID": 52013710, "EGRID": "CH320203834540", "NUMERO": "2864", "NO_COM_FED": 5757, "GENRE_TXT": "parcelle priv\u00e9e", "SUPERFICIE_MO": 114, "SUPERFICIE_RF": 114}}, {"type": "Feature", "id": 52014189, "geometry": {"type": "Polygon", "coordinates": [[[2530690.745, 1175849.495], [2530692.641, 1175854.045], [2530686.283, 1175872.601], [2530664.628, 1175868.82], [2530664.946, 1175863.446], [2530665.975, 1175857.516], [2530667.325, 1175851.696], [2530669.175, 1175846.026], [2530670.465, 1175842.586], [2530690.745, 1175849.495]]]}, "properties": {"OBJECTID": 52014189, "EGRID": "CH944583965473", "NUMERO": "2795", "NO_COM_FED": 5757, "GENRE_TXT": "parcelle priv\u00e9e", "SUPERFICIE_MO": 597, "SUPERFICIE_RF": 597}}, {"type": "Feature", "id": 52014357, "geometry": {"type": "Polygon", "coordinates": [[[2530855.131, 1174329.502], [2530855.953, 1174350.45], [2530853.971, 1174362.03], [2530850.693, 1174361.312], [2530829.791, 1174356.776], [2530830.179, 1174352.277], [2530832.4390000002, 1174326.06], [2530855.131, 1174329.502]]]}, "properties": {"OBJECTID": 52014357, "EGRID": "CH969083456896", "NUMERO": "1168", "NO_COM_FED": 5757, "GENRE_TXT": "parcelle priv\u00e9e", "SUPERFICIE_MO": 775, "SUPERFICIE_RF": 775}}, {"type": "Feature", "id": 52014464, "geometry": {"type": "Polygon", "coordinates": [[[2530938.716, 1175824.4070000001], [2530927.895, 1175785.6469999999], [2530929.845, 1175785.137], [2530954.615, 1175778.6469999999], [2530965.516, 1175817.446], [2530940.646, 1175823.9070000001], [2530938.716, 1175824.4070000001]]]}, "properties": {"OBJECTID": 52014464, "EGRID": "CH698383194551", "NUMERO": "752", "NO_COM_FED": 5757, "GENRE_TXT": "parcelle priv\u00e9e", "SUPERFICIE_MO": 1114, "SUPERFICIE_RF": 1114}}, {"type": "Feature", "id": 52014606, "geometry": {"type": "Polygon", "coordinates": [[[2530234.663, 1175755.078], [2530211.873, 1175741.458], [2530182.423, 1175729.508], [2530181.603, 1175729.118], [2530168.723, 1175728.398], [2530159.673, 1175729.288], [2530147.293, 1175730.768], [2530135.803, 1175729.888], [2530134.193, 1175729.818], [2530123.293, 1175726.9780000001], [2530110.973, 1175723.938], [2530103.36, 1175721.926], [2530083.693, 1175716.7280000001], [2530078.553, 1175714.7179999999], [2530041.583, 1175700.9780000001], [2530031.863, 1175697.368], [2530031.373, 1175690.828], [2530039.843, 1175688.518], [2530045.323, 1175689.488], [2530059.893, 1175702.368], [2530082.023, 1175710.758], [2530085.293, 1175711.998], [2530112.833, 1175719.908], [2530134.833, 1175725.558], [2530147.593, 1175726.168], [2530168.603, 1175723.878], [2530181.013, 1175725.008], [2530187.791, 1175725.457], [2530199.248, 1175728.476], [2530210.325, 1175732.229], [2530228.279, 1175742.448], [2530246.711, 1175754.259], [2530252.61, 1175758.635], [2530287.931, 1175788.586], [2530289.501, 1175790.051], [2530295.267, 1175795.414], [2530305.2060000002, 1175804.185], [2530310.585, 1175808.625], [2530316.293, 1175812.866], [2530322.324, 1175815.92], [2530328.32, 1175816.3], [2530346.056, 1175819.114], [2530374.326, 1175821.553], [2530378.685, 1175822.041], [2530380.334, 1175822.535], [2530383.724, 1175823.885], [2530385.264, 1175824.435], [2530398.305, 1175829.554], [2530402.305, 1175832.554], [2530407.265, 1175837.204], [2530419.435, 1175852.694], [2530413.755, 1175852.614], [2530402.745, 1175852.305], [2530404.816, 1175850.112], [2530405.289, 1175847.02], [2530404.004, 1175844.308], [2530401.068, 1175841.038], [2530398.0439999998, 1175838.384], [2530394.188, 1175835.824], [2530390.117, 1175833.882], [2530379.609, 1175829.821], [2530369.214, 1175828.535], [2530345.134, 1175826.496], [2530343.364, 1175826.206], [2530340.384, 1175825.716], [2530317.754, 1175822.017], [2530314.434, 1175819.497], [2530296.344, 1175805.738], [2530285.774, 1175795.918], [2530270.744, 1175781.958], [2530263.804, 1175776.308], [2530262.384, 1175775.128], [2530245.843, 1175761.638], [2530238.403, 1175757.248], [2530234.663, 1175755.078]]]}, "properties": {"OBJECTID": 52014606, "EGRID": "CH998383734578", "NUMERO": "DP 10", "NO_COM_FED": 5757, "GENRE_TXT": "DP communal", "SUPERFICIE_MO": 2770, "SUPERFICIE_RF": null}}, {"type": "Feature", "id": 52014711, "geometry": {"type": "Polygon", "coordinates": [[[2530685.638, 1175186.446], [2530655.608, 1175187.667], [2530655.608, 1175185.227], [2530657.228, 1175185.207], [2530656.957, 1175176.807], [2530656.727, 1175175.467], [2530685.147, 1175174.996], [2530685.638, 1175186.446]]]}, "properties": {"OBJECTID": 52014711, "EGRID": "CH608245238332", "NUMERO": "435", "NO_COM_FED": 5757, "GENRE_TXT": "parcelle priv\u00e9e", "SUPERFICIE_MO": 338, "SUPERFICIE_RF": 338}}, {"type": "Feature", "id": 52014742, "geometry": {"type": "Polygon", "coordinates": [[[2530950.721, 1176354.512], [2530978.261, 1176348.381], [2530984.091, 1176375.871], [2530985.851, 1176390.021], [2530966.881, 1176394.832], [2530962.401, 1176380.752], [2530957.681, 1176368.892], [2530950.721, 1176354.512]]]}, "properties": {"OBJECTID": 52014742, "EGRID": "CH954483824570", "NUMERO": "137", "NO_COM_FED": 5757, "GENRE_TXT": "parcelle priv\u00e9e", "SUPERFICIE_MO": 1004, "SUPERFICIE_RF": 1004}}, {"type": "Feature", "id": 52014890, "geometry": {"type": "Polygon", "coordinates": [[[2530824.63, 1176288.354], [2530826.2, 1176286.084], [2530851.48, 1176281.684], [2530855.17, 1176303.424], [2530858.53, 1176323.124], [2530830.68, 1176327.985], [2530829.99, 1176323.675], [2530830.38, 1176323.095], [2530824.63, 1176288.354]]]}, "properties": {"OBJECTID": 52014890, "EGRID": "CH174583798327", "NUMERO": "2109", "NO_COM_FED": 5757, "GENRE_TXT": "parcelle priv\u00e9e", "SUPERFICIE_MO": 1164, "SUPERFICIE_RF": 1164}}, {"type": "Feature", "id": 52015241, "geometry": {"type": "Polygon", "coordinates": [[[2530291.043, 1176233.172], [2530268.089, 1176236.529], [2530269.019, 1176218.709], [2530288.511, 1176215.854], [2530291.043, 1176233.172]]]}, "properties": {"OBJECTID": 52015241, "EGRID": "CH828396834547", "NUMERO": "2562", "NO_COM_FED": 5757, "GENRE_TXT": "parcelle priv\u00e9e", "SUPERFICIE_MO": 375, "SUPERFICIE_RF": 375}}, {"type": "Feature", "id": 52015589, "geometry": {"type": "Polygon", "coordinates": [[[2531062.77, 1175333.364], [2531076.601, 1175363.233], [2531110.751, 1175347.5320000001], [2531126.511, 1175375.602], [2531135.951, 1175393.411], [2531122.301, 1175399.0320000001], [2530952.572, 1175468.4070000001], [2530951.542, 1175463.447], [2530949.511, 1175456.587], [2530947.0609999998, 1175449.887], [2530937.0609999998, 1175427.508], [2530951.321, 1175420.977], [2530965.901, 1175414.207], [2530991.941, 1175402.226], [2531008.391, 1175394.545], [2531032.891, 1175383.125], [2531029.8310000002, 1175376.465], [2531018.76, 1175352.385], [2531018.64, 1175352.125], [2531062.77, 1175333.364]]]}, "properties": {"OBJECTID": 52015589, "EGRID": "CH998383714584", "NUMERO": "712", "NO_COM_FED": 5757, "GENRE_TXT": "parcelle priv\u00e9e", "SUPERFICIE_MO": 10919, "SUPERFICIE_RF": 10919}}, {"type": "Feature", "id": 52015805, "geometry": {"type": "Polygon", "coordinates": [[[2530533.678, 1174441.481], [2530539.617, 1174416.341], [2530584.351, 1174426.581], [2530579.649, 1174447.124], [2530568.073, 1174445.703], [2530533.678, 1174441.481]]]}, "properties": {"OBJECTID": 52015805, "EGRID": "CH638390455595", "NUMERO": "1479", "NO_COM_FED": 5757, "GENRE_TXT": "parcelle priv\u00e9e", "SUPERFICIE_MO": 1078, "SUPERFICIE_RF": 1078}}, {"type": "Feature", "id": 52015835, "geometry": {"type": "Polygon", "coordinates": [[[2530990.454, 1175662.526], [2530986.424, 1175665.956], [2530984.304, 1175667.686], [2530962.684, 1175660.516], [2530960.654, 1175641.207], [2530968.904, 1175639.386], [2530972.954, 1175638.496], [2530982.114, 1175634.486], [2530982.2939999998, 1175634.896], [2530989.764, 1175652.486], [2530991.234, 1175656.286], [2530991.524, 1175658.966], [2530991.164, 1175661.286], [2530990.454, 1175662.526]]]}, "properties": {"OBJECTID": 52015835, "EGRID": "CH698383044596", "NUMERO": "1443", "NO_COM_FED": 5757, "GENRE_TXT": "parcelle priv\u00e9e", "SUPERFICIE_MO": 702, "SUPERFICIE_RF": 702}}, {"type": "Feature", "id": 52015839, "geometry": {"type": "Polygon", "coordinates": [[[2531222.045, 1174771.275], [2531224.885, 1174770.865], [2531250.485, 1174766.174], [2531254.255, 1174780.274], [2531254.625, 1174781.694], [2531254.986, 1174782.964], [2531226.965, 1174789.774], [2531223.885, 1174790.504], [2531222.895, 1174780.614], [2531222.045, 1174771.275]]]}, "properties": {"OBJECTID": 52015839, "EGRID": "CH144583822924", "NUMERO": "263", "NO_COM_FED": 5757, "GENRE_TXT": "parcelle priv\u00e9e", "SUPERFICIE_MO": 555, "SUPERFICIE_RF": 558}}, {"type": "Feature", "id": 52016232, "geometry": {"type": "Polygon", "coordinates": [[[2530327.529, 1176290.498], [2530343.359, 1176288.178], [2530347.7, 1176317.858], [2530331.87, 1176320.178], [2530327.529, 1176290.498]]]}, "properties": {"OBJECTID": 52016232, "EGRID": "CH344583824141", "NUMERO": "2561", "NO_COM_FED": 5757, "GENRE_TXT": "parcelle priv\u00e9e", "SUPERFICIE_MO": 480, "SUPERFICIE_RF": 480}}, {"type": "Feature", "id": 52016322, "geometry": {"type": "Polygon", "coordinates": [[[2530671.856, 1175070.496], [2530669.666, 1175062.507], [2530674.056, 1175061.046], [2530676.166, 1175068.616], [2530671.856, 1175070.496]]]}, "properties": {"OBJECTID": 52016322, "EGRID": "CH468283452936", "NUMERO": "487", "NO_COM_FED": 5757, "GENRE_TXT": "parcelle priv\u00e9e", "SUPERFICIE_MO": 37, "SUPERFICIE_RF": 37}}, {"type": "Feature", "id": 52016768, "geometry": {"type": "Polygon", "coordinates": [[[2530224.712, 1174721.073], [2530219.083, 1174724.179], [2530188.536, 1174722.269], [2530186.243, 1174710.915], [2530196.816, 1174706.472], [2530216.725, 1174691.79], [2530226.971, 1174690.737], [2530224.781, 1174720.075], [2530224.712, 1174721.073]]]}, "properties": {"OBJECTID": 52016768, "EGRID": "CH644583080701", "NUMERO": "2812", "NO_COM_FED": 5757, "GENRE_TXT": "parcelle priv\u00e9e", "SUPERFICIE_MO": 903, "SUPERFICIE_RF": 903}}, {"type": "Feature", "id": 52016964, "geometry": {"type": "Polygon", "coordinates": [[[2530723.646, 1175006.145], [2530720.106, 1175008.535], [2530713.536, 1175012.575], [2530710.666, 1175007.895], [2530720.796, 1175002.025], [2530723.646, 1175006.145]]]}, "properties": {"OBJECTID": 52016964, "EGRID": "CH408345748317", "NUMERO": "505", "NO_COM_FED": 5757, "GENRE_TXT": "parcelle priv\u00e9e", "SUPERFICIE_MO": 63, "SUPERFICIE_RF": 63}}, {"type": "Feature", "id": 52017097, "geometry": {"type": "Polygon", "coordinates": [[[2531181.64, 1175275.89], [2531165.52, 1175287.62], [2531106.9390000002, 1175211.792], [2531094.099, 1175195.563], [2531087.509, 1175187.233], [2531093.099, 1175182.883], [2531131.568, 1175152.972], [2531158.238, 1175132.231], [2531162.448, 1175133.861], [2531161.698, 1175134.781], [2531261.139, 1175218.717], [2531181.64, 1175275.89]]]}, "properties": {"OBJECTID": 52017097, "EGRID": "CH138383450389", "NUMERO": "702", "NO_COM_FED": 5757, "GENRE_TXT": "parcelle priv\u00e9e", "SUPERFICIE_MO": 13374, "SUPERFICIE_RF": 13374}}, {"type": "Feature", "id": 52017415, "geometry": {"type": "Polygon", "coordinates": [[[2530120.724, 1175774.109], [2530122.863, 1175767.828], [2530123.413, 1175767.868], [2530135.803, 1175729.888], [2530147.293, 1175730.768], [2530159.673, 1175729.288], [2530149.143, 1175759.928], [2530145.773, 1175770.588], [2530142.5439999998, 1175780.529], [2530126.374, 1175775.829], [2530120.724, 1175774.109]]]}, "properties": {"OBJECTID": 52017415, "EGRID": "CH128225834578", "NUMERO": "835", "NO_COM_FED": 5757, "GENRE_TXT": "parcelle priv\u00e9e", "SUPERFICIE_MO": 1106, "SUPERFICIE_RF": 1106}}, {"type": "Feature", "id": 52018106, "geometry": {"type": "Polygon", "coordinates": [[[2530804.459, 1175269.852], [2530795.099, 1175247.802], [2530791.348, 1175233.502], [2530791.338, 1175231.012], [2530791.838, 1175230.132], [2530793.058, 1175230.802], [2530794.318, 1175232.122], [2530795.958, 1175234.392], [2530797.628, 1175236.682], [2530799.739, 1175238.592], [2530803.039, 1175240.652], [2530808.4189999998, 1175243.502], [2530811.889, 1175247.052], [2530815.229, 1175252.892], [2530811.259, 1175254.352], [2530811.6890000002, 1175255.672], [2530815.129, 1175266.142], [2530804.459, 1175269.852]]]}, "properties": {"OBJECTID": 52018106, "EGRID": "CH128220834526", "NUMERO": "1492", "NO_COM_FED": 5757, "GENRE_TXT": "parcelle priv\u00e9e", "SUPERFICIE_MO": 442, "SUPERFICIE_RF": 442}}, {"type": "Feature", "id": 52018229, "geometry": {"type": "Polygon", "coordinates": [[[2530878.08, 1176301.403], [2530879, 1176304.943], [2530873.22, 1176306.453], [2530872.29, 1176302.903], [2530878.08, 1176301.403]]]}, "properties": {"OBJECTID": 52018229, "EGRID": "CH198383044572", "NUMERO": "2144", "NO_COM_FED": 5757, "GENRE_TXT": "parcelle priv\u00e9e", "SUPERFICIE_MO": 22, "SUPERFICIE_RF": 22}}, {"type": "Feature", "id": 52018482, "geometry": {"type": "Polygon", "coordinates": [[[2530981.701, 1176308.08], [2530968.3, 1176291.991], [2530946.42, 1176310.291], [2530949.641, 1176314.881], [2530955.721, 1176322.221], [2530939.541, 1176335.752], [2530910.07, 1176288.932], [2530902.62, 1176274.802], [2530959.78, 1176248.57], [2530957.56, 1176260.111], [2530965.63, 1176269.78], [2530970.16, 1176271.47], [2530982.92, 1176286.75], [2530996.49, 1176289.39], [2531000.05, 1176292.76], [2530981.701, 1176308.08]]]}, "properties": {"OBJECTID": 52018482, "EGRID": "CH708345108310", "NUMERO": "128", "NO_COM_FED": 5757, "GENRE_TXT": "parcelle priv\u00e9e", "SUPERFICIE_MO": 3542, "SUPERFICIE_RF": 3542}}, {"type": "Feature", "id": 52018504, "geometry": {"type": "Polygon", "coordinates": [[[2530639.597, 1175120.3969999999], [2530639.327, 1175113.317], [2530641.457, 1175113.297], [2530640.977, 1175105.757], [2530640.637, 1175099.777], [2530640.122, 1175093.402], [2530639.826, 1175089.727], [2530639.6859999998, 1175086.528], [2530639.466, 1175083.358], [2530639.416, 1175080.748], [2530639.416, 1175077.388], [2530639.876, 1175068.918], [2530638.216, 1175068.538], [2530638.966, 1175062.508], [2530639.856, 1175055.828], [2530646.396, 1175042.477], [2530647.516, 1175043.107], [2530648.746, 1175051.167], [2530646.976, 1175057.867], [2530646.886, 1175065.277], [2530646.876, 1175074.177], [2530647.576, 1175082.237], [2530648.396, 1175088.427], [2530649.046, 1175093.807], [2530648.537, 1175097.967], [2530648.117, 1175114.6570000001], [2530648.117, 1175114.797], [2530648.667, 1175121.187], [2530649.057, 1175125.687], [2530649.527, 1175130.287], [2530651.117, 1175140.3969999999], [2530651.867, 1175145.187], [2530652.987, 1175152.057], [2530654.757, 1175161.127], [2530655.337, 1175165.6570000001], [2530642.497, 1175162.837], [2530642.727, 1175158.807], [2530644.517, 1175158.627], [2530644.417, 1175157.587], [2530647.717, 1175157.257], [2530644.737, 1175127.087], [2530639.827, 1175127.567], [2530639.807, 1175127.337], [2530639.507, 1175127.367], [2530639.507, 1175127.1469999999], [2530639.597, 1175120.3969999999]]]}, "properties": {"OBJECTID": 52018504, "EGRID": "CH857283834524", "NUMERO": "DP 111", "NO_COM_FED": 5757, "GENRE_TXT": "DP communal", "SUPERFICIE_MO": 882, "SUPERFICIE_RF": null}}, {"type": "Feature", "id": 52018756, "geometry": {"type": "Polygon", "coordinates": [[[2530190.112, 1175613.967], [2530191.892, 1175614.347], [2530198.672, 1175612.277], [2530216.572, 1175613.367], [2530227.102, 1175614.617], [2530246.952, 1175615.697], [2530258.802, 1175616.997], [2530269.752, 1175618.057], [2530282.712, 1175621.6469999999], [2530296.162, 1175625.527], [2530309.922, 1175632.507], [2530317.062, 1175639.367], [2530328.582, 1175650.3969999999], [2530335.392, 1175656.127], [2530339.752, 1175659.506], [2530348.502, 1175667.136], [2530358.643, 1175675.486], [2530368.063, 1175683.896], [2530378.063, 1175694.395], [2530386.563, 1175701.845], [2530387.163, 1175702.435], [2530397.333, 1175712.445], [2530406.343, 1175719.584], [2530411.833, 1175725.174], [2530418.293, 1175729.724], [2530419.933, 1175727.474], [2530426.203, 1175731.844], [2530426.953, 1175733.414], [2530426.963, 1175734.054], [2530426.673, 1175734.964], [2530423.974, 1175743.334], [2530420.522, 1175754.063], [2530402.478, 1175734.254], [2530393.555, 1175729.973], [2530383.625, 1175725.203], [2530372.194, 1175719.713], [2530360.935, 1175714.304], [2530349.675, 1175708.894], [2530338.406, 1175703.484], [2530327.134, 1175698.075], [2530315.865, 1175692.665], [2530304.595, 1175687.245], [2530285.77, 1175678.21], [2530267.224, 1175715.11], [2530269.1689999998, 1175716.088], [2530271.528, 1175721.004], [2530266.153, 1175731.698], [2530261.113, 1175733.368], [2530257.913, 1175739.738], [2530274.103, 1175747.878], [2530285.273, 1175753.498], [2530296.443, 1175759.118], [2530307.604, 1175764.727], [2530318.774, 1175770.347], [2530329.934, 1175775.957], [2530341.094, 1175781.566], [2530348.224, 1175785.156], [2530354.928, 1175787.556], [2530362.252, 1175790.186], [2530362.687, 1175787.759], [2530370.451, 1175789.144], [2530369.214, 1175796.045], [2530364.014, 1175795.035], [2530346.424, 1175788.726], [2530306.904, 1175768.847], [2530299.964, 1175769.748], [2530289.501, 1175790.051], [2530287.931, 1175788.586], [2530252.61, 1175758.635], [2530246.711, 1175754.259], [2530228.279, 1175742.448], [2530210.325, 1175732.229], [2530199.248, 1175728.476], [2530187.791, 1175725.457], [2530181.013, 1175725.008], [2530182.383, 1175715.628], [2530182.755, 1175713.085], [2530187.932, 1175714.882], [2530190.365, 1175707.871], [2530192.356, 1175708.562], [2530198.437, 1175710.68], [2530197.716, 1175712.837], [2530202.437, 1175714.481], [2530213.423, 1175718.191], [2530218.384, 1175719.87], [2530224.378, 1175722.883], [2530235.023, 1175728.2280000001], [2530251.213, 1175736.368], [2530254.413, 1175729.998], [2530252.753, 1175724.9679999999], [2530258.131, 1175714.267], [2530263.493, 1175713.232], [2530265.437, 1175714.211], [2530283.969, 1175677.337], [2530264.752, 1175669.084], [2530250.79, 1175663.111], [2530236.835, 1175657.136], [2530224.575, 1175651.891], [2530212.43, 1175646.684], [2530187.022, 1175635.805], [2530188.072, 1175628.377], [2530189.872, 1175615.667], [2530190.112, 1175613.967]]]}, "properties": {"OBJECTID": 52018756, "EGRID": "CH968383450755", "NUMERO": "777", "NO_COM_FED": 5757, "GENRE_TXT": "parcelle priv\u00e9e", "SUPERFICIE_MO": 12552, "SUPERFICIE_RF": 12552}}, {"type": "Feature", "id": 52018794, "geometry": {"type": "Polygon", "coordinates": [[[2530742.405, 1174961.944], [2530747.765, 1174967.464], [2530748.525, 1174972.634], [2530746.405, 1174977.874], [2530736.975, 1174965.965], [2530742.405, 1174961.944]]]}, "properties": {"OBJECTID": 52018794, "EGRID": "CH438383457413", "NUMERO": "515", "NO_COM_FED": 5757, "GENRE_TXT": "parcelle priv\u00e9e", "SUPERFICIE_MO": 90, "SUPERFICIE_RF": 90}}, {"type": "Feature", "id": 52019080, "geometry": {"type": "Polygon", "coordinates": [[[2530751.8140000002, 1175718.783], [2530734.344, 1175710.904], [2530732.284, 1175700.944], [2530730.964, 1175695.914], [2530734.444, 1175694.264], [2530742.924, 1175690.113], [2530760.964, 1175681.503], [2530755.684, 1175672.613], [2530768.963, 1175666.513], [2530775.163, 1175664.042], [2530785.804, 1175676.642], [2530793.5640000002, 1175695.942], [2530784.004, 1175709.222], [2530773.184, 1175720.912], [2530762.894, 1175723.823], [2530751.8140000002, 1175718.783]]]}, "properties": {"OBJECTID": 52019080, "EGRID": "CH189483458383", "NUMERO": "771", "NO_COM_FED": 5757, "GENRE_TXT": "parcelle priv\u00e9e", "SUPERFICIE_MO": 2183, "SUPERFICIE_RF": 2183}}, {"type": "Feature", "id": 52019749, "geometry": {"type": "Polygon", "coordinates": [[[2530368.29, 1176339.622], [2530364.826, 1176316.346], [2530363.945, 1176316.495], [2530360.244, 1176290.627], [2530445.87, 1176285.905], [2530449.722, 1176356.584], [2530384.652, 1176353.346], [2530382.215845159, 1176353.211410294], [2530379.827377748, 1176352.7132253642], [2530377.540552485, 1176351.8626990495], [2530375.4070280227, 1176350.679044468], [2530373.475, 1176349.189], [2530371.5802683695, 1176347.1673499115], [2530370.056955555, 1176344.852917994], [2530368.9494435727, 1176342.3131356724], [2530368.29, 1176339.622]]]}, "properties": {"OBJECTID": 52019749, "EGRID": "CH700845468384", "NUMERO": "2804", "NO_COM_FED": 5757, "GENRE_TXT": "DDP superficie", "SUPERFICIE_MO": 5443, "SUPERFICIE_RF": 5443}}, {"type": "Feature", "id": 52020150, "geometry": {"type": "Polygon", "coordinates": [[[2530674.523, 1174775.027], [2530668.683, 1174782.847], [2530652.033, 1174785.417], [2530630.073, 1174796.608], [2530621.973, 1174799.088], [2530606.013, 1174818.879], [2530600.093, 1174815.989], [2530600.614843596, 1174814.443387148], [2530601.313, 1174812.969], [2530603.923, 1174809.509], [2530626.773, 1174786.518], [2530632.503, 1174781.068], [2530634.709699221, 1174779.300218506], [2530637.073, 1174777.748], [2530639.6289796163, 1174776.3970095487], [2530642.303, 1174775.298], [2530647.983, 1174773.688], [2530650.9833319625, 1174773.1509520486], [2530654.013, 1174772.817], [2530655.9579999996, 1174772.7249999999], [2530657.903, 1174772.817], [2530659.88635811, 1174773.1020692494], [2530661.833, 1174773.577], [2530664.7404408637, 1174774.2830895297], [2530667.693, 1174774.767], [2530671.1023655026, 1174775.0450139155], [2530674.523, 1174775.027]]]}, "properties": {"OBJECTID": 52020150, "EGRID": "CH168283452149", "NUMERO": "559", "NO_COM_FED": 5757, "GENRE_TXT": "parcelle priv\u00e9e", "SUPERFICIE_MO": 794, "SUPERFICIE_RF": 794}}, {"type": "Feature", "id": 52020222, "geometry": {"type": "Polygon", "coordinates": [[[2530680.774, 1174920.076], [2530679.784, 1174912.476], [2530682.834, 1174911.996], [2530682.944, 1174912.416], [2530690.004, 1174910.646], [2530692.004, 1174916.656], [2530680.774, 1174920.076]]]}, "properties": {"OBJECTID": 52020222, "EGRID": "CH568383457328", "NUMERO": "535", "NO_COM_FED": 5757, "GENRE_TXT": "parcelle priv\u00e9e", "SUPERFICIE_MO": 75, "SUPERFICIE_RF": 75}}, {"type": "Feature", "id": 52020240, "geometry": {"type": "Polygon", "coordinates": [[[2530850.119, 1176123.402], [2530852.009, 1176130.952], [2530853.199, 1176135.712], [2530854.869, 1176142.402], [2530805.509, 1176157.274], [2530797.209, 1176159.774], [2530796.239, 1176152.894], [2530804.379, 1176151.234], [2530802.079, 1176138.544], [2530804.559, 1176137.824], [2530850.119, 1176123.402]]]}, "properties": {"OBJECTID": 52020240, "EGRID": "CH198383904508", "NUMERO": "932", "NO_COM_FED": 5757, "GENRE_TXT": "parcelle priv\u00e9e", "SUPERFICIE_MO": 1034, "SUPERFICIE_RF": 1034}}, {"type": "Feature", "id": 52020562, "geometry": {"type": "Polygon", "coordinates": [[[2530630.557, 1175105.868], [2530630.837, 1175113.158], [2530630.847, 1175113.4780000001], [2530629.027, 1175113.588], [2530626.547, 1175113.7280000001], [2530613.307, 1175114.518], [2530613.177, 1175106.488], [2530629.057, 1175106.118], [2530630.557, 1175105.868]]]}, "properties": {"OBJECTID": 52020562, "EGRID": "CH174583738345", "NUMERO": "406", "NO_COM_FED": 5757, "GENRE_TXT": "parcelle priv\u00e9e", "SUPERFICIE_MO": 135, "SUPERFICIE_RF": 135}}, {"type": "Feature", "id": 52020702, "geometry": {"type": "Polygon", "coordinates": [[[2530879, 1176304.943], [2530879.93, 1176308.513], [2530874.15, 1176310.023], [2530873.22, 1176306.453], [2530879, 1176304.943]]]}, "properties": {"OBJECTID": 52020702, "EGRID": "CH414524838258", "NUMERO": "2145", "NO_COM_FED": 5757, "GENRE_TXT": "parcelle priv\u00e9e", "SUPERFICIE_MO": 22, "SUPERFICIE_RF": 22}}, {"type": "Feature", "id": 52020777, "geometry": {"type": "Polygon", "coordinates": [[[2530372.194, 1175719.713], [2530383.625, 1175725.203], [2530360.96, 1175770.278], [2530354.928, 1175787.556], [2530348.224, 1175785.156], [2530341.094, 1175781.566], [2530344.045, 1175775.698], [2530348.989, 1175765.865], [2530372.194, 1175719.713]]]}, "properties": {"OBJECTID": 52020777, "EGRID": "CH382983459908", "NUMERO": "2672", "NO_COM_FED": 5757, "GENRE_TXT": "parcelle priv\u00e9e", "SUPERFICIE_MO": 900, "SUPERFICIE_RF": 900}}, {"type": "Feature", "id": 52020930, "geometry": {"type": "Polygon", "coordinates": [[[2531007.687, 1173911.169], [2531004.466, 1173971.692], [2531002.621, 1174004.849], [2531001.05, 1174031.378], [2530997.317, 1174096.972], [2530986.731, 1174286.053], [2530990.962, 1174291.108], [2531083.105, 1174289.945], [2531089.338, 1174284.699], [2531086.114, 1174297.673], [2531083.11, 1174293.942], [2530990.925, 1174295.115], [2530985.64, 1174299.955], [2530978.304, 1174336.844], [2530974.356, 1174336.302], [2530977.778, 1174317.327], [2530982.218, 1174292.886], [2530983.997, 1174262.457], [2530986.518, 1174218.075], [2530990.079, 1174155.373], [2531001.208, 1173959.745], [2531003.754, 1173911.34], [2530996.393, 1173823.597], [2530992.848, 1173819.422], [2530903.807, 1173826.227], [2530899.685, 1173828.319], [2530897.869, 1173832.64], [2530896.596, 1173816.83], [2530898.992, 1173820.876], [2530903.543, 1173822.169], [2531099.202, 1173807.334], [2531104.685, 1173802.467], [2531104.767, 1173816.1], [2531099.49, 1173811.443], [2531002.887, 1173818.655], [2531000.322, 1173823.344], [2531005.552, 1173886.016], [2531007.687, 1173911.169]]]}, "properties": {"OBJECTID": 52020930, "EGRID": "CH674590568357", "NUMERO": "DP 208", "NO_COM_FED": 5757, "GENRE_TXT": "DP communal", "SUPERFICIE_MO": 3423, "SUPERFICIE_RF": null}}, {"type": "Feature", "id": 52021110, "geometry": {"type": "Polygon", "coordinates": [[[2530671.015, 1175816.306], [2530658.265, 1175788.246], [2530670.244, 1175769.056], [2530695.935, 1175791.005], [2530695.135, 1175792.045], [2530694.725, 1175792.455], [2530680.105, 1175806.845], [2530675.205, 1175811.745], [2530671.015, 1175816.306]]]}, "properties": {"OBJECTID": 52021110, "EGRID": "CH628382834547", "NUMERO": "800", "NO_COM_FED": 5757, "GENRE_TXT": "parcelle priv\u00e9e", "SUPERFICIE_MO": 887, "SUPERFICIE_RF": 887}}, {"type": "Feature", "id": 52021155, "geometry": {"type": "Polygon", "coordinates": [[[2531150.985, 1176398.96], [2531148.712, 1176399.277], [2531143.541, 1176327.746], [2531133.93, 1176192.125], [2531324.019, 1176108.339], [2531342.328, 1176321.7], [2531341.562, 1176346.254], [2531339.576, 1176346.246], [2531337.345, 1176357.467], [2531332.029, 1176365.971], [2531325.342, 1176371.206], [2531297.254, 1176378.609], [2531150.985, 1176398.96]]]}, "properties": {"OBJECTID": 52021155, "EGRID": "CH274583778396", "NUMERO": "162", "NO_COM_FED": 5757, "GENRE_TXT": "parcelle priv\u00e9e", "SUPERFICIE_MO": 46305, "SUPERFICIE_RF": 46304}}, {"type": "Feature", "id": 52021209, "geometry": {"type": "Polygon", "coordinates": [[[2530280.028, 1176112.768], [2530282.558, 1176130.088], [2530254.858, 1176134.139], [2530256.278, 1176116.249], [2530280.028, 1176112.768]]]}, "properties": {"OBJECTID": 52021209, "EGRID": "CH338382454189", "NUMERO": "2559", "NO_COM_FED": 5757, "GENRE_TXT": "parcelle priv\u00e9e", "SUPERFICIE_MO": 455, "SUPERFICIE_RF": 455}}, {"type": "Feature", "id": 52021294, "geometry": {"type": "Polygon", "coordinates": [[[2530938.9, 1175356.548], [2530947.54, 1175377.177], [2530925.271, 1175386.628], [2530921.091, 1175386.378], [2530917.731, 1175383.988], [2530909.95, 1175368.788], [2530929.083, 1175360.699], [2530938.9, 1175356.548]]]}, "properties": {"OBJECTID": 52021294, "EGRID": "CH968383451250", "NUMERO": "690", "NO_COM_FED": 5757, "GENRE_TXT": "parcelle priv\u00e9e", "SUPERFICIE_MO": 674, "SUPERFICIE_RF": 674}}, {"type": "Feature", "id": 52021806, "geometry": {"type": "Polygon", "coordinates": [[[2530383.625, 1175725.203], [2530393.555, 1175729.973], [2530374.134, 1175768.595], [2530372.798, 1175776.05], [2530370.856, 1175786.886], [2530370.451, 1175789.144], [2530362.687, 1175787.759], [2530362.252, 1175790.186], [2530354.928, 1175787.556], [2530360.96, 1175770.278], [2530383.625, 1175725.203]]]}, "properties": {"OBJECTID": 52021806, "EGRID": "CH398399294576", "NUMERO": "2671", "NO_COM_FED": 5757, "GENRE_TXT": "parcelle priv\u00e9e", "SUPERFICIE_MO": 792, "SUPERFICIE_RF": 792}}, {"type": "Feature", "id": 52021950, "geometry": {"type": "Polygon", "coordinates": [[[2530786.586, 1175846.332], [2530786.396, 1175871.2719999999], [2530759.7060000002, 1175871.333], [2530765.066, 1175859.773], [2530757.916, 1175857.223], [2530759.846, 1175853.033], [2530762.016, 1175848.293], [2530759.056, 1175846.913], [2530758.616, 1175846.703], [2530759.156, 1175845.583], [2530759.746, 1175845.403], [2530768.046, 1175843.242], [2530786.586, 1175846.332]]]}, "properties": {"OBJECTID": 52021950, "EGRID": "CH174583768336", "NUMERO": "737", "NO_COM_FED": 5757, "GENRE_TXT": "parcelle priv\u00e9e", "SUPERFICIE_MO": 676, "SUPERFICIE_RF": 676}}, {"type": "Feature", "id": 52022010, "geometry": {"type": "Polygon", "coordinates": [[[2531080.38, 1174841.8429999999], [2531092.428, 1174798.486], [2531182.306, 1174823.455], [2531184.617, 1174850.308], [2531172.144, 1174851.337], [2531168.019, 1174866.191], [2531080.38, 1174841.8429999999]]]}, "properties": {"OBJECTID": 52022010, "EGRID": "CH750483084582", "NUMERO": "2815", "NO_COM_FED": 5757, "GENRE_TXT": "parcelle priv\u00e9e", "SUPERFICIE_MO": 4296, "SUPERFICIE_RF": 4296}}, {"type": "Feature", "id": 52022060, "geometry": {"type": "Polygon", "coordinates": [[[2530643.765, 1174953.318], [2530640.815, 1174956.338], [2530639.675, 1174972.448], [2530627.045, 1174980.608], [2530617.785, 1174987.808], [2530614.635, 1174990.878], [2530607.605, 1174997.739], [2530594.775, 1175015.739], [2530591.585, 1175013.809], [2530587.985, 1175012.009], [2530602.875, 1174993.179], [2530607.775, 1174974.859], [2530616.085, 1174957.138], [2530624.005, 1174934.168], [2530632.305, 1174941.878], [2530632.665, 1174942.238], [2530643.765, 1174953.318]]]}, "properties": {"OBJECTID": 52022060, "EGRID": "CH274583728314", "NUMERO": "402", "NO_COM_FED": 5757, "GENRE_TXT": "parcelle priv\u00e9e", "SUPERFICIE_MO": 1358, "SUPERFICIE_RF": 1358}}, {"type": "Feature", "id": 52022385, "geometry": {"type": "Polygon", "coordinates": [[[2530668.39, 1176293.329], [2530667.31, 1176328.079], [2530631.78, 1176321.88], [2530636.89, 1176310.33], [2530645.2, 1176291.479], [2530668.39, 1176293.329]]]}, "properties": {"OBJECTID": 52022385, "EGRID": "CH744583823805", "NUMERO": "913", "NO_COM_FED": 5757, "GENRE_TXT": "parcelle priv\u00e9e", "SUPERFICIE_MO": 985, "SUPERFICIE_RF": 985}}, {"type": "Feature", "id": 52022455, "geometry": {"type": "Polygon", "coordinates": [[[2530702.638, 1175225.125], [2530702.448, 1175212.235], [2530718.248, 1175213.005], [2530718.208, 1175213.745], [2530723.168, 1175214.315], [2530722.898, 1175219.065], [2530722.828, 1175219.715], [2530723.738, 1175219.775], [2530723.618, 1175220.875], [2530724.158, 1175220.975], [2530723.238, 1175227.595], [2530702.638, 1175225.125]]]}, "properties": {"OBJECTID": 52022455, "EGRID": "CH408345988342", "NUMERO": "469", "NO_COM_FED": 5757, "GENRE_TXT": "parcelle priv\u00e9e", "SUPERFICIE_MO": 279, "SUPERFICIE_RF": 279}}, {"type": "Feature", "id": 52022480, "geometry": {"type": "Polygon", "coordinates": [[[2530697.59, 1175395.675], [2530697.73, 1175409.855], [2530697.766, 1175411.5320000001], [2530695.8412940633, 1175411.3140385472], [2530693.904337109, 1175411.3281060192], [2530691.983, 1175411.574], [2530687.6245132955, 1175411.7065663962], [2530683.2893041414, 1175411.2375868715], [2530679.06, 1175410.176], [2530673.57, 1175408.416], [2530667.97, 1175405.176], [2530664.41, 1175401.436], [2530678.91, 1175397.226], [2530678.9, 1175396.546], [2530679.61, 1175396.516], [2530697.59, 1175395.675]]]}, "properties": {"OBJECTID": 52022480, "EGRID": "CH774583738335", "NUMERO": "632", "NO_COM_FED": 5757, "GENRE_TXT": "parcelle priv\u00e9e", "SUPERFICIE_MO": 395, "SUPERFICIE_RF": 395}}, {"type": "Feature", "id": 52022566, "geometry": {"type": "Polygon", "coordinates": [[[2530288.034, 1174740.512], [2530292.862, 1174717.97], [2530321.633, 1174724.06], [2530317.083, 1174744.72], [2530316.325, 1174748.248], [2530288.034, 1174740.512]]]}, "properties": {"OBJECTID": 52022566, "EGRID": "CH129069834548", "NUMERO": "2702", "NO_COM_FED": 5757, "GENRE_TXT": "parcelle priv\u00e9e", "SUPERFICIE_MO": 701, "SUPERFICIE_RF": 701}}, {"type": "Feature", "id": 52023169, "geometry": {"type": "Polygon", "coordinates": [[[2530784.471, 1174427.204], [2530790.471, 1174398.87], [2530823.234, 1174404.345], [2530814.679, 1174439.196], [2530807.798, 1174436.4780000001], [2530784.471, 1174427.204]]]}, "properties": {"OBJECTID": 52023169, "EGRID": "CH998390684530", "NUMERO": "1164", "NO_COM_FED": 5757, "GENRE_TXT": "parcelle priv\u00e9e", "SUPERFICIE_MO": 1058, "SUPERFICIE_RF": 1058}}, {"type": "Feature", "id": 52023490, "geometry": {"type": "Polygon", "coordinates": [[[2530826.2, 1176286.084], [2530822.2, 1176261.744], [2530851.96, 1176256.483], [2530883.74, 1176250.982], [2530887.87, 1176261.752], [2530894.12, 1176274.172], [2530872.75, 1176277.943], [2530851.48, 1176281.684], [2530826.2, 1176286.084]], [[2530878.71, 1176270.743], [2530877.23, 1176262.293], [2530876.54, 1176258.333], [2530872.83, 1176258.983], [2530864.13, 1176260.503], [2530865.1, 1176266.063], [2530866.3, 1176272.913], [2530878.71, 1176270.743]], [[2530842.68, 1176277.044], [2530840.51, 1176264.634], [2530828.1, 1176266.804], [2530828.46, 1176268.874], [2530830.27, 1176279.214], [2530838.13, 1176277.844], [2530840.11, 1176277.494], [2530842.68, 1176277.044]], [[2530849.05, 1176275.934], [2530859.42, 1176274.113], [2530860.7, 1176273.893], [2530858.53, 1176261.483], [2530846.11, 1176263.654], [2530848.29, 1176276.064], [2530849.05, 1176275.934]]]}, "properties": {"OBJECTID": 52023490, "EGRID": "CH628370834558", "NUMERO": "2112", "NO_COM_FED": 5757, "GENRE_TXT": "parcelle priv\u00e9e", "SUPERFICIE_MO": 1139, "SUPERFICIE_RF": 1139}}, {"type": "Feature", "id": 52023971, "geometry": {"type": "Polygon", "coordinates": [[[2530790.003, 1175619.572], [2530787.303, 1175615.712], [2530785.703, 1175614.492], [2530783.983, 1175612.0320000001], [2530777.873, 1175596.052], [2530777.253, 1175588.182], [2530775.812, 1175574.863], [2530775.412, 1175571.433], [2530775.352, 1175571.213], [2530788.592, 1175568.462], [2530790.412, 1175568.462], [2530792.252, 1175568.7719999999], [2530800.682, 1175571.912], [2530810.583, 1175577.501], [2530813.793, 1175579.841], [2530818.843, 1175584.561], [2530825.533, 1175591.901], [2530829.203, 1175595.891], [2530832.923, 1175601.231], [2530837.073, 1175607.151], [2530843.473, 1175616.95], [2530847.123, 1175622.78], [2530854.703, 1175636.3], [2530838.523, 1175642.75], [2530835.363, 1175643.421], [2530826.453, 1175645.911], [2530808.183, 1175651.011], [2530808.013, 1175650.611], [2530805.323, 1175644.112], [2530798.403, 1175632.802], [2530790.003, 1175619.572]]]}, "properties": {"OBJECTID": 52023971, "EGRID": "CH974583158344", "NUMERO": "716", "NO_COM_FED": 5757, "GENRE_TXT": "DDP superficie", "SUPERFICIE_MO": 3645, "SUPERFICIE_RF": 3645}}, {"type": "Feature", "id": 52023990, "geometry": {"type": "Polygon", "coordinates": [[[2530247.306, 1176022.459], [2530244.766, 1176005.139], [2530263.866, 1176002.348], [2530266.406, 1176019.668], [2530247.306, 1176022.459]]]}, "properties": {"OBJECTID": 52023990, "EGRID": "CH698399824509", "NUMERO": "2688", "NO_COM_FED": 5757, "GENRE_TXT": "parcelle priv\u00e9e", "SUPERFICIE_MO": 338, "SUPERFICIE_RF": 338}}, {"type": "Feature", "id": 52024001, "geometry": {"type": "Polygon", "coordinates": [[[2530967.976, 1175002.387], [2531007.266, 1175025.156], [2531008.086, 1175025.576], [2530998.367, 1175044.836], [2530984.617, 1175055.086], [2530948.196, 1175019.738], [2530947.466, 1175019.038], [2530952.616, 1175015.328], [2530961.136, 1175008.087], [2530967.976, 1175002.387]]]}, "properties": {"OBJECTID": 52024001, "EGRID": "CH609945828375", "NUMERO": "2690", "NO_COM_FED": 5757, "GENRE_TXT": "parcelle priv\u00e9e", "SUPERFICIE_MO": 1620, "SUPERFICIE_RF": 1620}}, {"type": "Feature", "id": 52024561, "geometry": {"type": "Polygon", "coordinates": [[[2530791.984, 1174345.922], [2530830.179, 1174352.277], [2530829.791, 1174356.776], [2530829.042, 1174365.695], [2530827.964, 1174378.516], [2530785.8109999998, 1174371.501], [2530785.279, 1174349.998], [2530791.984, 1174345.922]]]}, "properties": {"OBJECTID": 52024561, "EGRID": "CH786883459089", "NUMERO": "2730", "NO_COM_FED": 5757, "GENRE_TXT": "parcelle priv\u00e9e", "SUPERFICIE_MO": 1142, "SUPERFICIE_RF": 1142}}, {"type": "Feature", "id": 52024646, "geometry": {"type": "Polygon", "coordinates": [[[2530849.066, 1174418.821], [2530848.144, 1174452.446], [2530844.623, 1174451.042], [2530814.679, 1174439.196], [2530823.234, 1174404.345], [2530825.747, 1174404.749], [2530826.009, 1174401.763], [2530849.432, 1174405.667], [2530849.345, 1174408.681], [2530849.066, 1174418.821]]]}, "properties": {"OBJECTID": 52024646, "EGRID": "CH944583906877", "NUMERO": "1180", "NO_COM_FED": 5757, "GENRE_TXT": "parcelle priv\u00e9e", "SUPERFICIE_MO": 1285, "SUPERFICIE_RF": 1285}}, {"type": "Feature", "id": 52024889, "geometry": {"type": "Polygon", "coordinates": [[[2530466.087, 1176033.632], [2530459.577, 1176034.152], [2530453.367, 1176034.612], [2530427.337, 1176044.443], [2530412.037, 1176005.374], [2530458.017, 1176008.722], [2530463.717, 1176013.722], [2530466.087, 1176033.632]]]}, "properties": {"OBJECTID": 52024889, "EGRID": "CH687383458392", "NUMERO": "877", "NO_COM_FED": 5757, "GENRE_TXT": "parcelle priv\u00e9e", "SUPERFICIE_MO": 1400, "SUPERFICIE_RF": 1400}}, {"type": "Feature", "id": 52024923, "geometry": {"type": "Polygon", "coordinates": [[[2530663.074, 1175309.394], [2530663.965, 1175314.368], [2530664.694, 1175318.439], [2530664.219, 1175318.526], [2530664.699, 1175320.866], [2530661.239, 1175320.767], [2530648.159, 1175323.287], [2530647.209, 1175318.007], [2530646.94, 1175318.063], [2530646.663, 1175316.733], [2530641.353, 1175317.898], [2530640.977, 1175318.179], [2530635.042, 1175319.906], [2530633.779, 1175314.437], [2530640.1890000002, 1175312.417], [2530640.279, 1175312.687], [2530652.659, 1175308.747], [2530658.349, 1175306.4070000001], [2530659.539, 1175310.387], [2530663.074, 1175309.394]]]}, "properties": {"OBJECTID": 52024923, "EGRID": "CH728374834585", "NUMERO": "637", "NO_COM_FED": 5757, "GENRE_TXT": "parcelle priv\u00e9e", "SUPERFICIE_MO": 292, "SUPERFICIE_RF": 292}}, {"type": "Feature", "id": 52024975, "geometry": {"type": "Polygon", "coordinates": [[[2531018.207, 1175991.946], [2531023.987, 1175990.296], [2531053.339, 1176092.916], [2531057.119, 1176097.386], [2531062.889, 1176098.396], [2531108.519, 1176086.735], [2531113.089, 1176083.435], [2531113.478, 1176077.804], [2531082.827, 1175973.484], [2531088.587, 1175971.804], [2531110.068, 1176045.594], [2531127.609, 1176104.974], [2531133.93, 1176192.125], [2531143.541, 1176327.746], [2531148.712, 1176399.277], [2531150.985, 1176398.96], [2531152.078, 1176403.153], [2531140.355, 1176404.796], [2531144.552, 1176397.097], [2531139.691, 1176329.446], [2531139.5810000002, 1176327.946], [2531138.931, 1176318.966], [2531129.84, 1176192.455], [2531123.649, 1176105.674], [2531119.209, 1176090.194], [2531078.099, 1176100.626], [2531059.179, 1176105.506], [2531051.1890000002, 1176107.536], [2531037.378, 1176058.916], [2531022.148, 1176005.746], [2531018.207, 1175991.946]]]}, "properties": {"OBJECTID": 52024975, "EGRID": "CH114542838295", "NUMERO": "DP 62", "NO_COM_FED": 5757, "GENRE_TXT": "DP communal", "SUPERFICIE_MO": 3144, "SUPERFICIE_RF": null}}, {"type": "Feature", "id": 52025220, "geometry": {"type": "Polygon", "coordinates": [[[2530823.745, 1175814.461], [2530838.225, 1175814.65], [2530842.425, 1175793.97], [2530854.615, 1175779.94], [2530865.425, 1175782.389], [2530869.496, 1175818.259], [2530866.175, 1175818.249], [2530823.885, 1175817.621], [2530823.745, 1175814.461]]]}, "properties": {"OBJECTID": 52025220, "EGRID": "CH738382451576", "NUMERO": "750", "NO_COM_FED": 5757, "GENRE_TXT": "parcelle priv\u00e9e", "SUPERFICIE_MO": 954, "SUPERFICIE_RF": 954}}, {"type": "Feature", "id": 52026295, "geometry": {"type": "Polygon", "coordinates": [[[2530224.712, 1174721.073], [2530224.781, 1174720.075], [2530226.971, 1174690.737], [2530249.1859999998, 1174688.511], [2530261.4390000002, 1174688.47], [2530259.933, 1174706.595], [2530255.6859999998, 1174709.106], [2530255.4390000002, 1174713.524], [2530249.356, 1174718.509], [2530235.682, 1174721.878], [2530224.712, 1174721.073]]]}, "properties": {"OBJECTID": 52026295, "EGRID": "CH956983904550", "NUMERO": "1127", "NO_COM_FED": 5757, "GENRE_TXT": "parcelle priv\u00e9e", "SUPERFICIE_MO": 1000, "SUPERFICIE_RF": 1000}}, {"type": "Feature", "id": 52026529, "geometry": {"type": "Polygon", "coordinates": [[[2531340.195, 1174603.087], [2531348.695, 1174639.476], [2531355.245, 1174667.815], [2531362.716, 1174699.905], [2531370.126, 1174731.914], [2531371.676, 1174738.504], [2531372.026, 1174740.124], [2531372.856, 1174743.654], [2531382.806, 1174786.793], [2531383.906, 1174791.683], [2531387.417, 1174818.5320000001], [2531389.157, 1174821.402], [2531382.037, 1174823.432], [2531382.317, 1174812.822], [2531379.986, 1174792.423], [2531373.716, 1174765.033], [2531354.135, 1174681.415], [2531350.455, 1174665.425], [2531337.545, 1174608.727], [2531336.455, 1174604.1570000001], [2531321.344, 1174539.858], [2531314.114, 1174535.528], [2531329.8140000002, 1174531.648], [2531325.214, 1174538.808], [2531334.364, 1174577.727], [2531336.595, 1174587.537], [2531340.195, 1174603.087]]]}, "properties": {"OBJECTID": 52026529, "EGRID": "CH850283834571", "NUMERO": "DP 1030", "NO_COM_FED": 5757, "GENRE_TXT": "DP communal", "SUPERFICIE_MO": 1244, "SUPERFICIE_RF": null}}, {"type": "Feature", "id": 52026618, "geometry": {"type": "Polygon", "coordinates": [[[2530973.85, 1175301.377], [2530948.699, 1175227.037], [2530966.229, 1175221.227], [2530959.428, 1175202.857], [2530949.628, 1175176.787], [2530966.278, 1175169.427], [2530966.548, 1175169.977], [2530972.508, 1175183.787], [2530992.078, 1175175.576], [2530992.208, 1175175.516], [2531000.018, 1175187.186], [2531009.949, 1175203.485], [2531017.549, 1175216.735], [2531036.429, 1175245.285], [2531038.359, 1175248.294], [2531040.249, 1175247.204], [2531069.369, 1175229.494], [2531070.389, 1175231.163], [2531072.589, 1175234.703], [2531076.029, 1175232.6030000001], [2531079.909, 1175229.923], [2531079.719, 1175229.563], [2531094.129, 1175220.903], [2531095.559, 1175220.033], [2531098.649, 1175218.123], [2531132.96, 1175261.861], [2531148.6, 1175281.821], [2531148.752980847, 1175282.143902275], [2531148.8538011364, 1175282.4866912593], [2531148.9, 1175282.841], [2531148.8916659094, 1175283.180420595], [2531148.833235108, 1175283.514877825], [2531148.725992185, 1175283.8370187148], [2531148.5722948555, 1175284.139761061], [2531148.375522124, 1175284.4164491333], [2531148.14, 1175284.661], [2531147.340719572, 1175285.6993282773], [2531146.44, 1175286.651], [2531145.12, 1175287.751], [2531126.75, 1175298.502], [2531097.37, 1175312.473], [2530992.91, 1175357.836], [2530973.85, 1175301.377]]]}, "properties": {"OBJECTID": 52026618, "EGRID": "CH198382204533", "NUMERO": "695", "NO_COM_FED": 5757, "GENRE_TXT": "parcelle priv\u00e9e", "SUPERFICIE_MO": 18817, "SUPERFICIE_RF": 18817}}, {"type": "Feature", "id": 52026746, "geometry": {"type": "Polygon", "coordinates": [[[2530657.842, 1174486.733], [2530660.401, 1174487.996], [2530658.306, 1174500.7179999999], [2530630.653, 1174516.959], [2530600.998, 1174488.026], [2530615.483, 1174475.741], [2530623.376, 1174469.002], [2530657.842, 1174486.733]]]}, "properties": {"OBJECTID": 52026746, "EGRID": "CH586883459060", "NUMERO": "1461", "NO_COM_FED": 5757, "GENRE_TXT": "parcelle priv\u00e9e", "SUPERFICIE_MO": 1582, "SUPERFICIE_RF": 1582}}, {"type": "Feature", "id": 52026776, "geometry": {"type": "Polygon", "coordinates": [[[2530773.018, 1176072.924], [2530764.468, 1176071.384], [2530756.268, 1176061.284], [2530750.368, 1176044.134], [2530765.248, 1176035.454], [2530791.358, 1176027.133], [2530803.628, 1176062.543], [2530783.644, 1176069.32], [2530773.018, 1176072.924]]]}, "properties": {"OBJECTID": 52026776, "EGRID": "CH798383104544", "NUMERO": "943", "NO_COM_FED": 5757, "GENRE_TXT": "parcelle priv\u00e9e", "SUPERFICIE_MO": 1586, "SUPERFICIE_RF": 1586}}, {"type": "Feature", "id": 52027377, "geometry": {"type": "Polygon", "coordinates": [[[2530950.711, 1175381.247], [2530963.381, 1175408.957], [2530965.741, 1175414.047], [2530965.901, 1175414.207], [2530951.321, 1175420.977], [2530935.951, 1175387.458], [2530950.711, 1175381.247]]]}, "properties": {"OBJECTID": 52027377, "EGRID": "CH944583831257", "NUMERO": "708", "NO_COM_FED": 5757, "GENRE_TXT": "parcelle priv\u00e9e", "SUPERFICIE_MO": 585, "SUPERFICIE_RF": 585}}, {"type": "Feature", "id": 52027716, "geometry": {"type": "Polygon", "coordinates": [[[2530692.053, 1175626.785], [2530689.633, 1175603.145], [2530689.082, 1175569.735], [2530693.252, 1175541.575], [2530697.901, 1175489.155], [2530700.281, 1175489.325], [2530711.213, 1175639.705], [2530697.383, 1175641.855], [2530692.053, 1175626.785]]]}, "properties": {"OBJECTID": 52027716, "EGRID": "CH988683458327", "NUMERO": "762", "NO_COM_FED": 5757, "GENRE_TXT": "parcelle priv\u00e9e", "SUPERFICIE_MO": 2006, "SUPERFICIE_RF": 2006}}, {"type": "Feature", "id": 52027800, "geometry": {"type": "Polygon", "coordinates": [[[2530696.789, 1175262.285], [2530697.968, 1175256.155], [2530717.769, 1175260.235], [2530716.099, 1175264.415], [2530715.759, 1175265.685], [2530696.789, 1175262.285]]]}, "properties": {"OBJECTID": 52027800, "EGRID": "CH268283452214", "NUMERO": "463", "NO_COM_FED": 5757, "GENRE_TXT": "parcelle priv\u00e9e", "SUPERFICIE_MO": 118, "SUPERFICIE_RF": 118}}, {"type": "Feature", "id": 52028145, "geometry": {"type": "Polygon", "coordinates": [[[2530767.052, 1175539.1030000001], [2530764.412, 1175524.063], [2530757.162, 1175523.493], [2530756.192, 1175509.183], [2530762.192, 1175509.213], [2530802.322, 1175509.372], [2530802.882, 1175515.252], [2530801.852, 1175524.242], [2530801.532, 1175526.992], [2530800.382, 1175534.932], [2530767.052, 1175539.1030000001]]]}, "properties": {"OBJECTID": 52028145, "EGRID": "CH908345868305", "NUMERO": "174", "NO_COM_FED": 5757, "GENRE_TXT": "parcelle priv\u00e9e", "SUPERFICIE_MO": 1135, "SUPERFICIE_RF": 1135}}, {"type": "Feature", "id": 52028677, "geometry": {"type": "Polygon", "coordinates": [[[2530172.643, 1174544.042], [2530218.848, 1174513.472], [2530220.65, 1174516.514], [2530172.643, 1174544.042]]]}, "properties": {"OBJECTID": 52028677, "EGRID": "CH469083455585", "NUMERO": "2339", "NO_COM_FED": 5757, "GENRE_TXT": "parcelle priv\u00e9e", "SUPERFICIE_MO": 98, "SUPERFICIE_RF": 98}}, {"type": "Feature", "id": 52028786, "geometry": {"type": "Polygon", "coordinates": [[[2530369.425, 1175862.095], [2530404.355, 1175861.584], [2530402.575, 1175884.344], [2530401.235, 1175901.834], [2530366.325, 1175898.495], [2530367.765, 1175882.605], [2530369.425, 1175862.095]]]}, "properties": {"OBJECTID": 52028786, "EGRID": "CH587183458383", "NUMERO": "867", "NO_COM_FED": 5757, "GENRE_TXT": "parcelle priv\u00e9e", "SUPERFICIE_MO": 1341, "SUPERFICIE_RF": 1341}}, {"type": "Feature", "id": 52028907, "geometry": {"type": "Polygon", "coordinates": [[[2530719.147, 1175094.755], [2530719.187, 1175095.075], [2530714.387, 1175101.865], [2530707.307, 1175089.695], [2530705.697, 1175090.865], [2530704.787, 1175088.955], [2530709.457, 1175086.125], [2530709.847, 1175086.475], [2530710.687, 1175087.715], [2530711.037, 1175087.515], [2530719.147, 1175094.755]]]}, "properties": {"OBJECTID": 52028907, "EGRID": "CH628229834566", "NUMERO": "481", "NO_COM_FED": 5757, "GENRE_TXT": "parcelle priv\u00e9e", "SUPERFICIE_MO": 89, "SUPERFICIE_RF": 89}}, {"type": "Feature", "id": 52028959, "geometry": {"type": "Polygon", "coordinates": [[[2530278.177, 1174644.849], [2530297.68, 1174644.549], [2530296.167, 1174652.5], [2530318.076, 1174652.211], [2530319.22, 1174652.045], [2530319.507, 1174658.369], [2530327.542, 1174658.004], [2530327.567, 1174662.508], [2530292.693, 1174664.092], [2530289.673, 1174681.065], [2530295.19, 1174682.02], [2530248.639, 1174682.957], [2530229.738, 1174684.801], [2530229.3062057816, 1174684.7377793067], [2530228.8897500187, 1174684.6073657318], [2530228.4990202123, 1174684.413012133], [2530228.143762191, 1174684.1595661994], [2530227.8328370233, 1174683.853349539], [2530227.574, 1174683.502], [2530227.3725727834, 1174683.113109764], [2530227.2350885873, 1174682.6972893276], [2530227.164997944, 1174682.2649748113], [2530227.1640599645, 1174681.8270162977], [2530227.23229819, 1174681.3944055212], [2530227.368, 1174680.9780000001], [2530231.6300805374, 1174676.1559022742], [2530235.549, 1174671.051], [2530239.226932867, 1174665.49310977], [2530242.499, 1174659.687], [2530244.734, 1174654.367], [2530246.493, 1174647.689], [2530246.834, 1174645.331], [2530265.191, 1174645.049], [2530278.177, 1174644.849]]]}, "properties": {"OBJECTID": 52028959, "EGRID": "CH969083456995", "NUMERO": "1129", "NO_COM_FED": 5757, "GENRE_TXT": "parcelle priv\u00e9e", "SUPERFICIE_MO": 2386, "SUPERFICIE_RF": 2386}}, {"type": "Feature", "id": 52028973, "geometry": {"type": "Polygon", "coordinates": [[[2530823.003, 1175582.561], [2530837.823, 1175578.011], [2530846.323, 1175575.23], [2530856.233, 1175572.18], [2530857.903, 1175571.83], [2530860.183, 1175581.74], [2530863.673, 1175596.05], [2530857.513, 1175597.57], [2530852.843, 1175599.07], [2530839.853, 1175603.24], [2530839.463, 1175602.71], [2530828.743, 1175587.981], [2530823.003, 1175582.561]]]}, "properties": {"OBJECTID": 52028973, "EGRID": "CH968383459465", "NUMERO": "772", "NO_COM_FED": 5757, "GENRE_TXT": "parcelle priv\u00e9e", "SUPERFICIE_MO": 744, "SUPERFICIE_RF": 744}}, {"type": "Feature", "id": 52028980, "geometry": {"type": "Polygon", "coordinates": [[[2530189.467, 1174663.917], [2530191.141, 1174697.71], [2530177.577, 1174702.655], [2530160.354, 1174707.08], [2530143.774, 1174711.654], [2530131.337, 1174714.313], [2530127.363, 1174709.095], [2530124.134, 1174683.374], [2530144.21, 1174679.979], [2530141.467, 1174661.695], [2530161.06, 1174663.448], [2530183.119, 1174663.812], [2530189.467, 1174663.917]]]}, "properties": {"OBJECTID": 52028980, "EGRID": "CH909045698361", "NUMERO": "2330", "NO_COM_FED": 5757, "GENRE_TXT": "parcelle priv\u00e9e", "SUPERFICIE_MO": 2522, "SUPERFICIE_RF": 2522}}, {"type": "Feature", "id": 52029120, "geometry": {"type": "Polygon", "coordinates": [[[2530727.395, 1174972.815], [2530727.165, 1174972.495], [2530725.015, 1174974.865], [2530724.685, 1174974.485], [2530723.265, 1174975.725], [2530717.725, 1174967.545], [2530715.965, 1174964.655], [2530718.175, 1174963.495], [2530719.645, 1174966.385], [2530721.405, 1174965.185], [2530722.375, 1174964.505], [2530723.785, 1174963.565], [2530721.725, 1174960.295], [2530733.285, 1174953.325], [2530733.025, 1174952.945], [2530733.675, 1174952.705], [2530737.905, 1174957.835], [2530738.025, 1174957.735], [2530738.335, 1174958.004], [2530728.415, 1174965.615], [2530731.315, 1174969.855], [2530727.395, 1174972.815]]]}, "properties": {"OBJECTID": 52029120, "EGRID": "CH208345808367", "NUMERO": "517", "NO_COM_FED": 5757, "GENRE_TXT": "parcelle priv\u00e9e", "SUPERFICIE_MO": 202, "SUPERFICIE_RF": 202}}, {"type": "Feature", "id": 52029466, "geometry": {"type": "Polygon", "coordinates": [[[2530869.751, 1175435.27], [2530861.231, 1175437.86], [2530856.271, 1175412.94], [2530868.641, 1175409.68], [2530869.771, 1175411.33], [2530915.861, 1175394.7179999999], [2530926.281, 1175418.2179999999], [2530869.751, 1175435.27]]]}, "properties": {"OBJECTID": 52029466, "EGRID": "CH368283452376", "NUMERO": "785", "NO_COM_FED": 5757, "GENRE_TXT": "parcelle priv\u00e9e", "SUPERFICIE_MO": 1591, "SUPERFICIE_RF": 1591}}, {"type": "Feature", "id": 52029612, "geometry": {"type": "Polygon", "coordinates": [[[2530120.724, 1175774.109], [2530126.374, 1175775.829], [2530117.5640000002, 1175814.969], [2530075.864, 1175807.389], [2530083.824, 1175782.639], [2530086.154, 1175775.379], [2530087.683, 1175770.469], [2530095.653, 1175771.319], [2530106.653, 1175772.619], [2530109.413, 1175772.789], [2530118.193, 1175773.319], [2530120.724, 1175774.109]]]}, "properties": {"OBJECTID": 52029612, "EGRID": "CH814597838340", "NUMERO": "834", "NO_COM_FED": 5757, "GENRE_TXT": "parcelle priv\u00e9e", "SUPERFICIE_MO": 1616, "SUPERFICIE_RF": 1616}}, {"type": "Feature", "id": 52030265, "geometry": {"type": "Polygon", "coordinates": [[[2530605.255, 1174637.259], [2530603.198, 1174636.192], [2530601.856, 1174638.781], [2530597.971, 1174636.747], [2530596.685, 1174636.076], [2530599.771, 1174630.109], [2530601.074, 1174630.783], [2530603.911, 1174625.296], [2530609.855, 1174628.376], [2530605.255, 1174637.259]]]}, "properties": {"OBJECTID": 52030265, "EGRID": "CH544583906819", "NUMERO": "2620", "NO_COM_FED": 5757, "GENRE_TXT": "parcelle priv\u00e9e", "SUPERFICIE_MO": 89, "SUPERFICIE_RF": 89}}, {"type": "Feature", "id": 52030274, "geometry": {"type": "Polygon", "coordinates": [[[2530931.487, 1175100.208], [2530934.757, 1175104.798], [2530970.688, 1175155.227], [2530953.348, 1175162.847], [2530928.868, 1175173.608], [2530925.618, 1175174.498], [2530922.308, 1175175.148], [2530918.938, 1175175.338], [2530915.588, 1175175.049], [2530912.408, 1175173.969], [2530909.468, 1175172.329], [2530906.868, 1175170.169], [2530904.728, 1175167.499], [2530882.307, 1175132.09], [2530884.877, 1175130.32], [2530894.017, 1175124.159], [2530896.487, 1175122.449], [2530904.644, 1175117.265], [2530931.487, 1175100.208]]]}, "properties": {"OBJECTID": 52030274, "EGRID": "CH444583822127", "NUMERO": "665", "NO_COM_FED": 5757, "GENRE_TXT": "parcelle priv\u00e9e", "SUPERFICIE_MO": 3719, "SUPERFICIE_RF": 3719}}, {"type": "Feature", "id": 52030351, "geometry": {"type": "Polygon", "coordinates": [[[2530780.837, 1175926.132], [2530764.447, 1175944.803], [2530756.597, 1175938.583], [2530748.637, 1175947.063], [2530745.277, 1175950.643], [2530730.187, 1175936.584], [2530733.747, 1175932.774], [2530732.6859999998, 1175931.774], [2530748.046, 1175899.753], [2530769.676, 1175916.552], [2530770.386, 1175917.162], [2530780.837, 1175926.132]]]}, "properties": {"OBJECTID": 52030351, "EGRID": "CH538383459258", "NUMERO": "1501", "NO_COM_FED": 5757, "GENRE_TXT": "parcelle priv\u00e9e", "SUPERFICIE_MO": 1326, "SUPERFICIE_RF": 1326}}, {"type": "Feature", "id": 52030441, "geometry": {"type": "Polygon", "coordinates": [[[2530743.365, 1174920.554], [2530744.805, 1174922.964], [2530730.245, 1174932.535], [2530730.335, 1174932.715], [2530729.845, 1174932.985], [2530726.855, 1174926.465], [2530741.395, 1174917.434], [2530743.365, 1174920.554]]]}, "properties": {"OBJECTID": 52030441, "EGRID": "CH138382452477", "NUMERO": "538", "NO_COM_FED": 5757, "GENRE_TXT": "parcelle priv\u00e9e", "SUPERFICIE_MO": 118, "SUPERFICIE_RF": 118}}, {"type": "Feature", "id": 52030569, "geometry": {"type": "Polygon", "coordinates": [[[2530487.645, 1175963.416], [2530483.693, 1175934.464], [2530516.596, 1175931.19], [2530511.466, 1175895.781], [2530507.355, 1175865.711], [2530510.365, 1175865.851], [2530511.285, 1175873.211], [2530514.016, 1175892.051], [2530517.806, 1175917.83], [2530521.066, 1175939.59], [2530523.916, 1175959.61], [2530516.336, 1175960.55], [2530487.645, 1175963.416]]]}, "properties": {"OBJECTID": 52030569, "EGRID": "CH600845648364", "NUMERO": "2821", "NO_COM_FED": 5757, "GENRE_TXT": "parcelle priv\u00e9e", "SUPERFICIE_MO": 1262, "SUPERFICIE_RF": 1262}}, {"type": "Feature", "id": 52030778, "geometry": {"type": "Polygon", "coordinates": [[[2530663.873, 1174341.541], [2530663.527, 1174346.379], [2530662.032, 1174351.028], [2530660.159, 1174356.803], [2530650.57, 1174371.77], [2530610.644, 1174364.016], [2530616.215, 1174338.839], [2530626.161, 1174339.435], [2530660.899, 1174341.375], [2530663.873, 1174341.541]]]}, "properties": {"OBJECTID": 52030778, "EGRID": "CH438390456853", "NUMERO": "1511", "NO_COM_FED": 5757, "GENRE_TXT": "parcelle priv\u00e9e", "SUPERFICIE_MO": 1314, "SUPERFICIE_RF": 1314}}, {"type": "Feature", "id": 52030779, "geometry": {"type": "Polygon", "coordinates": [[[2530804.678, 1174286.804], [2530803.823, 1174299.257], [2530803.1, 1174309.781], [2530775.429, 1174307.899], [2530764.014, 1174306.498], [2530757.817, 1174305.737], [2530757.209, 1174279.514], [2530804.678, 1174286.804]]]}, "properties": {"OBJECTID": 52030779, "EGRID": "CH238390455636", "NUMERO": "1181", "NO_COM_FED": 5757, "GENRE_TXT": "parcelle priv\u00e9e", "SUPERFICIE_MO": 1157, "SUPERFICIE_RF": 1157}}, {"type": "Feature", "id": 52030789, "geometry": {"type": "Polygon", "coordinates": [[[2531362.537, 1176628.74], [2531085.149, 1176661.571], [2531089.694, 1176655.611], [2531160.693, 1176508.607], [2531165.693, 1176488.607], [2531164.692, 1176468.607], [2531156.692, 1176428.607], [2531155.377, 1176419.656], [2531160.832, 1176411.753], [2531299.703, 1176392.502], [2531337.474, 1176387.578], [2531350.586, 1176422.572], [2531357.937, 1176517.583], [2531358.481, 1176524.618], [2531354.693, 1176525.602], [2531362.537, 1176628.74]]]}, "properties": {"OBJECTID": 52030789, "EGRID": "CH188536577938", "NUMERO": "1646", "NO_COM_FED": 5757, "GENRE_TXT": "parcelle priv\u00e9e", "SUPERFICIE_MO": 52337, "SUPERFICIE_RF": 52323}}, {"type": "Feature", "id": 52030837, "geometry": {"type": "Polygon", "coordinates": [[[2530316.698, 1174490.144], [2530304.599, 1174486.986], [2530308.036, 1174457.624], [2530295.631, 1174415.996], [2530329.776, 1174405.859], [2530331.042, 1174410.203], [2530334.671, 1174409.046], [2530344.428, 1174441.818], [2530352.142, 1174440.543], [2530347.994, 1174471.679], [2530319.241, 1174467.809], [2530316.698, 1174490.144]]]}, "properties": {"OBJECTID": 52030837, "EGRID": "CH686783459053", "NUMERO": "2708", "NO_COM_FED": 5757, "GENRE_TXT": "parcelle priv\u00e9e", "SUPERFICIE_MO": 2735, "SUPERFICIE_RF": 2735}}, {"type": "Feature", "id": 52031109, "geometry": {"type": "Polygon", "coordinates": [[[2530316.698, 1174490.144], [2530319.241, 1174467.809], [2530347.994, 1174471.679], [2530358.838, 1174473.145], [2530358.998, 1174479.053], [2530356.783, 1174494.483], [2530355.562, 1174500.347], [2530325.27, 1174492.42], [2530316.698, 1174490.144]]]}, "properties": {"OBJECTID": 52031109, "EGRID": "CH844583905626", "NUMERO": "1149", "NO_COM_FED": 5757, "GENRE_TXT": "parcelle priv\u00e9e", "SUPERFICIE_MO": 1010, "SUPERFICIE_RF": 1010}}, {"type": "Feature", "id": 52031508, "geometry": {"type": "Polygon", "coordinates": [[[2530785.7, 1175342.373], [2530782.71, 1175326.893], [2530800.62, 1175323.712], [2530804.15, 1175338.702], [2530797.67, 1175340.132], [2530789.33, 1175341.7719999999], [2530785.7, 1175342.373]]]}, "properties": {"OBJECTID": 52031508, "EGRID": "CH668383459272", "NUMERO": "1486", "NO_COM_FED": 5757, "GENRE_TXT": "parcelle priv\u00e9e", "SUPERFICIE_MO": 290, "SUPERFICIE_RF": 290}}, {"type": "Feature", "id": 52031543, "geometry": {"type": "Polygon", "coordinates": [[[2531379.986, 1174792.423], [2531350.886, 1174798.383], [2531325.476, 1174788.013], [2531312.236, 1174779.954], [2531373.716, 1174765.033], [2531379.986, 1174792.423]]]}, "properties": {"OBJECTID": 52031543, "EGRID": "CH128229834542", "NUMERO": "276", "NO_COM_FED": 5757, "GENRE_TXT": "parcelle priv\u00e9e", "SUPERFICIE_MO": 1306, "SUPERFICIE_RF": 1308}}, {"type": "Feature", "id": 52031566, "geometry": {"type": "Polygon", "coordinates": [[[2530519.702, 1174494.115], [2530522.864, 1174484.037], [2530577.375, 1174502.426], [2530549.404, 1174529.57], [2530519.702, 1174494.115]]]}, "properties": {"OBJECTID": 52031566, "EGRID": "CH609045558311", "NUMERO": "1473", "NO_COM_FED": 5757, "GENRE_TXT": "parcelle priv\u00e9e", "SUPERFICIE_MO": 1203, "SUPERFICIE_RF": 1203}}, {"type": "Feature", "id": 52032134, "geometry": {"type": "Polygon", "coordinates": [[[2530668.065, 1175820.106], [2530664.145, 1175825.336], [2530660.645, 1175829.336], [2530657.435, 1175832.916], [2530654.135, 1175835.846], [2530652.045, 1175833.676], [2530646.885, 1175823.556], [2530646.315, 1175822.866], [2530633.045, 1175824.1469999999], [2530631.025, 1175805.137], [2530629.775, 1175793.387], [2530634.705, 1175793.457], [2530635.925, 1175793.467], [2530654.215, 1175793.716], [2530662.105, 1175808.746], [2530668.065, 1175820.106]]]}, "properties": {"OBJECTID": 52032134, "EGRID": "CH914514838374", "NUMERO": "798", "NO_COM_FED": 5757, "GENRE_TXT": "parcelle priv\u00e9e", "SUPERFICIE_MO": 1034, "SUPERFICIE_RF": 1034}}, {"type": "Feature", "id": 52032822, "geometry": {"type": "Polygon", "coordinates": [[[2530709.779, 1175280.635], [2530711.049, 1175278.655], [2530711.809, 1175277.585], [2530714.239, 1175279.075], [2530712.959, 1175282.575], [2530709.779, 1175280.635]]]}, "properties": {"OBJECTID": 52032822, "EGRID": "CH582183458276", "NUMERO": "588", "NO_COM_FED": 5757, "GENRE_TXT": "parcelle priv\u00e9e", "SUPERFICIE_MO": 12, "SUPERFICIE_RF": 12}}, {"type": "Feature", "id": 52033129, "geometry": {"type": "Polygon", "coordinates": [[[2530851.41, 1175344.22], [2530852.96, 1175351.9], [2530836.11, 1175356.561], [2530835.75, 1175356.691], [2530830.71, 1175339.661], [2530829.1, 1175332.651], [2530831.95, 1175331.801], [2530842.06, 1175328.631], [2530846.44, 1175327.201], [2530848.23, 1175332.871], [2530850.45, 1175340.29], [2530851.41, 1175344.22]]]}, "properties": {"OBJECTID": 52033129, "EGRID": "CH274583798390", "NUMERO": "1497", "NO_COM_FED": 5757, "GENRE_TXT": "parcelle priv\u00e9e", "SUPERFICIE_MO": 466, "SUPERFICIE_RF": 466}}, {"type": "Feature", "id": 52033177, "geometry": {"type": "Polygon", "coordinates": [[[2530855.131, 1174329.502], [2530832.4390000002, 1174326.06], [2530823.008, 1174324.487], [2530821.518, 1174324.255], [2530824.861, 1174302.488], [2530824.949, 1174301.914], [2530853.047, 1174306.23], [2530852.805, 1174308.639], [2530853.264, 1174310.457], [2530853.365, 1174313.2], [2530853.771, 1174316.946], [2530855.131, 1174329.502]]]}, "properties": {"OBJECTID": 52033177, "EGRID": "CH969583459828", "NUMERO": "2785", "NO_COM_FED": 5757, "GENRE_TXT": "parcelle priv\u00e9e", "SUPERFICIE_MO": 704, "SUPERFICIE_RF": 704}}, {"type": "Feature", "id": 52033330, "geometry": {"type": "Polygon", "coordinates": [[[2530786.884, 1174953.166], [2530779.622, 1174957.711], [2530781.725, 1174961.633], [2530784.715, 1174966.953], [2530782.505, 1174968.213], [2530779.355, 1174962.8429999999], [2530776.415, 1174957.753], [2530764.585, 1174939.994], [2530766.975, 1174938.514], [2530767.665, 1174939.514], [2530771.145, 1174937.283], [2530770.485, 1174936.3530000001], [2530775.285, 1174933.3530000001], [2530776.075, 1174934.523], [2530783.035, 1174930.493], [2530782.765, 1174930.033], [2530783.115, 1174929.803], [2530798.015, 1174920.413], [2530812.745, 1174935.902], [2530809.145, 1174939.122], [2530806.895, 1174940.212], [2530802.255, 1174943.732], [2530794.495, 1174949.083], [2530793.255, 1174946.973], [2530786.005, 1174951.613], [2530786.884, 1174953.166]]]}, "properties": {"OBJECTID": 52033330, "EGRID": "CH798383044562", "NUMERO": "565", "NO_COM_FED": 5757, "GENRE_TXT": "parcelle priv\u00e9e", "SUPERFICIE_MO": 905, "SUPERFICIE_RF": 905}}, {"type": "Feature", "id": 52033925, "geometry": {"type": "Polygon", "coordinates": [[[2530664.222, 1175705.639], [2530686.054, 1175704.015], [2530686.624, 1175715.555], [2530696.014, 1175714.395], [2530697.024, 1175738.105], [2530697.474, 1175744.235], [2530687.744, 1175740.785], [2530674.204, 1175762.346], [2530664.222, 1175705.639]]]}, "properties": {"OBJECTID": 52033925, "EGRID": "CH359283994591", "NUMERO": "2689", "NO_COM_FED": 5757, "GENRE_TXT": "parcelle priv\u00e9e", "SUPERFICIE_MO": 1155, "SUPERFICIE_RF": 1155}}, {"type": "Feature", "id": 52033949, "geometry": {"type": "Polygon", "coordinates": [[[2530851.96, 1176256.483], [2530846.96, 1176226.633], [2530869.8, 1176222.643], [2530876.1, 1176226.702], [2530877.08, 1176230.622], [2530883.74, 1176250.982], [2530851.96, 1176256.483]]]}, "properties": {"OBJECTID": 52033949, "EGRID": "CH814570838389", "NUMERO": "2120", "NO_COM_FED": 5757, "GENRE_TXT": "parcelle priv\u00e9e", "SUPERFICIE_MO": 897, "SUPERFICIE_RF": 897}}, {"type": "Feature", "id": 52034226, "geometry": {"type": "Polygon", "coordinates": [[[2530110.552, 1174583.857], [2530114.153, 1174612.248], [2530111.057, 1174612.729], [2530064.559, 1174617.013], [2530071.841, 1174595.1030000001], [2530089.351, 1174585.58], [2530107.065, 1174581.901], [2530110.213, 1174581.182], [2530110.552, 1174583.857]]]}, "properties": {"OBJECTID": 52034226, "EGRID": "CH429055834572", "NUMERO": "2335", "NO_COM_FED": 5757, "GENRE_TXT": "parcelle priv\u00e9e", "SUPERFICIE_MO": 1214, "SUPERFICIE_RF": 1214}}, {"type": "Feature", "id": 52034431, "geometry": {"type": "Polygon", "coordinates": [[[2530851.96, 1176256.483], [2530822.2, 1176261.744], [2530818.86, 1176241.704], [2530818.67, 1176235.484], [2530822.35, 1176230.954], [2530846.96, 1176226.633], [2530851.96, 1176256.483]]]}, "properties": {"OBJECTID": 52034431, "EGRID": "CH874583708310", "NUMERO": "2113", "NO_COM_FED": 5757, "GENRE_TXT": "parcelle priv\u00e9e", "SUPERFICIE_MO": 901, "SUPERFICIE_RF": 901}}, {"type": "Feature", "id": 52034720, "geometry": {"type": "Polygon", "coordinates": [[[2530938.716, 1175824.4070000001], [2530939.626, 1175827.667], [2530919.976, 1175833.108], [2530922.646, 1175838.477], [2530920.106, 1175837.788], [2530917.826, 1175837.138], [2530913.566, 1175837.168], [2530907.606, 1175818.798], [2530911.086, 1175818.188], [2530905.045, 1175790.668], [2530925.625, 1175784.987], [2530927.555, 1175784.457], [2530927.895, 1175785.6469999999], [2530938.716, 1175824.4070000001]]]}, "properties": {"OBJECTID": 52034720, "EGRID": "CH728215834561", "NUMERO": "751", "NO_COM_FED": 5757, "GENRE_TXT": "parcelle priv\u00e9e", "SUPERFICIE_MO": 1178, "SUPERFICIE_RF": 1178}}, {"type": "Feature", "id": 52034743, "geometry": {"type": "Polygon", "coordinates": [[[2530865.889, 1176186.752], [2530872.279, 1176212.5219999999], [2530868.699, 1176218.073], [2530832.839, 1176224.344], [2530826.239, 1176197.774], [2530865.889, 1176186.752]]]}, "properties": {"OBJECTID": 52034743, "EGRID": "CH608345708358", "NUMERO": "2119", "NO_COM_FED": 5757, "GENRE_TXT": "parcelle priv\u00e9e", "SUPERFICIE_MO": 1197, "SUPERFICIE_RF": 1197}}, {"type": "Feature", "id": 52035180, "geometry": {"type": "Polygon", "coordinates": [[[2531052.84, 1176235.818], [2531047.67, 1176222.618], [2531048.06, 1176216.428], [2531054.59, 1176204.3969999999], [2531056.35, 1176201.1469999999], [2531057.57, 1176196.067], [2531057.139, 1176183.877], [2531058.309, 1176179.717], [2531072.769, 1176157.356], [2531078.069, 1176155.986], [2531085.459, 1176154.056], [2531074.159, 1176110.106], [2531072.219, 1176106.716], [2531068.809, 1176104.746], [2531065.029, 1176104.986], [2531059.179, 1176105.506], [2531078.099, 1176100.626], [2531108.98, 1176220.526], [2531117.401, 1176321.277], [2531118.101, 1176329.617], [2531111.711, 1176329.997], [2531111.321, 1176321.927], [2531107.35, 1176274.507], [2531095.86, 1176275.517], [2531094.27, 1176275.637], [2531089.13, 1176272.1469999999], [2531075.47, 1176254.9070000001], [2531073.25, 1176252.837], [2531056.36, 1176241.388], [2531053.71, 1176238.068], [2531052.84, 1176235.818]], [[2531056.7, 1176234.638], [2531060.37, 1176239.257], [2531077.26, 1176250.717], [2531090.87, 1176267.867], [2531095.22, 1176270.637], [2531100.6, 1176270.3969999999], [2531104.75, 1176266.947], [2531105.95, 1176261.706], [2531103.98, 1176238.206], [2531101.88, 1176221.746], [2531098.43, 1176205.546], [2531086.539, 1176159.456], [2531085.319, 1176158.736], [2531079.219, 1176160.306], [2531075.899, 1176161.586], [2531073.219, 1176164.056], [2531062.829, 1176180.097], [2531061.199, 1176185.867], [2531061.69, 1176199.707], [2531053.06, 1176215.607], [2531051.89, 1176219.778], [2531052.59, 1176224.078], [2531056.7, 1176234.638]]]}, "properties": {"OBJECTID": 52035180, "EGRID": "CH114543838286", "NUMERO": "144", "NO_COM_FED": 5757, "GENRE_TXT": "parcelle priv\u00e9e", "SUPERFICIE_MO": 2209, "SUPERFICIE_RF": 2209}}, {"type": "Feature", "id": 52035207, "geometry": {"type": "Polygon", "coordinates": [[[2530912.507, 1175057.879], [2530918.517, 1175067.909], [2530936.207, 1175097.178], [2530938.647, 1175100.588], [2530946.987, 1175112.278], [2530951.937, 1175119.1570000001], [2530957.298, 1175126.617], [2530966.978, 1175140.057], [2530975.908, 1175152.807], [2530970.688, 1175155.227], [2530934.757, 1175104.798], [2530931.487, 1175100.208], [2530913.827, 1175071.139], [2530907.057, 1175060.049], [2530901.647, 1175051.199], [2530900.907, 1175049.979], [2530890.006, 1175032.17], [2530881.126, 1175017.73], [2530872.966, 1175004.58], [2530876.626, 1175002.97], [2530878.536, 1175002.13], [2530894.946, 1175029.019], [2530906.357, 1175047.959], [2530912.507, 1175057.879]]]}, "properties": {"OBJECTID": 52035207, "EGRID": "CH768383450429", "NUMERO": "DP 126", "NO_COM_FED": 5757, "GENRE_TXT": "DP communal", "SUPERFICIE_MO": 1030, "SUPERFICIE_RF": null}}, {"type": "Feature", "id": 52035250, "geometry": {"type": "Polygon", "coordinates": [[[2530708.09, 1175410.405], [2530709.81, 1175410.785], [2530721.55, 1175413.754], [2530724.92, 1175414.594], [2530729.02, 1175415.964], [2530732.12, 1175416.974], [2530735.78, 1175418.104], [2530745.901, 1175420.244], [2530749.431, 1175421.094], [2530751.191, 1175421.204], [2530752.3310000002, 1175430.803], [2530753.8310000002, 1175443.303], [2530752.031, 1175443.583], [2530752.221, 1175444.683], [2530721.691, 1175446.634], [2530710.821, 1175447.195], [2530708.87, 1175422.365], [2530708.19, 1175412.625], [2530708.09, 1175410.405]]]}, "properties": {"OBJECTID": 52035250, "EGRID": "CH998383864539", "NUMERO": "598", "NO_COM_FED": 5757, "GENRE_TXT": "parcelle priv\u00e9e", "SUPERFICIE_MO": 1277, "SUPERFICIE_RF": 1277}}, {"type": "Feature", "id": 52035801, "geometry": {"type": "Polygon", "coordinates": [[[2530526.079, 1176235.082], [2530575.239, 1176180.36], [2530638.229, 1176176.989], [2530636.359, 1176183.549], [2530617.399, 1176233.22], [2530575.759, 1176235.441], [2530570.599, 1176235.731], [2530567.599, 1176239.071], [2530558.012, 1176249.735], [2530547.579, 1176261.342], [2530529.5, 1176281.452], [2530528.42, 1176278.7719999999], [2530526.849, 1176249.902], [2530526.079, 1176235.082]]]}, "properties": {"OBJECTID": 52035801, "EGRID": "CH982483458253", "NUMERO": "904", "NO_COM_FED": 5757, "GENRE_TXT": "parcelle priv\u00e9e", "SUPERFICIE_MO": 5327, "SUPERFICIE_RF": 5327}}, {"type": "Feature", "id": 52035864, "geometry": {"type": "Polygon", "coordinates": [[[2530674.204, 1175762.346], [2530687.744, 1175740.785], [2530697.474, 1175744.235], [2530697.754, 1175749.385], [2530716.944, 1175755.894], [2530715.614, 1175759.844], [2530714.984, 1175761.474], [2530714.0439999998, 1175763.744], [2530712.085, 1175768.084], [2530710.475, 1175770.874], [2530707.335, 1175775.894], [2530706.415, 1175777.365], [2530704.825, 1175779.835], [2530701.015, 1175784.915], [2530695.935, 1175791.005], [2530670.244, 1175769.056], [2530674.204, 1175762.346]]]}, "properties": {"OBJECTID": 52035864, "EGRID": "CH244583822492", "NUMERO": "801", "NO_COM_FED": 5757, "GENRE_TXT": "parcelle priv\u00e9e", "SUPERFICIE_MO": 1262, "SUPERFICIE_RF": 1262}}, {"type": "Feature", "id": 52035935, "geometry": {"type": "Polygon", "coordinates": [[[2530170.624, 1174384.095], [2530160.718, 1174385.599], [2530101.018, 1174394.934], [2530080.787, 1174250.206], [2530084.33, 1174246.54], [2530130.455, 1174238.62], [2530134.618, 1174241.368], [2530157.327, 1174310.398], [2530165.647, 1174352.614], [2530170.624, 1174384.095]]]}, "properties": {"OBJECTID": 52035935, "EGRID": "CH955683904513", "NUMERO": "2345", "NO_COM_FED": 5757, "GENRE_TXT": "parcelle priv\u00e9e", "SUPERFICIE_MO": 9713, "SUPERFICIE_RF": 9713}}, {"type": "Feature", "id": 52036362, "geometry": {"type": "Polygon", "coordinates": [[[2531000.338, 1175139.926], [2531006.658, 1175135.896], [2531012.078, 1175132.115], [2531012.798, 1175131.615], [2531018.818, 1175127.145], [2531024.678, 1175122.465], [2531030.878, 1175117.025], [2531034.438, 1175113.515], [2531036.978, 1175110.905], [2531040.908, 1175106.875], [2531044.707, 1175102.964], [2531055.017, 1175093.284], [2531065.047, 1175084.084], [2531070.727, 1175078.874], [2531071.147, 1175078.494], [2531078.307, 1175071.653], [2531079.167, 1175070.823], [2531083.187, 1175066.973], [2531096.207, 1175070.923], [2531093.207, 1175074.003], [2531089.777, 1175074.163], [2531077.297, 1175085.663], [2531071.237, 1175091.244], [2531070.787, 1175091.664], [2531063.287, 1175098.774], [2531052.718, 1175110.264], [2531040.778, 1175123.325], [2531040.4234520136, 1175123.7294995417], [2531040.129919576, 1175124.1802354534], [2531039.903348632, 1175124.6680773965], [2531039.748328719, 1175125.1831433927], [2531039.668, 1175125.715], [2531025.238, 1175140.085], [2531002.608, 1175152.086], [2530983.118, 1175161.926], [2530975.908, 1175152.807], [2530988.828, 1175146.196], [2530994.818, 1175143.086], [2531000.338, 1175139.926]]]}, "properties": {"OBJECTID": 52036362, "EGRID": "CH487083458347", "NUMERO": "DP 146", "NO_COM_FED": 5757, "GENRE_TXT": "DP communal", "SUPERFICIE_MO": 1599, "SUPERFICIE_RF": null}}, {"type": "Feature", "id": 52036389, "geometry": {"type": "Polygon", "coordinates": [[[2530790.636, 1175029.833], [2530787.946, 1175032.673], [2530768.556, 1175053.693], [2530765.106, 1175057.994], [2530757.906, 1175052.214], [2530757.286, 1175052.834], [2530753.806, 1175047.024], [2530747.406, 1175037.574], [2530745.116, 1175034.564], [2530744.696, 1175033.994], [2530743.606, 1175032.574], [2530765.036, 1175013.784], [2530765.136, 1175013.704], [2530774.866, 1175007.003], [2530780.386, 1175014.583], [2530784.426, 1175020.503], [2530784.176, 1175020.873], [2530790.636, 1175029.833]]]}, "properties": {"OBJECTID": 52036389, "EGRID": "CH938383450311", "NUMERO": "359", "NO_COM_FED": 5757, "GENRE_TXT": "parcelle priv\u00e9e", "SUPERFICIE_MO": 1233, "SUPERFICIE_RF": 1233}}, {"type": "Feature", "id": 52036483, "geometry": {"type": "Polygon", "coordinates": [[[2530686.465, 1174956.066], [2530690.505, 1174966.256], [2530699.155, 1174986.056], [2530700.385, 1174988.926], [2530703.665, 1174995.756], [2530707.886, 1175003.185], [2530710.666, 1175007.895], [2530713.536, 1175012.575], [2530719.196, 1175022.225], [2530720.506, 1175024.475], [2530711.366, 1175024.365], [2530698.606, 1175003.786], [2530696.005, 1175000.196], [2530694.565, 1175000.956], [2530678.805, 1174970.126], [2530672.325, 1174949.677], [2530671.505, 1174948.027], [2530665.535, 1174935.807], [2530660.455, 1174925.277], [2530651.184, 1174906.1570000001], [2530650.774, 1174906.367], [2530636.684, 1174890.668], [2530631.574, 1174884.258], [2530620.574, 1174870.458], [2530624.484, 1174861.268], [2530626.744, 1174858.918], [2530636.484, 1174871.308], [2530641.184, 1174877.248], [2530646.154, 1174883.608], [2530652.554, 1174893.967], [2530652.2939999998, 1174894.607], [2530658.574, 1174903.927], [2530660.0439999998, 1174906.537], [2530670.595, 1174927.417], [2530672.775, 1174926.8969999999], [2530685.705, 1174951.116], [2530686.465, 1174956.066]]]}, "properties": {"OBJECTID": 52036483, "EGRID": "CH828372834569", "NUMERO": "DP 129", "NO_COM_FED": 5757, "GENRE_TXT": "DP communal", "SUPERFICIE_MO": 1892, "SUPERFICIE_RF": null}}, {"type": "Feature", "id": 52036565, "geometry": {"type": "Polygon", "coordinates": [[[2531011.645, 1174817.663], [2531025.082, 1174769.295], [2531041.848, 1174773.951], [2531028.411, 1174822.32], [2531011.645, 1174817.663]]]}, "properties": {"OBJECTID": 52036565, "EGRID": "CH874508048310", "NUMERO": "2817", "NO_COM_FED": 5757, "GENRE_TXT": "parcelle priv\u00e9e", "SUPERFICIE_MO": 874, "SUPERFICIE_RF": 873}}, {"type": "Feature", "id": 52036647, "geometry": {"type": "Polygon", "coordinates": [[[2530606.648, 1175211.138], [2530604.488, 1175211.418], [2530604.308, 1175211.448], [2530593.088, 1175212.759], [2530591.378, 1175212.979], [2530582.528, 1175213.979], [2530582.668, 1175210.869], [2530583.387, 1175194.739], [2530582.537, 1175182.009], [2530581.637, 1175174.479], [2530581.577, 1175173.969], [2530581.017, 1175169.119], [2530580.097, 1175165.229], [2530578.947, 1175160.389], [2530578.207, 1175157.289], [2530588.797, 1175154.989], [2530590.097, 1175154.699], [2530592.677, 1175154.139], [2530593.127, 1175156.529], [2530593.917, 1175158.509], [2530594.907, 1175160.429], [2530596.107, 1175162.199], [2530601.417, 1175166.359], [2530606.648, 1175211.138]]]}, "properties": {"OBJECTID": 52036647, "EGRID": "CH568383457130", "NUMERO": "653", "NO_COM_FED": 5757, "GENRE_TXT": "parcelle priv\u00e9e", "SUPERFICIE_MO": 1179, "SUPERFICIE_RF": 1179}}, {"type": "Feature", "id": 52036828, "geometry": {"type": "Polygon", "coordinates": [[[2530639.949, 1175273.957], [2530638.608, 1175264.287], [2530636.778, 1175264.717], [2530635.618, 1175255.727], [2530651.418, 1175253.357], [2530652.548, 1175261.597], [2530651.198, 1175261.797], [2530652.4390000002, 1175271.307], [2530639.949, 1175273.957]]]}, "properties": {"OBJECTID": 52036828, "EGRID": "CH774583748332", "NUMERO": "389", "NO_COM_FED": 5757, "GENRE_TXT": "parcelle priv\u00e9e", "SUPERFICIE_MO": 262, "SUPERFICIE_RF": 262}}, {"type": "Feature", "id": 52036976, "geometry": {"type": "Polygon", "coordinates": [[[2530720.534, 1176005.739], [2530713.007, 1175990.325], [2530705.097, 1175978.945], [2530694.607, 1175972.435], [2530690.587, 1175975.415], [2530681.067, 1175943.035], [2530682.627, 1175946.125], [2530686.127, 1175951.835], [2530688.507, 1175955.215], [2530690.847, 1175958.395], [2530693.727, 1175963.225], [2530694.947, 1175964.395], [2530695.157, 1175964.585], [2530700.737, 1175967.585], [2530704.147, 1175969.935], [2530710.077, 1175974.145], [2530717.857, 1175980.064], [2530719.357, 1175981.324], [2530720.807, 1175982.904], [2530725.397, 1175988.634], [2530735.407, 1176009.564], [2530723.457, 1176011.755], [2530720.534, 1176005.739]]]}, "properties": {"OBJECTID": 52036976, "EGRID": "CH174583048358", "NUMERO": "DP 29", "NO_COM_FED": 5757, "GENRE_TXT": "DP communal", "SUPERFICIE_MO": 679, "SUPERFICIE_RF": null}}, {"type": "Feature", "id": 52037210, "geometry": {"type": "Polygon", "coordinates": [[[2530530.327, 1175136.601], [2530534.967, 1175136.621], [2530534.777, 1175153.841], [2530530.137, 1175153.811], [2530530.327, 1175136.601]]]}, "properties": {"OBJECTID": 52037210, "EGRID": "CH828315834597", "NUMERO": "2618", "NO_COM_FED": 5757, "GENRE_TXT": "DDP superficie", "SUPERFICIE_MO": 80, "SUPERFICIE_RF": 80}}, {"type": "Feature", "id": 52037424, "geometry": {"type": "Polygon", "coordinates": [[[2530552.126, 1175912.809], [2530555.556, 1175934.549], [2530521.066, 1175939.59], [2530517.806, 1175917.83], [2530552.126, 1175912.809]]]}, "properties": {"OBJECTID": 52037424, "EGRID": "CH914567838283", "NUMERO": "1503", "NO_COM_FED": 5757, "GENRE_TXT": "parcelle priv\u00e9e", "SUPERFICIE_MO": 765, "SUPERFICIE_RF": 765}}, {"type": "Feature", "id": 52037568, "geometry": {"type": "Polygon", "coordinates": [[[2531372.148, 1176379.052], [2531376.263, 1176379.288], [2531375.819, 1176385.651], [2531510.052, 1176393.527], [2531525.712, 1176392.767], [2531610.503, 1176380.247], [2531596.934074026, 1176407.9038461214], [2531583.7939999998, 1176435.767], [2531573.5140908253, 1176458.32979734], [2531563.514, 1176481.018], [2531547.164, 1176519.049], [2531373.243, 1176543.112], [2531363.067, 1176421.021], [2531364.591, 1176394.573], [2531372.148, 1176379.052]]]}, "properties": {"OBJECTID": 52037568, "EGRID": "CH874583848365", "NUMERO": "49", "NO_COM_FED": 5757, "GENRE_TXT": "parcelle priv\u00e9e", "SUPERFICIE_MO": 29466, "SUPERFICIE_RF": 29465}}, {"type": "Feature", "id": 52037757, "geometry": {"type": "Polygon", "coordinates": [[[2530648.975, 1174948.187], [2530650.625, 1174950.067], [2530651.195, 1174949.497], [2530660.295, 1174959.587], [2530659.855, 1174959.997], [2530660.505, 1174960.517], [2530661.655, 1174961.707], [2530657.685, 1174965.997], [2530639.655, 1174974.268], [2530639.675, 1174972.448], [2530640.815, 1174956.338], [2530643.765, 1174953.318], [2530648.815, 1174948.037], [2530648.975, 1174948.187]]]}, "properties": {"OBJECTID": 52037757, "EGRID": "CH314598838307", "NUMERO": "1193", "NO_COM_FED": 5757, "GENRE_TXT": "parcelle priv\u00e9e", "SUPERFICIE_MO": 329, "SUPERFICIE_RF": 329}}, {"type": "Feature", "id": 52038416, "geometry": {"type": "Polygon", "coordinates": [[[2530580.676, 1175876.108], [2530601.656, 1175887.308], [2530590.676, 1175907.928], [2530569.696, 1175896.739], [2530580.676, 1175876.108]]]}, "properties": {"OBJECTID": 52038416, "EGRID": "CH174583138331", "NUMERO": "1252", "NO_COM_FED": 5757, "GENRE_TXT": "parcelle priv\u00e9e", "SUPERFICIE_MO": 556, "SUPERFICIE_RF": 556}}, {"type": "Feature", "id": 52038449, "geometry": {"type": "Polygon", "coordinates": [[[2530948.489, 1176139.05], [2530952.999, 1176159.57], [2530949.089, 1176156.94], [2530944.609, 1176153.93], [2530936.459, 1176155.39], [2530875.269, 1176166.332], [2530870.079, 1176174.392], [2530864.859, 1176153.952], [2530873.489, 1176159.552], [2530899.739, 1176154.861], [2530900.909, 1176154.631], [2530924.489, 1176150.02], [2530943.099, 1176147.08], [2530948.489, 1176139.05]]]}, "properties": {"OBJECTID": 52038449, "EGRID": "CH344583824438", "NUMERO": "DP 26", "NO_COM_FED": 5757, "GENRE_TXT": "DP communal", "SUPERFICIE_MO": 698, "SUPERFICIE_RF": null}}, {"type": "Feature", "id": 52038454, "geometry": {"type": "Polygon", "coordinates": [[[2531364.724, 1174523.018], [2531370.554, 1174521.588], [2531373.154, 1174532.788], [2531367.334, 1174534.2179999999], [2531364.724, 1174523.018]]]}, "properties": {"OBJECTID": 52038454, "EGRID": "CH451283834534", "NUMERO": "2624", "NO_COM_FED": 5757, "GENRE_TXT": "parcelle priv\u00e9e", "SUPERFICIE_MO": 69, "SUPERFICIE_RF": 69}}, {"type": "Feature", "id": 52038829, "geometry": {"type": "Polygon", "coordinates": [[[2530671.627, 1176017.036], [2530672.617, 1176041.826], [2530670.198, 1176070.017], [2530664.958, 1176097.617], [2530654.708, 1176118.017], [2530520.208, 1176125.121], [2530515.307, 1176033.851], [2530598.787, 1176020.858], [2530671.627, 1176017.036]]]}, "properties": {"OBJECTID": 52038829, "EGRID": "CH914565838204", "NUMERO": "891", "NO_COM_FED": 5757, "GENRE_TXT": "parcelle priv\u00e9e", "SUPERFICIE_MO": 14727, "SUPERFICIE_RF": 14727}}, {"type": "Feature", "id": 52039287, "geometry": {"type": "Polygon", "coordinates": [[[2530641.184, 1174877.248], [2530636.484, 1174871.308], [2530642.484, 1174856.578], [2530646.904, 1174847.868], [2530651.293, 1174841.1469999999], [2530655.123, 1174834.517], [2530664.643, 1174818.637], [2530668.493, 1174812.227], [2530671.233, 1174815.167], [2530673.103, 1174815.997], [2530669.613, 1174822.047], [2530655.144, 1174847.1570000001], [2530649.884, 1174857.717], [2530649.054, 1174860.1469999999], [2530641.184, 1174877.248]]]}, "properties": {"OBJECTID": 52039287, "EGRID": "CH280583458327", "NUMERO": "551", "NO_COM_FED": 5757, "GENRE_TXT": "parcelle priv\u00e9e", "SUPERFICIE_MO": 448, "SUPERFICIE_RF": 448}}, {"type": "Feature", "id": 52039394, "geometry": {"type": "Polygon", "coordinates": [[[2530642.076, 1174385.1], [2530677.222, 1174401.104], [2530658.605, 1174442.809], [2530620.849, 1174418.351], [2530642.076, 1174385.1]]]}, "properties": {"OBJECTID": 52039394, "EGRID": "CH929068834576", "NUMERO": "1177", "NO_COM_FED": 5757, "GENRE_TXT": "parcelle priv\u00e9e", "SUPERFICIE_MO": 1769, "SUPERFICIE_RF": 1769}}, {"type": "Feature", "id": 52039565, "geometry": {"type": "Polygon", "coordinates": [[[2530801.35, 1175380.662], [2530798.76, 1175356.862], [2530806.36, 1175354.402], [2530805.79, 1175345.0219999999], [2530814.68, 1175343.642], [2530816.13, 1175351.492], [2530820.61, 1175365.531], [2530822.4, 1175378.101], [2530801.35, 1175380.662]]]}, "properties": {"OBJECTID": 52039565, "EGRID": "CH138383459495", "NUMERO": "1491", "NO_COM_FED": 5757, "GENRE_TXT": "parcelle priv\u00e9e", "SUPERFICIE_MO": 601, "SUPERFICIE_RF": 601}}, {"type": "Feature", "id": 52039986, "geometry": {"type": "Polygon", "coordinates": [[[2530854.122, 1175531.99], [2530853.412, 1175534.81], [2530848.032, 1175537.62], [2530839.892, 1175543.391], [2530836.442, 1175545.651], [2530828.222, 1175522.241], [2530801.852, 1175524.242], [2530802.882, 1175515.252], [2530802.322, 1175509.372], [2530799.071, 1175477.602], [2530797.851, 1175462.852], [2530796.601, 1175452.192], [2530797.791, 1175452.472], [2530798.3310000002, 1175455.592], [2530806.671, 1175455.552], [2530806.651, 1175455.142], [2530816.531, 1175457.611], [2530817.761, 1175457.971], [2530823.021, 1175459.541], [2530827.881, 1175456.911], [2530833.771, 1175456.701], [2530835.771, 1175468.641], [2530850.151, 1175464.56], [2530857.562, 1175498.91], [2530855.472, 1175499.58], [2530857.722, 1175509.69], [2530856.632, 1175520.16], [2530854.122, 1175531.99]]]}, "properties": {"OBJECTID": 52039986, "EGRID": "CH638383457244", "NUMERO": "789", "NO_COM_FED": 5757, "GENRE_TXT": "parcelle priv\u00e9e", "SUPERFICIE_MO": 3838, "SUPERFICIE_RF": 3838}}, {"type": "Feature", "id": 52040090, "geometry": {"type": "Polygon", "coordinates": [[[2530377.442, 1174544.59], [2530387.2939999998, 1174509.351], [2530396.611, 1174512.965], [2530412.657, 1174522.636], [2530406.082, 1174553.806], [2530400.299, 1174552.636], [2530377.442, 1174544.59]]]}, "properties": {"OBJECTID": 52040090, "EGRID": "CH755683904581", "NUMERO": "1147", "NO_COM_FED": 5757, "GENRE_TXT": "parcelle priv\u00e9e", "SUPERFICIE_MO": 1015, "SUPERFICIE_RF": 1015}}, {"type": "Feature", "id": 52040095, "geometry": {"type": "Polygon", "coordinates": [[[2530634.958, 1175243.557], [2530635.828, 1175248.067], [2530632.018, 1175248.668], [2530632.928, 1175256.078], [2530625.568, 1175257.138], [2530623.518, 1175244.818], [2530634.958, 1175243.557]]]}, "properties": {"OBJECTID": 52040095, "EGRID": "CH244583837142", "NUMERO": "392", "NO_COM_FED": 5757, "GENRE_TXT": "parcelle priv\u00e9e", "SUPERFICIE_MO": 112, "SUPERFICIE_RF": 112}}, {"type": "Feature", "id": 52040306, "geometry": {"type": "Polygon", "coordinates": [[[2530894.776, 1174336.526], [2530936.66, 1174343.2], [2530931.968, 1174372.534], [2530892.309, 1174363.43], [2530894.776, 1174336.526]]]}, "properties": {"OBJECTID": 52040306, "EGRID": "CH309045688374", "NUMERO": "2407", "NO_COM_FED": 5757, "GENRE_TXT": "parcelle priv\u00e9e", "SUPERFICIE_MO": 1175, "SUPERFICIE_RF": 1175}}, {"type": "Feature", "id": 52040567, "geometry": {"type": "Polygon", "coordinates": [[[2530660.588, 1175220.957], [2530661.998, 1175220.677], [2530662.038, 1175220.347], [2530672.208, 1175219.946], [2530672.488, 1175225.906], [2530672.828, 1175232.866], [2530661.548, 1175232.297], [2530660.588, 1175220.957]]]}, "properties": {"OBJECTID": 52040567, "EGRID": "CH698382224551", "NUMERO": "428", "NO_COM_FED": 5757, "GENRE_TXT": "parcelle priv\u00e9e", "SUPERFICIE_MO": 142, "SUPERFICIE_RF": 142}}, {"type": "Feature", "id": 52040681, "geometry": {"type": "Polygon", "coordinates": [[[2530449.328, 1175254.153], [2530429.988, 1175263.184], [2530428.478, 1175260.384], [2530417.95, 1175213.617], [2530421.278, 1175197.874], [2530429.166, 1175171.95], [2530435.152, 1175160.302], [2530440.552, 1175149.563], [2530439.41, 1175109.178], [2530440.341, 1175094.615], [2530445.261, 1175091.307], [2530445.644, 1175078.254], [2530451.655, 1175061.98], [2530456.406, 1175055.564], [2530460.739, 1175056.521], [2530471.767, 1175061.623], [2530475.983, 1175063.555], [2530476.487, 1175067.275], [2530477.586, 1175067.482], [2530487.986, 1175083.702], [2530473.623, 1175085.884], [2530461.884, 1175088.709], [2530459.045, 1175094.339], [2530458.1859999998, 1175101.7], [2530462.138, 1175122.098], [2530460.753, 1175130.609], [2530461.566, 1175138.063], [2530462.057, 1175142.567], [2530462.26, 1175144.427], [2530461.526, 1175166.474], [2530460.32, 1175169.535], [2530455.337, 1175177.87], [2530443.192, 1175193.642], [2530440.862, 1175213.338], [2530446.588, 1175248.902], [2530449.328, 1175254.153]]]}, "properties": {"OBJECTID": 52040681, "EGRID": "CH698390684535", "NUMERO": "DP 186", "NO_COM_FED": 5757, "GENRE_TXT": "DP cantonal", "SUPERFICIE_MO": 4742, "SUPERFICIE_RF": null}}, {"type": "Feature", "id": 52041150, "geometry": {"type": "Polygon", "coordinates": [[[2530801.852, 1175524.242], [2530828.222, 1175522.241], [2530836.442, 1175545.651], [2530820.302, 1175553.951], [2530815.002, 1175556.491], [2530808.652, 1175558.151], [2530799.582, 1175559.042], [2530796.852, 1175559.342], [2530800.382, 1175534.932], [2530801.532, 1175526.992], [2530801.852, 1175524.242]]]}, "properties": {"OBJECTID": 52041150, "EGRID": "CH957183834517", "NUMERO": "780", "NO_COM_FED": 5757, "GENRE_TXT": "parcelle priv\u00e9e", "SUPERFICIE_MO": 1051, "SUPERFICIE_RF": 1051}}, {"type": "Feature", "id": 52041786, "geometry": {"type": "Polygon", "coordinates": [[[2530234.291, 1174947.672], [2530232.664, 1174968.575], [2530184.117, 1174961.071], [2530179.347, 1174955.326], [2530179.539, 1174945.319], [2530234.291, 1174947.672]]]}, "properties": {"OBJECTID": 52041786, "EGRID": "CH738390456947", "NUMERO": "2318", "NO_COM_FED": 5757, "GENRE_TXT": "parcelle priv\u00e9e", "SUPERFICIE_MO": 964, "SUPERFICIE_RF": 964}}, {"type": "Feature", "id": 52042027, "geometry": {"type": "Polygon", "coordinates": [[[2531095.202, 1174298.812], [2531102.082, 1174293.732], [2531185.422, 1174273.681], [2531189.362, 1174274.321], [2531191.452, 1174277.801], [2531198.792, 1174369.111], [2531203.353, 1174454.561], [2531206.493, 1174512.41], [2531146.863, 1174514], [2531137.102, 1174504.871], [2531115.552, 1174490.701], [2531088.042, 1174478.2820000001], [2531064.372, 1174472.512], [2531059.082, 1174473.372], [2531076.591, 1174379.822], [2531095.202, 1174298.812]]]}, "properties": {"OBJECTID": 52042027, "EGRID": "CH589483458344", "NUMERO": "248", "NO_COM_FED": 5757, "GENRE_TXT": "parcelle priv\u00e9e", "SUPERFICIE_MO": 26491, "SUPERFICIE_RF": 26456}}, {"type": "Feature", "id": 52042123, "geometry": {"type": "Polygon", "coordinates": [[[2530826.121, 1174625.592], [2530824.771, 1174628.5320000001], [2530815.212, 1174647.372], [2530806.592, 1174666.193], [2530805.142, 1174668.113], [2530790.732, 1174687.183], [2530779.942, 1174696.223], [2530737.452, 1174731.825], [2530727.382, 1174741.305], [2530727.833, 1174741.925], [2530722.073, 1174745.035], [2530713.473, 1174749.156], [2530711.833, 1174748.066], [2530714.343, 1174744.916], [2530733.132, 1174727.395], [2530737.632, 1174723.255], [2530751.882, 1174710.214], [2530759.652, 1174704.114], [2530769.152, 1174696.704], [2530782.422, 1174678.823], [2530789.302, 1174666.483], [2530794.945, 1174656.618], [2530806.226, 1174642.567], [2530817.655, 1174625.036], [2530819.784, 1174620.384], [2530832.492, 1174592.619], [2530837.06, 1174583.601], [2530846.62, 1174564.7280000001], [2530850.713, 1174558.591], [2530861.515, 1174542.652], [2530868.647, 1174537.626], [2530866.446, 1174551.002], [2530859.398, 1174560.055], [2530852.652, 1174568.94], [2530839.967, 1174595.767], [2530826.121, 1174625.592]]]}, "properties": {"OBJECTID": 52042123, "EGRID": "CH569083456739", "NUMERO": "1067", "NO_COM_FED": 5757, "GENRE_TXT": "parcelle priv\u00e9e", "SUPERFICIE_MO": 2225, "SUPERFICIE_RF": 2225}}, {"type": "Feature", "id": 52042584, "geometry": {"type": "Polygon", "coordinates": [[[2530722.8109999998, 1174647.959], [2530694.663, 1174627.038], [2530703.013, 1174609.517], [2530730.772, 1174617.845], [2530722.8109999998, 1174647.959]]]}, "properties": {"OBJECTID": 52042584, "EGRID": "CH814568839003", "NUMERO": "1052", "NO_COM_FED": 5757, "GENRE_TXT": "parcelle priv\u00e9e", "SUPERFICIE_MO": 785, "SUPERFICIE_RF": 785}}, {"type": "Feature", "id": 52042708, "geometry": {"type": "Polygon", "coordinates": [[[2530172.643, 1174544.042], [2530170.678, 1174541.47], [2530136.851, 1174548.525], [2530133.119, 1174549.303], [2530106.846, 1174554.858], [2530083.579, 1174559.769], [2530111.571, 1174472.408], [2530101.018, 1174394.934], [2530160.718, 1174385.599], [2530159.78, 1174429.559], [2530170.124, 1174465.472], [2530181.005, 1174481.383], [2530191.755, 1174493.874], [2530211.9, 1174507.83], [2530218.848, 1174513.472], [2530172.643, 1174544.042]]]}, "properties": {"OBJECTID": 52042708, "EGRID": "CH944583905689", "NUMERO": "2338", "NO_COM_FED": 5757, "GENRE_TXT": "parcelle priv\u00e9e", "SUPERFICIE_MO": 12007, "SUPERFICIE_RF": 12007}}, {"type": "Feature", "id": 52042965, "geometry": {"type": "Polygon", "coordinates": [[[2530641.184, 1174877.248], [2530649.054, 1174860.1469999999], [2530649.0809999993, 1174860.289], [2530649.124, 1174860.427], [2530649.186060535, 1174860.5661167596], [2530649.264, 1174860.697], [2530650.144, 1174861.627], [2530659.354, 1174860.817], [2530673.154, 1174859.767], [2530677.144, 1174859.467], [2530677.5439999998, 1174866.017], [2530677.724, 1174868.087], [2530672.224, 1174868.947], [2530670.824, 1174882.837], [2530671.404, 1174882.997], [2530671.344, 1174887.067], [2530670.354, 1174887.007], [2530660.474, 1174886.4070000001], [2530654.214, 1174886.027], [2530654.174, 1174886.227], [2530649.2939999998, 1174884.637], [2530646.154, 1174883.608], [2530641.184, 1174877.248]]]}, "properties": {"OBJECTID": 52042965, "EGRID": "CH428398834568", "NUMERO": "533", "NO_COM_FED": 5757, "GENRE_TXT": "parcelle priv\u00e9e", "SUPERFICIE_MO": 729, "SUPERFICIE_RF": 729}}, {"type": "Feature", "id": 52043326, "geometry": {"type": "Polygon", "coordinates": [[[2530070.238, 1174732.054], [2530067.023, 1174666.113], [2530119.033, 1174675.6030000001], [2530124.149, 1174715.904], [2530111.017, 1174719.106], [2530084.489, 1174727.488], [2530070.238, 1174732.054]]]}, "properties": {"OBJECTID": 52043326, "EGRID": "CH986983459091", "NUMERO": "2329", "NO_COM_FED": 5757, "GENRE_TXT": "parcelle priv\u00e9e", "SUPERFICIE_MO": 2807, "SUPERFICIE_RF": 2807}}, {"type": "Feature", "id": 52043413, "geometry": {"type": "Polygon", "coordinates": [[[2530126.868, 1174808.953], [2530113.633, 1174783.89], [2530144.221, 1174766.679], [2530157.852, 1174791.471], [2530126.868, 1174808.953]]]}, "properties": {"OBJECTID": 52043413, "EGRID": "CH869083456932", "NUMERO": "2653", "NO_COM_FED": 5757, "GENRE_TXT": "parcelle priv\u00e9e", "SUPERFICIE_MO": 1000, "SUPERFICIE_RF": 1000}}, {"type": "Feature", "id": 52043544, "geometry": {"type": "Polygon", "coordinates": [[[2530371.325, 1175850.985], [2530369.214, 1175828.535], [2530379.609, 1175829.821], [2530390.117, 1175833.882], [2530394.188, 1175835.824], [2530398.0439999998, 1175838.384], [2530401.068, 1175841.038], [2530404.004, 1175844.308], [2530405.289, 1175847.02], [2530404.816, 1175850.112], [2530402.745, 1175852.305], [2530371.295, 1175851.425], [2530371.325, 1175850.985]]]}, "properties": {"OBJECTID": 52043544, "EGRID": "CH880083458355", "NUMERO": "788", "NO_COM_FED": 5757, "GENRE_TXT": "parcelle priv\u00e9e", "SUPERFICIE_MO": 616, "SUPERFICIE_RF": 616}}, {"type": "Feature", "id": 52043775, "geometry": {"type": "Polygon", "coordinates": [[[2530850.358, 1174372.541], [2530850.422, 1174370.274], [2530850.693, 1174361.312], [2530853.971, 1174362.03], [2530855.953, 1174350.45], [2530887.81, 1174355.67], [2530885.734, 1174379.076], [2530850.358, 1174372.541]]]}, "properties": {"OBJECTID": 52043775, "EGRID": "CH274591908382", "NUMERO": "2752", "NO_COM_FED": 5757, "GENRE_TXT": "parcelle priv\u00e9e", "SUPERFICIE_MO": 795, "SUPERFICIE_RF": 795}}, {"type": "Feature", "id": 52043983, "geometry": {"type": "Polygon", "coordinates": [[[2530502.434, 1175794.611], [2530502.654, 1175795.631], [2530485.724, 1175798.552], [2530475.394, 1175797.382], [2530470.084, 1175772.822], [2530473.904, 1175773.242], [2530497.474, 1175771.451], [2530502.434, 1175794.611]]]}, "properties": {"OBJECTID": 52043983, "EGRID": "CH308245228340", "NUMERO": "790", "NO_COM_FED": 5757, "GENRE_TXT": "parcelle priv\u00e9e", "SUPERFICIE_MO": 691, "SUPERFICIE_RF": 691}}, {"type": "Feature", "id": 52044275, "geometry": {"type": "Polygon", "coordinates": [[[2531243.703, 1174911.64], [2531244.649, 1174910.779], [2531244.722, 1174909.079], [2531245.679, 1174906.238], [2531248.079, 1174903.082], [2531250.73, 1174900.808], [2531253.3109999998, 1174899.267], [2531271.152, 1174890.146], [2531274.611, 1174888.13], [2531280.475, 1174884.313], [2531283.097, 1174882.845], [2531306.265, 1174871.107], [2531315.965, 1174865.918], [2531326.945, 1174859.812], [2531337.377, 1174855.142], [2531346.677, 1174851.432], [2531375.772, 1174843.528], [2531377.824, 1174843.5219999999], [2531385.054, 1174841.464], [2531395.132, 1174839.797], [2531417.738, 1174837.027], [2531449.77, 1174829.76], [2531451.909, 1174830.35], [2531454.828, 1174832.2820000001], [2531464.332, 1174831.621], [2531471.367, 1174828.961], [2531473.908, 1174826.29], [2531477.226, 1174823.759], [2531482.862, 1174822.304], [2531486.371, 1174821.442], [2531487.678, 1174827.941], [2531535.027, 1175063.248], [2531533.38, 1175063.606], [2531528.32, 1175064.706], [2531525.71, 1175071.186], [2531516.08, 1175081.456], [2531483.102, 1175086.895], [2531452.365, 1175058.13], [2531438.11, 1175073.361], [2531368.207, 1175024.884], [2531339.683, 1175055.052], [2531299.675, 1175017.226], [2531325.773, 1174989.776], [2531243.703, 1174911.64]]]}, "properties": {"OBJECTID": 52044275, "EGRID": "CH809545698357", "NUMERO": "2789", "NO_COM_FED": 5757, "GENRE_TXT": "parcelle priv\u00e9e", "SUPERFICIE_MO": 47395, "SUPERFICIE_RF": 47426}}, {"type": "Feature", "id": 52044309, "geometry": {"type": "Polygon", "coordinates": [[[2531129.747, 1175007.342], [2531120.797, 1175019.942], [2531110.117, 1175034.602], [2531109.937, 1175034.832], [2531096.077, 1175026.113], [2531084.827, 1175019.413], [2531095.93, 1175004.02], [2531107.556, 1174987.903], [2531118.126, 1174995.242], [2531129.747, 1175007.342]]]}, "properties": {"OBJECTID": 52044309, "EGRID": "CH574583038322", "NUMERO": "996", "NO_COM_FED": 5757, "GENRE_TXT": "parcelle priv\u00e9e", "SUPERFICIE_MO": 1089, "SUPERFICIE_RF": 1089}}, {"type": "Feature", "id": 52044358, "geometry": {"type": "Polygon", "coordinates": [[[2531209.463, 1174564.969], [2531213.104, 1174614.048], [2531217.154, 1174638.447], [2531209.714, 1174614.558], [2531190.053, 1174568.439], [2531209.463, 1174564.969]]]}, "properties": {"OBJECTID": 52044358, "EGRID": "CH474583038356", "NUMERO": "251", "NO_COM_FED": 5757, "GENRE_TXT": "parcelle priv\u00e9e", "SUPERFICIE_MO": 608, "SUPERFICIE_RF": 608}}, {"type": "Feature", "id": 52044591, "geometry": {"type": "Polygon", "coordinates": [[[2530728.276, 1175057.745], [2530726.4560000002, 1175052.385], [2530734.156, 1175047.675], [2530737.336, 1175053.074], [2530728.276, 1175057.745]]]}, "properties": {"OBJECTID": 52044591, "EGRID": "CH428303834550", "NUMERO": "354", "NO_COM_FED": 5757, "GENRE_TXT": "parcelle priv\u00e9e", "SUPERFICIE_MO": 57, "SUPERFICIE_RF": 57}}, {"type": "Feature", "id": 52044597, "geometry": {"type": "Polygon", "coordinates": [[[2531318.056, 1174849.0219999999], [2531316.106, 1174842.332], [2531296.866, 1174848.382], [2531277.076, 1174854.362], [2531273.836, 1174855.192], [2531271.2060000002, 1174838.713], [2531274.036, 1174838.203], [2531279.196, 1174837.253], [2531289.906, 1174831.043], [2531292.696, 1174829.423], [2531288.826, 1174806.773], [2531330.946, 1174797.3530000001], [2531348.966, 1174804.153], [2531368.057, 1174810.0320000001], [2531382.317, 1174812.822], [2531382.037, 1174823.432], [2531348.817, 1174834.002], [2531318.056, 1174849.0219999999]]]}, "properties": {"OBJECTID": 52044597, "EGRID": "CH908245228330", "NUMERO": "280", "NO_COM_FED": 5757, "GENRE_TXT": "parcelle priv\u00e9e", "SUPERFICIE_MO": 3433, "SUPERFICIE_RF": 3425}}, {"type": "Feature", "id": 52044622, "geometry": {"type": "Polygon", "coordinates": [[[2530678.079, 1176167.277], [2530656.369, 1176163.168], [2530668.278, 1176131.067], [2530682.158, 1176133.337], [2530678.079, 1176167.277]]]}, "properties": {"OBJECTID": 52044622, "EGRID": "CH738382452665", "NUMERO": "919", "NO_COM_FED": 5757, "GENRE_TXT": "parcelle priv\u00e9e", "SUPERFICIE_MO": 613, "SUPERFICIE_RF": 613}}, {"type": "Feature", "id": 52045273, "geometry": {"type": "Polygon", "coordinates": [[[2530295.19, 1174682.02], [2530289.673, 1174681.065], [2530292.693, 1174664.092], [2530327.567, 1174662.508], [2530327.694, 1174671.399], [2530315.533, 1174687.681], [2530295.19, 1174682.02]]]}, "properties": {"OBJECTID": 52045273, "EGRID": "CH186983459072", "NUMERO": "1131", "NO_COM_FED": 5757, "GENRE_TXT": "parcelle priv\u00e9e", "SUPERFICIE_MO": 708, "SUPERFICIE_RF": 708}}, {"type": "Feature", "id": 52045425, "geometry": {"type": "Polygon", "coordinates": [[[2530723.175, 1174938.015], [2530719.265, 1174931.195], [2530717.005, 1174927.385], [2530710.285, 1174917.365], [2530709.635, 1174916.315], [2530709.885, 1174916.125], [2530706.584, 1174910.546], [2530704.502, 1174906.457], [2530700.243, 1174898.1469999999], [2530697.446, 1174892.629], [2530696.984, 1174892.696], [2530693.114, 1174880.076], [2530692.454, 1174877.466], [2530692.097846719, 1174876.7562711106], [2530691.6443465664, 1174876.1044292068], [2530691.102724973, 1174875.5237345318], [2530690.484, 1174875.026], [2530689.84016495, 1174874.6410753976], [2530689.1504454412, 1174874.3461558828], [2530688.4273518734, 1174874.1465908207], [2530687.684, 1174874.046], [2530679.804, 1174875.206], [2530679.516914799, 1174875.3121221517], [2530679.248953902, 1174875.4600301683], [2530679.006157875, 1174875.6463898018], [2530678.7939999998, 1174875.867], [2530678.6159498864, 1174876.1200408214], [2530678.4780030907, 1174876.3969924087], [2530678.383300942, 1174876.6915480115], [2530678.334, 1174876.997], [2530678.354, 1174879.617], [2530678.554, 1174883.287], [2530680.374, 1174895.276], [2530681.284, 1174901.586], [2530681.324, 1174901.856], [2530682.094, 1174907.326], [2530681.614, 1174907.416], [2530682.834, 1174911.996], [2530679.784, 1174912.476], [2530680.774, 1174920.076], [2530685.705, 1174951.116], [2530672.775, 1174926.8969999999], [2530670.824, 1174904.167], [2530671.154, 1174893.837], [2530671.344, 1174887.067], [2530671.404, 1174882.997], [2530670.824, 1174882.837], [2530672.224, 1174868.947], [2530677.724, 1174868.087], [2530678.884, 1174867.8969999999], [2530693.894, 1174865.546], [2530696.704, 1174871.526], [2530701.284, 1174876.936], [2530702.264, 1174878.616], [2530707.124, 1174890.156], [2530710.194, 1174897.565], [2530713.414, 1174903.035], [2530719.664, 1174913.265], [2530723.875, 1174920.515], [2530726.855, 1174926.465], [2530729.845, 1174932.985], [2530733.985, 1174943.365], [2530742.295, 1174956.184], [2530742.3829459012, 1174956.307673119], [2530742.490055291, 1174956.4151770752], [2530742.6134041985, 1174956.5035771255], [2530742.7496253317, 1174956.5704600445], [2530742.895, 1174956.614], [2530742.405, 1174961.944], [2530738.335, 1174958.004], [2530738.025, 1174957.735], [2530737.905, 1174957.835], [2530733.675, 1174952.705], [2530733.025, 1174952.945], [2530729.235, 1174947.415], [2530725.005, 1174940.985], [2530723.175, 1174938.015]]]}, "properties": {"OBJECTID": 52045425, "EGRID": "CH814572838371", "NUMERO": "DP 134", "NO_COM_FED": 5757, "GENRE_TXT": "DP communal", "SUPERFICIE_MO": 1574, "SUPERFICIE_RF": null}}, {"type": "Feature", "id": 52045433, "geometry": {"type": "Polygon", "coordinates": [[[2530883.53, 1176318.943], [2530858.53, 1176323.124], [2530855.17, 1176303.424], [2530871.33, 1176299.203], [2530872.29, 1176302.903], [2530873.22, 1176306.453], [2530874.15, 1176310.023], [2530879.93, 1176308.513], [2530879, 1176304.943], [2530878.08, 1176301.403], [2530877.11, 1176297.683], [2530877.89, 1176297.493], [2530878.47, 1176299.703], [2530883.53, 1176318.943]]]}, "properties": {"OBJECTID": 52045433, "EGRID": "CH574583868364", "NUMERO": "2141", "NO_COM_FED": 5757, "GENRE_TXT": "parcelle priv\u00e9e", "SUPERFICIE_MO": 447, "SUPERFICIE_RF": 447}}, {"type": "Feature", "id": 52045828, "geometry": {"type": "Polygon", "coordinates": [[[2531449.414, 1175604.601], [2531492.914, 1175603.59], [2531449.453, 1175528.951], [2531396.534, 1175550.923], [2531390.334, 1175549.143], [2531447.513, 1175525.281], [2531427.373, 1175487.832], [2531467.763, 1175459.24], [2531492.563, 1175484.61], [2531573.834, 1175558.3969999999], [2531484.775, 1175660.85], [2531469.985, 1175641.271], [2531449.414, 1175604.601]]]}, "properties": {"OBJECTID": 52045828, "EGRID": "CH214524838229", "NUMERO": "170", "NO_COM_FED": 5757, "GENRE_TXT": "parcelle priv\u00e9e", "SUPERFICIE_MO": 13324, "SUPERFICIE_RF": 13324}}, {"type": "Feature", "id": 52046005, "geometry": {"type": "Polygon", "coordinates": [[[2530608.364, 1174855.109], [2530599.8140000002, 1174870.129], [2530589.854, 1174892.449], [2530588.594, 1174896.189], [2530574.864, 1174929.13], [2530572.944, 1174928.02], [2530571.844, 1174926.97], [2530570.014, 1174924.07], [2530570.034, 1174921.69], [2530570.574, 1174920.33], [2530570.684, 1174916.7], [2530569.764, 1174912], [2530564.784, 1174902.02], [2530551.3140000002, 1174896.09], [2530549.584, 1174895.57], [2530548.354, 1174894.82], [2530543.274, 1174893.99], [2530543.174, 1174894.58], [2530536.0439999998, 1174894.19], [2530524.984, 1174878.68], [2530523.234, 1174875.2], [2530522.344, 1174872.92], [2530520.804, 1174866.57], [2530520.013, 1174858.86], [2530519.163, 1174855.85], [2530518.303, 1174851.44], [2530517.683, 1174849.59], [2530517.203, 1174842.72], [2530519.253, 1174842.04], [2530528.593, 1174842.44], [2530528.072954963, 1174842.9550516042], [2530527.633, 1174843.54], [2530527.2849315046, 1174844.178150684], [2530527.033, 1174844.86], [2530527.003, 1174847.72], [2530527.953, 1174852.04], [2530530.163, 1174857.04], [2530535.234, 1174866.85], [2530542.994, 1174873.84], [2530546.754, 1174876.55], [2530550.214, 1174878.47], [2530553.874, 1174880.01], [2530555.184, 1174880], [2530556.404, 1174879.16], [2530560.964, 1174874.2], [2530578.723, 1174854.98], [2530574.903, 1174851.73], [2530594.063, 1174836.939], [2530601.653, 1174846.579], [2530606.714, 1174853.019], [2530608.364, 1174855.109]]]}, "properties": {"OBJECTID": 52046005, "EGRID": "CH814574838353", "NUMERO": "498", "NO_COM_FED": 5757, "GENRE_TXT": "parcelle priv\u00e9e", "SUPERFICIE_MO": 3142, "SUPERFICIE_RF": 3142}}, {"type": "Feature", "id": 52046275, "geometry": {"type": "Polygon", "coordinates": [[[2531180.652, 1173913.458], [2531190.262, 1173915.348], [2531183.756, 1173952.591], [2531181.591, 1173964.988], [2531179.882, 1173974.769], [2531176.892, 1173987.009], [2531175.192, 1173996.189], [2531169.202, 1174014.449], [2531126.092, 1174179.821], [2531098.522, 1174286.182], [2531089.338, 1174284.699], [2531107.804, 1174215.057], [2531117.842, 1174177.281], [2531159.962, 1174014.269], [2531169.842, 1173972.769], [2531180.652, 1173913.458]]]}, "properties": {"OBJECTID": 52046275, "EGRID": "CH808345878336", "NUMERO": "DP 1038", "NO_COM_FED": 5757, "GENRE_TXT": "DP cantonal", "SUPERFICIE_MO": 3507, "SUPERFICIE_RF": null}}, {"type": "Feature", "id": 52046383, "geometry": {"type": "Polygon", "coordinates": [[[2530311.195, 1175896.327], [2530287.995, 1175893.988], [2530290.635, 1175873.438], [2530292.815, 1175855.668], [2530315.905, 1175858.387], [2530313.755, 1175876.027], [2530311.195, 1175896.327]]]}, "properties": {"OBJECTID": 52046383, "EGRID": "CH844583837330", "NUMERO": "864", "NO_COM_FED": 5757, "GENRE_TXT": "parcelle priv\u00e9e", "SUPERFICIE_MO": 894, "SUPERFICIE_RF": 894}}, {"type": "Feature", "id": 52046391, "geometry": {"type": "Polygon", "coordinates": [[[2530624.005, 1174934.168], [2530616.085, 1174957.138], [2530607.775, 1174974.859], [2530602.875, 1174993.179], [2530587.985, 1175012.009], [2530591.585, 1175013.809], [2530581.246, 1175032.699], [2530576.766, 1175043.98], [2530567.556, 1175067.74], [2530560.916, 1175086.11], [2530560.136, 1175090.29], [2530547.116, 1175094.47], [2530548.176, 1175084.26], [2530551.7060000002, 1175063.61], [2530566.775, 1175024.88], [2530580.345, 1175007.53], [2530591.575, 1174991.119], [2530598.245, 1174980.279], [2530605.935, 1174964.609], [2530612.465, 1174948.299], [2530614.164, 1174932.469], [2530617.784, 1174908.778], [2530631.574, 1174884.258], [2530636.684, 1174890.668], [2530631.444, 1174907.368], [2530628.034, 1174920.2280000001], [2530624.904, 1174930.348], [2530624.005, 1174934.168]]]}, "properties": {"OBJECTID": 52046391, "EGRID": "CH438383450186", "NUMERO": "2614", "NO_COM_FED": 5757, "GENRE_TXT": "parcelle priv\u00e9e", "SUPERFICIE_MO": 2540, "SUPERFICIE_RF": 2540}}, {"type": "Feature", "id": 52046896, "geometry": {"type": "Polygon", "coordinates": [[[2530433.579, 1175135.636], [2530425.579, 1175173.256], [2530414.375, 1175213.806], [2530425.918, 1175263.604], [2530421.978, 1175264.014], [2530389.082, 1175205.409], [2530378.789, 1175185.679], [2530373.821, 1175171.554], [2530373.458, 1175156.814], [2530374.578, 1175131.808], [2530433.579, 1175135.636]]]}, "properties": {"OBJECTID": 52046896, "EGRID": "CH629068834581", "NUMERO": "2313", "NO_COM_FED": 5757, "GENRE_TXT": "parcelle priv\u00e9e", "SUPERFICIE_MO": 4317, "SUPERFICIE_RF": 4317}}, {"type": "Feature", "id": 52047070, "geometry": {"type": "Polygon", "coordinates": [[[2531315.695, 1174633.686], [2531311.745, 1174614.727], [2531337.545, 1174608.727], [2531350.455, 1174665.425], [2531323.425, 1174670.925], [2531322.805, 1174667.776], [2531319.775, 1174653.286], [2531318.895, 1174648.866], [2531317.825, 1174643.836], [2531315.695, 1174633.686]]]}, "properties": {"OBJECTID": 52047070, "EGRID": "CH174583078349", "NUMERO": "273", "NO_COM_FED": 5757, "GENRE_TXT": "parcelle priv\u00e9e", "SUPERFICIE_MO": 1561, "SUPERFICIE_RF": 1557}}, {"type": "Feature", "id": 52047221, "geometry": {"type": "Polygon", "coordinates": [[[2530519.346, 1175081.401], [2530513.366, 1175077.172], [2530509.776, 1175074.632], [2530510.786, 1175073.562], [2530520.226, 1175051.701], [2530524.745, 1175024.771], [2530528.555, 1175011.041], [2530532.655, 1175003.001], [2530560.155, 1174976.44], [2530571.405, 1174966.75], [2530571.725, 1174966.49], [2530573.815, 1174968.4], [2530558.915, 1174991.45], [2530547.275, 1175000.261], [2530542.275, 1175005.261], [2530541.875, 1175014.861], [2530538.905, 1175025.531], [2530536.695, 1175034.321], [2530536.066, 1175040.931], [2530536.096, 1175054.901], [2530535.386, 1175059.211], [2530529.4560000002, 1175072.251], [2530526.996, 1175075.551], [2530519.346, 1175081.401]]]}, "properties": {"OBJECTID": 52047221, "EGRID": "CH308345988376", "NUMERO": "660", "NO_COM_FED": 5757, "GENRE_TXT": "parcelle priv\u00e9e", "SUPERFICIE_MO": 1523, "SUPERFICIE_RF": 1523}}, {"type": "Feature", "id": 52047341, "geometry": {"type": "Polygon", "coordinates": [[[2530700.263, 1174476.726], [2530711.468, 1174480.164], [2530726.849, 1174489.844], [2530724.87, 1174507.33], [2530733.247, 1174508.995], [2530731.853, 1174516.281], [2530730.148, 1174518.22], [2530723.562, 1174516.806], [2530721.817, 1174522.762], [2530720.141, 1174521.569], [2530689.054, 1174503.903], [2530700.263, 1174476.726]]]}, "properties": {"OBJECTID": 52047341, "EGRID": "CH856883904514", "NUMERO": "1508", "NO_COM_FED": 5757, "GENRE_TXT": "parcelle priv\u00e9e", "SUPERFICIE_MO": 1140, "SUPERFICIE_RF": 1140}}, {"type": "Feature", "id": 52047355, "geometry": {"type": "Polygon", "coordinates": [[[2530992.2939999998, 1174839.866], [2530985.114, 1174857.107], [2530977.435, 1174875.357], [2530978.455, 1174881.237], [2530999.415, 1174902.856], [2531000.715, 1174901.646], [2531014.445, 1174917.586], [2531023.075, 1174927.115], [2531026.575, 1174930.575], [2531023.416, 1174939.715], [2531022.906, 1174939.525], [2531016.165, 1174936.976], [2531014.355, 1174927.366], [2531007.055, 1174916.576], [2531005.58, 1174915.211], [2530989.082, 1174899.949], [2530974.595, 1174886.547], [2530969.745, 1174882.057], [2530971.805, 1174877.727], [2530974.105, 1174872.9070000001], [2530978.825, 1174863.037], [2530985.994, 1174843.687], [2530986.894, 1174840.787], [2530986.874, 1174839.1469999999], [2530985.464, 1174836.867], [2530984.584, 1174836.107], [2530992.574, 1174839.116], [2530992.2939999998, 1174839.866]]]}, "properties": {"OBJECTID": 52047355, "EGRID": "CH608245248329", "NUMERO": "DP 142", "NO_COM_FED": 5757, "GENRE_TXT": "DP communal", "SUPERFICIE_MO": 686, "SUPERFICIE_RF": null}}, {"type": "Feature", "id": 52047967, "geometry": {"type": "Polygon", "coordinates": [[[2530724.767, 1175095.845], [2530726.927, 1175091.025], [2530746.577, 1175102.884], [2530741.737, 1175109.294], [2530737.357, 1175106.294], [2530738.617, 1175104.354], [2530736.687, 1175103.074], [2530736.847, 1175102.844], [2530724.767, 1175095.845]]]}, "properties": {"OBJECTID": 52047967, "EGRID": "CH528229834503", "NUMERO": "347", "NO_COM_FED": 5757, "GENRE_TXT": "parcelle priv\u00e9e", "SUPERFICIE_MO": 130, "SUPERFICIE_RF": 130}}, {"type": "Feature", "id": 52048126, "geometry": {"type": "Polygon", "coordinates": [[[2530586.546, 1175915.678], [2530582.716, 1175922.858], [2530581.966, 1175924.268], [2530575.546, 1175936.329], [2530554.566, 1175925.129], [2530565.566, 1175904.489], [2530586.546, 1175915.678]]]}, "properties": {"OBJECTID": 52048126, "EGRID": "CH638383451306", "NUMERO": "1253", "NO_COM_FED": 5757, "GENRE_TXT": "parcelle priv\u00e9e", "SUPERFICIE_MO": 556, "SUPERFICIE_RF": 556}}, {"type": "Feature", "id": 52048676, "geometry": {"type": "Polygon", "coordinates": [[[2530785.279, 1174349.998], [2530785.8109999998, 1174371.501], [2530786.496, 1174399.179], [2530752.618, 1174402.033], [2530753.897, 1174390.786], [2530756.326, 1174372.371], [2530757.346, 1174352.341], [2530773.527, 1174348.701], [2530785.279, 1174349.998]]]}, "properties": {"OBJECTID": 52048676, "EGRID": "CH486883459094", "NUMERO": "1447", "NO_COM_FED": 5757, "GENRE_TXT": "parcelle priv\u00e9e", "SUPERFICIE_MO": 1535, "SUPERFICIE_RF": 1535}}, {"type": "Feature", "id": 52048917, "geometry": {"type": "Polygon", "coordinates": [[[2530654.6, 1174641.925], [2530660.98, 1174631.2179999999], [2530671.627, 1174613.948], [2530692.019, 1174629.196], [2530686.41, 1174660.357], [2530663.231, 1174656.687], [2530648.071, 1174652.9679999999], [2530654.6, 1174641.925]]]}, "properties": {"OBJECTID": 52048917, "EGRID": "CH286883459065", "NUMERO": "1048", "NO_COM_FED": 5757, "GENRE_TXT": "parcelle priv\u00e9e", "SUPERFICIE_MO": 1215, "SUPERFICIE_RF": 1215}}, {"type": "Feature", "id": 52049260, "geometry": {"type": "Polygon", "coordinates": [[[2530849.05, 1176275.934], [2530848.29, 1176276.064], [2530846.11, 1176263.654], [2530858.53, 1176261.483], [2530860.7, 1176273.893], [2530859.42, 1176274.113], [2530849.05, 1176275.934]]]}, "properties": {"OBJECTID": 52049260, "EGRID": "CH887083458308", "NUMERO": "2173", "NO_COM_FED": 5757, "GENRE_TXT": "parcelle priv\u00e9e", "SUPERFICIE_MO": 159, "SUPERFICIE_RF": 159}}, {"type": "Feature", "id": 52049412, "geometry": {"type": "Polygon", "coordinates": [[[2530953.492, 1174571.781], [2530950.952, 1174583.071], [2530924.992, 1174695.229], [2530929.633, 1174699.349], [2530913.232, 1174704.399], [2530920.902, 1174695.439], [2530924.012, 1174682.309], [2530936.092, 1174629.56], [2530944.542, 1174592.701], [2530949.462, 1174571.221], [2530953.492, 1174571.781]]]}, "properties": {"OBJECTID": 52049412, "EGRID": "CH338383457249", "NUMERO": "DP 1026", "NO_COM_FED": 5757, "GENRE_TXT": "DP communal", "SUPERFICIE_MO": 569, "SUPERFICIE_RF": null}}, {"type": "Feature", "id": 52049581, "geometry": {"type": "Polygon", "coordinates": [[[2530860.021, 1174581.082], [2530904.251, 1174587.211], [2530944.542, 1174592.701], [2530936.092, 1174629.56], [2530850.131, 1174610.851], [2530860.021, 1174581.082]]]}, "properties": {"OBJECTID": 52049581, "EGRID": "CH374582248336", "NUMERO": "240", "NO_COM_FED": 5757, "GENRE_TXT": "parcelle priv\u00e9e", "SUPERFICIE_MO": 2977, "SUPERFICIE_RF": 2982}}, {"type": "Feature", "id": 52049779, "geometry": {"type": "Polygon", "coordinates": [[[2530663.873, 1174341.541], [2530660.899, 1174341.375], [2530626.161, 1174339.435], [2530627.484, 1174297.623], [2530666.792, 1174300.709], [2530663.873, 1174341.541]]]}, "properties": {"OBJECTID": 52049779, "EGRID": "CH429068834552", "NUMERO": "1510", "NO_COM_FED": 5757, "GENRE_TXT": "parcelle priv\u00e9e", "SUPERFICIE_MO": 1597, "SUPERFICIE_RF": 1597}}, {"type": "Feature", "id": 52049805, "geometry": {"type": "Polygon", "coordinates": [[[2530248.212, 1175739.894], [2530253.582, 1175742.582], [2530250.924, 1175747.961], [2530245.552, 1175745.2719999999], [2530248.212, 1175739.894]]]}, "properties": {"OBJECTID": 52049805, "EGRID": "CH498390174562", "NUMERO": "2724", "NO_COM_FED": 5757, "GENRE_TXT": "DDP superficie", "SUPERFICIE_MO": 36, "SUPERFICIE_RF": 36}}, {"type": "Feature", "id": 52050049, "geometry": {"type": "Polygon", "coordinates": [[[2530501.02, 1176355.964], [2530532.27, 1176354.123], [2530546.09, 1176351.713], [2530562.39, 1176343.5320000001], [2530565.51, 1176338.742], [2530564.18, 1176359.732], [2530501.45, 1176363.834], [2530501.066, 1176356.8], [2530501.02, 1176355.964]]]}, "properties": {"OBJECTID": 52050049, "EGRID": "CH428253834515", "NUMERO": "DP 37", "NO_COM_FED": 5757, "GENRE_TXT": "DP communal", "SUPERFICIE_MO": 611, "SUPERFICIE_RF": null}}, {"type": "Feature", "id": 52050090, "geometry": {"type": "Polygon", "coordinates": [[[2530743.975, 1174908.754], [2530738.205, 1174911.865], [2530734.404, 1174905.495], [2530741.484, 1174901.784], [2530743.975, 1174908.754]]]}, "properties": {"OBJECTID": 52050090, "EGRID": "CH357383834570", "NUMERO": "542", "NO_COM_FED": 5757, "GENRE_TXT": "parcelle priv\u00e9e", "SUPERFICIE_MO": 54, "SUPERFICIE_RF": 54}}, {"type": "Feature", "id": 52050362, "geometry": {"type": "Polygon", "coordinates": [[[2530821.54, 1176282.854], [2530821.89, 1176284.854], [2530793.55, 1176289.785], [2530792.98, 1176287.885], [2530821.54, 1176282.854]]]}, "properties": {"OBJECTID": 52050362, "EGRID": "CH180483458388", "NUMERO": "2161", "NO_COM_FED": 5757, "GENRE_TXT": "parcelle priv\u00e9e", "SUPERFICIE_MO": 58, "SUPERFICIE_RF": 58}}, {"type": "Feature", "id": 52050423, "geometry": {"type": "Polygon", "coordinates": [[[2530238.403, 1175757.248], [2530226.214, 1175782.878], [2530214.744, 1175806.969], [2530198.554, 1175795.869], [2530200.7939999998, 1175792.939], [2530183.7939999998, 1175782.409], [2530189.613, 1175769.068], [2530234.663, 1175755.078], [2530238.403, 1175757.248]]]}, "properties": {"OBJECTID": 52050423, "EGRID": "CH438383457116", "NUMERO": "810", "NO_COM_FED": 5757, "GENRE_TXT": "parcelle priv\u00e9e", "SUPERFICIE_MO": 1417, "SUPERFICIE_RF": 1417}}, {"type": "Feature", "id": 52050450, "geometry": {"type": "Polygon", "coordinates": [[[2530575.895, 1175818.719], [2530585.185, 1175816.748], [2530586.5078238994, 1175816.3455340823], [2530587.7416010485, 1175815.7213259193], [2530588.8494835375, 1175814.894018072], [2530589.7983834194, 1175813.8883188635], [2530590.559960911, 1175812.7342644418], [2530591.111470788, 1175811.4663217224], [2530591.4364416907, 1175810.122359001], [2530591.5251680603, 1175808.7425149826], [2530591.375, 1175807.368], [2530590.645, 1175803.688], [2530596.535, 1175802.528], [2530614.695, 1175803.8969999999], [2530628.535, 1175804.947], [2530631.025, 1175805.137], [2530633.045, 1175824.1469999999], [2530633.785, 1175830.347], [2530613.915, 1175832.377], [2530616.805, 1175858.987], [2530615.125, 1175859.597], [2530610.245, 1175861.038], [2530605.195, 1175861.708], [2530599.995, 1175861.888], [2530594.175, 1175861.838], [2530593.155, 1175861.828], [2530588.485, 1175861.568], [2530587.165, 1175861.498], [2530584.955, 1175861.338], [2530575.895, 1175818.719]]]}, "properties": {"OBJECTID": 52050450, "EGRID": "CH938383451497", "NUMERO": "2602", "NO_COM_FED": 5757, "GENRE_TXT": "parcelle priv\u00e9e", "SUPERFICIE_MO": 2354, "SUPERFICIE_RF": 2354}}, {"type": "Feature", "id": 52050506, "geometry": {"type": "Polygon", "coordinates": [[[2530667.647, 1175142.847], [2530681.407, 1175140.906], [2530681.817, 1175146.656], [2530668.987, 1175148.906], [2530667.647, 1175142.847]]]}, "properties": {"OBJECTID": 52050506, "EGRID": "CH298382234587", "NUMERO": "440", "NO_COM_FED": 5757, "GENRE_TXT": "parcelle priv\u00e9e", "SUPERFICIE_MO": 80, "SUPERFICIE_RF": 80}}, {"type": "Feature", "id": 52050612, "geometry": {"type": "Polygon", "coordinates": [[[2530374.578, 1175131.808], [2530373.458, 1175156.814], [2530373.821, 1175171.554], [2530378.789, 1175185.679], [2530389.082, 1175205.409], [2530421.978, 1175264.014], [2530414.228, 1175264.794], [2530383.0810000002, 1175208.755], [2530374.012, 1175194.014], [2530365.797, 1175170.231], [2530369.799, 1175083.307], [2530371.269, 1175067.056], [2530376.161, 1175034.841], [2530376.47, 1175032.878], [2530379.039, 1175029.637], [2530387.072, 1175022.705], [2530407.168, 1175008.717], [2530418.072, 1174996.753], [2530425.32, 1175002.628], [2530412.577, 1175014.309], [2530395.248, 1175029.947], [2530388.909, 1175037.027], [2530381.239, 1175051.5929999999], [2530377.975, 1175067.892], [2530376.529, 1175083.734], [2530374.578, 1175131.808]]]}, "properties": {"OBJECTID": 52050612, "EGRID": "CH774590698381", "NUMERO": "DP 185", "NO_COM_FED": 5757, "GENRE_TXT": "DP communal", "SUPERFICIE_MO": 2274, "SUPERFICIE_RF": null}}, {"type": "Feature", "id": 52050685, "geometry": {"type": "Polygon", "coordinates": [[[2531364.724, 1174523.018], [2531344.334, 1174528.018], [2531329.8140000002, 1174531.648], [2531314.114, 1174535.528], [2531295.114, 1174540.2179999999], [2531225.551, 1174557.142], [2531223.746279417, 1174557.8957477468], [2531222.09272339, 1174558.9402114914], [2531220.6367448573, 1174560.2460746395], [2531219.419211042, 1174561.7766834912], [2531218.4742963663, 1174563.4890760584], [2531217.8285232256, 1174565.3351879453], [2531217.500017543, 1174567.2632014474], [2531217.498, 1174569.219], [2531215.9390000002, 1174569.34], [2531214.619, 1174550.174], [2531223.246, 1174552.325], [2531267.126, 1174541.721], [2531272.347, 1174540.406], [2531272.258, 1174540.042], [2531392.944, 1174510.452], [2531430.107, 1174501.412], [2531430.389, 1174502.887], [2531541.495, 1174475.857], [2531565.445, 1174469.967], [2531574.885, 1174467.617], [2531587.275, 1174464.8969999999], [2531620.874, 1174456.664], [2531647.41, 1174448.344], [2531661.163, 1174443.835], [2531747.971, 1174422.596], [2531837.905, 1174400.748], [2531845.137, 1174401.765], [2531881.257, 1174392.935], [2531997.156, 1174364.516], [2532012.651, 1174358.863], [2532022.071, 1174368.726], [2531994.5, 1174372.442], [2531851.917, 1174407.665], [2531842.777, 1174415.115], [2531839.577, 1174426.235], [2531830.713, 1174419.049], [2531829.763, 1174416.877], [2531829.1631672704, 1174415.823318006], [2531828.4089797107, 1174414.8739781443], [2531827.518246219, 1174414.051397513], [2531826.512, 1174413.375], [2531824.787251905, 1174412.650909097], [2531822.970614257, 1174412.2049368084], [2531821.1066292524, 1174412.048017943], [2531819.241, 1174412.184], [2531746.646, 1174429.916], [2531664.156, 1174450.006], [2531664.518, 1174451.469], [2531651.762, 1174455.197], [2531640.605, 1174459.402], [2531628.923, 1174463.082], [2531577.616, 1174475.554], [2531513.769, 1174491.075], [2531454.807, 1174505.321], [2531432.193, 1174510.785], [2531376.668, 1174522.85], [2531370.554, 1174521.588], [2531364.724, 1174523.018]]]}, "properties": {"OBJECTID": 52050685, "EGRID": "CH814578838317", "NUMERO": "DP 1033", "NO_COM_FED": 5757, "GENRE_TXT": "DP communal", "SUPERFICIE_MO": 6238, "SUPERFICIE_RF": null}}, {"type": "Feature", "id": 52051237, "geometry": {"type": "Polygon", "coordinates": [[[2530714.705, 1174957.455], [2530729.235, 1174947.415], [2530733.025, 1174952.945], [2530733.285, 1174953.325], [2530721.725, 1174960.295], [2530723.785, 1174963.565], [2530722.375, 1174964.505], [2530721.405, 1174965.185], [2530719.645, 1174966.385], [2530718.175, 1174963.495], [2530714.705, 1174957.455]]]}, "properties": {"OBJECTID": 52051237, "EGRID": "CH214580838309", "NUMERO": "518", "NO_COM_FED": 5757, "GENRE_TXT": "parcelle priv\u00e9e", "SUPERFICIE_MO": 138, "SUPERFICIE_RF": 138}}, {"type": "Feature", "id": 52051337, "geometry": {"type": "Polygon", "coordinates": [[[2530897.054, 1174253.723], [2530983.997, 1174262.457], [2530982.218, 1174292.886], [2530977.778, 1174317.327], [2530896.475, 1174308.953], [2530897.734, 1174263.572], [2530897.054, 1174253.723]]]}, "properties": {"OBJECTID": 52051337, "EGRID": "CH355683904523", "NUMERO": "2404", "NO_COM_FED": 5757, "GENRE_TXT": "parcelle priv\u00e9e", "SUPERFICIE_MO": 4684, "SUPERFICIE_RF": 4684}}, {"type": "Feature", "id": 52051676, "geometry": {"type": "Polygon", "coordinates": [[[2530816.15, 1175320.592], [2530810.26, 1175321.962], [2530803.61, 1175323.212], [2530800.62, 1175323.712], [2530798.289, 1175313.512], [2530802.139, 1175312.752], [2530802.269, 1175302.092], [2530802.079, 1175297.622], [2530807.929, 1175296.202], [2530814.529, 1175314.0320000001], [2530816.15, 1175320.592]]]}, "properties": {"OBJECTID": 52051676, "EGRID": "CH328220834555", "NUMERO": "1489", "NO_COM_FED": 5757, "GENRE_TXT": "parcelle priv\u00e9e", "SUPERFICIE_MO": 294, "SUPERFICIE_RF": 294}}, {"type": "Feature", "id": 52051693, "geometry": {"type": "Polygon", "coordinates": [[[2530649.228, 1175242.487], [2530651.418, 1175253.357], [2530635.618, 1175255.727], [2530632.928, 1175256.078], [2530632.018, 1175248.668], [2530635.828, 1175248.067], [2530634.958, 1175243.557], [2530649.328, 1175242.227], [2530649.228, 1175242.487]]]}, "properties": {"OBJECTID": 52051693, "EGRID": "CH657383834565", "NUMERO": "390", "NO_COM_FED": 5757, "GENRE_TXT": "parcelle priv\u00e9e", "SUPERFICIE_MO": 198, "SUPERFICIE_RF": 198}}, {"type": "Feature", "id": 52052831, "geometry": {"type": "Polygon", "coordinates": [[[2530688.324, 1174573.501], [2530677.519, 1174603.036], [2530656.994, 1174589.011], [2530670.095, 1174561.567], [2530670.855, 1174546.292], [2530692.582, 1174561.366], [2530688.324, 1174573.501]]]}, "properties": {"OBJECTID": 52052831, "EGRID": "CH150383024540", "NUMERO": "2863", "NO_COM_FED": 5757, "GENRE_TXT": "parcelle priv\u00e9e", "SUPERFICIE_MO": 1015, "SUPERFICIE_RF": 1015}}, {"type": "Feature", "id": 52052904, "geometry": {"type": "Polygon", "coordinates": [[[2530839.573, 1174847.171], [2530840.161, 1174845.815], [2530846.187, 1174831.915], [2530842.122, 1174830.153], [2530866.466, 1174774.001], [2530873.083, 1174780.4], [2530872.773, 1174789.62], [2530892.094, 1174795.11], [2530914.159, 1174804.143], [2530921.074, 1174809.739], [2530932.879, 1174816.9780000001], [2530938.131, 1174819.099], [2530941.884, 1174820.848], [2530944.607, 1174822.515], [2530910.225, 1174898.869], [2530891.824, 1174878.15], [2530865.054, 1174855.461], [2530862.174, 1174861.881], [2530862.0640000002, 1174862.121], [2530839.573, 1174847.171]]]}, "properties": {"OBJECTID": 52052904, "EGRID": "CH755583094560", "NUMERO": "2837", "NO_COM_FED": 5757, "GENRE_TXT": "parcelle priv\u00e9e", "SUPERFICIE_MO": 6590, "SUPERFICIE_RF": 6590}}, {"type": "Feature", "id": 52053019, "geometry": {"type": "Polygon", "coordinates": [[[2530627.961, 1174551.689], [2530606.246, 1174531.327], [2530630.653, 1174516.959], [2530658.306, 1174500.7179999999], [2530655.526, 1174517.097], [2530658.293, 1174533.599], [2530649.036, 1174537.811], [2530627.961, 1174551.689]]]}, "properties": {"OBJECTID": 52053019, "EGRID": "CH838390456814", "NUMERO": "1476", "NO_COM_FED": 5757, "GENRE_TXT": "parcelle priv\u00e9e", "SUPERFICIE_MO": 1296, "SUPERFICIE_RF": 1296}}, {"type": "Feature", "id": 52053983, "geometry": {"type": "Polygon", "coordinates": [[[2530854.122, 1175531.99], [2530877.172, 1175529.739], [2530888.273, 1175574.159], [2530860.183, 1175581.74], [2530857.903, 1175571.83], [2530856.233, 1175572.18], [2530846.323, 1175575.23], [2530845.243, 1175571.48], [2530843.902, 1175567.78], [2530841.812, 1175560.57], [2530838.672, 1175551.971], [2530836.442, 1175545.651], [2530839.892, 1175543.391], [2530848.032, 1175537.62], [2530853.412, 1175534.81], [2530854.122, 1175531.99]]]}, "properties": {"OBJECTID": 52053983, "EGRID": "CH944583839472", "NUMERO": "775", "NO_COM_FED": 5757, "GENRE_TXT": "parcelle priv\u00e9e", "SUPERFICIE_MO": 1818, "SUPERFICIE_RF": 1818}}, {"type": "Feature", "id": 52054467, "geometry": {"type": "Polygon", "coordinates": [[[2530329.776, 1174405.859], [2530324.795, 1174389.127], [2530363.849, 1174377.483], [2530363.098, 1174374.984], [2530368.0640000002, 1174373.498], [2530368.872, 1174376.179], [2530370.53, 1174381.679], [2530388.582, 1174376.355], [2530390.228507889, 1174375.9208980468], [2530391.915, 1174375.686], [2530393.6177134756, 1174375.6549881045], [2530395.312, 1174375.827], [2530401.731, 1174377.12], [2530404.502, 1174376.251], [2530405.8803914646, 1174375.708813884], [2530407.171, 1174374.982], [2530408.3490571026, 1174374.0839499135], [2530409.393, 1174373.033], [2530410.197448864, 1174371.9981179214], [2530410.8423786717, 1174370.8569849606], [2530411.3140000002, 1174369.634], [2530411.601921178, 1174368.3553366442], [2530411.700288959, 1174367.048354486], [2530411.607, 1174365.741], [2530423.438, 1174425.375], [2530390.862, 1174431.367], [2530391.196, 1174433.383], [2530352.142, 1174440.543], [2530344.428, 1174441.818], [2530334.671, 1174409.046], [2530331.042, 1174410.203], [2530329.776, 1174405.859]]]}, "properties": {"OBJECTID": 52054467, "EGRID": "CH514567839017", "NUMERO": "2364", "NO_COM_FED": 5757, "GENRE_TXT": "parcelle priv\u00e9e", "SUPERFICIE_MO": 4768, "SUPERFICIE_RF": 4768}}, {"type": "Feature", "id": 52054575, "geometry": {"type": "Polygon", "coordinates": [[[2530189.467, 1174663.917], [2530183.119, 1174663.812], [2530161.06, 1174663.448], [2530141.467, 1174661.695], [2530138.618, 1174642.557], [2530151.902, 1174642.387], [2530188.139, 1174641.923], [2530188.8, 1174650.435], [2530189.467, 1174663.917]]]}, "properties": {"OBJECTID": 52054575, "EGRID": "CH914569839057", "NUMERO": "2611", "NO_COM_FED": 5757, "GENRE_TXT": "parcelle priv\u00e9e", "SUPERFICIE_MO": 1023, "SUPERFICIE_RF": 1023}}, {"type": "Feature", "id": 52054642, "geometry": {"type": "Polygon", "coordinates": [[[2531310.587, 1175916.828], [2531313.958, 1175955.818], [2531110.068, 1176045.594], [2531088.587, 1175971.804], [2531307.027, 1175875.947], [2531310.587, 1175916.828]]]}, "properties": {"OBJECTID": 52054642, "EGRID": "CH468383458154", "NUMERO": "160", "NO_COM_FED": 5757, "GENRE_TXT": "parcelle priv\u00e9e", "SUPERFICIE_MO": 17543, "SUPERFICIE_RF": 17543}}, {"type": "Feature", "id": 52054840, "geometry": {"type": "Polygon", "coordinates": [[[2531218.207, 1175356.665], [2531247.18, 1175342.972], [2531262.63, 1175384.357], [2531247.591, 1175395.198], [2531245.5810000002, 1175392.268], [2531228.851, 1175370.508], [2531218.207, 1175356.665]]]}, "properties": {"OBJECTID": 52054840, "EGRID": "CH780383458308", "NUMERO": "705", "NO_COM_FED": 5757, "GENRE_TXT": "parcelle priv\u00e9e", "SUPERFICIE_MO": 1150, "SUPERFICIE_RF": 1150}}, {"type": "Feature", "id": 52055084, "geometry": {"type": "Polygon", "coordinates": [[[2530743.365, 1174920.554], [2530747.625, 1174918.184], [2530752.795, 1174932.024], [2530750.625, 1174932.734], [2530744.805, 1174922.964], [2530743.365, 1174920.554]]]}, "properties": {"OBJECTID": 52055084, "EGRID": "CH144583822429", "NUMERO": "537", "NO_COM_FED": 5757, "GENRE_TXT": "parcelle priv\u00e9e", "SUPERFICIE_MO": 51, "SUPERFICIE_RF": 51}}, {"type": "Feature", "id": 52055100, "geometry": {"type": "Polygon", "coordinates": [[[2530856.346, 1175033.121], [2530856.156, 1175032.851], [2530830.226, 1175048.161], [2530822.596, 1175035.342], [2530826.912, 1175032.637], [2530827.376, 1175032.342], [2530828.996, 1175031.391], [2530835.539, 1175027.406], [2530872.966, 1175004.58], [2530881.126, 1175017.73], [2530856.346, 1175033.121]]]}, "properties": {"OBJECTID": 52055100, "EGRID": "CH682183458242", "NUMERO": "671", "NO_COM_FED": 5757, "GENRE_TXT": "parcelle priv\u00e9e", "SUPERFICIE_MO": 910, "SUPERFICIE_RF": 910}}, {"type": "Feature", "id": 52055491, "geometry": {"type": "Polygon", "coordinates": [[[2531120.636, 1174970.972], [2531109.466, 1174983.713], [2531095.866, 1174976.023], [2531084.266, 1174969.8530000001], [2531065.786, 1174961.424], [2531059.466, 1174958.484], [2531051.666, 1174954.784], [2531044.636, 1174946.935], [2531032.945, 1174933.895], [2531037.485, 1174931.765], [2531038.875, 1174928.745], [2531051.276, 1174934.934], [2531063.595, 1174912.674], [2531089.045, 1174866.694], [2531145.316, 1174882.173], [2531135.646, 1174897.873], [2531115.316, 1174925.733], [2531106.116, 1174937.553], [2531096.226, 1174950.523], [2531123.026, 1174968.172], [2531120.636, 1174970.972]]]}, "properties": {"OBJECTID": 52055491, "EGRID": "CH214546838225", "NUMERO": "1008", "NO_COM_FED": 5757, "GENRE_TXT": "parcelle priv\u00e9e", "SUPERFICIE_MO": 5928, "SUPERFICIE_RF": 5928}}, {"type": "Feature", "id": 52056551, "geometry": {"type": "Polygon", "coordinates": [[[2530664.049, 1175303.466], [2530685.519, 1175300.156], [2530687.489, 1175313.616], [2530667.609, 1175317.436], [2530665.989, 1175317.726], [2530666.069, 1175318.186], [2530664.694, 1175318.439], [2530663.965, 1175314.368], [2530663.074, 1175309.394], [2530663.529, 1175309.266], [2530664.999, 1175308.856], [2530664.049, 1175303.466]]]}, "properties": {"OBJECTID": 52056551, "EGRID": "CH859783834528", "NUMERO": "639", "NO_COM_FED": 5757, "GENRE_TXT": "parcelle priv\u00e9e", "SUPERFICIE_MO": 319, "SUPERFICIE_RF": 319}}, {"type": "Feature", "id": 52056849, "geometry": {"type": "Polygon", "coordinates": [[[2530604.798, 1175374.749], [2530609.022, 1175372.607], [2530620.532, 1175368.094], [2530622.716, 1175373.661], [2530624.205, 1175373.077], [2530625.428, 1175376.195], [2530624.496, 1175376.669], [2530629.394, 1175386.327], [2530630.643, 1175385.694], [2530632.687, 1175389.725], [2530631.4390000002, 1175390.359], [2530635.084, 1175397.547], [2530636.332, 1175396.914], [2530639.245, 1175402.658], [2530637.996, 1175403.291], [2530641.642, 1175410.479], [2530642.89, 1175409.846], [2530645.785, 1175415.554], [2530629.651, 1175423.758], [2530604.798, 1175374.749]]]}, "properties": {"OBJECTID": 52056849, "EGRID": "CH480083459978", "NUMERO": "2701", "NO_COM_FED": 5757, "GENRE_TXT": "DDP superficie", "SUPERFICIE_MO": 939, "SUPERFICIE_RF": 939}}, {"type": "Feature", "id": 52056853, "geometry": {"type": "Polygon", "coordinates": [[[2530284.853, 1174949.851], [2530281.614641247, 1174953.9821224802], [2530277.934221982, 1174957.7248025893], [2530273.858, 1174961.0320000001], [2530269.1394000193, 1174964.0272165374], [2530264.0974392043, 1174966.4386764728], [2530258.804, 1174968.232], [2530253.4673962058, 1174969.4824831006], [2530248.0210984894, 1174970.0996453417], [2530242.54, 1174970.075], [2530232.664, 1174968.575], [2530234.291, 1174947.672], [2530284.853, 1174949.851]]]}, "properties": {"OBJECTID": 52056853, "EGRID": "CH544583906720", "NUMERO": "2317", "NO_COM_FED": 5757, "GENRE_TXT": "parcelle priv\u00e9e", "SUPERFICIE_MO": 855, "SUPERFICIE_RF": 855}}, {"type": "Feature", "id": 52057237, "geometry": {"type": "Polygon", "coordinates": [[[2530834.926, 1174474.798], [2530875.938, 1174490.847], [2530877.762, 1174491.561], [2530873.567, 1174513.424], [2530869.218, 1174534.069], [2530859.909, 1174536.455], [2530828.321, 1174529.585], [2530791.879, 1174517.675], [2530791.864, 1174509.434], [2530791.635, 1174490.503], [2530800.188, 1174492.535], [2530811.384, 1174496.013], [2530808.879, 1174483.214], [2530805.17, 1174463.223], [2530834.926, 1174474.798]]]}, "properties": {"OBJECTID": 52057237, "EGRID": "CH269083456843", "NUMERO": "1192", "NO_COM_FED": 5757, "GENRE_TXT": "parcelle priv\u00e9e", "SUPERFICIE_MO": 4000, "SUPERFICIE_RF": 4000}}, {"type": "Feature", "id": 52057329, "geometry": {"type": "Polygon", "coordinates": [[[2529944.072, 1175616.637], [2529940.092, 1175617.567], [2529928.162, 1175620.018], [2529918.932, 1175620.198], [2529900.452, 1175618.588], [2529889.302, 1175615.9780000001], [2529893.112, 1175608.667], [2529897.652, 1175609.727], [2529906.892, 1175610.537], [2529919.252, 1175612.247], [2529926.042, 1175611.347], [2529938.032, 1175609.027], [2529962.252, 1175604.6570000001], [2529968.952, 1175602.527], [2529992.471, 1175595.687], [2530007.011, 1175591.977], [2530004.211, 1175582.197], [2530004.421, 1175582.137], [2530020.011, 1175578.597], [2530058.381, 1175577.457], [2530070.761, 1175575.597], [2530096.291, 1175575.727], [2530104.791, 1175579.547], [2530122.681, 1175582.547], [2530138.001, 1175586.737], [2530156.861, 1175589.767], [2530175.772, 1175592.097], [2530179.342, 1175592.207], [2530197.742, 1175594.267], [2530218.982, 1175595.377], [2530235.282, 1175596.537], [2530248.002, 1175597.547], [2530264.402, 1175596.847], [2530268.812, 1175597.667], [2530279.552, 1175599.677], [2530292.762, 1175605.597], [2530308.222, 1175611.6469999999], [2530318.712, 1175616.6469999999], [2530325.082, 1175622.767], [2530336.102, 1175631.767], [2530343.462, 1175638.716], [2530348.632, 1175642.406], [2530357.382, 1175649.566], [2530367.432, 1175658.796], [2530376.443, 1175666.045], [2530383.673, 1175672.035], [2530393.443, 1175681.285], [2530405.433, 1175692.634], [2530411.443, 1175699.324], [2530417.363, 1175705.174], [2530423.363, 1175710.024], [2530430.143, 1175715.213], [2530438.273, 1175720.143], [2530446.033, 1175723.733], [2530457.163, 1175726.023], [2530463.213, 1175729.172], [2530465.894, 1175731.242], [2530473.354, 1175732.442], [2530481.254, 1175733.552], [2530491.5640000002, 1175730.851], [2530498.134, 1175726.551], [2530505.333, 1175719.781], [2530512.373, 1175713.331], [2530519.703, 1175705.891], [2530529.153, 1175696.07], [2530533.363, 1175690.09], [2530536.463, 1175684.9], [2530541.973, 1175675.2], [2530547.613, 1175663.51], [2530550.383, 1175657.91], [2530555.793, 1175648.27], [2530560.623, 1175639.379], [2530565.423, 1175631.469], [2530570.762, 1175620.879], [2530574.972, 1175612.009], [2530576.602, 1175604.249], [2530580.012, 1175593.529], [2530582.262, 1175583.899], [2530583.782, 1175576.569], [2530584.522, 1175568.549], [2530583.892, 1175563.489], [2530583.862, 1175555.439], [2530581.112, 1175544.729], [2530576.801, 1175534.839], [2530572.641, 1175528.469], [2530565.8310000002, 1175519.159], [2530560.741, 1175509.99], [2530555.181, 1175500.46], [2530553.471, 1175497.72], [2530546.521, 1175490.48], [2530543.801, 1175485.66], [2530538.8109999998, 1175481.06], [2530528.921, 1175472.531], [2530521.231, 1175464.721], [2530514.47, 1175453.101], [2530513.24, 1175449.781], [2530511.08, 1175443.921], [2530507.93, 1175435.881], [2530505.58, 1175425.891], [2530503.31, 1175418.531], [2530501.34, 1175412.422], [2530497.68, 1175401.172], [2530494.6, 1175392.942], [2530489.959, 1175378.622], [2530486.139, 1175366.052], [2530485.399, 1175363.622], [2530477.529, 1175347.722], [2530471.599, 1175336.6030000001], [2530465.559, 1175327.733], [2530455.179, 1175309.323], [2530446.058, 1175291.473], [2530438.398, 1175278.694], [2530429.988, 1175263.184], [2530449.328, 1175254.153], [2530466.568, 1175287.893], [2530478.979, 1175312.052], [2530485.839, 1175322.952], [2530497.829, 1175346.972], [2530504.819, 1175361.882], [2530510.829, 1175377.731], [2530519.03, 1175405.191], [2530518.28, 1175407.311], [2530522.02, 1175420.871], [2530524.53, 1175428.671], [2530526.82, 1175434.581], [2530529.16, 1175439.901], [2530531.63, 1175443.291], [2530534.37, 1175446.21], [2530538.41, 1175450.27], [2530538.58, 1175450.46], [2530542.98, 1175454.68], [2530547.161, 1175458.33], [2530550.5810000002, 1175461.13], [2530570.841, 1175477.789], [2530573.291, 1175484.619], [2530575.231, 1175488.189], [2530575.8109999998, 1175489.129], [2530581.221, 1175498.529], [2530585.751, 1175506.609], [2530590.031, 1175514.009], [2530593.031, 1175522.438], [2530593.271, 1175523.098], [2530595.711, 1175528.748], [2530600.152, 1175538.528], [2530600.192, 1175538.628], [2530603.592, 1175552.368], [2530605.502, 1175563.148], [2530604.672, 1175567.748], [2530603.792, 1175572.568], [2530604.582, 1175581.088], [2530603.532, 1175588.988], [2530600.762, 1175597.908], [2530600.382, 1175599.118], [2530598.072, 1175610.878], [2530595.402, 1175617.828], [2530593.333, 1175620.898], [2530591.603, 1175626.458], [2530591.473, 1175626.888], [2530589.953, 1175627.088], [2530588.213, 1175626.658], [2530585.543, 1175631.839], [2530580.663, 1175641.589], [2530575.903, 1175650.599], [2530569.913, 1175657.089], [2530562.833, 1175670.909], [2530559.303, 1175678.619], [2530552.983, 1175692.63], [2530546.063, 1175704.43], [2530542.453, 1175708.51], [2530537.353, 1175714.28], [2530530.7939999998, 1175721.89], [2530524.944, 1175728.91], [2530516.784, 1175736.751], [2530506.734, 1175741.701], [2530500.854, 1175746.561], [2530485.754, 1175749.7719999999], [2530479.284, 1175750.582], [2530468.074, 1175750.642], [2530457.664, 1175749.033], [2530447.514, 1175744.3429999999], [2530439.524, 1175740.833], [2530438.654, 1175737.533], [2530436.464, 1175739.363], [2530428.173, 1175735.194], [2530426.963, 1175734.054], [2530426.953, 1175733.414], [2530426.203, 1175731.844], [2530419.933, 1175727.474], [2530418.293, 1175729.724], [2530411.833, 1175725.174], [2530406.343, 1175719.584], [2530397.333, 1175712.445], [2530387.163, 1175702.435], [2530386.563, 1175701.845], [2530378.063, 1175694.395], [2530368.063, 1175683.896], [2530358.643, 1175675.486], [2530348.502, 1175667.136], [2530339.752, 1175659.506], [2530335.392, 1175656.127], [2530328.582, 1175650.3969999999], [2530317.062, 1175639.367], [2530309.922, 1175632.507], [2530296.162, 1175625.527], [2530282.712, 1175621.6469999999], [2530269.752, 1175618.057], [2530258.802, 1175616.997], [2530246.952, 1175615.697], [2530227.102, 1175614.617], [2530216.572, 1175613.367], [2530198.672, 1175612.277], [2530191.892, 1175614.347], [2530190.112, 1175613.967], [2530184.552, 1175612.787], [2530161.872, 1175610.507], [2530146.122, 1175610.357], [2530132.432, 1175609.017], [2530115.782, 1175606.917], [2530105.352, 1175603.507], [2530102.642, 1175603.767], [2530102.012, 1175603.827], [2530088.512, 1175598.707], [2530072.562, 1175596.9070000001], [2530064.901, 1175596.917], [2530040.3109999998, 1175596.017], [2530008.182, 1175602.177], [2530007.162, 1175602.4070000001], [2529996.002, 1175604.887], [2529991.622, 1175605.857], [2529969.142, 1175610.827], [2529966.082, 1175611.757], [2529956.492, 1175613.737], [2529944.072, 1175616.637]]]}, "properties": {"OBJECTID": 52057329, "EGRID": "CH950783834596", "NUMERO": "DP 9", "NO_COM_FED": 5757, "GENRE_TXT": "DP cantonal", "SUPERFICIE_MO": 22604, "SUPERFICIE_RF": null}}, {"type": "Feature", "id": 52058123, "geometry": {"type": "Polygon", "coordinates": [[[2530749.129, 1174496.928], [2530791.864, 1174509.434], [2530791.879, 1174517.675], [2530791.639, 1174535.994], [2530788.149, 1174546.594], [2530783.778, 1174560.389], [2530760.216, 1174547.886], [2530736.977, 1174535.457], [2530747.068, 1174505.8], [2530749.129, 1174496.928]]]}, "properties": {"OBJECTID": 52058123, "EGRID": "CH914568839066", "NUMERO": "1464", "NO_COM_FED": 5757, "GENRE_TXT": "parcelle priv\u00e9e", "SUPERFICIE_MO": 2281, "SUPERFICIE_RF": 2281}}, {"type": "Feature", "id": 52058211, "geometry": {"type": "Polygon", "coordinates": [[[2530706.616, 1175066.115], [2530706.616, 1175065.415], [2530704.266, 1175059.725], [2530710.116, 1175057.345], [2530719.376, 1175054.065], [2530719.766, 1175054.965], [2530719.606, 1175055.055], [2530721.596, 1175059.605], [2530721.646, 1175059.825], [2530706.616, 1175066.115]]]}, "properties": {"OBJECTID": 52058211, "EGRID": "CH452983824563", "NUMERO": "486", "NO_COM_FED": 5757, "GENRE_TXT": "parcelle priv\u00e9e", "SUPERFICIE_MO": 106, "SUPERFICIE_RF": 106}}, {"type": "Feature", "id": 52058258, "geometry": {"type": "Polygon", "coordinates": [[[2530786.586, 1175846.332], [2530817.586, 1175846.031], [2530818.796, 1175871.061], [2530786.396, 1175871.2719999999], [2530786.586, 1175846.332]]]}, "properties": {"OBJECTID": 52058258, "EGRID": "CH544583839216", "NUMERO": "738", "NO_COM_FED": 5757, "GENRE_TXT": "parcelle priv\u00e9e", "SUPERFICIE_MO": 792, "SUPERFICIE_RF": 792}}, {"type": "Feature", "id": 52058278, "geometry": {"type": "Polygon", "coordinates": [[[2530318.774, 1175770.347], [2530307.604, 1175764.727], [2530338.406, 1175703.484], [2530349.675, 1175708.894], [2530326.666, 1175754.651], [2530321.73, 1175764.469], [2530318.774, 1175770.347]]]}, "properties": {"OBJECTID": 52058278, "EGRID": "CH252983994580", "NUMERO": "2675", "NO_COM_FED": 5757, "GENRE_TXT": "parcelle priv\u00e9e", "SUPERFICIE_MO": 858, "SUPERFICIE_RF": 858}}, {"type": "Feature", "id": 52058553, "geometry": {"type": "Polygon", "coordinates": [[[2530715.273, 1174305.766], [2530714.45, 1174282.797], [2530714.771, 1174269.691], [2530751.268, 1174266.426], [2530753.144, 1174279.39], [2530753.829, 1174305.629], [2530715.273, 1174305.766]]]}, "properties": {"OBJECTID": 52058553, "EGRID": "CH214556839024", "NUMERO": "1172", "NO_COM_FED": 5757, "GENRE_TXT": "parcelle priv\u00e9e", "SUPERFICIE_MO": 1444, "SUPERFICIE_RF": 1444}}, {"type": "Feature", "id": 52058982, "geometry": {"type": "Polygon", "coordinates": [[[2530992.208, 1175175.516], [2530983.118, 1175161.926], [2531002.608, 1175152.086], [2531025.238, 1175140.085], [2531026.51898685, 1175139.4700051302], [2531027.878, 1175139.055], [2531029.378, 1175138.845], [2531030.0096316407, 1175138.88894694], [2531030.628, 1175139.025], [2531031.127116192, 1175139.2091180088], [2531031.5995473163, 1175139.4537100093], [2531032.038, 1175139.755], [2531034.188, 1175141.625], [2531038.028, 1175146.525], [2531042.158, 1175152.384], [2531059.018, 1175174.334], [2531061.528, 1175176.044], [2531070.028, 1175181.654], [2531098.649, 1175218.123], [2531095.559, 1175220.033], [2531094.129, 1175220.903], [2531079.719, 1175229.563], [2531079.909, 1175229.923], [2531076.029, 1175232.6030000001], [2531072.589, 1175234.703], [2531070.389, 1175231.163], [2531069.369, 1175229.494], [2531040.249, 1175247.204], [2531038.359, 1175248.294], [2531036.429, 1175245.285], [2531017.549, 1175216.735], [2531009.949, 1175203.485], [2531000.018, 1175187.186], [2530992.208, 1175175.516]]]}, "properties": {"OBJECTID": 52058982, "EGRID": "CH108245208317", "NUMERO": "697", "NO_COM_FED": 5757, "GENRE_TXT": "parcelle priv\u00e9e", "SUPERFICIE_MO": 6155, "SUPERFICIE_RF": 6155}}, {"type": "Feature", "id": 52059074, "geometry": {"type": "Polygon", "coordinates": [[[2530600.998, 1174488.026], [2530630.653, 1174516.959], [2530606.246, 1174531.327], [2530591.998, 1174518.03], [2530582.133, 1174503.956], [2530600.998, 1174488.026]]]}, "properties": {"OBJECTID": 52059074, "EGRID": "CH598390684569", "NUMERO": "1465", "NO_COM_FED": 5757, "GENRE_TXT": "parcelle priv\u00e9e", "SUPERFICIE_MO": 1051, "SUPERFICIE_RF": 1051}}, {"type": "Feature", "id": 52059142, "geometry": {"type": "Polygon", "coordinates": [[[2530928.037, 1175047.248], [2530921.136, 1175037.999], [2530947.466, 1175019.038], [2530948.196, 1175019.738], [2530984.617, 1175055.086], [2530989.037, 1175062.306], [2530958.887, 1175082.187], [2530936.207, 1175097.178], [2530918.517, 1175067.909], [2530935.147, 1175056.778], [2530928.037, 1175047.248]]]}, "properties": {"OBJECTID": 52059142, "EGRID": "CH750483834551", "NUMERO": "680", "NO_COM_FED": 5757, "GENRE_TXT": "parcelle priv\u00e9e", "SUPERFICIE_MO": 2913, "SUPERFICIE_RF": 2913}}, {"type": "Feature", "id": 52059205, "geometry": {"type": "Polygon", "coordinates": [[[2530759.866, 1175012.564], [2530754.226, 1175005.224], [2530745.296, 1174993.704], [2530747.465, 1174989.804], [2530750.245, 1174985.704], [2530753.535, 1174982.434], [2530754.095, 1174983.364], [2530767.586, 1175005.163], [2530759.866, 1175012.564]]]}, "properties": {"OBJECTID": 52059205, "EGRID": "CH414589838354", "NUMERO": "375", "NO_COM_FED": 5757, "GENRE_TXT": "parcelle priv\u00e9e", "SUPERFICIE_MO": 305, "SUPERFICIE_RF": 305}}, {"type": "Feature", "id": 52059517, "geometry": {"type": "Polygon", "coordinates": [[[2531294.974, 1175581.986], [2531293.154, 1175570.386], [2531290.183, 1175547.276], [2531287.193, 1175526.446], [2531285.983, 1175517.726], [2531285.943, 1175507.486], [2531285.523, 1175486.276], [2531299.313, 1175484.296], [2531364.303, 1175474.934], [2531390.334, 1175549.143], [2531349.554, 1175565.934], [2531327.484, 1175575.395], [2531301.664, 1175586.016], [2531298.604, 1175585.296], [2531297.754, 1175584.826], [2531296.724, 1175583.916], [2531294.974, 1175581.986]]]}, "properties": {"OBJECTID": 52059517, "EGRID": "CH787183458315", "NUMERO": "703", "NO_COM_FED": 5757, "GENRE_TXT": "parcelle priv\u00e9e", "SUPERFICIE_MO": 8220, "SUPERFICIE_RF": 8220}}, {"type": "Feature", "id": 52060113, "geometry": {"type": "Polygon", "coordinates": [[[2530644.328, 1175194.997], [2530645.458, 1175203.6570000001], [2530629.908, 1175205.898], [2530618.488, 1175207.538], [2530617.498, 1175198.438], [2530644.328, 1175194.997]]]}, "properties": {"OBJECTID": 52060113, "EGRID": "CH938383458823", "NUMERO": "399", "NO_COM_FED": 5757, "GENRE_TXT": "parcelle priv\u00e9e", "SUPERFICIE_MO": 243, "SUPERFICIE_RF": 243}}, {"type": "Feature", "id": 52060384, "geometry": {"type": "Polygon", "coordinates": [[[2530554.787, 1175975.299], [2530543.797, 1175995.919], [2530522.817, 1175984.73], [2530533.806, 1175964.1], [2530554.787, 1175975.299]]]}, "properties": {"OBJECTID": 52060384, "EGRID": "CH357983834505", "NUMERO": "1255", "NO_COM_FED": 5757, "GENRE_TXT": "parcelle priv\u00e9e", "SUPERFICIE_MO": 556, "SUPERFICIE_RF": 556}}, {"type": "Feature", "id": 52060594, "geometry": {"type": "Polygon", "coordinates": [[[2530771.162, 1175562.553], [2530767.052, 1175539.1030000001], [2530800.382, 1175534.932], [2530796.852, 1175559.342], [2530771.162, 1175562.553]]]}, "properties": {"OBJECTID": 52060594, "EGRID": "CH987283458317", "NUMERO": "173", "NO_COM_FED": 5757, "GENRE_TXT": "parcelle priv\u00e9e", "SUPERFICIE_MO": 707, "SUPERFICIE_RF": 707}}, {"type": "Feature", "id": 52061038, "geometry": {"type": "Polygon", "coordinates": [[[2530748.637, 1175947.063], [2530774.147, 1175980.473], [2530740.087, 1176006.154], [2530735.407, 1176009.564], [2530725.397, 1175988.634], [2530733.972, 1175980.336], [2530725.5439999998, 1175973.281], [2530724.777, 1175972.639], [2530745.277, 1175950.643], [2530748.637, 1175947.063]]]}, "properties": {"OBJECTID": 52061038, "EGRID": "CH774583068342", "NUMERO": "725", "NO_COM_FED": 5757, "GENRE_TXT": "parcelle priv\u00e9e", "SUPERFICIE_MO": 1599, "SUPERFICIE_RF": 1599}}, {"type": "Feature", "id": 52061090, "geometry": {"type": "Polygon", "coordinates": [[[2530337.688, 1176114.346], [2530326.087, 1176085.276], [2530319.987, 1176082.997], [2530317.877, 1176083.547], [2530316.957, 1176085.6469999999], [2530311.487, 1176048.517], [2530345.647, 1176043.976], [2530368.468, 1176102.635], [2530337.688, 1176114.346]]]}, "properties": {"OBJECTID": 52061090, "EGRID": "CH438382454353", "NUMERO": "872", "NO_COM_FED": 5757, "GENRE_TXT": "parcelle priv\u00e9e", "SUPERFICIE_MO": 2378, "SUPERFICIE_RF": 2378}}, {"type": "Feature", "id": 52061550, "geometry": {"type": "Polygon", "coordinates": [[[2530248.703, 1174830.027], [2530274.409, 1174789.042], [2530275.405, 1174787.454], [2530277.084, 1174788.453], [2530278.254, 1174790.206], [2530283.0609999998, 1174794.401], [2530287.224, 1174798.764], [2530288.633, 1174801.252], [2530295.93, 1174806.716], [2530298.442, 1174809.266], [2530301.663, 1174809.168], [2530307.4189999998, 1174812.671], [2530311.852, 1174813.32], [2530314.257, 1174814.693], [2530317.285, 1174815.06], [2530319.346, 1174816.57], [2530322.804, 1174817.65], [2530326.118, 1174819.0219999999], [2530330.443, 1174820.416], [2530341.024, 1174819.826], [2530344.769, 1174821.333], [2530350.674, 1174820.932], [2530358.472, 1174821.991], [2530361.511, 1174822.615], [2530364.2939999998, 1174824.591], [2530360.851, 1174829.269], [2530349.37, 1174844.867], [2530337.979, 1174862.246], [2530324.734, 1174884.406], [2530248.703, 1174830.027]]]}, "properties": {"OBJECTID": 52061550, "EGRID": "CH898390694561", "NUMERO": "2324", "NO_COM_FED": 5757, "GENRE_TXT": "parcelle priv\u00e9e", "SUPERFICIE_MO": 5069, "SUPERFICIE_RF": 5069}}, {"type": "Feature", "id": 52061573, "geometry": {"type": "Polygon", "coordinates": [[[2530898.494, 1175672.498], [2530936.494, 1175668.687], [2530945.634, 1175667.667], [2530955.554, 1175687.207], [2530957.3140000002, 1175690.687], [2530952.804, 1175695.697], [2530921.424, 1175698.838], [2530902.364, 1175706.388], [2530896.8140000002, 1175705.308], [2530893.524, 1175704.669], [2530889.404, 1175703.869], [2530889.464, 1175702.359], [2530880.004, 1175674.109], [2530893.994, 1175672.759], [2530898.494, 1175672.498]]]}, "properties": {"OBJECTID": 52061573, "EGRID": "CH368283451584", "NUMERO": "2686", "NO_COM_FED": 5757, "GENRE_TXT": "parcelle priv\u00e9e", "SUPERFICIE_MO": 2035, "SUPERFICIE_RF": 2035}}, {"type": "Feature", "id": 52061727, "geometry": {"type": "Polygon", "coordinates": [[[2530872.966, 1175004.58], [2530835.539, 1175027.406], [2530828.996, 1175031.391], [2530827.376, 1175032.342], [2530826.912, 1175032.637], [2530822.596, 1175035.342], [2530822.066, 1175035.672], [2530818.636, 1175029.732], [2530812.876, 1175019.202], [2530812.056, 1175017.462], [2530816.859, 1175014.373], [2530820.826, 1175011.822], [2530824.786, 1175009.892], [2530825.666, 1175009.442], [2530863.6859999998, 1174990.19], [2530872.966, 1175004.58]]]}, "properties": {"OBJECTID": 52061727, "EGRID": "CH957283834587", "NUMERO": "672", "NO_COM_FED": 5757, "GENRE_TXT": "parcelle priv\u00e9e", "SUPERFICIE_MO": 1143, "SUPERFICIE_RF": 1143}}, {"type": "Feature", "id": 52062367, "geometry": {"type": "Polygon", "coordinates": [[[2530735.316, 1175886.283], [2530733.856, 1175888.573], [2530748.046, 1175899.753], [2530732.6859999998, 1175931.774], [2530733.747, 1175932.774], [2530730.187, 1175936.584], [2530728.097, 1175934.644], [2530712.667, 1175951.144], [2530709.967, 1175948.624], [2530707.707, 1175946.504], [2530724.026, 1175929.064], [2530705.516, 1175911.674], [2530698.266, 1175919.405], [2530679.756, 1175939.095], [2530677.006, 1175930.815], [2530673.476, 1175915.585], [2530671.646, 1175908.235], [2530670.166, 1175901.996], [2530666.806, 1175887.836], [2530665.576, 1175882.226], [2530664.786, 1175876.256], [2530664.626, 1175873.346], [2530694.746, 1175878.605], [2530707.916, 1175880.904], [2530729.886, 1175885.224], [2530735.316, 1175886.283]]]}, "properties": {"OBJECTID": 52062367, "EGRID": "CH414527838231", "NUMERO": "2632", "NO_COM_FED": 5757, "GENRE_TXT": "parcelle priv\u00e9e", "SUPERFICIE_MO": 3380, "SUPERFICIE_RF": 3380}}, {"type": "Feature", "id": 52062570, "geometry": {"type": "Polygon", "coordinates": [[[2531449.414, 1175604.601], [2531439.284, 1175587.941], [2531409.254, 1175557.952], [2531401.0640000002, 1175552.182], [2531396.534, 1175550.923], [2531449.453, 1175528.951], [2531492.914, 1175603.59], [2531449.414, 1175604.601]]]}, "properties": {"OBJECTID": 52062570, "EGRID": "CH408245218309", "NUMERO": "169", "NO_COM_FED": 5757, "GENRE_TXT": "parcelle priv\u00e9e", "SUPERFICIE_MO": 3385, "SUPERFICIE_RF": 3385}}, {"type": "Feature", "id": 52062774, "geometry": {"type": "Polygon", "coordinates": [[[2530824.63, 1176288.354], [2530823.05, 1176290.684], [2530821.89, 1176284.854], [2530821.54, 1176282.854], [2530816.56, 1176252.214], [2530812.599, 1176227.854], [2530832.839, 1176224.344], [2530868.699, 1176218.073], [2530872.279, 1176212.5219999999], [2530876.1, 1176226.702], [2530869.8, 1176222.643], [2530846.96, 1176226.633], [2530822.35, 1176230.954], [2530818.67, 1176235.484], [2530818.86, 1176241.704], [2530822.2, 1176261.744], [2530826.2, 1176286.084], [2530824.63, 1176288.354]]]}, "properties": {"OBJECTID": 52062774, "EGRID": "CH768383457060", "NUMERO": "2117", "NO_COM_FED": 5757, "GENRE_TXT": "parcelle priv\u00e9e", "SUPERFICIE_MO": 559, "SUPERFICIE_RF": 559}}, {"type": "Feature", "id": 52062803, "geometry": {"type": "Polygon", "coordinates": [[[2530442.309, 1175315.464], [2530367.1689999998, 1175336.574], [2530361.989, 1175325.514], [2530356.659, 1175317.074], [2530345.748, 1175302.754], [2530386.948, 1175295.404], [2530427.018, 1175288.104], [2530442.309, 1175315.464]]]}, "properties": {"OBJECTID": 52062803, "EGRID": "CH738383451468", "NUMERO": "2308", "NO_COM_FED": 5757, "GENRE_TXT": "parcelle priv\u00e9e", "SUPERFICIE_MO": 2679, "SUPERFICIE_RF": 2679}}, {"type": "Feature", "id": 52063466, "geometry": {"type": "Polygon", "coordinates": [[[2530159.616, 1174871.221], [2530195.1890000002, 1174852.599], [2530233.145, 1174886.381], [2530180.296, 1174911.91], [2530178.13, 1174906.805], [2530159.616, 1174871.221]]]}, "properties": {"OBJECTID": 52063466, "EGRID": "CH729069834538", "NUMERO": "2320", "NO_COM_FED": 5757, "GENRE_TXT": "parcelle priv\u00e9e", "SUPERFICIE_MO": 2285, "SUPERFICIE_RF": 2285}}, {"type": "Feature", "id": 52063579, "geometry": {"type": "Polygon", "coordinates": [[[2530698.854, 1174898.376], [2530696.984, 1174892.696], [2530697.446, 1174892.629], [2530700.243, 1174898.1469999999], [2530698.854, 1174898.376]]]}, "properties": {"OBJECTID": 52063579, "EGRID": "CH138301454707", "NUMERO": "2856", "NO_COM_FED": 5757, "GENRE_TXT": "parcelle priv\u00e9e", "SUPERFICIE_MO": 6, "SUPERFICIE_RF": 6}}, {"type": "Feature", "id": 52063746, "geometry": {"type": "Polygon", "coordinates": [[[2530275.007, 1176024.568], [2530290.837, 1176022.248], [2530295.177, 1176051.937], [2530279.347, 1176054.258], [2530275.007, 1176024.568]]]}, "properties": {"OBJECTID": 52063746, "EGRID": "CH928394834531", "NUMERO": "2555", "NO_COM_FED": 5757, "GENRE_TXT": "parcelle priv\u00e9e", "SUPERFICIE_MO": 480, "SUPERFICIE_RF": 480}}, {"type": "Feature", "id": 52063762, "geometry": {"type": "Polygon", "coordinates": [[[2530724.776, 1174999.685], [2530720.796, 1175002.025], [2530710.666, 1175007.895], [2530707.886, 1175003.185], [2530717.915, 1174996.675], [2530717.745, 1174996.365], [2530720.965, 1174994.335], [2530724.776, 1174999.685]]]}, "properties": {"OBJECTID": 52063762, "EGRID": "CH498383744551", "NUMERO": "507", "NO_COM_FED": 5757, "GENRE_TXT": "parcelle priv\u00e9e", "SUPERFICIE_MO": 96, "SUPERFICIE_RF": 96}}, {"type": "Feature", "id": 52063775, "geometry": {"type": "Polygon", "coordinates": [[[2531135.862, 1175434.121], [2531189.181, 1175410.419], [2531191.472, 1175415.119], [2531200.462, 1175433.579], [2531223.382, 1175422.188], [2531217.172, 1175409.349], [2531236.701, 1175400.9679999999], [2531238.481, 1175400.198], [2531241.632, 1175404.688], [2531252.312, 1175422.137], [2531264.612, 1175446.097], [2531260.742, 1175448.127], [2531261.832, 1175451.557], [2531263.232, 1175455.967], [2531275.423, 1175494.307], [2531275.463, 1175502.617], [2531272.653, 1175502.6570000001], [2531264.613, 1175486.367], [2531239.653, 1175495.128], [2531247.683, 1175520.527], [2531211.183, 1175536.809], [2531200.403, 1175513.699], [2531187.182, 1175482.769], [2531160.972, 1175493.3], [2531135.862, 1175434.121]]]}, "properties": {"OBJECTID": 52063775, "EGRID": "CH987183458344", "NUMERO": "721", "NO_COM_FED": 5757, "GENRE_TXT": "parcelle priv\u00e9e", "SUPERFICIE_MO": 10184, "SUPERFICIE_RF": 10184}}, {"type": "Feature", "id": 52063848, "geometry": {"type": "Polygon", "coordinates": [[[2531184.296, 1174933.762], [2531189.746, 1174926.362], [2531211.971, 1174904.285], [2531213.215, 1174906.733], [2531212.253, 1174910.779], [2531206.876, 1174915.612], [2531173.736, 1174953.702], [2531174.826, 1174950.422], [2531180.666, 1174939.712], [2531184.296, 1174933.762]]]}, "properties": {"OBJECTID": 52063848, "EGRID": "CH438382455046", "NUMERO": "1005", "NO_COM_FED": 5757, "GENRE_TXT": "parcelle priv\u00e9e", "SUPERFICIE_MO": 263, "SUPERFICIE_RF": 263}}, {"type": "Feature", "id": 52064215, "geometry": {"type": "Polygon", "coordinates": [[[2530597.39, 1175367.839], [2530577.03, 1175371.409], [2530570.769, 1175327.139], [2530577.309, 1175326.249], [2530585.529, 1175330.349], [2530605.149, 1175328.238], [2530605.639, 1175329.948], [2530612.399, 1175329.938], [2530611.819, 1175332.568], [2530610.089, 1175336.508], [2530607.619, 1175341.298], [2530598.97, 1175362.588], [2530597.39, 1175367.839]]]}, "properties": {"OBJECTID": 52064215, "EGRID": "CH108345948359", "NUMERO": "651", "NO_COM_FED": 5757, "GENRE_TXT": "parcelle priv\u00e9e", "SUPERFICIE_MO": 1254, "SUPERFICIE_RF": 1254}}, {"type": "Feature", "id": 52064637, "geometry": {"type": "Polygon", "coordinates": [[[2530970.619, 1176177.309], [2530970.019, 1176174.509], [2530969.4189999998, 1176171.719], [2530968.809, 1176168.919], [2530968.209, 1176166.119], [2530967.609, 1176163.329], [2530967.009, 1176160.529], [2530966.409, 1176157.729], [2530965.799, 1176154.929], [2530965.199, 1176152.129], [2530964.589, 1176149.299], [2530970.379, 1176148.059], [2530970.989, 1176150.879], [2530971.589, 1176153.679], [2530972.1890000002, 1176156.479], [2530972.799, 1176159.279], [2530973.399, 1176162.069], [2530973.999, 1176164.869], [2530974.599, 1176167.659], [2530975.209, 1176170.459], [2530975.809, 1176173.259], [2530976.409, 1176176.049], [2530970.619, 1176177.309]]]}, "properties": {"OBJECTID": 52064637, "EGRID": "CH514592838390", "NUMERO": "67", "NO_COM_FED": 5757, "GENRE_TXT": "parcelle priv\u00e9e", "SUPERFICIE_MO": 170, "SUPERFICIE_RF": 170}}, {"type": "Feature", "id": 52064719, "geometry": {"type": "Polygon", "coordinates": [[[2530427.337, 1176044.443], [2530435.457, 1176077.993], [2530399.928, 1176090.984], [2530383.177, 1176048.895], [2530387.367, 1176038.514], [2530345.647, 1176043.976], [2530342.846, 1176000.296], [2530401.057, 1176004.524], [2530412.037, 1176005.374], [2530427.337, 1176044.443]]]}, "properties": {"OBJECTID": 52064719, "EGRID": "CH574582438308", "NUMERO": "876", "NO_COM_FED": 5757, "GENRE_TXT": "parcelle priv\u00e9e", "SUPERFICIE_MO": 4700, "SUPERFICIE_RF": 4700}}, {"type": "Feature", "id": 52064743, "geometry": {"type": "Polygon", "coordinates": [[[2531106.116, 1174937.553], [2531133.856, 1174958.722], [2531140.2060000002, 1174963.552], [2531139.716, 1174964.202], [2531154.656, 1174975.461], [2531144.7060000002, 1174987.831], [2531120.636, 1174970.972], [2531123.026, 1174968.172], [2531096.226, 1174950.523], [2531106.116, 1174937.553]]]}, "properties": {"OBJECTID": 52064743, "EGRID": "CH368383450369", "NUMERO": "1002", "NO_COM_FED": 5757, "GENRE_TXT": "parcelle priv\u00e9e", "SUPERFICIE_MO": 977, "SUPERFICIE_RF": 977}}, {"type": "Feature", "id": 52065291, "geometry": {"type": "Polygon", "coordinates": [[[2530732.913, 1174539.877], [2530731.55, 1174551.671], [2530732.091, 1174564.313], [2530731.05, 1174565.825], [2530695.249, 1174553.715], [2530703.414, 1174530.118], [2530720.404, 1174528.274], [2530720.037, 1174532.855], [2530723.754, 1174534.47], [2530723.738, 1174534.612], [2530732.913, 1174539.877]]]}, "properties": {"OBJECTID": 52065291, "EGRID": "CH738390456848", "NUMERO": "1055", "NO_COM_FED": 5757, "GENRE_TXT": "parcelle priv\u00e9e", "SUPERFICIE_MO": 945, "SUPERFICIE_RF": 945}}, {"type": "Feature", "id": 52065744, "geometry": {"type": "Polygon", "coordinates": [[[2530770.198, 1175226.783], [2530759.778, 1175228.993], [2530760.868, 1175234.253], [2530753.248, 1175235.334], [2530752.528, 1175235.614], [2530751.648, 1175235.804], [2530750.608, 1175236.344], [2530745.208, 1175237.714], [2530744.658, 1175235.054], [2530737.728, 1175236.824], [2530736.698, 1175223.344], [2530736.608, 1175221.614], [2530736.178, 1175214.844], [2530736.108, 1175213.834], [2530744.158, 1175210.794], [2530753.788, 1175206.384], [2530754.528, 1175206.104], [2530754.828, 1175206.904], [2530755.728, 1175209.934], [2530757.308, 1175215.234], [2530757.688, 1175217.414], [2530768.088, 1175215.693], [2530770.198, 1175226.783]]]}, "properties": {"OBJECTID": 52065744, "EGRID": "CH998383744575", "NUMERO": "330", "NO_COM_FED": 5757, "GENRE_TXT": "parcelle priv\u00e9e", "SUPERFICIE_MO": 688, "SUPERFICIE_RF": 688}}, {"type": "Feature", "id": 52066828, "geometry": {"type": "Polygon", "coordinates": [[[2530727.914, 1174894.385], [2530724.684, 1174888.965], [2530710.194, 1174897.565], [2530707.124, 1174890.156], [2530721.734, 1174884.125], [2530721.984, 1174884.525], [2530725.874, 1174883.195], [2530726.454, 1174885.665], [2530732.504, 1174885.205], [2530734.394, 1174892.575], [2530735.774, 1174896.625], [2530730.264, 1174898.705], [2530727.914, 1174894.385]]]}, "properties": {"OBJECTID": 52066828, "EGRID": "CH138382452180", "NUMERO": "546", "NO_COM_FED": 5757, "GENRE_TXT": "parcelle priv\u00e9e", "SUPERFICIE_MO": 216, "SUPERFICIE_RF": 216}}, {"type": "Feature", "id": 52067009, "geometry": {"type": "Polygon", "coordinates": [[[2530657.842, 1174486.733], [2530671.177, 1174457.03], [2530672.354, 1174457.366], [2530673.538, 1174457.667], [2530678.55, 1174458.916], [2530683.671, 1174459.582], [2530687.0804004814, 1174459.6739956536], [2530690.487, 1174459.508], [2530693.8704011063, 1174459.0839342147], [2530697.212, 1174458.405], [2530700.263, 1174476.726], [2530689.054, 1174503.903], [2530660.401, 1174487.996], [2530657.842, 1174486.733]]]}, "properties": {"OBJECTID": 52067009, "EGRID": "CH129068834557", "NUMERO": "1518", "NO_COM_FED": 5757, "GENRE_TXT": "parcelle priv\u00e9e", "SUPERFICIE_MO": 1285, "SUPERFICIE_RF": 1285}}, {"type": "Feature", "id": 52067156, "geometry": {"type": "Polygon", "coordinates": [[[2530672.325, 1174949.677], [2530667.355, 1174955.437], [2530667.175, 1174955.277], [2530661.655, 1174961.707], [2530660.505, 1174960.517], [2530659.855, 1174959.997], [2530660.295, 1174959.587], [2530651.195, 1174949.497], [2530650.625, 1174950.067], [2530648.975, 1174948.187], [2530655.635, 1174941.517], [2530657.915, 1174943.637], [2530660.215, 1174940.927], [2530660.085, 1174940.797], [2530663.115, 1174937.037], [2530665.535, 1174935.807], [2530671.505, 1174948.027], [2530672.325, 1174949.677]]]}, "properties": {"OBJECTID": 52067156, "EGRID": "CH359883834574", "NUMERO": "492", "NO_COM_FED": 5757, "GENRE_TXT": "parcelle priv\u00e9e", "SUPERFICIE_MO": 299, "SUPERFICIE_RF": 299}}, {"type": "Feature", "id": 52067173, "geometry": {"type": "Polygon", "coordinates": [[[2530478.959, 1176252.464], [2530496.9390000002, 1176251.503], [2530509.479, 1176250.773], [2530526.849, 1176249.902], [2530528.42, 1176278.7719999999], [2530529.5, 1176281.452], [2530534.17, 1176292.962], [2530527.72, 1176293.323], [2530497.7, 1176294.983], [2530481.31, 1176295.844], [2530480.67, 1176284.004], [2530478.959, 1176252.464]]]}, "properties": {"OBJECTID": 52067173, "EGRID": "CH674582638311", "NUMERO": "900", "NO_COM_FED": 5757, "GENRE_TXT": "parcelle priv\u00e9e", "SUPERFICIE_MO": 2120, "SUPERFICIE_RF": 2120}}, {"type": "Feature", "id": 52067177, "geometry": {"type": "Polygon", "coordinates": [[[2530326.447, 1174699.2280000001], [2530335.512, 1174709.118], [2530362.025, 1174730.643], [2530410.055, 1174757.86], [2530436.717, 1174773.004], [2530493.963, 1174805.459], [2530477.323, 1174802.559], [2530461.0640000002, 1174792.696], [2530455.599, 1174789.289], [2530435.845, 1174778.041], [2530426.182, 1174772.981], [2530418.897, 1174769.089], [2530403.504, 1174761.389], [2530382.347, 1174750.417], [2530371.024, 1174742.931], [2530363.183, 1174738.524], [2530338.921, 1174720.153], [2530325.164, 1174708.1], [2530315.599, 1174699.605], [2530302.55, 1174690.691], [2530298.9, 1174689.617], [2530294.825, 1174688.412], [2530261.4390000002, 1174688.47], [2530249.1859999998, 1174688.511], [2530226.971, 1174690.737], [2530216.725, 1174691.79], [2530227.368, 1174680.9780000001], [2530227.23229819, 1174681.3944055212], [2530227.1640599645, 1174681.8270162977], [2530227.164997944, 1174682.2649748113], [2530227.2350885873, 1174682.6972893276], [2530227.3725727834, 1174683.113109764], [2530227.574, 1174683.502], [2530227.8328370233, 1174683.853349539], [2530228.143762191, 1174684.1595661994], [2530228.4990202123, 1174684.413012133], [2530228.8897500187, 1174684.6073657318], [2530229.3062057816, 1174684.7377793067], [2530229.738, 1174684.801], [2530248.639, 1174682.957], [2530295.19, 1174682.02], [2530315.533, 1174687.681], [2530326.447, 1174699.2280000001]]]}, "properties": {"OBJECTID": 52067177, "EGRID": "CH229055834543", "NUMERO": "DP 180", "NO_COM_FED": 5757, "GENRE_TXT": "DP communal", "SUPERFICIE_MO": 1840, "SUPERFICIE_RF": null}}, {"type": "Feature", "id": 52067483, "geometry": {"type": "Polygon", "coordinates": [[[2530679.975, 1175695.689], [2530684.954, 1175695.305], [2530685.344, 1175697.615], [2530687.834, 1175697.535], [2530691.094, 1175696.775], [2530695.754, 1175696.105], [2530696.574, 1175696.015], [2530697.704, 1175695.845], [2530697.7939999998, 1175696.385], [2530707.144, 1175694.675], [2530707.474, 1175694.625], [2530715.364, 1175693.104], [2530718.534, 1175699.754], [2530708.624, 1175701.195], [2530699.474, 1175702.725], [2530686.054, 1175704.015], [2530664.222, 1175705.639], [2530649.0640000002, 1175706.766], [2530646.104, 1175698.307], [2530679.975, 1175695.689]]]}, "properties": {"OBJECTID": 52067483, "EGRID": "CH568383458912", "NUMERO": "804", "NO_COM_FED": 5757, "GENRE_TXT": "parcelle priv\u00e9e", "SUPERFICIE_MO": 544, "SUPERFICIE_RF": 544}}, {"type": "Feature", "id": 52067508, "geometry": {"type": "Polygon", "coordinates": [[[2530475.394, 1175797.382], [2530430.424, 1175792.273], [2530420.264, 1175791.634], [2530408.664, 1175790.654], [2530417.034, 1175764.904], [2530449.024, 1175770.533], [2530470.084, 1175772.822], [2530475.394, 1175797.382]]]}, "properties": {"OBJECTID": 52067508, "EGRID": "CH228221834580", "NUMERO": "791", "NO_COM_FED": 5757, "GENRE_TXT": "parcelle priv\u00e9e", "SUPERFICIE_MO": 1477, "SUPERFICIE_RF": 1477}}, {"type": "Feature", "id": 52067766, "geometry": {"type": "Polygon", "coordinates": [[[2530538.841, 1174673.918], [2530548.262, 1174684.308], [2530564.322, 1174696.748], [2530593.912, 1174712.929], [2530606.23, 1174720.524], [2530620.072, 1174729.059], [2530645.022, 1174755.738], [2530601.713, 1174799.189], [2530598.903, 1174801.269], [2530595.833, 1174803.029], [2530593.293, 1174804.389], [2530590.483, 1174805.499], [2530587.483, 1174805.879], [2530582.133, 1174805.359], [2530550.652, 1174766.579], [2530566.652, 1174750.979], [2530553.832, 1174731.489], [2530563.842, 1174719.609], [2530575.042, 1174706.068], [2530562.882, 1174699.388], [2530546.292, 1174686.568], [2530536.691, 1174675.9780000001], [2530538.841, 1174673.918]]]}, "properties": {"OBJECTID": 52067766, "EGRID": "CH282183458281", "NUMERO": "1036", "NO_COM_FED": 5757, "GENRE_TXT": "parcelle priv\u00e9e", "SUPERFICIE_MO": 5675, "SUPERFICIE_RF": 5675}}, {"type": "Feature", "id": 52067772, "geometry": {"type": "Polygon", "coordinates": [[[2530658.32, 1175392.057], [2530677.31, 1175385.946], [2530677.43, 1175386.646], [2530679.61, 1175396.516], [2530678.9, 1175396.546], [2530678.91, 1175397.226], [2530664.41, 1175401.436], [2530658.85, 1175392.667], [2530658.32, 1175392.057]]]}, "properties": {"OBJECTID": 52067772, "EGRID": "CH544583838919", "NUMERO": "633", "NO_COM_FED": 5757, "GENRE_TXT": "parcelle priv\u00e9e", "SUPERFICIE_MO": 196, "SUPERFICIE_RF": 196}}, {"type": "Feature", "id": 52067813, "geometry": {"type": "Polygon", "coordinates": [[[2530606.648, 1175211.138], [2530611.608, 1175245.168], [2530610.338, 1175245.428], [2530603.948, 1175247.158], [2530604.018, 1175247.548], [2530599.548, 1175248.619], [2530585.688, 1175251.919], [2530585.248, 1175252.059], [2530584.228, 1175252.269], [2530579.738, 1175214.309], [2530582.528, 1175213.979], [2530591.378, 1175212.979], [2530593.088, 1175212.759], [2530604.308, 1175211.448], [2530604.488, 1175211.418], [2530606.648, 1175211.138]]]}, "properties": {"OBJECTID": 52067813, "EGRID": "CH574583728309", "NUMERO": "631", "NO_COM_FED": 5757, "GENRE_TXT": "parcelle priv\u00e9e", "SUPERFICIE_MO": 1005, "SUPERFICIE_RF": 1005}}, {"type": "Feature", "id": 52069082, "geometry": {"type": "Polygon", "coordinates": [[[2530719.376, 1175054.065], [2530718.856, 1175050.565], [2530718.036, 1175041.845], [2530717.276, 1175039.275], [2530717.546, 1175039.165], [2530716.526, 1175036.095], [2530711.366, 1175024.365], [2530720.506, 1175024.475], [2530728.356, 1175028.785], [2530725.766, 1175043.915], [2530726.4560000002, 1175052.385], [2530728.276, 1175057.745], [2530731.026, 1175064.685], [2530737.556, 1175072.644], [2530732.986, 1175078.995], [2530732.396, 1175078.725], [2530729.027, 1175086.505], [2530726.927, 1175091.025], [2530724.767, 1175095.845], [2530722.507, 1175100.865], [2530722.427, 1175101.085], [2530722.887, 1175101.315], [2530721.067, 1175105.425], [2530721.907, 1175105.795], [2530718.837, 1175111.785], [2530714.207, 1175117.875], [2530709.167, 1175125.385], [2530708.177, 1175138.685], [2530708.277, 1175145.895], [2530708.297, 1175147.675], [2530698.147, 1175146.286], [2530697.727, 1175143.996], [2530697.067, 1175144.156], [2530695.547, 1175139.006], [2530701.097, 1175137.155], [2530695.187, 1175123.106], [2530695.737, 1175122.866], [2530695.327, 1175121.856], [2530689.417, 1175123.756], [2530684.237, 1175125.486], [2530686.817, 1175119.816], [2530702.087, 1175116.895], [2530702.247, 1175117.655], [2530703.267, 1175117.425], [2530703.527, 1175117.335], [2530703.277, 1175116.485], [2530707.727, 1175114.905], [2530707.867, 1175114.285], [2530709.257, 1175111.815], [2530714.387, 1175101.865], [2530719.187, 1175095.075], [2530719.147, 1175094.755], [2530723.116, 1175081.195], [2530723.836, 1175076.875], [2530722.9359999998, 1175067.055], [2530723.816, 1175066.835], [2530723.726, 1175066.475], [2530721.646, 1175059.825], [2530721.596, 1175059.605], [2530719.606, 1175055.055], [2530719.766, 1175054.965], [2530719.376, 1175054.065]]]}, "properties": {"OBJECTID": 52069082, "EGRID": "CH682983458220", "NUMERO": "DP 106", "NO_COM_FED": 5757, "GENRE_TXT": "DP communal", "SUPERFICIE_MO": 1244, "SUPERFICIE_RF": null}}, {"type": "Feature", "id": 52069139, "geometry": {"type": "Polygon", "coordinates": [[[2530200.816, 1175974.98], [2530216.566, 1176015.86], [2530242.297, 1176093.409], [2530134.847, 1176123.632], [2530105.096, 1176009.541], [2530109.026, 1176008.311], [2530122.676, 1176004.021], [2530142.396, 1175993.43], [2530153.376, 1175989.96], [2530200.816, 1175974.98]]]}, "properties": {"OBJECTID": 52069139, "EGRID": "CH598382434522", "NUMERO": "1633", "NO_COM_FED": 5757, "GENRE_TXT": "parcelle priv\u00e9e", "SUPERFICIE_MO": 13137, "SUPERFICIE_RF": 13137}}, {"type": "Feature", "id": 52069191, "geometry": {"type": "Polygon", "coordinates": [[[2530748.826, 1175008.904], [2530742.236, 1174999.924], [2530745.036, 1174994.064], [2530745.296, 1174993.704], [2530754.226, 1175005.224], [2530748.826, 1175008.904]]]}, "properties": {"OBJECTID": 52069191, "EGRID": "CH444583822226", "NUMERO": "373", "NO_COM_FED": 5757, "GENRE_TXT": "parcelle priv\u00e9e", "SUPERFICIE_MO": 82, "SUPERFICIE_RF": 82}}, {"type": "Feature", "id": 52069243, "geometry": {"type": "Polygon", "coordinates": [[[2530600.762, 1175597.908], [2530605.482, 1175597.118], [2530646.852, 1175590.207], [2530682.392, 1175583.746], [2530682.532, 1175586.796], [2530683.433, 1175603.915], [2530683.393, 1175605.115], [2530683.813, 1175612.605], [2530685.033, 1175620.585], [2530688.123, 1175637.165], [2530688.503, 1175638.235], [2530695.353, 1175653.765], [2530701.253, 1175665.795], [2530701.699, 1175666.573], [2530687.775, 1175668.0320000001], [2530679.579, 1175686.173], [2530679.975, 1175695.689], [2530646.104, 1175698.307], [2530642.743, 1175688.597], [2530640.473, 1175684.477], [2530636.133, 1175679.9070000001], [2530620.603, 1175669.817], [2530616.723, 1175664.118], [2530615.813, 1175650.958], [2530619.563, 1175616.268], [2530595.693, 1175624.9679999999], [2530591.603, 1175626.458], [2530593.333, 1175620.898], [2530595.402, 1175617.828], [2530598.072, 1175610.878], [2530600.382, 1175599.118], [2530600.762, 1175597.908]]]}, "properties": {"OBJECTID": 52069243, "EGRID": "CH928372834535", "NUMERO": "806", "NO_COM_FED": 5757, "GENRE_TXT": "parcelle priv\u00e9e", "SUPERFICIE_MO": 7420, "SUPERFICIE_RF": 7420}}, {"type": "Feature", "id": 52069265, "geometry": {"type": "Polygon", "coordinates": [[[2531513.769, 1174491.075], [2531532.346, 1174573.285], [2531534.016, 1174580.665], [2531476.424, 1174594.606], [2531386.445, 1174616.386], [2531367.334, 1174534.2179999999], [2531373.154, 1174532.788], [2531370.554, 1174521.588], [2531376.668, 1174522.85], [2531432.193, 1174510.785], [2531454.807, 1174505.321], [2531513.769, 1174491.075]]]}, "properties": {"OBJECTID": 52069265, "EGRID": "CH484083458282", "NUMERO": "230", "NO_COM_FED": 5757, "GENRE_TXT": "parcelle priv\u00e9e", "SUPERFICIE_MO": 13982, "SUPERFICIE_RF": 13995}}, {"type": "Feature", "id": 52069515, "geometry": {"type": "Polygon", "coordinates": [[[2530188.844, 1175854.949], [2530208.2939999998, 1175856.359], [2530206.915, 1175875.309], [2530187.465, 1175873.899], [2530188.844, 1175854.949]]]}, "properties": {"OBJECTID": 52069515, "EGRID": "CH414571838322", "NUMERO": "2550", "NO_COM_FED": 5757, "GENRE_TXT": "parcelle priv\u00e9e", "SUPERFICIE_MO": 371, "SUPERFICIE_RF": 371}}, {"type": "Feature", "id": 52069812, "geometry": {"type": "Polygon", "coordinates": [[[2531052.84, 1176235.818], [2531029.49, 1176241.818], [2531029.98, 1176210.768], [2531054.59, 1176204.3969999999], [2531048.06, 1176216.428], [2531047.67, 1176222.618], [2531052.84, 1176235.818]]]}, "properties": {"OBJECTID": 52069812, "EGRID": "CH444583838161", "NUMERO": "1334", "NO_COM_FED": 5757, "GENRE_TXT": "parcelle priv\u00e9e", "SUPERFICIE_MO": 631, "SUPERFICIE_RF": 631}}, {"type": "Feature", "id": 52069870, "geometry": {"type": "Polygon", "coordinates": [[[2530992.383, 1175546.916], [2531033.194, 1175640.484], [2531004.624, 1175653.545], [2530999.894, 1175653.505], [2530996.804, 1175650.285], [2530958.413, 1175560.577], [2530992.383, 1175546.916]]]}, "properties": {"OBJECTID": 52069870, "EGRID": "CH838383450741", "NUMERO": "717", "NO_COM_FED": 5757, "GENRE_TXT": "parcelle priv\u00e9e", "SUPERFICIE_MO": 3794, "SUPERFICIE_RF": 3794}}, {"type": "Feature", "id": 52069987, "geometry": {"type": "Polygon", "coordinates": [[[2531074.066, 1174970.134], [2531068.537, 1174967.571], [2531057.736, 1174962.564], [2531049.466, 1174957.224], [2531035.326, 1174944.395], [2531029.056, 1174938.705], [2531023.416, 1174939.715], [2531026.575, 1174930.575], [2531029.195, 1174932.595], [2531030.805, 1174933.375], [2531032.945, 1174933.895], [2531044.636, 1174946.935], [2531051.666, 1174954.784], [2531059.466, 1174958.484], [2531065.786, 1174961.424], [2531084.266, 1174969.8530000001], [2531095.866, 1174976.023], [2531109.466, 1174983.713], [2531118.196, 1174989.422], [2531133.977, 1175000.842], [2531129.747, 1175007.342], [2531118.126, 1174995.242], [2531107.556, 1174987.903], [2531093.526, 1174979.683], [2531089.476, 1174977.273], [2531074.066, 1174970.134]]]}, "properties": {"OBJECTID": 52069987, "EGRID": "CH444583825095", "NUMERO": "DP 150", "NO_COM_FED": 5757, "GENRE_TXT": "DP communal", "SUPERFICIE_MO": 622, "SUPERFICIE_RF": null}}, {"type": "Feature", "id": 52070134, "geometry": {"type": "Polygon", "coordinates": [[[2530865.889, 1176186.752], [2530826.239, 1176197.774], [2530820.049, 1176172.913], [2530859.739, 1176161.872], [2530865.889, 1176186.752]]]}, "properties": {"OBJECTID": 52070134, "EGRID": "CH957683834576", "NUMERO": "2114", "NO_COM_FED": 5757, "GENRE_TXT": "parcelle priv\u00e9e", "SUPERFICIE_MO": 1055, "SUPERFICIE_RF": 1055}}, {"type": "Feature", "id": 52070490, "geometry": {"type": "Polygon", "coordinates": [[[2530799.9390000002, 1175262.502], [2530793.719, 1175264.562], [2530784.989, 1175267.473], [2530778.819, 1175269.553], [2530777.019, 1175257.793], [2530775.499, 1175248.663], [2530786.699, 1175247.723], [2530793.069, 1175247.182], [2530799.9390000002, 1175262.502]]]}, "properties": {"OBJECTID": 52070490, "EGRID": "CH138382452081", "NUMERO": "1481", "NO_COM_FED": 5757, "GENRE_TXT": "parcelle priv\u00e9e", "SUPERFICIE_MO": 371, "SUPERFICIE_RF": 371}}, {"type": "Feature", "id": 52070538, "geometry": {"type": "Polygon", "coordinates": [[[2530569.906, 1175946.919], [2530567.136, 1175952.119], [2530566.376, 1175953.539], [2530558.907, 1175967.559], [2530537.926, 1175956.37], [2530548.926, 1175935.729], [2530569.906, 1175946.919]]]}, "properties": {"OBJECTID": 52070538, "EGRID": "CH368383457990", "NUMERO": "1254", "NO_COM_FED": 5757, "GENRE_TXT": "parcelle priv\u00e9e", "SUPERFICIE_MO": 556, "SUPERFICIE_RF": 556}}, {"type": "Feature", "id": 52070547, "geometry": {"type": "Polygon", "coordinates": [[[2531037.065, 1174891.895], [2531041.795, 1174894.975], [2531044.685, 1174896.855], [2531051.485, 1174901.284], [2531038.875, 1174928.745], [2531037.485, 1174931.765], [2531032.945, 1174933.895], [2531030.805, 1174933.375], [2531029.195, 1174932.595], [2531026.575, 1174930.575], [2531023.075, 1174927.115], [2531014.445, 1174917.586], [2531000.715, 1174901.646], [2530999.415, 1174902.856], [2530978.455, 1174881.237], [2530977.435, 1174875.357], [2530985.114, 1174857.107], [2530992.965, 1174862.046], [2531013.545, 1174877.106], [2531013.825, 1174877.306], [2531021.315, 1174881.895], [2531037.065, 1174891.895]]]}, "properties": {"OBJECTID": 52070547, "EGRID": "CH728397834572", "NUMERO": "1011", "NO_COM_FED": 5757, "GENRE_TXT": "parcelle priv\u00e9e", "SUPERFICIE_MO": 2446, "SUPERFICIE_RF": 2446}}, {"type": "Feature", "id": 52070646, "geometry": {"type": "Polygon", "coordinates": [[[2530693.209, 1175337.225], [2530694.11, 1175348.895], [2530694.22, 1175350.405], [2530696.22, 1175377.235], [2530679.73, 1175378.316], [2530676.01, 1175378.556], [2530675, 1175373.456], [2530673.77, 1175373.796], [2530671.39, 1175374.446], [2530662.25, 1175376.946], [2530652.65, 1175379.577], [2530648.58, 1175370.987], [2530643.22, 1175359.707], [2530641.11, 1175355.257], [2530640.76, 1175355.457], [2530637.569, 1175346.097], [2530636.54, 1175341.583], [2530639.849, 1175340.767], [2530651.619, 1175337.857], [2530652.089, 1175337.747], [2530648.779, 1175324.077], [2530648.359, 1175324.167], [2530648.159, 1175323.287], [2530661.239, 1175320.767], [2530664.699, 1175320.866], [2530668.289, 1175320.976], [2530668.529, 1175323.336], [2530667.059, 1175323.636], [2530666.889, 1175322.856], [2530665.179, 1175323.216], [2530665.429, 1175324.506], [2530666.199, 1175328.416], [2530668.859, 1175327.856], [2530670.1689999998, 1175335.116], [2530673.509, 1175334.466], [2530673.759, 1175334.426], [2530675.229, 1175334.136], [2530675.4031050024, 1175334.5879393492], [2530675.6486744545, 1175335.005380808], [2530675.959115561, 1175335.377117337], [2530676.3260939177, 1175335.6931689358], [2530676.739757267, 1175335.9450505767], [2530677.1890000002, 1175336.126], [2530677.6661076574, 1175336.2314157148], [2530678.154056669, 1175336.2569098684], [2530678.639552035, 1175336.201787829], [2530679.1093656095, 1175336.06755149], [2530679.550696524, 1175335.8578583482], [2530679.9515199675, 1175335.57842185], [2530680.3009148254, 1175335.2368557171], [2530680.58936124, 1175334.8424664992], [2530680.809, 1175334.406], [2530682.019, 1175334.156], [2530683.009, 1175339.156], [2530693.209, 1175337.225]]]}, "properties": {"OBJECTID": 52070646, "EGRID": "CH314587839495", "NUMERO": "635", "NO_COM_FED": 5757, "GENRE_TXT": "parcelle priv\u00e9e", "SUPERFICIE_MO": 2347, "SUPERFICIE_RF": 2347}}, {"type": "Feature", "id": 52070949, "geometry": {"type": "Polygon", "coordinates": [[[2530172.808, 1175261.364], [2530172.836, 1175119.216], [2530173.004, 1175091.104], [2530173.62, 1175039.767], [2530174.989, 1174969.152], [2530178.988, 1174969.2280000001], [2530177.223, 1175062.5320000001], [2530176.748, 1175260.844], [2530172.808, 1175261.364]]]}, "properties": {"OBJECTID": 52070949, "EGRID": "CH669083456804", "NUMERO": "DP 184", "NO_COM_FED": 5757, "GENRE_TXT": "DP communal", "SUPERFICIE_MO": 1187, "SUPERFICIE_RF": null}}, {"type": "Feature", "id": 52071140, "geometry": {"type": "Polygon", "coordinates": [[[2530358.167, 1174509.054], [2530366.029, 1174504.516], [2530383.201, 1174507.841], [2530387.2939999998, 1174509.351], [2530377.442, 1174544.59], [2530354.823, 1174536.654], [2530351.19, 1174528.963], [2530358.167, 1174509.054]]]}, "properties": {"OBJECTID": 52071140, "EGRID": "CH769083455679", "NUMERO": "1146", "NO_COM_FED": 5757, "GENRE_TXT": "parcelle priv\u00e9e", "SUPERFICIE_MO": 976, "SUPERFICIE_RF": 976}}, {"type": "Feature", "id": 52071164, "geometry": {"type": "Polygon", "coordinates": [[[2530839.212, 1174663.492], [2530838.102, 1174716.622], [2530841.333, 1174724.701], [2530829.333, 1174729.5219999999], [2530830.703, 1174727.062], [2530831.673, 1174724.452], [2530834.002, 1174715.122], [2530834.302, 1174677.702], [2530834.392, 1174666.542], [2530835.672, 1174650.392], [2530839.271, 1174631.2719999999], [2530839.741, 1174629.822], [2530849.457, 1174593.681], [2530862.668, 1174560.7], [2530866.446, 1174551.002], [2530868.647, 1174537.626], [2530869.218, 1174534.069], [2530875.239, 1174531.707], [2530873.071, 1174543.153], [2530871.161, 1174552.332], [2530868.021, 1174560.432], [2530860.021, 1174581.082], [2530850.131, 1174610.851], [2530844.361, 1174632.151], [2530839.212, 1174663.492]]]}, "properties": {"OBJECTID": 52071164, "EGRID": "CH744583837463", "NUMERO": "DP 1025", "NO_COM_FED": 5757, "GENRE_TXT": "DP communal", "SUPERFICIE_MO": 1028, "SUPERFICIE_RF": null}}, {"type": "Feature", "id": 52071638, "geometry": {"type": "Polygon", "coordinates": [[[2531181.64, 1175275.89], [2531261.139, 1175218.717], [2531282.68, 1175237.197], [2531300.95, 1175257.256], [2531325, 1175285.625], [2531394.001, 1175367.043], [2531414.642, 1175389.292], [2531421.632, 1175398.252], [2531367.462, 1175436.804], [2531279.722, 1175447.936], [2531278.5003471123, 1175447.8350514998], [2531277.302, 1175447.577], [2531276.1407197635, 1175447.1648797267], [2531275.042, 1175446.607], [2531274.599088074, 1175446.300068389], [2531274.192, 1175445.947], [2531273.812908658, 1175445.5368893638], [2531273.482, 1175445.087], [2531266.362, 1175431.377], [2531257.872, 1175414.167], [2531248.571, 1175396.628], [2531247.591, 1175395.198], [2531262.63, 1175384.357], [2531247.18, 1175342.972], [2531218.207, 1175356.665], [2531183.51, 1175311.54], [2531199.53, 1175299.609], [2531181.64, 1175275.89]]]}, "properties": {"OBJECTID": 52071638, "EGRID": "CH398308174558", "NUMERO": "2791", "NO_COM_FED": 5757, "GENRE_TXT": "parcelle priv\u00e9e", "SUPERFICIE_MO": 28135, "SUPERFICIE_RF": 28135}}, {"type": "Feature", "id": 52072076, "geometry": {"type": "Polygon", "coordinates": [[[2531676.3, 1176011.832], [2531609.628, 1175891.74], [2531370.777, 1175923.706], [2531346.437, 1175917.817], [2531412.416, 1175767.8530000001], [2531454.575, 1175716.742], [2531485.375, 1175684.711], [2531492.935, 1175676.96], [2531552.915, 1175614.918], [2531584.854, 1175579.517], [2531612.055, 1175598.857], [2531671.086, 1175652.937], [2531699.867, 1175678.278], [2531864.03, 1175810.199], [2531676.3, 1176011.832]]]}, "properties": {"OBJECTID": 52072076, "EGRID": "CH714571838317", "NUMERO": "166", "NO_COM_FED": 5757, "GENRE_TXT": "parcelle priv\u00e9e", "SUPERFICIE_MO": 107946, "SUPERFICIE_RF": 107946}}, {"type": "Feature", "id": 52072349, "geometry": {"type": "Polygon", "coordinates": [[[2530601.619, 1175309.238], [2530606.259, 1175327.668], [2530606.909, 1175328.258], [2530613.779, 1175328.008], [2530612.399, 1175329.938], [2530605.639, 1175329.948], [2530605.149, 1175328.238], [2530585.529, 1175330.349], [2530577.309, 1175326.249], [2530574.099, 1175315.719], [2530553.328, 1175278.89], [2530562.618, 1175275.92], [2530565.488, 1175281.07], [2530582.178, 1175271.689], [2530589.558, 1175267.569], [2530592.018, 1175276.189], [2530595.309, 1175286.109], [2530597.899, 1175296.469], [2530598.789, 1175299.329], [2530601.619, 1175309.238]]]}, "properties": {"OBJECTID": 52072349, "EGRID": "CH208345718394", "NUMERO": "623", "NO_COM_FED": 5757, "GENRE_TXT": "parcelle priv\u00e9e", "SUPERFICIE_MO": 1812, "SUPERFICIE_RF": 1812}}, {"type": "Feature", "id": 52072637, "geometry": {"type": "Polygon", "coordinates": [[[2530716.944, 1175755.894], [2530697.754, 1175749.385], [2530697.474, 1175744.235], [2530697.024, 1175738.105], [2530696.014, 1175714.395], [2530703.824, 1175713.615], [2530710.204, 1175712.914], [2530719.344, 1175711.964], [2530720.074, 1175723.604], [2530720.074, 1175725.014], [2530720.094, 1175730.614], [2530720.0640000002, 1175735.684], [2530719.784, 1175740.794], [2530719.164, 1175745.884], [2530718.204, 1175750.924], [2530716.944, 1175755.894]]]}, "properties": {"OBJECTID": 52072637, "EGRID": "CH144583839453", "NUMERO": "802", "NO_COM_FED": 5757, "GENRE_TXT": "parcelle priv\u00e9e", "SUPERFICIE_MO": 899, "SUPERFICIE_RF": 899}}, {"type": "Feature", "id": 52072666, "geometry": {"type": "Polygon", "coordinates": [[[2530400.329, 1174278.508], [2530166.772, 1174319.205], [2530136.322, 1174233.508], [2530226.742, 1174218.056], [2530392.989, 1174189.092], [2530400.329, 1174278.508]]]}, "properties": {"OBJECTID": 52072666, "EGRID": "CH969083455611", "NUMERO": "2344", "NO_COM_FED": 5757, "GENRE_TXT": "parcelle priv\u00e9e", "SUPERFICIE_MO": 22240, "SUPERFICIE_RF": 22240}}, {"type": "Feature", "id": 52072770, "geometry": {"type": "Polygon", "coordinates": [[[2530747.7939999998, 1174872.844], [2530754.584, 1174872.204], [2530753.114, 1174868.624], [2530754.063, 1174867.787], [2530763.684, 1174859.314], [2530768.894, 1174866.534], [2530768.704, 1174868.564], [2530768.054, 1174868.724], [2530763.234, 1174862.204], [2530756.344, 1174868.294], [2530758.524, 1174874.104], [2530756.524, 1174875.404], [2530754.634, 1174875.734], [2530754.684, 1174876.094], [2530748.654, 1174876.884], [2530747.7939999998, 1174872.844]]]}, "properties": {"OBJECTID": 52072770, "EGRID": "CH538383457278", "NUMERO": "DP 159", "NO_COM_FED": 5757, "GENRE_TXT": "DP communal", "SUPERFICIE_MO": 89, "SUPERFICIE_RF": null}}, {"type": "Feature", "id": 52072903, "geometry": {"type": "Polygon", "coordinates": [[[2531337.289, 1176053.708], [2531333.299, 1176053.948], [2531331.548, 1175994.208], [2531338.387, 1175933.057], [2531341.967, 1175916.457], [2531346.437, 1175917.817], [2531370.777, 1175923.706], [2531609.628, 1175891.74], [2531676.3, 1176011.832], [2531676.32, 1176020.112], [2531610.578, 1175901.701], [2531599.388, 1175897.151], [2531355.557, 1175929.776], [2531340.988, 1175945.787], [2531335.558, 1175994.378], [2531337.289, 1176053.708]]]}, "properties": {"OBJECTID": 52072903, "EGRID": "CH688883458375", "NUMERO": "DP 69", "NO_COM_FED": 5757, "GENRE_TXT": "DP communal", "SUPERFICIE_MO": 2422, "SUPERFICIE_RF": null}}, {"type": "Feature", "id": 52073137, "geometry": {"type": "Polygon", "coordinates": [[[2530792.114, 1176664.789], [2530792.318, 1176666.896], [2530794.911, 1176693.72], [2530795.494, 1176699.689], [2530784.924, 1176698.649], [2530778.673, 1176624.189], [2530791.042, 1176540.518], [2530800.152, 1176457.377], [2530805.851, 1176370.526], [2530800.841, 1176345.816], [2530809.201, 1176343.765], [2530811.001, 1176353.845], [2530813.821, 1176369.635], [2530812.471, 1176394.876], [2530810.981, 1176422.686], [2530809.032, 1176458.416], [2530802.692, 1176522.587], [2530801.772, 1176531.567], [2530800.773, 1176541.927], [2530789.853, 1176611.788], [2530788.123, 1176623.069], [2530790.644, 1176649.389], [2530792.114, 1176664.789]]]}, "properties": {"OBJECTID": 52073137, "EGRID": "CH428267834583", "NUMERO": "DP 5", "NO_COM_FED": 5757, "GENRE_TXT": "DP communal", "SUPERFICIE_MO": 3287, "SUPERFICIE_RF": null}}, {"type": "Feature", "id": 52073172, "geometry": {"type": "Polygon", "coordinates": [[[2530933.784, 1175647.1469999999], [2530933.594, 1175645.6469999999], [2530919.8140000002, 1175648.688], [2530910.514, 1175649.918], [2530904.324, 1175650.488], [2530901.994, 1175650.458], [2530902.094, 1175645.158], [2530900.303, 1175636.158], [2530898.823, 1175628.679], [2530895.243, 1175610.669], [2530902.533, 1175608.868], [2530963.853, 1175592.746], [2530964.033, 1175592.666], [2530971.553, 1175610.336], [2530982.114, 1175634.486], [2530972.954, 1175638.496], [2530968.904, 1175639.386], [2530960.654, 1175641.207], [2530933.784, 1175647.1469999999]], [[2530910.354, 1175641.858], [2530922.293, 1175636.748], [2530917.203, 1175624.828], [2530905.263, 1175629.948], [2530910.354, 1175641.858]], [[2530926.413, 1175610.768], [2530929.413, 1175617.788], [2530931.523, 1175622.717], [2530943.463, 1175617.607], [2530941.343, 1175612.677], [2530938.343, 1175605.6570000001], [2530926.413, 1175610.768]], [[2530966.263, 1175617.566], [2530958.743, 1175620.787], [2530954.333, 1175622.677], [2530957.303, 1175629.607], [2530958.944, 1175633.427], [2530959.454, 1175634.627], [2530971.384, 1175629.516], [2530966.263, 1175617.566]]]}, "properties": {"OBJECTID": 52073172, "EGRID": "CH828220834579", "NUMERO": "768", "NO_COM_FED": 5757, "GENRE_TXT": "parcelle priv\u00e9e", "SUPERFICIE_MO": 2870, "SUPERFICIE_RF": 2870}}, {"type": "Feature", "id": 52073270, "geometry": {"type": "Polygon", "coordinates": [[[2530250.208, 1174765.479], [2530249.815, 1174765.34], [2530244.979, 1174765.739], [2530243.238, 1174763.618], [2530241.034, 1174760.961], [2530237.319, 1174757.072], [2530234.602, 1174756.616], [2530234.538, 1174756.81], [2530233.096, 1174756.348], [2530233.68, 1174748.566], [2530235.682, 1174721.878], [2530249.356, 1174718.509], [2530255.4390000002, 1174713.524], [2530254.699, 1174726.741], [2530258.637, 1174729.383], [2530258.977, 1174743.194], [2530259.422, 1174761.273], [2530250.134, 1174754.771], [2530250.195, 1174763.652], [2530250.208, 1174765.479]]]}, "properties": {"OBJECTID": 52073270, "EGRID": "CH844583906913", "NUMERO": "1126", "NO_COM_FED": 5757, "GENRE_TXT": "parcelle priv\u00e9e", "SUPERFICIE_MO": 980, "SUPERFICIE_RF": 980}}, {"type": "Feature", "id": 52073277, "geometry": {"type": "Polygon", "coordinates": [[[2530784.799, 1175305.523], [2530782.4390000002, 1175294.6030000001], [2530780.699, 1175286.633], [2530781.599, 1175284.043], [2530797.649, 1175278.982], [2530801.399, 1175289.642], [2530802.079, 1175297.622], [2530802.269, 1175302.092], [2530796.299, 1175303.242], [2530784.799, 1175305.523]]]}, "properties": {"OBJECTID": 52073277, "EGRID": "CH308245208346", "NUMERO": "1483", "NO_COM_FED": 5757, "GENRE_TXT": "parcelle priv\u00e9e", "SUPERFICIE_MO": 423, "SUPERFICIE_RF": 423}}, {"type": "Feature", "id": 52073642, "geometry": {"type": "Polygon", "coordinates": [[[2530648.746, 1175051.167], [2530656.886, 1175048.817], [2530658.836, 1175055.287], [2530646.976, 1175057.867], [2530648.746, 1175051.167]]]}, "properties": {"OBJECTID": 52073642, "EGRID": "CH252383824502", "NUMERO": "459", "NO_COM_FED": 5757, "GENRE_TXT": "parcelle priv\u00e9e", "SUPERFICIE_MO": 66, "SUPERFICIE_RF": 66}}, {"type": "Feature", "id": 52073988, "geometry": {"type": "Polygon", "coordinates": [[[2530187.022, 1175635.805], [2530184.702, 1175652.217], [2530182.512, 1175667.708], [2530189.212, 1175668.9679999999], [2530183.453, 1175708.328], [2530182.755, 1175713.085], [2530182.383, 1175715.628], [2530181.013, 1175725.008], [2530168.603, 1175723.878], [2530147.593, 1175726.168], [2530134.833, 1175725.558], [2530112.833, 1175719.908], [2530085.293, 1175711.998], [2530082.023, 1175710.758], [2530091.312, 1175680.708], [2530094.662, 1175663.898], [2530096.722, 1175648.867], [2530101.452, 1175612.837], [2530102.492, 1175604.917], [2530102.642, 1175603.767], [2530105.352, 1175603.507], [2530115.782, 1175606.917], [2530132.432, 1175609.017], [2530146.122, 1175610.357], [2530161.872, 1175610.507], [2530184.552, 1175612.787], [2530190.112, 1175613.967], [2530189.872, 1175615.667], [2530188.072, 1175628.377], [2530187.022, 1175635.805]]]}, "properties": {"OBJECTID": 52073988, "EGRID": "CH908345738344", "NUMERO": "826", "NO_COM_FED": 5757, "GENRE_TXT": "parcelle priv\u00e9e", "SUPERFICIE_MO": 10447, "SUPERFICIE_RF": 10447}}, {"type": "Feature", "id": 52074041, "geometry": {"type": "Polygon", "coordinates": [[[2530576.56, 1176321.072], [2530565.51, 1176338.742], [2530563.38, 1176328.202], [2530554.53, 1176318.862], [2530535.97, 1176305.773], [2530527.72, 1176293.323], [2530534.17, 1176292.962], [2530540.56, 1176300.732], [2530556.47, 1176308.462], [2530576.56, 1176321.072]]]}, "properties": {"OBJECTID": 52074041, "EGRID": "CH174582258304", "NUMERO": "DP 39", "NO_COM_FED": 5757, "GENRE_TXT": "DP communal", "SUPERFICIE_MO": 529, "SUPERFICIE_RF": null}}, {"type": "Feature", "id": 52074366, "geometry": {"type": "Polygon", "coordinates": [[[2531396.464, 1175557.133], [2531398.674, 1175557.813], [2531405.264, 1175562.622], [2531435.024, 1175592.231], [2531444.984, 1175606.891], [2531465.595, 1175643.671], [2531476.185, 1175671.071], [2531443.805, 1175707.152], [2531415.256, 1175740.613], [2531396.464, 1175557.133]]]}, "properties": {"OBJECTID": 52074366, "EGRID": "CH768383451419", "NUMERO": "164", "NO_COM_FED": 5757, "GENRE_TXT": "parcelle priv\u00e9e", "SUPERFICIE_MO": 7244, "SUPERFICIE_RF": 7244}}, {"type": "Feature", "id": 52074425, "geometry": {"type": "Polygon", "coordinates": [[[2530134.847, 1176123.632], [2530242.297, 1176093.409], [2530254.788, 1176131.039], [2530146.208, 1176167.212], [2530134.847, 1176123.632]]]}, "properties": {"OBJECTID": 52074425, "EGRID": "CH128241834531", "NUMERO": "1632", "NO_COM_FED": 5757, "GENRE_TXT": "parcelle priv\u00e9e", "SUPERFICIE_MO": 4782, "SUPERFICIE_RF": 4782}}, {"type": "Feature", "id": 52074578, "geometry": {"type": "Polygon", "coordinates": [[[2530760.478, 1175192.643], [2530763.828, 1175202.793], [2530763.588, 1175202.923], [2530768.088, 1175215.693], [2530757.688, 1175217.414], [2530757.308, 1175215.234], [2530755.728, 1175209.934], [2530754.828, 1175206.904], [2530754.528, 1175206.104], [2530753.788, 1175206.384], [2530744.158, 1175210.794], [2530736.108, 1175213.834], [2530736.028, 1175213.094], [2530736.558, 1175212.994], [2530735.638, 1175207.804], [2530733.838, 1175204.314], [2530748.728, 1175194.174], [2530749.468, 1175195.694], [2530750.338, 1175195.184], [2530750.568, 1175195.014], [2530751.438, 1175196.774], [2530760.478, 1175192.643]]]}, "properties": {"OBJECTID": 52074578, "EGRID": "CH374582238339", "NUMERO": "331", "NO_COM_FED": 5757, "GENRE_TXT": "parcelle priv\u00e9e", "SUPERFICIE_MO": 447, "SUPERFICIE_RF": 447}}, {"type": "Feature", "id": 52074917, "geometry": {"type": "Polygon", "coordinates": [[[2530726.933, 1174796.475], [2530721.773, 1174801.745], [2530708.293, 1174792.706], [2530707.933, 1174794.116], [2530698.003, 1174789.916], [2530692.413, 1174787.376], [2530698.523, 1174777.606], [2530707.433, 1174777.036], [2530708.033, 1174782.586], [2530718.813, 1174790.105], [2530718.483, 1174790.545], [2530725.913, 1174795.705], [2530726.933, 1174796.475]]]}, "properties": {"OBJECTID": 52074917, "EGRID": "CH898383024534", "NUMERO": "562", "NO_COM_FED": 5757, "GENRE_TXT": "parcelle priv\u00e9e", "SUPERFICIE_MO": 333, "SUPERFICIE_RF": 333}}, {"type": "Feature", "id": 52075021, "geometry": {"type": "Polygon", "coordinates": [[[2530685.173, 1174798.946], [2530691.103, 1174789.466], [2530692.413, 1174787.376], [2530698.003, 1174789.916], [2530707.933, 1174794.116], [2530708.293, 1174792.706], [2530721.773, 1174801.745], [2530720.563, 1174810.465], [2530711.443, 1174799.836], [2530695.943, 1174796.286], [2530692.453, 1174797.956], [2530685.173, 1174798.946]]]}, "properties": {"OBJECTID": 52075021, "EGRID": "CH598383004545", "NUMERO": "561", "NO_COM_FED": 5757, "GENRE_TXT": "parcelle priv\u00e9e", "SUPERFICIE_MO": 235, "SUPERFICIE_RF": 235}}, {"type": "Feature", "id": 52075045, "geometry": {"type": "Polygon", "coordinates": [[[2530689.574, 1174899.876], [2530698.854, 1174898.376], [2530701.894, 1174907.526], [2530690.004, 1174910.646], [2530682.944, 1174912.416], [2530682.834, 1174911.996], [2530681.614, 1174907.416], [2530682.094, 1174907.326], [2530681.324, 1174901.856], [2530681.284, 1174901.586], [2530689.574, 1174899.876]]]}, "properties": {"OBJECTID": 52075045, "EGRID": "CH708245238395", "NUMERO": "528", "NO_COM_FED": 5757, "GENRE_TXT": "parcelle priv\u00e9e", "SUPERFICIE_MO": 196, "SUPERFICIE_RF": 196}}, {"type": "Feature", "id": 52075248, "geometry": {"type": "Polygon", "coordinates": [[[2530742.405, 1174961.944], [2530736.975, 1174965.965], [2530736.705, 1174965.715], [2530731.315, 1174969.855], [2530728.415, 1174965.615], [2530738.335, 1174958.004], [2530742.405, 1174961.944]]]}, "properties": {"OBJECTID": 52075248, "EGRID": "CH608345038365", "NUMERO": "516", "NO_COM_FED": 5757, "GENRE_TXT": "parcelle priv\u00e9e", "SUPERFICIE_MO": 70, "SUPERFICIE_RF": 70}}, {"type": "Feature", "id": 52075347, "geometry": {"type": "Polygon", "coordinates": [[[2530933.784, 1175647.1469999999], [2530960.654, 1175641.207], [2530962.684, 1175660.516], [2530945.634, 1175667.667], [2530936.494, 1175668.687], [2530933.784, 1175647.1469999999]]]}, "properties": {"OBJECTID": 52075347, "EGRID": "CH974582208338", "NUMERO": "1445", "NO_COM_FED": 5757, "GENRE_TXT": "parcelle priv\u00e9e", "SUPERFICIE_MO": 583, "SUPERFICIE_RF": 583}}, {"type": "Feature", "id": 52075465, "geometry": {"type": "Polygon", "coordinates": [[[2530617.34, 1176272.24], [2530625.029, 1176249.15], [2530627.329, 1176242.279], [2530649.619, 1176247.669], [2530648.56, 1176258.179], [2530646.84, 1176275.299], [2530617.34, 1176272.24]]]}, "properties": {"OBJECTID": 52075465, "EGRID": "CH108245268396", "NUMERO": "914", "NO_COM_FED": 5757, "GENRE_TXT": "parcelle priv\u00e9e", "SUPERFICIE_MO": 773, "SUPERFICIE_RF": 773}}, {"type": "Feature", "id": 52075823, "geometry": {"type": "Polygon", "coordinates": [[[2530182.423, 1175729.508], [2530211.873, 1175741.458], [2530234.663, 1175755.078], [2530189.613, 1175769.068], [2530183.7939999998, 1175782.409], [2530168.584, 1175773.778], [2530171.213, 1175765.638], [2530182.423, 1175729.508]]]}, "properties": {"OBJECTID": 52075823, "EGRID": "CH468383457164", "NUMERO": "838", "NO_COM_FED": 5757, "GENRE_TXT": "parcelle priv\u00e9e", "SUPERFICIE_MO": 1563, "SUPERFICIE_RF": 1563}}, {"type": "Feature", "id": 52075861, "geometry": {"type": "Polygon", "coordinates": [[[2530752.634, 1174360.136], [2530751.267, 1174359.973], [2530720.72, 1174356.331], [2530717.126, 1174366.106], [2530700.329, 1174363.362], [2530701.994, 1174357.5], [2530710.25, 1174328.847], [2530715.463, 1174329.712], [2530715.366, 1174331.182], [2530753.818, 1174331.115], [2530752.634, 1174360.136]]]}, "properties": {"OBJECTID": 52075861, "EGRID": "CH474590688389", "NUMERO": "1174", "NO_COM_FED": 5757, "GENRE_TXT": "parcelle priv\u00e9e", "SUPERFICIE_MO": 1415, "SUPERFICIE_RF": 1415}}, {"type": "Feature", "id": 52076026, "geometry": {"type": "Polygon", "coordinates": [[[2530466.024, 1174877.83], [2530460.015, 1174880.31], [2530456.645, 1174882.3530000001], [2530453.316, 1174885.002], [2530449.028, 1174889.233], [2530442.7060000002, 1174896.533], [2530400.587, 1174861.318], [2530400.757, 1174861.053], [2530402.232, 1174856.48], [2530402.632, 1174855.59], [2530409.801, 1174839.977], [2530422.242, 1174849.236], [2530458.423, 1174876.108], [2530466.024, 1174877.83]]]}, "properties": {"OBJECTID": 52076026, "EGRID": "CH769083456966", "NUMERO": "1093", "NO_COM_FED": 5757, "GENRE_TXT": "parcelle priv\u00e9e", "SUPERFICIE_MO": 1443, "SUPERFICIE_RF": 1443}}, {"type": "Feature", "id": 52076167, "geometry": {"type": "Polygon", "coordinates": [[[2531573.834, 1175558.3969999999], [2531584.854, 1175579.517], [2531552.915, 1175614.918], [2531492.935, 1175676.96], [2531485.375, 1175684.711], [2531454.575, 1175716.742], [2531412.416, 1175767.8530000001], [2531346.437, 1175917.817], [2531341.967, 1175916.457], [2531338.387, 1175933.057], [2531331.548, 1175994.208], [2531333.299, 1176053.948], [2531320.799, 1176054.699], [2531317.258, 1175995.638], [2531322.438, 1175955.2179999999], [2531325.677, 1175929.9070000001], [2531333.867, 1175891.737], [2531349.047, 1175848.716], [2531366.176, 1175812.845], [2531389.766, 1175774.184], [2531415.256, 1175740.613], [2531443.805, 1175707.152], [2531476.185, 1175671.071], [2531484.775, 1175660.85], [2531573.834, 1175558.3969999999]]]}, "properties": {"OBJECTID": 52076167, "EGRID": "CH528372834574", "NUMERO": "DP 64", "NO_COM_FED": 5757, "GENRE_TXT": "DP cantonal", "SUPERFICIE_MO": 10174, "SUPERFICIE_RF": null}}, {"type": "Feature", "id": 52076616, "geometry": {"type": "Polygon", "coordinates": [[[2531037.378, 1176058.916], [2531051.1890000002, 1176107.536], [2531010.729, 1176117.808], [2531006.399, 1176118.9780000001], [2531000.848, 1176089.308], [2530997.058, 1176070.028], [2531037.378, 1176058.916]]]}, "properties": {"OBJECTID": 52076616, "EGRID": "CH154283824508", "NUMERO": "120", "NO_COM_FED": 5757, "GENRE_TXT": "parcelle priv\u00e9e", "SUPERFICIE_MO": 2202, "SUPERFICIE_RF": 2202}}, {"type": "Feature", "id": 52076678, "geometry": {"type": "Polygon", "coordinates": [[[2530927.009, 1175283.008], [2530922.949, 1175273.638], [2530912.479, 1175250.199], [2530912.379, 1175249.429], [2530911.779, 1175244.609], [2530908.849, 1175221.239], [2530908.1689999998, 1175215.759], [2530904.898, 1175189.669], [2530912.378, 1175189.119], [2530912.048, 1175191.959], [2530915.699, 1175221.108], [2530917.769, 1175232.528], [2530920.659, 1175243.708], [2530924.119, 1175254.708], [2530928.219, 1175265.438], [2530945.66, 1175305.417], [2530944.91, 1175307.247], [2530940.7, 1175312.788], [2530939, 1175309.078], [2530931.719, 1175293.248], [2530927.009, 1175283.008]]]}, "properties": {"OBJECTID": 52076678, "EGRID": "CH728304834536", "NUMERO": "DP 125", "NO_COM_FED": 5757, "GENRE_TXT": "DP communal", "SUPERFICIE_MO": 981, "SUPERFICIE_RF": null}}, {"type": "Feature", "id": 52076766, "geometry": {"type": "Polygon", "coordinates": [[[2530358.167, 1174509.054], [2530351.19, 1174528.963], [2530354.823, 1174536.654], [2530338.777, 1174531.021], [2530346.447, 1174527.382], [2530353.911, 1174506.082], [2530355.562, 1174500.347], [2530356.783, 1174494.483], [2530358.998, 1174479.053], [2530358.838, 1174473.145], [2530364.98, 1174472.982], [2530361.972, 1174493.569], [2530358.167, 1174509.054]]]}, "properties": {"OBJECTID": 52076766, "EGRID": "CH855683904547", "NUMERO": "1155", "NO_COM_FED": 5757, "GENRE_TXT": "parcelle priv\u00e9e", "SUPERFICIE_MO": 351, "SUPERFICIE_RF": 351}}, {"type": "Feature", "id": 52077027, "geometry": {"type": "Polygon", "coordinates": [[[2530632.998, 1175235.998], [2530650.458, 1175233.3969999999], [2530650.478, 1175233.6469999999], [2530650.808, 1175242.227], [2530649.228, 1175242.487], [2530649.328, 1175242.227], [2530634.958, 1175243.557], [2530623.518, 1175244.818], [2530622.608, 1175237.258], [2530629.318, 1175236.498], [2530632.998, 1175235.998]]]}, "properties": {"OBJECTID": 52077027, "EGRID": "CH238383457184", "NUMERO": "393", "NO_COM_FED": 5757, "GENRE_TXT": "parcelle priv\u00e9e", "SUPERFICIE_MO": 222, "SUPERFICIE_RF": 222}}, {"type": "Feature", "id": 52077230, "geometry": {"type": "Polygon", "coordinates": [[[2530676.652, 1174733.317], [2530671.532, 1174740.327], [2530670.332, 1174741.567], [2530652.733, 1174757.227], [2530646.672, 1174754.2179999999], [2530673.242, 1174730.387], [2530686.252, 1174712.816], [2530696.912, 1174698.486], [2530701.532, 1174692.266], [2530705.182, 1174687.376], [2530706.552, 1174685.546], [2530714.872, 1174672.586], [2530715.562, 1174670.586], [2530718.042, 1174663.436], [2530726.902, 1174663.485], [2530732.062, 1174663.715], [2530723.402, 1174683.215], [2530721.532, 1174684.005], [2530708.712, 1174689.426], [2530702.452, 1174698.076], [2530684.142, 1174723.087], [2530680.482, 1174728.087], [2530676.652, 1174733.317]]]}, "properties": {"OBJECTID": 52077230, "EGRID": "CH298383004550", "NUMERO": "DP 140", "NO_COM_FED": 5757, "GENRE_TXT": "DP communal", "SUPERFICIE_MO": 779, "SUPERFICIE_RF": null}}, {"type": "Feature", "id": 52077289, "geometry": {"type": "Polygon", "coordinates": [[[2530724.776, 1174999.685], [2530729.1859999998, 1175005.945], [2530729.986, 1175006.635], [2530727.986, 1175011.505], [2530726.926, 1175010.795], [2530723.646, 1175006.145], [2530720.796, 1175002.025], [2530724.776, 1174999.685]]]}, "properties": {"OBJECTID": 52077289, "EGRID": "CH552283824524", "NUMERO": "506", "NO_COM_FED": 5757, "GENRE_TXT": "parcelle priv\u00e9e", "SUPERFICIE_MO": 49, "SUPERFICIE_RF": 49}}, {"type": "Feature", "id": 52077566, "geometry": {"type": "Polygon", "coordinates": [[[2530726.508, 1175247.405], [2530721.1890000002, 1175254.395], [2530699.898, 1175248.745], [2530701.138, 1175242.095], [2530726.508, 1175247.405]]]}, "properties": {"OBJECTID": 52077566, "EGRID": "CH138383450587", "NUMERO": "465", "NO_COM_FED": 5757, "GENRE_TXT": "parcelle priv\u00e9e", "SUPERFICIE_MO": 177, "SUPERFICIE_RF": 177}}, {"type": "Feature", "id": 52077755, "geometry": {"type": "Polygon", "coordinates": [[[2531247.683, 1175520.527], [2531239.653, 1175495.128], [2531264.613, 1175486.367], [2531272.653, 1175502.6570000001], [2531275.463, 1175502.617], [2531275.293, 1175513.137], [2531271.563, 1175514.3969999999], [2531271.333, 1175513.797], [2531264.543, 1175515.997], [2531254.063, 1175519.437], [2531254.113, 1175519.6570000001], [2531248.513, 1175522.617], [2531247.683, 1175520.527]]]}, "properties": {"OBJECTID": 52077755, "EGRID": "CH474583868301", "NUMERO": "723", "NO_COM_FED": 5757, "GENRE_TXT": "parcelle priv\u00e9e", "SUPERFICIE_MO": 809, "SUPERFICIE_RF": 809}}, {"type": "Feature", "id": 52077880, "geometry": {"type": "Polygon", "coordinates": [[[2530687.252, 1175529.965], [2530664.372, 1175532.016], [2530653.622, 1175533.207], [2530635.912, 1175535.267], [2530603.912, 1175538.188], [2530600.152, 1175538.528], [2530595.711, 1175528.748], [2530593.271, 1175523.098], [2530593.031, 1175522.438], [2530597.211, 1175521.708], [2530634.8109999998, 1175515.1469999999], [2530643.211, 1175513.687], [2530647.731, 1175513.177], [2530659.951, 1175511.946], [2530661.961, 1175511.786], [2530664.021, 1175511.586], [2530689.531, 1175509.785], [2530687.252, 1175529.965]]]}, "properties": {"OBJECTID": 52077880, "EGRID": "CH874583148381", "NUMERO": "809", "NO_COM_FED": 5757, "GENRE_TXT": "parcelle priv\u00e9e", "SUPERFICIE_MO": 1808, "SUPERFICIE_RF": 1808}}, {"type": "Feature", "id": 52078133, "geometry": {"type": "Polygon", "coordinates": [[[2530296.496, 1175990.497], [2530298.787, 1176006.32], [2530297.991719193, 1176004.2863921274], [2530296.8761860603, 1176002.4092617717], [2530295.470124577, 1176000.73862607], [2530293.8109999998, 1175999.319], [2530291.9502960946, 1175998.191740309], [2530289.931534234, 1175997.3808556178], [2530287.8080634805, 1175996.9077748721], [2530285.636, 1175996.785], [2530232.884, 1175992.958], [2530218.454, 1175894.029], [2530219.856, 1175893.847], [2530213.876, 1175852.713], [2530213.254, 1175851.023], [2530212.219, 1175849.482], [2530210.851, 1175848.2179999999], [2530223.212, 1175850.617], [2530221.086, 1175852.481], [2530219.833, 1175854.92], [2530219.462, 1175857.66], [2530222.912, 1175881.456], [2530226.666, 1175897.652], [2530231.658, 1175931.735], [2530234.01, 1175948.241], [2530238.742, 1175979.927], [2530240.309, 1175982.732], [2530242.726, 1175984.904], [2530245.722, 1175986.136], [2530290.293, 1175989.378], [2530296.496, 1175990.497]]]}, "properties": {"OBJECTID": 52078133, "EGRID": "CH729649834556", "NUMERO": "DP 249", "NO_COM_FED": 5757, "GENRE_TXT": "DP communal", "SUPERFICIE_MO": 1475, "SUPERFICIE_RF": null}}, {"type": "Feature", "id": 52078158, "geometry": {"type": "Polygon", "coordinates": [[[2530457.107, 1176002.322], [2530434.787, 1176000.683], [2530422.736, 1175960.033], [2530450.656, 1175949.813], [2530456.136, 1175967.232], [2530460.687, 1175986.512], [2530461.837, 1175997.412], [2530457.107, 1176002.322]]]}, "properties": {"OBJECTID": 52078158, "EGRID": "CH508245438306", "NUMERO": "1451", "NO_COM_FED": 5757, "GENRE_TXT": "parcelle priv\u00e9e", "SUPERFICIE_MO": 1397, "SUPERFICIE_RF": 1397}}, {"type": "Feature", "id": 52078400, "geometry": {"type": "Polygon", "coordinates": [[[2530763.947, 1175114.003], [2530787.987, 1175100.6030000001], [2530772.847, 1175073.433], [2530778.147, 1175072.303], [2530778.737, 1175072.873], [2530779.317, 1175073.413], [2530780.047, 1175073.873], [2530785.617, 1175075.8530000001], [2530786.167, 1175075.913], [2530786.837, 1175075.783], [2530787.637, 1175075.313], [2530815.516, 1175059.672], [2530820.126, 1175050.962], [2530841.467, 1175085.801], [2530843.707, 1175089.341], [2530849.667, 1175098.781], [2530862.347, 1175118.75], [2530901.558, 1175180.259], [2530901.715638956, 1175180.747117629], [2530901.7883016905, 1175181.2548862644], [2530901.7738873465, 1175181.7676250741], [2530901.6728126775, 1175182.2705095254], [2530901.488, 1175182.749], [2530901.217533604, 1175183.2003834485], [2530900.872951968, 1175183.5980800479], [2530900.464677628, 1175183.930060698], [2530900.005059628, 1175184.1862840047], [2530899.508, 1175184.359], [2530811.758, 1175201.2719999999], [2530809.158, 1175202.512], [2530806.438, 1175204.352], [2530804.238, 1175206.332], [2530802.718, 1175208.552], [2530801.398, 1175211.662], [2530799.918, 1175211.162], [2530798.108, 1175219.322], [2530798.568, 1175219.5219999999], [2530797.228, 1175224.712], [2530781.038, 1175226.223], [2530772.298, 1175226.523], [2530770.448, 1175216.703], [2530767.558, 1175207.223], [2530766.288, 1175203.823], [2530773.768, 1175200.943], [2530780.868, 1175198.213], [2530773.558, 1175181.943], [2530770.328, 1175174.003], [2530773.698, 1175172.383], [2530767.597, 1175155.5929999999], [2530783.397, 1175149.473], [2530775.607, 1175135.003], [2530774.297, 1175132.703], [2530768.637, 1175122.773], [2530769.047, 1175122.513], [2530763.947, 1175114.003]]]}, "properties": {"OBJECTID": 52078400, "EGRID": "CH974595688368", "NUMERO": "361", "NO_COM_FED": 5757, "GENRE_TXT": "parcelle priv\u00e9e", "SUPERFICIE_MO": 12879, "SUPERFICIE_RF": 12879}}, {"type": "Feature", "id": 52078436, "geometry": {"type": "Polygon", "coordinates": [[[2530283.107, 1176079.9780000001], [2530298.947, 1176077.6570000001], [2530303.288, 1176107.347], [2530287.458, 1176109.668], [2530283.107, 1176079.9780000001]]]}, "properties": {"OBJECTID": 52078436, "EGRID": "CH328241834560", "NUMERO": "2556", "NO_COM_FED": 5757, "GENRE_TXT": "parcelle priv\u00e9e", "SUPERFICIE_MO": 480, "SUPERFICIE_RF": 480}}, {"type": "Feature", "id": 52078670, "geometry": {"type": "Polygon", "coordinates": [[[2530773.848, 1175235.223], [2530771.758, 1175235.523], [2530771.098, 1175232.383], [2530773.248, 1175231.993], [2530773.848, 1175235.223]]]}, "properties": {"OBJECTID": 52078670, "EGRID": "CH898382224580", "NUMERO": "606", "NO_COM_FED": 5757, "GENRE_TXT": "parcelle priv\u00e9e", "SUPERFICIE_MO": 7, "SUPERFICIE_RF": 7}}, {"type": "Feature", "id": 52078982, "geometry": {"type": "Polygon", "coordinates": [[[2531020.02, 1176206.178], [2530979.43, 1176214.979], [2530975.22, 1176206.63], [2530982.82, 1176204.909], [2530983.56, 1176204.749], [2530985.8, 1176204.269], [2530995.26, 1176202.239], [2530995.89, 1176202.099], [2530997.49, 1176201.759], [2530998.17, 1176201.609], [2530999.719, 1176201.279], [2531013.269, 1176198.348], [2531020.02, 1176206.178]]]}, "properties": {"OBJECTID": 52078982, "EGRID": "CH474582448339", "NUMERO": "70", "NO_COM_FED": 5757, "GENRE_TXT": "parcelle priv\u00e9e", "SUPERFICIE_MO": 366, "SUPERFICIE_RF": 366}}, {"type": "Feature", "id": 52080251, "geometry": {"type": "Polygon", "coordinates": [[[2530976.883, 1174750.488], [2530948.683, 1174749.908], [2530927.333, 1174749.599], [2530925.893, 1174749.449], [2530926.553, 1174734.329], [2530926.653, 1174731.639], [2530929.143, 1174731.679], [2530982.613, 1174732.878], [2530976.883, 1174750.488]]]}, "properties": {"OBJECTID": 52080251, "EGRID": "CH268283452412", "NUMERO": "246", "NO_COM_FED": 5757, "GENRE_TXT": "parcelle priv\u00e9e", "SUPERFICIE_MO": 952, "SUPERFICIE_RF": 951}}, {"type": "Feature", "id": 52080651, "geometry": {"type": "Polygon", "coordinates": [[[2530857.235, 1174888.651], [2530856.915, 1174888.781], [2530838.144, 1174884.771], [2530834.134, 1174883.922], [2530831.804, 1174883.702], [2530828.974, 1174887.502], [2530798.214, 1174877.883], [2530791.174, 1174875.393], [2530787.074, 1174873.943], [2530781.014, 1174871.823], [2530768.704, 1174868.564], [2530768.894, 1174866.534], [2530763.684, 1174859.314], [2530754.063, 1174867.787], [2530752.557, 1174864.1], [2530751.474, 1174864.584], [2530751.339, 1174864.283], [2530742.141, 1174867.849], [2530739.754, 1174862.465], [2530738.554, 1174859.105], [2530734.994, 1174851.075], [2530733.574, 1174848.375], [2530727.324, 1174835.715], [2530727.554, 1174835.285], [2530723.594, 1174833.005], [2530722.979900941, 1174832.073823698], [2530722.504, 1174831.065], [2530722.177928162, 1174830.0076911252], [2530722.004, 1174828.915], [2530722.543, 1174825.945], [2530726.184, 1174827.375], [2530735.124, 1174829.385], [2530748.304, 1174828.144], [2530751.804, 1174828.884], [2530751.8760793903, 1174828.908639088], [2530751.9431066974, 1174828.9448311222], [2530752.0032453146, 1174828.99158441], [2530752.0548473923, 1174829.0476178708], [2530752.09649899, 1174829.11139614], [2530752.1270588175, 1174829.181171638], [2530752.1456895093, 1174829.2550324565], [2530752.151880569, 1174829.3309547454], [2530752.145462355, 1174829.4068581692], [2530752.1266107336, 1174829.4806629084], [2530752.0958422543, 1174829.5503466502], [2530752.054, 1174829.614], [2530751.414, 1174830.074], [2530757.484, 1174836.554], [2530760.764, 1174835.604], [2530764.744, 1174835.614], [2530770.174, 1174838.154], [2530770.434, 1174838.274], [2530771.204, 1174838.604], [2530778.304, 1174841.683], [2530778.774, 1174841.933], [2530780.624, 1174842.913], [2530780.964, 1174843.053], [2530792.2939999998, 1174847.611], [2530791.922, 1174848.375], [2530784.537, 1174863.516], [2530783.159, 1174866.342], [2530787.144, 1174868.683], [2530792.0439999998, 1174871.193], [2530796.614, 1174873.533], [2530796.764, 1174873.203], [2530811.384, 1174879.322], [2530819.704, 1174861.102], [2530812.354, 1174858.132], [2530813.074, 1174856.402], [2530813.574, 1174855.192], [2530818.5640000002, 1174856.562], [2530821.304, 1174857.632], [2530825.454, 1174860.202], [2530824.774, 1174861.112], [2530855.784, 1174884.011], [2530857.535, 1174886.011], [2530857.725, 1174886.761], [2530857.235, 1174888.651]]]}, "properties": {"OBJECTID": 52080651, "EGRID": "CH168283452446", "NUMERO": "581", "NO_COM_FED": 5757, "GENRE_TXT": "parcelle priv\u00e9e", "SUPERFICIE_MO": 2555, "SUPERFICIE_RF": 2555}}, {"type": "Feature", "id": 52080662, "geometry": {"type": "Polygon", "coordinates": [[[2530813.845, 1174935.192], [2530810.665, 1174931.822], [2530811.265, 1174926.552], [2530815.475, 1174921.872], [2530820.925, 1174918.0320000001], [2530824.165, 1174920.982], [2530826.245, 1174922.872], [2530843.295, 1174948.041], [2530859.056, 1174971.721], [2530878.536, 1175002.13], [2530876.626, 1175002.97], [2530872.966, 1175004.58], [2530863.6859999998, 1174990.19], [2530853.726, 1174974.771], [2530838.075, 1174951.321], [2530830.955, 1174941.972], [2530823.095, 1174937.242], [2530813.845, 1174935.192]]]}, "properties": {"OBJECTID": 52080662, "EGRID": "CH698382244545", "NUMERO": "DP 136", "NO_COM_FED": 5757, "GENRE_TXT": "DP communal", "SUPERFICIE_MO": 794, "SUPERFICIE_RF": null}}, {"type": "Feature", "id": 52080697, "geometry": {"type": "Polygon", "coordinates": [[[2531288.826, 1174806.773], [2531266.746, 1174811.703], [2531265.256, 1174800.644], [2531280.896, 1174797.194], [2531278.966, 1174788.754], [2531303.376, 1174782.514], [2531322.486, 1174793.923], [2531330.946, 1174797.3530000001], [2531288.826, 1174806.773]]]}, "properties": {"OBJECTID": 52080697, "EGRID": "CH681983458395", "NUMERO": "279", "NO_COM_FED": 5757, "GENRE_TXT": "parcelle priv\u00e9e", "SUPERFICIE_MO": 916, "SUPERFICIE_RF": 925}}, {"type": "Feature", "id": 52080708, "geometry": {"type": "Polygon", "coordinates": [[[2530526.079, 1176235.082], [2530520.798, 1176136.181], [2530521.848, 1176134.891], [2530536.008, 1176134.141], [2530542.318, 1176133.801], [2530566.148, 1176132.54], [2530569.348, 1176132.37], [2530572.658, 1176132.19], [2530575.239, 1176180.36], [2530526.079, 1176235.082]]]}, "properties": {"OBJECTID": 52080708, "EGRID": "CH538383458664", "NUMERO": "902", "NO_COM_FED": 5757, "GENRE_TXT": "parcelle priv\u00e9e", "SUPERFICIE_MO": 3861, "SUPERFICIE_RF": 3861}}, {"type": "Feature", "id": 52080804, "geometry": {"type": "Polygon", "coordinates": [[[2530577.383, 1174809.709], [2530559.193, 1174801.309], [2530540.883, 1174791.409], [2530529.813, 1174782.189], [2530519.442, 1174768.819], [2530516.892, 1174764.339], [2530514.962, 1174760.949], [2530512.252, 1174756.189], [2530504.882, 1174742.809], [2530494.872, 1174723.879], [2530497.362, 1174717.349], [2530499.672, 1174713.039], [2530502.172, 1174708.369], [2530506.242, 1174713.249], [2530550.652, 1174766.579], [2530582.133, 1174805.359], [2530579.173, 1174808.069], [2530577.383, 1174809.709]]]}, "properties": {"OBJECTID": 52080804, "EGRID": "CH887483458394", "NUMERO": "1034", "NO_COM_FED": 5757, "GENRE_TXT": "parcelle priv\u00e9e", "SUPERFICIE_MO": 2450, "SUPERFICIE_RF": 2450}}, {"type": "Feature", "id": 52080820, "geometry": {"type": "Polygon", "coordinates": [[[2530182.423, 1175729.508], [2530171.213, 1175765.638], [2530168.584, 1175773.778], [2530164.704, 1175785.729], [2530160.324, 1175784.479], [2530159.894, 1175785.369], [2530142.5439999998, 1175780.529], [2530145.773, 1175770.588], [2530149.143, 1175759.928], [2530159.673, 1175729.288], [2530168.723, 1175728.398], [2530181.603, 1175729.118], [2530182.423, 1175729.508]]]}, "properties": {"OBJECTID": 52080820, "EGRID": "CH738383450082", "NUMERO": "837", "NO_COM_FED": 5757, "GENRE_TXT": "parcelle priv\u00e9e", "SUPERFICIE_MO": 1285, "SUPERFICIE_RF": 1285}}, {"type": "Feature", "id": 52080922, "geometry": {"type": "Polygon", "coordinates": [[[2531595.334, 1175524.746], [2531591.134, 1175531.316], [2531585.494, 1175540.1570000001], [2531579.704, 1175549.217], [2531573.834, 1175558.3969999999], [2531492.563, 1175484.61], [2531467.763, 1175459.24], [2531444.672, 1175430.161], [2531435.402, 1175417.332], [2531428.842, 1175408.242], [2531425.492, 1175403.592], [2531423.742, 1175401.172], [2531421.632, 1175398.252], [2531414.642, 1175389.292], [2531394.001, 1175367.043], [2531398.241, 1175359.903], [2531410.181, 1175339.792], [2531414.201, 1175333.0219999999], [2531416.201, 1175329.642], [2531444.622, 1175365.041], [2531453.762, 1175376.391], [2531483.642, 1175419.6], [2531498.223, 1175438.129], [2531514.263, 1175455.569], [2531575.494, 1175511.927], [2531595.334, 1175524.746]]]}, "properties": {"OBJECTID": 52080922, "EGRID": "CH868383450294", "NUMERO": "DP 1001", "NO_COM_FED": 5757, "GENRE_TXT": "DP cantonal", "SUPERFICIE_MO": 9890, "SUPERFICIE_RF": null}}, {"type": "Feature", "id": 52081119, "geometry": {"type": "Polygon", "coordinates": [[[2530892.398, 1176087.341], [2530890.188, 1176076.731], [2530889.878, 1176075.171], [2530887.618, 1176064.201], [2530885.428, 1176053.611], [2530883.178, 1176042.891], [2530840.868, 1176051.722], [2530840.648, 1176050.5219999999], [2530879.03, 1176042.529], [2530904.668, 1176037.19], [2530914.308, 1176079.58], [2530915.168, 1176083.37], [2530892.398, 1176087.341]]]}, "properties": {"OBJECTID": 52081119, "EGRID": "CH789583458346", "NUMERO": "951", "NO_COM_FED": 5757, "GENRE_TXT": "parcelle priv\u00e9e", "SUPERFICIE_MO": 1116, "SUPERFICIE_RF": 1116}}, {"type": "Feature", "id": 52081187, "geometry": {"type": "Polygon", "coordinates": [[[2530933.784, 1175647.1469999999], [2530936.494, 1175668.687], [2530898.494, 1175672.498], [2530899.984, 1175657.578], [2530900.304, 1175654.348], [2530900.354, 1175650.858], [2530901.994, 1175650.458], [2530904.324, 1175650.488], [2530910.514, 1175649.918], [2530919.8140000002, 1175648.688], [2530933.594, 1175645.6469999999], [2530933.784, 1175647.1469999999]]]}, "properties": {"OBJECTID": 52081187, "EGRID": "CH852083824573", "NUMERO": "648", "NO_COM_FED": 5757, "GENRE_TXT": "parcelle priv\u00e9e", "SUPERFICIE_MO": 779, "SUPERFICIE_RF": 779}}, {"type": "Feature", "id": 52081196, "geometry": {"type": "Polygon", "coordinates": [[[2530295.772, 1176568.572], [2530240.071, 1176419.362], [2530195.949, 1176301.222], [2530146.898, 1176169.892], [2530146.208, 1176167.212], [2530254.788, 1176131.039], [2530243.068, 1176136.669], [2530225.898, 1176144.91], [2530193.778, 1176157.401], [2530183.268, 1176159.531], [2530208.239, 1176296.631], [2530283, 1176313.62], [2530298.6, 1176317.169], [2530341.942, 1176559.21], [2530295.772, 1176568.572]]]}, "properties": {"OBJECTID": 52081196, "EGRID": "CH944583824329", "NUMERO": "1626", "NO_COM_FED": 5757, "GENRE_TXT": "parcelle priv\u00e9e", "SUPERFICIE_MO": 23012, "SUPERFICIE_RF": 23012}}, {"type": "Feature", "id": 52081273, "geometry": {"type": "Polygon", "coordinates": [[[2530711.366, 1175024.365], [2530716.526, 1175036.095], [2530717.546, 1175039.165], [2530717.276, 1175039.275], [2530718.036, 1175041.845], [2530718.856, 1175050.565], [2530697.726, 1175059.056], [2530692.156, 1175061.746], [2530688.126, 1175053.646], [2530694.1859999998, 1175050.676], [2530695.9560000002, 1175049.776], [2530693.586, 1175045.396], [2530689.806, 1175038.276], [2530689.726, 1175038.166], [2530688.036, 1175039.076], [2530684.506, 1175033.466], [2530684.226, 1175033.026], [2530682.326, 1175034.106], [2530679.736, 1175030.166], [2530685.736, 1175026.046], [2530687.4359999998, 1175024.886], [2530687.376, 1175024.716], [2530691.526, 1175021.976], [2530695.196, 1175019.676], [2530701.976, 1175030.516], [2530702.076, 1175030.686], [2530704.2060000002, 1175029.386], [2530704.076, 1175029.146], [2530711.366, 1175024.365]]]}, "properties": {"OBJECTID": 52081273, "EGRID": "CH652983824592", "NUMERO": "489", "NO_COM_FED": 5757, "GENRE_TXT": "parcelle priv\u00e9e", "SUPERFICIE_MO": 881, "SUPERFICIE_RF": 881}}, {"type": "Feature", "id": 52081324, "geometry": {"type": "Polygon", "coordinates": [[[2531228.214, 1174652.457], [2531224.634, 1174636.857], [2531219.224, 1174613.118], [2531215.9390000002, 1174569.34], [2531217.498, 1174569.219], [2531217.500017543, 1174567.2632014474], [2531217.8285232256, 1174565.3351879453], [2531218.4742963663, 1174563.4890760584], [2531219.419211042, 1174561.7766834912], [2531220.6367448573, 1174560.2460746395], [2531222.09272339, 1174558.9402114914], [2531223.746279417, 1174557.8957477468], [2531225.551, 1174557.142], [2531295.114, 1174540.2179999999], [2531307.734, 1174596.857], [2531311.745, 1174614.727], [2531315.695, 1174633.686], [2531285.985, 1174639.826], [2531266.334, 1174644.1570000001], [2531258.574, 1174645.917], [2531241.124, 1174649.707], [2531234.5439999998, 1174651.1469999999], [2531228.214, 1174652.457]]]}, "properties": {"OBJECTID": 52081324, "EGRID": "CH114507838321", "NUMERO": "267", "NO_COM_FED": 5757, "GENRE_TXT": "parcelle priv\u00e9e", "SUPERFICIE_MO": 8245, "SUPERFICIE_RF": 8245}}, {"type": "Feature", "id": 52081480, "geometry": {"type": "Polygon", "coordinates": [[[2530840.648, 1176050.5219999999], [2530837.248, 1176029.002], [2530835.734, 1176018.102], [2530873.218, 1176010.817], [2530873.807, 1176013.82], [2530873.417, 1176013.93], [2530879.03, 1176042.529], [2530840.648, 1176050.5219999999]]]}, "properties": {"OBJECTID": 52081480, "EGRID": "CH738383459584", "NUMERO": "952", "NO_COM_FED": 5757, "GENRE_TXT": "parcelle priv\u00e9e", "SUPERFICIE_MO": 1254, "SUPERFICIE_RF": 1254}}, {"type": "Feature", "id": 52081516, "geometry": {"type": "Polygon", "coordinates": [[[2530922.132, 1176429.313], [2530920.631, 1176399.923], [2530923.431, 1176396.423], [2530957.721, 1176391.042], [2530961.261, 1176401.172], [2530966.142, 1176419.912], [2530967.172, 1176424.7719999999], [2530922.132, 1176429.313]]]}, "properties": {"OBJECTID": 52081516, "EGRID": "CH454283824503", "NUMERO": "2104", "NO_COM_FED": 5757, "GENRE_TXT": "parcelle priv\u00e9e", "SUPERFICIE_MO": 1399, "SUPERFICIE_RF": 1399}}, {"type": "Feature", "id": 52081613, "geometry": {"type": "Polygon", "coordinates": [[[2530079.035, 1175908.63], [2530067.915, 1175865.559], [2530187.325, 1175889.869], [2530198.825, 1175940.67], [2530190.655, 1175944.8], [2530185.865, 1175930.58], [2530079.035, 1175908.63]]]}, "properties": {"OBJECTID": 52081613, "EGRID": "CH168283454228", "NUMERO": "1636", "NO_COM_FED": 5757, "GENRE_TXT": "parcelle priv\u00e9e", "SUPERFICIE_MO": 4966, "SUPERFICIE_RF": 4966}}, {"type": "Feature", "id": 52081650, "geometry": {"type": "Polygon", "coordinates": [[[2530126.374, 1175775.829], [2530142.5439999998, 1175780.529], [2530159.894, 1175785.369], [2530160.324, 1175784.479], [2530164.704, 1175785.729], [2530168.584, 1175773.778], [2530183.7939999998, 1175782.409], [2530172.434, 1175821.939], [2530173.974, 1175822.329], [2530177.274, 1175823.179], [2530176.024, 1175827.819], [2530149.904, 1175821.179], [2530117.5640000002, 1175814.969], [2530126.374, 1175775.829]]]}, "properties": {"OBJECTID": 52081650, "EGRID": "CH998383094576", "NUMERO": "839", "NO_COM_FED": 5757, "GENRE_TXT": "parcelle priv\u00e9e", "SUPERFICIE_MO": 2345, "SUPERFICIE_RF": 2345}}, {"type": "Feature", "id": 52081675, "geometry": {"type": "Polygon", "coordinates": [[[2530831.071, 1176340.005], [2530829.25, 1176328.275], [2530830.68, 1176327.985], [2530858.53, 1176323.124], [2530883.53, 1176318.943], [2530896.08, 1176316.753], [2530903.601, 1176359.5929999999], [2530875.321, 1176368.064], [2530834.641, 1176362.375], [2530831.071, 1176340.005]]]}, "properties": {"OBJECTID": 52081675, "EGRID": "CH928265834528", "NUMERO": "2107", "NO_COM_FED": 5757, "GENRE_TXT": "parcelle priv\u00e9e", "SUPERFICIE_MO": 2914, "SUPERFICIE_RF": 2914}}, {"type": "Feature", "id": 52081732, "geometry": {"type": "Polygon", "coordinates": [[[2530726.855, 1174926.465], [2530723.875, 1174920.515], [2530738.435, 1174912.235], [2530741.395, 1174917.434], [2530726.855, 1174926.465]]]}, "properties": {"OBJECTID": 52081732, "EGRID": "CH338383450222", "NUMERO": "539", "NO_COM_FED": 5757, "GENRE_TXT": "parcelle priv\u00e9e", "SUPERFICIE_MO": 107, "SUPERFICIE_RF": 107}}, {"type": "Feature", "id": 52081766, "geometry": {"type": "Polygon", "coordinates": [[[2530343.364, 1175826.206], [2530342.455, 1175850.326], [2530339.465, 1175850.126], [2530340.384, 1175825.716], [2530343.364, 1175826.206]]]}, "properties": {"OBJECTID": 52081766, "EGRID": "CH944583830762", "NUMERO": "2549", "NO_COM_FED": 5757, "GENRE_TXT": "parcelle priv\u00e9e", "SUPERFICIE_MO": 73, "SUPERFICIE_RF": 73}}, {"type": "Feature", "id": 52083624, "geometry": {"type": "Polygon", "coordinates": [[[2530765.922, 1174642.433], [2530762.212, 1174660.294], [2530743.042, 1174663.605], [2530732.062, 1174663.715], [2530726.902, 1174663.485], [2530723.838, 1174659.863], [2530729.255, 1174639.202], [2530759.285, 1174640.973], [2530765.922, 1174642.433]]]}, "properties": {"OBJECTID": 52083624, "EGRID": "CH209045688311", "NUMERO": "1061", "NO_COM_FED": 5757, "GENRE_TXT": "parcelle priv\u00e9e", "SUPERFICIE_MO": 845, "SUPERFICIE_RF": 845}}, {"type": "Feature", "id": 52083643, "geometry": {"type": "Polygon", "coordinates": [[[2530298.6, 1176317.169], [2530359.438, 1176331.001], [2530359.49, 1176331.346], [2530360.44, 1176331.229], [2530361.551, 1176339.453], [2530362.308251615, 1176343.2080501486], [2530363.676077809, 1176346.7861618197], [2530365.616809467, 1176350.0887959593], [2530368.077, 1176353.025], [2530370.985765043, 1176355.5106366384], [2530374.2649586266, 1176357.4819795864], [2530377.824596808, 1176358.884933468], [2530381.567, 1176359.681], [2530450.08, 1176363.145], [2530484.99, 1176364.914], [2530501.45, 1176363.834], [2530564.18, 1176359.732], [2530562.911, 1176374.482], [2530553.3310000002, 1176407.543], [2530544.711, 1176446.164], [2530542.799, 1176463.145], [2530531.342, 1176564.865], [2530447.602, 1176583.528], [2530341.942, 1176559.21], [2530298.6, 1176317.169]], [[2530384.766, 1176393.752], [2530402.079, 1176384.305], [2530392.846, 1176367.169], [2530375.454, 1176376.667], [2530384.766, 1176393.752]], [[2530368.231, 1176479.106], [2530418.385, 1176481.38], [2530442.452, 1176479.705], [2530442.308, 1176454.613], [2530449.368, 1176408.236], [2530413.594, 1176419.024], [2530412.625, 1176407.703], [2530399.225, 1176408.185], [2530396.336, 1176408.289], [2530396.295, 1176406.965], [2530392.611, 1176406.971], [2530381.935, 1176406.989], [2530380.258, 1176401.35], [2530372.067, 1176402.607], [2530358.942, 1176416.621], [2530356.194, 1176435.624], [2530368.231, 1176479.106]]]}, "properties": {"OBJECTID": 52083643, "EGRID": "CH574507448301", "NUMERO": "2803", "NO_COM_FED": 5757, "GENRE_TXT": "parcelle priv\u00e9e", "SUPERFICIE_MO": 42122, "SUPERFICIE_RF": 42122}}, {"type": "Feature", "id": 52084268, "geometry": {"type": "Polygon", "coordinates": [[[2530664.222, 1175705.639], [2530674.204, 1175762.346], [2530670.244, 1175769.056], [2530658.265, 1175788.246], [2530671.015, 1175816.306], [2530668.065, 1175820.106], [2530662.105, 1175808.746], [2530654.215, 1175793.716], [2530635.925, 1175793.467], [2530634.705, 1175793.457], [2530629.775, 1175793.387], [2530629.765, 1175793.087], [2530629.334, 1175779.547], [2530629.014, 1175769.347], [2530615.594, 1175768.037], [2530615.204, 1175770.247], [2530599.284, 1175767.048], [2530599.574, 1175765.448], [2530575.264, 1175756.089], [2530575.024, 1175756.509], [2530563.954, 1175750.879], [2530563.024, 1175752.859], [2530561.124, 1175752.249], [2530555.494, 1175749.319], [2530544.974, 1175716.4], [2530542.453, 1175708.51], [2530546.063, 1175704.43], [2530552.983, 1175692.63], [2530559.303, 1175678.619], [2530562.833, 1175670.909], [2530569.913, 1175657.089], [2530575.903, 1175650.599], [2530580.663, 1175641.589], [2530585.543, 1175631.839], [2530588.213, 1175626.658], [2530589.953, 1175627.088], [2530591.473, 1175626.888], [2530591.603, 1175626.458], [2530595.693, 1175624.9679999999], [2530619.563, 1175616.268], [2530615.813, 1175650.958], [2530616.723, 1175664.118], [2530620.603, 1175669.817], [2530636.133, 1175679.9070000001], [2530640.473, 1175684.477], [2530642.743, 1175688.597], [2530646.104, 1175698.307], [2530649.0640000002, 1175706.766], [2530664.222, 1175705.639]]]}, "properties": {"OBJECTID": 52084268, "EGRID": "CH951483834504", "NUMERO": "799", "NO_COM_FED": 5757, "GENRE_TXT": "parcelle priv\u00e9e", "SUPERFICIE_MO": 12891, "SUPERFICIE_RF": 12891}}, {"type": "Feature", "id": 52084390, "geometry": {"type": "Polygon", "coordinates": [[[2530773.848, 1175235.223], [2530774.368, 1175238.863], [2530775.319, 1175246.833], [2530764.809, 1175248.233], [2530763.159, 1175248.453], [2530748.559, 1175249.224], [2530748.619, 1175249.574], [2530740.449, 1175249.924], [2530738.568, 1175239.854], [2530745.708, 1175238.834], [2530753.408, 1175237.704], [2530759.718, 1175236.533], [2530760.218, 1175235.5929999999], [2530761.338, 1175235.313], [2530763.458, 1175234.583], [2530765.038, 1175233.303], [2530767.568, 1175232.913], [2530771.098, 1175232.383], [2530771.758, 1175235.523], [2530773.848, 1175235.223]]]}, "properties": {"OBJECTID": 52084390, "EGRID": "CH768283452238", "NUMERO": "600", "NO_COM_FED": 5757, "GENRE_TXT": "parcelle priv\u00e9e", "SUPERFICIE_MO": 430, "SUPERFICIE_RF": 430}}, {"type": "Feature", "id": 52084824, "geometry": {"type": "Polygon", "coordinates": [[[2530644.328, 1175194.997], [2530617.498, 1175198.438], [2530616.638, 1175188.958], [2530616.017, 1175178.338], [2530642.787, 1175175.767], [2530643.838, 1175194.977], [2530644.328, 1175194.997]]]}, "properties": {"OBJECTID": 52084824, "EGRID": "CH214571838390", "NUMERO": "400", "NO_COM_FED": 5757, "GENRE_TXT": "parcelle priv\u00e9e", "SUPERFICIE_MO": 528, "SUPERFICIE_RF": 528}}, {"type": "Feature", "id": 52084862, "geometry": {"type": "Polygon", "coordinates": [[[2530736.977, 1174535.457], [2530760.216, 1174547.886], [2530783.778, 1174560.389], [2530781.464, 1174569.426], [2530735.149, 1174574.002], [2530734.849, 1174567.083], [2530735.986, 1174561.744], [2530733.109, 1174560.788], [2530732.682, 1174551.536], [2530734.124, 1174539.784], [2530733.902, 1174538.6469999999], [2530736.977, 1174535.457]]]}, "properties": {"OBJECTID": 52084862, "EGRID": "CH744583906848", "NUMERO": "1063", "NO_COM_FED": 5757, "GENRE_TXT": "parcelle priv\u00e9e", "SUPERFICIE_MO": 1205, "SUPERFICIE_RF": 1205}}, {"type": "Feature", "id": 52085249, "geometry": {"type": "Polygon", "coordinates": [[[2530613.288, 1175252.088], [2530605.118, 1175253.698], [2530601.598, 1175254.449], [2530600.808, 1175254.569], [2530599.548, 1175248.619], [2530604.018, 1175247.548], [2530603.948, 1175247.158], [2530610.338, 1175245.428], [2530611.608, 1175245.168], [2530612.088, 1175245.048], [2530613.288, 1175252.088]]]}, "properties": {"OBJECTID": 52085249, "EGRID": "CH287283458361", "NUMERO": "629", "NO_COM_FED": 5757, "GENRE_TXT": "parcelle priv\u00e9e", "SUPERFICIE_MO": 86, "SUPERFICIE_RF": 86}}, {"type": "Feature", "id": 52085547, "geometry": {"type": "Polygon", "coordinates": [[[2531763.173, 1174129.327], [2531766.6689999998, 1174132.51], [2531657.625, 1174159.086], [2531534.425, 1174188.947], [2531522.674, 1174191.837], [2531481.7939999998, 1174201.668], [2531333.883, 1174237.689], [2531201.802, 1174269.791], [2531197.282, 1174275.991], [2531195.952, 1174260.771], [2531200.932, 1174265.731], [2531332.813, 1174233.799], [2531480.744, 1174197.758], [2531527.594, 1174186.487], [2531656.745, 1174155.076], [2531763.173, 1174129.327]]]}, "properties": {"OBJECTID": 52085547, "EGRID": "CH559783834533", "NUMERO": "DP 1035", "NO_COM_FED": 5757, "GENRE_TXT": "DP communal", "SUPERFICIE_MO": 2395, "SUPERFICIE_RF": null}}, {"type": "Feature", "id": 52085595, "geometry": {"type": "Polygon", "coordinates": [[[2530689.574, 1174899.876], [2530688.364, 1174893.976], [2530696.984, 1174892.696], [2530698.854, 1174898.376], [2530689.574, 1174899.876]]]}, "properties": {"OBJECTID": 52085595, "EGRID": "CH644583830371", "NUMERO": "530", "NO_COM_FED": 5757, "GENRE_TXT": "parcelle priv\u00e9e", "SUPERFICIE_MO": 54, "SUPERFICIE_RF": 54}}, {"type": "Feature", "id": 52085795, "geometry": {"type": "Polygon", "coordinates": [[[2530789.138, 1175228.983], [2530793.069, 1175247.182], [2530786.699, 1175247.723], [2530775.499, 1175248.663], [2530775.319, 1175246.833], [2530774.368, 1175238.863], [2530773.848, 1175235.223], [2530773.248, 1175231.993], [2530789.138, 1175228.983]]]}, "properties": {"OBJECTID": 52085795, "EGRID": "CH138383457121", "NUMERO": "607", "NO_COM_FED": 5757, "GENRE_TXT": "parcelle priv\u00e9e", "SUPERFICIE_MO": 297, "SUPERFICIE_RF": 297}}, {"type": "Feature", "id": 52085921, "geometry": {"type": "Polygon", "coordinates": [[[2530749.996, 1175020.774], [2530744.676, 1175013.404], [2530749.446, 1175009.914], [2530751.196, 1175012.404], [2530752.626, 1175011.664], [2530755.886, 1175015.944], [2530749.996, 1175020.774]]]}, "properties": {"OBJECTID": 52085921, "EGRID": "CH928303834574", "NUMERO": "372", "NO_COM_FED": 5757, "GENRE_TXT": "parcelle priv\u00e9e", "SUPERFICIE_MO": 62, "SUPERFICIE_RF": 62}}, {"type": "Feature", "id": 52086049, "geometry": {"type": "Polygon", "coordinates": [[[2531030.09, 1176203.998], [2531030.299, 1176190.038], [2531010.729, 1176117.808], [2531051.1890000002, 1176107.536], [2531059.179, 1176105.506], [2531065.029, 1176104.986], [2531068.809, 1176104.746], [2531072.219, 1176106.716], [2531074.159, 1176110.106], [2531085.459, 1176154.056], [2531078.069, 1176155.986], [2531077.379, 1176153.276], [2531076.679, 1176150.566], [2531075.979, 1176147.856], [2531075.279, 1176145.146], [2531074.589, 1176142.436], [2531073.889, 1176139.726], [2531068.569, 1176141.086], [2531069.269, 1176143.796], [2531069.969, 1176146.506], [2531070.6689999998, 1176149.216], [2531071.369, 1176151.926], [2531072.069, 1176154.646], [2531072.769, 1176157.356], [2531058.309, 1176179.717], [2531057.139, 1176183.877], [2531057.57, 1176196.067], [2531056.35, 1176201.1469999999], [2531054.59, 1176204.3969999999], [2531029.98, 1176210.768], [2531030.09, 1176203.998]]]}, "properties": {"OBJECTID": 52086049, "EGRID": "CH238383457778", "NUMERO": "1331", "NO_COM_FED": 5757, "GENRE_TXT": "parcelle priv\u00e9e", "SUPERFICIE_MO": 4623, "SUPERFICIE_RF": 4623}}, {"type": "Feature", "id": 52086059, "geometry": {"type": "Polygon", "coordinates": [[[2530973.219, 1176200.84], [2530970.609, 1176189.149], [2530984.709, 1176186.069], [2530986.109, 1176182.739], [2531007.179, 1176191.348], [2531008.729, 1176193.108], [2530996.209, 1176195.829], [2530994.649, 1176196.169], [2530994.009, 1176196.309], [2530992.389, 1176196.659], [2530991.769, 1176196.799], [2530982.269, 1176198.869], [2530980.049, 1176199.349], [2530979.309, 1176199.509], [2530973.219, 1176200.84]]]}, "properties": {"OBJECTID": 52086059, "EGRID": "CH744583826575", "NUMERO": "68", "NO_COM_FED": 5757, "GENRE_TXT": "parcelle priv\u00e9e", "SUPERFICIE_MO": 361, "SUPERFICIE_RF": 361}}, {"type": "Feature", "id": 52086152, "geometry": {"type": "Polygon", "coordinates": [[[2530731.177, 1175120.695], [2530731.037, 1175120.495], [2530728.977, 1175120.975], [2530729.347, 1175121.955], [2530727.937, 1175122.945], [2530725.457, 1175123.715], [2530724.857, 1175122.535], [2530717.917, 1175124.825], [2530716.317, 1175121.545], [2530714.207, 1175117.875], [2530718.837, 1175111.785], [2530723.397, 1175118.415], [2530725.097, 1175116.905], [2530727.547, 1175118.475], [2530729.607, 1175119.265], [2530732.587, 1175119.664], [2530731.177, 1175120.695]]]}, "properties": {"OBJECTID": 52086152, "EGRID": "CH714514838345", "NUMERO": "343", "NO_COM_FED": 5757, "GENRE_TXT": "parcelle priv\u00e9e", "SUPERFICIE_MO": 105, "SUPERFICIE_RF": 105}}, {"type": "Feature", "id": 52086176, "geometry": {"type": "Polygon", "coordinates": [[[2530917.08, 1176313.182], [2530936.611, 1176344.2820000001], [2530940.5609999998, 1176351.7820000001], [2530916.011, 1176356.923], [2530903.601, 1176359.5929999999], [2530896.08, 1176316.753], [2530917.08, 1176313.182]]]}, "properties": {"OBJECTID": 52086176, "EGRID": "CH514586838347", "NUMERO": "2108", "NO_COM_FED": 5757, "GENRE_TXT": "parcelle priv\u00e9e", "SUPERFICIE_MO": 1279, "SUPERFICIE_RF": 1279}}, {"type": "Feature", "id": 52086251, "geometry": {"type": "Polygon", "coordinates": [[[2530577.375, 1174502.426], [2530582.133, 1174503.956], [2530591.998, 1174518.03], [2530586.208, 1174540.164], [2530582.602, 1174553.097], [2530577.262, 1174562.48], [2530576.509, 1174561.833], [2530549.404, 1174529.57], [2530577.375, 1174502.426]]]}, "properties": {"OBJECTID": 52086251, "EGRID": "CH698390554574", "NUMERO": "1024", "NO_COM_FED": 5757, "GENRE_TXT": "parcelle priv\u00e9e", "SUPERFICIE_MO": 1360, "SUPERFICIE_RF": 1360}}, {"type": "Feature", "id": 52086270, "geometry": {"type": "Polygon", "coordinates": [[[2530732.986, 1175078.995], [2530732.656, 1175079.865], [2530747.347, 1175088.604], [2530747.607, 1175088.314], [2530752.767, 1175090.624], [2530752.9572251984, 1175090.7198993703], [2530753.130262813, 1175090.844158371], [2530753.281919882, 1175090.9937660203], [2530753.4085215274, 1175091.1650970997], [2530753.507, 1175091.354], [2530753.5751037695, 1175091.562929931], [2530753.6085682074, 1175091.78011642], [2530753.6065145633, 1175091.9998563165], [2530753.5689967647, 1175092.21637942], [2530753.497, 1175092.424], [2530752.207, 1175095.084], [2530749.937, 1175098.824], [2530729.027, 1175086.505], [2530732.396, 1175078.725], [2530732.986, 1175078.995]]]}, "properties": {"OBJECTID": 52086270, "EGRID": "CH614529838242", "NUMERO": "349", "NO_COM_FED": 5757, "GENRE_TXT": "parcelle priv\u00e9e", "SUPERFICIE_MO": 192, "SUPERFICIE_RF": 192}}, {"type": "Feature", "id": 52086464, "geometry": {"type": "Polygon", "coordinates": [[[2530701.532, 1174692.266], [2530696.912, 1174698.486], [2530686.252, 1174712.816], [2530673.242, 1174730.387], [2530646.062, 1174707.448], [2530649.982, 1174703.838], [2530668.002, 1174684.797], [2530701.532, 1174692.266]]]}, "properties": {"OBJECTID": 52086464, "EGRID": "CH598383034536", "NUMERO": "1041", "NO_COM_FED": 5757, "GENRE_TXT": "parcelle priv\u00e9e", "SUPERFICIE_MO": 1299, "SUPERFICIE_RF": 1299}}, {"type": "Feature", "id": 52086857, "geometry": {"type": "Polygon", "coordinates": [[[2530686.41, 1174660.357], [2530692.019, 1174629.196], [2530721.718, 1174651.403], [2530718.042, 1174663.436], [2530687.411, 1174660.516], [2530686.41, 1174660.357]]]}, "properties": {"OBJECTID": 52086857, "EGRID": "CH160283451680", "NUMERO": "2865", "NO_COM_FED": 5757, "GENRE_TXT": "parcelle priv\u00e9e", "SUPERFICIE_MO": 722, "SUPERFICIE_RF": 722}}, {"type": "Feature", "id": 52086882, "geometry": {"type": "Polygon", "coordinates": [[[2530725.855, 1175772.144], [2530750.735, 1175785.0929999999], [2530759.265, 1175789.463], [2530757.905, 1175791.873], [2530763.435, 1175794.983], [2530764.885, 1175795.813], [2530765.035, 1175795.903], [2530766.365, 1175793.493], [2530771.145, 1175796.192], [2530761.215, 1175810.413], [2530759.695, 1175812.583], [2530715.115, 1175788.454], [2530717.935, 1175785.494], [2530720.165, 1175782.944], [2530725.025, 1175775.114], [2530725.855, 1175772.144]]]}, "properties": {"OBJECTID": 52086882, "EGRID": "CH814542838251", "NUMERO": "739", "NO_COM_FED": 5757, "GENRE_TXT": "parcelle priv\u00e9e", "SUPERFICIE_MO": 972, "SUPERFICIE_RF": 972}}, {"type": "Feature", "id": 52087040, "geometry": {"type": "Polygon", "coordinates": [[[2530626.818, 1175266.658], [2530625.568, 1175257.138], [2530632.928, 1175256.078], [2530635.618, 1175255.727], [2530636.778, 1175264.717], [2530626.818, 1175266.658]]]}, "properties": {"OBJECTID": 52087040, "EGRID": "CH668383457391", "NUMERO": "391", "NO_COM_FED": 5757, "GENRE_TXT": "parcelle priv\u00e9e", "SUPERFICIE_MO": 95, "SUPERFICIE_RF": 95}}, {"type": "Feature", "id": 52087379, "geometry": {"type": "Polygon", "coordinates": [[[2531144.7060000002, 1174987.831], [2531133.977, 1175000.842], [2531118.196, 1174989.422], [2531109.466, 1174983.713], [2531120.636, 1174970.972], [2531144.7060000002, 1174987.831]]]}, "properties": {"OBJECTID": 52087379, "EGRID": "CH350383834520", "NUMERO": "1001", "NO_COM_FED": 5757, "GENRE_TXT": "parcelle priv\u00e9e", "SUPERFICIE_MO": 494, "SUPERFICIE_RF": 494}}, {"type": "Feature", "id": 52087447, "geometry": {"type": "Polygon", "coordinates": [[[2530750.4359999998, 1175060.344], [2530753.026, 1175057.514], [2530757.286, 1175052.834], [2530757.906, 1175052.214], [2530765.106, 1175057.994], [2530758.416, 1175069.134], [2530749.326, 1175061.684], [2530750.136, 1175060.864], [2530750.4359999998, 1175060.344]]]}, "properties": {"OBJECTID": 52087447, "EGRID": "CH414522838276", "NUMERO": "357", "NO_COM_FED": 5757, "GENRE_TXT": "parcelle priv\u00e9e", "SUPERFICIE_MO": 135, "SUPERFICIE_RF": 135}}, {"type": "Feature", "id": 52087610, "geometry": {"type": "Polygon", "coordinates": [[[2530519.346, 1175081.401], [2530515.626, 1175084.351], [2530516.826, 1175087.661], [2530517.207, 1175138.041], [2530468.484, 1175138.06], [2530461.566, 1175138.063], [2530460.753, 1175130.609], [2530462.138, 1175122.098], [2530458.1859999998, 1175101.7], [2530459.045, 1175094.339], [2530461.884, 1175088.709], [2530473.623, 1175085.884], [2530487.986, 1175083.702], [2530500.796, 1175080.912], [2530505.966, 1175077.222], [2530508.276, 1175076.242], [2530509.776, 1175074.632], [2530513.366, 1175077.172], [2530519.346, 1175081.401]]]}, "properties": {"OBJECTID": 52087610, "EGRID": "CH614568839071", "NUMERO": "659", "NO_COM_FED": 5757, "GENRE_TXT": "parcelle priv\u00e9e", "SUPERFICIE_MO": 3133, "SUPERFICIE_RF": 3133}}, {"type": "Feature", "id": 52087786, "geometry": {"type": "Polygon", "coordinates": [[[2530645.652, 1174727.608], [2530654.652, 1174737.6469999999], [2530648.342, 1174743.308], [2530639.342, 1174733.268], [2530645.652, 1174727.608]]]}, "properties": {"OBJECTID": 52087786, "EGRID": "CH274582218379", "NUMERO": "1195", "NO_COM_FED": 5757, "GENRE_TXT": "parcelle priv\u00e9e", "SUPERFICIE_MO": 114, "SUPERFICIE_RF": 114}}, {"type": "Feature", "id": 52087799, "geometry": {"type": "Polygon", "coordinates": [[[2530531.037, 1175104.058], [2530534.726, 1175104.139], [2530534.731, 1175103.904], [2530546.386, 1175104.25], [2530546.376, 1175104.73], [2530546.096, 1175104.73], [2530545.677, 1175133.76], [2530545.977, 1175133.76], [2530545.977, 1175134.24], [2530534.567, 1175134.091], [2530530.638, 1175134.059], [2530531.037, 1175104.058]]]}, "properties": {"OBJECTID": 52087799, "EGRID": "CH981583458304", "NUMERO": "2616", "NO_COM_FED": 5757, "GENRE_TXT": "DDP superficie", "SUPERFICIE_MO": 453, "SUPERFICIE_RF": 453}}, {"type": "Feature", "id": 52087847, "geometry": {"type": "Polygon", "coordinates": [[[2530824.63, 1176288.354], [2530830.38, 1176323.095], [2530829.99, 1176323.675], [2530830.68, 1176327.985], [2530829.25, 1176328.275], [2530831.071, 1176340.005], [2530809.201, 1176343.765], [2530793.55, 1176289.785], [2530821.89, 1176284.854], [2530823.05, 1176290.684], [2530824.63, 1176288.354]]]}, "properties": {"OBJECTID": 52087847, "EGRID": "CH528373834565", "NUMERO": "2106", "NO_COM_FED": 5757, "GENRE_TXT": "parcelle priv\u00e9e", "SUPERFICIE_MO": 1505, "SUPERFICIE_RF": 1505}}, {"type": "Feature", "id": 52088377, "geometry": {"type": "Polygon", "coordinates": [[[2530702.638, 1175225.125], [2530723.238, 1175227.595], [2530724.708, 1175227.805], [2530724.118, 1175231.475], [2530722.648, 1175231.445], [2530722.588, 1175232.145], [2530716.948, 1175231.555], [2530716.968, 1175231.255], [2530702.518, 1175229.905], [2530702.638, 1175225.125]]]}, "properties": {"OBJECTID": 52088377, "EGRID": "CH538383459753", "NUMERO": "468", "NO_COM_FED": 5757, "GENRE_TXT": "parcelle priv\u00e9e", "SUPERFICIE_MO": 99, "SUPERFICIE_RF": 99}}, {"type": "Feature", "id": 52088403, "geometry": {"type": "Polygon", "coordinates": [[[2530761.914, 1174879.014], [2530759.464, 1174874.234], [2530759.034, 1174874.654], [2530758.524, 1174874.104], [2530756.344, 1174868.294], [2530763.234, 1174862.204], [2530768.054, 1174868.724], [2530765.014, 1174870.434], [2530768.5439999998, 1174877.044], [2530763.164, 1174879.084], [2530762.274, 1174879.714], [2530761.914, 1174879.014]]]}, "properties": {"OBJECTID": 52088403, "EGRID": "CH514524838224", "NUMERO": "582", "NO_COM_FED": 5757, "GENRE_TXT": "parcelle priv\u00e9e", "SUPERFICIE_MO": 118, "SUPERFICIE_RF": 118}}, {"type": "Feature", "id": 52088437, "geometry": {"type": "Polygon", "coordinates": [[[2530730.264, 1174898.705], [2530735.774, 1174896.625], [2530734.394, 1174892.575], [2530735.0640000002, 1174892.375], [2530738.584, 1174891.035], [2530741.354, 1174901.464], [2530741.484, 1174901.784], [2530734.404, 1174905.495], [2530734.184, 1174905.125], [2530730.264, 1174898.705]]]}, "properties": {"OBJECTID": 52088437, "EGRID": "CH768283452337", "NUMERO": "544", "NO_COM_FED": 5757, "GENRE_TXT": "parcelle priv\u00e9e", "SUPERFICIE_MO": 84, "SUPERFICIE_RF": 84}}, {"type": "Feature", "id": 52088688, "geometry": {"type": "Polygon", "coordinates": [[[2530829.347, 1176016.182], [2530833.478, 1176047.912], [2530834.328, 1176052.092], [2530803.628, 1176062.543], [2530791.358, 1176027.133], [2530809.917, 1176021.202], [2530818.207, 1176019.062], [2530823.737, 1176017.632], [2530829.347, 1176016.182]]]}, "properties": {"OBJECTID": 52088688, "EGRID": "CH259683834565", "NUMERO": "935", "NO_COM_FED": 5757, "GENRE_TXT": "parcelle priv\u00e9e", "SUPERFICIE_MO": 1323, "SUPERFICIE_RF": 1323}}, {"type": "Feature", "id": 52088759, "geometry": {"type": "Polygon", "coordinates": [[[2530444.295, 1174583.654], [2530441.854, 1174589.436], [2530428.612, 1174596.055], [2530368.08, 1174575.31], [2530376.661, 1174550.7280000001], [2530410.636, 1174562.566], [2530435.618, 1174559.834], [2530442.255, 1174565.082], [2530444.295, 1174583.654]]]}, "properties": {"OBJECTID": 52088759, "EGRID": "CH509045558345", "NUMERO": "1138", "NO_COM_FED": 5757, "GENRE_TXT": "parcelle priv\u00e9e", "SUPERFICIE_MO": 2065, "SUPERFICIE_RF": 2065}}, {"type": "Feature", "id": 52088814, "geometry": {"type": "Polygon", "coordinates": [[[2530764.585, 1174939.994], [2530763.495, 1174940.674], [2530756.975, 1174927.544], [2530757.165, 1174927.364], [2530767.705, 1174921.634], [2530769.065, 1174923.834], [2530772.655, 1174921.613], [2530772.985, 1174921.453], [2530783.885, 1174914.633], [2530792.875, 1174909.0929999999], [2530799.585, 1174919.423], [2530798.015, 1174920.413], [2530783.115, 1174929.803], [2530782.765, 1174930.033], [2530783.035, 1174930.493], [2530776.075, 1174934.523], [2530775.285, 1174933.3530000001], [2530770.485, 1174936.3530000001], [2530771.145, 1174937.283], [2530767.665, 1174939.514], [2530766.975, 1174938.514], [2530764.585, 1174939.994]]]}, "properties": {"OBJECTID": 52088814, "EGRID": "CH674582248331", "NUMERO": "567", "NO_COM_FED": 5757, "GENRE_TXT": "parcelle priv\u00e9e", "SUPERFICIE_MO": 542, "SUPERFICIE_RF": 542}}, {"type": "Feature", "id": 52089107, "geometry": {"type": "Polygon", "coordinates": [[[2530808.388, 1174259.923], [2530809.112, 1174254.269], [2530799.863, 1174253.084], [2530793.747, 1174258.049], [2530786.518, 1174257.125], [2530786.002, 1174246.324], [2530844.697, 1174253.546], [2530859.591, 1174255.193], [2530858.147, 1174266.307], [2530856.368, 1174280.174], [2530856.209, 1174281.199], [2530829.286, 1174277.064], [2530830.166, 1174271.336], [2530825.395, 1174270.6030000001], [2530826.675, 1174262.269], [2530808.388, 1174259.923]]]}, "properties": {"OBJECTID": 52089107, "EGRID": "CH385683459064", "NUMERO": "1178", "NO_COM_FED": 5757, "GENRE_TXT": "parcelle priv\u00e9e", "SUPERFICIE_MO": 1164, "SUPERFICIE_RF": 1164}}, {"type": "Feature", "id": 52089173, "geometry": {"type": "Polygon", "coordinates": [[[2531277.873, 1175528.846], [2531271.723, 1175533.967], [2531270.173, 1175534.837], [2531263.763, 1175537.947], [2531259.963, 1175539.727], [2531220.653, 1175557.438], [2531211.183, 1175536.809], [2531247.683, 1175520.527], [2531248.513, 1175522.617], [2531254.113, 1175519.6570000001], [2531254.063, 1175519.437], [2531264.543, 1175515.997], [2531271.333, 1175513.797], [2531271.563, 1175514.3969999999], [2531275.293, 1175513.137], [2531277.873, 1175528.846]]]}, "properties": {"OBJECTID": 52089173, "EGRID": "CH774583718341", "NUMERO": "724", "NO_COM_FED": 5757, "GENRE_TXT": "parcelle priv\u00e9e", "SUPERFICIE_MO": 1406, "SUPERFICIE_RF": 1406}}, {"type": "Feature", "id": 52089692, "geometry": {"type": "Polygon", "coordinates": [[[2530661.836, 1175069.447], [2530646.876, 1175074.177], [2530646.886, 1175065.277], [2530660.586, 1175061.6570000001], [2530662.656, 1175069.217], [2530661.836, 1175069.447]]]}, "properties": {"OBJECTID": 52089692, "EGRID": "CH244583822393", "NUMERO": "457", "NO_COM_FED": 5757, "GENRE_TXT": "parcelle priv\u00e9e", "SUPERFICIE_MO": 126, "SUPERFICIE_RF": 126}}, {"type": "Feature", "id": 52089712, "geometry": {"type": "Polygon", "coordinates": [[[2530713.321, 1175482.435], [2530721.701, 1175481.974], [2530737.771, 1175481.064], [2530738.041, 1175490.544], [2530738.361, 1175501.664], [2530738.572, 1175509.084], [2530715.251, 1175508.945], [2530713.321, 1175482.435]]]}, "properties": {"OBJECTID": 52089712, "EGRID": "CH898383144595", "NUMERO": "101", "NO_COM_FED": 5757, "GENRE_TXT": "parcelle priv\u00e9e", "SUPERFICIE_MO": 652, "SUPERFICIE_RF": 652}}, {"type": "Feature", "id": 52090188, "geometry": {"type": "Polygon", "coordinates": [[[2530676.176, 1175087.406], [2530673.386, 1175076.856], [2530672.4359999998, 1175073.286], [2530679.816, 1175070.076], [2530680.756, 1175070.236], [2530683.676, 1175068.856], [2530686.056, 1175073.666], [2530689.836, 1175082.196], [2530689.996, 1175082.606], [2530688.946, 1175082.976], [2530676.176, 1175087.406]]]}, "properties": {"OBJECTID": 52090188, "EGRID": "CH580383458376", "NUMERO": "480", "NO_COM_FED": 5757, "GENRE_TXT": "parcelle priv\u00e9e", "SUPERFICIE_MO": 200, "SUPERFICIE_RF": 200}}, {"type": "Feature", "id": 52090233, "geometry": {"type": "Polygon", "coordinates": [[[2531276.316, 1174870.0219999999], [2531266.346, 1174875.312], [2531267.786, 1174867.592], [2531267.836, 1174866.582], [2531267.726, 1174861.312], [2531266.506, 1174847.143], [2531264.286, 1174834.013], [2531264.036, 1174832.323], [2531263.796, 1174830.643], [2531261.796, 1174817.893], [2531258.546, 1174799.104], [2531258.236, 1174797.234], [2531257.416, 1174792.584], [2531254.986, 1174782.964], [2531254.625, 1174781.694], [2531254.255, 1174780.274], [2531250.485, 1174766.174], [2531249.975, 1174764.254], [2531249.675, 1174763.124], [2531245.275, 1174746.825], [2531244.995, 1174746.125], [2531244.765, 1174744.495], [2531239.975, 1174726.985], [2531238.885, 1174723.295], [2531232.625, 1174702.176], [2531217.154, 1174638.447], [2531213.104, 1174614.048], [2531209.463, 1174564.969], [2531215.9390000002, 1174569.34], [2531219.224, 1174613.118], [2531224.634, 1174636.857], [2531228.214, 1174652.457], [2531232.524, 1174669.146], [2531236.615, 1174686.036], [2531236.835, 1174687.086], [2531237.255, 1174689.596], [2531241.355, 1174706.856], [2531246.195, 1174726.015], [2531253.465, 1174753.295], [2531263.506, 1174791.024], [2531265.256, 1174800.644], [2531266.746, 1174811.703], [2531271.2060000002, 1174838.713], [2531273.836, 1174855.192], [2531274.516, 1174859.242], [2531276.316, 1174870.0219999999]]]}, "properties": {"OBJECTID": 52090233, "EGRID": "CH714578838351", "NUMERO": "DP 1029", "NO_COM_FED": 5757, "GENRE_TXT": "DP communal", "SUPERFICIE_MO": 2074, "SUPERFICIE_RF": null}}, {"type": "Feature", "id": 52090402, "geometry": {"type": "Polygon", "coordinates": [[[2530748.826, 1175008.904], [2530754.226, 1175005.224], [2530759.866, 1175012.564], [2530755.886, 1175015.944], [2530752.626, 1175011.664], [2530751.196, 1175012.404], [2530749.446, 1175009.914], [2530748.826, 1175008.904]]]}, "properties": {"OBJECTID": 52090402, "EGRID": "CH438382452274", "NUMERO": "374", "NO_COM_FED": 5757, "GENRE_TXT": "parcelle priv\u00e9e", "SUPERFICIE_MO": 56, "SUPERFICIE_RF": 56}}, {"type": "Feature", "id": 52091068, "geometry": {"type": "Polygon", "coordinates": [[[2530433.579, 1175135.636], [2530435.703, 1175126.894], [2530435.001, 1175100.2820000001], [2530442.2, 1175071.927], [2530447.608, 1175057.725], [2530467.722, 1175047.089], [2530478.874, 1175056.081], [2530486.211, 1175049.5929999999], [2530500.083, 1175000.601], [2530508.975, 1174986.774], [2530511.881, 1174982.254], [2530512.161, 1174982.311], [2530513.388, 1174984.777], [2530513.417, 1174986.371], [2530510.273, 1174990.501], [2530509.271, 1174991.057], [2530508.042, 1174993.58], [2530494.049, 1175040.594], [2530493.591, 1175045.276], [2530486.026, 1175057.839], [2530482.451, 1175060.152], [2530483.252, 1175062.828], [2530481.448, 1175067.619], [2530479.568, 1175068.452], [2530477.586, 1175067.482], [2530476.487, 1175067.275], [2530475.983, 1175063.555], [2530471.767, 1175061.623], [2530460.739, 1175056.521], [2530456.406, 1175055.564], [2530451.655, 1175061.98], [2530445.644, 1175078.254], [2530445.261, 1175091.307], [2530440.341, 1175094.615], [2530439.41, 1175109.178], [2530440.552, 1175149.563], [2530435.152, 1175160.302], [2530429.166, 1175171.95], [2530421.278, 1175197.874], [2530417.95, 1175213.617], [2530428.478, 1175260.384], [2530429.988, 1175263.184], [2530425.918, 1175263.604], [2530414.375, 1175213.806], [2530425.579, 1175173.256], [2530433.579, 1175135.636]]]}, "properties": {"OBJECTID": 52091068, "EGRID": "CH638390456882", "NUMERO": "2314", "NO_COM_FED": 5757, "GENRE_TXT": "parcelle priv\u00e9e", "SUPERFICIE_MO": 1638, "SUPERFICIE_RF": 1638}}, {"type": "Feature", "id": 52091163, "geometry": {"type": "Polygon", "coordinates": [[[2530913.827, 1175071.139], [2530893.887, 1175084.739], [2530884.957, 1175091.26], [2530870.327, 1175102], [2530865.517, 1175105.47], [2530851.637, 1175083.491], [2530860.887, 1175077.2], [2530864.327, 1175074.86], [2530900.907, 1175049.979], [2530901.647, 1175051.199], [2530907.057, 1175060.049], [2530913.827, 1175071.139]]]}, "properties": {"OBJECTID": 52091163, "EGRID": "CH174583728348", "NUMERO": "668", "NO_COM_FED": 5757, "GENRE_TXT": "parcelle priv\u00e9e", "SUPERFICIE_MO": 1494, "SUPERFICIE_RF": 1494}}, {"type": "Feature", "id": 52091311, "geometry": {"type": "Polygon", "coordinates": [[[2531062.77, 1175333.364], [2531018.64, 1175352.125], [2530993.99, 1175362.816], [2530992.91, 1175357.836], [2531097.37, 1175312.473], [2531126.75, 1175298.502], [2531145.12, 1175287.751], [2531146.44, 1175286.651], [2531147.340719572, 1175285.6993282773], [2531148.14, 1175284.661], [2531148.375522124, 1175284.4164491333], [2531148.5722948555, 1175284.139761061], [2531148.725992185, 1175283.8370187148], [2531148.833235108, 1175283.514877825], [2531148.8916659094, 1175283.180420595], [2531148.9, 1175282.841], [2531148.8538011364, 1175282.4866912593], [2531148.752980847, 1175282.143902275], [2531148.6, 1175281.821], [2531154.87, 1175291.831], [2531154.04429626, 1175291.7177839652], [2531153.211122509, 1175291.7384246446], [2531152.392037752, 1175291.8923879447], [2531151.60823643, 1175292.175689948], [2531150.88, 1175292.581], [2531134.96, 1175300.131], [2531105.59, 1175314.052], [2531094.94, 1175318.893], [2531062.77, 1175333.364]]]}, "properties": {"OBJECTID": 52091311, "EGRID": "CH182083458245", "NUMERO": "DP 149", "NO_COM_FED": 5757, "GENRE_TXT": "DP communal", "SUPERFICIE_MO": 925, "SUPERFICIE_RF": null}}, {"type": "Feature", "id": 52091723, "geometry": {"type": "Polygon", "coordinates": [[[2530365.995, 1175901.885], [2530334.545, 1175898.536], [2530336.785, 1175878.456], [2530339.015, 1175861.206], [2530348.935, 1175862.396], [2530369.425, 1175862.095], [2530367.765, 1175882.605], [2530366.325, 1175898.495], [2530365.995, 1175901.885]]]}, "properties": {"OBJECTID": 52091723, "EGRID": "CH498383034570", "NUMERO": "866", "NO_COM_FED": 5757, "GENRE_TXT": "parcelle priv\u00e9e", "SUPERFICIE_MO": 1193, "SUPERFICIE_RF": 1193}}, {"type": "Feature", "id": 52091839, "geometry": {"type": "Polygon", "coordinates": [[[2530384.766, 1176393.752], [2530375.454, 1176376.667], [2530392.846, 1176367.169], [2530402.079, 1176384.305], [2530384.766, 1176393.752]]]}, "properties": {"OBJECTID": 52091839, "EGRID": "CH460783454409", "NUMERO": "2802", "NO_COM_FED": 5757, "GENRE_TXT": "parcelle priv\u00e9e", "SUPERFICIE_MO": 385, "SUPERFICIE_RF": 385}}, {"type": "Feature", "id": 52091865, "geometry": {"type": "Polygon", "coordinates": [[[2530553.107, 1174637.964], [2530555.484, 1174633.341], [2530550.713, 1174630.873], [2530556.016, 1174620.554], [2530563.636, 1174624.497], [2530558.485, 1174634.604], [2530563.299, 1174637.099], [2530558.901, 1174642.8429999999], [2530553.107, 1174637.964]]]}, "properties": {"OBJECTID": 52091865, "EGRID": "CH569083455551", "NUMERO": "1027", "NO_COM_FED": 5757, "GENRE_TXT": "parcelle priv\u00e9e", "SUPERFICIE_MO": 150, "SUPERFICIE_RF": 150}}, {"type": "Feature", "id": 52092026, "geometry": {"type": "Polygon", "coordinates": [[[2530604.888, 1174568.303], [2530600.183, 1174572.94], [2530593.237, 1174582.729], [2530582.106, 1174608.489], [2530558.726, 1174596.484], [2530577.262, 1174562.48], [2530582.602, 1174553.097], [2530586.208, 1174540.164], [2530598.358, 1174551.575], [2530607.759, 1174560.28], [2530606.895, 1174561.187], [2530604.888, 1174568.303]]]}, "properties": {"OBJECTID": 52092026, "EGRID": "CH685583459086", "NUMERO": "1028", "NO_COM_FED": 5757, "GENRE_TXT": "parcelle priv\u00e9e", "SUPERFICIE_MO": 1483, "SUPERFICIE_RF": 1483}}, {"type": "Feature", "id": 52092297, "geometry": {"type": "Polygon", "coordinates": [[[2530728.356, 1175028.785], [2530732.236, 1175020.065], [2530741.9359999998, 1175028.124], [2530741.786, 1175028.254], [2530735.856, 1175033.424], [2530728.356, 1175028.785]]]}, "properties": {"OBJECTID": 52092297, "EGRID": "CH452283824558", "NUMERO": "368", "NO_COM_FED": 5757, "GENRE_TXT": "parcelle priv\u00e9e", "SUPERFICIE_MO": 92, "SUPERFICIE_RF": 92}}, {"type": "Feature", "id": 52092329, "geometry": {"type": "Polygon", "coordinates": [[[2530731.177, 1175120.695], [2530732.627, 1175122.734], [2530735.717, 1175129.744], [2530737.227, 1175136.194], [2530738.437, 1175142.164], [2530734.657, 1175143.304], [2530734.567, 1175142.584], [2530729.237, 1175143.615], [2530708.297, 1175147.675], [2530708.277, 1175145.895], [2530708.177, 1175138.685], [2530709.167, 1175125.385], [2530714.207, 1175117.875], [2530716.317, 1175121.545], [2530717.917, 1175124.825], [2530724.857, 1175122.535], [2530725.457, 1175123.715], [2530727.937, 1175122.945], [2530729.347, 1175121.955], [2530728.977, 1175120.975], [2530731.037, 1175120.495], [2530731.177, 1175120.695]]]}, "properties": {"OBJECTID": 52092329, "EGRID": "CH314523838204", "NUMERO": "342", "NO_COM_FED": 5757, "GENRE_TXT": "parcelle priv\u00e9e", "SUPERFICIE_MO": 622, "SUPERFICIE_RF": 622}}, {"type": "Feature", "id": 52092369, "geometry": {"type": "Polygon", "coordinates": [[[2530859.398, 1174560.055], [2530866.446, 1174551.002], [2530862.668, 1174560.7], [2530859.398, 1174560.055]]]}, "properties": {"OBJECTID": 52092369, "EGRID": "CH244583906824", "NUMERO": "1072", "NO_COM_FED": 5757, "GENRE_TXT": "parcelle priv\u00e9e", "SUPERFICIE_MO": 17, "SUPERFICIE_RF": 17}}, {"type": "Feature", "id": 52092444, "geometry": {"type": "Polygon", "coordinates": [[[2530736.184, 1174878.075], [2530732.934, 1174878.645], [2530730.5439999998, 1174879.015], [2530732.504, 1174885.205], [2530726.454, 1174885.665], [2530725.874, 1174883.195], [2530721.984, 1174884.525], [2530721.734, 1174884.125], [2530707.124, 1174890.156], [2530702.264, 1174878.616], [2530701.284, 1174876.936], [2530696.704, 1174871.526], [2530693.894, 1174865.546], [2530694.464, 1174865.426], [2530693.8140000002, 1174861.916], [2530697.514, 1174861.476], [2530700.274, 1174861.196], [2530699.994, 1174858.106], [2530699.894, 1174858.116], [2530698.584, 1174843.306], [2530692.514, 1174837.496], [2530700.523, 1174832.046], [2530704.173, 1174829.566], [2530712.0640000002, 1174832.455], [2530716.304, 1174833.105], [2530722.3140000002, 1174840.895], [2530731.884, 1174857.855], [2530734.374, 1174864.875], [2530734.764, 1174867.895], [2530736.184, 1174878.075]]]}, "properties": {"OBJECTID": 52092444, "EGRID": "CH544583822289", "NUMERO": "549", "NO_COM_FED": 5757, "GENRE_TXT": "parcelle priv\u00e9e", "SUPERFICIE_MO": 1676, "SUPERFICIE_RF": 1676}}, {"type": "Feature", "id": 52092679, "geometry": {"type": "Polygon", "coordinates": [[[2530671.627, 1176017.036], [2530598.787, 1176020.858], [2530515.307, 1176033.851], [2530511.447, 1176034.441], [2530522.117, 1176017.69], [2530574.327, 1176009.409], [2530595.837, 1176005.988], [2530597.237, 1176005.768], [2530675.617, 1176001.816], [2530671.627, 1176017.036]]]}, "properties": {"OBJECTID": 52092679, "EGRID": "CH814575838344", "NUMERO": "1523", "NO_COM_FED": 5757, "GENRE_TXT": "parcelle priv\u00e9e", "SUPERFICIE_MO": 2376, "SUPERFICIE_RF": 2376}}, {"type": "Feature", "id": 52092695, "geometry": {"type": "Polygon", "coordinates": [[[2530854.194, 1175971.594], [2530860.81, 1176004.991], [2530834.657, 1176010.352], [2530833.837, 1176003.731], [2530832.757, 1175993.431], [2530831.957, 1175983.501], [2530831.247, 1175973.591], [2530830.787, 1175963.621], [2530840.497, 1175963.511], [2530854.194, 1175971.594]]]}, "properties": {"OBJECTID": 52092695, "EGRID": "CH668383451948", "NUMERO": "953", "NO_COM_FED": 5757, "GENRE_TXT": "parcelle priv\u00e9e", "SUPERFICIE_MO": 1042, "SUPERFICIE_RF": 1042}}, {"type": "Feature", "id": 52092901, "geometry": {"type": "Polygon", "coordinates": [[[2530525.403, 1174823.39], [2530534.713, 1174802.179], [2530554.213, 1174812.089], [2530551.503, 1174819.23], [2530549.583, 1174823.86], [2530549.383, 1174823.98], [2530549.103, 1174824.14], [2530545.333, 1174826.35], [2530543.933, 1174827.18], [2530527.093, 1174824.32], [2530525.403, 1174823.39]]]}, "properties": {"OBJECTID": 52092901, "EGRID": "CH638383457145", "NUMERO": "1084", "NO_COM_FED": 5757, "GENRE_TXT": "parcelle priv\u00e9e", "SUPERFICIE_MO": 444, "SUPERFICIE_RF": 444}}, {"type": "Feature", "id": 52093000, "geometry": {"type": "Polygon", "coordinates": [[[2531360.685, 1174598.436], [2531354.855, 1174573.007], [2531344.334, 1174528.018], [2531364.724, 1174523.018], [2531367.334, 1174534.2179999999], [2531386.445, 1174616.386], [2531366.045, 1174621.326], [2531360.685, 1174598.436]]]}, "properties": {"OBJECTID": 52093000, "EGRID": "CH328306834557", "NUMERO": "2623", "NO_COM_FED": 5757, "GENRE_TXT": "parcelle priv\u00e9e", "SUPERFICIE_MO": 2011, "SUPERFICIE_RF": 2012}}, {"type": "Feature", "id": 52093375, "geometry": {"type": "Polygon", "coordinates": [[[2530662.032, 1174351.028], [2530701.994, 1174357.5], [2530700.329, 1174363.362], [2530661.146, 1174356.964], [2530660.159, 1174356.803], [2530662.032, 1174351.028]]]}, "properties": {"OBJECTID": 52093375, "EGRID": "CH409045688340", "NUMERO": "1520", "NO_COM_FED": 5757, "GENRE_TXT": "parcelle priv\u00e9e", "SUPERFICIE_MO": 245, "SUPERFICIE_RF": 245}}, {"type": "Feature", "id": 52093838, "geometry": {"type": "Polygon", "coordinates": [[[2530716.385, 1174941.315], [2530715.265, 1174939.425], [2530711.075, 1174941.835], [2530711.235, 1174942.175], [2530705.785, 1174945.026], [2530703.245, 1174940.336], [2530719.265, 1174931.195], [2530723.175, 1174938.015], [2530716.635, 1174941.745], [2530716.385, 1174941.315]]]}, "properties": {"OBJECTID": 52093838, "EGRID": "CH557383834502", "NUMERO": "525", "NO_COM_FED": 5757, "GENRE_TXT": "parcelle priv\u00e9e", "SUPERFICIE_MO": 118, "SUPERFICIE_RF": 118}}, {"type": "Feature", "id": 52094226, "geometry": {"type": "Polygon", "coordinates": [[[2531002.234, 1175665.385], [2531086.944, 1175628.082], [2531157.644, 1175595.87], [2531169.864, 1175623.13], [2531237.214, 1175592.788], [2531269.524, 1175580.297], [2531282.424, 1175575.106], [2531283.204, 1175583.056], [2531290.425, 1175651.916], [2531292.575, 1175675.556], [2531035.076, 1175789.194], [2531001.394, 1175674.055], [2531002.234, 1175665.385]]]}, "properties": {"OBJECTID": 52094226, "EGRID": "CH252483824572", "NUMERO": "154", "NO_COM_FED": 5757, "GENRE_TXT": "parcelle priv\u00e9e", "SUPERFICIE_MO": 33479, "SUPERFICIE_RF": 33479}}, {"type": "Feature", "id": 52094332, "geometry": {"type": "Polygon", "coordinates": [[[2530514.941, 1174983.086], [2530513.417, 1174986.371], [2530513.388, 1174984.777], [2530512.161, 1174982.311], [2530511.881, 1174982.254], [2530509.324, 1174981.737], [2530501.606, 1174982.598], [2530498.224, 1174981.269], [2530496.522, 1174979.243], [2530493.406, 1174972.598], [2530492, 1174971.105], [2530490.638, 1174971], [2530486.745, 1174971.1030000001], [2530481.148, 1174967.3], [2530476.19, 1174965.916], [2530474.036, 1174962.818], [2530465.664, 1174956.437], [2530463.164, 1174952.081], [2530463.221, 1174950.116], [2530462.008, 1174947.973], [2530457.885, 1174946.069], [2530456.038, 1174941.477], [2530452.672, 1174938.211], [2530451.401, 1174933.449], [2530448.896, 1174933.327], [2530449.106, 1174930.0219999999], [2530449.482, 1174930.023], [2530449.91, 1174930.0320000001], [2530452.535, 1174933.09], [2530454.407, 1174937.72], [2530457.117, 1174941.143], [2530458.339, 1174944.813], [2530462.693, 1174946.812], [2530465.514, 1174950.527], [2530465.056, 1174952.563], [2530466.73, 1174955.638], [2530474.405, 1174962.164], [2530476.972, 1174964.105], [2530482.329, 1174966.111], [2530487.655, 1174969.9070000001], [2530491.097, 1174968.765], [2530492.6859999998, 1174969.627], [2530495.101, 1174971.8429999999], [2530498.012, 1174978.815], [2530499.057, 1174980.349], [2530502.227, 1174981.418], [2530509.373, 1174981.006], [2530512.861, 1174981.035], [2530514.941, 1174983.086]]]}, "properties": {"OBJECTID": 52094332, "EGRID": "CH644583906882", "NUMERO": "DP 175", "NO_COM_FED": 5757, "GENRE_TXT": "DP cantonal", "SUPERFICIE_MO": 131, "SUPERFICIE_RF": null}}, {"type": "Feature", "id": 52094756, "geometry": {"type": "Polygon", "coordinates": [[[2530355.654, 1176258.548], [2530375.591, 1176255.623], [2530373.263, 1176239.814], [2530392.06, 1176237.045], [2530396.319, 1176265.963], [2530391.946, 1176266.607], [2530391.672, 1176264.747], [2530357.264, 1176269.804], [2530355.654, 1176258.548]]]}, "properties": {"OBJECTID": 52094756, "EGRID": "CH714546830826", "NUMERO": "2813", "NO_COM_FED": 5757, "GENRE_TXT": "DDP superficie", "SUPERFICIE_MO": 757, "SUPERFICIE_RF": 757}}, {"type": "Feature", "id": 52094993, "geometry": {"type": "Polygon", "coordinates": [[[2530538.41, 1175450.27], [2530546.21, 1175446.62], [2530578.401, 1175477.539], [2530573.671, 1175478.769], [2530570.841, 1175477.789], [2530550.5810000002, 1175461.13], [2530547.161, 1175458.33], [2530542.98, 1175454.68], [2530538.58, 1175450.46], [2530538.41, 1175450.27]]]}, "properties": {"OBJECTID": 52094993, "EGRID": "CH468383458946", "NUMERO": "642", "NO_COM_FED": 5757, "GENRE_TXT": "parcelle priv\u00e9e", "SUPERFICIE_MO": 303, "SUPERFICIE_RF": 303}}, {"type": "Feature", "id": 52095058, "geometry": {"type": "Polygon", "coordinates": [[[2530839.853, 1175603.24], [2530852.843, 1175599.07], [2530857.513, 1175597.57], [2530863.673, 1175596.05], [2530860.183, 1175581.74], [2530888.273, 1175574.159], [2530921.833, 1175565.098], [2530949.633, 1175557.577], [2530950.643, 1175562.4070000001], [2530963.853, 1175592.746], [2530902.533, 1175608.868], [2530895.243, 1175610.669], [2530880.243, 1175614.289], [2530852.003, 1175622.25], [2530851.523, 1175622.58], [2530847.563, 1175616.24], [2530839.853, 1175603.24]]]}, "properties": {"OBJECTID": 52095058, "EGRID": "CH744583837166", "NUMERO": "773", "NO_COM_FED": 5757, "GENRE_TXT": "parcelle priv\u00e9e", "SUPERFICIE_MO": 4010, "SUPERFICIE_RF": 4010}}, {"type": "Feature", "id": 52095350, "geometry": {"type": "Polygon", "coordinates": [[[2530939.728, 1176098.979], [2530948.489, 1176139.05], [2530943.099, 1176147.08], [2530924.489, 1176150.02], [2530916.258, 1176103.29], [2530939.728, 1176098.979]]]}, "properties": {"OBJECTID": 52095350, "EGRID": "CH444583838359", "NUMERO": "2116", "NO_COM_FED": 5757, "GENRE_TXT": "parcelle priv\u00e9e", "SUPERFICIE_MO": 1162, "SUPERFICIE_RF": 1162}}, {"type": "Feature", "id": 52095378, "geometry": {"type": "Polygon", "coordinates": [[[2530704.75, 1175358.195], [2530704.09, 1175352.795], [2530702.129, 1175337.465], [2530711.859, 1175335.375], [2530720.679, 1175333.335], [2530724.359, 1175332.474], [2530728.89, 1175352.434], [2530721.97, 1175354.425], [2530715.44, 1175355.895], [2530713.63, 1175356.265], [2530704.75, 1175358.195]]]}, "properties": {"OBJECTID": 52095378, "EGRID": "CH238382452443", "NUMERO": "596", "NO_COM_FED": 5757, "GENRE_TXT": "parcelle priv\u00e9e", "SUPERFICIE_MO": 494, "SUPERFICIE_RF": 494}}, {"type": "Feature", "id": 52095443, "geometry": {"type": "Polygon", "coordinates": [[[2530848.073, 1174179.88], [2530845.466, 1174193.749], [2530842.433, 1174193.095], [2530853.417, 1174215.0219999999], [2530893.588, 1174221.797], [2530891.526, 1174251.197], [2530891.643, 1174258.642], [2530859.591, 1174255.193], [2530844.697, 1174253.546], [2530786.002, 1174246.324], [2530786.518, 1174257.125], [2530753.252, 1174252.849], [2530750.326, 1174233.918], [2530742.14, 1174180.44], [2530735.353, 1174133.865], [2530733.252, 1174122.089], [2530858.735, 1174122.864], [2530858.262, 1174129.393], [2530854.521, 1174147.48], [2530848.073, 1174179.88]]]}, "properties": {"OBJECTID": 52095443, "EGRID": "CH398390564576", "NUMERO": "2379", "NO_COM_FED": 5757, "GENRE_TXT": "parcelle priv\u00e9e", "SUPERFICIE_MO": 15570, "SUPERFICIE_RF": 15570}}, {"type": "Feature", "id": 52095611, "geometry": {"type": "Polygon", "coordinates": [[[2530728.139, 1175256.024], [2530728.6890000002, 1175256.254], [2530727.539, 1175258.954], [2530727.209, 1175259.614], [2530724.629, 1175264.515], [2530727.869, 1175265.534], [2530727.6689999998, 1175267.824], [2530726.209, 1175268.235], [2530721.239, 1175268.195], [2530721.219, 1175268.615], [2530717.389, 1175268.345], [2530722.629, 1175259.155], [2530723.969, 1175259.705], [2530724.869, 1175257.725], [2530726.149, 1175254.905], [2530728.139, 1175256.024]]]}, "properties": {"OBJECTID": 52095611, "EGRID": "CH382283458220", "NUMERO": "590", "NO_COM_FED": 5757, "GENRE_TXT": "parcelle priv\u00e9e", "SUPERFICIE_MO": 71, "SUPERFICIE_RF": 71}}, {"type": "Feature", "id": 52095670, "geometry": {"type": "Polygon", "coordinates": [[[2530988.918, 1176032.097], [2530934.908, 1176053.429], [2530926.598, 1176016.039], [2530922.277, 1176004.859], [2530924.607, 1176003.799], [2530930.057, 1176001.299], [2530930.707, 1176000.999], [2530977.067, 1175979.787], [2530985.538, 1176016.217], [2530988.918, 1176032.097]]]}, "properties": {"OBJECTID": 52095670, "EGRID": "CH759583834519", "NUMERO": "957", "NO_COM_FED": 5757, "GENRE_TXT": "parcelle priv\u00e9e", "SUPERFICIE_MO": 2999, "SUPERFICIE_RF": 2999}}, {"type": "Feature", "id": 52095909, "geometry": {"type": "Polygon", "coordinates": [[[2530826.453, 1175645.911], [2530808.183, 1175651.011], [2530808.013, 1175650.611], [2530805.323, 1175644.112], [2530798.403, 1175632.802], [2530790.003, 1175619.572], [2530787.303, 1175615.712], [2530785.703, 1175614.492], [2530783.983, 1175612.0320000001], [2530777.873, 1175596.052], [2530777.253, 1175588.182], [2530775.812, 1175574.863], [2530775.412, 1175571.433], [2530775.352, 1175571.213], [2530788.592, 1175568.462], [2530790.412, 1175568.462], [2530792.252, 1175568.7719999999], [2530800.682, 1175571.912], [2530810.583, 1175577.501], [2530813.793, 1175579.841], [2530818.843, 1175584.561], [2530825.533, 1175591.901], [2530829.203, 1175595.891], [2530832.923, 1175601.231], [2530837.073, 1175607.151], [2530843.473, 1175616.95], [2530847.123, 1175622.78], [2530854.703, 1175636.3], [2530838.523, 1175642.75], [2530835.363, 1175643.421], [2530826.453, 1175645.911]]]}, "properties": {"OBJECTID": 52095909, "EGRID": "CH708345738315", "NUMERO": "765", "NO_COM_FED": 5757, "GENRE_TXT": "parcelle priv\u00e9e", "SUPERFICIE_MO": 3645, "SUPERFICIE_RF": 3645}}, {"type": "Feature", "id": 52096135, "geometry": {"type": "Polygon", "coordinates": [[[2530676.176, 1175087.406], [2530688.946, 1175082.976], [2530689.996, 1175082.606], [2530689.836, 1175082.196], [2530691.516, 1175081.406], [2530694.1859999998, 1175088.346], [2530692.927, 1175088.916], [2530691.547, 1175089.586], [2530678.427, 1175095.126], [2530676.176, 1175087.406]]]}, "properties": {"OBJECTID": 52096135, "EGRID": "CH674582298316", "NUMERO": "479", "NO_COM_FED": 5757, "GENRE_TXT": "parcelle priv\u00e9e", "SUPERFICIE_MO": 126, "SUPERFICIE_RF": 126}}, {"type": "Feature", "id": 52096278, "geometry": {"type": "Polygon", "coordinates": [[[2530632.998, 1175235.998], [2530629.318, 1175236.498], [2530622.608, 1175237.258], [2530620.498, 1175223.7179999999], [2530628.368, 1175222.568], [2530628.478, 1175223.388], [2530632.008, 1175222.808], [2530632.528, 1175222.7179999999], [2530633.868, 1175231.788], [2530632.368, 1175232.008], [2530632.998, 1175235.998]]]}, "properties": {"OBJECTID": 52096278, "EGRID": "CH944583838878", "NUMERO": "394", "NO_COM_FED": 5757, "GENRE_TXT": "parcelle priv\u00e9e", "SUPERFICIE_MO": 157, "SUPERFICIE_RF": 157}}, {"type": "Feature", "id": 52096832, "geometry": {"type": "Polygon", "coordinates": [[[2530888.273, 1175574.159], [2530877.172, 1175529.739], [2530897.442, 1175524.549], [2530910.292, 1175521.178], [2530921.833, 1175565.098], [2530888.273, 1175574.159]]]}, "properties": {"OBJECTID": 52096832, "EGRID": "CH814514838311", "NUMERO": "776", "NO_COM_FED": 5757, "GENRE_TXT": "parcelle priv\u00e9e", "SUPERFICIE_MO": 1572, "SUPERFICIE_RF": 1572}}, {"type": "Feature", "id": 52097057, "geometry": {"type": "Polygon", "coordinates": [[[2530743.975, 1174908.754], [2530747.625, 1174918.184], [2530743.365, 1174920.554], [2530741.395, 1174917.434], [2530738.435, 1174912.235], [2530738.205, 1174911.865], [2530743.975, 1174908.754]]]}, "properties": {"OBJECTID": 52097057, "EGRID": "CH128224834587", "NUMERO": "540", "NO_COM_FED": 5757, "GENRE_TXT": "parcelle priv\u00e9e", "SUPERFICIE_MO": 58, "SUPERFICIE_RF": 58}}, {"type": "Feature", "id": 52097230, "geometry": {"type": "Polygon", "coordinates": [[[2531045.125, 1174854.545], [2531036.095, 1174869.335], [2531025.165, 1174864.525], [2531021.975, 1174862.755], [2531022.815, 1174861.325], [2531022.425, 1174861.095], [2531026.345, 1174853.205], [2531028.074, 1174849.735], [2531045.125, 1174854.545]]]}, "properties": {"OBJECTID": 52097230, "EGRID": "CH974583728367", "NUMERO": "1013", "NO_COM_FED": 5757, "GENRE_TXT": "parcelle priv\u00e9e", "SUPERFICIE_MO": 264, "SUPERFICIE_RF": 264}}, {"type": "Feature", "id": 52097272, "geometry": {"type": "Polygon", "coordinates": [[[2530369.494, 1175804.755], [2530369.214, 1175796.045], [2530370.451, 1175789.144], [2530370.856, 1175786.886], [2530372.798, 1175776.05], [2530374.134, 1175768.595], [2530393.555, 1175729.973], [2530402.478, 1175734.254], [2530420.522, 1175754.063], [2530417.034, 1175764.904], [2530408.664, 1175790.654], [2530406.654, 1175790.574], [2530394.504, 1175793.685], [2530369.494, 1175804.755]]]}, "properties": {"OBJECTID": 52097272, "EGRID": "CH309945298345", "NUMERO": "2670", "NO_COM_FED": 5757, "GENRE_TXT": "parcelle priv\u00e9e", "SUPERFICIE_MO": 2224, "SUPERFICIE_RF": 2224}}, {"type": "Feature", "id": 52097453, "geometry": {"type": "Polygon", "coordinates": [[[2531115.316, 1174925.733], [2531135.646, 1174897.873], [2531145.316, 1174882.173], [2531167.146, 1174888.203], [2531174.586, 1174890.523], [2531177.852, 1174891.399], [2531199.937, 1174899.21], [2531203.702, 1174901.365], [2531207.657, 1174902.926], [2531211.739, 1174904.089], [2531211.971, 1174904.285], [2531189.746, 1174926.362], [2531184.296, 1174933.762], [2531156.976, 1174914.793], [2531153.496, 1174919.832], [2531150.526, 1174917.733], [2531143.156, 1174928.892], [2531135.336, 1174940.892], [2531115.316, 1174925.733]]]}, "properties": {"OBJECTID": 52097453, "EGRID": "CH238382454621", "NUMERO": "1007", "NO_COM_FED": 5757, "GENRE_TXT": "parcelle priv\u00e9e", "SUPERFICIE_MO": 2763, "SUPERFICIE_RF": 2763}}, {"type": "Feature", "id": 52097986, "geometry": {"type": "Polygon", "coordinates": [[[2530900.007, 1175976.669], [2530876.867, 1175971.67], [2530869.707, 1175969.83], [2530865.957, 1175969.16], [2530862.287, 1175967.81], [2530858.897, 1175965.81], [2530882.227, 1175958.92], [2530880.237, 1175953.82], [2530919.027, 1175939.509], [2530923.867, 1175937.758], [2530953.467, 1175921.547], [2530957.487, 1175933.527], [2530960.187, 1175940.967], [2530900.007, 1175976.669]]]}, "properties": {"OBJECTID": 52097986, "EGRID": "CH828268834535", "NUMERO": "959", "NO_COM_FED": 5757, "GENRE_TXT": "parcelle priv\u00e9e", "SUPERFICIE_MO": 2072, "SUPERFICIE_RF": 2072}}, {"type": "Feature", "id": 52098132, "geometry": {"type": "Polygon", "coordinates": [[[2530667.037, 1175138.097], [2530680.347, 1175136.036], [2530680.567, 1175136.036], [2530681.407, 1175140.906], [2530667.647, 1175142.847], [2530666.037, 1175143.067], [2530665.287, 1175138.337], [2530667.037, 1175138.097]]]}, "properties": {"OBJECTID": 52098132, "EGRID": "CH114521838290", "NUMERO": "442", "NO_COM_FED": 5757, "GENRE_TXT": "parcelle priv\u00e9e", "SUPERFICIE_MO": 75, "SUPERFICIE_RF": 75}}, {"type": "Feature", "id": 52098375, "geometry": {"type": "Polygon", "coordinates": [[[2530792.869, 1176202.644], [2530785.499, 1176185.825], [2530791.499, 1176186.024], [2530791.079, 1176170.534], [2530790.599, 1176153.144], [2530788.079, 1176153.574], [2530783.489, 1176139.204], [2530778.853, 1176124.694], [2530798.683, 1176118.36], [2530804.559, 1176137.824], [2530802.079, 1176138.544], [2530804.379, 1176151.234], [2530796.239, 1176152.894], [2530797.209, 1176159.774], [2530799.819, 1176178.434], [2530802.769, 1176199.434], [2530792.869, 1176202.644]]]}, "properties": {"OBJECTID": 52098375, "EGRID": "CH914574839111", "NUMERO": "2749", "NO_COM_FED": 5757, "GENRE_TXT": "parcelle priv\u00e9e", "SUPERFICIE_MO": 1063, "SUPERFICIE_RF": 1063}}, {"type": "Feature", "id": 52098435, "geometry": {"type": "Polygon", "coordinates": [[[2530606.6859999998, 1175059.799], [2530604.946, 1175069.019], [2530603.926, 1175076.339], [2530603.116, 1175083.629], [2530597.726, 1175084.909], [2530597.096, 1175082.319], [2530596.694035648, 1175081.090090056], [2530596.146, 1175079.919], [2530595.3615841963, 1175078.6891752062], [2530594.41560052, 1175077.5788184796], [2530593.326, 1175076.609], [2530587.546, 1175071.299], [2530586.0341228144, 1175069.575156232], [2530584.716, 1175067.699], [2530583.6302684853, 1175065.740550689], [2530582.756, 1175063.679], [2530582.4679325423, 1175062.5456642054], [2530582.296, 1175061.389], [2530582.247988144, 1175059.8403329113], [2530582.406, 1175058.299], [2530584.156, 1175051.979], [2530596.726, 1175056.439], [2530605.396, 1175059.359], [2530606.6859999998, 1175059.799]]]}, "properties": {"OBJECTID": 52098435, "EGRID": "CH457283834563", "NUMERO": "661", "NO_COM_FED": 5757, "GENRE_TXT": "parcelle priv\u00e9e", "SUPERFICIE_MO": 474, "SUPERFICIE_RF": 474}}, {"type": "Feature", "id": 52098560, "geometry": {"type": "Polygon", "coordinates": [[[2530674.089, 1176202.878], [2530671.399, 1176231.448], [2530635.529, 1176218.299], [2530644.099, 1176195.679], [2530674.089, 1176202.878]]]}, "properties": {"OBJECTID": 52098560, "EGRID": "CH938382456753", "NUMERO": "917", "NO_COM_FED": 5757, "GENRE_TXT": "parcelle priv\u00e9e", "SUPERFICIE_MO": 900, "SUPERFICIE_RF": 900}}, {"type": "Feature", "id": 52098619, "geometry": {"type": "Polygon", "coordinates": [[[2530813.845, 1174935.192], [2530823.095, 1174937.242], [2530830.955, 1174941.972], [2530838.075, 1174951.321], [2530799.115, 1174974.883], [2530800.195, 1174976.742], [2530798.825, 1174977.573], [2530798.395, 1174976.973], [2530794.975, 1174979.043], [2530790.345, 1174981.983], [2530782.505, 1174968.213], [2530784.715, 1174966.953], [2530781.725, 1174961.633], [2530779.622, 1174957.711], [2530786.884, 1174953.166], [2530792.751, 1174949.41], [2530794.526, 1174952.165], [2530799.099, 1174948.833], [2530808.285, 1174941.94], [2530810.898, 1174939.8969999999], [2530814.798, 1174936.22], [2530813.845, 1174935.192]]]}, "properties": {"OBJECTID": 52098619, "EGRID": "CH682483458258", "NUMERO": "1462", "NO_COM_FED": 5757, "GENRE_TXT": "parcelle priv\u00e9e", "SUPERFICIE_MO": 1271, "SUPERFICIE_RF": 1271}}, {"type": "Feature", "id": 52098638, "geometry": {"type": "Polygon", "coordinates": [[[2531227.196, 1174825.944], [2531228.756, 1174841.563], [2531232.216, 1174873.903], [2531233.736, 1174886.61], [2531226.09, 1174885.1], [2531218.849, 1174888.597], [2531212.017, 1174888.535], [2531196.557, 1174884.506], [2531192.376, 1174847.263], [2531190.195, 1174821.574], [2531188.751, 1174805.688], [2531187.195, 1174788.575], [2531186.995, 1174786.855], [2531219.835, 1174781.124], [2531222.895, 1174780.614], [2531223.885, 1174790.504], [2531227.196, 1174825.944]]]}, "properties": {"OBJECTID": 52098638, "EGRID": "CH498394724555", "NUMERO": "2765", "NO_COM_FED": 5757, "GENRE_TXT": "parcelle priv\u00e9e", "SUPERFICIE_MO": 3788, "SUPERFICIE_RF": 3778}}, {"type": "Feature", "id": 52099698, "geometry": {"type": "Polygon", "coordinates": [[[2530079.458, 1176165.952], [2529991.364, 1175805.749], [2530042.244, 1175819.069], [2530054.534, 1175829.739], [2530101.216, 1176010.551], [2530138.278, 1176153.172], [2530130.898, 1176163.622], [2530079.458, 1176165.952]]]}, "properties": {"OBJECTID": 52099698, "EGRID": "CH584383458264", "NUMERO": "1631", "NO_COM_FED": 5757, "GENRE_TXT": "parcelle priv\u00e9e", "SUPERFICIE_MO": 20796, "SUPERFICIE_RF": 20796}}, {"type": "Feature", "id": 52099777, "geometry": {"type": "Polygon", "coordinates": [[[2530613.337, 1175128.2179999999], [2530639.507, 1175127.1469999999], [2530639.507, 1175127.367], [2530639.807, 1175127.337], [2530639.827, 1175127.567], [2530642.327, 1175152.837], [2530614.367, 1175155.608], [2530613.687, 1175148.518], [2530613.337, 1175128.488], [2530613.337, 1175128.2179999999]]]}, "properties": {"OBJECTID": 52099777, "EGRID": "CH338383459823", "NUMERO": "403", "NO_COM_FED": 5757, "GENRE_TXT": "parcelle priv\u00e9e", "SUPERFICIE_MO": 731, "SUPERFICIE_RF": 731}}, {"type": "Feature", "id": 52099833, "geometry": {"type": "Polygon", "coordinates": [[[2531190.381, 1175336.05], [2531170, 1175309.71], [2531158.17, 1175294.181], [2531165.52, 1175287.62], [2531183.51, 1175311.54], [2531218.207, 1175356.665], [2531228.851, 1175370.508], [2531245.5810000002, 1175392.268], [2531247.591, 1175395.198], [2531248.571, 1175396.628], [2531257.872, 1175414.167], [2531266.362, 1175431.377], [2531273.482, 1175445.087], [2531273.812908658, 1175445.5368893638], [2531274.192, 1175445.947], [2531274.599088074, 1175446.300068389], [2531275.042, 1175446.607], [2531275.852, 1175449.6469999999], [2531277.882, 1175457.317], [2531285.523, 1175486.276], [2531285.943, 1175507.486], [2531285.983, 1175517.726], [2531287.193, 1175526.446], [2531277.873, 1175528.846], [2531275.293, 1175513.137], [2531275.463, 1175502.617], [2531275.423, 1175494.307], [2531263.232, 1175455.967], [2531261.832, 1175451.557], [2531260.742, 1175448.127], [2531264.612, 1175446.097], [2531252.312, 1175422.137], [2531241.632, 1175404.688], [2531238.481, 1175400.198], [2531232.051, 1175391.038], [2531224.821, 1175381.408], [2531214.471, 1175367.319], [2531190.381, 1175336.05]]]}, "properties": {"OBJECTID": 52099833, "EGRID": "CH328370834563", "NUMERO": "DP 152", "NO_COM_FED": 5757, "GENRE_TXT": "DP communal", "SUPERFICIE_MO": 2766, "SUPERFICIE_RF": null}}, {"type": "Feature", "id": 52101266, "geometry": {"type": "Polygon", "coordinates": [[[2530620.658, 1174564.441], [2530635.9189999998, 1174553.095], [2530656.036, 1174541.297], [2530661.086, 1174539.515], [2530670.855, 1174546.292], [2530670.095, 1174561.567], [2530656.994, 1174589.011], [2530648.976, 1174583.5320000001], [2530620.658, 1174564.441]]]}, "properties": {"OBJECTID": 52101266, "EGRID": "CH886883459055", "NUMERO": "1049", "NO_COM_FED": 5757, "GENRE_TXT": "parcelle priv\u00e9e", "SUPERFICIE_MO": 1345, "SUPERFICIE_RF": 1345}}, {"type": "Feature", "id": 52101570, "geometry": {"type": "Polygon", "coordinates": [[[2530949.089, 1176156.94], [2530952.999, 1176159.57], [2530961.729, 1176200.2], [2530969.29, 1176220.6], [2530982.12, 1176238.26], [2530959.78, 1176248.57], [2530902.62, 1176274.802], [2530894.29, 1176258.972], [2530883.48, 1176226.952], [2530876.249, 1176198.322], [2530871.319, 1176178.932], [2530870.079, 1176174.392], [2530875.269, 1176166.332], [2530936.459, 1176155.39], [2530936.839, 1176161.87], [2530942.779, 1176161.59], [2530949.239, 1176161.28], [2530949.089, 1176156.94]]]}, "properties": {"OBJECTID": 52101570, "EGRID": "CH408245248397", "NUMERO": "134", "NO_COM_FED": 5757, "GENRE_TXT": "parcelle priv\u00e9e", "SUPERFICIE_MO": 8441, "SUPERFICIE_RF": 8441}}, {"type": "Feature", "id": 52101780, "geometry": {"type": "Polygon", "coordinates": [[[2530642.484, 1174856.578], [2530636.224, 1174851.9780000001], [2530634.424, 1174850.658], [2530641.983, 1174837.368], [2530646.603, 1174828.908], [2530646.573, 1174824.258], [2530648.753, 1174822.198], [2530650.893, 1174816.837], [2530657.413, 1174810.027], [2530658.063, 1174810.227], [2530666.573, 1174810.167], [2530668.493, 1174812.227], [2530664.643, 1174818.637], [2530655.123, 1174834.517], [2530651.293, 1174841.1469999999], [2530646.904, 1174847.868], [2530642.484, 1174856.578]]]}, "properties": {"OBJECTID": 52101780, "EGRID": "CH298383804504", "NUMERO": "553", "NO_COM_FED": 5757, "GENRE_TXT": "parcelle priv\u00e9e", "SUPERFICIE_MO": 536, "SUPERFICIE_RF": 536}}, {"type": "Feature", "id": 52101786, "geometry": {"type": "Polygon", "coordinates": [[[2530823.003, 1175582.561], [2530801.302, 1175565.662], [2530799.582, 1175559.042], [2530808.652, 1175558.151], [2530815.002, 1175556.491], [2530820.302, 1175553.951], [2530836.442, 1175545.651], [2530838.672, 1175551.971], [2530841.812, 1175560.57], [2530843.902, 1175567.78], [2530845.243, 1175571.48], [2530846.323, 1175575.23], [2530837.823, 1175578.011], [2530823.003, 1175582.561]]]}, "properties": {"OBJECTID": 52101786, "EGRID": "CH938383457239", "NUMERO": "774", "NO_COM_FED": 5757, "GENRE_TXT": "parcelle priv\u00e9e", "SUPERFICIE_MO": 972, "SUPERFICIE_RF": 972}}, {"type": "Feature", "id": 52101864, "geometry": {"type": "Polygon", "coordinates": [[[2530690.758, 1175193.396], [2530690.918, 1175199.866], [2530678.778, 1175200.936], [2530671.288, 1175201.606], [2530658.908, 1175202.697], [2530658.568, 1175202.727], [2530656.828, 1175203.027], [2530655.338, 1175203.127], [2530655.338, 1175201.597], [2530656.698, 1175201.477], [2530655.978, 1175192.757], [2530685.618, 1175190.316], [2530685.618, 1175190.016], [2530687.618, 1175189.766], [2530688.068, 1175193.736], [2530690.758, 1175193.396]]]}, "properties": {"OBJECTID": 52101864, "EGRID": "CH828397834538", "NUMERO": "433", "NO_COM_FED": 5757, "GENRE_TXT": "parcelle priv\u00e9e", "SUPERFICIE_MO": 340, "SUPERFICIE_RF": 340}}, {"type": "Feature", "id": 52101926, "geometry": {"type": "Polygon", "coordinates": [[[2530199.1689999998, 1174444.75], [2530228.116, 1174436.128], [2530228.91, 1174438.792], [2530233.145, 1174437.528], [2530233.837, 1174439.847], [2530263.578, 1174430.974], [2530276.598, 1174474.802], [2530275.407, 1174479.389], [2530267.38, 1174477.303], [2530256.992, 1174474.604], [2530243.827, 1174497.671], [2530239.82, 1174496.251], [2530227.565, 1174485.56], [2530206.807, 1174460.323], [2530197.722, 1174445.2], [2530199.1689999998, 1174444.75]]]}, "properties": {"OBJECTID": 52101926, "EGRID": "CH985683459054", "NUMERO": "2342", "NO_COM_FED": 5757, "GENRE_TXT": "parcelle priv\u00e9e", "SUPERFICIE_MO": 2944, "SUPERFICIE_RF": 2944}}, {"type": "Feature", "id": 52102194, "geometry": {"type": "Polygon", "coordinates": [[[2530670.097, 1175093.817], [2530674.907, 1175109.546], [2530659.677, 1175112.627], [2530654.167, 1175113.787], [2530648.117, 1175114.797], [2530648.117, 1175114.6570000001], [2530648.537, 1175097.967], [2530670.097, 1175093.817]]]}, "properties": {"OBJECTID": 52102194, "EGRID": "CH808345978306", "NUMERO": "451", "NO_COM_FED": 5757, "GENRE_TXT": "parcelle priv\u00e9e", "SUPERFICIE_MO": 406, "SUPERFICIE_RF": 406}}, {"type": "Feature", "id": 52102268, "geometry": {"type": "Polygon", "coordinates": [[[2530579.649, 1174447.124], [2530608.378, 1174450.651], [2530623.376, 1174469.002], [2530615.483, 1174475.741], [2530605.191, 1174470.933], [2530604.016, 1174478.097], [2530565.418, 1174468.96], [2530568.073, 1174445.703], [2530579.649, 1174447.124]]]}, "properties": {"OBJECTID": 52102268, "EGRID": "CH109245488351", "NUMERO": "1455", "NO_COM_FED": 5757, "GENRE_TXT": "parcelle priv\u00e9e", "SUPERFICIE_MO": 1260, "SUPERFICIE_RF": 1260}}, {"type": "Feature", "id": 52102814, "geometry": {"type": "Polygon", "coordinates": [[[2530536.688, 1175250.931], [2530548.698, 1175250.74], [2530548.938, 1175263.29], [2530536.908, 1175263.511], [2530536.688, 1175250.931]]]}, "properties": {"OBJECTID": 52102814, "EGRID": "CH128315834544", "NUMERO": "2619", "NO_COM_FED": 5757, "GENRE_TXT": "DDP superficie", "SUPERFICIE_MO": 151, "SUPERFICIE_RF": 151}}, {"type": "Feature", "id": 52103026, "geometry": {"type": "Polygon", "coordinates": [[[2530864.986, 1175835.469], [2530913.566, 1175837.168], [2530917.826, 1175837.138], [2530920.106, 1175837.788], [2530936.026, 1175860.767], [2530933.1859999998, 1175862.037], [2530904.606, 1175875.198], [2530911.867, 1175906.398], [2530834.197, 1175927.921], [2530830.757, 1175920.721], [2530825.596, 1175897.681], [2530824.226, 1175863.401], [2530825.156, 1175840.031], [2530824.856, 1175834.861], [2530838.256, 1175834.58], [2530856.556, 1175835.18], [2530864.986, 1175835.469]]]}, "properties": {"OBJECTID": 52103026, "EGRID": "CH187683458384", "NUMERO": "745", "NO_COM_FED": 5757, "GENRE_TXT": "parcelle priv\u00e9e", "SUPERFICIE_MO": 7447, "SUPERFICIE_RF": 7447}}, {"type": "Feature", "id": 52103096, "geometry": {"type": "Polygon", "coordinates": [[[2530469.076, 1175898.652], [2530470.465, 1175863.982], [2530507.355, 1175865.711], [2530511.466, 1175895.781], [2530473.266, 1175898.422], [2530469.076, 1175898.652]]]}, "properties": {"OBJECTID": 52103096, "EGRID": "CH938383459417", "NUMERO": "880", "NO_COM_FED": 5757, "GENRE_TXT": "parcelle priv\u00e9e", "SUPERFICIE_MO": 1285, "SUPERFICIE_RF": 1285}}, {"type": "Feature", "id": 52103164, "geometry": {"type": "Polygon", "coordinates": [[[2530453.485, 1174576.606], [2530487.768, 1174615.867], [2530472.958, 1174627.364], [2530460.008, 1174631.064], [2530453.485, 1174576.606]]]}, "properties": {"OBJECTID": 52103164, "EGRID": "CH538390455532", "NUMERO": "1467", "NO_COM_FED": 5757, "GENRE_TXT": "parcelle priv\u00e9e", "SUPERFICIE_MO": 852, "SUPERFICIE_RF": 852}}, {"type": "Feature", "id": 52103218, "geometry": {"type": "Polygon", "coordinates": [[[2530761.755, 1174983.044], [2530758.145, 1174976.624], [2530771.185, 1174968.653], [2530774.855, 1174975.023], [2530761.755, 1174983.044]]]}, "properties": {"OBJECTID": 52103218, "EGRID": "CH574582218374", "NUMERO": "380", "NO_COM_FED": 5757, "GENRE_TXT": "parcelle priv\u00e9e", "SUPERFICIE_MO": 113, "SUPERFICIE_RF": 113}}, {"type": "Feature", "id": 52103398, "geometry": {"type": "Polygon", "coordinates": [[[2530740.449, 1175249.924], [2530741.859, 1175257.764], [2530742.099, 1175264.114], [2530743.019, 1175264.054], [2530742.6689999998, 1175271.184], [2530741.569, 1175278.714], [2530737.839, 1175278.364], [2530736.649, 1175287.884], [2530731.559, 1175288.044], [2530730.989, 1175288.064], [2530731.529, 1175281.174], [2530731.6890000002, 1175278.374], [2530733.299, 1175278.694], [2530735.089, 1175268.454], [2530736.489, 1175262.284], [2530736.449, 1175259.464], [2530736.338, 1175248.974], [2530730.038, 1175248.914], [2530726.508, 1175247.405], [2530729.488, 1175240.544], [2530731.518, 1175231.994], [2530727.238, 1175231.615], [2530724.478, 1175231.475], [2530724.118, 1175231.475], [2530724.708, 1175227.805], [2530723.238, 1175227.595], [2530724.158, 1175220.975], [2530731.498, 1175221.744], [2530731.038, 1175214.504], [2530729.708, 1175205.464], [2530726.268, 1175202.825], [2530725.498, 1175202.235], [2530722.398, 1175202.095], [2530722.578, 1175198.225], [2530721.898, 1175198.185], [2530721.878, 1175198.395], [2530718.638, 1175198.245], [2530718.638, 1175198.025], [2530718.048, 1175198.005], [2530718.028, 1175198.225], [2530714.858, 1175198.075], [2530714.948, 1175195.875], [2530716.598, 1175189.365], [2530717.618, 1175188.905], [2530717.528, 1175188.685], [2530721.898, 1175186.155], [2530723.848, 1175189.585], [2530726.888, 1175194.845], [2530730.458, 1175200.364], [2530733.838, 1175204.314], [2530735.638, 1175207.804], [2530736.558, 1175212.994], [2530736.028, 1175213.094], [2530736.108, 1175213.834], [2530736.178, 1175214.844], [2530736.608, 1175221.614], [2530736.698, 1175223.344], [2530737.728, 1175236.824], [2530744.658, 1175235.054], [2530745.208, 1175237.714], [2530750.608, 1175236.344], [2530751.648, 1175235.804], [2530752.528, 1175235.614], [2530753.248, 1175235.334], [2530760.868, 1175234.253], [2530761.338, 1175235.313], [2530760.218, 1175235.5929999999], [2530759.718, 1175236.533], [2530753.408, 1175237.704], [2530745.708, 1175238.834], [2530738.568, 1175239.854], [2530740.449, 1175249.924]]]}, "properties": {"OBJECTID": 52103398, "EGRID": "CH214522838247", "NUMERO": "DP 117", "NO_COM_FED": 5757, "GENRE_TXT": "DP communal", "SUPERFICIE_MO": 837, "SUPERFICIE_RF": null}}, {"type": "Feature", "id": 52103917, "geometry": {"type": "Polygon", "coordinates": [[[2530610.097, 1175981.967], [2530574.847, 1175963.099], [2530597.506, 1175920.7280000001], [2530603.336, 1175909.808], [2530604.366, 1175907.928], [2530608.696, 1175899.828], [2530643.886, 1175918.676], [2530656.156, 1175925.306], [2530660.526, 1175927.726], [2530646.697, 1175953.356], [2530645.987, 1175952.886], [2530645.807, 1175953.226], [2530638.907, 1175949.466], [2530637.947, 1175951.227], [2530636.307, 1175954.247], [2530632.407, 1175961.487], [2530626.607, 1175972.4070000001], [2530624.267, 1175976.767], [2530618.947, 1175986.707], [2530610.097, 1175981.967]]]}, "properties": {"OBJECTID": 52103917, "EGRID": "CH328379834579", "NUMERO": "1258", "NO_COM_FED": 5757, "GENRE_TXT": "parcelle priv\u00e9e", "SUPERFICIE_MO": 3848, "SUPERFICIE_RF": 3848}}, {"type": "Feature", "id": 52103950, "geometry": {"type": "Polygon", "coordinates": [[[2530566.211, 1174648.528], [2530572.566, 1174642.716], [2530573.249, 1174641.702], [2530577.871, 1174633.753], [2530587.502, 1174610.965], [2530621.534, 1174626.725], [2530612.284, 1174644.613], [2530602.751, 1174663.048], [2530566.211, 1174648.528]], [[2530605.255, 1174637.259], [2530609.855, 1174628.376], [2530603.911, 1174625.296], [2530601.074, 1174630.783], [2530599.771, 1174630.109], [2530596.685, 1174636.076], [2530597.971, 1174636.747], [2530601.856, 1174638.781], [2530603.198, 1174636.192], [2530605.255, 1174637.259]], [[2530584.643, 1174652.596], [2530591.166, 1174639.999], [2530584.875, 1174636.788], [2530580.542, 1174645.276], [2530578.469, 1174644.2179999999], [2530574.89, 1174651.207], [2530580.127, 1174653.866], [2530581.5609999998, 1174651.035], [2530584.643, 1174652.596]]]}, "properties": {"OBJECTID": 52103950, "EGRID": "CH514568839008", "NUMERO": "2621", "NO_COM_FED": 5757, "GENRE_TXT": "parcelle priv\u00e9e", "SUPERFICIE_MO": 1313, "SUPERFICIE_RF": 1313}}, {"type": "Feature", "id": 52104173, "geometry": {"type": "Polygon", "coordinates": [[[2530477.772, 1174691.729], [2530477.322, 1174691.989], [2530470.732, 1174695.809], [2530469.112, 1174696.749], [2530460.299, 1174678.484], [2530457.704, 1174670.904], [2530455.328, 1174663.963], [2530449.221, 1174638.202], [2530460.008, 1174631.064], [2530461.153, 1174640.7820000001], [2530465.441, 1174656.298], [2530464.791, 1174660.618], [2530469.481, 1174674.598], [2530477.772, 1174691.729]]]}, "properties": {"OBJECTID": 52104173, "EGRID": "CH238390455537", "NUMERO": "DP 183", "NO_COM_FED": 5757, "GENRE_TXT": "DP communal", "SUPERFICIE_MO": 663, "SUPERFICIE_RF": null}}, {"type": "Feature", "id": 52104175, "geometry": {"type": "Polygon", "coordinates": [[[2530630.557, 1175105.868], [2530633.417, 1175105.758], [2530633.427, 1175106.058], [2530640.977, 1175105.757], [2530641.457, 1175113.297], [2530639.327, 1175113.317], [2530639.317, 1175112.977], [2530630.847, 1175113.4780000001], [2530630.837, 1175113.158], [2530630.557, 1175105.868]]]}, "properties": {"OBJECTID": 52104175, "EGRID": "CH968383457386", "NUMERO": "578", "NO_COM_FED": 5757, "GENRE_TXT": "parcelle priv\u00e9e", "SUPERFICIE_MO": 77, "SUPERFICIE_RF": 77}}, {"type": "Feature", "id": 52104510, "geometry": {"type": "Polygon", "coordinates": [[[2530589.056, 1174397.909], [2530610.644, 1174364.016], [2530650.57, 1174371.77], [2530642.076, 1174385.1], [2530620.849, 1174418.351], [2530589.056, 1174397.909]]]}, "properties": {"OBJECTID": 52104510, "EGRID": "CH469083456872", "NUMERO": "1512", "NO_COM_FED": 5757, "GENRE_TXT": "parcelle priv\u00e9e", "SUPERFICIE_MO": 1805, "SUPERFICIE_RF": 1805}}, {"type": "Feature", "id": 52104984, "geometry": {"type": "Polygon", "coordinates": [[[2530649.054, 1174860.1469999999], [2530649.884, 1174857.717], [2530655.144, 1174847.1570000001], [2530669.613, 1174822.047], [2530670.7294516903, 1174822.6706259258], [2530671.749276016, 1174823.4422035408], [2530672.653, 1174824.347], [2530673.412840468, 1174825.3501350798], [2530674.0299574854, 1174826.4468593441], [2530674.493, 1174827.617], [2530681.003, 1174830.566], [2530687.673, 1174831.576], [2530689.703, 1174830.626], [2530693.513, 1174828.836], [2530700.093, 1174828.066], [2530704.173, 1174829.566], [2530700.523, 1174832.046], [2530692.514, 1174837.496], [2530698.584, 1174843.306], [2530699.894, 1174858.116], [2530699.994, 1174858.106], [2530700.274, 1174861.196], [2530697.514, 1174861.476], [2530693.8140000002, 1174861.916], [2530694.464, 1174865.426], [2530693.894, 1174865.546], [2530678.884, 1174867.8969999999], [2530677.724, 1174868.087], [2530677.5439999998, 1174866.017], [2530677.144, 1174859.467], [2530673.154, 1174859.767], [2530659.354, 1174860.817], [2530650.144, 1174861.627], [2530649.264, 1174860.697], [2530649.186060535, 1174860.5661167596], [2530649.124, 1174860.427], [2530649.081, 1174860.2889999999], [2530649.054, 1174860.1469999999]]]}, "properties": {"OBJECTID": 52104984, "EGRID": "CH288083458339", "NUMERO": "550", "NO_COM_FED": 5757, "GENRE_TXT": "parcelle priv\u00e9e", "SUPERFICIE_MO": 1448, "SUPERFICIE_RF": 1448}}, {"type": "Feature", "id": 52105672, "geometry": {"type": "Polygon", "coordinates": [[[2530729.447, 1175144.315], [2530729.237, 1175143.615], [2530734.567, 1175142.584], [2530734.657, 1175143.304], [2530729.447, 1175144.315]]]}, "properties": {"OBJECTID": 52105672, "EGRID": "CH914515838365", "NUMERO": "398", "NO_COM_FED": 5757, "GENRE_TXT": "DDP superficie", "SUPERFICIE_MO": 4, "SUPERFICIE_RF": 4}}, {"type": "Feature", "id": 52105773, "geometry": {"type": "Polygon", "coordinates": [[[2530533.224, 1174892.97], [2530535.054, 1174895.67], [2530545.374, 1174896.21], [2530543.704, 1174901.44], [2530548.784, 1174903.06], [2530562.0439999998, 1174908.69], [2530560.954, 1174914.72], [2530558.024, 1174922.25], [2530554.604, 1174927.83], [2530549.774, 1174932.58], [2530538.684, 1174937.391], [2530542.844, 1174941.991], [2530552.015, 1174952.13], [2530537.655, 1174962.371], [2530528.625, 1174955.471], [2530508.644, 1174940.201], [2530476.574, 1174915.7], [2530450.5439999998, 1174901.269], [2530451.469, 1174899.335], [2530471.434, 1174910.47], [2530498.594, 1174920.86], [2530514.374, 1174908.25], [2530525.524, 1174899.21], [2530528.524, 1174896.78], [2530533.224, 1174892.97]]]}, "properties": {"OBJECTID": 52105773, "EGRID": "CH128372834516", "NUMERO": "497", "NO_COM_FED": 5757, "GENRE_TXT": "parcelle priv\u00e9e", "SUPERFICIE_MO": 2713, "SUPERFICIE_RF": 2713}}, {"type": "Feature", "id": 52105825, "geometry": {"type": "Polygon", "coordinates": [[[2530437.4359999998, 1174431.155], [2530431.884, 1174405.42], [2530432.385, 1174390.678], [2530437.476, 1174382.195], [2530439.156, 1174376.703], [2530438.264, 1174370.842], [2530435.438, 1174365.686], [2530427.769, 1174359.802], [2530423.807, 1174353.128], [2530417.735, 1174339.823], [2530414.537, 1174310.886], [2530553.975, 1174271.077], [2530560.983, 1174299.571], [2530565.323, 1174328.336], [2530563.45, 1174349.633], [2530559.361, 1174363.822], [2530546.181, 1174385.476], [2530506.61, 1174391.232], [2530505.006, 1174414.726], [2530503.879, 1174431.211], [2530499.647, 1174431.248], [2530495.166, 1174431.205], [2530477.556, 1174431.207], [2530449.931, 1174431.113], [2530437.4359999998, 1174431.155]]]}, "properties": {"OBJECTID": 52105825, "EGRID": "CH714556839048", "NUMERO": "2350", "NO_COM_FED": 5757, "GENRE_TXT": "parcelle priv\u00e9e", "SUPERFICIE_MO": 16465, "SUPERFICIE_RF": 16465}}, {"type": "Feature", "id": 52105870, "geometry": {"type": "Polygon", "coordinates": [[[2530977.609, 1176181.639], [2530978.219, 1176184.459], [2530972.429, 1176185.719], [2530971.819, 1176182.899], [2530977.609, 1176181.639]]]}, "properties": {"OBJECTID": 52105870, "EGRID": "CH368283454455", "NUMERO": "66", "NO_COM_FED": 5757, "GENRE_TXT": "parcelle priv\u00e9e", "SUPERFICIE_MO": 17, "SUPERFICIE_RF": 17}}, {"type": "Feature", "id": 52106191, "geometry": {"type": "Polygon", "coordinates": [[[2530507.223, 1174812.89], [2530513.933, 1174804.009], [2530518.123, 1174798.499], [2530521.173, 1174794.419], [2530523.123, 1174796.469], [2530531.033, 1174800.369], [2530534.713, 1174802.179], [2530525.403, 1174823.39], [2530518.753, 1174819.64], [2530507.223, 1174812.89]]]}, "properties": {"OBJECTID": 52106191, "EGRID": "CH574583888358", "NUMERO": "1085", "NO_COM_FED": 5757, "GENRE_TXT": "parcelle priv\u00e9e", "SUPERFICIE_MO": 415, "SUPERFICIE_RF": 415}}, {"type": "Feature", "id": 52106826, "geometry": {"type": "Polygon", "coordinates": [[[2530604.888, 1174568.303], [2530606.895, 1174561.187], [2530607.759, 1174560.28], [2530598.358, 1174551.575], [2530586.208, 1174540.164], [2530591.998, 1174518.03], [2530606.246, 1174531.327], [2530627.961, 1174551.689], [2530610.801, 1174563.155], [2530606.066, 1174567.145], [2530604.888, 1174568.303]]]}, "properties": {"OBJECTID": 52106826, "EGRID": "CH509045688306", "NUMERO": "1030", "NO_COM_FED": 5757, "GENRE_TXT": "parcelle priv\u00e9e", "SUPERFICIE_MO": 853, "SUPERFICIE_RF": 853}}, {"type": "Feature", "id": 52106995, "geometry": {"type": "Polygon", "coordinates": [[[2530631.025, 1175805.137], [2530628.535, 1175804.947], [2530614.695, 1175803.8969999999], [2530596.535, 1175802.528], [2530590.645, 1175803.688], [2530586.5640000002, 1175783.158], [2530607.964, 1175780.308], [2530629.334, 1175779.547], [2530629.765, 1175793.087], [2530629.775, 1175793.387], [2530631.025, 1175805.137]]]}, "properties": {"OBJECTID": 52106995, "EGRID": "CH928314834572", "NUMERO": "2601", "NO_COM_FED": 5757, "GENRE_TXT": "parcelle priv\u00e9e", "SUPERFICIE_MO": 950, "SUPERFICIE_RF": 950}}, {"type": "Feature", "id": 52107242, "geometry": {"type": "Polygon", "coordinates": [[[2530785.226, 1174992.703], [2530778.325, 1174981.003], [2530774.855, 1174975.023], [2530771.185, 1174968.653], [2530767.655, 1174962.574], [2530765.255, 1174958.264], [2530761.375, 1174951.904], [2530757.075, 1174944.424], [2530763.495, 1174940.674], [2530764.585, 1174939.994], [2530776.415, 1174957.753], [2530779.355, 1174962.8429999999], [2530782.505, 1174968.213], [2530790.345, 1174981.983], [2530795.466, 1174990.713], [2530799.656, 1174997.952], [2530794.306, 1175007.863], [2530789.366, 1174999.523], [2530785.226, 1174992.703]]]}, "properties": {"OBJECTID": 52107242, "EGRID": "CH744583822320", "NUMERO": "DP 133", "NO_COM_FED": 5757, "GENRE_TXT": "DP communal", "SUPERFICIE_MO": 687, "SUPERFICIE_RF": null}}, {"type": "Feature", "id": 52107403, "geometry": {"type": "Polygon", "coordinates": [[[2530234.354, 1175837.959], [2530223.624, 1175837.569], [2530212.634, 1175836.419], [2530201.704, 1175834.409], [2530211.184, 1175813.779], [2530212.844, 1175810.609], [2530239.824, 1175818.019], [2530238.854, 1175821.559], [2530234.354, 1175837.959]]]}, "properties": {"OBJECTID": 52107403, "EGRID": "CH974583738364", "NUMERO": "841", "NO_COM_FED": 5757, "GENRE_TXT": "parcelle priv\u00e9e", "SUPERFICIE_MO": 717, "SUPERFICIE_RF": 717}}, {"type": "Feature", "id": 52107731, "geometry": {"type": "Polygon", "coordinates": [[[2530736.184, 1174878.075], [2530737.284, 1174884.195], [2530732.504, 1174885.205], [2530730.5439999998, 1174879.015], [2530732.934, 1174878.645], [2530736.184, 1174878.075]]]}, "properties": {"OBJECTID": 52107731, "EGRID": "CH274583058321", "NUMERO": "548", "NO_COM_FED": 5757, "GENRE_TXT": "parcelle priv\u00e9e", "SUPERFICIE_MO": 33, "SUPERFICIE_RF": 33}}, {"type": "Feature", "id": 52108062, "geometry": {"type": "Polygon", "coordinates": [[[2530704.502, 1174906.457], [2530706.584, 1174910.546], [2530704.124, 1174911.576], [2530703.354, 1174911.906], [2530701.894, 1174907.526], [2530704.502, 1174906.457]]]}, "properties": {"OBJECTID": 52108062, "EGRID": "CH154783014519", "NUMERO": "2854", "NO_COM_FED": 5757, "GENRE_TXT": "parcelle priv\u00e9e", "SUPERFICIE_MO": 15, "SUPERFICIE_RF": 15}}, {"type": "Feature", "id": 52108109, "geometry": {"type": "Polygon", "coordinates": [[[2530896.596, 1173816.83], [2530897.869, 1173832.64], [2530907.556, 1173951.201], [2530908.601, 1173968.921], [2530908.63, 1173979.966], [2530908.454, 1173989.535], [2530911.69, 1174015.721], [2530912.288, 1174037.367], [2530912.894, 1174066.706], [2530913.203, 1174110.085], [2530912.606, 1174132.744], [2530911.515, 1174143.7], [2530910.2, 1174149.869], [2530902.026, 1174187.995], [2530899.27, 1174208.882], [2530897.602, 1174221.823], [2530897.145, 1174232.283], [2530896.99, 1174241.102], [2530897.054, 1174253.723], [2530897.734, 1174263.572], [2530896.475, 1174308.953], [2530891.353, 1174316.408], [2530891.547, 1174290.003], [2530891.643, 1174258.642], [2530891.526, 1174251.197], [2530893.588, 1174221.797], [2530898.067, 1174187.488], [2530904.92, 1174154.643], [2530907.4189999998, 1174142.721], [2530907.754, 1174132.023], [2530909.254, 1174105.088], [2530909.027, 1174073.405], [2530908.984, 1174064.526], [2530907.91, 1174040.5219999999], [2530907.642, 1174021.057], [2530905.149, 1173996.117], [2530904.468, 1173989.395], [2530904.615, 1173968.954], [2530903.573, 1173951.493], [2530902.113, 1173934.3429999999], [2530898.522, 1173889.479], [2530891.711, 1173804.396], [2530879.636, 1173649.128], [2530874.265, 1173590.536], [2530861.637, 1173453.173], [2530865.574, 1173452.987], [2530869.168, 1173490.41], [2530882.553, 1173629.783], [2530884.68, 1173651.936], [2530896.596, 1173816.83]]]}, "properties": {"OBJECTID": 52108109, "EGRID": "CH198390674514", "NUMERO": "DP 209", "NO_COM_FED": 5757, "GENRE_TXT": "DP communal", "SUPERFICIE_MO": 3727, "SUPERFICIE_RF": null}}, {"type": "Feature", "id": 52108116, "geometry": {"type": "Polygon", "coordinates": [[[2530848.091, 1176403.365], [2530812.471, 1176394.876], [2530813.821, 1176369.635], [2530811.001, 1176353.845], [2530847.191, 1176374.025], [2530848.091, 1176403.365]]]}, "properties": {"OBJECTID": 52108116, "EGRID": "CH114568838255", "NUMERO": "2157", "NO_COM_FED": 5757, "GENRE_TXT": "parcelle priv\u00e9e", "SUPERFICIE_MO": 1200, "SUPERFICIE_RF": 1200}}, {"type": "Feature", "id": 52108192, "geometry": {"type": "Polygon", "coordinates": [[[2530431.502, 1174815.905], [2530445.527, 1174824.264], [2530451.86, 1174830.753], [2530484.908, 1174865.3429999999], [2530482.834, 1174867.57], [2530481.137, 1174864.53], [2530452.386, 1174834.423], [2530449.396, 1174832.4070000001], [2530422.242, 1174849.236], [2530409.801, 1174839.977], [2530404.932, 1174836.145], [2530424.592, 1174811.464], [2530431.502, 1174815.905]]]}, "properties": {"OBJECTID": 52108192, "EGRID": "CH238390456923", "NUMERO": "1074", "NO_COM_FED": 5757, "GENRE_TXT": "parcelle priv\u00e9e", "SUPERFICIE_MO": 1015, "SUPERFICIE_RF": 1015}}, {"type": "Feature", "id": 52108219, "geometry": {"type": "Polygon", "coordinates": [[[2530442.309, 1175315.464], [2530454.069, 1175336.793], [2530377.799, 1175356.394], [2530367.1689999998, 1175336.574], [2530442.309, 1175315.464]]]}, "properties": {"OBJECTID": 52108219, "EGRID": "CH768383457159", "NUMERO": "2307", "NO_COM_FED": 5757, "GENRE_TXT": "parcelle priv\u00e9e", "SUPERFICIE_MO": 1785, "SUPERFICIE_RF": 1785}}, {"type": "Feature", "id": 52108241, "geometry": {"type": "Polygon", "coordinates": [[[2531146.863, 1174514], [2531206.493, 1174512.41], [2531208.443, 1174548.049], [2531207.243, 1174548.339], [2531179.973, 1174552.479], [2531156.613, 1174523.06], [2531146.863, 1174514]]]}, "properties": {"OBJECTID": 52108241, "EGRID": "CH944583837195", "NUMERO": "249", "NO_COM_FED": 5757, "GENRE_TXT": "parcelle priv\u00e9e", "SUPERFICIE_MO": 1649, "SUPERFICIE_RF": 1645}}, {"type": "Feature", "id": 52108336, "geometry": {"type": "Polygon", "coordinates": [[[2530744.805, 1174922.964], [2530750.625, 1174932.734], [2530735.555, 1174942.725], [2530735.345, 1174942.315], [2530733.985, 1174943.365], [2530729.845, 1174932.985], [2530730.335, 1174932.715], [2530730.245, 1174932.535], [2530744.805, 1174922.964]]]}, "properties": {"OBJECTID": 52108336, "EGRID": "CH538382452240", "NUMERO": "536", "NO_COM_FED": 5757, "GENRE_TXT": "parcelle priv\u00e9e", "SUPERFICIE_MO": 215, "SUPERFICIE_RF": 215}}, {"type": "Feature", "id": 52109295, "geometry": {"type": "Polygon", "coordinates": [[[2530856.346, 1175033.121], [2530881.126, 1175017.73], [2530890.006, 1175032.17], [2530865.476, 1175048.31], [2530856.346, 1175033.121]]]}, "properties": {"OBJECTID": 52109295, "EGRID": "CH968383458871", "NUMERO": "670", "NO_COM_FED": 5757, "GENRE_TXT": "parcelle priv\u00e9e", "SUPERFICIE_MO": 507, "SUPERFICIE_RF": 507}}, {"type": "Feature", "id": 52110101, "geometry": {"type": "Polygon", "coordinates": [[[2530243.15, 1174551.589], [2530242.479, 1174552.265], [2530241.926, 1174552.794], [2530234.81, 1174553.8], [2530230.474, 1174555.545], [2530228.063, 1174556.919], [2530225.93, 1174558.614], [2530223.906, 1174560.65], [2530221.833, 1174563.746], [2530220.259, 1174567.039], [2530219.441, 1174570.423], [2530219.058, 1174573.394], [2530218.918, 1174577.128], [2530219.078, 1174578.505], [2530219.782, 1174581.611], [2530220.645, 1174584.617], [2530221.848, 1174587.705], [2530223.261, 1174590.2280000001], [2530224.704, 1174592.138], [2530233.159, 1174603.061], [2530237.321, 1174608.32], [2530236.851, 1174608.735], [2530237.428, 1174609.321], [2530240.881, 1174614.639], [2530243.412, 1174620.321], [2530244.982, 1174624.974], [2530245.975, 1174629.882], [2530246.476, 1174633.833], [2530246.642, 1174636.839], [2530246.929, 1174642.802], [2530246.834, 1174645.331], [2530238.521, 1174646.483], [2530238.944, 1174642.543], [2530238.582, 1174635.939], [2530238.0099462615, 1174630.5966993321], [2530236.696, 1174625.387], [2530234.688122524, 1174620.4572496552], [2530232.017, 1174615.8530000001], [2530228.752, 1174611.265], [2530223.397, 1174604.071], [2530218.059, 1174597.117], [2530215.011, 1174592.678], [2530213.369, 1174589.207], [2530210.816, 1174581.981], [2530210.276020529, 1174578.5251891494], [2530210.062, 1174575.034], [2530210.165975846, 1174571.6563163376], [2530210.576, 1174568.302], [2530211.262, 1174564.317], [2530215.681, 1174554.222], [2530216.542, 1174553.153], [2530222.407, 1174545.573], [2530230.349, 1174540.107], [2530246.062, 1174530.141], [2530262.642, 1174535.323], [2530268.702, 1174538.98], [2530282.678, 1174547.411], [2530314.848, 1174558.308], [2530318.298, 1174559.436], [2530368.08, 1174575.31], [2530428.612, 1174596.055], [2530441.854, 1174589.436], [2530444.295, 1174583.654], [2530447.963, 1174632.411], [2530436.626, 1174614.396], [2530426.426, 1174608.311], [2530402.959, 1174599.656], [2530363.628, 1174587.763], [2530338.634, 1174578.695], [2530341.774, 1174577.417], [2530319.773, 1174571.043], [2530319.435, 1174571.935], [2530316.634, 1174570.993], [2530316.775, 1174570.513], [2530308.829, 1174567.515], [2530308.726, 1174567.909], [2530306.732, 1174567.315], [2530293.022, 1174561.235], [2530253.842, 1174555.896], [2530243.462, 1174551.371], [2530243.15, 1174551.589]]]}, "properties": {"OBJECTID": 52110101, "EGRID": "CH514555839028", "NUMERO": "DP 188", "NO_COM_FED": 5757, "GENRE_TXT": "DP communal", "SUPERFICIE_MO": 4258, "SUPERFICIE_RF": null}}, {"type": "Feature", "id": 52110315, "geometry": {"type": "Polygon", "coordinates": [[[2530203.216, 1175957.33], [2530218.056, 1175955.16], [2530222.396, 1175984.84], [2530207.556, 1175987.02], [2530203.216, 1175957.33]]]}, "properties": {"OBJECTID": 52110315, "EGRID": "CH314541838236", "NUMERO": "2554", "NO_COM_FED": 5757, "GENRE_TXT": "parcelle priv\u00e9e", "SUPERFICIE_MO": 450, "SUPERFICIE_RF": 450}}, {"type": "Feature", "id": 52110558, "geometry": {"type": "Polygon", "coordinates": [[[2530131.337, 1174714.313], [2530124.149, 1174715.904], [2530119.033, 1174675.6030000001], [2530114.885, 1174642.906], [2530138.618, 1174642.557], [2530141.467, 1174661.695], [2530144.21, 1174679.979], [2530124.134, 1174683.374], [2530127.363, 1174709.095], [2530131.337, 1174714.313]]]}, "properties": {"OBJECTID": 52110558, "EGRID": "CH998390694527", "NUMERO": "2610", "NO_COM_FED": 5757, "GENRE_TXT": "parcelle priv\u00e9e", "SUPERFICIE_MO": 1091, "SUPERFICIE_RF": 1091}}, {"type": "Feature", "id": 52110599, "geometry": {"type": "Polygon", "coordinates": [[[2530674.828, 1175214.166], [2530679.648, 1175213.926], [2530691.058, 1175213.216], [2530691.078, 1175219.196], [2530677.618, 1175219.726], [2530677.428, 1175217.506], [2530676.058, 1175217.736], [2530675.128, 1175217.886], [2530674.828, 1175214.166]]]}, "properties": {"OBJECTID": 52110599, "EGRID": "CH652283824587", "NUMERO": "431", "NO_COM_FED": 5757, "GENRE_TXT": "parcelle priv\u00e9e", "SUPERFICIE_MO": 88, "SUPERFICIE_RF": 88}}, {"type": "Feature", "id": 52110919, "geometry": {"type": "Polygon", "coordinates": [[[2530735.149, 1174574.002], [2530781.464, 1174569.426], [2530780.376, 1174573.608], [2530778.993, 1174578.926], [2530776.351, 1174582.592], [2530768.181, 1174594.349], [2530735.804, 1174588.765], [2530735.149, 1174574.002]]]}, "properties": {"OBJECTID": 52110919, "EGRID": "CH756883904548", "NUMERO": "1065", "NO_COM_FED": 5757, "GENRE_TXT": "parcelle priv\u00e9e", "SUPERFICIE_MO": 816, "SUPERFICIE_RF": 816}}, {"type": "Feature", "id": 52110983, "geometry": {"type": "Polygon", "coordinates": [[[2530120.724, 1175774.109], [2530118.193, 1175773.319], [2530109.413, 1175772.789], [2530106.653, 1175772.619], [2530095.653, 1175771.319], [2530099.323, 1175759.688], [2530101.453, 1175753.4780000001], [2530094.078, 1175750.7280000001], [2530103.36, 1175721.926], [2530110.973, 1175723.938], [2530123.293, 1175726.9780000001], [2530134.193, 1175729.818], [2530135.803, 1175729.888], [2530123.413, 1175767.868], [2530122.863, 1175767.828], [2530120.724, 1175774.109]]]}, "properties": {"OBJECTID": 52110983, "EGRID": "CH114525838254", "NUMERO": "833", "NO_COM_FED": 5757, "GENRE_TXT": "parcelle priv\u00e9e", "SUPERFICIE_MO": 1455, "SUPERFICIE_RF": 1455}}, {"type": "Feature", "id": 52111137, "geometry": {"type": "Polygon", "coordinates": [[[2530776.219, 1175278.083], [2530774.199, 1175269.283], [2530767.909, 1175272.503], [2530767.9390000002, 1175272.633], [2530762.709, 1175274.513], [2530753.999, 1175276.474], [2530754.249, 1175272.204], [2530751.769, 1175272.064], [2530742.6689999998, 1175271.184], [2530743.019, 1175264.054], [2530745.479, 1175263.884], [2530745.289, 1175262.354], [2530748.279, 1175261.464], [2530750.499, 1175260.694], [2530750.619, 1175261.424], [2530754.219, 1175260.904], [2530765.059, 1175258.3530000001], [2530770.639, 1175257.763], [2530777.019, 1175257.793], [2530778.819, 1175269.553], [2530779.899, 1175277.053], [2530776.219, 1175278.083]]]}, "properties": {"OBJECTID": 52111137, "EGRID": "CH882283458244", "NUMERO": "602", "NO_COM_FED": 5757, "GENRE_TXT": "parcelle priv\u00e9e", "SUPERFICIE_MO": 482, "SUPERFICIE_RF": 482}}, {"type": "Feature", "id": 52111161, "geometry": {"type": "Polygon", "coordinates": [[[2531223.593, 1175563.808], [2531237.214, 1175592.788], [2531169.864, 1175623.13], [2531157.644, 1175595.87], [2531156.654, 1175593.71], [2531223.593, 1175563.808]]]}, "properties": {"OBJECTID": 52111161, "EGRID": "CH914572838337", "NUMERO": "155", "NO_COM_FED": 5757, "GENRE_TXT": "parcelle priv\u00e9e", "SUPERFICIE_MO": 2364, "SUPERFICIE_RF": 2364}}, {"type": "Feature", "id": 52111602, "geometry": {"type": "Polygon", "coordinates": [[[2530537.655, 1174962.371], [2530571.725, 1174966.49], [2530571.405, 1174966.75], [2530560.155, 1174976.44], [2530532.655, 1175003.001], [2530528.555, 1175011.041], [2530524.745, 1175024.771], [2530520.226, 1175051.701], [2530510.786, 1175073.562], [2530509.776, 1175074.632], [2530508.276, 1175076.242], [2530505.966, 1175077.222], [2530500.796, 1175080.912], [2530487.986, 1175083.702], [2530477.586, 1175067.482], [2530479.568, 1175068.452], [2530481.448, 1175067.619], [2530483.252, 1175062.828], [2530482.451, 1175060.152], [2530486.026, 1175057.839], [2530493.591, 1175045.276], [2530494.049, 1175040.594], [2530508.042, 1174993.58], [2530509.271, 1174991.057], [2530510.273, 1174990.501], [2530513.417, 1174986.371], [2530514.941, 1174983.086], [2530537.655, 1174962.371]]]}, "properties": {"OBJECTID": 52111602, "EGRID": "CH168383457268", "NUMERO": "DP 127", "NO_COM_FED": 5757, "GENRE_TXT": "DP cantonal", "SUPERFICIE_MO": 3582, "SUPERFICIE_RF": null}}, {"type": "Feature", "id": 52111658, "geometry": {"type": "Polygon", "coordinates": [[[2530247.306, 1176022.459], [2530224.846, 1176025.75], [2530226.266, 1176007.85], [2530244.766, 1176005.139], [2530247.306, 1176022.459]]]}, "properties": {"OBJECTID": 52111658, "EGRID": "CH844583831489", "NUMERO": "2557", "NO_COM_FED": 5757, "GENRE_TXT": "parcelle priv\u00e9e", "SUPERFICIE_MO": 362, "SUPERFICIE_RF": 362}}, {"type": "Feature", "id": 52112151, "geometry": {"type": "Polygon", "coordinates": [[[2530332.827, 1174650.068], [2530354.222, 1174637.972], [2530356.212, 1174636.279], [2530374.8140000002, 1174626.863], [2530375.824, 1174626.352], [2530380.216, 1174630.869], [2530383.84, 1174632.438], [2530386.296, 1174637.133], [2530389.881, 1174641.36], [2530393.843, 1174647.839], [2530395.1859999998, 1174650.51], [2530395.717, 1174653.0320000001], [2530402.216, 1174660.787], [2530401.268, 1174661.104], [2530385.041, 1174666.524], [2530371.037, 1174671.183], [2530330.278, 1174679.649], [2530331.912, 1174677.204], [2530334.435, 1174653.162], [2530333.005, 1174650.524], [2530332.827, 1174650.068]]]}, "properties": {"OBJECTID": 52112151, "EGRID": "CH244583905537", "NUMERO": "1136", "NO_COM_FED": 5757, "GENRE_TXT": "parcelle priv\u00e9e", "SUPERFICIE_MO": 2185, "SUPERFICIE_RF": 2185}}, {"type": "Feature", "id": 52112392, "geometry": {"type": "Polygon", "coordinates": [[[2530576.56, 1176321.072], [2530556.47, 1176308.462], [2530540.56, 1176300.732], [2530534.17, 1176292.962], [2530529.5, 1176281.452], [2530547.579, 1176261.342], [2530558.012, 1176249.735], [2530569.059, 1176259.541], [2530578.709, 1176268.1469999999], [2530584.511, 1176275.318], [2530587.906, 1176278.3530000001], [2530571.864, 1176296.2820000001], [2530580.087, 1176301.649], [2530574.154, 1176310.6469999999], [2530583.08, 1176316.387], [2530581.14, 1176319.451], [2530576.56, 1176321.072]]]}, "properties": {"OBJECTID": 52112392, "EGRID": "CH828375834542", "NUMERO": "1251", "NO_COM_FED": 5757, "GENRE_TXT": "parcelle priv\u00e9e", "SUPERFICIE_MO": 2212, "SUPERFICIE_RF": 2212}}, {"type": "Feature", "id": 52112940, "geometry": {"type": "Polygon", "coordinates": [[[2530710.265, 1174952.365], [2530703.865, 1174955.566], [2530704.215, 1174956.296], [2530706.075, 1174959.996], [2530704.715, 1174960.566], [2530701.095, 1174962.006], [2530692.515, 1174965.406], [2530690.505, 1174966.256], [2530686.465, 1174956.066], [2530696.995, 1174952.616], [2530707.315, 1174947.256], [2530710.265, 1174952.365]]]}, "properties": {"OBJECTID": 52112940, "EGRID": "CH614503838381", "NUMERO": "519", "NO_COM_FED": 5757, "GENRE_TXT": "parcelle priv\u00e9e", "SUPERFICIE_MO": 213, "SUPERFICIE_RF": 213}}, {"type": "Feature", "id": 52113106, "geometry": {"type": "Polygon", "coordinates": [[[2530639.163, 1174805.698], [2530628.833, 1174820.168], [2530620.263, 1174832.998], [2530617.693, 1174829.959], [2530614.083, 1174825.689], [2530606.013, 1174818.879], [2530621.973, 1174799.088], [2530630.073, 1174796.608], [2530635.783, 1174802.318], [2530639.163, 1174805.698]]]}, "properties": {"OBJECTID": 52113106, "EGRID": "CH208245218377", "NUMERO": "557", "NO_COM_FED": 5757, "GENRE_TXT": "parcelle priv\u00e9e", "SUPERFICIE_MO": 586, "SUPERFICIE_RF": 586}}, {"type": "Feature", "id": 52113310, "geometry": {"type": "Polygon", "coordinates": [[[2530637.698, 1175221.877], [2530647.068, 1175220.927], [2530647.018, 1175220.547], [2530648.798, 1175220.297], [2530650.458, 1175233.3969999999], [2530632.998, 1175235.998], [2530632.368, 1175232.008], [2530633.868, 1175231.788], [2530632.528, 1175222.7179999999], [2530637.698, 1175221.877]]]}, "properties": {"OBJECTID": 52113310, "EGRID": "CH574582228371", "NUMERO": "396", "NO_COM_FED": 5757, "GENRE_TXT": "parcelle priv\u00e9e", "SUPERFICIE_MO": 220, "SUPERFICIE_RF": 220}}, {"type": "Feature", "id": 52113369, "geometry": {"type": "Polygon", "coordinates": [[[2529915.623, 1175770.809], [2529935.513, 1175775.349], [2529935.913, 1175773.589], [2529956.243, 1175778.809], [2529971.604, 1175782.729], [2529983.304, 1175785.919], [2530012.094, 1175793.819], [2530043.974, 1175801.929], [2530075.864, 1175807.389], [2530117.5640000002, 1175814.969], [2530149.904, 1175821.179], [2530176.024, 1175827.819], [2530201.704, 1175834.409], [2530212.634, 1175836.419], [2530223.624, 1175837.569], [2530234.354, 1175837.959], [2530244.604, 1175839.189], [2530264.834, 1175843.879], [2530271.504, 1175844.578], [2530297.915, 1175847.368], [2530309.965, 1175848.437], [2530317.655, 1175849.127], [2530339.465, 1175850.126], [2530342.455, 1175850.326], [2530371.325, 1175850.985], [2530371.295, 1175851.425], [2530402.745, 1175852.305], [2530413.755, 1175852.614], [2530419.435, 1175852.694], [2530431.625, 1175853.063], [2530452.065, 1175853.683], [2530501.345, 1175855.771], [2530510.365, 1175865.851], [2530507.355, 1175865.711], [2530470.465, 1175863.982], [2530456.105, 1175863.262], [2530454.655, 1175863.323], [2530442.105, 1175863.063], [2530406.185, 1175861.644], [2530404.355, 1175861.584], [2530369.425, 1175862.095], [2530348.935, 1175862.396], [2530339.015, 1175861.206], [2530315.905, 1175858.387], [2530292.815, 1175855.668], [2530281.825, 1175854.438], [2530269.675, 1175853.488], [2530244.864, 1175852.029], [2530238.8310000002, 1175852.987], [2530223.212, 1175850.617], [2530210.851, 1175848.2179999999], [2530176.373, 1175841.527], [2530139.019, 1175833.716], [2530116.729, 1175826.091], [2530101.3140000002, 1175822.839], [2530069.594, 1175817.659], [2530034.024, 1175811.849], [2529949.744, 1175789.819], [2529906.403, 1175779.139], [2529846.173, 1175763.529], [2529820.463, 1175759.719], [2529813.093, 1175759.449], [2529818.613, 1175749.299], [2529823.693, 1175749.789], [2529848.223, 1175752.069], [2529852.113, 1175753.149], [2529878.633, 1175760.369], [2529908.853, 1175768.659], [2529915.623, 1175770.809]]]}, "properties": {"OBJECTID": 52113369, "EGRID": "CH987383458387", "NUMERO": "DP 8", "NO_COM_FED": 5757, "GENRE_TXT": "DP communal", "SUPERFICIE_MO": 7816, "SUPERFICIE_RF": null}}, {"type": "Feature", "id": 52113709, "geometry": {"type": "Polygon", "coordinates": [[[2530577.375, 1174502.426], [2530522.864, 1174484.037], [2530523.948, 1174480.055], [2530576.946, 1174498.129], [2530584.818, 1174496.546], [2530603.578, 1174480.663], [2530604.016, 1174478.097], [2530605.191, 1174470.933], [2530615.483, 1174475.741], [2530600.998, 1174488.026], [2530582.133, 1174503.956], [2530577.375, 1174502.426]]]}, "properties": {"OBJECTID": 52113709, "EGRID": "CH629055834504", "NUMERO": "1457", "NO_COM_FED": 5757, "GENRE_TXT": "parcelle priv\u00e9e", "SUPERFICIE_MO": 454, "SUPERFICIE_RF": 454}}, {"type": "Feature", "id": 52113774, "geometry": {"type": "Polygon", "coordinates": [[[2530808.388, 1174259.923], [2530793.747, 1174258.049], [2530799.863, 1174253.084], [2530809.112, 1174254.269], [2530808.388, 1174259.923]]]}, "properties": {"OBJECTID": 52113774, "EGRID": "CH414550830003", "NUMERO": "2848", "NO_COM_FED": 5757, "GENRE_TXT": "parcelle priv\u00e9e", "SUPERFICIE_MO": 69, "SUPERFICIE_RF": 69}}, {"type": "Feature", "id": 52113920, "geometry": {"type": "Polygon", "coordinates": [[[2530678.387, 1175125.406], [2530679.327, 1175131.346], [2530666.277, 1175133.137], [2530661.397, 1175133.877], [2530660.517, 1175128.247], [2530664.307, 1175127.6469999999], [2530678.387, 1175125.406]]]}, "properties": {"OBJECTID": 52113920, "EGRID": "CH328373834536", "NUMERO": "445", "NO_COM_FED": 5757, "GENRE_TXT": "parcelle priv\u00e9e", "SUPERFICIE_MO": 106, "SUPERFICIE_RF": 106}}, {"type": "Feature", "id": 52114118, "geometry": {"type": "Polygon", "coordinates": [[[2530235.607, 1174757.7], [2530236.139, 1174758.025], [2530240.263, 1174761.896], [2530242.22, 1174764.2], [2530244.69, 1174766.296], [2530250.036, 1174766.448], [2530251.776, 1174767.298], [2530249.147, 1174771.548], [2530223.899, 1174812.365], [2530213.532, 1174804.983], [2530205.494, 1174799.277], [2530231.162, 1174763.838], [2530235.607, 1174757.7]]]}, "properties": {"OBJECTID": 52114118, "EGRID": "CH874590698347", "NUMERO": "2325", "NO_COM_FED": 5757, "GENRE_TXT": "parcelle priv\u00e9e", "SUPERFICIE_MO": 1054, "SUPERFICIE_RF": 1054}}, {"type": "Feature", "id": 52114332, "geometry": {"type": "Polygon", "coordinates": [[[2530575.895, 1175818.719], [2530584.955, 1175861.338], [2530581.815, 1175861.118], [2530572.445, 1175860.449], [2530527.615, 1175857.26], [2530520.875, 1175832.72], [2530529.835, 1175830.82], [2530544.225, 1175819.07], [2530543.255, 1175814.17], [2530563.615, 1175820.759], [2530566.595, 1175820.699], [2530573.785, 1175819.169], [2530575.895, 1175818.719]]]}, "properties": {"OBJECTID": 52114332, "EGRID": "CH944583831455", "NUMERO": "2603", "NO_COM_FED": 5757, "GENRE_TXT": "parcelle priv\u00e9e", "SUPERFICIE_MO": 2113, "SUPERFICIE_RF": 2113}}, {"type": "Feature", "id": 52115311, "geometry": {"type": "Polygon", "coordinates": [[[2530416.059, 1174520.052], [2530436.917, 1174516.127], [2530440.299, 1174547.231], [2530434.902, 1174553.891], [2530431.108, 1174554.283], [2530430.833, 1174552.511], [2530428.605, 1174552.842], [2530428.849, 1174554.49], [2530422.907, 1174555.189], [2530411.489, 1174554.972], [2530406.082, 1174553.806], [2530412.657, 1174522.636], [2530416.059, 1174520.052]]]}, "properties": {"OBJECTID": 52115311, "EGRID": "CH744583905660", "NUMERO": "1148", "NO_COM_FED": 5757, "GENRE_TXT": "parcelle priv\u00e9e", "SUPERFICIE_MO": 1038, "SUPERFICIE_RF": 1038}}, {"type": "Feature", "id": 52115575, "geometry": {"type": "Polygon", "coordinates": [[[2530717.857, 1175980.064], [2530724.777, 1175972.639], [2530725.5439999998, 1175973.281], [2530733.972, 1175980.336], [2530725.397, 1175988.634], [2530720.807, 1175982.904], [2530719.357, 1175981.324], [2530717.857, 1175980.064]]]}, "properties": {"OBJECTID": 52115575, "EGRID": "CH638390453221", "NUMERO": "2741", "NO_COM_FED": 5757, "GENRE_TXT": "parcelle priv\u00e9e", "SUPERFICIE_MO": 127, "SUPERFICIE_RF": 127}}, {"type": "Feature", "id": 52115934, "geometry": {"type": "Polygon", "coordinates": [[[2530688.364, 1174893.976], [2530680.374, 1174895.276], [2530678.554, 1174883.287], [2530678.354, 1174879.617], [2530678.334, 1174876.997], [2530678.383300942, 1174876.6915480115], [2530678.4780030907, 1174876.3969924087], [2530678.6159498864, 1174876.1200408214], [2530678.7939999998, 1174875.867], [2530679.006157875, 1174875.6463898018], [2530679.248953902, 1174875.4600301683], [2530679.516914799, 1174875.3121221517], [2530679.804, 1174875.206], [2530687.684, 1174874.046], [2530688.4273518734, 1174874.1465908207], [2530689.1504454412, 1174874.3461558828], [2530689.84016495, 1174874.6410753976], [2530690.484, 1174875.026], [2530691.102724973, 1174875.5237345318], [2530691.6443465664, 1174876.1044292068], [2530692.097846719, 1174876.7562711106], [2530692.454, 1174877.466], [2530693.114, 1174880.076], [2530696.984, 1174892.696], [2530688.364, 1174893.976]]]}, "properties": {"OBJECTID": 52115934, "EGRID": "CH674583738369", "NUMERO": "531", "NO_COM_FED": 5757, "GENRE_TXT": "parcelle priv\u00e9e", "SUPERFICIE_MO": 297, "SUPERFICIE_RF": 297}}, {"type": "Feature", "id": 52116501, "geometry": {"type": "Polygon", "coordinates": [[[2531186.995, 1174786.855], [2531183.695, 1174759.835], [2531217.345, 1174754.075], [2531220.275, 1174753.585], [2531222.045, 1174771.275], [2531222.895, 1174780.614], [2531219.835, 1174781.124], [2531186.995, 1174786.855]]]}, "properties": {"OBJECTID": 52116501, "EGRID": "CH944583822250", "NUMERO": "126", "NO_COM_FED": 5757, "GENRE_TXT": "parcelle priv\u00e9e", "SUPERFICIE_MO": 998, "SUPERFICIE_RF": 1003}}, {"type": "Feature", "id": 52117723, "geometry": {"type": "Polygon", "coordinates": [[[2530910.292, 1175521.178], [2530901.232, 1175486.569], [2530946.712, 1175473.237], [2530947.642, 1175487.167], [2530946.192, 1175532.927], [2530946.902, 1175543.617], [2530949.633, 1175557.577], [2530921.833, 1175565.098], [2530910.292, 1175521.178]]]}, "properties": {"OBJECTID": 52117723, "EGRID": "CH628372834540", "NUMERO": "782", "NO_COM_FED": 5757, "GENRE_TXT": "parcelle priv\u00e9e", "SUPERFICIE_MO": 3020, "SUPERFICIE_RF": 3020}}, {"type": "Feature", "id": 52117936, "geometry": {"type": "Polygon", "coordinates": [[[2530613.337, 1175128.2179999999], [2530613.307, 1175114.518], [2530626.547, 1175113.7280000001], [2530626.777, 1175121.068], [2530639.597, 1175120.3969999999], [2530639.507, 1175127.1469999999], [2530613.337, 1175128.2179999999]]]}, "properties": {"OBJECTID": 52117936, "EGRID": "CH168383457169", "NUMERO": "404", "NO_COM_FED": 5757, "GENRE_TXT": "parcelle priv\u00e9e", "SUPERFICIE_MO": 270, "SUPERFICIE_RF": 270}}, {"type": "Feature", "id": 52118846, "geometry": {"type": "Polygon", "coordinates": [[[2531052.84, 1176235.818], [2531053.71, 1176238.068], [2531056.36, 1176241.388], [2531073.25, 1176252.837], [2531075.47, 1176254.9070000001], [2531089.13, 1176272.1469999999], [2531094.27, 1176275.637], [2531090.41, 1176275.937], [2531090.65, 1176278.767], [2531090.88, 1176281.597], [2531091.12, 1176284.417], [2531091.36, 1176287.237], [2531091.6, 1176290.067], [2531097.06, 1176289.627], [2531096.82, 1176286.807], [2531096.58, 1176283.987], [2531096.34, 1176281.167], [2531096.1, 1176278.337], [2531095.86, 1176275.517], [2531107.35, 1176274.507], [2531111.321, 1176321.927], [2531111.711, 1176329.997], [2531042.942, 1176335.312], [2531042.018, 1176327.6469999999], [2531038.82, 1176305.495], [2531032.438, 1176297.667], [2531028.97, 1176270.019], [2531029.49, 1176241.818], [2531052.84, 1176235.818]]]}, "properties": {"OBJECTID": 52118846, "EGRID": "CH274582428316", "NUMERO": "1333", "NO_COM_FED": 5757, "GENRE_TXT": "parcelle priv\u00e9e", "SUPERFICIE_MO": 5821, "SUPERFICIE_RF": 5821}}, {"type": "Feature", "id": 52118971, "geometry": {"type": "Polygon", "coordinates": [[[2530617.336, 1175024.7179999999], [2530602.995, 1175018.579], [2530611.885, 1175006.688], [2530618.895, 1174998.708], [2530626.675, 1174991.938], [2530632.615, 1174988.658], [2530636.175, 1174990.418], [2530617.336, 1175024.7179999999]]]}, "properties": {"OBJECTID": 52118971, "EGRID": "CH274583738311", "NUMERO": "491", "NO_COM_FED": 5757, "GENRE_TXT": "parcelle priv\u00e9e", "SUPERFICIE_MO": 453, "SUPERFICIE_RF": 453}}, {"type": "Feature", "id": 52119760, "geometry": {"type": "Polygon", "coordinates": [[[2531085.078, 1175150.783], [2531069.868, 1175164.674], [2531059.168, 1175150.714], [2531047.228, 1175136.384], [2531040.398, 1175128.255], [2531040.109145292, 1175127.7993798507], [2531039.8879672997, 1175127.3073360943], [2531039.7389551555, 1175126.7888554838], [2531039.665133281, 1175126.254461347], [2531039.668, 1175125.715], [2531039.748328719, 1175125.1831433927], [2531039.903348632, 1175124.6680773965], [2531040.129919576, 1175124.1802354534], [2531040.4234520136, 1175123.7294995417], [2531040.778, 1175123.325], [2531052.718, 1175110.264], [2531064.368, 1175122.244], [2531065.448, 1175121.364], [2531073.428, 1175129.574], [2531069.768, 1175132.624], [2531074.088, 1175138.333], [2531085.078, 1175150.783]]]}, "properties": {"OBJECTID": 52119760, "EGRID": "CH768283452931", "NUMERO": "698", "NO_COM_FED": 5757, "GENRE_TXT": "parcelle priv\u00e9e", "SUPERFICIE_MO": 1084, "SUPERFICIE_RF": 1084}}, {"type": "Feature", "id": 52119761, "geometry": {"type": "Polygon", "coordinates": [[[2530434.726, 1175915.283], [2530438.996, 1175920.0929999999], [2530448.946, 1175944.643], [2530450.656, 1175949.813], [2530422.736, 1175960.033], [2530392.796, 1175973.804], [2530358.036, 1175957.315], [2530363.486, 1175931.535], [2530378.626, 1175929.315], [2530381.676, 1175928.925], [2530406.086, 1175923.604], [2530406.046, 1175922.654], [2530434.726, 1175915.283]]]}, "properties": {"OBJECTID": 52119761, "EGRID": "CH998382444577", "NUMERO": "1450", "NO_COM_FED": 5757, "GENRE_TXT": "parcelle priv\u00e9e", "SUPERFICIE_MO": 3362, "SUPERFICIE_RF": 3362}}, {"type": "Feature", "id": 52119877, "geometry": {"type": "Polygon", "coordinates": [[[2531373.243, 1176543.112], [2531379.924, 1176620.312], [2531381.744, 1176642.682], [2531383.685, 1176664.053], [2531384.075, 1176679.403], [2531370.605, 1176680.463], [2531366.744, 1176631.483], [2531365.744, 1176618.483], [2531358.481, 1176524.618], [2531357.937, 1176517.583], [2531350.586, 1176422.572], [2531337.474, 1176387.578], [2531332.029, 1176365.971], [2531337.345, 1176357.467], [2531339.576, 1176346.246], [2531341.562, 1176346.254], [2531342.328, 1176321.7], [2531324.019, 1176108.339], [2531320.799, 1176054.699], [2531333.299, 1176053.948], [2531337.739, 1176111.699], [2531339.039, 1176124.449], [2531356.568, 1176341.741], [2531360.533, 1176341.403], [2531364.747, 1176354.017], [2531373.5, 1176360.573], [2531372.148, 1176379.052], [2531364.591, 1176394.573], [2531363.067, 1176421.021], [2531373.243, 1176543.112]]]}, "properties": {"OBJECTID": 52119877, "EGRID": "CH244583837736", "NUMERO": "DP 51", "NO_COM_FED": 5757, "GENRE_TXT": "DP cantonal", "SUPERFICIE_MO": 9457, "SUPERFICIE_RF": null}}, {"type": "Feature", "id": 52120493, "geometry": {"type": "Polygon", "coordinates": [[[2530827.834, 1174888.142], [2530805.204, 1174881.852], [2530784.714, 1174896.663], [2530775.145, 1174903.323], [2530764.615, 1174910.344], [2530766.135, 1174913.944], [2530763.275, 1174915.464], [2530753.595, 1174919.824], [2530751.185, 1174913.334], [2530751.365, 1174913.264], [2530762.025, 1174907.424], [2530764.885, 1174906.164], [2530764.494, 1174903.404], [2530767.494, 1174901.854], [2530771.264, 1174899.574], [2530774.714, 1174897.293], [2530775.0640000002, 1174897.053], [2530772.214, 1174892.513], [2530777.754, 1174889.833], [2530798.214, 1174877.883], [2530828.974, 1174887.502], [2530827.834, 1174888.142]]]}, "properties": {"OBJECTID": 52120493, "EGRID": "CH568283452407", "NUMERO": "569", "NO_COM_FED": 5757, "GENRE_TXT": "parcelle priv\u00e9e", "SUPERFICIE_MO": 495, "SUPERFICIE_RF": 495}}, {"type": "Feature", "id": 52120631, "geometry": {"type": "Polygon", "coordinates": [[[2531074.898, 1175110.963], [2531082.038, 1175104.453], [2531074.017, 1175095.554], [2531072.737, 1175094.114], [2531070.787, 1175091.664], [2531071.237, 1175091.244], [2531077.297, 1175085.663], [2531089.777, 1175074.163], [2531093.207, 1175074.003], [2531096.207, 1175070.923], [2531133.118, 1175103.872], [2531133.868, 1175105.592], [2531133.898, 1175106.092], [2531099.618, 1175137.523], [2531089.808, 1175126.453], [2531089.058, 1175127.113], [2531088.168, 1175126.033], [2531087.948, 1175126.213], [2531084.958, 1175123.083], [2531074.898, 1175110.963]]]}, "properties": {"OBJECTID": 52120631, "EGRID": "CH298382464518", "NUMERO": "701", "NO_COM_FED": 5757, "GENRE_TXT": "parcelle priv\u00e9e", "SUPERFICIE_MO": 2238, "SUPERFICIE_RF": 2238}}, {"type": "Feature", "id": 52120633, "geometry": {"type": "Polygon", "coordinates": [[[2530759.156, 1175845.583], [2530758.616, 1175846.703], [2530754.366, 1175855.933], [2530750.776, 1175863.693], [2530747.926, 1175864.953], [2530726.496, 1175857.484], [2530737.825, 1175834.0929999999], [2530759.156, 1175845.583]]]}, "properties": {"OBJECTID": 52120633, "EGRID": "CH559283834571", "NUMERO": "735", "NO_COM_FED": 5757, "GENRE_TXT": "parcelle priv\u00e9e", "SUPERFICIE_MO": 584, "SUPERFICIE_RF": 584}}, {"type": "Feature", "id": 52120702, "geometry": {"type": "Polygon", "coordinates": [[[2531074.066, 1174970.134], [2531089.476, 1174977.273], [2531093.526, 1174979.683], [2531082.463, 1174994.928], [2531070.856, 1175010.924], [2531062.296, 1175005.594], [2531041.396, 1174992.565], [2531042.076, 1174991.495], [2531044.496, 1174987.705], [2531045.326, 1174986.172], [2531048.106, 1174981.035], [2531050.526, 1174976.934], [2531064.866, 1174985.844], [2531074.066, 1174970.134]]]}, "properties": {"OBJECTID": 52120702, "EGRID": "CH968283452069", "NUMERO": "998", "NO_COM_FED": 5757, "GENRE_TXT": "parcelle priv\u00e9e", "SUPERFICIE_MO": 1045, "SUPERFICIE_RF": 1045}}, {"type": "Feature", "id": 52120709, "geometry": {"type": "Polygon", "coordinates": [[[2530477.534, 1174453.974], [2530477.484, 1174474.52], [2530462.487, 1174476.102], [2530463.462, 1174481.292], [2530447.859, 1174486.738], [2530442.58, 1174455.202], [2530442.333, 1174453.934], [2530477.534, 1174453.974]]]}, "properties": {"OBJECTID": 52120709, "EGRID": "CH785683459025", "NUMERO": "2693", "NO_COM_FED": 5757, "GENRE_TXT": "parcelle priv\u00e9e", "SUPERFICIE_MO": 856, "SUPERFICIE_RF": 856}}, {"type": "Feature", "id": 52120909, "geometry": {"type": "Polygon", "coordinates": [[[2530879.946, 1174507.024], [2530884.042, 1174507.743], [2530886.363, 1174508.008], [2530901.835, 1174510.507], [2530890.329, 1174517.359], [2530875.239, 1174531.707], [2530879.946, 1174507.024]]]}, "properties": {"OBJECTID": 52120909, "EGRID": "CH374590688326", "NUMERO": "2410", "NO_COM_FED": 5757, "GENRE_TXT": "parcelle priv\u00e9e", "SUPERFICIE_MO": 248, "SUPERFICIE_RF": 248}}, {"type": "Feature", "id": 52120953, "geometry": {"type": "Polygon", "coordinates": [[[2530506.481, 1174636.858], [2530492.323, 1174620.916], [2530523.952, 1174593.131], [2530543.162, 1174617.174], [2530536.938, 1174624.533], [2530553.107, 1174637.964], [2530558.901, 1174642.8429999999], [2530561.151, 1174644.778], [2530547.8310000002, 1174658.548], [2530539.801, 1174666.908], [2530536.241, 1174670.638], [2530522.871, 1174655.9780000001], [2530517.481, 1174649.308], [2530506.481, 1174636.858]]]}, "properties": {"OBJECTID": 52120953, "EGRID": "CH555583904579", "NUMERO": "1026", "NO_COM_FED": 5757, "GENRE_TXT": "parcelle priv\u00e9e", "SUPERFICIE_MO": 2420, "SUPERFICIE_RF": 2420}}, {"type": "Feature", "id": 52120972, "geometry": {"type": "Polygon", "coordinates": [[[2531368.91, 1175277.584], [2531364.38, 1175278.414], [2531356.85, 1175279.794], [2531333.35, 1175284.095], [2531325, 1175285.625], [2531300.95, 1175257.256], [2531282.68, 1175237.197], [2531261.139, 1175218.717], [2531161.698, 1175134.781], [2531162.448, 1175133.861], [2531165.558, 1175130.081], [2531134.988, 1175105.352], [2531133.868, 1175105.592], [2531133.118, 1175103.872], [2531096.207, 1175070.923], [2531083.187, 1175066.973], [2531082.427, 1175066.443], [2531069.187, 1175057.184], [2531046.597, 1175044.894], [2531034.887, 1175039.055], [2531028.647, 1175035.945], [2531008.086, 1175025.576], [2531007.266, 1175025.156], [2531010.836, 1175019.216], [2531023.526, 1174998.145], [2531027.276, 1174991.905], [2531092.877, 1175031.043], [2531103.357, 1175038.923], [2531104.237, 1175039.503], [2531147.357, 1175068.141], [2531183.828, 1175099.71], [2531202.668, 1175115.669], [2531217.568, 1175128.299], [2531220.138, 1175130.499], [2531250.9390000002, 1175156.338], [2531265.799, 1175166.847], [2531308.929, 1175211.836], [2531368.91, 1175277.584]]]}, "properties": {"OBJECTID": 52120972, "EGRID": "CH368383457002", "NUMERO": "DP 151", "NO_COM_FED": 5757, "GENRE_TXT": "DP cantonal", "SUPERFICIE_MO": 16157, "SUPERFICIE_RF": null}}, {"type": "Feature", "id": 52121248, "geometry": {"type": "Polygon", "coordinates": [[[2530681.906, 1174453.47], [2530678.5107127433, 1174452.8869375188], [2530675.18, 1174452.007], [2530671.939131294, 1174450.8370540573], [2530668.8140000002, 1174449.386], [2530658.605, 1174442.809], [2530677.222, 1174401.104], [2530700.43, 1174411.655], [2530681.906, 1174453.47]]]}, "properties": {"OBJECTID": 52121248, "EGRID": "CH156883904558", "NUMERO": "1514", "NO_COM_FED": 5757, "GENRE_TXT": "parcelle priv\u00e9e", "SUPERFICIE_MO": 1196, "SUPERFICIE_RF": 1196}}, {"type": "Feature", "id": 52121260, "geometry": {"type": "Polygon", "coordinates": [[[2530670.899, 1175293.066], [2530677.309, 1175292.646], [2530677.729, 1175296.086], [2530670.999, 1175296.526], [2530670.899, 1175293.066]]]}, "properties": {"OBJECTID": 52121260, "EGRID": "CH738383457309", "NUMERO": "DP 160", "NO_COM_FED": 5757, "GENRE_TXT": "DP communal", "SUPERFICIE_MO": 23, "SUPERFICIE_RF": null}}, {"type": "Feature", "id": 52121276, "geometry": {"type": "Polygon", "coordinates": [[[2530450.407, 1174511.898], [2530449.231, 1174494.909], [2530447.859, 1174486.738], [2530463.462, 1174481.292], [2530462.487, 1174476.102], [2530477.484, 1174474.52], [2530497.808, 1174472.369], [2530498.966, 1174477.231], [2530496.246, 1174493.81], [2530495.5640000002, 1174498.185], [2530487.277, 1174507.902], [2530487.12, 1174507.348], [2530485.976, 1174504.569], [2530479.677, 1174506.904], [2530468.272, 1174505.861], [2530451.345, 1174511.581], [2530450.407, 1174511.898]]]}, "properties": {"OBJECTID": 52121276, "EGRID": "CH798390564537", "NUMERO": "2351", "NO_COM_FED": 5757, "GENRE_TXT": "parcelle priv\u00e9e", "SUPERFICIE_MO": 1418, "SUPERFICIE_RF": 1418}}, {"type": "Feature", "id": 52121871, "geometry": {"type": "Polygon", "coordinates": [[[2530765.255, 1174958.264], [2530767.655, 1174962.574], [2530754.245, 1174970.344], [2530753.725, 1174965.154], [2530765.255, 1174958.264]]]}, "properties": {"OBJECTID": 52121871, "EGRID": "CH344583822161", "NUMERO": "382", "NO_COM_FED": 5757, "GENRE_TXT": "parcelle priv\u00e9e", "SUPERFICIE_MO": 70, "SUPERFICIE_RF": 70}}, {"type": "Feature", "id": 52122266, "geometry": {"type": "Polygon", "coordinates": [[[2530760.478, 1175192.643], [2530751.438, 1175196.774], [2530750.568, 1175195.014], [2530750.338, 1175195.184], [2530749.468, 1175195.694], [2530748.728, 1175194.174], [2530733.838, 1175204.314], [2530730.458, 1175200.364], [2530748.758, 1175189.614], [2530748.618, 1175189.344], [2530750.808, 1175188.274], [2530757.408, 1175185.074], [2530760.478, 1175192.643]]]}, "properties": {"OBJECTID": 52122266, "EGRID": "CH568383457229", "NUMERO": "332", "NO_COM_FED": 5757, "GENRE_TXT": "parcelle priv\u00e9e", "SUPERFICIE_MO": 173, "SUPERFICIE_RF": 173}}, {"type": "Feature", "id": 52122367, "geometry": {"type": "Polygon", "coordinates": [[[2530891.353, 1174316.408], [2530890.9390000002, 1174320.992], [2530887.788, 1174320.649], [2530856.777, 1174317.273], [2530853.771, 1174316.946], [2530853.365, 1174313.2], [2530853.264, 1174310.457], [2530852.805, 1174308.639], [2530853.047, 1174306.23], [2530854.287, 1174293.9], [2530855.496, 1174285.807], [2530891.547, 1174290.003], [2530891.353, 1174316.408]]]}, "properties": {"OBJECTID": 52122367, "EGRID": "CH255683904557", "NUMERO": "1183", "NO_COM_FED": 5757, "GENRE_TXT": "parcelle priv\u00e9e", "SUPERFICIE_MO": 1172, "SUPERFICIE_RF": 1172}}, {"type": "Feature", "id": 52122818, "geometry": {"type": "Polygon", "coordinates": [[[2530264.705, 1175891.739], [2530267.475, 1175870.909], [2530269.675, 1175853.488], [2530281.825, 1175854.438], [2530292.815, 1175855.668], [2530290.635, 1175873.438], [2530287.995, 1175893.988], [2530264.705, 1175891.739]]]}, "properties": {"OBJECTID": 52122818, "EGRID": "CH450383834583", "NUMERO": "863", "NO_COM_FED": 5757, "GENRE_TXT": "parcelle priv\u00e9e", "SUPERFICIE_MO": 902, "SUPERFICIE_RF": 902}}, {"type": "Feature", "id": 52122994, "geometry": {"type": "Polygon", "coordinates": [[[2530337.688, 1176114.346], [2530322.118, 1176120.367], [2530316.957, 1176085.6469999999], [2530317.877, 1176083.547], [2530319.987, 1176082.997], [2530326.087, 1176085.276], [2530337.688, 1176114.346]]]}, "properties": {"OBJECTID": 52122994, "EGRID": "CH198382684583", "NUMERO": "1468", "NO_COM_FED": 5757, "GENRE_TXT": "parcelle priv\u00e9e", "SUPERFICIE_MO": 434, "SUPERFICIE_RF": 434}}, {"type": "Feature", "id": 52123016, "geometry": {"type": "Polygon", "coordinates": [[[2530605.297, 1175161.449], [2530601.417, 1175166.359], [2530596.107, 1175162.199], [2530594.907, 1175160.429], [2530593.917, 1175158.509], [2530593.127, 1175156.529], [2530592.677, 1175154.139], [2530590.097, 1175154.699], [2530588.797, 1175154.989], [2530578.207, 1175157.289], [2530578.947, 1175160.389], [2530580.097, 1175165.229], [2530581.017, 1175169.119], [2530581.577, 1175173.969], [2530581.637, 1175174.479], [2530582.537, 1175182.009], [2530583.387, 1175194.739], [2530582.668, 1175210.869], [2530582.528, 1175213.979], [2530579.738, 1175214.309], [2530584.228, 1175252.269], [2530585.248, 1175252.059], [2530587.058, 1175257.829], [2530588.578, 1175264.039], [2530589.558, 1175267.569], [2530582.178, 1175271.689], [2530578.558, 1175256.929], [2530573.778, 1175214.939], [2530574.017, 1175186.559], [2530574.037, 1175182.439], [2530573.017, 1175171.55], [2530572.107, 1175166.49], [2530570.777, 1175161.49], [2530569.087, 1175159.54], [2530562.057, 1175135.84], [2530561.827, 1175134.23], [2530560.537, 1175125.11], [2530559.857, 1175115.95], [2530559.876, 1175107.12], [2530561.016, 1175098.45], [2530558.6859999998, 1175098.36], [2530558.716, 1175097.95], [2530560.136, 1175090.29], [2530560.916, 1175086.11], [2530567.556, 1175067.74], [2530572.746, 1175066.35], [2530582.756, 1175063.679], [2530583.6302684853, 1175065.740550689], [2530584.716, 1175067.699], [2530586.0341228144, 1175069.575156232], [2530587.546, 1175071.299], [2530593.326, 1175076.609], [2530594.41560052, 1175077.5788184796], [2530595.3615841963, 1175078.6891752062], [2530596.146, 1175079.919], [2530596.694035648, 1175081.090090056], [2530597.096, 1175082.319], [2530597.726, 1175084.909], [2530598.486, 1175100.929], [2530598.776, 1175102.449], [2530599.207, 1175129.549], [2530599.217, 1175129.889], [2530597.067, 1175130.099], [2530599.707, 1175156.869], [2530605.297, 1175161.449]], [[2530568.316, 1175105.69], [2530568.577, 1175117.8], [2530571.107, 1175135.46], [2530577.247, 1175154.309], [2530577.407, 1175154.389], [2530579.497, 1175153.959], [2530591.017, 1175151.379], [2530593.297, 1175150.909], [2530593.067, 1175148.829], [2530592.597, 1175136.169], [2530592.117, 1175136.179], [2530590.856, 1175107.029], [2530590.796, 1175105.739], [2530590.036, 1175086.479], [2530587.446, 1175082.019], [2530582.346, 1175079.469], [2530577.466, 1175081.37], [2530569.076, 1175100.87], [2530568.316, 1175105.69]]]}, "properties": {"OBJECTID": 52123016, "EGRID": "CH144583837374", "NUMERO": "DP 109", "NO_COM_FED": 5757, "GENRE_TXT": "DP communal", "SUPERFICIE_MO": 2663, "SUPERFICIE_RF": null}}, {"type": "Feature", "id": 52123542, "geometry": {"type": "Polygon", "coordinates": [[[2530946.712, 1175473.237], [2530901.232, 1175486.569], [2530857.562, 1175498.91], [2530850.151, 1175464.56], [2530866.041, 1175461.32], [2530865.571, 1175459.08], [2530876.011, 1175455.809], [2530934.781, 1175437.438], [2530941.0810000002, 1175451.937], [2530943.551, 1175458.567], [2530945.522, 1175465.127], [2530946.712, 1175473.237]]]}, "properties": {"OBJECTID": 52123542, "EGRID": "CH352383824565", "NUMERO": "783", "NO_COM_FED": 5757, "GENRE_TXT": "parcelle priv\u00e9e", "SUPERFICIE_MO": 3356, "SUPERFICIE_RF": 3356}}, {"type": "Feature", "id": 52123803, "geometry": {"type": "Polygon", "coordinates": [[[2530697.889, 1175320.055], [2530697.299, 1175310.255], [2530697.799, 1175310.245], [2530698.159, 1175305.685], [2530712.409, 1175301.725], [2530712.539, 1175301.995], [2530715.809, 1175300.695], [2530721.609, 1175298.225], [2530725.949, 1175296.854], [2530730.349, 1175296.134], [2530729.679, 1175303.744], [2530729.649, 1175304.114], [2530728.379, 1175304.374], [2530715.949, 1175306.905], [2530715.249, 1175316.015], [2530715.359, 1175316.305], [2530709.499, 1175317.765], [2530709.389, 1175317.435], [2530706.269, 1175318.485], [2530705.519, 1175317.905], [2530703.359, 1175318.325], [2530703.449, 1175318.815], [2530697.889, 1175320.055]]]}, "properties": {"OBJECTID": 52123803, "EGRID": "CH368283452178", "NUMERO": "593", "NO_COM_FED": 5757, "GENRE_TXT": "parcelle priv\u00e9e", "SUPERFICIE_MO": 372, "SUPERFICIE_RF": 372}}, {"type": "Feature", "id": 52123846, "geometry": {"type": "Polygon", "coordinates": [[[2530172.643, 1174544.042], [2530220.65, 1174516.514], [2530225.966, 1174525.488], [2530230.349, 1174540.107], [2530222.407, 1174545.573], [2530216.542, 1174553.153], [2530199.205, 1174543.23], [2530172.643, 1174544.042]]]}, "properties": {"OBJECTID": 52123846, "EGRID": "CH455583904516", "NUMERO": "2354", "NO_COM_FED": 5757, "GENRE_TXT": "parcelle priv\u00e9e", "SUPERFICIE_MO": 915, "SUPERFICIE_RF": 915}}, {"type": "Feature", "id": 52124075, "geometry": {"type": "Polygon", "coordinates": [[[2530897.145, 1174232.283], [2530941.02, 1174236.901], [2530943.412, 1174213.523], [2530986.518, 1174218.075], [2530983.997, 1174262.457], [2530897.054, 1174253.723], [2530896.99, 1174241.102], [2530897.145, 1174232.283]]]}, "properties": {"OBJECTID": 52124075, "EGRID": "CH369083455621", "NUMERO": "2403", "NO_COM_FED": 5757, "GENRE_TXT": "parcelle priv\u00e9e", "SUPERFICIE_MO": 2890, "SUPERFICIE_RF": 2890}}, {"type": "Feature", "id": 52124095, "geometry": {"type": "Polygon", "coordinates": [[[2530626.818, 1175266.658], [2530636.778, 1175264.717], [2530638.608, 1175264.287], [2530639.949, 1175273.957], [2530636.239, 1175274.717], [2530628.129, 1175276.298], [2530626.818, 1175266.658]]]}, "properties": {"OBJECTID": 52124095, "EGRID": "CH780483458378", "NUMERO": "388", "NO_COM_FED": 5757, "GENRE_TXT": "parcelle priv\u00e9e", "SUPERFICIE_MO": 117, "SUPERFICIE_RF": 117}}, {"type": "Feature", "id": 52124260, "geometry": {"type": "Polygon", "coordinates": [[[2530743.274, 1174870.404], [2530743.634, 1174870.284], [2530744.524, 1174872.564], [2530744.854, 1174872.694], [2530747.724, 1174872.494], [2530747.7939999998, 1174872.844], [2530748.654, 1174876.884], [2530748.684, 1174877.264], [2530740.2939999998, 1174877.915], [2530739.384, 1174871.665], [2530743.274, 1174870.404]]]}, "properties": {"OBJECTID": 52124260, "EGRID": "CH274582248370", "NUMERO": "580", "NO_COM_FED": 5757, "GENRE_TXT": "parcelle priv\u00e9e", "SUPERFICIE_MO": 50, "SUPERFICIE_RF": 50}}, {"type": "Feature", "id": 52125053, "geometry": {"type": "Polygon", "coordinates": [[[2530770.495, 1176098.502], [2530778.853, 1176124.694], [2530783.489, 1176139.204], [2530772.749, 1176142.784], [2530757.319, 1176147.155], [2530742.259, 1176156.155], [2530732.989, 1176142.266], [2530724.128, 1176123.766], [2530717.618, 1176100.006], [2530741.708, 1176093.475], [2530749.788, 1176100.995], [2530754.798, 1176100.625], [2530770.495, 1176098.502]]]}, "properties": {"OBJECTID": 52125053, "EGRID": "CH908245658395", "NUMERO": "933", "NO_COM_FED": 5757, "GENRE_TXT": "parcelle priv\u00e9e", "SUPERFICIE_MO": 2597, "SUPERFICIE_RF": 2597}}, {"type": "Feature", "id": 52125074, "geometry": {"type": "Polygon", "coordinates": [[[2530575.643, 1174610.887], [2530572.221, 1174617.518], [2530569.605, 1174616.289], [2530559.64, 1174611.1570000001], [2530561.381, 1174607.747], [2530561.826, 1174607.977], [2530563.576, 1174604.584], [2530573.112, 1174609.49], [2530575.643, 1174610.887]]]}, "properties": {"OBJECTID": 52125074, "EGRID": "CH674590558360", "NUMERO": "1029", "NO_COM_FED": 5757, "GENRE_TXT": "parcelle priv\u00e9e", "SUPERFICIE_MO": 106, "SUPERFICIE_RF": 106}}, {"type": "Feature", "id": 52125534, "geometry": {"type": "Polygon", "coordinates": [[[2530704.502, 1174906.457], [2530701.894, 1174907.526], [2530698.854, 1174898.376], [2530700.243, 1174898.1469999999], [2530704.502, 1174906.457]]]}, "properties": {"OBJECTID": 52125534, "EGRID": "CH144583014755", "NUMERO": "2855", "NO_COM_FED": 5757, "GENRE_TXT": "parcelle priv\u00e9e", "SUPERFICIE_MO": 20, "SUPERFICIE_RF": 20}}, {"type": "Feature", "id": 52125660, "geometry": {"type": "Polygon", "coordinates": [[[2530314.434, 1175819.497], [2530317.754, 1175822.017], [2530340.384, 1175825.716], [2530339.465, 1175850.126], [2530317.655, 1175849.127], [2530309.965, 1175848.437], [2530314.434, 1175819.497]]]}, "properties": {"OBJECTID": 52125660, "EGRID": "CH938383450707", "NUMERO": "2548", "NO_COM_FED": 5757, "GENRE_TXT": "parcelle priv\u00e9e", "SUPERFICIE_MO": 732, "SUPERFICIE_RF": 732}}, {"type": "Feature", "id": 52125742, "geometry": {"type": "Polygon", "coordinates": [[[2530668.8109999998, 1175488.746], [2530665.261, 1175489.116], [2530666.0810000002, 1175494.226], [2530667.341, 1175495.216], [2530667.111, 1175496.796], [2530665.651, 1175497.446], [2530660.201, 1175498.386], [2530659.681, 1175495.326], [2530660.661, 1175495.156], [2530659.891, 1175490.246], [2530659.341, 1175486.416], [2530665.741, 1175484.926], [2530668.771, 1175484.586], [2530668.791, 1175488.476], [2530668.8109999998, 1175488.746]]]}, "properties": {"OBJECTID": 52125742, "EGRID": "CH998383154558", "NUMERO": "618", "NO_COM_FED": 5757, "GENRE_TXT": "DDP superficie", "SUPERFICIE_MO": 87, "SUPERFICIE_RF": 87}}, {"type": "Feature", "id": 52125949, "geometry": {"type": "Polygon", "coordinates": [[[2530826.453, 1175645.911], [2530826.633, 1175646.411], [2530842.264, 1175689.47], [2530847.824, 1175687.27], [2530850.504, 1175724.55], [2530883.214, 1175728.779], [2530872.595, 1175742.429], [2530869.705, 1175744.619], [2530861.815, 1175747.7], [2530860.725, 1175757.62], [2530860.725, 1175768.98], [2530859.435, 1175773.34], [2530810.955, 1175795.541], [2530807.305, 1175797.381], [2530799.775, 1175789.482], [2530786.775, 1175775.872], [2530776.315, 1175764.2719999999], [2530743.434, 1175749.573], [2530739.684, 1175747.163], [2530742.824, 1175744.943], [2530741.584, 1175743.1030000001], [2530740.774, 1175740.693], [2530740.584, 1175728.773], [2530751.324, 1175721.073], [2530751.8140000002, 1175718.783], [2530762.894, 1175723.823], [2530773.184, 1175720.912], [2530784.004, 1175709.222], [2530793.5640000002, 1175695.942], [2530785.804, 1175676.642], [2530775.163, 1175664.042], [2530808.013, 1175650.611], [2530808.183, 1175651.011], [2530826.453, 1175645.911]]]}, "properties": {"OBJECTID": 52125949, "EGRID": "CH781583458273", "NUMERO": "754", "NO_COM_FED": 5757, "GENRE_TXT": "parcelle priv\u00e9e", "SUPERFICIE_MO": 10664, "SUPERFICIE_RF": 10664}}, {"type": "Feature", "id": 52126328, "geometry": {"type": "Polygon", "coordinates": [[[2531118.101, 1176329.617], [2531139.5810000002, 1176327.946], [2531139.691, 1176329.446], [2531144.552, 1176397.097], [2531140.355, 1176404.796], [2531108.43, 1176409.211], [2531097.366, 1176407.87], [2531087.279, 1176403.11], [2531078.659, 1176394.633], [2531057.529, 1176364.68], [2531051.523, 1176354.351], [2531047.472, 1176346.206], [2531042.942, 1176335.312], [2531111.711, 1176329.997], [2531118.101, 1176329.617]]]}, "properties": {"OBJECTID": 52126328, "EGRID": "CH468283456104", "NUMERO": "153", "NO_COM_FED": 5757, "GENRE_TXT": "parcelle priv\u00e9e", "SUPERFICIE_MO": 6021, "SUPERFICIE_RF": 6021}}, {"type": "Feature", "id": 52126330, "geometry": {"type": "Polygon", "coordinates": [[[2530477.534, 1174453.974], [2530442.333, 1174453.934], [2530437.4359999998, 1174431.155], [2530449.931, 1174431.113], [2530477.556, 1174431.207], [2530477.534, 1174453.974]]]}, "properties": {"OBJECTID": 52126330, "EGRID": "CH774590568323", "NUMERO": "2692", "NO_COM_FED": 5757, "GENRE_TXT": "parcelle priv\u00e9e", "SUPERFICIE_MO": 859, "SUPERFICIE_RF": 859}}, {"type": "Feature", "id": 52126634, "geometry": {"type": "Polygon", "coordinates": [[[2530689.599, 1175323.186], [2530693.209, 1175337.225], [2530683.009, 1175339.156], [2530682.019, 1175334.156], [2530680.809, 1175334.406], [2530680.58936124, 1175334.8424664992], [2530680.3009148254, 1175335.2368557171], [2530679.9515199675, 1175335.57842185], [2530679.550696524, 1175335.8578583482], [2530679.1093656095, 1175336.06755149], [2530678.639552035, 1175336.201787829], [2530678.154056669, 1175336.2569098684], [2530677.6661076574, 1175336.2314157148], [2530677.1890000002, 1175336.126], [2530676.739757267, 1175335.9450505767], [2530676.3260939177, 1175335.6931689358], [2530675.959115561, 1175335.377117337], [2530675.6486744545, 1175335.005380808], [2530675.4031050024, 1175334.5879393492], [2530675.229, 1175334.136], [2530673.759, 1175334.426], [2530673.509, 1175334.466], [2530670.1689999998, 1175335.116], [2530668.859, 1175327.856], [2530668.739, 1175327.196], [2530689.599, 1175323.186]]]}, "properties": {"OBJECTID": 52126634, "EGRID": "CH657283834592", "NUMERO": "638", "NO_COM_FED": 5757, "GENRE_TXT": "parcelle priv\u00e9e", "SUPERFICIE_MO": 252, "SUPERFICIE_RF": 252}}, {"type": "Feature", "id": 52127171, "geometry": {"type": "Polygon", "coordinates": [[[2530413.171, 1174298.426], [2530402.26, 1174299.948], [2530401.528, 1174294.702], [2530400.329, 1174278.508], [2530392.989, 1174189.092], [2530391.171, 1174137.01], [2530394.1689999998, 1174081.419], [2530392.676, 1174046.413], [2530385.726, 1174004.779], [2530361.211, 1173891.611], [2530359.135, 1173881.589], [2530342.416, 1173824.745], [2530312.084, 1173715.915], [2530284.25, 1173575.19], [2530267.593, 1173518.564], [2530202.827, 1173358.081], [2530195.703, 1173343.604], [2530192.258, 1173335.306], [2530186.054, 1173320.607], [2530196.963, 1173320.607], [2530211.11, 1173354.558], [2530245.372, 1173435.673], [2530272.468, 1173503.097], [2530287.073, 1173545.534], [2530293.466, 1173573.2820000001], [2530305.108, 1173620.31], [2530318.806, 1173696.456], [2530322.742, 1173712.539], [2530339.178, 1173768.9679999999], [2530369.405, 1173878.742], [2530395.694, 1173998.668], [2530401.583, 1174028.078], [2530404.907, 1174062.034], [2530405.079, 1174082.01], [2530401.677, 1174156.381], [2530405.178, 1174210.242], [2530408.45, 1174246.865], [2530412.574, 1174292.9780000001], [2530413.171, 1174298.426]]]}, "properties": {"OBJECTID": 52127171, "EGRID": "CH274590568396", "NUMERO": "DP 195", "NO_COM_FED": 5757, "GENRE_TXT": "DP cantonal", "SUPERFICIE_MO": 10865, "SUPERFICIE_RF": null}}, {"type": "Feature", "id": 52127570, "geometry": {"type": "Polygon", "coordinates": [[[2530748.874, 1174904.514], [2530746.554, 1174897.854], [2530761.304, 1174896.324], [2530761.244, 1174898.024], [2530760.894, 1174900.874], [2530761.124, 1174901.034], [2530761.244, 1174901.554], [2530748.874, 1174904.514]]]}, "properties": {"OBJECTID": 52127570, "EGRID": "CH428395834595", "NUMERO": "571", "NO_COM_FED": 5757, "GENRE_TXT": "parcelle priv\u00e9e", "SUPERFICIE_MO": 82, "SUPERFICIE_RF": 82}}, {"type": "Feature", "id": 52127699, "geometry": {"type": "Polygon", "coordinates": [[[2530644.765, 1174658.516], [2530612.284, 1174644.613], [2530621.534, 1174626.725], [2530654.6, 1174641.925], [2530648.071, 1174652.9679999999], [2530644.765, 1174658.516]]]}, "properties": {"OBJECTID": 52127699, "EGRID": "CH474508458323", "NUMERO": "2823", "NO_COM_FED": 5757, "GENRE_TXT": "parcelle priv\u00e9e", "SUPERFICIE_MO": 704, "SUPERFICIE_RF": 704}}, {"type": "Feature", "id": 52127700, "geometry": {"type": "Polygon", "coordinates": [[[2530575.239, 1176180.36], [2530638.229, 1176176.989], [2530636.359, 1176183.549], [2530617.399, 1176233.22], [2530575.759, 1176235.441], [2530570.599, 1176235.731], [2530567.599, 1176239.071], [2530558.012, 1176249.735], [2530547.579, 1176261.342], [2530529.5, 1176281.452], [2530528.42, 1176278.7719999999], [2530526.849, 1176249.902], [2530526.079, 1176235.082], [2530575.239, 1176180.36]]]}, "properties": {"OBJECTID": 52127700, "EGRID": "CH728315834534", "NUMERO": "927", "NO_COM_FED": 5757, "GENRE_TXT": "DDP superficie", "SUPERFICIE_MO": 5327, "SUPERFICIE_RF": 5327}}, {"type": "Feature", "id": 52128085, "geometry": {"type": "Polygon", "coordinates": [[[2530761.579, 1176184.565], [2530742.259, 1176156.155], [2530757.319, 1176147.155], [2530772.749, 1176142.784], [2530783.489, 1176139.204], [2530788.079, 1176153.574], [2530790.599, 1176153.144], [2530791.079, 1176170.534], [2530761.579, 1176184.565]]]}, "properties": {"OBJECTID": 52128085, "EGRID": "CH144583824409", "NUMERO": "929", "NO_COM_FED": 5757, "GENRE_TXT": "parcelle priv\u00e9e", "SUPERFICIE_MO": 1358, "SUPERFICIE_RF": 1358}}, {"type": "Feature", "id": 52128301, "geometry": {"type": "Polygon", "coordinates": [[[2530837.281, 1175418.731], [2530830.84, 1175396.821], [2530836.41, 1175394.611], [2530835.13, 1175389.411], [2530836.296934239, 1175389.0404636061], [2530837.3959692884, 1175388.50087608], [2530838.4027725114, 1175387.8041838899], [2530839.2950532846, 1175386.9658118011], [2530840.053056511, 1175386.0043213717], [2530840.66, 1175384.941], [2530841.031559634, 1175384.0210984773], [2530841.289481016, 1175383.0631047746], [2530841.43, 1175382.081], [2530841.34, 1175378.951], [2530841.0490903575, 1175377.0034588934], [2530840.58, 1175375.091], [2530836.11, 1175356.561], [2530852.96, 1175351.9], [2530857.6, 1175371.93], [2530859.21, 1175378.26], [2530860.19, 1175384.22], [2530862.52, 1175392.49], [2530865.471, 1175396.98], [2530867.551, 1175402.49], [2530868.641, 1175409.68], [2530856.271, 1175412.94], [2530840.761, 1175417.561], [2530837.281, 1175418.731]]]}, "properties": {"OBJECTID": 52128301, "EGRID": "CH644583837202", "NUMERO": "974", "NO_COM_FED": 5757, "GENRE_TXT": "parcelle priv\u00e9e", "SUPERFICIE_MO": 1453, "SUPERFICIE_RF": 1453}}, {"type": "Feature", "id": 52128537, "geometry": {"type": "Polygon", "coordinates": [[[2530264.705, 1175891.739], [2530247.845, 1175889.989], [2530244.045, 1175885.789], [2530244.864, 1175852.029], [2530269.675, 1175853.488], [2530267.475, 1175870.909], [2530264.705, 1175891.739]]]}, "properties": {"OBJECTID": 52128537, "EGRID": "CH928373834526", "NUMERO": "862", "NO_COM_FED": 5757, "GENRE_TXT": "parcelle priv\u00e9e", "SUPERFICIE_MO": 863, "SUPERFICIE_RF": 863}}, {"type": "Feature", "id": 52128642, "geometry": {"type": "Polygon", "coordinates": [[[2530681.067, 1175943.035], [2530679.756, 1175939.095], [2530698.266, 1175919.405], [2530705.516, 1175911.674], [2530724.026, 1175929.064], [2530707.707, 1175946.504], [2530709.967, 1175948.624], [2530694.947, 1175964.395], [2530693.727, 1175963.225], [2530690.847, 1175958.395], [2530688.507, 1175955.215], [2530686.127, 1175951.835], [2530682.627, 1175946.125], [2530681.067, 1175943.035]]]}, "properties": {"OBJECTID": 52128642, "EGRID": "CH908245678389", "NUMERO": "729", "NO_COM_FED": 5757, "GENRE_TXT": "parcelle priv\u00e9e", "SUPERFICIE_MO": 1135, "SUPERFICIE_RF": 1135}}, {"type": "Feature", "id": 52129564, "geometry": {"type": "Polygon", "coordinates": [[[2531233.736, 1174886.61], [2531232.216, 1174873.903], [2531235.726, 1174873.153], [2531267.836, 1174866.582], [2531267.786, 1174867.592], [2531266.346, 1174875.312], [2531250.056, 1174882.902], [2531241.565, 1174886.811], [2531239.648, 1174887.449], [2531238.654, 1174887.489], [2531233.736, 1174886.61]]]}, "properties": {"OBJECTID": 52129564, "EGRID": "CH614567838288", "NUMERO": "266", "NO_COM_FED": 5757, "GENRE_TXT": "parcelle priv\u00e9e", "SUPERFICIE_MO": 418, "SUPERFICIE_RF": 419}}, {"type": "Feature", "id": 52129604, "geometry": {"type": "Polygon", "coordinates": [[[2530469.076, 1175898.652], [2530473.266, 1175898.422], [2530476.976, 1175935.132], [2530455.216, 1175937.802], [2530446.596, 1175910.873], [2530444.935, 1175900.383], [2530469.076, 1175898.652]]]}, "properties": {"OBJECTID": 52129604, "EGRID": "CH744583839740", "NUMERO": "881", "NO_COM_FED": 5757, "GENRE_TXT": "parcelle priv\u00e9e", "SUPERFICIE_MO": 968, "SUPERFICIE_RF": 968}}, {"type": "Feature", "id": 52129908, "geometry": {"type": "Polygon", "coordinates": [[[2530676.652, 1174733.317], [2530680.482, 1174728.087], [2530684.142, 1174723.087], [2530702.452, 1174698.076], [2530737.632, 1174723.255], [2530733.132, 1174727.395], [2530714.343, 1174744.916], [2530711.833, 1174748.066], [2530699.462, 1174740.126], [2530676.652, 1174733.317]]]}, "properties": {"OBJECTID": 52129908, "EGRID": "CH480183458367", "NUMERO": "1058", "NO_COM_FED": 5757, "GENRE_TXT": "parcelle priv\u00e9e", "SUPERFICIE_MO": 1513, "SUPERFICIE_RF": 1513}}, {"type": "Feature", "id": 52129964, "geometry": {"type": "Polygon", "coordinates": [[[2530856.209, 1174281.199], [2530856.368, 1174280.174], [2530858.147, 1174266.307], [2530859.591, 1174255.193], [2530891.643, 1174258.642], [2530891.547, 1174290.003], [2530855.496, 1174285.807], [2530856.209, 1174281.199]]]}, "properties": {"OBJECTID": 52129964, "EGRID": "CH269083455655", "NUMERO": "1179", "NO_COM_FED": 5757, "GENRE_TXT": "parcelle priv\u00e9e", "SUPERFICIE_MO": 1061, "SUPERFICIE_RF": 1061}}, {"type": "Feature", "id": 52129967, "geometry": {"type": "Polygon", "coordinates": [[[2530552.126, 1175912.809], [2530517.806, 1175917.83], [2530514.016, 1175892.051], [2530531.876, 1175893.3], [2530549.096, 1175894.489], [2530552.126, 1175912.809]]]}, "properties": {"OBJECTID": 52129967, "EGRID": "CH314522838213", "NUMERO": "1504", "NO_COM_FED": 5757, "GENRE_TXT": "parcelle priv\u00e9e", "SUPERFICIE_MO": 769, "SUPERFICIE_RF": 769}}, {"type": "Feature", "id": 52130069, "geometry": {"type": "Polygon", "coordinates": [[[2530722.203, 1175607.574], [2530745.383, 1175602.303], [2530746.553, 1175607.963], [2530747.873, 1175614.463], [2530749.533, 1175621.1030000001], [2530724.953, 1175627.934], [2530724.103, 1175629.494], [2530722.203, 1175607.574]]]}, "properties": {"OBJECTID": 52130069, "EGRID": "CH558983834555", "NUMERO": "763", "NO_COM_FED": 5757, "GENRE_TXT": "parcelle priv\u00e9e", "SUPERFICIE_MO": 497, "SUPERFICIE_RF": 497}}, {"type": "Feature", "id": 52130323, "geometry": {"type": "Polygon", "coordinates": [[[2530606.23, 1174720.524], [2530606.755, 1174719.673], [2530618.798, 1174700.14], [2530623.052, 1174702.768], [2530639.742, 1174713.378], [2530646.062, 1174707.448], [2530673.242, 1174730.387], [2530646.672, 1174754.2179999999], [2530645.022, 1174755.738], [2530620.072, 1174729.059], [2530606.23, 1174720.524]], [[2530642.382, 1174741.348], [2530639.122, 1174744.408], [2530643.552, 1174749.068], [2530646.762, 1174746.058], [2530642.382, 1174741.348]], [[2530620.192, 1174712.668], [2530615.742, 1174719.539], [2530617.502, 1174720.679], [2530616.552, 1174722.189], [2530619.342, 1174724.009], [2530620.112, 1174722.809], [2530620.312, 1174722.509], [2530623.062, 1174724.328], [2530622.632, 1174724.998], [2530624.712, 1174726.388], [2530630.082, 1174718.138], [2530628.112, 1174716.838], [2530628.222, 1174716.648], [2530628.322, 1174715.2280000001], [2530626.392, 1174713.9679999999], [2530625.132, 1174714.638], [2530624.562, 1174715.528], [2530620.192, 1174712.668]], [[2530645.652, 1174727.608], [2530639.342, 1174733.268], [2530648.342, 1174743.308], [2530654.652, 1174737.6469999999], [2530645.652, 1174727.608]]]}, "properties": {"OBJECTID": 52130323, "EGRID": "CH144583948628", "NUMERO": "1196", "NO_COM_FED": 5757, "GENRE_TXT": "parcelle priv\u00e9e", "SUPERFICIE_MO": 1512, "SUPERFICIE_RF": 1512}}, {"type": "Feature", "id": 52130476, "geometry": {"type": "Polygon", "coordinates": [[[2530674.458, 1175232.936], [2530672.828, 1175232.866], [2530672.488, 1175225.906], [2530676.448, 1175225.876], [2530690.838, 1175225.756], [2530690.198, 1175232.266], [2530686.828, 1175232.416], [2530676.198, 1175232.596], [2530674.488, 1175232.476], [2530674.458, 1175232.936]]]}, "properties": {"OBJECTID": 52130476, "EGRID": "CH682283458215", "NUMERO": "429", "NO_COM_FED": 5757, "GENRE_TXT": "parcelle priv\u00e9e", "SUPERFICIE_MO": 119, "SUPERFICIE_RF": 119}}, {"type": "Feature", "id": 52130939, "geometry": {"type": "Polygon", "coordinates": [[[2530966.978, 1175140.057], [2530957.298, 1175126.617], [2530958.238, 1175125.987], [2530967.208, 1175119.557], [2530974.487, 1175114.267], [2530979.457, 1175110.767], [2530980.257, 1175111.927], [2530990.068, 1175125.626], [2530976.378, 1175135.297], [2530975.438, 1175133.967], [2530967.898, 1175139.377], [2530966.978, 1175140.057]]]}, "properties": {"OBJECTID": 52130939, "EGRID": "CH638382452107", "NUMERO": "676", "NO_COM_FED": 5757, "GENRE_TXT": "parcelle priv\u00e9e", "SUPERFICIE_MO": 478, "SUPERFICIE_RF": 478}}, {"type": "Feature", "id": 52130965, "geometry": {"type": "Polygon", "coordinates": [[[2530927.009, 1175283.008], [2530894.989, 1175293.379], [2530867.789, 1175302.27], [2530844.969, 1175309.731], [2530841.879, 1175301.001], [2530868.459, 1175292.97], [2530892.857, 1175284.625], [2530896.037, 1175283.648], [2530913.796, 1175277.345], [2530922.949, 1175273.638], [2530927.009, 1175283.008]]]}, "properties": {"OBJECTID": 52130965, "EGRID": "CH989783458321", "NUMERO": "DP 124", "NO_COM_FED": 5757, "GENRE_TXT": "DP communal", "SUPERFICIE_MO": 779, "SUPERFICIE_RF": null}}, {"type": "Feature", "id": 52130981, "geometry": {"type": "Polygon", "coordinates": [[[2530952.089, 1176122.439], [2530949.369, 1176118.599], [2530947.619, 1176110.579], [2530946.078, 1176102.799], [2530968.871, 1176097.185], [2530973.339, 1176112.339], [2530974.389, 1176116.179], [2530977.059, 1176126.039], [2530957.959, 1176130.929], [2530952.089, 1176122.439]]]}, "properties": {"OBJECTID": 52130981, "EGRID": "CH738383458495", "NUMERO": "954", "NO_COM_FED": 5757, "GENRE_TXT": "parcelle priv\u00e9e", "SUPERFICIE_MO": 700, "SUPERFICIE_RF": 700}}, {"type": "Feature", "id": 52131099, "geometry": {"type": "Polygon", "coordinates": [[[2530660.147, 1175118.537], [2530655.247, 1175119.677], [2530648.667, 1175121.187], [2530648.117, 1175114.797], [2530654.167, 1175113.787], [2530659.677, 1175112.627], [2530660.717, 1175118.3969999999], [2530660.147, 1175118.537]]]}, "properties": {"OBJECTID": 52131099, "EGRID": "CH168283452248", "NUMERO": "471", "NO_COM_FED": 5757, "GENRE_TXT": "parcelle priv\u00e9e", "SUPERFICIE_MO": 73, "SUPERFICIE_RF": 73}}, {"type": "Feature", "id": 52131135, "geometry": {"type": "Polygon", "coordinates": [[[2530742.259, 1176156.155], [2530761.579, 1176184.565], [2530775.529, 1176228.705], [2530779.67, 1176241.765], [2530784.33, 1176257.925], [2530792.98, 1176287.885], [2530793.55, 1176289.785], [2530809.201, 1176343.765], [2530800.841, 1176345.816], [2530770.63, 1176245.776], [2530757.849, 1176205.645], [2530752.209, 1176188.405], [2530729.9390000002, 1176155.606], [2530724.249, 1176147.216], [2530715.038, 1176128.616], [2530696.708, 1176061.166], [2530702.678, 1176044.815], [2530710.598, 1176074.416], [2530717.618, 1176100.006], [2530724.128, 1176123.766], [2530732.989, 1176142.266], [2530742.259, 1176156.155]]]}, "properties": {"OBJECTID": 52131135, "EGRID": "CH114526838245", "NUMERO": "DP 24", "NO_COM_FED": 5757, "GENRE_TXT": "DP communal", "SUPERFICIE_MO": 3030, "SUPERFICIE_RF": null}}, {"type": "Feature", "id": 52131407, "geometry": {"type": "Polygon", "coordinates": [[[2530724.103, 1175629.494], [2530723.933, 1175631.274], [2530726.033, 1175660.474], [2530727.574, 1175682.354], [2530703.983, 1175669.295], [2530703.443, 1175669.615], [2530701.699, 1175666.573], [2530701.253, 1175665.795], [2530695.353, 1175653.765], [2530688.503, 1175638.235], [2530688.123, 1175637.165], [2530685.033, 1175620.585], [2530683.813, 1175612.605], [2530683.393, 1175605.115], [2530683.433, 1175603.915], [2530682.532, 1175586.796], [2530682.392, 1175583.746], [2530683.602, 1175557.626], [2530684.032, 1175557.576], [2530687.252, 1175529.965], [2530689.531, 1175509.785], [2530691.671, 1175487.195], [2530692.591, 1175468.945], [2530692.5810000002, 1175457.485], [2530693.421, 1175447.155], [2530693.3310000002, 1175438.205], [2530689.51, 1175437.287], [2530687.326, 1175436.145], [2530685.33, 1175434.516], [2530683.379, 1175433.152], [2530681.56, 1175432.302], [2530679.772, 1175431.758], [2530676.579, 1175431.432], [2530672.542, 1175431.993], [2530671.039, 1175432.254], [2530665.91, 1175433.146], [2530666.62, 1175428.386], [2530668.86, 1175416.596], [2530664.55, 1175414.306], [2530661.63, 1175412.096], [2530659.11, 1175409.566], [2530657.08, 1175407.087], [2530655.4, 1175404.357], [2530651.93, 1175397.487], [2530646.59, 1175386.787], [2530638.91, 1175371.637], [2530635.09, 1175363.587], [2530628.869, 1175337.208], [2530623.299, 1175321.738], [2530634.379, 1175326.317], [2530636.229, 1175340.217], [2530636.54, 1175341.583], [2530637.569, 1175346.097], [2530640.76, 1175355.457], [2530641.11, 1175355.257], [2530643.22, 1175359.707], [2530648.58, 1175370.987], [2530652.65, 1175379.577], [2530652.74, 1175379.747], [2530656.21, 1175388.317], [2530656.73, 1175389.1469999999], [2530658.32, 1175392.057], [2530658.85, 1175392.667], [2530664.41, 1175401.436], [2530667.97, 1175405.176], [2530673.57, 1175408.416], [2530679.06, 1175410.176], [2530683.2893041414, 1175411.2375868715], [2530687.6245132955, 1175411.7065663962], [2530691.983, 1175411.574], [2530693.904337109, 1175411.3281060192], [2530695.8412940633, 1175411.3140385472], [2530697.766, 1175411.5320000001], [2530697.73, 1175409.855], [2530697.59, 1175395.675], [2530696.93, 1175386.425], [2530696.59, 1175382.125], [2530696.22, 1175377.235], [2530694.22, 1175350.405], [2530694.11, 1175348.895], [2530693.209, 1175337.225], [2530689.599, 1175323.186], [2530688.059, 1175317.216], [2530699.379, 1175328.275], [2530700.929, 1175327.945], [2530701.019, 1175328.655], [2530702.129, 1175337.465], [2530704.09, 1175352.795], [2530704.75, 1175358.195], [2530704.82, 1175358.685], [2530705.08, 1175358.665], [2530705.21, 1175360.535], [2530705.699, 1175369.717], [2530705.81, 1175371.795], [2530705.947, 1175374.454], [2530706.048, 1175376.509], [2530706.24, 1175380.305], [2530707.13, 1175399.185], [2530707.43, 1175402.855], [2530708.09, 1175410.405], [2530708.19, 1175412.625], [2530708.87, 1175422.365], [2530710.821, 1175447.195], [2530713.151, 1175480.135], [2530713.321, 1175482.435], [2530715.251, 1175508.945], [2530716.032, 1175520.605], [2530717.752, 1175543.954], [2530718.342, 1175553.914], [2530719.572, 1175569.084], [2530722.203, 1175607.574], [2530724.103, 1175629.494]], [[2530692.053, 1175626.785], [2530697.383, 1175641.855], [2530711.213, 1175639.705], [2530700.281, 1175489.325], [2530697.901, 1175489.155], [2530693.252, 1175541.575], [2530689.082, 1175569.735], [2530689.633, 1175603.145], [2530692.053, 1175626.785]]]}, "properties": {"OBJECTID": 52131407, "EGRID": "CH482383458256", "NUMERO": "DP 15", "NO_COM_FED": 5757, "GENRE_TXT": "DP communal", "SUPERFICIE_MO": 7721, "SUPERFICIE_RF": null}}, {"type": "Feature", "id": 52131868, "geometry": {"type": "Polygon", "coordinates": [[[2530250.244, 1175820.879], [2530254.334, 1175796.249], [2530263.804, 1175776.308], [2530270.744, 1175781.958], [2530285.774, 1175795.918], [2530276.354, 1175828.048], [2530250.244, 1175820.879]]]}, "properties": {"OBJECTID": 52131868, "EGRID": "CH868383457026", "NUMERO": "786", "NO_COM_FED": 5757, "GENRE_TXT": "parcelle priv\u00e9e", "SUPERFICIE_MO": 1158, "SUPERFICIE_RF": 1158}}, {"type": "Feature", "id": 52132018, "geometry": {"type": "Polygon", "coordinates": [[[2530898.823, 1175628.679], [2530890.023, 1175630.889], [2530862.913, 1175637.93], [2530861.963, 1175638.52], [2530852.003, 1175622.25], [2530880.243, 1175614.289], [2530895.243, 1175610.669], [2530898.823, 1175628.679]]]}, "properties": {"OBJECTID": 52132018, "EGRID": "CH714573838396", "NUMERO": "770", "NO_COM_FED": 5757, "GENRE_TXT": "parcelle priv\u00e9e", "SUPERFICIE_MO": 760, "SUPERFICIE_RF": 760}}, {"type": "Feature", "id": 52132102, "geometry": {"type": "Polygon", "coordinates": [[[2530771.162, 1175562.553], [2530763.512, 1175563.513], [2530749.622, 1175562.383], [2530730.422, 1175558.004], [2530720.502, 1175555.314], [2530719.272, 1175554.924], [2530718.342, 1175553.914], [2530717.752, 1175543.954], [2530716.032, 1175520.605], [2530715.251, 1175508.945], [2530738.572, 1175509.084], [2530756.192, 1175509.183], [2530757.162, 1175523.493], [2530764.412, 1175524.063], [2530767.052, 1175539.1030000001], [2530771.162, 1175562.553]]]}, "properties": {"OBJECTID": 52132102, "EGRID": "CH959483834575", "NUMERO": "778", "NO_COM_FED": 5757, "GENRE_TXT": "parcelle priv\u00e9e", "SUPERFICIE_MO": 2437, "SUPERFICIE_RF": 2437}}, {"type": "Feature", "id": 52132122, "geometry": {"type": "Polygon", "coordinates": [[[2530966.845, 1174880.557], [2530969.745, 1174882.057], [2530974.595, 1174886.547], [2530989.082, 1174899.949], [2530954.155, 1174944.888], [2530931.195, 1174922.4780000001], [2530966.325, 1174881.097], [2530966.845, 1174880.557]]]}, "properties": {"OBJECTID": 52132122, "EGRID": "CH598383724523", "NUMERO": "1000", "NO_COM_FED": 5757, "GENRE_TXT": "parcelle priv\u00e9e", "SUPERFICIE_MO": 1732, "SUPERFICIE_RF": 1732}}, {"type": "Feature", "id": 52132299, "geometry": {"type": "Polygon", "coordinates": [[[2531030.09, 1176203.998], [2531025.78, 1176204.928], [2531026.069, 1176190.758], [2531023.429, 1176181.208], [2531006.399, 1176118.9780000001], [2531010.729, 1176117.808], [2531030.299, 1176190.038], [2531030.09, 1176203.998]]]}, "properties": {"OBJECTID": 52132299, "EGRID": "CH284283458296", "NUMERO": "74", "NO_COM_FED": 5757, "GENRE_TXT": "parcelle priv\u00e9e", "SUPERFICIE_MO": 387, "SUPERFICIE_RF": 387}}, {"type": "Feature", "id": 52132362, "geometry": {"type": "Polygon", "coordinates": [[[2530892.309, 1174363.43], [2530931.968, 1174372.534], [2530970.268, 1174381.375], [2530962.9, 1174413.703], [2530962.32, 1174416.568], [2530943.153, 1174481.658], [2530926.254, 1174491.816], [2530921.981, 1174495.352], [2530883.529, 1174488.612], [2530883.715, 1174487.786], [2530888.453, 1174406.908], [2530890.649, 1174381.262], [2530892.309, 1174363.43]]]}, "properties": {"OBJECTID": 52132362, "EGRID": "CH398390684540", "NUMERO": "2408", "NO_COM_FED": 5757, "GENRE_TXT": "parcelle priv\u00e9e", "SUPERFICIE_MO": 8305, "SUPERFICIE_RF": 8305}}, {"type": "Feature", "id": 52132446, "geometry": {"type": "Polygon", "coordinates": [[[2530786.586, 1175846.332], [2530768.046, 1175843.242], [2530759.746, 1175845.403], [2530759.156, 1175845.583], [2530737.825, 1175834.0929999999], [2530693.915, 1175810.555], [2530704.005, 1175799.905], [2530714.655, 1175788.944], [2530715.115, 1175788.454], [2530759.695, 1175812.583], [2530761.215, 1175810.413], [2530778.335, 1175823.482], [2530786.735, 1175829.7820000001], [2530786.586, 1175846.332]]]}, "properties": {"OBJECTID": 52132446, "EGRID": "CH614519838334", "NUMERO": "2622", "NO_COM_FED": 5757, "GENRE_TXT": "parcelle priv\u00e9e", "SUPERFICIE_MO": 2518, "SUPERFICIE_RF": 2518}}, {"type": "Feature", "id": 52132550, "geometry": {"type": "Polygon", "coordinates": [[[2530219.737, 1174415.035], [2530204.48, 1174363.85], [2530240.4189999998, 1174353.152], [2530257.122, 1174409.311], [2530223.33, 1174419.39], [2530221.843, 1174414.406], [2530219.737, 1174415.035]]]}, "properties": {"OBJECTID": 52132550, "EGRID": "CH644583906783", "NUMERO": "2343", "NO_COM_FED": 5757, "GENRE_TXT": "parcelle priv\u00e9e", "SUPERFICIE_MO": 2185, "SUPERFICIE_RF": 2185}}, {"type": "Feature", "id": 52132575, "geometry": {"type": "Polygon", "coordinates": [[[2530406.185, 1175861.644], [2530442.105, 1175863.063], [2530444.125, 1175867.883], [2530438.645, 1175890.973], [2530437.985, 1175894.613], [2530437.705, 1175898.273], [2530437.785, 1175901.983], [2530433.445, 1175902.713], [2530435.575, 1175893.663], [2530420.435, 1175892.854], [2530420.805, 1175885.514], [2530404.335, 1175884.554], [2530406.185, 1175861.644]]]}, "properties": {"OBJECTID": 52132575, "EGRID": "CH444583830342", "NUMERO": "868", "NO_COM_FED": 5757, "GENRE_TXT": "parcelle priv\u00e9e", "SUPERFICIE_MO": 1023, "SUPERFICIE_RF": 1023}}, {"type": "Feature", "id": 52132735, "geometry": {"type": "Polygon", "coordinates": [[[2531041.396, 1174992.565], [2531062.296, 1175005.594], [2531070.856, 1175010.924], [2531084.827, 1175019.413], [2531096.077, 1175026.113], [2531109.937, 1175034.832], [2531110.117, 1175034.602], [2531125.177, 1175035.802], [2531143.087, 1175052.461], [2531147.357, 1175068.141], [2531104.237, 1175039.503], [2531103.357, 1175038.923], [2531092.877, 1175031.043], [2531027.276, 1174991.905], [2531030.416, 1174988.395], [2531031.946, 1174986.675], [2531041.396, 1174992.565]]]}, "properties": {"OBJECTID": 52132735, "EGRID": "CH498382514532", "NUMERO": "DP 147", "NO_COM_FED": 5757, "GENRE_TXT": "DP communal", "SUPERFICIE_MO": 1097, "SUPERFICIE_RF": null}}, {"type": "Feature", "id": 52132752, "geometry": {"type": "Polygon", "coordinates": [[[2530726.508, 1175247.405], [2530701.138, 1175242.095], [2530701.778, 1175237.005], [2530716.568, 1175238.805], [2530719.288, 1175239.065], [2530719.468, 1175237.015], [2530721.068, 1175237.205], [2530720.948, 1175238.135], [2530724.138, 1175238.595], [2530729.488, 1175240.544], [2530726.508, 1175247.405]]]}, "properties": {"OBJECTID": 52132752, "EGRID": "CH244583822294", "NUMERO": "466", "NO_COM_FED": 5757, "GENRE_TXT": "parcelle priv\u00e9e", "SUPERFICIE_MO": 179, "SUPERFICIE_RF": 179}}, {"type": "Feature", "id": 52132802, "geometry": {"type": "Polygon", "coordinates": [[[2530730.756, 1175041.495], [2530730.546, 1175041.655], [2530734.156, 1175047.675], [2530726.4560000002, 1175052.385], [2530725.766, 1175043.915], [2530730.326, 1175040.835], [2530730.756, 1175041.495]]]}, "properties": {"OBJECTID": 52132802, "EGRID": "CH598382294564", "NUMERO": "355", "NO_COM_FED": 5757, "GENRE_TXT": "parcelle priv\u00e9e", "SUPERFICIE_MO": 55, "SUPERFICIE_RF": 55}}, {"type": "Feature", "id": 52132886, "geometry": {"type": "Polygon", "coordinates": [[[2530713.987, 1175166.885], [2530715.748, 1175171.875], [2530715.598, 1175171.935], [2530712.968, 1175172.775], [2530712.858, 1175172.495], [2530709.978, 1175173.445], [2530710.228, 1175174.295], [2530710.368, 1175174.255], [2530712.758, 1175180.635], [2530716.248, 1175188.095], [2530716.078, 1175188.185], [2530716.598, 1175189.365], [2530714.948, 1175195.875], [2530702.578, 1175195.335], [2530690.758, 1175193.396], [2530688.068, 1175193.736], [2530687.618, 1175189.766], [2530685.618, 1175190.016], [2530685.638, 1175186.446], [2530685.147, 1175174.996], [2530685.107, 1175174.576], [2530684.867, 1175174.586], [2530683.187, 1175162.496], [2530683.277, 1175158.486], [2530681.817, 1175146.656], [2530691.047, 1175147.936], [2530692.767, 1175147.526], [2530692.657, 1175147.046], [2530695.617, 1175146.376], [2530695.707, 1175146.706], [2530698.147, 1175146.286], [2530708.297, 1175147.675], [2530709.597, 1175152.675], [2530711.007, 1175157.015], [2530713.987, 1175166.885]]]}, "properties": {"OBJECTID": 52132886, "EGRID": "CH682383458285", "NUMERO": "DP 104", "NO_COM_FED": 5757, "GENRE_TXT": "DP communal", "SUPERFICIE_MO": 1353, "SUPERFICIE_RF": null}}, {"type": "Feature", "id": 52132922, "geometry": {"type": "Polygon", "coordinates": [[[2530743.274, 1174870.404], [2530742.141, 1174867.849], [2530751.339, 1174864.283], [2530751.474, 1174864.584], [2530752.557, 1174864.1], [2530754.063, 1174867.787], [2530753.114, 1174868.624], [2530754.584, 1174872.204], [2530747.7939999998, 1174872.844], [2530747.724, 1174872.494], [2530744.854, 1174872.694], [2530744.524, 1174872.564], [2530743.634, 1174870.284], [2530743.274, 1174870.404]]]}, "properties": {"OBJECTID": 52132922, "EGRID": "CH338399459279", "NUMERO": "2699", "NO_COM_FED": 5757, "GENRE_TXT": "parcelle priv\u00e9e", "SUPERFICIE_MO": 73, "SUPERFICIE_RF": 73}}, {"type": "Feature", "id": 52133110, "geometry": {"type": "Polygon", "coordinates": [[[2530686.069, 1175284.486], [2530686.319, 1175292.476], [2530684.479, 1175292.476], [2530684.959, 1175295.916], [2530677.729, 1175296.086], [2530677.309, 1175292.646], [2530670.899, 1175293.066], [2530670.879, 1175292.616], [2530668.899, 1175292.716], [2530665.409, 1175292.526], [2530664.949, 1175287.956], [2530664.859, 1175286.236], [2530686.069, 1175284.486]]]}, "properties": {"OBJECTID": 52133110, "EGRID": "CH608345718355", "NUMERO": "420", "NO_COM_FED": 5757, "GENRE_TXT": "parcelle priv\u00e9e", "SUPERFICIE_MO": 179, "SUPERFICIE_RF": 179}}, {"type": "Feature", "id": 52133142, "geometry": {"type": "Polygon", "coordinates": [[[2530780.376, 1174573.608], [2530808.449, 1174578.557], [2530804.958, 1174598.351], [2530803.934, 1174604.162], [2530768.1859999998, 1174597.859], [2530768.181, 1174594.349], [2530776.351, 1174582.592], [2530778.993, 1174578.926], [2530780.376, 1174573.608]]]}, "properties": {"OBJECTID": 52133142, "EGRID": "CH798391384582", "NUMERO": "2754", "NO_COM_FED": 5757, "GENRE_TXT": "parcelle priv\u00e9e", "SUPERFICIE_MO": 846, "SUPERFICIE_RF": 846}}, {"type": "Feature", "id": 52133445, "geometry": {"type": "Polygon", "coordinates": [[[2530657.842, 1174486.733], [2530623.376, 1174469.002], [2530651.276, 1174445.25], [2530665.897, 1174454.598], [2530668.498, 1174455.9], [2530671.177, 1174457.03], [2530657.842, 1174486.733]]]}, "properties": {"OBJECTID": 52133445, "EGRID": "CH144583906858", "NUMERO": "1517", "NO_COM_FED": 5757, "GENRE_TXT": "parcelle priv\u00e9e", "SUPERFICIE_MO": 1024, "SUPERFICIE_RF": 1024}}, {"type": "Feature", "id": 52133587, "geometry": {"type": "Polygon", "coordinates": [[[2530989.037, 1175062.306], [2530993.437, 1175059.406], [2531013.747, 1175086.295], [2531013.307, 1175086.675], [2530980.257, 1175111.927], [2530979.457, 1175110.767], [2530969.257, 1175096.587], [2530958.887, 1175082.187], [2530989.037, 1175062.306]]]}, "properties": {"OBJECTID": 52133587, "EGRID": "CH108345888377", "NUMERO": "1130", "NO_COM_FED": 5757, "GENRE_TXT": "parcelle priv\u00e9e", "SUPERFICIE_MO": 1468, "SUPERFICIE_RF": 1468}}, {"type": "Feature", "id": 52133588, "geometry": {"type": "Polygon", "coordinates": [[[2530695.655, 1174271.697], [2530714.771, 1174269.691], [2530714.45, 1174282.797], [2530715.273, 1174305.766], [2530712.761, 1174305.399], [2530692.417, 1174303.287], [2530695.655, 1174271.697]]]}, "properties": {"OBJECTID": 52133588, "EGRID": "CH209045568347", "NUMERO": "1521", "NO_COM_FED": 5757, "GENRE_TXT": "parcelle priv\u00e9e", "SUPERFICIE_MO": 700, "SUPERFICIE_RF": 700}}, {"type": "Feature", "id": 52133620, "geometry": {"type": "Polygon", "coordinates": [[[2531373.5, 1176360.573], [2531383.483, 1176361.889], [2531383.682, 1176365.026], [2531504.642, 1176348.796], [2531575.082, 1176339.296], [2531627.793, 1176331.916], [2531636.093, 1176330.736], [2531644.843, 1176329.486], [2531640.293, 1176337.786], [2531576.203, 1176346.966], [2531511.022, 1176356.377], [2531457.022, 1176364.168], [2531435.952, 1176367.2280000001], [2531411.872, 1176369.929], [2531377.482, 1176373.18], [2531372.148, 1176379.052], [2531373.5, 1176360.573]]]}, "properties": {"OBJECTID": 52133620, "EGRID": "CH574583818379", "NUMERO": "DP 54", "NO_COM_FED": 5757, "GENRE_TXT": "DP communal", "SUPERFICIE_MO": 2289, "SUPERFICIE_RF": null}}, {"type": "Feature", "id": 52133892, "geometry": {"type": "Polygon", "coordinates": [[[2530735.316, 1175886.283], [2530729.886, 1175885.224], [2530707.916, 1175880.904], [2530715.516, 1175857.934], [2530741.616, 1175866.883], [2530735.316, 1175886.283]]]}, "properties": {"OBJECTID": 52133892, "EGRID": "CH408245428343", "NUMERO": "733", "NO_COM_FED": 5757, "GENRE_TXT": "parcelle priv\u00e9e", "SUPERFICIE_MO": 617, "SUPERFICIE_RF": 617}}, {"type": "Feature", "id": 52133999, "geometry": {"type": "Polygon", "coordinates": [[[2530721.639, 1175278.435], [2530721.449, 1175281.165], [2530721.179, 1175290.385], [2530715.899, 1175292.105], [2530716.019, 1175292.575], [2530713.989, 1175293.255], [2530713.279, 1175293.535], [2530697.719, 1175298.925], [2530695.629, 1175294.125], [2530694.109, 1175290.956], [2530695.759, 1175290.595], [2530699.149, 1175288.535], [2530701.349, 1175287.125], [2530701.549, 1175287.265], [2530703.379, 1175288.545], [2530705.629, 1175286.875], [2530705.4390000002, 1175285.915], [2530709.779, 1175280.635], [2530712.959, 1175282.575], [2530714.239, 1175279.075], [2530714.429, 1175278.365], [2530721.639, 1175278.435]]]}, "properties": {"OBJECTID": 52133999, "EGRID": "CH598382214588", "NUMERO": "587", "NO_COM_FED": 5757, "GENRE_TXT": "parcelle priv\u00e9e", "SUPERFICIE_MO": 293, "SUPERFICIE_RF": 293}}, {"type": "Feature", "id": 52134122, "geometry": {"type": "Polygon", "coordinates": [[[2531074.898, 1175110.963], [2531084.958, 1175123.083], [2531087.948, 1175126.213], [2531088.168, 1175126.033], [2531089.058, 1175127.113], [2531089.808, 1175126.453], [2531099.618, 1175137.523], [2531085.078, 1175150.783], [2531074.088, 1175138.333], [2531069.768, 1175132.624], [2531073.428, 1175129.574], [2531065.448, 1175121.364], [2531064.368, 1175122.244], [2531052.718, 1175110.264], [2531063.287, 1175098.774], [2531065.458, 1175101.024], [2531066.778, 1175102.454], [2531071.818, 1175107.904], [2531072.118, 1175107.614], [2531074.898, 1175110.963]]]}, "properties": {"OBJECTID": 52134122, "EGRID": "CH174582208319", "NUMERO": "699", "NO_COM_FED": 5757, "GENRE_TXT": "parcelle priv\u00e9e", "SUPERFICIE_MO": 875, "SUPERFICIE_RF": 875}}, {"type": "Feature", "id": 52134725, "geometry": {"type": "Polygon", "coordinates": [[[2530713.006, 1175079.535], [2530711.506, 1175079.345], [2530710.976, 1175076.395], [2530710.216, 1175075.005], [2530708.306, 1175073.095], [2530704.896, 1175068.345], [2530700.526, 1175061.346], [2530694.896, 1175064.066], [2530690.036, 1175066.136], [2530685.736, 1175067.906], [2530683.676, 1175068.856], [2530680.756, 1175070.236], [2530679.816, 1175070.076], [2530672.4359999998, 1175073.286], [2530671.856, 1175070.496], [2530676.166, 1175068.616], [2530692.156, 1175061.746], [2530697.726, 1175059.056], [2530718.856, 1175050.565], [2530719.376, 1175054.065], [2530710.116, 1175057.345], [2530704.266, 1175059.725], [2530706.616, 1175065.415], [2530706.616, 1175066.115], [2530710.826, 1175072.245], [2530712.766, 1175077.115], [2530713.006, 1175079.535]]]}, "properties": {"OBJECTID": 52134725, "EGRID": "CH582983458254", "NUMERO": "DP 115", "NO_COM_FED": 5757, "GENRE_TXT": "DP communal", "SUPERFICIE_MO": 215, "SUPERFICIE_RF": null}}, {"type": "Feature", "id": 52134743, "geometry": {"type": "Polygon", "coordinates": [[[2530477.772, 1174691.729], [2530469.481, 1174674.598], [2530464.791, 1174660.618], [2530465.441, 1174656.298], [2530487.142, 1174690.518], [2530499.122, 1174704.919], [2530495.402, 1174708.609], [2530493.312, 1174710.689], [2530488.132, 1174711.009], [2530477.772, 1174691.729]]]}, "properties": {"OBJECTID": 52134743, "EGRID": "CH298382214593", "NUMERO": "1020", "NO_COM_FED": 5757, "GENRE_TXT": "parcelle priv\u00e9e", "SUPERFICIE_MO": 456, "SUPERFICIE_RF": 456}}, {"type": "Feature", "id": 52135229, "geometry": {"type": "Polygon", "coordinates": [[[2531373.5, 1176360.573], [2531364.747, 1176354.017], [2531360.533, 1176341.403], [2531341.729, 1176111.389], [2531338.589, 1176068.738], [2531676.32, 1176020.112], [2531748.622, 1176150.334], [2531748.682, 1176159.774], [2531737.103742916, 1176173.3503081407], [2531725.822, 1176187.174], [2531712.015736777, 1176204.9213471431], [2531698.653, 1176223.005], [2531689.719925558, 1176235.6651074244], [2531681.003, 1176248.475], [2531672.655017955, 1176261.2959719123], [2531664.523, 1176274.255], [2531649.7633197056, 1176299.3954390911], [2531635.653, 1176324.906], [2531627.793, 1176331.916], [2531575.082, 1176339.296], [2531504.642, 1176348.796], [2531383.682, 1176365.026], [2531383.483, 1176361.889], [2531373.5, 1176360.573]]]}, "properties": {"OBJECTID": 52135229, "EGRID": "CH468383459144", "NUMERO": "168", "NO_COM_FED": 5757, "GENRE_TXT": "parcelle priv\u00e9e", "SUPERFICIE_MO": 105936, "SUPERFICIE_RF": 105935}}, {"type": "Feature", "id": 52135720, "geometry": {"type": "Polygon", "coordinates": [[[2530850.713, 1174558.591], [2530846.62, 1174564.7280000001], [2530837.06, 1174583.601], [2530810.59, 1174578.935], [2530816.215, 1174552.585], [2530822.449, 1174553.916], [2530850.713, 1174558.591]]]}, "properties": {"OBJECTID": 52135720, "EGRID": "CH129486834578", "NUMERO": "2774", "NO_COM_FED": 5757, "GENRE_TXT": "parcelle priv\u00e9e", "SUPERFICIE_MO": 821, "SUPERFICIE_RF": 821}}, {"type": "Feature", "id": 52135880, "geometry": {"type": "Polygon", "coordinates": [[[2530765.922, 1174642.433], [2530766.623, 1174638.813], [2530760.805, 1174628.811], [2530761.183, 1174618.025], [2530768.214, 1174618.637], [2530768.1859999998, 1174597.859], [2530803.934, 1174604.162], [2530804.958, 1174598.351], [2530809.882, 1174599.219], [2530814.093, 1174605.141], [2530813.1689999998, 1174609.054], [2530810.729, 1174618.787], [2530819.784, 1174620.384], [2530817.655, 1174625.036], [2530806.226, 1174642.567], [2530794.945, 1174656.618], [2530789.302, 1174666.483], [2530779.672, 1174664.734], [2530774.292, 1174663.364], [2530771.502, 1174662.654], [2530762.212, 1174660.294], [2530765.922, 1174642.433]]]}, "properties": {"OBJECTID": 52135880, "EGRID": "CH229068834523", "NUMERO": "1064", "NO_COM_FED": 5757, "GENRE_TXT": "parcelle priv\u00e9e", "SUPERFICIE_MO": 2727, "SUPERFICIE_RF": 2727}}, {"type": "Feature", "id": 52136197, "geometry": {"type": "Polygon", "coordinates": [[[2530272.062, 1174592.075], [2530272.27, 1174603.739], [2530272.359, 1174607.405], [2530272.533, 1174607.401], [2530272.721, 1174613.866], [2530272.74, 1174615.922], [2530261.333, 1174616.053], [2530261.047, 1174604.366], [2530265.997, 1174592.209], [2530272.062, 1174592.075]]]}, "properties": {"OBJECTID": 52136197, "EGRID": "CH314555839096", "NUMERO": "1198", "NO_COM_FED": 5757, "GENRE_TXT": "parcelle priv\u00e9e", "SUPERFICIE_MO": 238, "SUPERFICIE_RF": 238}}, {"type": "Feature", "id": 52136348, "geometry": {"type": "Polygon", "coordinates": [[[2530666.277, 1175133.137], [2530679.327, 1175131.346], [2530680.347, 1175136.036], [2530667.037, 1175138.097], [2530666.277, 1175133.137]]]}, "properties": {"OBJECTID": 52136348, "EGRID": "CH282283458254", "NUMERO": "444", "NO_COM_FED": 5757, "GENRE_TXT": "parcelle priv\u00e9e", "SUPERFICIE_MO": 65, "SUPERFICIE_RF": 65}}, {"type": "Feature", "id": 52136429, "geometry": {"type": "Polygon", "coordinates": [[[2530614.747, 1175160.518], [2530642.627, 1175157.757], [2530642.727, 1175158.807], [2530642.497, 1175162.837], [2530641.667, 1175162.887], [2530615.127, 1175165.528], [2530614.747, 1175160.518]]]}, "properties": {"OBJECTID": 52136429, "EGRID": "CH138383457319", "NUMERO": "DP 112", "NO_COM_FED": 5757, "GENRE_TXT": "DP communal", "SUPERFICIE_MO": 140, "SUPERFICIE_RF": null}}, {"type": "Feature", "id": 52136729, "geometry": {"type": "Polygon", "coordinates": [[[2530780.837, 1175926.132], [2530788.887, 1175932.822], [2530792.177, 1175935.562], [2530798.597, 1175941.0320000001], [2530815.267, 1175924.071], [2530821.807, 1175922.791], [2530824.087, 1175953.741], [2530824.237, 1175955.741], [2530795.497, 1175969.502], [2530792.137, 1175966.862], [2530774.407, 1175980.273], [2530774.147, 1175980.473], [2530748.637, 1175947.063], [2530756.597, 1175938.583], [2530764.447, 1175944.803], [2530780.837, 1175926.132]]]}, "properties": {"OBJECTID": 52136729, "EGRID": "CH244583839617", "NUMERO": "726", "NO_COM_FED": 5757, "GENRE_TXT": "parcelle priv\u00e9e", "SUPERFICIE_MO": 2344, "SUPERFICIE_RF": 2344}}, {"type": "Feature", "id": 52136841, "geometry": {"type": "Polygon", "coordinates": [[[2530278.177, 1174644.849], [2530278.163, 1174643.863], [2530277.833, 1174619.858], [2530302.503, 1174619.509], [2530297.68, 1174644.549], [2530278.177, 1174644.849]]]}, "properties": {"OBJECTID": 52136841, "EGRID": "CH269083455556", "NUMERO": "2497", "NO_COM_FED": 5757, "GENRE_TXT": "parcelle priv\u00e9e", "SUPERFICIE_MO": 552, "SUPERFICIE_RF": 552}}, {"type": "Feature", "id": 52136910, "geometry": {"type": "Polygon", "coordinates": [[[2530867.789, 1175302.27], [2530872.3, 1175315.83], [2530870.36, 1175316.42], [2530876.34, 1175334.44], [2530860.6, 1175338.38], [2530859.5800568582, 1175338.5658449105], [2530858.543369643, 1175338.5759425133], [2530857.52, 1175338.41], [2530856.635142801, 1175338.1142990428], [2530855.8058402785, 1175337.686901517], [2530855.051557835, 1175337.1378393036], [2530854.39, 1175336.48], [2530852.17, 1175332.33], [2530850.11, 1175326.37], [2530847.21, 1175316.871], [2530844.969, 1175309.731], [2530867.789, 1175302.27]]]}, "properties": {"OBJECTID": 52136910, "EGRID": "CH968383457980", "NUMERO": "687", "NO_COM_FED": 5757, "GENRE_TXT": "parcelle priv\u00e9e", "SUPERFICIE_MO": 740, "SUPERFICIE_RF": 740}}, {"type": "Feature", "id": 52137244, "geometry": {"type": "Polygon", "coordinates": [[[2530834.926, 1174474.798], [2530844.623, 1174451.042], [2530848.144, 1174452.446], [2530879.873, 1174464.921], [2530878.539, 1174487.506], [2530877.762, 1174491.561], [2530875.938, 1174490.847], [2530834.926, 1174474.798]]]}, "properties": {"OBJECTID": 52137244, "EGRID": "CH114568839047", "NUMERO": "1190", "NO_COM_FED": 5757, "GENRE_TXT": "parcelle priv\u00e9e", "SUPERFICIE_MO": 1080, "SUPERFICIE_RF": 1080}}, {"type": "Feature", "id": 52137298, "geometry": {"type": "Polygon", "coordinates": [[[2530688.059, 1175317.216], [2530674.719, 1175319.836], [2530674.619, 1175319.406], [2530672.299, 1175319.846], [2530672.339, 1175320.246], [2530668.289, 1175320.976], [2530664.699, 1175320.866], [2530664.219, 1175318.526], [2530664.694, 1175318.439], [2530666.069, 1175318.186], [2530665.989, 1175317.726], [2530667.609, 1175317.436], [2530687.489, 1175313.616], [2530688.059, 1175317.216]]]}, "properties": {"OBJECTID": 52137298, "EGRID": "CH738383457408", "NUMERO": "636", "NO_COM_FED": 5757, "GENRE_TXT": "parcelle priv\u00e9e", "SUPERFICIE_MO": 83, "SUPERFICIE_RF": 83}}, {"type": "Feature", "id": 52137894, "geometry": {"type": "Polygon", "coordinates": [[[2530375.609, 1174814.202], [2530389.951, 1174824.387], [2530388.105, 1174826.921], [2530374.473, 1174826.996], [2530369.173, 1174827.025], [2530366.869, 1174825.562], [2530365.128, 1174823.83], [2530362.017, 1174821.47], [2530358.771, 1174820.491], [2530351.042, 1174819.569], [2530345.165, 1174820.046], [2530341.048, 1174818.697], [2530330.877, 1174818.726], [2530326.903, 1174817.904], [2530322.333, 1174816.293], [2530319.882, 1174815.826], [2530317.516, 1174813.233], [2530314.295, 1174813.724], [2530312.239, 1174812.448], [2530307.554, 1174811.225], [2530302.163, 1174807.214], [2530298.624, 1174807.198], [2530296.677, 1174805.667], [2530289.18, 1174800.388], [2530287.749, 1174798.071], [2530283.915, 1174793.561], [2530278.843, 1174789.426], [2530277.554, 1174787.9780000001], [2530274.857, 1174785.778], [2530272.704, 1174783.111], [2530270.679, 1174781.537], [2530269.783, 1174780.283], [2530267.988, 1174778.825], [2530266.802, 1174778.91], [2530266.412, 1174778.027], [2530267.416, 1174777.989], [2530275.867, 1174777.67], [2530287.667, 1174777.225], [2530305.361, 1174776.583], [2530309.822, 1174777.128], [2530320.378, 1174778.054], [2530343.172, 1174785.238], [2530348.703, 1174786.981], [2530357.701, 1174796.004], [2530375.609, 1174814.202]]]}, "properties": {"OBJECTID": 52137894, "EGRID": "CH829069834504", "NUMERO": "1097", "NO_COM_FED": 5757, "GENRE_TXT": "parcelle priv\u00e9e", "SUPERFICIE_MO": 2963, "SUPERFICIE_RF": 2963}}, {"type": "Feature", "id": 52137967, "geometry": {"type": "Polygon", "coordinates": [[[2530153.387, 1174606.467], [2530147.215, 1174607.458], [2530114.153, 1174612.248], [2530110.552, 1174583.857], [2530149.273, 1174575.301], [2530153.387, 1174606.467]]]}, "properties": {"OBJECTID": 52137967, "EGRID": "CH414555839062", "NUMERO": "2341", "NO_COM_FED": 5757, "GENRE_TXT": "parcelle priv\u00e9e", "SUPERFICIE_MO": 1190, "SUPERFICIE_RF": 1190}}, {"type": "Feature", "id": 52138042, "geometry": {"type": "Polygon", "coordinates": [[[2531190.022, 1174261.141], [2531189.812, 1174266.871], [2531184.682, 1174269.691], [2531101.022, 1174289.962], [2531098.522, 1174286.182], [2531126.092, 1174179.821], [2531169.202, 1174014.449], [2531178.992, 1174128.031], [2531190.022, 1174261.141]]]}, "properties": {"OBJECTID": 52138042, "EGRID": "CH728314834543", "NUMERO": "293", "NO_COM_FED": 5757, "GENRE_TXT": "parcelle priv\u00e9e", "SUPERFICIE_MO": 12107, "SUPERFICIE_RF": 12074}}, {"type": "Feature", "id": 52138098, "geometry": {"type": "Polygon", "coordinates": [[[2530947.466, 1175019.038], [2530921.136, 1175037.999], [2530906.357, 1175047.959], [2530894.946, 1175029.019], [2530878.536, 1175002.13], [2530859.056, 1174971.721], [2530843.295, 1174948.041], [2530826.245, 1174922.872], [2530824.165, 1174920.982], [2530820.925, 1174918.0320000001], [2530815.475, 1174921.872], [2530811.265, 1174926.552], [2530810.665, 1174931.822], [2530813.845, 1174935.192], [2530814.798, 1174936.22], [2530810.898, 1174939.8969999999], [2530808.285, 1174941.94], [2530799.099, 1174948.833], [2530794.526, 1174952.165], [2530792.751, 1174949.41], [2530786.884, 1174953.166], [2530786.005, 1174951.613], [2530793.255, 1174946.973], [2530794.495, 1174949.083], [2530802.255, 1174943.732], [2530806.895, 1174940.212], [2530809.145, 1174939.122], [2530812.745, 1174935.902], [2530798.015, 1174920.413], [2530799.585, 1174919.423], [2530792.875, 1174909.0929999999], [2530827.834, 1174888.142], [2530828.974, 1174887.502], [2530831.804, 1174883.702], [2530834.134, 1174883.922], [2530838.144, 1174884.771], [2530856.915, 1174888.781], [2530857.235, 1174888.651], [2530858.565, 1174895.151], [2530856.415, 1174899.931], [2530864.395, 1174905.851], [2530904.055, 1174948.059], [2530929.106, 1174973.4679999999], [2530958.286, 1174996.887], [2530967.976, 1175002.387], [2530961.136, 1175008.087], [2530952.616, 1175015.328], [2530947.466, 1175019.038]]]}, "properties": {"OBJECTID": 52138098, "EGRID": "CH138383457220", "NUMERO": "566", "NO_COM_FED": 5757, "GENRE_TXT": "parcelle priv\u00e9e", "SUPERFICIE_MO": 9706, "SUPERFICIE_RF": 9706}}, {"type": "Feature", "id": 52138555, "geometry": {"type": "Polygon", "coordinates": [[[2530176.027, 1174393.074], [2530173.52, 1174373.066], [2530204.48, 1174363.85], [2530219.737, 1174415.035], [2530192.71, 1174423.091], [2530199.1689999998, 1174444.75], [2530197.722, 1174445.2], [2530186.546, 1174426.599], [2530176.027, 1174393.074]]]}, "properties": {"OBJECTID": 52138555, "EGRID": "CH638390456783", "NUMERO": "2726", "NO_COM_FED": 5757, "GENRE_TXT": "parcelle priv\u00e9e", "SUPERFICIE_MO": 1961, "SUPERFICIE_RF": 1961}}, {"type": "Feature", "id": 52138659, "geometry": {"type": "Polygon", "coordinates": [[[2530626.744, 1174858.918], [2530634.034, 1174851.338], [2530634.424, 1174850.658], [2530636.224, 1174851.9780000001], [2530642.484, 1174856.578], [2530636.484, 1174871.308], [2530626.744, 1174858.918]]]}, "properties": {"OBJECTID": 52138659, "EGRID": "CH728223834586", "NUMERO": "552", "NO_COM_FED": 5757, "GENRE_TXT": "parcelle priv\u00e9e", "SUPERFICIE_MO": 164, "SUPERFICIE_RF": 164}}, {"type": "Feature", "id": 52139043, "geometry": {"type": "Polygon", "coordinates": [[[2530751.818, 1174809.673], [2530739.053, 1174810.015], [2530735.073, 1174809.625], [2530727.343, 1174810.235], [2530724.953, 1174810.125], [2530729.753, 1174803.645], [2530729.133, 1174803.215], [2530739.473, 1174790.035], [2530739.643, 1174790.155], [2530740.133, 1174790.825], [2530748.613, 1174782.854], [2530755.398, 1174792.073], [2530751.628, 1174802.573], [2530751.763, 1174808.984], [2530751.818, 1174809.673]]]}, "properties": {"OBJECTID": 52139043, "EGRID": "CH629924834540", "NUMERO": "2718", "NO_COM_FED": 5757, "GENRE_TXT": "parcelle priv\u00e9e", "SUPERFICIE_MO": 461, "SUPERFICIE_RF": 461}}, {"type": "Feature", "id": 52139207, "geometry": {"type": "Polygon", "coordinates": [[[2530608.343, 1174834.929], [2530603.673, 1174829.389], [2530600.643, 1174825.339], [2530600.0000487203, 1174823.0432389947], [2530599.693, 1174820.679], [2530599.726020579, 1174818.3197586848], [2530600.093, 1174815.989], [2530606.013, 1174818.879], [2530614.083, 1174825.689], [2530617.693, 1174829.959], [2530620.263, 1174832.998], [2530615.423, 1174840.239], [2530613.913, 1174838.339], [2530610.803, 1174834.409], [2530608.343, 1174834.929]]]}, "properties": {"OBJECTID": 52139207, "EGRID": "CH198383714565", "NUMERO": "556", "NO_COM_FED": 5757, "GENRE_TXT": "parcelle priv\u00e9e", "SUPERFICIE_MO": 219, "SUPERFICIE_RF": 219}}, {"type": "Feature", "id": 52139937, "geometry": {"type": "Polygon", "coordinates": [[[2530728.449, 1175382.304], [2530726.296, 1175382.411], [2530726.0986372516, 1175383.5559315917], [2530725.719878751, 1175384.6542768932], [2530725.16956643, 1175385.6774957133], [2530724.462, 1175386.599], [2530723.639908115, 1175387.3741022607], [2530722.706837067, 1175388.0112812007], [2530721.6856924575, 1175388.4948949597], [2530720.6015419713, 1175388.8130714907], [2530719.481, 1175388.958], [2530712.663, 1175389.296], [2530711.794103232, 1175389.4078030474], [2530710.9532474424, 1175389.653654743], [2530710.160981052, 1175390.0275470833], [2530709.4366650786, 1175390.5203430713], [2530708.798, 1175391.12], [2530708.26132522, 1175391.8122599935], [2530707.8390197693, 1175392.579659384], [2530707.5413909424, 1175393.4034680992], [2530707.3757030265, 1175394.2635792736], [2530707.346, 1175395.139], [2530706.946, 1175395.1570000001], [2530706.24, 1175380.305], [2530706.049, 1175376.509], [2530706.080825967, 1175376.7413829195], [2530706.148272436, 1175376.9660286123], [2530706.249710478, 1175377.1775115598], [2530706.3826902164, 1175377.3707241435], [2530706.5439999998, 1175377.541], [2530706.729568977, 1175377.684445239], [2530706.9350308524, 1175377.7975725997], [2530707.155474694, 1175377.8776781221], [2530707.385631472, 1175377.9228471308], [2530707.62, 1175377.932], [2530709.918, 1175377.818], [2530709.742, 1175374.265], [2530705.947, 1175374.454], [2530705.81, 1175371.795], [2530705.699, 1175369.717], [2530711.278, 1175369.42], [2530710.79, 1175360.265], [2530705.21, 1175360.535], [2530705.08, 1175358.665], [2530704.82, 1175358.685], [2530704.75, 1175358.195], [2530713.63, 1175356.265], [2530715.44, 1175355.895], [2530721.97, 1175354.425], [2530724.945, 1175353.754], [2530726.921, 1175353.651], [2530727.002, 1175355.187], [2530727.681, 1175355.151], [2530727.81, 1175357.567], [2530727.131, 1175357.604], [2530727.849, 1175371.064], [2530728.528, 1175371.028], [2530728.657, 1175373.445], [2530727.978, 1175373.481], [2530728.449, 1175382.304]]]}, "properties": {"OBJECTID": 52139937, "EGRID": "CH569483456629", "NUMERO": "2783", "NO_COM_FED": 5757, "GENRE_TXT": "DDP superficie", "SUPERFICIE_MO": 659, "SUPERFICIE_RF": 659}}, {"type": "Feature", "id": 52140084, "geometry": {"type": "Polygon", "coordinates": [[[2530977.609, 1176181.639], [2530971.819, 1176182.899], [2530971.219, 1176180.089], [2530977.009, 1176178.849], [2530977.609, 1176181.639]]]}, "properties": {"OBJECTID": 52140084, "EGRID": "CH756583824556", "NUMERO": "65", "NO_COM_FED": 5757, "GENRE_TXT": "parcelle priv\u00e9e", "SUPERFICIE_MO": 17, "SUPERFICIE_RF": 17}}, {"type": "Feature", "id": 52140086, "geometry": {"type": "Polygon", "coordinates": [[[2530400.507, 1175998.204], [2530375.666, 1175996.395], [2530312.386, 1175991.777], [2530311.386, 1175954.017], [2530331.266, 1175953.086], [2530358.036, 1175957.315], [2530392.796, 1175973.804], [2530400.507, 1175998.204]]]}, "properties": {"OBJECTID": 52140086, "EGRID": "CH158883834524", "NUMERO": "1453", "NO_COM_FED": 5757, "GENRE_TXT": "parcelle priv\u00e9e", "SUPERFICIE_MO": 2959, "SUPERFICIE_RF": 2959}}, {"type": "Feature", "id": 52140211, "geometry": {"type": "Polygon", "coordinates": [[[2531334.364, 1174577.727], [2531325.214, 1174538.808], [2531329.8140000002, 1174531.648], [2531344.334, 1174528.018], [2531354.855, 1174573.007], [2531334.364, 1174577.727]]]}, "properties": {"OBJECTID": 52140211, "EGRID": "CH474582408351", "NUMERO": "321", "NO_COM_FED": 5757, "GENRE_TXT": "parcelle priv\u00e9e", "SUPERFICIE_MO": 951, "SUPERFICIE_RF": 949}}, {"type": "Feature", "id": 52140324, "geometry": {"type": "Polygon", "coordinates": [[[2531318.056, 1174849.0219999999], [2531276.316, 1174870.0219999999], [2531274.516, 1174859.242], [2531273.836, 1174855.192], [2531277.076, 1174854.362], [2531296.866, 1174848.382], [2531316.106, 1174842.332], [2531318.056, 1174849.0219999999]]]}, "properties": {"OBJECTID": 52140324, "EGRID": "CH128250834547", "NUMERO": "313", "NO_COM_FED": 5757, "GENRE_TXT": "parcelle priv\u00e9e", "SUPERFICIE_MO": 484, "SUPERFICIE_RF": 487}}, {"type": "Feature", "id": 52140325, "geometry": {"type": "Polygon", "coordinates": [[[2530855.17, 1176303.424], [2530851.48, 1176281.684], [2530872.75, 1176277.943], [2530877.89, 1176297.493], [2530877.11, 1176297.683], [2530878.08, 1176301.403], [2530872.29, 1176302.903], [2530871.33, 1176299.203], [2530855.17, 1176303.424]]]}, "properties": {"OBJECTID": 52140325, "EGRID": "CH938383458031", "NUMERO": "2110", "NO_COM_FED": 5757, "GENRE_TXT": "parcelle priv\u00e9e", "SUPERFICIE_MO": 498, "SUPERFICIE_RF": 498}}, {"type": "Feature", "id": 52140567, "geometry": {"type": "Polygon", "coordinates": [[[2530575.239, 1176180.36], [2530572.658, 1176132.19], [2530575.898, 1176132], [2530619.568, 1176131.989], [2530637.918, 1176135.168], [2530645.358, 1176139.838], [2530646.048, 1176149.508], [2530638.229, 1176176.989], [2530575.239, 1176180.36]]]}, "properties": {"OBJECTID": 52140567, "EGRID": "CH451483834577", "NUMERO": "928", "NO_COM_FED": 5757, "GENRE_TXT": "DDP superficie", "SUPERFICIE_MO": 3168, "SUPERFICIE_RF": 3168}}, {"type": "Feature", "id": 52140652, "geometry": {"type": "Polygon", "coordinates": [[[2530814.68, 1175343.642], [2530805.79, 1175345.0219999999], [2530804.15, 1175338.702], [2530800.62, 1175323.712], [2530803.61, 1175323.212], [2530810.26, 1175321.962], [2530816.15, 1175320.592], [2530816.27, 1175334.2719999999], [2530813.85, 1175338.972], [2530814.68, 1175343.642]]]}, "properties": {"OBJECTID": 52140652, "EGRID": "CH744583830436", "NUMERO": "1490", "NO_COM_FED": 5757, "GENRE_TXT": "parcelle priv\u00e9e", "SUPERFICIE_MO": 278, "SUPERFICIE_RF": 278}}, {"type": "Feature", "id": 52140860, "geometry": {"type": "Polygon", "coordinates": [[[2530740.087, 1176006.154], [2530774.147, 1175980.473], [2530774.407, 1175980.273], [2530792.137, 1175966.862], [2530795.497, 1175969.502], [2530794.057, 1175970.292], [2530794.157, 1175970.612], [2530799.647, 1175987.972], [2530801.573, 1175994.204], [2530809.917, 1176021.202], [2530791.358, 1176027.133], [2530765.248, 1176035.454], [2530750.368, 1176044.134], [2530740.087, 1176006.154]]]}, "properties": {"OBJECTID": 52140860, "EGRID": "CH228396834557", "NUMERO": "940", "NO_COM_FED": 5757, "GENRE_TXT": "parcelle priv\u00e9e", "SUPERFICIE_MO": 2951, "SUPERFICIE_RF": 2951}}, {"type": "Feature", "id": 52141224, "geometry": {"type": "Polygon", "coordinates": [[[2530712.766, 1175077.115], [2530710.826, 1175072.245], [2530723.726, 1175066.475], [2530723.816, 1175066.835], [2530722.9359999998, 1175067.055], [2530723.836, 1175076.875], [2530712.766, 1175077.115]]]}, "properties": {"OBJECTID": 52141224, "EGRID": "CH644583822948", "NUMERO": "484", "NO_COM_FED": 5757, "GENRE_TXT": "parcelle priv\u00e9e", "SUPERFICIE_MO": 91, "SUPERFICIE_RF": 91}}, {"type": "Feature", "id": 52141428, "geometry": {"type": "Polygon", "coordinates": [[[2530687.252, 1175529.965], [2530684.032, 1175557.576], [2530683.602, 1175557.626], [2530673.152, 1175558.346], [2530665.742, 1175559.126], [2530662.812, 1175559.546], [2530659.092, 1175560.286], [2530644.592, 1175563.187], [2530610.862, 1175567.038], [2530604.672, 1175567.748], [2530605.502, 1175563.148], [2530603.592, 1175552.368], [2530600.192, 1175538.628], [2530600.152, 1175538.528], [2530603.912, 1175538.188], [2530635.912, 1175535.267], [2530653.622, 1175533.207], [2530664.372, 1175532.016], [2530687.252, 1175529.965]]]}, "properties": {"OBJECTID": 52141428, "EGRID": "CH638383458828", "NUMERO": "808", "NO_COM_FED": 5757, "GENRE_TXT": "parcelle priv\u00e9e", "SUPERFICIE_MO": 2339, "SUPERFICIE_RF": 2339}}, {"type": "Feature", "id": 52141873, "geometry": {"type": "Polygon", "coordinates": [[[2530183.7939999998, 1175782.409], [2530200.7939999998, 1175792.939], [2530198.554, 1175795.869], [2530214.744, 1175806.969], [2530212.844, 1175810.609], [2530211.184, 1175813.779], [2530201.704, 1175834.409], [2530176.024, 1175827.819], [2530177.274, 1175823.179], [2530173.974, 1175822.329], [2530172.434, 1175821.939], [2530183.7939999998, 1175782.409]]]}, "properties": {"OBJECTID": 52141873, "EGRID": "CH898383004540", "NUMERO": "840", "NO_COM_FED": 5757, "GENRE_TXT": "parcelle priv\u00e9e", "SUPERFICIE_MO": 1291, "SUPERFICIE_RF": 1291}}, {"type": "Feature", "id": 52141977, "geometry": {"type": "Polygon", "coordinates": [[[2530720.534, 1176005.739], [2530704.219, 1176009.974], [2530704.106, 1176009.538], [2530695.726, 1176011.714], [2530690.587, 1175975.415], [2530694.607, 1175972.435], [2530705.097, 1175978.945], [2530713.007, 1175990.325], [2530720.534, 1176005.739]]]}, "properties": {"OBJECTID": 52141977, "EGRID": "CH928267834510", "NUMERO": "939", "NO_COM_FED": 5757, "GENRE_TXT": "parcelle priv\u00e9e", "SUPERFICIE_MO": 681, "SUPERFICIE_RF": 681}}, {"type": "Feature", "id": 52142004, "geometry": {"type": "Polygon", "coordinates": [[[2530434.726, 1175915.283], [2530406.046, 1175922.654], [2530406.086, 1175923.604], [2530381.676, 1175928.925], [2530378.626, 1175929.315], [2530363.486, 1175931.535], [2530364.356, 1175921.085], [2530365.995, 1175901.885], [2530366.325, 1175898.495], [2530401.235, 1175901.834], [2530399.746, 1175921.094], [2530434.156, 1175912.393], [2530434.726, 1175915.283]]]}, "properties": {"OBJECTID": 52142004, "EGRID": "CH198382414567", "NUMERO": "869", "NO_COM_FED": 5757, "GENRE_TXT": "parcelle priv\u00e9e", "SUPERFICIE_MO": 1119, "SUPERFICIE_RF": 1119}}, {"type": "Feature", "id": 52142018, "geometry": {"type": "Polygon", "coordinates": [[[2530634.424, 1174850.658], [2530634.034, 1174851.338], [2530626.744, 1174858.918], [2530624.484, 1174861.268], [2530620.574, 1174870.458], [2530618.464, 1174875.408], [2530615.154, 1174880.359], [2530605.104, 1174891.709], [2530601.474, 1174905.189], [2530597.164, 1174927.789], [2530586.125, 1174948.129], [2530574.615, 1174964.21], [2530571.725, 1174966.49], [2530537.655, 1174962.371], [2530552.015, 1174952.13], [2530568.334, 1174940.49], [2530569.184, 1174930.7], [2530574.864, 1174929.13], [2530588.594, 1174896.189], [2530589.854, 1174892.449], [2530599.8140000002, 1174870.129], [2530608.364, 1174855.109], [2530610.204, 1174851.869], [2530615.493, 1174843.429], [2530616.583, 1174841.699], [2530615.153, 1174840.639], [2530615.423, 1174840.239], [2530620.263, 1174832.998], [2530628.833, 1174820.168], [2530639.163, 1174805.698], [2530639.493, 1174805.238], [2530645.913, 1174798.048], [2530652.003, 1174793.767], [2530650.063, 1174791.338], [2530657.023, 1174788.477], [2530664.323, 1174788.507], [2530671.133, 1174789.747], [2530675.693, 1174796.187], [2530676.913, 1174797.917], [2530677.923, 1174798.167], [2530682.503, 1174799.296], [2530682.563, 1174799.306], [2530685.173, 1174798.946], [2530692.453, 1174797.956], [2530695.943, 1174796.286], [2530711.443, 1174799.836], [2530720.563, 1174810.465], [2530724.953, 1174810.125], [2530727.343, 1174810.235], [2530735.073, 1174809.625], [2530739.053, 1174810.015], [2530751.818, 1174809.673], [2530762.293, 1174809.394], [2530790.954, 1174821.553], [2530802.384, 1174826.413], [2530804.724, 1174827.333], [2530809.184, 1174829.202], [2530819.034, 1174835.092], [2530834.324, 1174843.682], [2530839.573, 1174847.171], [2530862.0640000002, 1174862.121], [2530862.174, 1174861.881], [2530865.054, 1174855.461], [2530891.824, 1174878.15], [2530910.225, 1174898.869], [2530931.195, 1174922.4780000001], [2530954.155, 1174944.888], [2530978.074, 1174963.229], [2530979.766, 1174964.527], [2531001.916, 1174977.266], [2531027.276, 1174991.905], [2531023.526, 1174998.145], [2531010.836, 1175019.216], [2531007.266, 1175025.156], [2530967.976, 1175002.387], [2530958.286, 1174996.887], [2530929.106, 1174973.4679999999], [2530904.055, 1174948.059], [2530864.395, 1174905.851], [2530856.415, 1174899.931], [2530858.565, 1174895.151], [2530857.235, 1174888.651], [2530857.725, 1174886.761], [2530857.535, 1174886.011], [2530855.784, 1174884.011], [2530824.774, 1174861.112], [2530825.454, 1174860.202], [2530821.304, 1174857.632], [2530818.5640000002, 1174856.562], [2530813.574, 1174855.192], [2530805.944, 1174853.102], [2530792.2939999998, 1174847.611], [2530780.964, 1174843.053], [2530780.624, 1174842.913], [2530778.774, 1174841.933], [2530778.304, 1174841.683], [2530771.204, 1174838.604], [2530770.434, 1174838.274], [2530770.174, 1174838.154], [2530764.744, 1174835.614], [2530760.764, 1174835.604], [2530757.484, 1174836.554], [2530751.414, 1174830.074], [2530752.054, 1174829.614], [2530752.0958422543, 1174829.5503466502], [2530752.1266107336, 1174829.4806629084], [2530752.145462355, 1174829.4068581692], [2530752.151880569, 1174829.3309547454], [2530752.1456895093, 1174829.2550324565], [2530752.1270588175, 1174829.181171638], [2530752.09649899, 1174829.11139614], [2530752.0548473923, 1174829.0476178708], [2530752.0032453146, 1174828.99158441], [2530751.9431066974, 1174828.9448311222], [2530751.8760793903, 1174828.908639088], [2530751.804, 1174828.884], [2530748.304, 1174828.144], [2530735.124, 1174829.385], [2530726.184, 1174827.375], [2530722.543, 1174825.945], [2530718.273, 1174824.335], [2530702.943, 1174818.276], [2530685.353, 1174814.746], [2530681.193, 1174817.887], [2530679.353, 1174817.507], [2530678.773, 1174818.507], [2530673.103, 1174815.997], [2530671.233, 1174815.167], [2530668.493, 1174812.227], [2530666.573, 1174810.167], [2530658.063, 1174810.227], [2530657.413, 1174810.027], [2530650.893, 1174816.837], [2530648.753, 1174822.198], [2530646.573, 1174824.258], [2530646.603, 1174828.908], [2530641.983, 1174837.368], [2530634.424, 1174850.658]]]}, "properties": {"OBJECTID": 52142018, "EGRID": "CH580083458360", "NUMERO": "DP 144", "NO_COM_FED": 5757, "GENRE_TXT": "DP cantonal", "SUPERFICIE_MO": 16143, "SUPERFICIE_RF": null}}, {"type": "Feature", "id": 52142405, "geometry": {"type": "Polygon", "coordinates": [[[2530749.129, 1174496.928], [2530751.903, 1174484.888], [2530751.632, 1174467.237], [2530750.867, 1174432.462], [2530780.192, 1174440.969], [2530803.16, 1174448.438], [2530805.17, 1174463.223], [2530808.879, 1174483.214], [2530811.384, 1174496.013], [2530800.188, 1174492.535], [2530791.635, 1174490.503], [2530791.864, 1174509.434], [2530749.129, 1174496.928]]]}, "properties": {"OBJECTID": 52142405, "EGRID": "CH909045688364", "NUMERO": "1191", "NO_COM_FED": 5757, "GENRE_TXT": "parcelle priv\u00e9e", "SUPERFICIE_MO": 3320, "SUPERFICIE_RF": 3320}}, {"type": "Feature", "id": 52142602, "geometry": {"type": "Polygon", "coordinates": [[[2530770.495, 1176098.502], [2530754.798, 1176100.625], [2530749.788, 1176100.995], [2530741.708, 1176093.475], [2530734.708, 1176067.455], [2530756.268, 1176061.284], [2530764.468, 1176071.384], [2530773.018, 1176072.924], [2530770.495, 1176098.502]]]}, "properties": {"OBJECTID": 52142602, "EGRID": "CH728384834592", "NUMERO": "1017", "NO_COM_FED": 5757, "GENRE_TXT": "parcelle priv\u00e9e", "SUPERFICIE_MO": 1084, "SUPERFICIE_RF": 1084}}, {"type": "Feature", "id": 52143185, "geometry": {"type": "Polygon", "coordinates": [[[2530657.046, 1175085.857], [2530648.396, 1175088.427], [2530647.576, 1175082.237], [2530664.466, 1175077.327], [2530666.386, 1175083.097], [2530657.046, 1175085.857]]]}, "properties": {"OBJECTID": 52143185, "EGRID": "CH228223834562", "NUMERO": "455", "NO_COM_FED": 5757, "GENRE_TXT": "parcelle priv\u00e9e", "SUPERFICIE_MO": 111, "SUPERFICIE_RF": 111}}, {"type": "Feature", "id": 52143277, "geometry": {"type": "Polygon", "coordinates": [[[2530872.75, 1176277.943], [2530894.12, 1176274.172], [2530904.09, 1176292.652], [2530878.47, 1176299.703], [2530877.89, 1176297.493], [2530872.75, 1176277.943]]]}, "properties": {"OBJECTID": 52143277, "EGRID": "CH588683458366", "NUMERO": "2142", "NO_COM_FED": 5757, "GENRE_TXT": "parcelle priv\u00e9e", "SUPERFICIE_MO": 515, "SUPERFICIE_RF": 515}}, {"type": "Feature", "id": 52143900, "geometry": {"type": "Polygon", "coordinates": [[[2530314.848, 1174558.308], [2530323.947, 1174532.276], [2530376.661, 1174550.7280000001], [2530368.08, 1174575.31], [2530318.298, 1174559.436], [2530314.848, 1174558.308]]]}, "properties": {"OBJECTID": 52143900, "EGRID": "CH598390554511", "NUMERO": "1142", "NO_COM_FED": 5757, "GENRE_TXT": "parcelle priv\u00e9e", "SUPERFICIE_MO": 1498, "SUPERFICIE_RF": 1498}}, {"type": "Feature", "id": 52144180, "geometry": {"type": "Polygon", "coordinates": [[[2530487.645, 1175963.416], [2530464.966, 1175965.682], [2530464.356, 1175961.302], [2530455.216, 1175937.802], [2530476.976, 1175935.132], [2530483.693, 1175934.464], [2530487.645, 1175963.416]]]}, "properties": {"OBJECTID": 52144180, "EGRID": "CH181483458312", "NUMERO": "883", "NO_COM_FED": 5757, "GENRE_TXT": "parcelle priv\u00e9e", "SUPERFICIE_MO": 735, "SUPERFICIE_RF": 735}}, {"type": "Feature", "id": 52144421, "geometry": {"type": "Polygon", "coordinates": [[[2530713.473, 1174749.156], [2530681.983, 1174764.097], [2530699.462, 1174740.126], [2530711.833, 1174748.066], [2530713.473, 1174749.156]]]}, "properties": {"OBJECTID": 52144421, "EGRID": "CH874583028320", "NUMERO": "1057", "NO_COM_FED": 5757, "GENRE_TXT": "parcelle priv\u00e9e", "SUPERFICIE_MO": 247, "SUPERFICIE_RF": 247}}, {"type": "Feature", "id": 52144555, "geometry": {"type": "Polygon", "coordinates": [[[2530473.677, 1176040.422], [2530471.687, 1176020.2719999999], [2530499.987, 1176016.521], [2530500.157, 1176017.781], [2530521.797, 1176014.66], [2530522.117, 1176017.69], [2530511.447, 1176034.441], [2530494.507, 1176037.211], [2530473.677, 1176040.422]]]}, "properties": {"OBJECTID": 52144555, "EGRID": "CH114541838207", "NUMERO": "888", "NO_COM_FED": 5757, "GENRE_TXT": "parcelle priv\u00e9e", "SUPERFICIE_MO": 874, "SUPERFICIE_RF": 874}}, {"type": "Feature", "id": 52144660, "geometry": {"type": "Polygon", "coordinates": [[[2530839.909, 1175280.981], [2530860.349, 1175272.48], [2530868.459, 1175292.97], [2530841.879, 1175301.001], [2530840.4189999998, 1175293.831], [2530840.029, 1175281.131], [2530839.909, 1175280.981]]]}, "properties": {"OBJECTID": 52144660, "EGRID": "CH608245218338", "NUMERO": "686", "NO_COM_FED": 5757, "GENRE_TXT": "parcelle priv\u00e9e", "SUPERFICIE_MO": 525, "SUPERFICIE_RF": 525}}, {"type": "Feature", "id": 52145143, "geometry": {"type": "Polygon", "coordinates": [[[2530763.396, 1175063.924], [2530768.476, 1175056.423], [2530784.846, 1175038.973], [2530794.276, 1175028.403], [2530799.966, 1175024.072], [2530801.236, 1175026.192], [2530805.116, 1175032.672], [2530805.326, 1175033.0219999999], [2530808.166, 1175031.072], [2530820.126, 1175050.962], [2530815.516, 1175059.672], [2530787.637, 1175075.313], [2530786.837, 1175075.783], [2530786.167, 1175075.913], [2530785.617, 1175075.8530000001], [2530780.047, 1175073.873], [2530779.317, 1175073.413], [2530778.737, 1175072.873], [2530778.147, 1175072.303], [2530772.847, 1175073.433], [2530772.487, 1175073.513], [2530763.396, 1175063.924]]]}, "properties": {"OBJECTID": 52145143, "EGRID": "CH752283824553", "NUMERO": "366", "NO_COM_FED": 5757, "GENRE_TXT": "parcelle priv\u00e9e", "SUPERFICIE_MO": 1595, "SUPERFICIE_RF": 1595}}, {"type": "Feature", "id": 52145203, "geometry": {"type": "Polygon", "coordinates": [[[2530099.065, 1174747.797], [2530096.261, 1174742.492], [2530101.566, 1174739.688], [2530104.37, 1174744.993], [2530099.065, 1174747.797]]]}, "properties": {"OBJECTID": 52145203, "EGRID": "CH244583948097", "NUMERO": "2773", "NO_COM_FED": 5757, "GENRE_TXT": "DDP superficie", "SUPERFICIE_MO": 36, "SUPERFICIE_RF": 36}}, {"type": "Feature", "id": 52145440, "geometry": {"type": "Polygon", "coordinates": [[[2530604.888, 1174568.303], [2530606.066, 1174567.145], [2530610.801, 1174563.155], [2530627.961, 1174551.689], [2530649.036, 1174537.811], [2530658.293, 1174533.599], [2530672.951, 1174528.927], [2530719.895, 1174523.121], [2530721.817, 1174522.762], [2530723.562, 1174516.806], [2530730.148, 1174518.22], [2530731.853, 1174516.281], [2530733.247, 1174508.995], [2530733.335, 1174507.648], [2530732.587, 1174463.941], [2530738.7060000002, 1174463.536], [2530747.486, 1174463.003], [2530746.788, 1174431.338], [2530747.425, 1174417.292], [2530747.808, 1174408.99], [2530745.634, 1174406.757], [2530745.985, 1174389.989], [2530749.888, 1174390.575], [2530752.139, 1174372.255], [2530752.634, 1174360.136], [2530753.818, 1174331.115], [2530753.829, 1174305.629], [2530757.817, 1174305.737], [2530758.166, 1174331.726], [2530757.346, 1174352.341], [2530756.326, 1174372.371], [2530753.897, 1174390.786], [2530752.618, 1174402.033], [2530751.74, 1174408.104], [2530750.867, 1174432.462], [2530751.632, 1174467.237], [2530751.903, 1174484.888], [2530749.129, 1174496.928], [2530747.068, 1174505.8], [2530736.977, 1174535.457], [2530733.902, 1174538.6469999999], [2530732.913, 1174539.877], [2530723.738, 1174534.612], [2530723.754, 1174534.47], [2530720.037, 1174532.855], [2530720.404, 1174528.274], [2530703.414, 1174530.118], [2530683.82, 1174532.394], [2530678.604, 1174533.1030000001], [2530675.032, 1174533.834], [2530672.488, 1174534.415], [2530661.086, 1174539.515], [2530656.036, 1174541.297], [2530635.9189999998, 1174553.095], [2530620.658, 1174564.441], [2530614.964, 1174568.467], [2530609.469, 1174572.786], [2530606.90208247, 1174575.1459176636], [2530604.538, 1174577.709], [2530602.393976083, 1174580.4560333893], [2530600.483, 1174583.37], [2530598.696, 1174586.648], [2530595.588, 1174593.035], [2530587.502, 1174610.965], [2530577.871, 1174633.753], [2530573.249, 1174641.702], [2530572.566, 1174642.716], [2530566.211, 1174648.528], [2530561.151, 1174644.778], [2530566.805, 1174639.121], [2530569.672, 1174635.244], [2530572.136, 1174631.167], [2530574.217, 1174626.971], [2530582.106, 1174608.489], [2530593.237, 1174582.729], [2530600.183, 1174572.94], [2530604.888, 1174568.303]]]}, "properties": {"OBJECTID": 52145440, "EGRID": "CH556883904519", "NUMERO": "DP 172", "NO_COM_FED": 5757, "GENRE_TXT": "DP communal", "SUPERFICIE_MO": 3221, "SUPERFICIE_RF": null}}, {"type": "Feature", "id": 52145543, "geometry": {"type": "Polygon", "coordinates": [[[2531023.429, 1176181.208], [2531001.879, 1176185.889], [2530993.769, 1176182.559], [2530994.959, 1176179.659], [2530988.209, 1176148.609], [2530986.739, 1176148.919], [2530981.559, 1176125.089], [2531006.399, 1176118.9780000001], [2531023.429, 1176181.208]]]}, "properties": {"OBJECTID": 52145543, "EGRID": "CH838382456886", "NUMERO": "73", "NO_COM_FED": 5757, "GENRE_TXT": "parcelle priv\u00e9e", "SUPERFICIE_MO": 1683, "SUPERFICIE_RF": 1683}}, {"type": "Feature", "id": 52145755, "geometry": {"type": "Polygon", "coordinates": [[[2530785.7, 1175342.373], [2530787.53, 1175357.662], [2530789.07, 1175370.882], [2530785.67, 1175373.102], [2530784.734700974, 1175374.3824924463], [2530784.03, 1175375.803], [2530783.566080818, 1175377.3646045697], [2530783.38, 1175378.983], [2530784.52, 1175390.222], [2530786.571, 1175411.442], [2530787.261, 1175416.892], [2530787.011, 1175416.822], [2530782.931, 1175417.252], [2530780.951, 1175417.523], [2530780.631, 1175412.403], [2530783.141, 1175412.292], [2530781.58, 1175398.673], [2530777.79, 1175364.673], [2530781.97, 1175364.183], [2530785.71, 1175364.472], [2530783.72, 1175350.323], [2530780.37, 1175334.173], [2530777.569, 1175321.063], [2530782.71, 1175326.893], [2530785.7, 1175342.373]]]}, "properties": {"OBJECTID": 52145755, "EGRID": "CH508345898335", "NUMERO": "DP 18", "NO_COM_FED": 5757, "GENRE_TXT": "DP communal", "SUPERFICIE_MO": 409, "SUPERFICIE_RF": null}}, {"type": "Feature", "id": 52145830, "geometry": {"type": "Polygon", "coordinates": [[[2530892.4390000002, 1175259.139], [2530912.479, 1175250.199], [2530922.949, 1175273.638], [2530913.796, 1175277.345], [2530896.037, 1175283.648], [2530892.857, 1175284.625], [2530868.459, 1175292.97], [2530860.349, 1175272.48], [2530862.879, 1175271.43], [2530892.4390000002, 1175259.139]]]}, "properties": {"OBJECTID": 52145830, "EGRID": "CH688283459927", "NUMERO": "2651", "NO_COM_FED": 5757, "GENRE_TXT": "parcelle priv\u00e9e", "SUPERFICIE_MO": 1370, "SUPERFICIE_RF": 1370}}, {"type": "Feature", "id": 52146069, "geometry": {"type": "Polygon", "coordinates": [[[2530497.063, 1174814.47], [2530519.133, 1174828.56], [2530524.023, 1174829.92], [2530522.633, 1174834.28], [2530517.763, 1174834.66], [2530512.043, 1174837.19], [2530495.663, 1174816.47], [2530497.063, 1174814.47]]]}, "properties": {"OBJECTID": 52146069, "EGRID": "CH808345748375", "NUMERO": "1077", "NO_COM_FED": 5757, "GENRE_TXT": "parcelle priv\u00e9e", "SUPERFICIE_MO": 218, "SUPERFICIE_RF": 218}}, {"type": "Feature", "id": 52146168, "geometry": {"type": "Polygon", "coordinates": [[[2529956.06, 1175426.956], [2529957.619, 1175417.076], [2529966.829, 1175416.486], [2529993.299, 1175413.066], [2530004.14, 1175427.456], [2530024.58, 1175420.986], [2530084.18, 1175425.266], [2530120.369, 1175410.395], [2530126.259, 1175402.775], [2530138.969, 1175401.995], [2530165.35, 1175418.785], [2530185.5, 1175433.845], [2530194.44, 1175439.766], [2530189.58, 1175447.056], [2530174.16, 1175470.186], [2530163.78, 1175485.916], [2530221.681, 1175519.996], [2530221.961, 1175531.276], [2530222.701, 1175560.737], [2530272.011, 1175583.467], [2530270.612, 1175589.6570000001], [2530269.052, 1175596.597], [2530268.812, 1175597.667], [2530264.402, 1175596.847], [2530248.002, 1175597.547], [2530235.282, 1175596.537], [2530218.982, 1175595.377], [2530197.742, 1175594.267], [2530179.342, 1175592.207], [2530175.772, 1175592.097], [2530156.861, 1175589.767], [2530138.001, 1175586.737], [2530122.681, 1175582.547], [2530104.791, 1175579.547], [2530096.291, 1175575.727], [2530070.761, 1175575.597], [2530058.381, 1175577.457], [2530020.011, 1175578.597], [2530004.421, 1175582.137], [2530004.211, 1175582.197], [2530002.801, 1175577.267], [2529991.821, 1175538.947], [2529986.5609999998, 1175520.587], [2529985.911, 1175518.947], [2529971.12, 1175481.536], [2529953.89, 1175450.856], [2529954.33, 1175445.316], [2529956.06, 1175426.956]]]}, "properties": {"OBJECTID": 52146168, "EGRID": "CH514571838385", "NUMERO": "2309", "NO_COM_FED": 5757, "GENRE_TXT": "parcelle priv\u00e9e", "SUPERFICIE_MO": 37986, "SUPERFICIE_RF": 37986}}, {"type": "Feature", "id": 52146173, "geometry": {"type": "Polygon", "coordinates": [[[2530948.525, 1175757.017], [2530938.675, 1175721.867], [2530957.824, 1175700.627], [2530988.164, 1175672.936], [2530993.084, 1175674.245], [2530996.484, 1175678.375], [2531048.376, 1175855.934], [2531048.136, 1175861.784], [2531043.406, 1175865.844], [2530986.886, 1175882.446], [2530984.066, 1175883.286], [2530972.976, 1175843.896], [2530965.516, 1175817.446], [2530954.615, 1175778.6469999999], [2530948.525, 1175757.017]]]}, "properties": {"OBJECTID": 52146173, "EGRID": "CH882083458201", "NUMERO": "151", "NO_COM_FED": 5757, "GENRE_TXT": "parcelle priv\u00e9e", "SUPERFICIE_MO": 12742, "SUPERFICIE_RF": 12742}}, {"type": "Feature", "id": 52146261, "geometry": {"type": "Polygon", "coordinates": [[[2531046.62, 1174827.38], [2531060.057, 1174779.011], [2531076.822, 1174783.669], [2531063.385, 1174832.037], [2531046.62, 1174827.38]]]}, "properties": {"OBJECTID": 52146261, "EGRID": "CH760883450417", "NUMERO": "2816", "NO_COM_FED": 5757, "GENRE_TXT": "parcelle priv\u00e9e", "SUPERFICIE_MO": 873, "SUPERFICIE_RF": 873}}, {"type": "Feature", "id": 52146575, "geometry": {"type": "Polygon", "coordinates": [[[2531181.64, 1175275.89], [2531199.53, 1175299.609], [2531183.51, 1175311.54], [2531165.52, 1175287.62], [2531181.64, 1175275.89]]]}, "properties": {"OBJECTID": 52146575, "EGRID": "CH838382452928", "NUMERO": "706", "NO_COM_FED": 5757, "GENRE_TXT": "parcelle priv\u00e9e", "SUPERFICIE_MO": 595, "SUPERFICIE_RF": 595}}, {"type": "Feature", "id": 52146669, "geometry": {"type": "Polygon", "coordinates": [[[2530315.865, 1175692.665], [2530285.273, 1175753.498], [2530274.103, 1175747.878], [2530277.043, 1175742.033], [2530281.994, 1175732.187], [2530304.595, 1175687.245], [2530315.865, 1175692.665]]]}, "properties": {"OBJECTID": 52146669, "EGRID": "CH229929834534", "NUMERO": "2678", "NO_COM_FED": 5757, "GENRE_TXT": "parcelle priv\u00e9e", "SUPERFICIE_MO": 850, "SUPERFICIE_RF": 850}}, {"type": "Feature", "id": 52146846, "geometry": {"type": "Polygon", "coordinates": [[[2530722.507, 1175100.865], [2530724.767, 1175095.845], [2530736.847, 1175102.844], [2530736.687, 1175103.074], [2530738.617, 1175104.354], [2530737.357, 1175106.294], [2530741.737, 1175109.294], [2530740.297, 1175111.404], [2530735.417, 1175108.604], [2530722.507, 1175100.865]]]}, "properties": {"OBJECTID": 52146846, "EGRID": "CH608245298314", "NUMERO": "346", "NO_COM_FED": 5757, "GENRE_TXT": "parcelle priv\u00e9e", "SUPERFICIE_MO": 102, "SUPERFICIE_RF": 102}}, {"type": "Feature", "id": 52147024, "geometry": {"type": "Polygon", "coordinates": [[[2530666.587, 1175159.927], [2530654.757, 1175161.127], [2530652.987, 1175152.057], [2530665.127, 1175150.4070000001], [2530666.587, 1175159.927]]]}, "properties": {"OBJECTID": 52147024, "EGRID": "CH157183834595", "NUMERO": "437", "NO_COM_FED": 5757, "GENRE_TXT": "parcelle priv\u00e9e", "SUPERFICIE_MO": 114, "SUPERFICIE_RF": 114}}, {"type": "Feature", "id": 52147572, "geometry": {"type": "Polygon", "coordinates": [[[2530288.034, 1174740.512], [2530316.325, 1174748.248], [2530309.822, 1174777.128], [2530305.361, 1174776.583], [2530287.667, 1174777.225], [2530275.867, 1174777.67], [2530284.992, 1174754.682], [2530288.034, 1174740.512]]]}, "properties": {"OBJECTID": 52147572, "EGRID": "CH838390456913", "NUMERO": "1128", "NO_COM_FED": 5757, "GENRE_TXT": "parcelle priv\u00e9e", "SUPERFICIE_MO": 1021, "SUPERFICIE_RF": 1021}}, {"type": "Feature", "id": 52147587, "geometry": {"type": "Polygon", "coordinates": [[[2530899.739, 1176154.861], [2530873.489, 1176159.552], [2530864.859, 1176153.952], [2530857.839, 1176124.162], [2530855.208, 1176114.2820000001], [2530891.468, 1176107.871], [2530899.739, 1176154.861]]]}, "properties": {"OBJECTID": 52147587, "EGRID": "CH114590838350", "NUMERO": "2115", "NO_COM_FED": 5757, "GENRE_TXT": "parcelle priv\u00e9e", "SUPERFICIE_MO": 1655, "SUPERFICIE_RF": 1655}}, {"type": "Feature", "id": 52147875, "geometry": {"type": "Polygon", "coordinates": [[[2530720.534, 1176005.739], [2530723.457, 1176011.755], [2530735.407, 1176009.564], [2530740.087, 1176006.154], [2530750.368, 1176044.134], [2530756.268, 1176061.284], [2530734.708, 1176067.455], [2530710.598, 1176074.416], [2530702.678, 1176044.815], [2530698.097, 1176027.905], [2530695.726, 1176011.714], [2530704.106, 1176009.538], [2530704.219, 1176009.974], [2530720.534, 1176005.739]]]}, "properties": {"OBJECTID": 52147875, "EGRID": "CH214596838359", "NUMERO": "938", "NO_COM_FED": 5757, "GENRE_TXT": "parcelle priv\u00e9e", "SUPERFICIE_MO": 2806, "SUPERFICIE_RF": 2806}}, {"type": "Feature", "id": 52148263, "geometry": {"type": "Polygon", "coordinates": [[[2531227.196, 1174825.944], [2531230.486, 1174825.1030000001], [2531261.796, 1174817.893], [2531263.796, 1174830.643], [2531264.036, 1174832.323], [2531264.286, 1174834.013], [2531232.066, 1174840.913], [2531228.756, 1174841.563], [2531227.196, 1174825.944]]]}, "properties": {"OBJECTID": 52148263, "EGRID": "CH952283824582", "NUMERO": "265", "NO_COM_FED": 5757, "GENRE_TXT": "parcelle priv\u00e9e", "SUPERFICIE_MO": 575, "SUPERFICIE_RF": 570}}, {"type": "Feature", "id": 52148717, "geometry": {"type": "Polygon", "coordinates": [[[2530966.263, 1175617.566], [2530971.384, 1175629.516], [2530959.454, 1175634.627], [2530958.944, 1175633.427], [2530957.303, 1175629.607], [2530954.333, 1175622.677], [2530958.743, 1175620.787], [2530966.263, 1175617.566]]]}, "properties": {"OBJECTID": 52148717, "EGRID": "CH814520838255", "NUMERO": "2224", "NO_COM_FED": 5757, "GENRE_TXT": "parcelle priv\u00e9e", "SUPERFICIE_MO": 169, "SUPERFICIE_RF": 169}}, {"type": "Feature", "id": 52148731, "geometry": {"type": "Polygon", "coordinates": [[[2530612.399, 1175329.938], [2530613.779, 1175328.008], [2530616.589, 1175327.698], [2530620.459, 1175326.548], [2530622.429, 1175324.848], [2530623.299, 1175321.738], [2530628.869, 1175337.208], [2530624.219, 1175334.548], [2530618.359, 1175335.738], [2530615.649, 1175336.308], [2530614.779, 1175337.608], [2530611.539, 1175342.408], [2530610.299, 1175345.2280000001], [2530607.039, 1175354.4780000001], [2530605.729, 1175358.318], [2530599.75, 1175379.458], [2530597.85, 1175387.9679999999], [2530594.33, 1175403.269], [2530592.21, 1175414.129], [2530591.01, 1175423.399], [2530589.601, 1175454.419], [2530587.991, 1175479.659], [2530588.051, 1175480.819], [2530584.171, 1175483.589], [2530581.361, 1175486.269], [2530578.841, 1175490.109], [2530575.8109999998, 1175489.129], [2530575.231, 1175488.189], [2530573.291, 1175484.619], [2530570.841, 1175477.789], [2530573.671, 1175478.769], [2530578.401, 1175477.539], [2530579.511, 1175477.279], [2530581.361, 1175474.679], [2530583.031, 1175469.119], [2530584.88, 1175424.919], [2530588.45, 1175397.609], [2530588.87, 1175395.689], [2530591.95, 1175387.249], [2530597.39, 1175367.839], [2530598.97, 1175362.588], [2530607.619, 1175341.298], [2530610.089, 1175336.508], [2530611.819, 1175332.568], [2530612.399, 1175329.938]]]}, "properties": {"OBJECTID": 52148731, "EGRID": "CH914503838376", "NUMERO": "DP 16", "NO_COM_FED": 5757, "GENRE_TXT": "DP communal", "SUPERFICIE_MO": 1093, "SUPERFICIE_RF": null}}, {"type": "Feature", "id": 52148808, "geometry": {"type": "Polygon", "coordinates": [[[2530431.502, 1174815.905], [2530442.108, 1174804.436], [2530445.692, 1174800.492], [2530455.599, 1174789.289], [2530461.0640000002, 1174792.696], [2530477.323, 1174802.559], [2530463.523, 1174817.82], [2530451.86, 1174830.753], [2530445.527, 1174824.264], [2530431.502, 1174815.905]]]}, "properties": {"OBJECTID": 52148808, "EGRID": "CH229069834514", "NUMERO": "1078", "NO_COM_FED": 5757, "GENRE_TXT": "parcelle priv\u00e9e", "SUPERFICIE_MO": 901, "SUPERFICIE_RF": 901}}, {"type": "Feature", "id": 52148814, "geometry": {"type": "Polygon", "coordinates": [[[2531906.1689999998, 1174695.449], [2531991.45, 1174673.339], [2532025.05, 1174661.288], [2532087.42, 1174630.458], [2532137.058, 1174594.684], [2532152.87, 1174583.289], [2532155, 1174586.069], [2532157.24, 1174592.578], [2532111.52, 1174624.078], [2532107.75, 1174632.438], [2532038.58, 1174665.248], [2531993.7, 1174680.208], [2531903.329, 1174702.999], [2531734.779, 1174744.01], [2531584.918, 1174780.221], [2531557.008, 1174786.981], [2531417.546, 1174820.77], [2531417.333, 1174819.946], [2531413.974, 1174820.761], [2531390.08, 1174824.245], [2531389.157, 1174821.402], [2531387.417, 1174818.5320000001], [2531383.906, 1174791.683], [2531407.797, 1174791.962], [2531413.957, 1174791.962], [2531441.877, 1174792.0320000001], [2531489.117, 1174781.2820000001], [2531492.867, 1174780.452], [2531498.717, 1174778.852], [2531589.058, 1174757.291], [2531642.518, 1174744.441], [2531647.228, 1174743.331], [2531648.548, 1174749.231], [2531652.378, 1174748.251], [2531652.778, 1174749.741], [2531671.288, 1174745.241], [2531670.948, 1174743.761], [2531675.868, 1174742.541], [2531736.198, 1174727.67], [2531738.339, 1174736.46], [2531812.769, 1174718.18], [2531852.259, 1174708.619], [2531889.979, 1174699.489], [2531901.839, 1174696.569], [2531906.1689999998, 1174695.449]]]}, "properties": {"OBJECTID": 52148814, "EGRID": "CH928220834545", "NUMERO": "226", "NO_COM_FED": 5757, "GENRE_TXT": "parcelle priv\u00e9e", "SUPERFICIE_MO": 11077, "SUPERFICIE_RF": 11043}}, {"type": "Feature", "id": 52149226, "geometry": {"type": "Polygon", "coordinates": [[[2531310.587, 1175916.828], [2531320.937, 1175915.9070000001], [2531325.677, 1175929.9070000001], [2531322.438, 1175955.2179999999], [2531317.258, 1175995.638], [2531320.799, 1176054.699], [2531324.019, 1176108.339], [2531133.93, 1176192.125], [2531127.609, 1176104.974], [2531110.068, 1176045.594], [2531313.958, 1175955.818], [2531310.587, 1175916.828]]]}, "properties": {"OBJECTID": 52149226, "EGRID": "CH674583888324", "NUMERO": "161", "NO_COM_FED": 5757, "GENRE_TXT": "parcelle priv\u00e9e", "SUPERFICIE_MO": 31024, "SUPERFICIE_RF": 31024}}, {"type": "Feature", "id": 52149256, "geometry": {"type": "Polygon", "coordinates": [[[2530623.8310000002, 1176461.232], [2530620.091, 1176449.012], [2530615.781, 1176434.792], [2530636.901, 1176412.381], [2530637.5810000002, 1176411.651], [2530584.71, 1176364.922], [2530596.68, 1176352.891], [2530600.47, 1176344.371], [2530598.21, 1176327.361], [2530624.08, 1176339.38], [2530665.541, 1176358.629], [2530667.31, 1176328.079], [2530668.39, 1176293.329], [2530669.21, 1176272.639], [2530670.3, 1176260.088], [2530671.299, 1176249.548], [2530700.599, 1176232.6469999999], [2530675.079, 1176194.088], [2530675.089, 1176194.048], [2530675.709, 1176188.428], [2530678.079, 1176167.277], [2530682.158, 1176133.337], [2530668.278, 1176131.067], [2530679.818, 1176106.337], [2530683.808, 1176091.616], [2530688.928, 1176067.426], [2530696.708, 1176061.166], [2530715.038, 1176128.616], [2530724.249, 1176147.216], [2530729.9390000002, 1176155.606], [2530752.209, 1176188.405], [2530757.849, 1176205.645], [2530770.63, 1176245.776], [2530800.841, 1176345.816], [2530805.851, 1176370.526], [2530800.152, 1176457.377], [2530791.042, 1176540.518], [2530778.673, 1176624.189], [2530784.924, 1176698.649], [2530780.245, 1176762.67], [2530768.374, 1176728.16], [2530724.5640000002, 1176664.571], [2530691.704, 1176684.252], [2530664.213, 1176590.152], [2530623.8310000002, 1176461.232]]]}, "properties": {"OBJECTID": 52149256, "EGRID": "CH414567838259", "NUMERO": "910", "NO_COM_FED": 5757, "GENRE_TXT": "parcelle priv\u00e9e", "SUPERFICIE_MO": 72853, "SUPERFICIE_RF": 72853}}, {"type": "Feature", "id": 52149376, "geometry": {"type": "Polygon", "coordinates": [[[2530079.035, 1175908.63], [2530185.865, 1175930.58], [2530190.655, 1175944.8], [2530200.816, 1175974.98], [2530153.376, 1175989.96], [2530148.766, 1175972.16], [2530100.6859999998, 1175992.46], [2530079.035, 1175908.63]]]}, "properties": {"OBJECTID": 52149376, "EGRID": "CH108245418351", "NUMERO": "1635", "NO_COM_FED": 5757, "GENRE_TXT": "parcelle priv\u00e9e", "SUPERFICIE_MO": 6454, "SUPERFICIE_RF": 6454}}, {"type": "Feature", "id": 52149476, "geometry": {"type": "Polygon", "coordinates": [[[2530792.2939999998, 1174847.611], [2530805.944, 1174853.102], [2530813.574, 1174855.192], [2530813.074, 1174856.402], [2530812.354, 1174858.132], [2530819.704, 1174861.102], [2530811.384, 1174879.322], [2530796.764, 1174873.203], [2530796.614, 1174873.533], [2530792.0439999998, 1174871.193], [2530787.144, 1174868.683], [2530783.159, 1174866.342], [2530784.537, 1174863.516], [2530791.922, 1174848.375], [2530792.2939999998, 1174847.611]]]}, "properties": {"OBJECTID": 52149476, "EGRID": "CH144583999009", "NUMERO": "2697", "NO_COM_FED": 5757, "GENRE_TXT": "parcelle priv\u00e9e", "SUPERFICIE_MO": 663, "SUPERFICIE_RF": 663}}, {"type": "Feature", "id": 52149553, "geometry": {"type": "Polygon", "coordinates": [[[2530519.346, 1175081.401], [2530526.996, 1175075.551], [2530529.4560000002, 1175072.251], [2530535.386, 1175059.211], [2530536.096, 1175054.901], [2530536.066, 1175040.931], [2530536.695, 1175034.321], [2530538.905, 1175025.531], [2530541.875, 1175014.861], [2530542.275, 1175005.261], [2530547.275, 1175000.261], [2530558.915, 1174991.45], [2530573.815, 1174968.4], [2530571.725, 1174966.49], [2530574.615, 1174964.21], [2530586.125, 1174948.129], [2530597.164, 1174927.789], [2530601.474, 1174905.189], [2530605.104, 1174891.709], [2530615.154, 1174880.359], [2530618.464, 1174875.408], [2530620.574, 1174870.458], [2530631.574, 1174884.258], [2530617.784, 1174908.778], [2530614.164, 1174932.469], [2530612.465, 1174948.299], [2530605.935, 1174964.609], [2530598.245, 1174980.279], [2530591.575, 1174991.119], [2530580.345, 1175007.53], [2530566.775, 1175024.88], [2530551.7060000002, 1175063.61], [2530548.176, 1175084.26], [2530547.116, 1175094.47], [2530546.166, 1175103.62], [2530531.756, 1175102.641], [2530536.256, 1175082.551], [2530516.826, 1175087.661], [2530515.626, 1175084.351], [2530519.346, 1175081.401]]]}, "properties": {"OBJECTID": 52149553, "EGRID": "CH974583978389", "NUMERO": "495", "NO_COM_FED": 5757, "GENRE_TXT": "parcelle priv\u00e9e", "SUPERFICIE_MO": 5525, "SUPERFICIE_RF": 5525}}, {"type": "Feature", "id": 52149807, "geometry": {"type": "Polygon", "coordinates": [[[2530859.398, 1174560.055], [2530862.668, 1174560.7], [2530849.457, 1174593.681], [2530839.741, 1174629.822], [2530826.121, 1174625.592], [2530839.967, 1174595.767], [2530852.652, 1174568.94], [2530859.398, 1174560.055]]]}, "properties": {"OBJECTID": 52149807, "EGRID": "CH238390456824", "NUMERO": "1071", "NO_COM_FED": 5757, "GENRE_TXT": "parcelle priv\u00e9e", "SUPERFICIE_MO": 635, "SUPERFICIE_RF": 635}}, {"type": "Feature", "id": 52149979, "geometry": {"type": "Polygon", "coordinates": [[[2530654.6, 1174641.925], [2530621.534, 1174626.725], [2530587.502, 1174610.965], [2530595.588, 1174593.035], [2530660.98, 1174631.2179999999], [2530654.6, 1174641.925]]]}, "properties": {"OBJECTID": 52149979, "EGRID": "CH809045688301", "NUMERO": "1046", "NO_COM_FED": 5757, "GENRE_TXT": "parcelle priv\u00e9e", "SUPERFICIE_MO": 1201, "SUPERFICIE_RF": 1201}}, {"type": "Feature", "id": 52150022, "geometry": {"type": "Polygon", "coordinates": [[[2530861.532, 1176441.515], [2530816.881, 1176430.876], [2530812.431, 1176424.696], [2530810.981, 1176422.686], [2530812.471, 1176394.876], [2530848.091, 1176403.365], [2530848.391, 1176413.085], [2530861.532, 1176441.515]]]}, "properties": {"OBJECTID": 52150022, "EGRID": "CH638383459323", "NUMERO": "2156", "NO_COM_FED": 5757, "GENRE_TXT": "parcelle priv\u00e9e", "SUPERFICIE_MO": 1431, "SUPERFICIE_RF": 1431}}, {"type": "Feature", "id": 52150411, "geometry": {"type": "Polygon", "coordinates": [[[2530563.4189999998, 1176239.311], [2530567.599, 1176239.071], [2530575.119, 1176238.631], [2530575.119, 1176238.561], [2530581.709, 1176238.181], [2530584.771, 1176234.961], [2530588.099, 1176237.82], [2530588.299, 1176237.81], [2530583.839, 1176242.771], [2530576.396, 1176243.264], [2530576.603, 1176246.929], [2530577.917, 1176248.099], [2530576.499, 1176249.691], [2530572.329, 1176254.371], [2530573.059, 1176255.041], [2530569.059, 1176259.541], [2530565.059, 1176264.041], [2530564.299, 1176263.361], [2530560.12, 1176268.0320000001], [2530560.14, 1176268.2719999999], [2530553.93, 1176268.622], [2530553.879, 1176267.622], [2530552.179, 1176267.712], [2530552.049, 1176265.362], [2530547.579, 1176261.342], [2530545.429, 1176259.402], [2530563.4189999998, 1176239.311]]]}, "properties": {"OBJECTID": 52150411, "EGRID": "CH758383914528", "NUMERO": "2744", "NO_COM_FED": 5757, "GENRE_TXT": "DDP superficie", "SUPERFICIE_MO": 600, "SUPERFICIE_RF": 600}}, {"type": "Feature", "id": 52150454, "geometry": {"type": "Polygon", "coordinates": [[[2530110.552, 1174583.857], [2530110.213, 1174581.182], [2530106.846, 1174554.858], [2530133.119, 1174549.303], [2530136.851, 1174548.525], [2530138.385, 1174574.885], [2530148.92, 1174572.629], [2530149.273, 1174575.301], [2530110.552, 1174583.857]]]}, "properties": {"OBJECTID": 52150454, "EGRID": "CH329487834501", "NUMERO": "2336", "NO_COM_FED": 5757, "GENRE_TXT": "parcelle priv\u00e9e", "SUPERFICIE_MO": 890, "SUPERFICIE_RF": 890}}, {"type": "Feature", "id": 52150901, "geometry": {"type": "Polygon", "coordinates": [[[2531078.069, 1176155.986], [2531072.769, 1176157.356], [2531072.069, 1176154.646], [2531071.369, 1176151.926], [2531070.6689999998, 1176149.216], [2531069.969, 1176146.506], [2531069.269, 1176143.796], [2531068.569, 1176141.086], [2531073.889, 1176139.726], [2531074.589, 1176142.436], [2531075.279, 1176145.146], [2531075.979, 1176147.856], [2531076.679, 1176150.566], [2531077.379, 1176153.276], [2531078.069, 1176155.986]]]}, "properties": {"OBJECTID": 52150901, "EGRID": "CH589183458328", "NUMERO": "1336", "NO_COM_FED": 5757, "GENRE_TXT": "parcelle priv\u00e9e", "SUPERFICIE_MO": 92, "SUPERFICIE_RF": 92}}, {"type": "Feature", "id": 52150945, "geometry": {"type": "Polygon", "coordinates": [[[2531214.619, 1174550.174], [2531215.9390000002, 1174569.34], [2531209.463, 1174564.969], [2531208.443, 1174548.049], [2531206.493, 1174512.41], [2531203.353, 1174454.561], [2531198.792, 1174369.111], [2531191.452, 1174277.801], [2531190.022, 1174261.141], [2531178.992, 1174128.031], [2531169.202, 1174014.449], [2531175.192, 1173996.189], [2531175.312, 1174013.909], [2531185.012, 1174127.44], [2531195.952, 1174260.771], [2531197.282, 1174275.991], [2531204.662, 1174368.621], [2531209.293, 1174454.241], [2531211.993, 1174504.42], [2531214.619, 1174550.174]]]}, "properties": {"OBJECTID": 52150945, "EGRID": "CH728310834579", "NUMERO": "DP 1036", "NO_COM_FED": 5757, "GENRE_TXT": "DP communal", "SUPERFICIE_MO": 3374, "SUPERFICIE_RF": null}}, {"type": "Feature", "id": 52151255, "geometry": {"type": "Polygon", "coordinates": [[[2530172.643, 1174544.042], [2530188.052, 1174564.004], [2530160.0810000002, 1174570.2179999999], [2530148.92, 1174572.629], [2530138.385, 1174574.885], [2530136.851, 1174548.525], [2530170.678, 1174541.47], [2530172.643, 1174544.042]]]}, "properties": {"OBJECTID": 52151255, "EGRID": "CH338394458732", "NUMERO": "2337", "NO_COM_FED": 5757, "GENRE_TXT": "parcelle priv\u00e9e", "SUPERFICIE_MO": 1107, "SUPERFICIE_RF": 1107}}, {"type": "Feature", "id": 52151294, "geometry": {"type": "Polygon", "coordinates": [[[2530502.434, 1175794.611], [2530497.474, 1175771.451], [2530473.904, 1175773.242], [2530470.084, 1175772.822], [2530449.024, 1175770.533], [2530417.034, 1175764.904], [2530420.522, 1175754.063], [2530423.974, 1175743.334], [2530426.673, 1175734.964], [2530426.963, 1175734.054], [2530428.173, 1175735.194], [2530436.464, 1175739.363], [2530438.654, 1175737.533], [2530439.524, 1175740.833], [2530447.514, 1175744.3429999999], [2530457.664, 1175749.033], [2530468.074, 1175750.642], [2530479.284, 1175750.582], [2530485.754, 1175749.7719999999], [2530500.854, 1175746.561], [2530506.734, 1175741.701], [2530516.784, 1175736.751], [2530524.944, 1175728.91], [2530530.7939999998, 1175721.89], [2530537.353, 1175714.28], [2530542.453, 1175708.51], [2530544.974, 1175716.4], [2530555.494, 1175749.319], [2530561.124, 1175752.249], [2530563.024, 1175752.859], [2530563.954, 1175750.879], [2530575.024, 1175756.509], [2530575.264, 1175756.089], [2530599.574, 1175765.448], [2530599.284, 1175767.048], [2530615.204, 1175770.247], [2530615.594, 1175768.037], [2530629.014, 1175769.347], [2530629.334, 1175779.547], [2530607.964, 1175780.308], [2530586.5640000002, 1175783.158], [2530590.645, 1175803.688], [2530591.375, 1175807.368], [2530591.5251680603, 1175808.7425149826], [2530591.4364416907, 1175810.122359001], [2530591.111470788, 1175811.4663217224], [2530590.559960911, 1175812.7342644418], [2530589.7983834194, 1175813.8883188635], [2530588.8494835375, 1175814.894018072], [2530587.7416010485, 1175815.7213259193], [2530586.5078238994, 1175816.3455340823], [2530585.185, 1175816.748], [2530575.895, 1175818.719], [2530573.785, 1175819.169], [2530566.595, 1175820.699], [2530563.615, 1175820.759], [2530543.255, 1175814.17], [2530538.404, 1175789.74], [2530502.434, 1175794.611]]]}, "properties": {"OBJECTID": 52151294, "EGRID": "CH908345148327", "NUMERO": "795", "NO_COM_FED": 5757, "GENRE_TXT": "parcelle priv\u00e9e", "SUPERFICIE_MO": 8448, "SUPERFICIE_RF": 8448}}, {"type": "Feature", "id": 52152561, "geometry": {"type": "Polygon", "coordinates": [[[2530450.407, 1174511.898], [2530451.345, 1174511.581], [2530468.272, 1174505.861], [2530479.677, 1174506.904], [2530485.976, 1174504.569], [2530487.12, 1174507.348], [2530487.277, 1174507.902], [2530465.899, 1174532.98], [2530455.099, 1174541.351], [2530452.276, 1174538.918], [2530450.407, 1174511.898]]]}, "properties": {"OBJECTID": 52152561, "EGRID": "CH709045568371", "NUMERO": "2695", "NO_COM_FED": 5757, "GENRE_TXT": "parcelle priv\u00e9e", "SUPERFICIE_MO": 724, "SUPERFICIE_RF": 724}}, {"type": "Feature", "id": 52152849, "geometry": {"type": "Polygon", "coordinates": [[[2530786.586, 1175846.332], [2530786.735, 1175829.7820000001], [2530816.856, 1175829.461], [2530817.586, 1175846.031], [2530786.586, 1175846.332]]]}, "properties": {"OBJECTID": 52152849, "EGRID": "CH568383459209", "NUMERO": "740", "NO_COM_FED": 5757, "GENRE_TXT": "parcelle priv\u00e9e", "SUPERFICIE_MO": 506, "SUPERFICIE_RF": 506}}, {"type": "Feature", "id": 52152858, "geometry": {"type": "Polygon", "coordinates": [[[2530621.529, 1175306.2280000001], [2530617.529, 1175306.758], [2530617.539, 1175306.9780000001], [2530601.619, 1175309.238], [2530598.789, 1175299.329], [2530612.4390000002, 1175296.108], [2530612.389, 1175295.918], [2530619.9189999998, 1175294.438], [2530620.599, 1175299.758], [2530621.529, 1175306.2280000001]]]}, "properties": {"OBJECTID": 52152858, "EGRID": "CH508345728386", "NUMERO": "625", "NO_COM_FED": 5757, "GENRE_TXT": "parcelle priv\u00e9e", "SUPERFICIE_MO": 234, "SUPERFICIE_RF": 234}}, {"type": "Feature", "id": 52152882, "geometry": {"type": "Polygon", "coordinates": [[[2530499.122, 1174704.919], [2530487.142, 1174690.518], [2530465.441, 1174656.298], [2530483.741, 1174641.608], [2530491.451, 1174652.4780000001], [2530499.931, 1174667.348], [2530518.152, 1174687.318], [2530499.122, 1174704.919]]]}, "properties": {"OBJECTID": 52152882, "EGRID": "CH114572838318", "NUMERO": "1021", "NO_COM_FED": 5757, "GENRE_TXT": "parcelle priv\u00e9e", "SUPERFICIE_MO": 1417, "SUPERFICIE_RF": 1417}}, {"type": "Feature", "id": 52153049, "geometry": {"type": "Polygon", "coordinates": [[[2530861.022, 1176444.475], [2530861.532, 1176441.515], [2530848.391, 1176413.085], [2530848.091, 1176403.365], [2530847.191, 1176374.025], [2530811.001, 1176353.845], [2530809.201, 1176343.765], [2530831.071, 1176340.005], [2530834.641, 1176362.375], [2530875.321, 1176368.064], [2530903.601, 1176359.5929999999], [2530916.011, 1176356.923], [2530919.511, 1176388.283], [2530954.801, 1176382.602], [2530957.721, 1176391.042], [2530923.431, 1176396.423], [2530920.631, 1176399.923], [2530922.132, 1176429.313], [2530922.742, 1176440.663], [2530913.082, 1176457.784], [2530909.552, 1176455.724], [2530888.202, 1176450.894], [2530861.022, 1176444.475]]]}, "properties": {"OBJECTID": 52153049, "EGRID": "CH438382456729", "NUMERO": "2102", "NO_COM_FED": 5757, "GENRE_TXT": "parcelle priv\u00e9e", "SUPERFICIE_MO": 6828, "SUPERFICIE_RF": 6828}}, {"type": "Feature", "id": 52153578, "geometry": {"type": "Polygon", "coordinates": [[[2530431.502, 1174815.905], [2530424.592, 1174811.464], [2530413.163, 1174804.23], [2530409.274, 1174802.108], [2530420.15, 1174783.208], [2530423.066, 1174777.357], [2530423.323, 1174776.835], [2530423.106, 1174776.726], [2530424.761, 1174773.505], [2530426.182, 1174772.981], [2530435.845, 1174778.041], [2530455.599, 1174789.289], [2530445.692, 1174800.492], [2530442.108, 1174804.436], [2530431.502, 1174815.905]]]}, "properties": {"OBJECTID": 52153578, "EGRID": "CH214569839004", "NUMERO": "1080", "NO_COM_FED": 5757, "GENRE_TXT": "parcelle priv\u00e9e", "SUPERFICIE_MO": 1039, "SUPERFICIE_RF": 1039}}, {"type": "Feature", "id": 52153721, "geometry": {"type": "Polygon", "coordinates": [[[2530642.382, 1174741.348], [2530646.762, 1174746.058], [2530643.552, 1174749.068], [2530639.122, 1174744.408], [2530642.382, 1174741.348]]]}, "properties": {"OBJECTID": 52153721, "EGRID": "CH108345728328", "NUMERO": "1194", "NO_COM_FED": 5757, "GENRE_TXT": "parcelle priv\u00e9e", "SUPERFICIE_MO": 29, "SUPERFICIE_RF": 29}}, {"type": "Feature", "id": 52154210, "geometry": {"type": "Polygon", "coordinates": [[[2530332.827, 1174650.068], [2530333.005, 1174650.524], [2530334.435, 1174653.162], [2530331.912, 1174677.204], [2530330.278, 1174679.649], [2530371.037, 1174671.183], [2530376.345, 1174684.861], [2530380.147, 1174694.829], [2530337.935, 1174702.208], [2530326.447, 1174699.2280000001], [2530315.533, 1174687.681], [2530327.694, 1174671.399], [2530327.567, 1174662.508], [2530327.542, 1174658.004], [2530319.507, 1174658.369], [2530319.22, 1174652.045], [2530332.827, 1174650.068]]]}, "properties": {"OBJECTID": 52154210, "EGRID": "CH198390694508", "NUMERO": "1132", "NO_COM_FED": 5757, "GENRE_TXT": "parcelle priv\u00e9e", "SUPERFICIE_MO": 1547, "SUPERFICIE_RF": 1547}}, {"type": "Feature", "id": 52154619, "geometry": {"type": "Polygon", "coordinates": [[[2530665.91, 1175433.146], [2530671.039, 1175432.254], [2530672.542, 1175431.993], [2530676.579, 1175431.432], [2530679.772, 1175431.758], [2530681.56, 1175432.302], [2530683.379, 1175433.152], [2530685.33, 1175434.516], [2530687.326, 1175436.145], [2530689.51, 1175437.287], [2530693.3310000002, 1175438.205], [2530693.421, 1175447.155], [2530692.5810000002, 1175457.485], [2530663.431, 1175460.786], [2530663.281, 1175460.806], [2530661.211, 1175449.836], [2530658.34, 1175434.876], [2530665.91, 1175433.146]]]}, "properties": {"OBJECTID": 52154619, "EGRID": "CH998383724581", "NUMERO": "616", "NO_COM_FED": 5757, "GENRE_TXT": "parcelle priv\u00e9e", "SUPERFICIE_MO": 829, "SUPERFICIE_RF": 829}}, {"type": "Feature", "id": 52154681, "geometry": {"type": "Polygon", "coordinates": [[[2530384.583, 1174847.809], [2530377.842, 1174854.561], [2530368.393, 1174864.025], [2530357.781, 1174852.942], [2530357.364, 1174852.335], [2530349.37, 1174844.867], [2530360.851, 1174829.269], [2530364.2939999998, 1174824.591], [2530366.594, 1174826.224], [2530368.005, 1174827.961], [2530368.295, 1174831.294], [2530371.105, 1174836.162], [2530375.451, 1174838.172], [2530384.583, 1174847.809]]]}, "properties": {"OBJECTID": 52154681, "EGRID": "CH814569839091", "NUMERO": "2323", "NO_COM_FED": 5757, "GENRE_TXT": "parcelle priv\u00e9e", "SUPERFICIE_MO": 664, "SUPERFICIE_RF": 664}}, {"type": "Feature", "id": 52154901, "geometry": {"type": "Polygon", "coordinates": [[[2530706.143, 1174768.906], [2530706.1135463095, 1174768.9610940763], [2530706.0934177344, 1174769.0202355813], [2530706.0831472343, 1174769.08185858], [2530706.08300675, 1174769.1443314336], [2530706.093, 1174769.206], [2530706.1139658424, 1174769.2653242017], [2530706.1443891, 1174769.3204000844], [2530706.1834437344, 1174769.3697322544], [2530706.2300693532, 1174769.4119812679], [2530706.283, 1174769.446], [2530709.86400836, 1174769.3689991885], [2530713.393, 1174768.756], [2530716.213, 1174767.855], [2530716.653, 1174777.705], [2530718.993, 1174777.515], [2530721.273, 1174777.355], [2530724.763, 1174779.975], [2530725.733, 1174778.755], [2530736.993, 1174786.585], [2530726.933, 1174796.475], [2530725.913, 1174795.705], [2530718.483, 1174790.545], [2530718.813, 1174790.105], [2530708.033, 1174782.586], [2530707.433, 1174777.036], [2530698.523, 1174777.606], [2530703.703, 1174766.966], [2530706.143, 1174768.906]]]}, "properties": {"OBJECTID": 52154901, "EGRID": "CH214500838350", "NUMERO": "563", "NO_COM_FED": 5757, "GENRE_TXT": "parcelle priv\u00e9e", "SUPERFICIE_MO": 441, "SUPERFICIE_RF": 441}}, {"type": "Feature", "id": 52155055, "geometry": {"type": "Polygon", "coordinates": [[[2530323.947, 1174532.276], [2530276.89, 1174515.796], [2530243.957, 1174504.311], [2530228.266, 1174491.874], [2530224.149, 1174488.489], [2530203.748, 1174462.761], [2530182.885, 1174427.967], [2530172.251, 1174393.923], [2530176.027, 1174393.074], [2530186.546, 1174426.599], [2530197.722, 1174445.2], [2530206.807, 1174460.323], [2530227.565, 1174485.56], [2530239.82, 1174496.251], [2530243.827, 1174497.671], [2530253.743, 1174501.184], [2530284.242, 1174511.908], [2530314.695, 1174522.58], [2530338.777, 1174531.021], [2530354.823, 1174536.654], [2530377.442, 1174544.59], [2530400.299, 1174552.636], [2530406.082, 1174553.806], [2530411.489, 1174554.972], [2530422.907, 1174555.189], [2530428.849, 1174554.49], [2530431.108, 1174554.283], [2530434.902, 1174553.891], [2530440.299, 1174547.231], [2530442.255, 1174565.082], [2530435.618, 1174559.834], [2530410.636, 1174562.566], [2530376.661, 1174550.7280000001], [2530323.947, 1174532.276]]]}, "properties": {"OBJECTID": 52155055, "EGRID": "CH909045568303", "NUMERO": "DP 189", "NO_COM_FED": 5757, "GENRE_TXT": "DP communal", "SUPERFICIE_MO": 1840, "SUPERFICIE_RF": null}}, {"type": "Feature", "id": 52155298, "geometry": {"type": "Polygon", "coordinates": [[[2530784.33, 1176257.925], [2530816.56, 1176252.214], [2530821.54, 1176282.854], [2530792.98, 1176287.885], [2530784.33, 1176257.925]]]}, "properties": {"OBJECTID": 52155298, "EGRID": "CH168383457961", "NUMERO": "2159", "NO_COM_FED": 5757, "GENRE_TXT": "parcelle priv\u00e9e", "SUPERFICIE_MO": 958, "SUPERFICIE_RF": 958}}, {"type": "Feature", "id": 52155306, "geometry": {"type": "Polygon", "coordinates": [[[2530105.096, 1176009.541], [2530100.6859999998, 1175992.46], [2530148.766, 1175972.16], [2530153.376, 1175989.96], [2530142.396, 1175993.43], [2530122.676, 1176004.021], [2530109.026, 1176008.311], [2530105.096, 1176009.541]]]}, "properties": {"OBJECTID": 52155306, "EGRID": "CH514543838247", "NUMERO": "1634", "NO_COM_FED": 5757, "GENRE_TXT": "parcelle priv\u00e9e", "SUPERFICIE_MO": 945, "SUPERFICIE_RF": 945}}, {"type": "Feature", "id": 52155341, "geometry": {"type": "Polygon", "coordinates": [[[2530327.134, 1175698.075], [2530338.406, 1175703.484], [2530307.604, 1175764.727], [2530296.443, 1175759.118], [2530299.388, 1175753.26], [2530304.333, 1175743.425], [2530327.134, 1175698.075]]]}, "properties": {"OBJECTID": 52155341, "EGRID": "CH244583992936", "NUMERO": "2676", "NO_COM_FED": 5757, "GENRE_TXT": "parcelle priv\u00e9e", "SUPERFICIE_MO": 855, "SUPERFICIE_RF": 855}}, {"type": "Feature", "id": 52155424, "geometry": {"type": "Polygon", "coordinates": [[[2530839.212, 1174663.492], [2530844.361, 1174632.151], [2530850.131, 1174610.851], [2530936.092, 1174629.56], [2530924.012, 1174682.309], [2530839.212, 1174663.492]]]}, "properties": {"OBJECTID": 52155424, "EGRID": "CH238383457283", "NUMERO": "241", "NO_COM_FED": 5757, "GENRE_TXT": "parcelle priv\u00e9e", "SUPERFICIE_MO": 4750, "SUPERFICIE_RF": 4751}}, {"type": "Feature", "id": 52155469, "geometry": {"type": "Polygon", "coordinates": [[[2530276.89, 1174515.796], [2530268.702, 1174538.98], [2530262.642, 1174535.323], [2530246.062, 1174530.141], [2530230.349, 1174540.107], [2530225.966, 1174525.488], [2530220.65, 1174516.514], [2530218.848, 1174513.472], [2530211.9, 1174507.83], [2530228.266, 1174491.874], [2530243.957, 1174504.311], [2530276.89, 1174515.796]]]}, "properties": {"OBJECTID": 52155469, "EGRID": "CH574590558394", "NUMERO": "1139", "NO_COM_FED": 5757, "GENRE_TXT": "parcelle priv\u00e9e", "SUPERFICIE_MO": 1602, "SUPERFICIE_RF": 1602}}, {"type": "Feature", "id": 52155858, "geometry": {"type": "Polygon", "coordinates": [[[2530584.643, 1174652.596], [2530581.5609999998, 1174651.035], [2530580.127, 1174653.866], [2530574.89, 1174651.207], [2530578.469, 1174644.2179999999], [2530580.542, 1174645.276], [2530584.875, 1174636.788], [2530591.166, 1174639.999], [2530584.643, 1174652.596]]]}, "properties": {"OBJECTID": 52155858, "EGRID": "CH538390456819", "NUMERO": "1043", "NO_COM_FED": 5757, "GENRE_TXT": "parcelle priv\u00e9e", "SUPERFICIE_MO": 129, "SUPERFICIE_RF": 129}}, {"type": "Feature", "id": 52156319, "geometry": {"type": "Polygon", "coordinates": [[[2530639.163, 1174805.698], [2530635.783, 1174802.318], [2530630.073, 1174796.608], [2530652.033, 1174785.417], [2530668.683, 1174782.847], [2530672.803, 1174786.057], [2530679.813, 1174789.607], [2530675.693, 1174796.187], [2530671.133, 1174789.747], [2530664.323, 1174788.507], [2530657.023, 1174788.477], [2530650.063, 1174791.338], [2530652.003, 1174793.767], [2530645.913, 1174798.048], [2530639.493, 1174805.238], [2530639.163, 1174805.698]]]}, "properties": {"OBJECTID": 52156319, "EGRID": "CH814502838322", "NUMERO": "558", "NO_COM_FED": 5757, "GENRE_TXT": "parcelle priv\u00e9e", "SUPERFICIE_MO": 334, "SUPERFICIE_RF": 334}}, {"type": "Feature", "id": 52156472, "geometry": {"type": "Polygon", "coordinates": [[[2530829.347, 1176016.182], [2530823.737, 1176017.632], [2530818.207, 1176019.062], [2530809.917, 1176021.202], [2530801.573, 1175994.204], [2530826.254, 1175982.612], [2530827.807, 1176003.292], [2530829.347, 1176016.182]]]}, "properties": {"OBJECTID": 52156472, "EGRID": "CH200845948313", "NUMERO": "2814", "NO_COM_FED": 5757, "GENRE_TXT": "parcelle priv\u00e9e", "SUPERFICIE_MO": 710, "SUPERFICIE_RF": 710}}, {"type": "Feature", "id": 52156845, "geometry": {"type": "Polygon", "coordinates": [[[2530804.678, 1174286.804], [2530807.19, 1174268.408], [2530825.395, 1174270.6030000001], [2530830.166, 1174271.336], [2530829.286, 1174277.064], [2530828.777, 1174276.986], [2530824.949, 1174301.914], [2530824.861, 1174302.488], [2530803.823, 1174299.257], [2530804.678, 1174286.804]]]}, "properties": {"OBJECTID": 52156845, "EGRID": "CH244583905636", "NUMERO": "2714", "NO_COM_FED": 5757, "GENRE_TXT": "parcelle priv\u00e9e", "SUPERFICIE_MO": 700, "SUPERFICIE_RF": 700}}, {"type": "Feature", "id": 52157230, "geometry": {"type": "Polygon", "coordinates": [[[2530722.507, 1175100.865], [2530735.417, 1175108.604], [2530740.297, 1175111.404], [2530736.857, 1175116.334], [2530732.337, 1175113.154], [2530732.167, 1175113.405], [2530721.907, 1175105.795], [2530721.067, 1175105.425], [2530722.887, 1175101.315], [2530722.427, 1175101.085], [2530722.507, 1175100.865]]]}, "properties": {"OBJECTID": 52157230, "EGRID": "CH514529838276", "NUMERO": "345", "NO_COM_FED": 5757, "GENRE_TXT": "parcelle priv\u00e9e", "SUPERFICIE_MO": 104, "SUPERFICIE_RF": 104}}, {"type": "Feature", "id": 52157852, "geometry": {"type": "Polygon", "coordinates": [[[2530484.908, 1174865.3429999999], [2530451.86, 1174830.753], [2530463.523, 1174817.82], [2530479.853, 1174832.84], [2530482.743, 1174835.62], [2530497.213, 1174849.06], [2530498.733, 1174850.5], [2530484.908, 1174865.3429999999]]]}, "properties": {"OBJECTID": 52157852, "EGRID": "CH244583906923", "NUMERO": "1075", "NO_COM_FED": 5757, "GENRE_TXT": "parcelle priv\u00e9e", "SUPERFICIE_MO": 905, "SUPERFICIE_RF": 905}}, {"type": "Feature", "id": 52158136, "geometry": {"type": "Polygon", "coordinates": [[[2530748.826, 1175008.904], [2530749.446, 1175009.914], [2530744.676, 1175013.404], [2530738.776, 1175005.494], [2530742.236, 1174999.924], [2530748.826, 1175008.904]]]}, "properties": {"OBJECTID": 52158136, "EGRID": "CH768383459733", "NUMERO": "371", "NO_COM_FED": 5757, "GENRE_TXT": "parcelle priv\u00e9e", "SUPERFICIE_MO": 67, "SUPERFICIE_RF": 67}}, {"type": "Feature", "id": 52158151, "geometry": {"type": "Polygon", "coordinates": [[[2530698.765, 1174936.536], [2530701.075, 1174935.656], [2530701.945, 1174935.426], [2530711.585, 1174930.325], [2530717.005, 1174927.385], [2530719.265, 1174931.195], [2530703.245, 1174940.336], [2530705.785, 1174945.026], [2530702.245, 1174946.396], [2530699.065, 1174947.486], [2530696.405, 1174939.086], [2530695.905, 1174937.516], [2530698.765, 1174936.536]]]}, "properties": {"OBJECTID": 52158151, "EGRID": "CH208345728391", "NUMERO": "524", "NO_COM_FED": 5757, "GENRE_TXT": "parcelle priv\u00e9e", "SUPERFICIE_MO": 150, "SUPERFICIE_RF": 150}}, {"type": "Feature", "id": 52158283, "geometry": {"type": "Polygon", "coordinates": [[[2530630.847, 1175113.4780000001], [2530639.317, 1175112.977], [2530639.327, 1175113.317], [2530639.597, 1175120.3969999999], [2530626.777, 1175121.068], [2530626.547, 1175113.7280000001], [2530629.027, 1175113.588], [2530630.847, 1175113.4780000001]]]}, "properties": {"OBJECTID": 52158283, "EGRID": "CH157283834568", "NUMERO": "405", "NO_COM_FED": 5757, "GENRE_TXT": "parcelle priv\u00e9e", "SUPERFICIE_MO": 95, "SUPERFICIE_RF": 95}}, {"type": "Feature", "id": 52158316, "geometry": {"type": "Polygon", "coordinates": [[[2530624.08, 1176339.38], [2530631.78, 1176321.88], [2530667.31, 1176328.079], [2530665.541, 1176358.629], [2530624.08, 1176339.38]]]}, "properties": {"OBJECTID": 52158316, "EGRID": "CH514504838309", "NUMERO": "1470", "NO_COM_FED": 5757, "GENRE_TXT": "parcelle priv\u00e9e", "SUPERFICIE_MO": 985, "SUPERFICIE_RF": 985}}, {"type": "Feature", "id": 52158581, "geometry": {"type": "Polygon", "coordinates": [[[2530841.333, 1174724.701], [2530838.102, 1174716.622], [2530839.212, 1174663.492], [2530924.012, 1174682.309], [2530920.902, 1174695.439], [2530913.232, 1174704.399], [2530848.983, 1174726.041], [2530841.333, 1174724.701]]]}, "properties": {"OBJECTID": 52158581, "EGRID": "CH574583898355", "NUMERO": "242", "NO_COM_FED": 5757, "GENRE_TXT": "parcelle priv\u00e9e", "SUPERFICIE_MO": 3513, "SUPERFICIE_RF": 3518}}, {"type": "Feature", "id": 52158711, "geometry": {"type": "Polygon", "coordinates": [[[2530849.066, 1174418.821], [2530849.345, 1174408.681], [2530849.432, 1174405.667], [2530849.714, 1174395.55], [2530849.993, 1174385.545], [2530850.358, 1174372.541], [2530885.734, 1174379.076], [2530885.41, 1174382.731], [2530880.722, 1174389.348], [2530883.44, 1174404.648], [2530882.261, 1174425.65], [2530849.066, 1174418.821]]]}, "properties": {"OBJECTID": 52158711, "EGRID": "CH198390684511", "NUMERO": "1165", "NO_COM_FED": 5757, "GENRE_TXT": "parcelle priv\u00e9e", "SUPERFICIE_MO": 1554, "SUPERFICIE_RF": 1554}}, {"type": "Feature", "id": 52158773, "geometry": {"type": "Polygon", "coordinates": [[[2530943.153, 1174481.658], [2530962.32, 1174416.568], [2530962.9, 1174413.703], [2530970.268, 1174381.375], [2530978.304, 1174336.844], [2530985.64, 1174299.955], [2530990.925, 1174295.115], [2531083.11, 1174293.942], [2531086.114, 1174297.673], [2531077.484, 1174332.614], [2531067.286, 1174377.697], [2531065.498, 1174387.414], [2531050.559, 1174471.87], [2531044.664, 1174469.086], [2531016.204, 1174467.234], [2530985.959, 1174470.154], [2530958.511, 1174476.234], [2530943.153, 1174481.658]]]}, "properties": {"OBJECTID": 52158773, "EGRID": "CH529068834518", "NUMERO": "2422", "NO_COM_FED": 5757, "GENRE_TXT": "parcelle priv\u00e9e", "SUPERFICIE_MO": 17449, "SUPERFICIE_RF": 17449}}, {"type": "Feature", "id": 52158775, "geometry": {"type": "Polygon", "coordinates": [[[2531232.625, 1174702.176], [2531205.174, 1174626.798], [2531192.844, 1174597.078], [2531179.413, 1174576.049], [2531165.673, 1174558.419], [2531150.793, 1174543.19], [2531144.383, 1174536.78], [2531124.562, 1174520.02], [2531106.072, 1174508.961], [2531081.242, 1174499.261], [2531064.682, 1174495.111], [2531059.542, 1174493.862], [2531055.532, 1174490.622], [2531055.562, 1174487.622], [2531057.282, 1174477.502], [2531059.082, 1174473.372], [2531064.372, 1174472.512], [2531088.042, 1174478.2820000001], [2531115.552, 1174490.701], [2531137.102, 1174504.871], [2531146.863, 1174514], [2531156.613, 1174523.06], [2531179.973, 1174552.479], [2531190.053, 1174568.439], [2531209.714, 1174614.558], [2531217.154, 1174638.447], [2531232.625, 1174702.176]]]}, "properties": {"OBJECTID": 52158775, "EGRID": "CH108345078329", "NUMERO": "252", "NO_COM_FED": 5757, "GENRE_TXT": "parcelle priv\u00e9e", "SUPERFICIE_MO": 3956, "SUPERFICIE_RF": 3990}}, {"type": "Feature", "id": 52158889, "geometry": {"type": "Polygon", "coordinates": [[[2530948.525, 1175757.017], [2530921.915, 1175764.248], [2530920.045, 1175764.9780000001], [2530920.275, 1175760.008], [2530922.765, 1175737.7179999999], [2530926.915, 1175734.577], [2530938.675, 1175721.867], [2530948.525, 1175757.017]]]}, "properties": {"OBJECTID": 52158889, "EGRID": "CH181583458283", "NUMERO": "758", "NO_COM_FED": 5757, "GENRE_TXT": "parcelle priv\u00e9e", "SUPERFICIE_MO": 728, "SUPERFICIE_RF": 728}}, {"type": "Feature", "id": 52159165, "geometry": {"type": "Polygon", "coordinates": [[[2530690.745, 1175849.495], [2530715.516, 1175857.934], [2530707.916, 1175880.904], [2530694.746, 1175878.605], [2530664.626, 1175873.346], [2530664.596, 1175869.356], [2530664.628, 1175868.82], [2530686.283, 1175872.601], [2530692.641, 1175854.045], [2530690.745, 1175849.495]]]}, "properties": {"OBJECTID": 52159165, "EGRID": "CH274582528383", "NUMERO": "732", "NO_COM_FED": 5757, "GENRE_TXT": "parcelle priv\u00e9e", "SUPERFICIE_MO": 700, "SUPERFICIE_RF": 700}}, {"type": "Feature", "id": 52159205, "geometry": {"type": "Polygon", "coordinates": [[[2530533.678, 1174441.481], [2530568.073, 1174445.703], [2530565.418, 1174468.96], [2530529.909, 1174460.555], [2530533.678, 1174441.481]]]}, "properties": {"OBJECTID": 52159205, "EGRID": "CH498391324508", "NUMERO": "2742", "NO_COM_FED": 5757, "GENRE_TXT": "parcelle priv\u00e9e", "SUPERFICIE_MO": 760, "SUPERFICIE_RF": 760}}, {"type": "Feature", "id": 52159209, "geometry": {"type": "Polygon", "coordinates": [[[2531211.993, 1174504.42], [2531209.293, 1174454.241], [2531204.662, 1174368.621], [2531197.282, 1174275.991], [2531201.802, 1174269.791], [2531333.883, 1174237.689], [2531362.653, 1174371.52], [2531383.216, 1174465.83], [2531260.859, 1174493.4070000001], [2531262.883, 1174501.689], [2531211.993, 1174504.42]]]}, "properties": {"OBJECTID": 52159209, "EGRID": "CH944583831752", "NUMERO": "288", "NO_COM_FED": 5757, "GENRE_TXT": "parcelle priv\u00e9e", "SUPERFICIE_MO": 36736, "SUPERFICIE_RF": 36722}}, {"type": "Feature", "id": 52159240, "geometry": {"type": "Polygon", "coordinates": [[[2531245.275, 1174746.825], [2531249.675, 1174763.124], [2531249.975, 1174764.254], [2531250.485, 1174766.174], [2531224.885, 1174770.865], [2531222.045, 1174771.275], [2531220.275, 1174753.585], [2531219.985, 1174750.995], [2531222.825, 1174750.525], [2531245.275, 1174746.825]]]}, "properties": {"OBJECTID": 52159240, "EGRID": "CH828221834570", "NUMERO": "262", "NO_COM_FED": 5757, "GENRE_TXT": "parcelle priv\u00e9e", "SUPERFICIE_MO": 550, "SUPERFICIE_RF": 550}}, {"type": "Feature", "id": 52159415, "geometry": {"type": "Polygon", "coordinates": [[[2531129.747, 1175007.342], [2531133.977, 1175000.842], [2531144.7060000002, 1174987.831], [2531154.656, 1174975.461], [2531159.1859999998, 1174970.261], [2531160.966, 1174968.221], [2531170.666, 1174957.102], [2531173.736, 1174953.702], [2531206.876, 1174915.612], [2531212.253, 1174910.779], [2531223.716, 1174916.912], [2531188.826, 1174954.531], [2531166.916, 1174981.011], [2531124.867, 1175031.552], [2531125.177, 1175035.802], [2531110.117, 1175034.602], [2531120.797, 1175019.942], [2531129.747, 1175007.342]]]}, "properties": {"OBJECTID": 52159415, "EGRID": "CH998383774566", "NUMERO": "DP 1032", "NO_COM_FED": 5757, "GENRE_TXT": "DP communal", "SUPERFICIE_MO": 1943, "SUPERFICIE_RF": null}}, {"type": "Feature", "id": 52159470, "geometry": {"type": "Polygon", "coordinates": [[[2530693.759, 1175273.756], [2530693.709, 1175271.236], [2530695.659, 1175270.035], [2530696.789, 1175262.285], [2530715.759, 1175265.685], [2530715.699, 1175265.835], [2530715.499, 1175265.795], [2530709.679, 1175275.435], [2530693.759, 1175273.756]]]}, "properties": {"OBJECTID": 52159470, "EGRID": "CH544583837236", "NUMERO": "462", "NO_COM_FED": 5757, "GENRE_TXT": "parcelle priv\u00e9e", "SUPERFICIE_MO": 193, "SUPERFICIE_RF": 193}}, {"type": "Feature", "id": 52159518, "geometry": {"type": "Polygon", "coordinates": [[[2531042.942, 1176335.312], [2531047.472, 1176346.206], [2531051.523, 1176354.351], [2531057.529, 1176364.68], [2531078.659, 1176394.633], [2531087.279, 1176403.11], [2531097.366, 1176407.87], [2531108.43, 1176409.211], [2531140.355, 1176404.796], [2531152.078, 1176403.153], [2531297.801, 1176382.874], [2531297.664, 1176381.775], [2531298.942, 1176380.775], [2531298.822, 1176379.903], [2531297.342, 1176379.236], [2531297.254, 1176378.609], [2531325.342, 1176371.206], [2531332.029, 1176365.971], [2531337.474, 1176387.578], [2531299.703, 1176392.502], [2531160.832, 1176411.753], [2531141.828, 1176413.943], [2531131.954, 1176414.984], [2531109.142, 1176417.168], [2531095.297, 1176415.72], [2531082.234, 1176409.37], [2531072.572, 1176399.849], [2531050.887, 1176368.933], [2531044.781, 1176358.469], [2531036.988, 1176358.461], [2531036.921, 1176341.529], [2531032.177, 1176333.667], [2531029.908, 1176328.441], [2531028.327, 1176322.325], [2531029.792, 1176322.077], [2531030.0640000002, 1176318.39], [2531026.131, 1176303.119], [2531018.33, 1176284.559], [2531024.6, 1176281.359], [2531032.821, 1176300.709], [2531032.438, 1176297.667], [2531038.82, 1176305.495], [2531042.018, 1176327.6469999999], [2531042.942, 1176335.312]]]}, "properties": {"OBJECTID": 52159518, "EGRID": "CH698382554549", "NUMERO": "DP 103", "NO_COM_FED": 5757, "GENRE_TXT": "DP communal", "SUPERFICIE_MO": 3936, "SUPERFICIE_RF": null}}, {"type": "Feature", "id": 52159938, "geometry": {"type": "Polygon", "coordinates": [[[2530749.996, 1175020.774], [2530750.816, 1175021.694], [2530747.056, 1175025.144], [2530735.966, 1175011.295], [2530738.776, 1175005.494], [2530744.676, 1175013.404], [2530749.996, 1175020.774]]]}, "properties": {"OBJECTID": 52159938, "EGRID": "CH428389834552", "NUMERO": "370", "NO_COM_FED": 5757, "GENRE_TXT": "parcelle priv\u00e9e", "SUPERFICIE_MO": 102, "SUPERFICIE_RF": 102}}, {"type": "Feature", "id": 52159979, "geometry": {"type": "Polygon", "coordinates": [[[2530673.103, 1174815.997], [2530678.773, 1174818.507], [2530679.353, 1174817.507], [2530681.193, 1174817.887], [2530685.353, 1174814.746], [2530702.943, 1174818.276], [2530718.273, 1174824.335], [2530717.164, 1174832.345], [2530716.304, 1174833.105], [2530712.0640000002, 1174832.455], [2530704.173, 1174829.566], [2530700.093, 1174828.066], [2530693.513, 1174828.836], [2530689.703, 1174830.626], [2530687.673, 1174831.576], [2530681.003, 1174830.566], [2530674.493, 1174827.617], [2530674.0299574854, 1174826.4468593441], [2530673.412840468, 1174825.3501350798], [2530672.653, 1174824.347], [2530671.749276016, 1174823.4422035408], [2530670.7294516903, 1174822.6706259258], [2530669.613, 1174822.047], [2530673.103, 1174815.997]]]}, "properties": {"OBJECTID": 52159979, "EGRID": "CH228300834548", "NUMERO": "554", "NO_COM_FED": 5757, "GENRE_TXT": "parcelle priv\u00e9e", "SUPERFICIE_MO": 546, "SUPERFICIE_RF": 546}}, {"type": "Feature", "id": 52160003, "geometry": {"type": "Polygon", "coordinates": [[[2530675.567, 1175990.306], [2530675.617, 1176001.816], [2530597.237, 1176005.768], [2530601.847, 1175997.408], [2530607.687, 1175986.518], [2530610.097, 1175981.967], [2530618.947, 1175986.707], [2530624.267, 1175976.767], [2530626.607, 1175972.4070000001], [2530632.407, 1175961.487], [2530636.307, 1175954.247], [2530637.947, 1175951.227], [2530638.907, 1175949.466], [2530645.807, 1175953.226], [2530645.987, 1175952.886], [2530646.697, 1175953.356], [2530660.526, 1175927.726], [2530656.156, 1175925.306], [2530643.886, 1175918.676], [2530608.696, 1175899.828], [2530604.366, 1175907.928], [2530603.336, 1175909.808], [2530597.506, 1175920.7280000001], [2530574.847, 1175963.099], [2530572.417, 1175967.639], [2530566.577, 1175978.539], [2530561.667, 1175987.699], [2530595.837, 1176005.988], [2530574.327, 1176009.409], [2530522.117, 1176017.69], [2530521.797, 1176014.66], [2530520.397, 1176000.61], [2530518.747, 1175984.5], [2530516.336, 1175960.55], [2530523.916, 1175959.61], [2530521.066, 1175939.59], [2530555.556, 1175934.549], [2530552.126, 1175912.809], [2530549.096, 1175894.489], [2530531.876, 1175893.3], [2530533.735, 1175867.48], [2530586.325, 1175871.028], [2530619.256, 1175873.377], [2530619.046, 1175879.777], [2530654.386, 1175901.276], [2530658.666, 1175899.896], [2530661.516, 1175906.106], [2530671.197, 1175953.205], [2530675.567, 1175990.306]], [[2530580.676, 1175876.108], [2530569.696, 1175896.739], [2530590.676, 1175907.928], [2530601.656, 1175887.308], [2530580.676, 1175876.108]], [[2530554.787, 1175975.299], [2530533.806, 1175964.1], [2530522.817, 1175984.73], [2530543.797, 1175995.919], [2530554.787, 1175975.299]], [[2530569.906, 1175946.919], [2530548.926, 1175935.729], [2530537.926, 1175956.37], [2530558.907, 1175967.559], [2530566.376, 1175953.539], [2530567.136, 1175952.119], [2530569.906, 1175946.919]], [[2530586.546, 1175915.678], [2530565.566, 1175904.489], [2530554.566, 1175925.129], [2530575.546, 1175936.329], [2530581.966, 1175924.268], [2530582.716, 1175922.858], [2530586.546, 1175915.678]]]}, "properties": {"OBJECTID": 52160003, "EGRID": "CH974583148347", "NUMERO": "886", "NO_COM_FED": 5757, "GENRE_TXT": "parcelle priv\u00e9e", "SUPERFICIE_MO": 10534, "SUPERFICIE_RF": 10534}}, {"type": "Feature", "id": 52160053, "geometry": {"type": "Polygon", "coordinates": [[[2530736.774, 1175741.144], [2530736.604, 1175731.594], [2530735.734, 1175720.964], [2530734.344, 1175710.904], [2530751.8140000002, 1175718.783], [2530751.324, 1175721.073], [2530740.584, 1175728.773], [2530740.774, 1175740.693], [2530741.584, 1175743.1030000001], [2530742.824, 1175744.943], [2530739.684, 1175747.163], [2530736.774, 1175741.144]]]}, "properties": {"OBJECTID": 52160053, "EGRID": "CH438383457215", "NUMERO": "2297", "NO_COM_FED": 5757, "GENRE_TXT": "parcelle priv\u00e9e", "SUPERFICIE_MO": 247, "SUPERFICIE_RF": 247}}, {"type": "Feature", "id": 52160145, "geometry": {"type": "Polygon", "coordinates": [[[2530699.898, 1175248.745], [2530721.1890000002, 1175254.395], [2530717.769, 1175260.235], [2530697.968, 1175256.155], [2530699.898, 1175248.745]]]}, "properties": {"OBJECTID": 52160145, "EGRID": "CH252283824529", "NUMERO": "464", "NO_COM_FED": 5757, "GENRE_TXT": "parcelle priv\u00e9e", "SUPERFICIE_MO": 149, "SUPERFICIE_RF": 149}}, {"type": "Feature", "id": 52160153, "geometry": {"type": "Polygon", "coordinates": [[[2530670.3, 1176260.088], [2530669.21, 1176272.639], [2530668.39, 1176293.329], [2530645.2, 1176291.479], [2530646.84, 1176275.299], [2530648.56, 1176258.179], [2530670.3, 1176260.088]]]}, "properties": {"OBJECTID": 52160153, "EGRID": "CH544583838622", "NUMERO": "915", "NO_COM_FED": 5757, "GENRE_TXT": "parcelle priv\u00e9e", "SUPERFICIE_MO": 746, "SUPERFICIE_RF": 746}}, {"type": "Feature", "id": 52160381, "geometry": {"type": "Polygon", "coordinates": [[[2530713.321, 1175482.435], [2530713.151, 1175480.135], [2530710.821, 1175447.195], [2530721.691, 1175446.634], [2530752.221, 1175444.683], [2530752.031, 1175443.583], [2530753.8310000002, 1175443.303], [2530752.3310000002, 1175430.803], [2530751.191, 1175421.204], [2530753.851, 1175420.873], [2530767.711, 1175419.113], [2530780.951, 1175417.523], [2530782.931, 1175417.252], [2530784.441, 1175429.462], [2530795.221, 1175427.512], [2530797.791, 1175452.472], [2530796.601, 1175452.192], [2530797.851, 1175462.852], [2530799.071, 1175477.602], [2530759.901, 1175479.873], [2530737.771, 1175481.064], [2530721.701, 1175481.974], [2530713.321, 1175482.435]]]}, "properties": {"OBJECTID": 52160381, "EGRID": "CH982283458210", "NUMERO": "599", "NO_COM_FED": 5757, "GENRE_TXT": "parcelle priv\u00e9e", "SUPERFICIE_MO": 3987, "SUPERFICIE_RF": 3987}}, {"type": "Feature", "id": 52160693, "geometry": {"type": "Polygon", "coordinates": [[[2530174.989, 1174969.152], [2530176.008, 1174917.384], [2530174.466, 1174908.702], [2530088.547, 1174745.1570000001], [2530085.036, 1174741.306], [2530079.321, 1174739.266], [2530094.747, 1174734.659], [2530092.647, 1174738.429], [2530092.176, 1174743.295], [2530113.633, 1174783.89], [2530126.868, 1174808.953], [2530149.771, 1174852.311], [2530156.112, 1174864.557], [2530159.616, 1174871.221], [2530178.13, 1174906.805], [2530180.296, 1174911.91], [2530180.087, 1174917.356], [2530179.539, 1174945.319], [2530179.347, 1174955.326], [2530178.988, 1174969.2280000001], [2530174.989, 1174969.152]]]}, "properties": {"OBJECTID": 52160693, "EGRID": "CH744583906947", "NUMERO": "DP 177", "NO_COM_FED": 5757, "GENRE_TXT": "DP communal", "SUPERFICIE_MO": 1106, "SUPERFICIE_RF": null}}, {"type": "Feature", "id": 52161505, "geometry": {"type": "Polygon", "coordinates": [[[2530200.816, 1175974.98], [2530190.655, 1175944.8], [2530198.825, 1175940.67], [2530187.325, 1175889.869], [2530176.373, 1175841.527], [2530210.851, 1175848.2179999999], [2530212.219, 1175849.482], [2530213.254, 1175851.023], [2530213.876, 1175852.713], [2530219.856, 1175893.847], [2530218.454, 1175894.029], [2530232.884, 1175992.958], [2530285.636, 1175996.785], [2530287.8080634805, 1175996.907774872], [2530289.931534234, 1175997.3808556173], [2530291.950296095, 1175998.1917403087], [2530293.8109999998, 1175999.319], [2530295.470124577, 1176000.73862607], [2530296.8761860603, 1176002.4092617717], [2530297.991719193, 1176004.2863921274], [2530298.787, 1176006.32], [2530305.247, 1176050.937], [2530315.838, 1176122.667], [2530316.699, 1176127.726], [2530315.405, 1176126.096], [2530313.992, 1176125.731], [2530257.665, 1176147.44], [2530259.494, 1176152.479], [2530247.664, 1176157.035], [2530243.068, 1176136.669], [2530254.788, 1176131.039], [2530242.297, 1176093.409], [2530216.566, 1176015.86], [2530200.816, 1175974.98]], [[2530188.844, 1175854.949], [2530187.465, 1175873.899], [2530206.915, 1175875.309], [2530208.2939999998, 1175856.359], [2530188.844, 1175854.949]], [[2530203.216, 1175957.33], [2530207.556, 1175987.02], [2530222.396, 1175984.84], [2530218.056, 1175955.16], [2530203.216, 1175957.33]], [[2530195.105, 1175901.92], [2530199.445, 1175931.61], [2530214.285, 1175929.43], [2530209.945, 1175899.749], [2530195.105, 1175901.92]], [[2530280.028, 1176112.768], [2530256.278, 1176116.249], [2530254.858, 1176134.139], [2530282.558, 1176130.088], [2530280.028, 1176112.768]], [[2530275.007, 1176024.568], [2530279.347, 1176054.258], [2530295.177, 1176051.937], [2530290.837, 1176022.248], [2530275.007, 1176024.568]], [[2530283.107, 1176079.9780000001], [2530287.458, 1176109.668], [2530303.288, 1176107.347], [2530298.947, 1176077.6570000001], [2530283.107, 1176079.9780000001]], [[2530271.977, 1176057.758], [2530241.307, 1176062.249], [2530239.877, 1176080.149], [2530274.507, 1176075.078], [2530271.977, 1176057.758]], [[2530247.306, 1176022.459], [2530266.406, 1176019.668], [2530263.866, 1176002.348], [2530244.766, 1176005.139], [2530226.266, 1176007.85], [2530224.846, 1176025.75], [2530247.306, 1176022.459]]]}, "properties": {"OBJECTID": 52161505, "EGRID": "CH357783834559", "NUMERO": "2564", "NO_COM_FED": 5757, "GENRE_TXT": "parcelle priv\u00e9e", "SUPERFICIE_MO": 11381, "SUPERFICIE_RF": 11381}}, {"type": "Feature", "id": 52161613, "geometry": {"type": "Polygon", "coordinates": [[[2531368.91, 1175277.584], [2531416.201, 1175329.642], [2531414.201, 1175333.0219999999], [2531410.181, 1175339.792], [2531398.241, 1175359.903], [2531394.001, 1175367.043], [2531325, 1175285.625], [2531333.35, 1175284.095], [2531356.85, 1175279.794], [2531364.38, 1175278.414], [2531368.91, 1175277.584]]]}, "properties": {"OBJECTID": 52161613, "EGRID": "CH138382452873", "NUMERO": "DP 154", "NO_COM_FED": 5757, "GENRE_TXT": "DP cantonal", "SUPERFICIE_MO": 3527, "SUPERFICIE_RF": null}}, {"type": "Feature", "id": 52161914, "geometry": {"type": "Polygon", "coordinates": [[[2530935.951, 1175387.458], [2530951.321, 1175420.977], [2530937.0609999998, 1175427.508], [2530936.911, 1175427.578], [2530923.461, 1175397.178], [2530923.751, 1175393.748], [2530929.431, 1175390.308], [2530935.951, 1175387.458]]]}, "properties": {"OBJECTID": 52161914, "EGRID": "CH868383458610", "NUMERO": "707", "NO_COM_FED": 5757, "GENRE_TXT": "parcelle priv\u00e9e", "SUPERFICIE_MO": 571, "SUPERFICIE_RF": 571}}, {"type": "Feature", "id": 52162193, "geometry": {"type": "Polygon", "coordinates": [[[2531000.338, 1175139.926], [2530990.068, 1175125.626], [2530980.257, 1175111.927], [2531013.307, 1175086.675], [2531028.027, 1175105.985], [2531028.457, 1175105.705], [2531034.438, 1175113.515], [2531030.878, 1175117.025], [2531024.678, 1175122.465], [2531018.818, 1175127.145], [2531012.798, 1175131.615], [2531012.078, 1175132.115], [2531006.658, 1175135.896], [2531000.338, 1175139.926]]]}, "properties": {"OBJECTID": 52162193, "EGRID": "CH452183824585", "NUMERO": "679", "NO_COM_FED": 5757, "GENRE_TXT": "parcelle priv\u00e9e", "SUPERFICIE_MO": 1484, "SUPERFICIE_RF": 1484}}, {"type": "Feature", "id": 52162202, "geometry": {"type": "Polygon", "coordinates": [[[2530368.231, 1176479.106], [2530356.194, 1176435.624], [2530358.942, 1176416.621], [2530372.067, 1176402.607], [2530380.258, 1176401.35], [2530381.935, 1176406.989], [2530392.611, 1176406.971], [2530396.295, 1176406.965], [2530396.336, 1176408.289], [2530399.225, 1176408.185], [2530412.625, 1176407.703], [2530413.594, 1176419.024], [2530449.368, 1176408.236], [2530442.308, 1176454.613], [2530442.452, 1176479.705], [2530418.385, 1176481.38], [2530368.231, 1176479.106]]]}, "properties": {"OBJECTID": 52162202, "EGRID": "CH908245448361", "NUMERO": "897", "NO_COM_FED": 5757, "GENRE_TXT": "parcelle priv\u00e9e", "SUPERFICIE_MO": 5913, "SUPERFICIE_RF": 5913}}, {"type": "Feature", "id": 52162428, "geometry": {"type": "Polygon", "coordinates": [[[2530246.063, 1174563.945], [2530263.911, 1174579.881], [2530259.524, 1174597.949], [2530246.6890000002, 1174607.154], [2530246.528, 1174595.805], [2530246.465, 1174591.803], [2530246.347, 1174583.779], [2530246.295, 1174579.779], [2530246.063, 1174563.945]]]}, "properties": {"OBJECTID": 52162428, "EGRID": "CH398390554579", "NUMERO": "2501", "NO_COM_FED": 5757, "GENRE_TXT": "parcelle priv\u00e9e", "SUPERFICIE_MO": 476, "SUPERFICIE_RF": 476}}, {"type": "Feature", "id": 52162496, "geometry": {"type": "Polygon", "coordinates": [[[2530609.786, 1175050.589], [2530608.576, 1175050.149], [2530599.886, 1175047.309], [2530599.826, 1175047.499], [2530596.996, 1175046.469], [2530593.906, 1175045.339], [2530588.476, 1175043.359], [2530587.966, 1175043.169], [2530591.376, 1175037.389], [2530594.896, 1175031.719], [2530604.016, 1175035.199], [2530612.716, 1175038.128], [2530614.096, 1175038.618], [2530609.786, 1175050.589]]]}, "properties": {"OBJECTID": 52162496, "EGRID": "CH928388834585", "NUMERO": "663", "NO_COM_FED": 5757, "GENRE_TXT": "parcelle priv\u00e9e", "SUPERFICIE_MO": 281, "SUPERFICIE_RF": 281}}, {"type": "Feature", "id": 52162513, "geometry": {"type": "Polygon", "coordinates": [[[2530994.503, 1174695.208], [2531004.173, 1174665.929], [2531010.617, 1174645.872], [2531018.883, 1174648.527], [2531007.292, 1174684.183], [2530986.093, 1174749.391], [2530985.743, 1174750.467], [2530973.084, 1174790.177], [2530971.784, 1174794.367], [2530970.801, 1174797.81], [2530969.517, 1174805.207], [2530969.585, 1174808.411], [2530970.229, 1174811.547], [2530971.194, 1174813.551], [2530974.679, 1174819.652], [2530956.094, 1174808.621], [2530957.478, 1174806.962], [2530958.191, 1174805.846], [2530960.146, 1174802.24], [2530961.191, 1174800.091], [2530963.437, 1174794.723], [2530964.782, 1174791.747], [2530967.424, 1174783.297], [2530972.173, 1174767.107], [2530976.883, 1174750.488], [2530982.613, 1174732.878], [2530994.503, 1174695.208]]]}, "properties": {"OBJECTID": 52162513, "EGRID": "CH368383457297", "NUMERO": "DP 1028", "NO_COM_FED": 5757, "GENRE_TXT": "DP communal", "SUPERFICIE_MO": 1506, "SUPERFICIE_RF": null}}, {"type": "Feature", "id": 52162588, "geometry": {"type": "Polygon", "coordinates": [[[2530928.037, 1175047.248], [2530935.147, 1175056.778], [2530918.517, 1175067.909], [2530912.507, 1175057.879], [2530928.037, 1175047.248]]]}, "properties": {"OBJECTID": 52162588, "EGRID": "CH198383724562", "NUMERO": "683", "NO_COM_FED": 5757, "GENRE_TXT": "parcelle priv\u00e9e", "SUPERFICIE_MO": 229, "SUPERFICIE_RF": 229}}, {"type": "Feature", "id": 52162629, "geometry": {"type": "Polygon", "coordinates": [[[2530497.7, 1176294.983], [2530527.72, 1176293.323], [2530535.97, 1176305.773], [2530554.53, 1176318.862], [2530563.38, 1176328.202], [2530565.51, 1176338.742], [2530562.39, 1176343.5320000001], [2530546.09, 1176351.713], [2530532.27, 1176354.123], [2530501.02, 1176355.964], [2530497.7, 1176294.983]]]}, "properties": {"OBJECTID": 52162629, "EGRID": "CH428243834508", "NUMERO": "901", "NO_COM_FED": 5757, "GENRE_TXT": "parcelle priv\u00e9e", "SUPERFICIE_MO": 3112, "SUPERFICIE_RF": 3112}}, {"type": "Feature", "id": 52163213, "geometry": {"type": "Polygon", "coordinates": [[[2530170.624, 1174384.095], [2530172.251, 1174393.923], [2530182.885, 1174427.967], [2530203.748, 1174462.761], [2530224.149, 1174488.489], [2530228.266, 1174491.874], [2530211.9, 1174507.83], [2530191.755, 1174493.874], [2530181.005, 1174481.383], [2530170.124, 1174465.472], [2530159.78, 1174429.559], [2530160.718, 1174385.599], [2530170.624, 1174384.095]]]}, "properties": {"OBJECTID": 52163213, "EGRID": "CH998390564566", "NUMERO": "2334", "NO_COM_FED": 5757, "GENRE_TXT": "parcelle priv\u00e9e", "SUPERFICIE_MO": 3082, "SUPERFICIE_RF": 3082}}, {"type": "Feature", "id": 52163466, "geometry": {"type": "Polygon", "coordinates": [[[2530284.242, 1174511.908], [2530253.743, 1174501.184], [2530243.827, 1174497.671], [2530256.992, 1174474.604], [2530267.38, 1174477.303], [2530275.407, 1174479.389], [2530293.962, 1174484.21], [2530284.242, 1174511.908]]]}, "properties": {"OBJECTID": 52163466, "EGRID": "CH974590568352", "NUMERO": "2612", "NO_COM_FED": 5757, "GENRE_TXT": "parcelle priv\u00e9e", "SUPERFICIE_MO": 1119, "SUPERFICIE_RF": 1119}}, {"type": "Feature", "id": 52163642, "geometry": {"type": "Polygon", "coordinates": [[[2530258.988, 1176207.217], [2530301.536, 1176201.03], [2530305.879, 1176199.845], [2530308.087, 1176195.42], [2530309.582, 1176188.871], [2530310.7839558977, 1176191.4658894972], [2530312.2998292865, 1176193.8908178161], [2530314.106, 1176196.108], [2530316.1851450554, 1176198.0925542018], [2530318.496630005, 1176199.800868245], [2530321.004, 1176201.206], [2530334.085, 1176207.818], [2530336.3782886225, 1176209.1489786326], [2530338.4226843226, 1176210.837505519], [2530340.163, 1176212.838], [2530341.5389193264, 1176215.071146148], [2530342.534375145, 1176217.4979060092], [2530343.123, 1176220.054], [2530359.438, 1176331.001], [2530298.6, 1176317.169], [2530283, 1176313.62], [2530258.988, 1176207.217]], [[2530327.529, 1176290.498], [2530331.87, 1176320.178], [2530347.7, 1176317.858], [2530343.359, 1176288.178], [2530327.529, 1176290.498]], [[2530319.4189999998, 1176235.088], [2530323.759, 1176264.768], [2530339.599, 1176262.448], [2530335.249, 1176232.767], [2530319.4189999998, 1176235.088]], [[2530315.639, 1176267.9780000001], [2530283.979, 1176272.609], [2530283.049, 1176290.439], [2530318.179, 1176285.288], [2530315.639, 1176267.9780000001]], [[2530291.043, 1176233.172], [2530310.139, 1176230.378], [2530307.609, 1176213.058], [2530288.511, 1176215.854], [2530269.019, 1176218.709], [2530268.089, 1176236.529], [2530291.043, 1176233.172]]]}, "properties": {"OBJECTID": 52163642, "EGRID": "CH738396454913", "NUMERO": "2762", "NO_COM_FED": 5757, "GENRE_TXT": "parcelle priv\u00e9e", "SUPERFICIE_MO": 7017, "SUPERFICIE_RF": 7017}}, {"type": "Feature", "id": 52163980, "geometry": {"type": "Polygon", "coordinates": [[[2531002.234, 1175665.385], [2531001.394, 1175674.055], [2531035.076, 1175789.194], [2531062.497, 1175882.794], [2531088.587, 1175971.804], [2531082.827, 1175973.484], [2531054.446, 1175876.644], [2531050.726, 1175872.184], [2531045.136, 1175871.594], [2531001.546, 1175884.526], [2530997.036, 1175888.076], [2530996.387, 1175893.786], [2531023.987, 1175990.296], [2531018.207, 1175991.946], [2531005.887, 1175948.836], [2530998.367, 1175922.376], [2530987.986, 1175886.316], [2530986.886, 1175882.446], [2531043.406, 1175865.844], [2531048.136, 1175861.784], [2531048.376, 1175855.934], [2530996.484, 1175678.375], [2530990.454, 1175662.526], [2531002.234, 1175665.385]]]}, "properties": {"OBJECTID": 52163980, "EGRID": "CH828307834572", "NUMERO": "DP 75", "NO_COM_FED": 5757, "GENRE_TXT": "DP communal", "SUPERFICIE_MO": 3049, "SUPERFICIE_RF": null}}, {"type": "Feature", "id": 52164233, "geometry": {"type": "Polygon", "coordinates": [[[2530854.122, 1175531.99], [2530856.632, 1175520.16], [2530857.722, 1175509.69], [2530855.472, 1175499.58], [2530857.562, 1175498.91], [2530901.232, 1175486.569], [2530910.292, 1175521.178], [2530897.442, 1175524.549], [2530877.172, 1175529.739], [2530854.122, 1175531.99]]]}, "properties": {"OBJECTID": 52164233, "EGRID": "CH808345148361", "NUMERO": "781", "NO_COM_FED": 5757, "GENRE_TXT": "parcelle priv\u00e9e", "SUPERFICIE_MO": 1768, "SUPERFICIE_RF": 1768}}, {"type": "Feature", "id": 52164499, "geometry": {"type": "Polygon", "coordinates": [[[2530981.701, 1176308.08], [2531000.05, 1176292.76], [2530996.49, 1176289.39], [2530982.92, 1176286.75], [2530970.16, 1176271.47], [2530965.63, 1176269.78], [2530957.56, 1176260.111], [2530959.78, 1176248.57], [2530982.12, 1176238.26], [2530995.07, 1176251.819], [2531007.92, 1176267.329], [2531018.33, 1176284.559], [2531026.131, 1176303.119], [2531030.0640000002, 1176318.39], [2531029.792, 1176322.077], [2531028.327, 1176322.325], [2531029.908, 1176328.441], [2531032.177, 1176333.667], [2531036.921, 1176341.529], [2531001.751, 1176345.68], [2530988.441, 1176319.91], [2530990.291, 1176318.37], [2530981.701, 1176308.08]]]}, "properties": {"OBJECTID": 52164499, "EGRID": "CH308245468365", "NUMERO": "136", "NO_COM_FED": 5757, "GENRE_TXT": "parcelle priv\u00e9e", "SUPERFICIE_MO": 3766, "SUPERFICIE_RF": 3766}}, {"type": "Feature", "id": 52164657, "geometry": {"type": "Polygon", "coordinates": [[[2530992.383, 1175546.916], [2530958.413, 1175560.577], [2530957.603, 1175560.857], [2530955.073, 1175551.477], [2530953.412, 1175542.507], [2530952.772, 1175533.3969999999], [2530953.952, 1175496.337], [2530957.812, 1175494.937], [2530968.292, 1175491.156], [2530992.383, 1175546.916]]]}, "properties": {"OBJECTID": 52164657, "EGRID": "CH128394834512", "NUMERO": "715", "NO_COM_FED": 5757, "GENRE_TXT": "parcelle priv\u00e9e", "SUPERFICIE_MO": 1733, "SUPERFICIE_RF": 1733}}, {"type": "Feature", "id": 52165034, "geometry": {"type": "Polygon", "coordinates": [[[2530246.063, 1174563.945], [2530246.295, 1174579.779], [2530246.347, 1174583.779], [2530246.465, 1174591.803], [2530246.528, 1174595.805], [2530246.6890000002, 1174607.154], [2530224.704, 1174592.138], [2530223.261, 1174590.2280000001], [2530221.848, 1174587.705], [2530220.645, 1174584.617], [2530219.782, 1174581.611], [2530219.078, 1174578.505], [2530218.918, 1174577.128], [2530219.058, 1174573.394], [2530219.441, 1174570.423], [2530220.259, 1174567.039], [2530221.833, 1174563.746], [2530223.906, 1174560.65], [2530225.93, 1174558.614], [2530228.063, 1174556.919], [2530230.474, 1174555.545], [2530246.063, 1174563.945]]]}, "properties": {"OBJECTID": 52165034, "EGRID": "CH309045558316", "NUMERO": "2502", "NO_COM_FED": 5757, "GENRE_TXT": "parcelle priv\u00e9e", "SUPERFICIE_MO": 1002, "SUPERFICIE_RF": 1002}}, {"type": "Feature", "id": 52165221, "geometry": {"type": "Polygon", "coordinates": [[[2530186.29, 1174617.75], [2530188.139, 1174641.923], [2530151.902, 1174642.387], [2530147.215, 1174607.458], [2530153.387, 1174606.467], [2530164.862, 1174606.15], [2530186.29, 1174617.75]]]}, "properties": {"OBJECTID": 52165221, "EGRID": "CH485583459057", "NUMERO": "2333", "NO_COM_FED": 5757, "GENRE_TXT": "parcelle priv\u00e9e", "SUPERFICIE_MO": 1218, "SUPERFICIE_RF": 1218}}, {"type": "Feature", "id": 52165332, "geometry": {"type": "Polygon", "coordinates": [[[2530550.652, 1174766.579], [2530506.242, 1174713.249], [2530502.172, 1174708.369], [2530536.691, 1174675.9780000001], [2530546.292, 1174686.568], [2530562.882, 1174699.388], [2530575.042, 1174706.068], [2530563.842, 1174719.609], [2530553.832, 1174731.489], [2530566.652, 1174750.979], [2530550.652, 1174766.579]]]}, "properties": {"OBJECTID": 52165332, "EGRID": "CH788083458363", "NUMERO": "1035", "NO_COM_FED": 5757, "GENRE_TXT": "parcelle priv\u00e9e", "SUPERFICIE_MO": 3161, "SUPERFICIE_RF": 3161}}, {"type": "Feature", "id": 52165634, "geometry": {"type": "Polygon", "coordinates": [[[2530770.495, 1176098.502], [2530773.018, 1176072.924], [2530783.644, 1176069.32], [2530790.968, 1176092.804], [2530798.683, 1176118.36], [2530778.853, 1176124.694], [2530770.495, 1176098.502]]]}, "properties": {"OBJECTID": 52165634, "EGRID": "CH809245188397", "NUMERO": "2751", "NO_COM_FED": 5757, "GENRE_TXT": "parcelle priv\u00e9e", "SUPERFICIE_MO": 962, "SUPERFICIE_RF": 962}}, {"type": "Feature", "id": 52165673, "geometry": {"type": "Polygon", "coordinates": [[[2530660.586, 1175061.6570000001], [2530646.886, 1175065.277], [2530646.976, 1175057.867], [2530658.836, 1175055.287], [2530660.586, 1175061.6570000001]]]}, "properties": {"OBJECTID": 52165673, "EGRID": "CH414598838370", "NUMERO": "458", "NO_COM_FED": 5757, "GENRE_TXT": "parcelle priv\u00e9e", "SUPERFICIE_MO": 91, "SUPERFICIE_RF": 91}}, {"type": "Feature", "id": 52165736, "geometry": {"type": "Polygon", "coordinates": [[[2530710.265, 1174952.365], [2530711.215, 1174951.895], [2530710.535, 1174950.775], [2530725.005, 1174940.985], [2530729.235, 1174947.415], [2530714.705, 1174957.455], [2530714.415, 1174956.905], [2530706.555, 1174960.956], [2530706.075, 1174959.996], [2530704.215, 1174956.296], [2530703.865, 1174955.566], [2530710.265, 1174952.365]]]}, "properties": {"OBJECTID": 52165736, "EGRID": "CH957383834560", "NUMERO": "521", "NO_COM_FED": 5757, "GENRE_TXT": "parcelle priv\u00e9e", "SUPERFICIE_MO": 188, "SUPERFICIE_RF": 188}}, {"type": "Feature", "id": 52165743, "geometry": {"type": "Polygon", "coordinates": [[[2530616.805, 1175858.987], [2530619.945, 1175857.797], [2530624.525, 1175855.857], [2530628.875, 1175853.9070000001], [2530632.665, 1175852.007], [2530636.035, 1175850.1570000001], [2530640.545, 1175847.297], [2530644.605, 1175844.356], [2530648.475, 1175841.236], [2530652.085, 1175837.866], [2530654.135, 1175835.846], [2530657.435, 1175832.916], [2530660.645, 1175829.336], [2530664.145, 1175825.336], [2530668.065, 1175820.106], [2530671.015, 1175816.306], [2530675.205, 1175811.745], [2530680.105, 1175806.845], [2530694.725, 1175792.455], [2530695.135, 1175792.045], [2530695.935, 1175791.005], [2530701.015, 1175784.915], [2530704.825, 1175779.835], [2530706.415, 1175777.365], [2530707.335, 1175775.894], [2530710.475, 1175770.874], [2530712.085, 1175768.084], [2530714.0439999998, 1175763.744], [2530714.984, 1175761.474], [2530715.614, 1175759.844], [2530716.944, 1175755.894], [2530718.204, 1175750.924], [2530719.164, 1175745.884], [2530719.784, 1175740.794], [2530720.0640000002, 1175735.684], [2530720.094, 1175730.614], [2530720.074, 1175725.014], [2530720.074, 1175723.604], [2530719.344, 1175711.964], [2530718.534, 1175699.754], [2530715.364, 1175693.104], [2530703.983, 1175669.295], [2530727.574, 1175682.354], [2530730.964, 1175695.914], [2530732.284, 1175700.944], [2530734.344, 1175710.904], [2530735.734, 1175720.964], [2530736.604, 1175731.594], [2530736.774, 1175741.144], [2530728.495, 1175766.324], [2530725.855, 1175772.144], [2530725.025, 1175775.114], [2530720.165, 1175782.944], [2530717.935, 1175785.494], [2530715.115, 1175788.454], [2530714.655, 1175788.944], [2530704.005, 1175799.905], [2530693.915, 1175810.555], [2530690.985, 1175813.765], [2530683.415, 1175822.155], [2530680.635, 1175825.405], [2530674.875, 1175833.615], [2530672.195, 1175838.806], [2530670.465, 1175842.586], [2530669.175, 1175846.026], [2530667.325, 1175851.696], [2530665.975, 1175857.516], [2530664.946, 1175863.446], [2530664.628, 1175868.82], [2530664.596, 1175869.356], [2530664.626, 1175873.346], [2530664.786, 1175876.256], [2530665.576, 1175882.226], [2530666.806, 1175887.836], [2530670.166, 1175901.996], [2530671.646, 1175908.235], [2530673.476, 1175915.585], [2530677.006, 1175930.815], [2530679.756, 1175939.095], [2530681.067, 1175943.035], [2530690.587, 1175975.415], [2530675.567, 1175990.306], [2530671.197, 1175953.205], [2530661.516, 1175906.106], [2530658.666, 1175899.896], [2530654.386, 1175901.276], [2530619.046, 1175879.777], [2530619.256, 1175873.377], [2530586.325, 1175871.028], [2530533.735, 1175867.48], [2530510.365, 1175865.851], [2530501.345, 1175855.771], [2530511.055, 1175856.111], [2530527.615, 1175857.26], [2530572.445, 1175860.449], [2530581.815, 1175861.118], [2530584.955, 1175861.338], [2530587.165, 1175861.498], [2530588.485, 1175861.568], [2530593.155, 1175861.828], [2530594.175, 1175861.838], [2530599.995, 1175861.888], [2530605.195, 1175861.708], [2530610.245, 1175861.038], [2530615.125, 1175859.597], [2530616.805, 1175858.987]]]}, "properties": {"OBJECTID": 52165743, "EGRID": "CH981483458331", "NUMERO": "DP 28", "NO_COM_FED": 5757, "GENRE_TXT": "DP communal", "SUPERFICIE_MO": 7076, "SUPERFICIE_RF": null}}, {"type": "Feature", "id": 52165848, "geometry": {"type": "Polygon", "coordinates": [[[2530931.487, 1175100.208], [2530904.644, 1175117.265], [2530894.317, 1175101.979], [2530892.979, 1175102.906], [2530884.957, 1175091.26], [2530893.887, 1175084.739], [2530913.827, 1175071.139], [2530931.487, 1175100.208]]]}, "properties": {"OBJECTID": 52165848, "EGRID": "CH398309844542", "NUMERO": "2822", "NO_COM_FED": 5757, "GENRE_TXT": "parcelle priv\u00e9e", "SUPERFICIE_MO": 1114, "SUPERFICIE_RF": 1114}}, {"type": "Feature", "id": 52166342, "geometry": {"type": "Polygon", "coordinates": [[[2530334.545, 1175898.536], [2530311.195, 1175896.327], [2530313.755, 1175876.027], [2530315.905, 1175858.387], [2530339.015, 1175861.206], [2530336.785, 1175878.456], [2530334.545, 1175898.536]]]}, "properties": {"OBJECTID": 52166342, "EGRID": "CH857383834594", "NUMERO": "865", "NO_COM_FED": 5757, "GENRE_TXT": "parcelle priv\u00e9e", "SUPERFICIE_MO": 882, "SUPERFICIE_RF": 882}}, {"type": "Feature", "id": 52166418, "geometry": {"type": "Polygon", "coordinates": [[[2530213.423, 1175718.191], [2530202.437, 1175714.481], [2530224.575, 1175651.891], [2530236.835, 1175657.136], [2530219.543, 1175702.232], [2530215.604, 1175712.504], [2530213.423, 1175718.191]]]}, "properties": {"OBJECTID": 52166418, "EGRID": "CH274599298396", "NUMERO": "2683", "NO_COM_FED": 5757, "GENRE_TXT": "parcelle priv\u00e9e", "SUPERFICIE_MO": 821, "SUPERFICIE_RF": 821}}, {"type": "Feature", "id": 52166483, "geometry": {"type": "Polygon", "coordinates": [[[2530728.139, 1175256.024], [2530726.149, 1175254.905], [2530728.078, 1175250.624], [2530729.448, 1175251.224], [2530728.139, 1175256.024]]]}, "properties": {"OBJECTID": 52166483, "EGRID": "CH889783458355", "NUMERO": "591", "NO_COM_FED": 5757, "GENRE_TXT": "parcelle priv\u00e9e", "SUPERFICIE_MO": 9, "SUPERFICIE_RF": 9}}, {"type": "Feature", "id": 52166563, "geometry": {"type": "Polygon", "coordinates": [[[2530629.766, 1175100.088], [2530640.637, 1175099.777], [2530640.977, 1175105.757], [2530633.427, 1175106.058], [2530633.417, 1175105.758], [2530633.347, 1175103.458], [2530629.937, 1175103.808], [2530629.796, 1175100.778], [2530629.766, 1175100.088]]]}, "properties": {"OBJECTID": 52166563, "EGRID": "CH598382224585", "NUMERO": "409", "NO_COM_FED": 5757, "GENRE_TXT": "parcelle priv\u00e9e", "SUPERFICIE_MO": 58, "SUPERFICIE_RF": 58}}, {"type": "Feature", "id": 52166573, "geometry": {"type": "Polygon", "coordinates": [[[2530670.3, 1176260.088], [2530648.56, 1176258.179], [2530649.619, 1176247.669], [2530627.329, 1176242.279], [2530635.529, 1176218.299], [2530671.399, 1176231.448], [2530674.089, 1176202.878], [2530675.079, 1176194.088], [2530700.599, 1176232.6469999999], [2530671.299, 1176249.548], [2530670.3, 1176260.088]]]}, "properties": {"OBJECTID": 52166573, "EGRID": "CH944583830465", "NUMERO": "916", "NO_COM_FED": 5757, "GENRE_TXT": "parcelle priv\u00e9e", "SUPERFICIE_MO": 1965, "SUPERFICIE_RF": 1965}}, {"type": "Feature", "id": 52166637, "geometry": {"type": "Polygon", "coordinates": [[[2530790.636, 1175029.833], [2530784.176, 1175020.873], [2530784.426, 1175020.503], [2530792.376, 1175011.563], [2530792.806, 1175011.383], [2530796.476, 1175011.483], [2530801.166, 1175019.242], [2530801.316, 1175019.822], [2530801.096, 1175020.602], [2530800.546, 1175021.222], [2530792.606, 1175027.723], [2530790.636, 1175029.833]]]}, "properties": {"OBJECTID": 52166637, "EGRID": "CH338382452310", "NUMERO": "360", "NO_COM_FED": 5757, "GENRE_TXT": "parcelle priv\u00e9e", "SUPERFICIE_MO": 176, "SUPERFICIE_RF": 176}}, {"type": "Feature", "id": 52167007, "geometry": {"type": "Polygon", "coordinates": [[[2530938.9, 1175356.548], [2530956.13, 1175349.307], [2530962.83, 1175365.337], [2530960.09, 1175371.867], [2530947.54, 1175377.177], [2530938.9, 1175356.548]]]}, "properties": {"OBJECTID": 52167007, "EGRID": "CH951283834558", "NUMERO": "691", "NO_COM_FED": 5757, "GENRE_TXT": "parcelle priv\u00e9e", "SUPERFICIE_MO": 405, "SUPERFICIE_RF": 405}}, {"type": "Feature", "id": 52167029, "geometry": {"type": "Polygon", "coordinates": [[[2530713.006, 1175079.535], [2530713.036, 1175079.885], [2530723.116, 1175081.195], [2530719.147, 1175094.755], [2530711.037, 1175087.515], [2530710.687, 1175087.715], [2530709.847, 1175086.475], [2530709.457, 1175086.125], [2530704.787, 1175088.955], [2530702.306, 1175084.725], [2530702.260991321, 1175084.6553995234], [2530702.226855855, 1175084.5798695455], [2530702.2043557414, 1175084.5000964145], [2530702.193993336, 1175084.4178612144], [2530702.196, 1175084.335], [2530702.2136174454, 1175084.2409808554], [2530702.2468639407, 1175084.1512889133], [2530702.2947839033, 1175084.0685021323], [2530702.356, 1175083.995], [2530703.606, 1175082.925], [2530703.086, 1175082.775], [2530705.866, 1175080.175], [2530706.066, 1175080.045], [2530707.106, 1175081.615], [2530706.856, 1175082.415], [2530706.996, 1175082.455], [2530708.816, 1175083.025], [2530709.216, 1175081.745], [2530709.356, 1175081.795], [2530710.056, 1175079.505], [2530711.476, 1175079.645], [2530711.506, 1175079.345], [2530713.006, 1175079.535]]]}, "properties": {"OBJECTID": 52167029, "EGRID": "CH552983824529", "NUMERO": "482", "NO_COM_FED": 5757, "GENRE_TXT": "parcelle priv\u00e9e", "SUPERFICIE_MO": 167, "SUPERFICIE_RF": 167}}, {"type": "Feature", "id": 52167349, "geometry": {"type": "Polygon", "coordinates": [[[2530660.588, 1175220.957], [2530660.158, 1175215.077], [2530671.928, 1175214.376], [2530674.828, 1175214.166], [2530675.128, 1175217.886], [2530676.058, 1175217.736], [2530677.428, 1175217.506], [2530677.618, 1175219.726], [2530691.078, 1175219.196], [2530690.838, 1175225.756], [2530676.448, 1175225.876], [2530672.488, 1175225.906], [2530672.208, 1175219.946], [2530662.038, 1175220.347], [2530661.998, 1175220.677], [2530660.588, 1175220.957]]]}, "properties": {"OBJECTID": 52167349, "EGRID": "CH308345738354", "NUMERO": "430", "NO_COM_FED": 5757, "GENRE_TXT": "parcelle priv\u00e9e", "SUPERFICIE_MO": 203, "SUPERFICIE_RF": 203}}, {"type": "Feature", "id": 52167351, "geometry": {"type": "Polygon", "coordinates": [[[2530892.398, 1176087.341], [2530896.198, 1176107.041], [2530892.668, 1176107.631], [2530891.468, 1176107.871], [2530855.208, 1176114.2820000001], [2530850.138, 1176094.852], [2530892.398, 1176087.341]]]}, "properties": {"OBJECTID": 52167351, "EGRID": "CH368283454356", "NUMERO": "947", "NO_COM_FED": 5757, "GENRE_TXT": "parcelle priv\u00e9e", "SUPERFICIE_MO": 847, "SUPERFICIE_RF": 847}}, {"type": "Feature", "id": 52167482, "geometry": {"type": "Polygon", "coordinates": [[[2530411.607, 1174365.741], [2530411.700288959, 1174367.048354486], [2530411.601921178, 1174368.3553366442], [2530411.3140000002, 1174369.634], [2530410.8423786717, 1174370.8569849606], [2530410.197448864, 1174371.9981179214], [2530409.393, 1174373.033], [2530408.3490571026, 1174374.0839499135], [2530407.171, 1174374.982], [2530405.8803914646, 1174375.708813884], [2530404.502, 1174376.251], [2530401.731, 1174377.12], [2530395.312, 1174375.827], [2530393.6177134756, 1174375.6549881045], [2530391.915, 1174375.686], [2530390.228507889, 1174375.9208980468], [2530388.582, 1174376.355], [2530370.53, 1174381.679], [2530368.872, 1174376.179], [2530368.0640000002, 1174373.498], [2530363.098, 1174374.984], [2530363.849, 1174377.483], [2530324.795, 1174389.127], [2530324.597, 1174388.461], [2530328.213, 1174387.354], [2530311.746, 1174331.919], [2530402.934, 1174304.774], [2530406.818, 1174341.599], [2530411.607, 1174365.741]]]}, "properties": {"OBJECTID": 52167482, "EGRID": "CH914556839077", "NUMERO": "2365", "NO_COM_FED": 5757, "GENRE_TXT": "parcelle priv\u00e9e", "SUPERFICIE_MO": 5583, "SUPERFICIE_RF": 5583}}, {"type": "Feature", "id": 52167672, "geometry": {"type": "Polygon", "coordinates": [[[2530934.908, 1176053.429], [2530940.588, 1176078.529], [2530946.078, 1176102.799], [2530947.619, 1176110.579], [2530949.369, 1176118.599], [2530952.089, 1176122.439], [2530968.589, 1176198.72], [2530974.92, 1176215.96], [2530975.43, 1176217.34], [2530987.12, 1176233.449], [2530993.3, 1176239.929], [2531000.08, 1176246.959], [2531013.6, 1176263.249], [2531018.79, 1176271.829], [2531024.6, 1176281.359], [2531018.33, 1176284.559], [2531007.92, 1176267.329], [2530995.07, 1176251.819], [2530982.12, 1176238.26], [2530969.29, 1176220.6], [2530961.729, 1176200.2], [2530952.999, 1176159.57], [2530948.489, 1176139.05], [2530939.728, 1176098.979], [2530935.858, 1176079.759], [2530931.348, 1176059.959], [2530925.198, 1176032.919], [2530921.338, 1176017.609], [2530915.967, 1176005.659], [2530922.277, 1176004.859], [2530926.598, 1176016.039], [2530934.908, 1176053.429]]]}, "properties": {"OBJECTID": 52167672, "EGRID": "CH708345958346", "NUMERO": "DP 27", "NO_COM_FED": 5757, "GENRE_TXT": "DP communal", "SUPERFICIE_MO": 1885, "SUPERFICIE_RF": null}}, {"type": "Feature", "id": 52168021, "geometry": {"type": "Polygon", "coordinates": [[[2530172.808, 1175261.364], [2530176.748, 1175260.844], [2530221.57, 1175457.686], [2530216.73, 1175454.516], [2530182.978, 1175306.094], [2530172.808, 1175261.364]]]}, "properties": {"OBJECTID": 52168021, "EGRID": "CH628242834546", "NUMERO": "DP 11", "NO_COM_FED": 5757, "GENRE_TXT": "DP communal", "SUPERFICIE_MO": 797, "SUPERFICIE_RF": null}}, {"type": "Feature", "id": 52168134, "geometry": {"type": "Polygon", "coordinates": [[[2531095.202, 1174298.812], [2531098.522, 1174286.182], [2531101.022, 1174289.962], [2531184.682, 1174269.691], [2531189.812, 1174266.871], [2531190.022, 1174261.141], [2531191.452, 1174277.801], [2531189.362, 1174274.321], [2531185.422, 1174273.681], [2531102.082, 1174293.732], [2531095.202, 1174298.812]]]}, "properties": {"OBJECTID": 52168134, "EGRID": "CH588983458382", "NUMERO": "DP 1037", "NO_COM_FED": 5757, "GENRE_TXT": "DP communal", "SUPERFICIE_MO": 420, "SUPERFICIE_RF": null}}, {"type": "Feature", "id": 52168138, "geometry": {"type": "Polygon", "coordinates": [[[2530948.525, 1175757.017], [2530954.615, 1175778.6469999999], [2530929.845, 1175785.137], [2530927.895, 1175785.6469999999], [2530927.555, 1175784.457], [2530921.915, 1175764.248], [2530948.525, 1175757.017]]]}, "properties": {"OBJECTID": 52168138, "EGRID": "CH668283451480", "NUMERO": "757", "NO_COM_FED": 5757, "GENRE_TXT": "parcelle priv\u00e9e", "SUPERFICIE_MO": 617, "SUPERFICIE_RF": 617}}, {"type": "Feature", "id": 52168182, "geometry": {"type": "Polygon", "coordinates": [[[2530617.399, 1176233.22], [2530609.239, 1176254.6], [2530594.46, 1176293.991], [2530590.38, 1176304.861], [2530583.08, 1176316.387], [2530574.154, 1176310.6469999999], [2530580.087, 1176301.649], [2530571.864, 1176296.2820000001], [2530587.906, 1176278.3530000001], [2530584.511, 1176275.318], [2530578.709, 1176268.1469999999], [2530569.059, 1176259.541], [2530558.012, 1176249.735], [2530567.599, 1176239.071], [2530570.599, 1176235.731], [2530575.759, 1176235.441], [2530617.399, 1176233.22]]]}, "properties": {"OBJECTID": 52168182, "EGRID": "CH744583918330", "NUMERO": "2706", "NO_COM_FED": 5757, "GENRE_TXT": "parcelle priv\u00e9e", "SUPERFICIE_MO": 2212, "SUPERFICIE_RF": 2212}}, {"type": "Feature", "id": 52168344, "geometry": {"type": "Polygon", "coordinates": [[[2530778.325, 1174981.003], [2530764.845, 1174988.574], [2530761.755, 1174983.044], [2530774.855, 1174975.023], [2530778.325, 1174981.003]]]}, "properties": {"OBJECTID": 52168344, "EGRID": "CH508245218372", "NUMERO": "379", "NO_COM_FED": 5757, "GENRE_TXT": "parcelle priv\u00e9e", "SUPERFICIE_MO": 102, "SUPERFICIE_RF": 102}}, {"type": "Feature", "id": 52168594, "geometry": {"type": "Polygon", "coordinates": [[[2531232.524, 1174669.146], [2531270.575, 1174661.016], [2531274.575, 1174677.876], [2531245.145, 1174684.116], [2531241.445, 1174684.916], [2531236.615, 1174686.036], [2531232.524, 1174669.146]]]}, "properties": {"OBJECTID": 52168594, "EGRID": "CH668283454252", "NUMERO": "270", "NO_COM_FED": 5757, "GENRE_TXT": "parcelle priv\u00e9e", "SUPERFICIE_MO": 673, "SUPERFICIE_RF": 672}}, {"type": "Feature", "id": 52168853, "geometry": {"type": "Polygon", "coordinates": [[[2530589.056, 1174397.909], [2530620.849, 1174418.351], [2530658.605, 1174442.809], [2530668.8140000002, 1174449.386], [2530671.939131294, 1174450.837054057], [2530675.18, 1174452.007], [2530678.5107127433, 1174452.8869375188], [2530681.906, 1174453.47], [2530682.964, 1174453.5219999999], [2530684.022, 1174453.542], [2530687.9739028458, 1174453.596003596], [2530691.911, 1174453.25], [2530695.792341169, 1174452.5079167115], [2530699.579, 1174451.378], [2530712.67, 1174445.615], [2530714.797, 1174445.026], [2530716.976, 1174444.677], [2530719.802775168, 1174444.5544808235], [2530722.617504435, 1174444.8425224079], [2530725.3608723837, 1174445.5350547892], [2530727.97506741, 1174446.6174840776], [2530730.405, 1174448.067], [2530732.746476918, 1174449.9937469768], [2530734.7603949853, 1174452.2606836956], [2530736.3979061083, 1174454.8128250304], [2530737.6192920385, 1174457.5882681445], [2530738.3949277494, 1174460.5196939604], [2530738.7060000002, 1174463.536], [2530732.587, 1174463.941], [2530732.4194693803, 1174461.801264215], [2530731.912297576, 1174459.7157636757], [2530731.078508952, 1174457.7380548324], [2530729.939515519, 1174455.9189260032], [2530728.524567063, 1174454.3050931108], [2530726.87, 1174452.938], [2530725.0072526094, 1174451.847703527], [2530722.9936041934, 1174451.0706615092], [2530720.8813130227, 1174450.6270397666], [2530718.725197348, 1174450.5283511856], [2530716.581212754, 1174450.777156935], [2530714.505, 1174451.367], [2530702.093, 1174456.861], [2530699.675, 1174457.704], [2530697.212, 1174458.405], [2530693.8704011063, 1174459.0839342147], [2530690.487, 1174459.508], [2530687.0804004814, 1174459.6739956536], [2530683.671, 1174459.582], [2530678.55, 1174458.916], [2530673.538, 1174457.667], [2530672.354, 1174457.366], [2530671.177, 1174457.03], [2530668.498, 1174455.9], [2530665.897, 1174454.598], [2530651.276, 1174445.25], [2530614.047, 1174421.305], [2530599.76, 1174412.066], [2530560.614, 1174386.753], [2530552.755, 1174388.645], [2530561.418, 1174372.754], [2530563.49, 1174381.334], [2530589.056, 1174397.909]]]}, "properties": {"OBJECTID": 52168853, "EGRID": "CH674590688321", "NUMERO": "DP 171", "NO_COM_FED": 5757, "GENRE_TXT": "DP communal", "SUPERFICIE_MO": 1316, "SUPERFICIE_RF": null}}, {"type": "Feature", "id": 52168936, "geometry": {"type": "Polygon", "coordinates": [[[2530539.617, 1174416.341], [2530544.355, 1174403.899], [2530552.755, 1174388.645], [2530560.614, 1174386.753], [2530599.76, 1174412.066], [2530593.121, 1174428.589], [2530584.351, 1174426.581], [2530539.617, 1174416.341]]]}, "properties": {"OBJECTID": 52168936, "EGRID": "CH644583905595", "NUMERO": "1480", "NO_COM_FED": 5757, "GENRE_TXT": "parcelle priv\u00e9e", "SUPERFICIE_MO": 1440, "SUPERFICIE_RF": 1440}}, {"type": "Feature", "id": 52168946, "geometry": {"type": "Polygon", "coordinates": [[[2530707.479, 1176211.297], [2530706.079, 1176211.9070000001], [2530701.969, 1176213.707], [2530697.339, 1176203.1469999999], [2530692.519, 1176192.267], [2530693.009, 1176171.827], [2530729.9390000002, 1176155.606], [2530752.209, 1176188.405], [2530757.849, 1176205.645], [2530713.569, 1176225.277], [2530708.259, 1176213.097], [2530707.479, 1176211.297]]]}, "properties": {"OBJECTID": 52168946, "EGRID": "CH474583158320", "NUMERO": "1534", "NO_COM_FED": 5757, "GENRE_TXT": "DDP superficie", "SUPERFICIE_MO": 2882, "SUPERFICIE_RF": 2882}}, {"type": "Feature", "id": 52169065, "geometry": {"type": "Polygon", "coordinates": [[[2530692.927, 1175088.916], [2530694.657, 1175094.316], [2530697.837, 1175103.016], [2530682.567, 1175109.126], [2530679.817, 1175100.376], [2530679.667, 1175099.856], [2530678.427, 1175095.126], [2530691.547, 1175089.586], [2530692.927, 1175088.916]]]}, "properties": {"OBJECTID": 52169065, "EGRID": "CH414503838352", "NUMERO": "478", "NO_COM_FED": 5757, "GENRE_TXT": "parcelle priv\u00e9e", "SUPERFICIE_MO": 237, "SUPERFICIE_RF": 237}}, {"type": "Feature", "id": 52169125, "geometry": {"type": "Polygon", "coordinates": [[[2531050.559, 1174471.87], [2531050.922, 1174476.352], [2531049.032, 1174486.372], [2531047.962, 1174489.322], [2531042.482, 1174490.552], [2531016.891, 1174490.052], [2530988.111, 1174492.542], [2530964.361, 1174496.672], [2530940.261, 1174505.563], [2530913.031, 1174513.733], [2530895.501, 1174524.443], [2530873.071, 1174543.153], [2530875.239, 1174531.707], [2530890.329, 1174517.359], [2530901.835, 1174510.507], [2530910.395, 1174504.841], [2530921.981, 1174495.352], [2530926.254, 1174491.816], [2530943.153, 1174481.658], [2530958.511, 1174476.234], [2530985.959, 1174470.154], [2531016.204, 1174467.234], [2531044.664, 1174469.086], [2531050.559, 1174471.87]]]}, "properties": {"OBJECTID": 52169125, "EGRID": "CH408245238303", "NUMERO": "236", "NO_COM_FED": 5757, "GENRE_TXT": "parcelle priv\u00e9e", "SUPERFICIE_MO": 3321, "SUPERFICIE_RF": 3286}}, {"type": "Feature", "id": 52169163, "geometry": {"type": "Polygon", "coordinates": [[[2530722.465, 1174979.205], [2530726.035, 1174983.895], [2530725.195, 1174984.535], [2530726.335, 1174986.025], [2530727.155, 1174985.415], [2530730.325, 1174989.545], [2530728.035, 1174991.345], [2530726.185, 1174989.325], [2530722.585, 1174985.175], [2530719.755, 1174981.825], [2530716.535, 1174981.505], [2530715.465, 1174981.375], [2530714.645, 1174981.295], [2530712.525, 1174982.435], [2530700.385, 1174988.926], [2530699.155, 1174986.056], [2530710.645, 1174980.155], [2530716.955, 1174979.685], [2530718.355, 1174979.285], [2530720.775, 1174980.595], [2530722.465, 1174979.205]]]}, "properties": {"OBJECTID": 52169163, "EGRID": "CH544583837335", "NUMERO": "510", "NO_COM_FED": 5757, "GENRE_TXT": "parcelle priv\u00e9e", "SUPERFICIE_MO": 99, "SUPERFICIE_RF": 99}}, {"type": "Feature", "id": 52169386, "geometry": {"type": "Polygon", "coordinates": [[[2531030.09, 1176203.998], [2531029.98, 1176210.768], [2531029.49, 1176241.818], [2531028.97, 1176270.019], [2531032.438, 1176297.667], [2531032.821, 1176300.709], [2531024.6, 1176281.359], [2531018.79, 1176271.829], [2531013.6, 1176263.249], [2531000.08, 1176246.959], [2530993.3, 1176239.929], [2530987.12, 1176233.449], [2530975.43, 1176217.34], [2530974.92, 1176215.96], [2530979.43, 1176214.979], [2531020.02, 1176206.178], [2531025.78, 1176204.928], [2531030.09, 1176203.998]]]}, "properties": {"OBJECTID": 52169386, "EGRID": "CH398382464581", "NUMERO": "71", "NO_COM_FED": 5757, "GENRE_TXT": "parcelle priv\u00e9e", "SUPERFICIE_MO": 2279, "SUPERFICIE_RF": 2279}}, {"type": "Feature", "id": 52169485, "geometry": {"type": "Polygon", "coordinates": [[[2530940.5609999998, 1176351.7820000001], [2530951.071, 1176371.682], [2530954.801, 1176382.602], [2530919.511, 1176388.283], [2530916.011, 1176356.923], [2530940.5609999998, 1176351.7820000001]]]}, "properties": {"OBJECTID": 52169485, "EGRID": "CH468283454223", "NUMERO": "2105", "NO_COM_FED": 5757, "GENRE_TXT": "parcelle priv\u00e9e", "SUPERFICIE_MO": 998, "SUPERFICIE_RF": 998}}, {"type": "Feature", "id": 52169534, "geometry": {"type": "Polygon", "coordinates": [[[2530234.354, 1175837.959], [2530238.854, 1175821.559], [2530239.824, 1175818.019], [2530250.244, 1175820.879], [2530276.354, 1175828.048], [2530271.504, 1175844.578], [2530264.834, 1175843.879], [2530244.604, 1175839.189], [2530234.354, 1175837.959]]]}, "properties": {"OBJECTID": 52169534, "EGRID": "CH444583837171", "NUMERO": "1200", "NO_COM_FED": 5757, "GENRE_TXT": "parcelle priv\u00e9e", "SUPERFICIE_MO": 712, "SUPERFICIE_RF": 712}}, {"type": "Feature", "id": 52169551, "geometry": {"type": "Polygon", "coordinates": [[[2530738.584, 1174891.035], [2530735.0640000002, 1174892.375], [2530734.394, 1174892.575], [2530732.504, 1174885.205], [2530737.284, 1174884.195], [2530738.584, 1174891.035]]]}, "properties": {"OBJECTID": 52169551, "EGRID": "CH752383824526", "NUMERO": "547", "NO_COM_FED": 5757, "GENRE_TXT": "parcelle priv\u00e9e", "SUPERFICIE_MO": 34, "SUPERFICIE_RF": 34}}, {"type": "Feature", "id": 52170659, "geometry": {"type": "Polygon", "coordinates": [[[2530761.914, 1174879.014], [2530762.274, 1174879.714], [2530763.714, 1174883.174], [2530756.534, 1174884.594], [2530742.864, 1174887.314], [2530741.724, 1174882.994], [2530756.384, 1174881.214], [2530756.284, 1174880.624], [2530761.914, 1174879.014]]]}, "properties": {"OBJECTID": 52170659, "EGRID": "CH552183824551", "NUMERO": "574", "NO_COM_FED": 5757, "GENRE_TXT": "parcelle priv\u00e9e", "SUPERFICIE_MO": 84, "SUPERFICIE_RF": 84}}, {"type": "Feature", "id": 52170690, "geometry": {"type": "Polygon", "coordinates": [[[2530749.087, 1175082.634], [2530747.077, 1175085.844], [2530747.997, 1175086.354], [2530748.065433656, 1175086.4526611227], [2530748.1191312955, 1175086.5600564016], [2530748.157, 1175086.674], [2530748.176994045, 1175086.7834921933], [2530748.1820072895, 1175086.8946819839], [2530748.171947749, 1175087.0055292114], [2530748.147, 1175087.114], [2530747.607, 1175088.314], [2530747.347, 1175088.604], [2530732.656, 1175079.865], [2530732.986, 1175078.995], [2530737.556, 1175072.644], [2530738.236, 1175072.414], [2530749.087, 1175082.634]]]}, "properties": {"OBJECTID": 52170690, "EGRID": "CH674583728372", "NUMERO": "350", "NO_COM_FED": 5757, "GENRE_TXT": "parcelle priv\u00e9e", "SUPERFICIE_MO": 122, "SUPERFICIE_RF": 122}}, {"type": "Feature", "id": 52170805, "geometry": {"type": "Polygon", "coordinates": [[[2531763.173, 1174129.327], [2531656.745, 1174155.076], [2531527.594, 1174186.487], [2531480.744, 1174197.758], [2531332.813, 1174233.799], [2531200.932, 1174265.731], [2531195.952, 1174260.771], [2531185.012, 1174127.44], [2531175.312, 1174013.909], [2531175.192, 1173996.189], [2531176.892, 1173987.009], [2531179.882, 1173974.769], [2531181.591, 1173964.988], [2531188.277, 1173959.672], [2531495.906, 1173885.1030000001], [2531513.942, 1173901.568], [2531587.144, 1173968.634], [2531661.221, 1174036.466], [2531763.173, 1174129.327]]]}, "properties": {"OBJECTID": 52170805, "EGRID": "CH968383457188", "NUMERO": "294", "NO_COM_FED": 5757, "GENRE_TXT": "parcelle priv\u00e9e", "SUPERFICIE_MO": 137457, "SUPERFICIE_RF": 137444}}, {"type": "Feature", "id": 52170978, "geometry": {"type": "Polygon", "coordinates": [[[2530737.632, 1174723.255], [2530702.452, 1174698.076], [2530715.552, 1174690.786], [2530734.102, 1174683.495], [2530759.652, 1174704.114], [2530751.882, 1174710.214], [2530737.632, 1174723.255]]]}, "properties": {"OBJECTID": 52170978, "EGRID": "CH128388834566", "NUMERO": "1059", "NO_COM_FED": 5757, "GENRE_TXT": "parcelle priv\u00e9e", "SUPERFICIE_MO": 1139, "SUPERFICIE_RF": 1139}}, {"type": "Feature", "id": 52171127, "geometry": {"type": "Polygon", "coordinates": [[[2530264.752, 1175669.084], [2530283.969, 1175677.337], [2530265.437, 1175714.211], [2530263.493, 1175713.232], [2530258.131, 1175714.267], [2530252.753, 1175724.9679999999], [2530254.413, 1175729.998], [2530251.213, 1175736.368], [2530235.023, 1175728.2280000001], [2530237.968, 1175722.369], [2530242.903, 1175712.552], [2530264.752, 1175669.084]]]}, "properties": {"OBJECTID": 52171127, "EGRID": "CH209945298379", "NUMERO": "2680", "NO_COM_FED": 5757, "GENRE_TXT": "parcelle priv\u00e9e", "SUPERFICIE_MO": 1266, "SUPERFICIE_RF": 1266}}, {"type": "Feature", "id": 52171702, "geometry": {"type": "Polygon", "coordinates": [[[2531010.617, 1174645.872], [2531004.173, 1174665.929], [2530996.483, 1174675.079], [2530986.033, 1174681.319], [2530929.633, 1174699.349], [2530924.992, 1174695.229], [2530950.952, 1174583.071], [2531023.642, 1174598.47], [2531014.943, 1174632.409], [2531010.617, 1174645.872]]]}, "properties": {"OBJECTID": 52171702, "EGRID": "CH574583948340", "NUMERO": "244", "NO_COM_FED": 5757, "GENRE_TXT": "parcelle priv\u00e9e", "SUPERFICIE_MO": 7224, "SUPERFICIE_RF": 7216}}, {"type": "Feature", "id": 52171854, "geometry": {"type": "Polygon", "coordinates": [[[2530639.466, 1175083.358], [2530628.466, 1175082.418], [2530613.066, 1175081.888], [2530613.146, 1175078.618], [2530628.6859999998, 1175079.908], [2530639.416, 1175080.748], [2530639.466, 1175083.358]]]}, "properties": {"OBJECTID": 52171854, "EGRID": "CH908345888396", "NUMERO": "413", "NO_COM_FED": 5757, "GENRE_TXT": "parcelle priv\u00e9e", "SUPERFICIE_MO": 73, "SUPERFICIE_RF": 73}}, {"type": "Feature", "id": 52172236, "geometry": {"type": "Polygon", "coordinates": [[[2530741.987, 1175153.514], [2530747.928, 1175165.294], [2530741.438, 1175168.194], [2530741.268, 1175167.774], [2530739.388, 1175168.504], [2530737.207, 1175163.394], [2530715.738, 1175172.345], [2530715.598, 1175171.935], [2530715.748, 1175171.875], [2530713.987, 1175166.885], [2530722.117, 1175163.905], [2530722.007, 1175163.565], [2530724.987, 1175162.485], [2530725.117, 1175162.795], [2530733.047, 1175159.464], [2530733.187, 1175159.774], [2530735.357, 1175158.744], [2530737.027, 1175158.144], [2530736.057, 1175155.824], [2530736.307, 1175155.734], [2530741.987, 1175153.514]]]}, "properties": {"OBJECTID": 52172236, "EGRID": "CH308245238337", "NUMERO": "338", "NO_COM_FED": 5757, "GENRE_TXT": "parcelle priv\u00e9e", "SUPERFICIE_MO": 233, "SUPERFICIE_RF": 233}}, {"type": "Feature", "id": 52172251, "geometry": {"type": "Polygon", "coordinates": [[[2530936.026, 1175860.767], [2530920.106, 1175837.788], [2530922.646, 1175838.477], [2530919.976, 1175833.108], [2530939.626, 1175827.667], [2530938.716, 1175824.4070000001], [2530940.646, 1175823.9070000001], [2530965.516, 1175817.446], [2530972.976, 1175843.896], [2530949.356, 1175854.637], [2530936.026, 1175860.767]]]}, "properties": {"OBJECTID": 52172251, "EGRID": "CH644583838289", "NUMERO": "749", "NO_COM_FED": 5757, "GENRE_TXT": "parcelle priv\u00e9e", "SUPERFICIE_MO": 1353, "SUPERFICIE_RF": 1353}}, {"type": "Feature", "id": 52172473, "geometry": {"type": "Polygon", "coordinates": [[[2530921.981, 1174495.352], [2530910.395, 1174504.841], [2530901.835, 1174510.507], [2530886.363, 1174508.008], [2530884.042, 1174507.743], [2530879.946, 1174507.024], [2530883.529, 1174488.612], [2530921.981, 1174495.352]]]}, "properties": {"OBJECTID": 52172473, "EGRID": "CH386883459031", "NUMERO": "2409", "NO_COM_FED": 5757, "GENRE_TXT": "parcelle priv\u00e9e", "SUPERFICIE_MO": 575, "SUPERFICIE_RF": 575}}, {"type": "Feature", "id": 52172534, "geometry": {"type": "Polygon", "coordinates": [[[2530892.77, 1175331.999], [2530891.04, 1175330.829], [2530886.15, 1175331.979], [2530876.34, 1175334.44], [2530870.36, 1175316.42], [2530872.3, 1175315.83], [2530867.789, 1175302.27], [2530894.989, 1175293.379], [2530901.07, 1175328.649], [2530892.77, 1175331.999]]]}, "properties": {"OBJECTID": 52172534, "EGRID": "CH114571838327", "NUMERO": "767", "NO_COM_FED": 5757, "GENRE_TXT": "parcelle priv\u00e9e", "SUPERFICIE_MO": 939, "SUPERFICIE_RF": 939}}, {"type": "Feature", "id": 52172755, "geometry": {"type": "Polygon", "coordinates": [[[2530744.534, 1174892.674], [2530742.864, 1174887.314], [2530756.534, 1174884.594], [2530763.714, 1174883.174], [2530764.0439999998, 1174883.634], [2530765.214, 1174885.894], [2530766.074, 1174887.944], [2530761.514, 1174890.334], [2530758.484, 1174890.504], [2530758.494, 1174890.804], [2530744.534, 1174892.674]]]}, "properties": {"OBJECTID": 52172755, "EGRID": "CH568283452110", "NUMERO": "573", "NO_COM_FED": 5757, "GENRE_TXT": "parcelle priv\u00e9e", "SUPERFICIE_MO": 132, "SUPERFICIE_RF": 132}}, {"type": "Feature", "id": 52172882, "geometry": {"type": "Polygon", "coordinates": [[[2530652.987, 1175152.057], [2530651.867, 1175145.187], [2530666.037, 1175143.067], [2530667.647, 1175142.847], [2530668.987, 1175148.906], [2530681.817, 1175146.656], [2530683.277, 1175158.486], [2530670.527, 1175159.806], [2530670.517, 1175159.576], [2530666.587, 1175159.927], [2530665.127, 1175150.4070000001], [2530652.987, 1175152.057]]]}, "properties": {"OBJECTID": 52172882, "EGRID": "CH208245238371", "NUMERO": "439", "NO_COM_FED": 5757, "GENRE_TXT": "parcelle priv\u00e9e", "SUPERFICIE_MO": 301, "SUPERFICIE_RF": 301}}, {"type": "Feature", "id": 52173031, "geometry": {"type": "Polygon", "coordinates": [[[2530981.559, 1176125.089], [2530977.059, 1176126.039], [2530974.389, 1176116.179], [2530973.339, 1176112.339], [2530968.871, 1176097.185], [2531000.848, 1176089.308], [2531006.399, 1176118.9780000001], [2530981.559, 1176125.089]]]}, "properties": {"OBJECTID": 52173031, "EGRID": "CH998394964507", "NUMERO": "2767", "NO_COM_FED": 5757, "GENRE_TXT": "parcelle priv\u00e9e", "SUPERFICIE_MO": 948, "SUPERFICIE_RF": 948}}, {"type": "Feature", "id": 52173472, "geometry": {"type": "Polygon", "coordinates": [[[2530262.084, 1174425.993], [2530258.452, 1174427.107], [2530259.745, 1174431.418], [2530263.388, 1174430.337], [2530263.578, 1174430.974], [2530233.837, 1174439.847], [2530233.145, 1174437.528], [2530228.91, 1174438.792], [2530228.116, 1174436.128], [2530199.1689999998, 1174444.75], [2530192.71, 1174423.091], [2530219.737, 1174415.035], [2530221.843, 1174414.406], [2530223.33, 1174419.39], [2530257.122, 1174409.311], [2530262.084, 1174425.993]]]}, "properties": {"OBJECTID": 52173472, "EGRID": "CH614567839080", "NUMERO": "2728", "NO_COM_FED": 5757, "GENRE_TXT": "DDP superficie", "SUPERFICIE_MO": 1457, "SUPERFICIE_RF": 1457}}, {"type": "Feature", "id": 52173646, "geometry": {"type": "Polygon", "coordinates": [[[2530613.146, 1175078.618], [2530613.066, 1175081.888], [2530612.996, 1175085.158], [2530612.926, 1175088.868], [2530612.886, 1175092.588], [2530612.89, 1175092.834], [2530612.9560000002, 1175097.748], [2530613.036, 1175100.558], [2530613.177, 1175106.488], [2530613.307, 1175114.518], [2530613.337, 1175128.2179999999], [2530613.337, 1175128.488], [2530603.597, 1175129.459], [2530602.896, 1175091.549], [2530597.726, 1175084.909], [2530603.116, 1175083.629], [2530603.926, 1175076.339], [2530604.946, 1175069.019], [2530606.6859999998, 1175059.799], [2530609.786, 1175050.589], [2530614.096, 1175038.618], [2530612.716, 1175038.128], [2530615.896, 1175028.918], [2530617.336, 1175024.7179999999], [2530636.175, 1174990.418], [2530644.815, 1174997.347], [2530626.536, 1175032.588], [2530635.2060000002, 1175036.678], [2530634.366, 1175038.348], [2530631.056, 1175036.768], [2530625.946, 1175034.448], [2530624.356, 1175038.808], [2530621.156, 1175047.858], [2530618.376, 1175056.198], [2530615.826, 1175063.498], [2530613.406, 1175074.858], [2530613.306, 1175076.208], [2530613.146, 1175078.618]]]}, "properties": {"OBJECTID": 52173646, "EGRID": "CH868383457224", "NUMERO": "DP 107", "NO_COM_FED": 5757, "GENRE_TXT": "DP communal", "SUPERFICIE_MO": 1507, "SUPERFICIE_RF": null}}, {"type": "Feature", "id": 52173680, "geometry": {"type": "Polygon", "coordinates": [[[2530799.071, 1175477.602], [2530802.322, 1175509.372], [2530762.192, 1175509.213], [2530756.192, 1175509.183], [2530738.572, 1175509.084], [2530738.361, 1175501.664], [2530738.041, 1175490.544], [2530737.771, 1175481.064], [2530759.901, 1175479.873], [2530799.071, 1175477.602]]]}, "properties": {"OBJECTID": 52173680, "EGRID": "CH838383457273", "NUMERO": "779", "NO_COM_FED": 5757, "GENRE_TXT": "parcelle priv\u00e9e", "SUPERFICIE_MO": 1871, "SUPERFICIE_RF": 1871}}, {"type": "Feature", "id": 52174002, "geometry": {"type": "Polygon", "coordinates": [[[2530842.68, 1176277.044], [2530840.11, 1176277.494], [2530838.13, 1176277.844], [2530830.27, 1176279.214], [2530828.46, 1176268.874], [2530828.1, 1176266.804], [2530840.51, 1176264.634], [2530842.68, 1176277.044]]]}, "properties": {"OBJECTID": 52174002, "EGRID": "CH898383704524", "NUMERO": "2174", "NO_COM_FED": 5757, "GENRE_TXT": "parcelle priv\u00e9e", "SUPERFICIE_MO": 159, "SUPERFICIE_RF": 159}}, {"type": "Feature", "id": 52174041, "geometry": {"type": "Polygon", "coordinates": [[[2530631.159, 1175297.128], [2530629.989, 1175288.948], [2530640.719, 1175287.727], [2530641.489, 1175295.167], [2530637.299, 1175296.037], [2530637.259, 1175295.747], [2530631.159, 1175297.128]]]}, "properties": {"OBJECTID": 52174041, "EGRID": "CH708345748312", "NUMERO": "384", "NO_COM_FED": 5757, "GENRE_TXT": "parcelle priv\u00e9e", "SUPERFICIE_MO": 83, "SUPERFICIE_RF": 83}}, {"type": "Feature", "id": 52174937, "geometry": {"type": "Polygon", "coordinates": [[[2530837.324, 1174766.629], [2530838.46, 1174760.737], [2530845.333, 1174762.061], [2530844.197, 1174767.953], [2530837.324, 1174766.629]]]}, "properties": {"OBJECTID": 52174937, "EGRID": "CH509945288377", "NUMERO": "2721", "NO_COM_FED": 5757, "GENRE_TXT": "DDP superficie", "SUPERFICIE_MO": 42, "SUPERFICIE_RF": 42}}, {"type": "Feature", "id": 52175068, "geometry": {"type": "Polygon", "coordinates": [[[2530716.976, 1174444.677], [2530714.797, 1174445.026], [2530712.67, 1174445.615], [2530699.579, 1174451.378], [2530695.792341169, 1174452.5079167115], [2530691.911, 1174453.25], [2530687.9739028458, 1174453.596003596], [2530684.022, 1174453.542], [2530682.964, 1174453.5219999999], [2530681.906, 1174453.47], [2530700.43, 1174411.655], [2530719.854, 1174413.9780000001], [2530716.976, 1174444.677]]]}, "properties": {"OBJECTID": 52175068, "EGRID": "CH169083456877", "NUMERO": "1515", "NO_COM_FED": 5757, "GENRE_TXT": "parcelle priv\u00e9e", "SUPERFICIE_MO": 999, "SUPERFICIE_RF": 999}}, {"type": "Feature", "id": 52175222, "geometry": {"type": "Polygon", "coordinates": [[[2530327.134, 1175698.075], [2530304.333, 1175743.425], [2530299.388, 1175753.26], [2530296.443, 1175759.118], [2530285.273, 1175753.498], [2530315.865, 1175692.665], [2530327.134, 1175698.075]]]}, "properties": {"OBJECTID": 52175222, "EGRID": "CH238399452979", "NUMERO": "2677", "NO_COM_FED": 5757, "GENRE_TXT": "parcelle priv\u00e9e", "SUPERFICIE_MO": 853, "SUPERFICIE_RF": 853}}, {"type": "Feature", "id": 52175385, "geometry": {"type": "Polygon", "coordinates": [[[2530702.578, 1175195.335], [2530714.948, 1175195.875], [2530714.858, 1175198.075], [2530718.028, 1175198.225], [2530718.048, 1175198.005], [2530718.638, 1175198.025], [2530718.638, 1175198.245], [2530721.878, 1175198.395], [2530721.898, 1175198.185], [2530722.578, 1175198.225], [2530722.398, 1175202.095], [2530725.498, 1175202.235], [2530726.268, 1175202.825], [2530729.708, 1175205.464], [2530731.038, 1175214.504], [2530723.208, 1175213.585], [2530723.168, 1175214.315], [2530718.208, 1175213.745], [2530718.248, 1175213.005], [2530702.448, 1175212.235], [2530702.438, 1175211.805], [2530701.818, 1175211.765], [2530702.578, 1175195.335]]]}, "properties": {"OBJECTID": 52175385, "EGRID": "CH228222834571", "NUMERO": "470", "NO_COM_FED": 5757, "GENRE_TXT": "parcelle priv\u00e9e", "SUPERFICIE_MO": 415, "SUPERFICIE_RF": 415}}, {"type": "Feature", "id": 52176077, "geometry": {"type": "Polygon", "coordinates": [[[2530950.711, 1175381.247], [2530935.951, 1175387.458], [2530929.431, 1175390.308], [2530923.751, 1175393.748], [2530923.461, 1175397.178], [2530936.911, 1175427.578], [2530937.0609999998, 1175427.508], [2530947.0609999998, 1175449.887], [2530949.511, 1175456.587], [2530951.542, 1175463.447], [2530952.572, 1175468.4070000001], [2530953.782, 1175478.467], [2530954.242, 1175486.6469999999], [2530953.952, 1175496.337], [2530952.772, 1175533.3969999999], [2530953.412, 1175542.507], [2530955.073, 1175551.477], [2530957.603, 1175560.857], [2530958.413, 1175560.577], [2530996.804, 1175650.285], [2530999.894, 1175653.505], [2531004.624, 1175653.545], [2530990.454, 1175662.526], [2530991.164, 1175661.286], [2530991.524, 1175658.966], [2530991.234, 1175656.286], [2530989.764, 1175652.486], [2530982.2939999998, 1175634.896], [2530982.114, 1175634.486], [2530971.553, 1175610.336], [2530964.033, 1175592.666], [2530963.853, 1175592.746], [2530950.643, 1175562.4070000001], [2530949.633, 1175557.577], [2530946.902, 1175543.617], [2530946.192, 1175532.927], [2530947.642, 1175487.167], [2530946.712, 1175473.237], [2530945.522, 1175465.127], [2530943.551, 1175458.567], [2530941.0810000002, 1175451.937], [2530934.781, 1175437.438], [2530926.281, 1175418.2179999999], [2530915.861, 1175394.7179999999], [2530913.0810000002, 1175388.208], [2530914.681, 1175387.4780000001], [2530917.731, 1175383.988], [2530921.091, 1175386.378], [2530925.271, 1175386.628], [2530947.54, 1175377.177], [2530960.09, 1175371.867], [2530962.83, 1175365.337], [2530956.13, 1175349.307], [2530940.7, 1175312.788], [2530944.91, 1175307.247], [2530945.64, 1175308.977], [2530946.03, 1175309.8969999999], [2530954.69, 1175330.317], [2530968.51, 1175362.947], [2530974.95, 1175365.456], [2530977.01, 1175364.576], [2530988.05, 1175359.896], [2530992.91, 1175357.836], [2530993.99, 1175362.816], [2530977.21, 1175370.036], [2530950.711, 1175381.247]]]}, "properties": {"OBJECTID": 52176077, "EGRID": "CH868283452006", "NUMERO": "DP 20", "NO_COM_FED": 5757, "GENRE_TXT": "DP communal", "SUPERFICIE_MO": 2799, "SUPERFICIE_RF": null}}, {"type": "Feature", "id": 52176122, "geometry": {"type": "Polygon", "coordinates": [[[2530892.4390000002, 1175259.139], [2530892.009, 1175258.139], [2530890.149, 1175253.809], [2530887.979, 1175248.759], [2530883.249, 1175237.759], [2530864.798, 1175194.82], [2530904.898, 1175189.669], [2530908.1689999998, 1175215.759], [2530908.849, 1175221.239], [2530911.779, 1175244.609], [2530912.379, 1175249.429], [2530912.479, 1175250.199], [2530892.4390000002, 1175259.139]]]}, "properties": {"OBJECTID": 52176122, "EGRID": "CH128371834525", "NUMERO": "1459", "NO_COM_FED": 5757, "GENRE_TXT": "parcelle priv\u00e9e", "SUPERFICIE_MO": 2001, "SUPERFICIE_RF": 2001}}, {"type": "Feature", "id": 52176189, "geometry": {"type": "Polygon", "coordinates": [[[2530668.808, 1175242.366], [2530669.258, 1175251.866], [2530673.708, 1175251.896], [2530673.788, 1175257.156], [2530687.978, 1175256.756], [2530687.129, 1175262.166], [2530686.509, 1175271.026], [2530662.6689999998, 1175271.697], [2530661.748, 1175257.737], [2530661.298, 1175251.877], [2530661.288, 1175251.677], [2530659.728, 1175251.787], [2530658.918, 1175242.917], [2530660.588, 1175242.837], [2530660.548, 1175242.337], [2530668.808, 1175242.366]]]}, "properties": {"OBJECTID": 52176189, "EGRID": "CH614571838351", "NUMERO": "423", "NO_COM_FED": 5757, "GENRE_TXT": "parcelle priv\u00e9e", "SUPERFICIE_MO": 513, "SUPERFICIE_RF": 513}}, {"type": "Feature", "id": 52176333, "geometry": {"type": "Polygon", "coordinates": [[[2530264.829, 1174620.038], [2530243.412, 1174620.321], [2530240.881, 1174614.639], [2530237.428, 1174609.321], [2530236.851, 1174608.735], [2530237.321, 1174608.32], [2530233.159, 1174603.061], [2530224.704, 1174592.138], [2530246.6890000002, 1174607.154], [2530259.524, 1174597.949], [2530263.911, 1174579.881], [2530246.063, 1174563.945], [2530230.474, 1174555.545], [2530234.81, 1174553.8], [2530241.926, 1174552.794], [2530242.479, 1174552.265], [2530245.195, 1174554.54], [2530246.987, 1174555.229], [2530248.009, 1174555.168], [2530249.321, 1174556.459], [2530252.605, 1174558.912], [2530256.105, 1174562.178], [2530257.537, 1174564.031], [2530258.736, 1174566.494], [2530262.272, 1174568.251], [2530265.334, 1174568.528], [2530265.335, 1174568.529], [2530268.978, 1174571.111], [2530274.501, 1174571.37], [2530279.658, 1174572.087], [2530280.818, 1174571.341], [2530285.666, 1174571.852], [2530293.364, 1174573.172], [2530300.682, 1174573.035], [2530307.192, 1174576.191], [2530311.009, 1174576.413], [2530315.568, 1174580.128], [2530312.75, 1174588.491], [2530302.806, 1174618.006], [2530302.503, 1174619.509], [2530277.833, 1174619.858], [2530264.829, 1174620.038]], [[2530272.062, 1174592.075], [2530265.997, 1174592.209], [2530261.047, 1174604.366], [2530261.333, 1174616.053], [2530272.74, 1174615.922], [2530293.367, 1174615.565], [2530292.653, 1174591.719], [2530272.062, 1174592.075]]]}, "properties": {"OBJECTID": 52176333, "EGRID": "CH338390455503", "NUMERO": "2500", "NO_COM_FED": 5757, "GENRE_TXT": "parcelle priv\u00e9e", "SUPERFICIE_MO": 2224, "SUPERFICIE_RF": 2224}}, {"type": "Feature", "id": 52176418, "geometry": {"type": "Polygon", "coordinates": [[[2530911.867, 1175906.398], [2530916.557, 1175927.148], [2530919.027, 1175939.509], [2530880.237, 1175953.82], [2530882.227, 1175958.92], [2530858.897, 1175965.81], [2530857.507, 1175966.24], [2530849.977, 1175960.811], [2530844.507, 1175951.021], [2530834.197, 1175927.921], [2530911.867, 1175906.398]]]}, "properties": {"OBJECTID": 52176418, "EGRID": "CH638383458234", "NUMERO": "746", "NO_COM_FED": 5757, "GENRE_TXT": "parcelle priv\u00e9e", "SUPERFICIE_MO": 2942, "SUPERFICIE_RF": 2942}}, {"type": "Feature", "id": 52176925, "geometry": {"type": "Polygon", "coordinates": [[[2530996.028, 1176064.808], [2530997.058, 1176070.028], [2531000.848, 1176089.308], [2530968.871, 1176097.185], [2530946.078, 1176102.799], [2530940.588, 1176078.529], [2530996.028, 1176064.808]]]}, "properties": {"OBJECTID": 52176925, "EGRID": "CH714595838392", "NUMERO": "955", "NO_COM_FED": 5757, "GENRE_TXT": "parcelle priv\u00e9e", "SUPERFICIE_MO": 1414, "SUPERFICIE_RF": 1414}}, {"type": "Feature", "id": 52176934, "geometry": {"type": "Polygon", "coordinates": [[[2530519.702, 1174494.115], [2530549.404, 1174529.57], [2530576.509, 1174561.833], [2530577.262, 1174562.48], [2530558.726, 1174596.484], [2530553.096, 1174605.481], [2530543.162, 1174617.174], [2530523.952, 1174593.131], [2530492.323, 1174620.916], [2530487.768, 1174615.867], [2530453.485, 1174576.606], [2530452.716, 1174569.766], [2530454.481, 1174560.531], [2530461.793, 1174548.526], [2530470.573, 1174536.826], [2530508.528, 1174491.504], [2530519.702, 1174494.115]]]}, "properties": {"OBJECTID": 52176934, "EGRID": "CH544583905532", "NUMERO": "1025", "NO_COM_FED": 5757, "GENRE_TXT": "parcelle priv\u00e9e", "SUPERFICIE_MO": 9465, "SUPERFICIE_RF": 9465}}, {"type": "Feature", "id": 52177120, "geometry": {"type": "Polygon", "coordinates": [[[2530538.841, 1174673.918], [2530551.301, 1174662.168], [2530606.332, 1174692.438], [2530618.798, 1174700.14], [2530606.755, 1174719.673], [2530606.23, 1174720.524], [2530593.912, 1174712.929], [2530564.322, 1174696.748], [2530548.262, 1174684.308], [2530538.841, 1174673.918]]]}, "properties": {"OBJECTID": 52177120, "EGRID": "CH138394458604", "NUMERO": "1038", "NO_COM_FED": 5757, "GENRE_TXT": "parcelle priv\u00e9e", "SUPERFICIE_MO": 1824, "SUPERFICIE_RF": 1824}}, {"type": "Feature", "id": 52177302, "geometry": {"type": "Polygon", "coordinates": [[[2531245.275, 1174746.825], [2531222.825, 1174750.525], [2531219.985, 1174750.995], [2531214.305, 1174723.466], [2531212.015, 1174713.026], [2531238.885, 1174723.295], [2531239.975, 1174726.985], [2531244.765, 1174744.495], [2531244.995, 1174746.125], [2531245.275, 1174746.825]]]}, "properties": {"OBJECTID": 52177302, "EGRID": "CH458983834589", "NUMERO": "261", "NO_COM_FED": 5757, "GENRE_TXT": "parcelle priv\u00e9e", "SUPERFICIE_MO": 780, "SUPERFICIE_RF": 773}}, {"type": "Feature", "id": 52177731, "geometry": {"type": "Polygon", "coordinates": [[[2530554.213, 1174812.089], [2530569.993, 1174820.759], [2530587.373, 1174830.299], [2530584.373, 1174830], [2530580.823, 1174830.97], [2530575.213, 1174833.49], [2530563.453, 1174839.54], [2530563.323, 1174839.26], [2530555.463, 1174842.27], [2530548.293, 1174843.01], [2530543.243, 1174843.04], [2530528.593, 1174842.44], [2530519.253, 1174842.04], [2530517.203, 1174842.72], [2530514.133, 1174843.57], [2530512.803, 1174843.72], [2530505.143, 1174850.28], [2530489.994, 1174867.03], [2530475.324, 1174883.26], [2530466.024, 1174877.83], [2530469.304, 1174876.38], [2530482.254, 1174867.98], [2530482.834, 1174867.57], [2530484.908, 1174865.3429999999], [2530498.733, 1174850.5], [2530501.513, 1174847.57], [2530505.973, 1174843.26], [2530512.043, 1174837.19], [2530517.763, 1174834.66], [2530522.633, 1174834.28], [2530534.893, 1174836.1], [2530543.833, 1174837.07], [2530548.173, 1174837.06], [2530552.123, 1174836.81], [2530555.213, 1174836.15], [2530557.883, 1174835.29], [2530557.623, 1174833.63], [2530556.253, 1174825.06], [2530557.653, 1174821.8], [2530554.213, 1174812.089]]]}, "properties": {"OBJECTID": 52177731, "EGRID": "CH144583837275", "NUMERO": "DP 137", "NO_COM_FED": 5757, "GENRE_TXT": "DP communal", "SUPERFICIE_MO": 1032, "SUPERFICIE_RF": null}}, {"type": "Feature", "id": 52178675, "geometry": {"type": "Polygon", "coordinates": [[[2531107.804, 1174215.057], [2531089.338, 1174284.699], [2531083.105, 1174289.945], [2530990.962, 1174291.108], [2530986.731, 1174286.053], [2530997.317, 1174096.972], [2531042.127, 1174097.104], [2531110.883, 1174100.467], [2531110.988, 1174143.466], [2531043.385, 1174140.284], [2531041.682, 1174167.715], [2531111.088, 1174171.502], [2531111.116, 1174177.359], [2531107.804, 1174215.057]]]}, "properties": {"OBJECTID": 52178675, "EGRID": "CH429056834563", "NUMERO": "2421", "NO_COM_FED": 5757, "GENRE_TXT": "parcelle priv\u00e9e", "SUPERFICIE_MO": 19942, "SUPERFICIE_RF": 19942}}, {"type": "Feature", "id": 52178754, "geometry": {"type": "Polygon", "coordinates": [[[2530482.834, 1174867.57], [2530482.254, 1174867.98], [2530469.304, 1174876.38], [2530466.024, 1174877.83], [2530458.423, 1174876.108], [2530422.242, 1174849.236], [2530449.396, 1174832.4070000001], [2530452.386, 1174834.423], [2530481.137, 1174864.53], [2530482.834, 1174867.57]]]}, "properties": {"OBJECTID": 52178754, "EGRID": "CH256983904594", "NUMERO": "1073", "NO_COM_FED": 5757, "GENRE_TXT": "parcelle priv\u00e9e", "SUPERFICIE_MO": 1337, "SUPERFICIE_RF": 1337}}, {"type": "Feature", "id": 52178807, "geometry": {"type": "Polygon", "coordinates": [[[2530400.507, 1175998.204], [2530392.796, 1175973.804], [2530422.736, 1175960.033], [2530434.787, 1176000.683], [2530400.507, 1175998.204]]]}, "properties": {"OBJECTID": 52178807, "EGRID": "CH984483458295", "NUMERO": "875", "NO_COM_FED": 5757, "GENRE_TXT": "parcelle priv\u00e9e", "SUPERFICIE_MO": 1100, "SUPERFICIE_RF": 1100}}, {"type": "Feature", "id": 52179168, "geometry": {"type": "Polygon", "coordinates": [[[2530722.8109999998, 1174647.959], [2530721.718, 1174651.403], [2530692.019, 1174629.196], [2530671.627, 1174613.948], [2530676.844, 1174604.865], [2530677.519, 1174603.036], [2530688.324, 1174573.501], [2530715.127, 1174582.708], [2530703.013, 1174609.517], [2530694.663, 1174627.038], [2530722.8109999998, 1174647.959]]]}, "properties": {"OBJECTID": 52179168, "EGRID": "CH829068834513", "NUMERO": "1051", "NO_COM_FED": 5757, "GENRE_TXT": "parcelle priv\u00e9e", "SUPERFICIE_MO": 1403, "SUPERFICIE_RF": 1403}}, {"type": "Feature", "id": 52179182, "geometry": {"type": "Polygon", "coordinates": [[[2530608.378, 1174450.651], [2530610.54, 1174448.199], [2530612.587, 1174433.045], [2530614.047, 1174421.305], [2530651.276, 1174445.25], [2530623.376, 1174469.002], [2530608.378, 1174450.651]]]}, "properties": {"OBJECTID": 52179182, "EGRID": "CH574590688355", "NUMERO": "1516", "NO_COM_FED": 5757, "GENRE_TXT": "parcelle priv\u00e9e", "SUPERFICIE_MO": 1023, "SUPERFICIE_RF": 1023}}, {"type": "Feature", "id": 52179218, "geometry": {"type": "Polygon", "coordinates": [[[2530218.059, 1174597.117], [2530223.397, 1174604.071], [2530228.752, 1174611.265], [2530232.017, 1174615.8530000001], [2530234.688122524, 1174620.4572496552], [2530236.696, 1174625.387], [2530238.0099462615, 1174630.5966993321], [2530238.582, 1174635.939], [2530238.944, 1174642.543], [2530238.521, 1174646.483], [2530238.1163334143, 1174646.2957951825], [2530237.685482406, 1174646.1810428475], [2530237.2413095813, 1174646.1421688057], [2530236.7970752534, 1174646.180333601], [2530236.366041573, 1174646.2943978636], [2530235.961076599, 1174646.4809563241], [2530235.5942701357, 1174646.7344394755], [2530235.276572806, 1174647.0472798438], [2530235.01746913, 1174647.410137908], [2530234.8246943774, 1174647.8121809207], [2530234.7040036353, 1174648.2414063094], [2530234.659, 1174648.685], [2530216.508, 1174649.378], [2530215.006, 1174629.736], [2530206.353, 1174604.719], [2530218.059, 1174597.117]]]}, "properties": {"OBJECTID": 52179218, "EGRID": "CH860083454759", "NUMERO": "2846", "NO_COM_FED": 5757, "GENRE_TXT": "parcelle priv\u00e9e", "SUPERFICIE_MO": 1035, "SUPERFICIE_RF": 1035}}, {"type": "Feature", "id": 52179400, "geometry": {"type": "Polygon", "coordinates": [[[2531553.247, 1174665.373], [2531475.2060000002, 1174684.174], [2531481.437, 1174709.3429999999], [2531491.097, 1174748.302], [2531493.927, 1174759.592], [2531498.717, 1174778.852], [2531492.867, 1174780.452], [2531489.117, 1174781.2820000001], [2531441.877, 1174792.0320000001], [2531413.957, 1174791.962], [2531407.797, 1174791.962], [2531383.906, 1174791.683], [2531382.806, 1174786.793], [2531372.856, 1174743.654], [2531394.056, 1174738.533], [2531390.166, 1174723.064], [2531386.096, 1174706.054], [2531383.416, 1174694.934], [2531375.715, 1174662.855], [2531369.115, 1174634.676], [2531366.045, 1174621.326], [2531386.445, 1174616.386], [2531476.424, 1174594.606], [2531534.016, 1174580.665], [2531553.247, 1174665.373]]]}, "properties": {"OBJECTID": 52179400, "EGRID": "CH928222834527", "NUMERO": "286", "NO_COM_FED": 5757, "GENRE_TXT": "parcelle priv\u00e9e", "SUPERFICIE_MO": 24926, "SUPERFICIE_RF": 24932}}, {"type": "Feature", "id": 52179452, "geometry": {"type": "Polygon", "coordinates": [[[2530729.027, 1175086.505], [2530749.937, 1175098.824], [2530746.577, 1175102.884], [2530726.927, 1175091.025], [2530729.027, 1175086.505]]]}, "properties": {"OBJECTID": 52179452, "EGRID": "CH668283452965", "NUMERO": "348", "NO_COM_FED": 5757, "GENRE_TXT": "parcelle priv\u00e9e", "SUPERFICIE_MO": 120, "SUPERFICIE_RF": 120}}, {"type": "Feature", "id": 52179553, "geometry": {"type": "Polygon", "coordinates": [[[2530750.136, 1175060.864], [2530749.326, 1175061.684], [2530758.416, 1175069.134], [2530755.596, 1175074.304], [2530755.036, 1175075.444], [2530746.816, 1175066.774], [2530746.576, 1175066.524], [2530738.236, 1175072.414], [2530737.556, 1175072.644], [2530731.026, 1175064.685], [2530740.196, 1175057.984], [2530739.736, 1175057.124], [2530740.026, 1175056.904], [2530742.526, 1175055.044], [2530744.886, 1175053.564], [2530748.4359999998, 1175059.034], [2530749.406, 1175060.014], [2530750.136, 1175060.864]]]}, "properties": {"OBJECTID": 52179553, "EGRID": "CH987483458360", "NUMERO": "352", "NO_COM_FED": 5757, "GENRE_TXT": "parcelle priv\u00e9e", "SUPERFICIE_MO": 255, "SUPERFICIE_RF": 255}}, {"type": "Feature", "id": 52179817, "geometry": {"type": "Polygon", "coordinates": [[[2530960.316, 1175894.027], [2530987.986, 1175886.316], [2530998.367, 1175922.376], [2531005.887, 1175948.836], [2530969.087, 1175959.377], [2530961.687, 1175940.217], [2530960.187, 1175940.967], [2530957.487, 1175933.527], [2530953.467, 1175921.547], [2530948.307, 1175907.347], [2530949.377, 1175907.117], [2530946.116, 1175898.057], [2530960.316, 1175894.027]]]}, "properties": {"OBJECTID": 52179817, "EGRID": "CH658283834516", "NUMERO": "148", "NO_COM_FED": 5757, "GENRE_TXT": "parcelle priv\u00e9e", "SUPERFICIE_MO": 2722, "SUPERFICIE_RF": 2722}}, {"type": "Feature", "id": 52180150, "geometry": {"type": "Polygon", "coordinates": [[[2530656.727, 1175175.467], [2530656.357, 1175172.677], [2530655.017, 1175172.837], [2530654.497, 1175168.997], [2530655.797, 1175168.827], [2530655.337, 1175165.6570000001], [2530683.187, 1175162.496], [2530684.867, 1175174.586], [2530685.107, 1175174.576], [2530685.147, 1175174.996], [2530656.727, 1175175.467]]]}, "properties": {"OBJECTID": 52180150, "EGRID": "CH314573838338", "NUMERO": "436", "NO_COM_FED": 5757, "GENRE_TXT": "parcelle priv\u00e9e", "SUPERFICIE_MO": 321, "SUPERFICIE_RF": 321}}, {"type": "Feature", "id": 52180323, "geometry": {"type": "Polygon", "coordinates": [[[2530552.015, 1174952.13], [2530542.844, 1174941.991], [2530538.684, 1174937.391], [2530549.774, 1174932.58], [2530554.604, 1174927.83], [2530558.024, 1174922.25], [2530560.954, 1174914.72], [2530562.0439999998, 1174908.69], [2530548.784, 1174903.06], [2530543.704, 1174901.44], [2530545.374, 1174896.21], [2530547.834, 1174896.34], [2530563.754, 1174903.56], [2530568.214, 1174912.55], [2530569.134, 1174917.45], [2530569.094, 1174925.38], [2530569.034, 1174927.54], [2530569.184, 1174930.7], [2530568.334, 1174940.49], [2530552.015, 1174952.13]]]}, "properties": {"OBJECTID": 52180323, "EGRID": "CH657183834522", "NUMERO": "2609", "NO_COM_FED": 5757, "GENRE_TXT": "parcelle priv\u00e9e", "SUPERFICIE_MO": 746, "SUPERFICIE_RF": 746}}, {"type": "Feature", "id": 52180345, "geometry": {"type": "Polygon", "coordinates": [[[2530262.084, 1174425.993], [2530295.631, 1174415.996], [2530308.036, 1174457.624], [2530304.599, 1174486.986], [2530293.962, 1174484.21], [2530275.407, 1174479.389], [2530276.598, 1174474.802], [2530263.578, 1174430.974], [2530263.388, 1174430.337], [2530259.745, 1174431.418], [2530258.452, 1174427.107], [2530262.084, 1174425.993]]]}, "properties": {"OBJECTID": 52180345, "EGRID": "CH556783904546", "NUMERO": "2704", "NO_COM_FED": 5757, "GENRE_TXT": "parcelle priv\u00e9e", "SUPERFICIE_MO": 2172, "SUPERFICIE_RF": 2172}}, {"type": "Feature", "id": 52180486, "geometry": {"type": "Polygon", "coordinates": [[[2530454.655, 1175863.323], [2530456.105, 1175863.262], [2530470.465, 1175863.982], [2530469.076, 1175898.652], [2530444.935, 1175900.383], [2530442.895, 1175900.683], [2530443.625, 1175891.713], [2530449.145, 1175868.523], [2530449.665, 1175866.993], [2530450.485, 1175865.683], [2530451.595, 1175864.5929999999], [2530453.005, 1175863.753], [2530454.655, 1175863.323]]]}, "properties": {"OBJECTID": 52180486, "EGRID": "CH485683458238", "NUMERO": "879", "NO_COM_FED": 5757, "GENRE_TXT": "parcelle priv\u00e9e", "SUPERFICIE_MO": 845, "SUPERFICIE_RF": 845}}, {"type": "Feature", "id": 52180656, "geometry": {"type": "Polygon", "coordinates": [[[2530834.657, 1176010.352], [2530860.81, 1176004.991], [2530910.137, 1175994.879], [2530915.967, 1176005.659], [2530921.338, 1176017.609], [2530925.198, 1176032.919], [2530904.668, 1176037.19], [2530879.03, 1176042.529], [2530873.417, 1176013.93], [2530873.807, 1176013.82], [2530873.218, 1176010.817], [2530835.734, 1176018.102], [2530834.657, 1176010.352]]]}, "properties": {"OBJECTID": 52180656, "EGRID": "CH898309704511", "NUMERO": "2825", "NO_COM_FED": 5757, "GENRE_TXT": "parcelle priv\u00e9e", "SUPERFICIE_MO": 2100, "SUPERFICIE_RF": 2100}}, {"type": "Feature", "id": 52180947, "geometry": {"type": "Polygon", "coordinates": [[[2530748.874, 1174904.514], [2530761.244, 1174901.554], [2530761.124, 1174901.034], [2530760.894, 1174900.874], [2530761.244, 1174898.024], [2530768.964, 1174894.054], [2530772.214, 1174892.513], [2530775.0640000002, 1174897.053], [2530774.714, 1174897.293], [2530771.264, 1174899.574], [2530767.494, 1174901.854], [2530764.494, 1174903.404], [2530764.885, 1174906.164], [2530762.025, 1174907.424], [2530751.365, 1174913.264], [2530748.874, 1174904.514]]]}, "properties": {"OBJECTID": 52180947, "EGRID": "CH552483824567", "NUMERO": "570", "NO_COM_FED": 5757, "GENRE_TXT": "parcelle priv\u00e9e", "SUPERFICIE_MO": 184, "SUPERFICIE_RF": 184}}, {"type": "Feature", "id": 52181310, "geometry": {"type": "Polygon", "coordinates": [[[2530400.733, 1174490.026], [2530399.389, 1174482.567], [2530396.832, 1174467.126], [2530395.722, 1174460.635], [2530429.462, 1174455.502], [2530430.318, 1174459.035], [2530433.528, 1174485.95], [2530400.733, 1174490.026]]]}, "properties": {"OBJECTID": 52181310, "EGRID": "CH898390564503", "NUMERO": "1152", "NO_COM_FED": 5757, "GENRE_TXT": "parcelle priv\u00e9e", "SUPERFICIE_MO": 1023, "SUPERFICIE_RF": 1023}}, {"type": "Feature", "id": 52181648, "geometry": {"type": "Polygon", "coordinates": [[[2530078.553, 1175714.7179999999], [2530083.693, 1175716.7280000001], [2530103.36, 1175721.926], [2530094.078, 1175750.7280000001], [2530066.753, 1175740.538], [2530066.583, 1175740.4780000001], [2530078.553, 1175714.7179999999]]]}, "properties": {"OBJECTID": 52181648, "EGRID": "CH268383451987", "NUMERO": "829", "NO_COM_FED": 5757, "GENRE_TXT": "parcelle priv\u00e9e", "SUPERFICIE_MO": 800, "SUPERFICIE_RF": 800}}, {"type": "Feature", "id": 52181772, "geometry": {"type": "Polygon", "coordinates": [[[2530600.762, 1175597.908], [2530603.532, 1175588.988], [2530604.582, 1175581.088], [2530603.792, 1175572.568], [2530604.672, 1175567.748], [2530610.862, 1175567.038], [2530644.592, 1175563.187], [2530659.092, 1175560.286], [2530662.812, 1175559.546], [2530665.742, 1175559.126], [2530673.152, 1175558.346], [2530683.602, 1175557.626], [2530682.392, 1175583.746], [2530646.852, 1175590.207], [2530605.482, 1175597.118], [2530600.762, 1175597.908]]]}, "properties": {"OBJECTID": 52181772, "EGRID": "CH828314834509", "NUMERO": "807", "NO_COM_FED": 5757, "GENRE_TXT": "parcelle priv\u00e9e", "SUPERFICIE_MO": 2216, "SUPERFICIE_RF": 2216}}, {"type": "Feature", "id": 52181950, "geometry": {"type": "Polygon", "coordinates": [[[2531362.716, 1174699.905], [2531355.245, 1174667.815], [2531375.715, 1174662.855], [2531383.416, 1174694.934], [2531362.716, 1174699.905]]]}, "properties": {"OBJECTID": 52181950, "EGRID": "CH187183458325", "NUMERO": "229", "NO_COM_FED": 5757, "GENRE_TXT": "parcelle priv\u00e9e", "SUPERFICIE_MO": 698, "SUPERFICIE_RF": 695}}, {"type": "Feature", "id": 52181984, "geometry": {"type": "Polygon", "coordinates": [[[2530686.069, 1175284.486], [2530664.859, 1175286.236], [2530663.789, 1175279.016], [2530685.779, 1175277.866], [2530686.069, 1175284.486]]]}, "properties": {"OBJECTID": 52181984, "EGRID": "CH398383734588", "NUMERO": "421", "NO_COM_FED": 5757, "GENRE_TXT": "parcelle priv\u00e9e", "SUPERFICIE_MO": 150, "SUPERFICIE_RF": 150}}, {"type": "Feature", "id": 52181985, "geometry": {"type": "Polygon", "coordinates": [[[2530240.215, 1175906.819], [2530270.135, 1175908.998], [2530268.935, 1175925.448], [2530239.015, 1175923.269], [2530240.215, 1175906.819]]]}, "properties": {"OBJECTID": 52181985, "EGRID": "CH938383458625", "NUMERO": "2551", "NO_COM_FED": 5757, "GENRE_TXT": "parcelle priv\u00e9e", "SUPERFICIE_MO": 495, "SUPERFICIE_RF": 495}}, {"type": "Feature", "id": 52182347, "geometry": {"type": "Polygon", "coordinates": [[[2531000.338, 1175139.926], [2530994.818, 1175143.086], [2530988.828, 1175146.196], [2530975.908, 1175152.807], [2530966.978, 1175140.057], [2530967.898, 1175139.377], [2530975.438, 1175133.967], [2530976.378, 1175135.297], [2530990.068, 1175125.626], [2531000.338, 1175139.926]]]}, "properties": {"OBJECTID": 52182347, "EGRID": "CH850383834544", "NUMERO": "675", "NO_COM_FED": 5757, "GENRE_TXT": "parcelle priv\u00e9e", "SUPERFICIE_MO": 451, "SUPERFICIE_RF": 451}}, {"type": "Feature", "id": 52182663, "geometry": {"type": "Polygon", "coordinates": [[[2530703.013, 1174609.517], [2530715.127, 1174582.708], [2530731.326, 1174587.828], [2530732.741, 1174604.18], [2530732.786, 1174607.697], [2530732.476, 1174610.429], [2530730.772, 1174617.845], [2530703.013, 1174609.517]]]}, "properties": {"OBJECTID": 52182663, "EGRID": "CH729068834547", "NUMERO": "1053", "NO_COM_FED": 5757, "GENRE_TXT": "parcelle priv\u00e9e", "SUPERFICIE_MO": 698, "SUPERFICIE_RF": 698}}, {"type": "Feature", "id": 52182837, "geometry": {"type": "Polygon", "coordinates": [[[2530725.7060000002, 1175016.635], [2530724.276, 1175015.515], [2530720.106, 1175008.535], [2530723.646, 1175006.145], [2530726.926, 1175010.795], [2530727.986, 1175011.505], [2530725.7060000002, 1175016.635]]]}, "properties": {"OBJECTID": 52182837, "EGRID": "CH414574838392", "NUMERO": "504", "NO_COM_FED": 5757, "GENRE_TXT": "parcelle priv\u00e9e", "SUPERFICIE_MO": 40, "SUPERFICIE_RF": 40}}, {"type": "Feature", "id": 52182993, "geometry": {"type": "Polygon", "coordinates": [[[2530290.676, 1174399.303], [2530257.122, 1174409.311], [2530240.4189999998, 1174353.152], [2530273.962, 1174343.167], [2530290.676, 1174399.303]]]}, "properties": {"OBJECTID": 52182993, "EGRID": "CH656783904512", "NUMERO": "2710", "NO_COM_FED": 5757, "GENRE_TXT": "parcelle priv\u00e9e", "SUPERFICIE_MO": 2051, "SUPERFICIE_RF": 2051}}, {"type": "Feature", "id": 52183619, "geometry": {"type": "Polygon", "coordinates": [[[2530808.388, 1174259.923], [2530826.675, 1174262.269], [2530825.395, 1174270.6030000001], [2530807.19, 1174268.408], [2530804.678, 1174286.804], [2530757.209, 1174279.514], [2530753.252, 1174252.849], [2530786.518, 1174257.125], [2530793.747, 1174258.049], [2530808.388, 1174259.923]]]}, "properties": {"OBJECTID": 52183619, "EGRID": "CH374590568362", "NUMERO": "1182", "NO_COM_FED": 5757, "GENRE_TXT": "parcelle priv\u00e9e", "SUPERFICIE_MO": 1528, "SUPERFICIE_RF": 1528}}, {"type": "Feature", "id": 52183863, "geometry": {"type": "Polygon", "coordinates": [[[2530854.194, 1175971.594], [2530861.137, 1175975.69], [2530894.437, 1175982.99], [2530902.927, 1175986.179], [2530908.997, 1175992.959], [2530910.137, 1175994.879], [2530860.81, 1176004.991], [2530854.194, 1175971.594]]]}, "properties": {"OBJECTID": 52183863, "EGRID": "CH388883459469", "NUMERO": "2771", "NO_COM_FED": 5757, "GENRE_TXT": "parcelle priv\u00e9e", "SUPERFICIE_MO": 991, "SUPERFICIE_RF": 991}}, {"type": "Feature", "id": 52184214, "geometry": {"type": "Polygon", "coordinates": [[[2531214.305, 1174723.466], [2531210.945, 1174723.976], [2531180.225, 1174727.636], [2531176.114, 1174687.687], [2531202.444, 1174685.096], [2531212.015, 1174713.026], [2531214.305, 1174723.466]]]}, "properties": {"OBJECTID": 52184214, "EGRID": "CH468383451226", "NUMERO": "258", "NO_COM_FED": 5757, "GENRE_TXT": "parcelle priv\u00e9e", "SUPERFICIE_MO": 1229, "SUPERFICIE_RF": 1232}}, {"type": "Feature", "id": 52184437, "geometry": {"type": "Polygon", "coordinates": [[[2530658.306, 1174500.7179999999], [2530660.401, 1174487.996], [2530689.054, 1174503.903], [2530720.141, 1174521.569], [2530721.817, 1174522.762], [2530719.895, 1174523.121], [2530672.951, 1174528.927], [2530658.293, 1174533.599], [2530655.526, 1174517.097], [2530658.306, 1174500.7179999999]]]}, "properties": {"OBJECTID": 52184437, "EGRID": "CH844583906814", "NUMERO": "1031", "NO_COM_FED": 5757, "GENRE_TXT": "parcelle priv\u00e9e", "SUPERFICIE_MO": 1464, "SUPERFICIE_RF": 1464}}, {"type": "Feature", "id": 52184461, "geometry": {"type": "Polygon", "coordinates": [[[2530864.986, 1175835.469], [2530866.175, 1175818.249], [2530869.496, 1175818.259], [2530907.606, 1175818.798], [2530913.566, 1175837.168], [2530864.986, 1175835.469]]]}, "properties": {"OBJECTID": 52184461, "EGRID": "CH728265834596", "NUMERO": "1466", "NO_COM_FED": 5757, "GENRE_TXT": "parcelle priv\u00e9e", "SUPERFICIE_MO": 799, "SUPERFICIE_RF": 799}}, {"type": "Feature", "id": 52184598, "geometry": {"type": "Polygon", "coordinates": [[[2530369.494, 1175804.755], [2530368.474, 1175807.755], [2530374.326, 1175821.553], [2530346.056, 1175819.114], [2530328.32, 1175816.3], [2530322.324, 1175815.92], [2530316.293, 1175812.866], [2530310.585, 1175808.625], [2530305.2060000002, 1175804.185], [2530295.267, 1175795.414], [2530289.501, 1175790.051], [2530299.964, 1175769.748], [2530306.904, 1175768.847], [2530346.424, 1175788.726], [2530364.014, 1175795.035], [2530369.214, 1175796.045], [2530369.494, 1175804.755]]]}, "properties": {"OBJECTID": 52184598, "EGRID": "CH144583992970", "NUMERO": "2669", "NO_COM_FED": 5757, "GENRE_TXT": "parcelle priv\u00e9e", "SUPERFICIE_MO": 2472, "SUPERFICIE_RF": 2472}}, {"type": "Feature", "id": 52184868, "geometry": {"type": "Polygon", "coordinates": [[[2530069.594, 1175817.659], [2530101.3140000002, 1175822.839], [2530116.729, 1175826.091], [2530139.019, 1175833.716], [2530176.373, 1175841.527], [2530187.325, 1175889.869], [2530067.915, 1175865.559], [2530058.404, 1175828.739], [2530069.594, 1175817.659]]]}, "properties": {"OBJECTID": 52184868, "EGRID": "CH398383714594", "NUMERO": "1637", "NO_COM_FED": 5757, "GENRE_TXT": "parcelle priv\u00e9e", "SUPERFICIE_MO": 5658, "SUPERFICIE_RF": 5658}}, {"type": "Feature", "id": 52184962, "geometry": {"type": "Polygon", "coordinates": [[[2530360.935, 1175714.304], [2530372.194, 1175719.713], [2530348.989, 1175765.865], [2530344.045, 1175775.698], [2530341.094, 1175781.566], [2530329.934, 1175775.957], [2530360.935, 1175714.304]]]}, "properties": {"OBJECTID": 52184962, "EGRID": "CH374599298362", "NUMERO": "2673", "NO_COM_FED": 5757, "GENRE_TXT": "parcelle priv\u00e9e", "SUPERFICIE_MO": 863, "SUPERFICIE_RF": 863}}, {"type": "Feature", "id": 52185203, "geometry": {"type": "Polygon", "coordinates": [[[2530400.733, 1174490.026], [2530395.945, 1174500.906], [2530398.776, 1174509.552], [2530416.059, 1174520.052], [2530412.657, 1174522.636], [2530396.611, 1174512.965], [2530387.2939999998, 1174509.351], [2530383.201, 1174507.841], [2530366.029, 1174504.516], [2530358.167, 1174509.054], [2530361.972, 1174493.569], [2530366.975, 1174500.606], [2530384.008, 1174503.889], [2530392.205, 1174499.387], [2530399.389, 1174482.567], [2530400.733, 1174490.026]]]}, "properties": {"OBJECTID": 52185203, "EGRID": "CH809045568337", "NUMERO": "1154", "NO_COM_FED": 5757, "GENRE_TXT": "parcelle priv\u00e9e", "SUPERFICIE_MO": 406, "SUPERFICIE_RF": 406}}, {"type": "Feature", "id": 52185269, "geometry": {"type": "Polygon", "coordinates": [[[2530672.775, 1174926.8969999999], [2530659.104, 1174903.917], [2530658.574, 1174903.927], [2530652.2939999998, 1174894.607], [2530652.554, 1174893.967], [2530646.154, 1174883.608], [2530649.2939999998, 1174884.637], [2530654.174, 1174886.227], [2530654.214, 1174886.027], [2530660.474, 1174886.4070000001], [2530670.354, 1174887.007], [2530671.344, 1174887.067], [2530671.154, 1174893.837], [2530670.824, 1174904.167], [2530672.775, 1174926.8969999999]]]}, "properties": {"OBJECTID": 52185269, "EGRID": "CH438383459886", "NUMERO": "532", "NO_COM_FED": 5757, "GENRE_TXT": "parcelle priv\u00e9e", "SUPERFICIE_MO": 457, "SUPERFICIE_RF": 457}}, {"type": "Feature", "id": 52185340, "geometry": {"type": "Polygon", "coordinates": [[[2530994.503, 1174695.208], [2530982.613, 1174732.878], [2530929.143, 1174731.679], [2530926.653, 1174731.639], [2530926.553, 1174734.329], [2530925.893, 1174749.449], [2530927.333, 1174749.599], [2530948.683, 1174749.908], [2530976.883, 1174750.488], [2530972.173, 1174767.107], [2530967.424, 1174783.297], [2530964.782, 1174791.747], [2530963.437, 1174794.723], [2530961.191, 1174800.091], [2530960.146, 1174802.24], [2530958.191, 1174805.846], [2530957.478, 1174806.962], [2530956.094, 1174808.621], [2530949.354, 1174805.158], [2530931.194, 1174798.178], [2530906.113, 1174788.329], [2530888.273, 1174778.4], [2530879.903, 1174772.95], [2530872.013, 1174767.27], [2530856.873, 1174754.031], [2530846.293, 1174743.351], [2530845.7854577834, 1174742.764404482], [2530845.362938196, 1174742.1138888388], [2530845.0333865676, 1174741.4116857857], [2530844.803, 1174740.671], [2530844.763, 1174740.369], [2530844.728587374, 1174739.479862065], [2530844.8157976326, 1174738.5943425188], [2530845.023, 1174737.729], [2530845.143, 1174737.381], [2530845.378623036, 1174736.733371502], [2530845.7076334935, 1174736.127819683], [2530846.122763383, 1174735.5777214547], [2530846.6148423003, 1174735.0952287333], [2530847.173, 1174734.691], [2530988.373, 1174688.909], [2530992.573, 1174690.418], [2530994.503, 1174695.208]]]}, "properties": {"OBJECTID": 52185340, "EGRID": "CH408345728323", "NUMERO": "247", "NO_COM_FED": 5757, "GENRE_TXT": "parcelle priv\u00e9e", "SUPERFICIE_MO": 8579, "SUPERFICIE_RF": 8584}}, {"type": "Feature", "id": 52185576, "geometry": {"type": "Polygon", "coordinates": [[[2530726.496, 1175857.484], [2530698.345, 1175847.795], [2530693.295, 1175846.055], [2530672.195, 1175838.806], [2530674.875, 1175833.615], [2530680.635, 1175825.405], [2530683.415, 1175822.155], [2530690.985, 1175813.765], [2530693.915, 1175810.555], [2530737.825, 1175834.0929999999], [2530726.496, 1175857.484]]]}, "properties": {"OBJECTID": 52185576, "EGRID": "CH628319834532", "NUMERO": "734", "NO_COM_FED": 5757, "GENRE_TXT": "parcelle priv\u00e9e", "SUPERFICIE_MO": 1648, "SUPERFICIE_RF": 1648}}, {"type": "Feature", "id": 52185675, "geometry": {"type": "Polygon", "coordinates": [[[2531421.632, 1175398.252], [2531423.742, 1175401.172], [2531425.492, 1175403.592], [2531428.842, 1175408.242], [2531435.402, 1175417.332], [2531444.672, 1175430.161], [2531467.763, 1175459.24], [2531427.373, 1175487.832], [2531447.513, 1175525.281], [2531390.334, 1175549.143], [2531364.303, 1175474.934], [2531299.313, 1175484.296], [2531285.523, 1175486.276], [2531277.882, 1175457.317], [2531275.852, 1175449.6469999999], [2531275.042, 1175446.607], [2531276.1407197635, 1175447.1648797267], [2531277.302, 1175447.577], [2531278.5003471123, 1175447.8350514998], [2531279.722, 1175447.936], [2531367.462, 1175436.804], [2531421.632, 1175398.252]]]}, "properties": {"OBJECTID": 52185675, "EGRID": "CH314570838365", "NUMERO": "704", "NO_COM_FED": 5757, "GENRE_TXT": "parcelle priv\u00e9e", "SUPERFICIE_MO": 12384, "SUPERFICIE_RF": 12384}}, {"type": "Feature", "id": 52186179, "geometry": {"type": "Polygon", "coordinates": [[[2530502.434, 1175794.611], [2530538.404, 1175789.74], [2530543.255, 1175814.17], [2530544.225, 1175819.07], [2530529.835, 1175830.82], [2530520.875, 1175832.72], [2530510.574, 1175795.241], [2530502.654, 1175795.631], [2530502.434, 1175794.611]]]}, "properties": {"OBJECTID": 52186179, "EGRID": "CH998383144561", "NUMERO": "2604", "NO_COM_FED": 5757, "GENRE_TXT": "parcelle priv\u00e9e", "SUPERFICIE_MO": 1006, "SUPERFICIE_RF": 1006}}, {"type": "Feature", "id": 52186788, "geometry": {"type": "Polygon", "coordinates": [[[2530470.527, 1176006.202], [2530468.587, 1175988.122], [2530518.747, 1175984.5], [2530520.397, 1176000.61], [2530470.527, 1176006.202]]]}, "properties": {"OBJECTID": 52186788, "EGRID": "CH454383824573", "NUMERO": "1478", "NO_COM_FED": 5757, "GENRE_TXT": "parcelle priv\u00e9e", "SUPERFICIE_MO": 863, "SUPERFICIE_RF": 863}}, {"type": "Feature", "id": 52187180, "geometry": {"type": "Polygon", "coordinates": [[[2530427.018, 1175288.104], [2530386.948, 1175295.404], [2530345.748, 1175302.754], [2530283.118, 1175314.074], [2530332.1, 1175448.265], [2530378.3, 1175444.785], [2530382.28, 1175461.685], [2530383.77, 1175469.025], [2530392.951, 1175514.315], [2530397.3310000002, 1175529.555], [2530393.571, 1175573.055], [2530339.221, 1175569.376], [2530282.231, 1175518.956], [2530270.361, 1175509.036], [2530251.43, 1175491.706], [2530248.74, 1175489.156], [2530245.18, 1175485.986], [2530242.3, 1175473.356], [2530221.57, 1175457.686], [2530176.748, 1175260.844], [2530177.223, 1175062.5320000001], [2530178.988, 1174969.2280000001], [2530184.1, 1174965.135], [2530241.997, 1174974.064], [2530249.467, 1174975.04], [2530262.861, 1174977.864], [2530282.903, 1174988.181], [2530299.001, 1174992.958], [2530317.325, 1174997.99], [2530338.273, 1175010.686], [2530359.414, 1175020.304], [2530376.47, 1175032.878], [2530376.161, 1175034.841], [2530371.269, 1175067.056], [2530369.799, 1175083.307], [2530365.797, 1175170.231], [2530374.012, 1175194.014], [2530383.0810000002, 1175208.755], [2530414.228, 1175264.794], [2530427.018, 1175288.104]]]}, "properties": {"OBJECTID": 52187180, "EGRID": "CH674590678324", "NUMERO": "2312", "NO_COM_FED": 5757, "GENRE_TXT": "parcelle priv\u00e9e", "SUPERFICIE_MO": 93301, "SUPERFICIE_RF": 93301}}, {"type": "Feature", "id": 52188005, "geometry": {"type": "Polygon", "coordinates": [[[2530399.928, 1176090.984], [2530435.457, 1176077.993], [2530468.167, 1176065.892], [2530470.127, 1176067.572], [2530472.018, 1176083.982], [2530473.408, 1176093.262], [2530475.478, 1176102.572], [2530478.118, 1176111.702], [2530484.368, 1176129.322], [2530486.428, 1176133.062], [2530492.508, 1176132.422], [2530492.778, 1176136.412], [2530496.769, 1176201.263], [2530476.399, 1176205.003], [2530477.479, 1176224.963], [2530478.959, 1176252.464], [2530480.67, 1176284.004], [2530481.31, 1176295.844], [2530497.7, 1176294.983], [2530501.02, 1176355.964], [2530501.066, 1176356.8], [2530487.643, 1176357.65], [2530478.523, 1176357.865], [2530469.389, 1176357.623], [2530449.722, 1176356.584], [2530384.652, 1176353.346], [2530382.215845159, 1176353.211410294], [2530379.827377748, 1176352.7132253642], [2530377.540552485, 1176351.8626990495], [2530375.4070280227, 1176350.679044468], [2530373.475, 1176349.189], [2530371.5802683695, 1176347.1673499115], [2530370.056955555, 1176344.852917994], [2530368.9494435727, 1176342.3131356724], [2530368.29, 1176339.622], [2530364.826, 1176316.346], [2530363.945, 1176316.495], [2530360.244, 1176290.627], [2530357.264, 1176269.804], [2530355.654, 1176258.548], [2530348.887, 1176211.251], [2530347.281, 1176208.039], [2530344.747, 1176205.493], [2530324.155, 1176195.129], [2530318.029, 1176189.905], [2530315.005, 1176182.445], [2530313.847, 1176174.537], [2530314.84, 1176165.888], [2530320.261, 1176152.078], [2530322.96, 1176142.6570000001], [2530323.948, 1176132.9070000001], [2530322.118, 1176120.367], [2530337.688, 1176114.346], [2530368.468, 1176102.635], [2530399.928, 1176090.984]]]}, "properties": {"OBJECTID": 52188005, "EGRID": "CH954383824597", "NUMERO": "898", "NO_COM_FED": 5757, "GENRE_TXT": "parcelle priv\u00e9e", "SUPERFICIE_MO": 38142, "SUPERFICIE_RF": 38142}}, {"type": "Feature", "id": 52188241, "geometry": {"type": "Polygon", "coordinates": [[[2530298.9, 1174689.617], [2530302.55, 1174690.691], [2530315.599, 1174699.605], [2530325.164, 1174708.1], [2530321.633, 1174724.06], [2530292.862, 1174717.97], [2530298.9, 1174689.617]]]}, "properties": {"OBJECTID": 52188241, "EGRID": "CH114569839038", "NUMERO": "2703", "NO_COM_FED": 5757, "GENRE_TXT": "parcelle priv\u00e9e", "SUPERFICIE_MO": 701, "SUPERFICIE_RF": 701}}, {"type": "Feature", "id": 52188294, "geometry": {"type": "Polygon", "coordinates": [[[2531184.296, 1174933.762], [2531180.666, 1174939.712], [2531174.826, 1174950.422], [2531161.696, 1174941.492], [2531143.156, 1174928.892], [2531150.526, 1174917.733], [2531153.496, 1174919.832], [2531156.976, 1174914.793], [2531184.296, 1174933.762]]]}, "properties": {"OBJECTID": 52188294, "EGRID": "CH208245468302", "NUMERO": "1004", "NO_COM_FED": 5757, "GENRE_TXT": "parcelle priv\u00e9e", "SUPERFICIE_MO": 701, "SUPERFICIE_RF": 701}}, {"type": "Feature", "id": 52188437, "geometry": {"type": "Polygon", "coordinates": [[[2530674.523, 1174775.027], [2530697.593, 1174768.656], [2530703.703, 1174766.966], [2530698.523, 1174777.606], [2530692.413, 1174787.376], [2530691.103, 1174789.466], [2530685.173, 1174798.946], [2530682.563, 1174799.306], [2530682.503, 1174799.296], [2530677.923, 1174798.167], [2530676.913, 1174797.917], [2530675.693, 1174796.187], [2530679.813, 1174789.607], [2530672.803, 1174786.057], [2530668.683, 1174782.847], [2530674.523, 1174775.027]]]}, "properties": {"OBJECTID": 52188437, "EGRID": "CH880283458301", "NUMERO": "560", "NO_COM_FED": 5757, "GENRE_TXT": "parcelle priv\u00e9e", "SUPERFICIE_MO": 535, "SUPERFICIE_RF": 535}}, {"type": "Feature", "id": 52188466, "geometry": {"type": "Polygon", "coordinates": [[[2530697.59, 1175395.675], [2530679.61, 1175396.516], [2530677.43, 1175386.646], [2530677.31, 1175385.946], [2530658.32, 1175392.057], [2530656.73, 1175389.1469999999], [2530656.21, 1175388.317], [2530652.74, 1175379.747], [2530652.65, 1175379.577], [2530662.25, 1175376.946], [2530671.39, 1175374.446], [2530673.77, 1175373.796], [2530675, 1175373.456], [2530676.01, 1175378.556], [2530679.73, 1175378.316], [2530696.22, 1175377.235], [2530696.59, 1175382.125], [2530696.93, 1175386.425], [2530697.59, 1175395.675]]]}, "properties": {"OBJECTID": 52188466, "EGRID": "CH668383457292", "NUMERO": "634", "NO_COM_FED": 5757, "GENRE_TXT": "parcelle priv\u00e9e", "SUPERFICIE_MO": 637, "SUPERFICIE_RF": 637}}, {"type": "Feature", "id": 52188623, "geometry": {"type": "Polygon", "coordinates": [[[2531050.559, 1174471.87], [2531065.498, 1174387.414], [2531067.286, 1174377.697], [2531077.484, 1174332.614], [2531086.114, 1174297.673], [2531089.338, 1174284.699], [2531098.522, 1174286.182], [2531095.202, 1174298.812], [2531076.591, 1174379.822], [2531059.082, 1174473.372], [2531057.282, 1174477.502], [2531055.562, 1174487.622], [2531055.532, 1174490.622], [2531047.622, 1174537.721], [2531037.842, 1174580.41], [2531023.353, 1174634.779], [2531018.883, 1174648.527], [2531010.617, 1174645.872], [2531014.943, 1174632.409], [2531023.642, 1174598.47], [2531028.892, 1174578.57], [2531038.392, 1174535.761], [2531047.962, 1174489.322], [2531049.032, 1174486.372], [2531050.922, 1174476.352], [2531050.559, 1174471.87]]]}, "properties": {"OBJECTID": 52188623, "EGRID": "CH760083456278", "NUMERO": "DP 1110", "NO_COM_FED": 5757, "GENRE_TXT": "DP cantonal", "SUPERFICIE_MO": 3342, "SUPERFICIE_RF": null}}, {"type": "Feature", "id": 52188689, "geometry": {"type": "Polygon", "coordinates": [[[2530821.99, 1175318.511], [2530815.889, 1175300.422], [2530822.059, 1175298.781], [2530832.269, 1175295.751], [2530836.6890000002, 1175294.261], [2530838.809, 1175304.381], [2530830.219, 1175309.581], [2530825.859, 1175315.341], [2530824.05, 1175318.771], [2530821.99, 1175318.511]]]}, "properties": {"OBJECTID": 52188689, "EGRID": "CH944583830366", "NUMERO": "1495", "NO_COM_FED": 5757, "GENRE_TXT": "parcelle priv\u00e9e", "SUPERFICIE_MO": 295, "SUPERFICIE_RF": 295}}, {"type": "Feature", "id": 52188935, "geometry": {"type": "Polygon", "coordinates": [[[2530637.698, 1175221.877], [2530632.528, 1175222.7179999999], [2530632.008, 1175222.808], [2530628.478, 1175223.388], [2530628.368, 1175222.568], [2530620.498, 1175223.7179999999], [2530618.488, 1175207.538], [2530629.908, 1175205.898], [2530645.458, 1175203.6570000001], [2530646.068, 1175212.527], [2530637.008, 1175213.617], [2530637.038, 1175213.937], [2530637.698, 1175221.877]]]}, "properties": {"OBJECTID": 52188935, "EGRID": "CH228371834588", "NUMERO": "395", "NO_COM_FED": 5757, "GENRE_TXT": "parcelle priv\u00e9e", "SUPERFICIE_MO": 375, "SUPERFICIE_RF": 375}}, {"type": "Feature", "id": 52189485, "geometry": {"type": "Polygon", "coordinates": [[[2530855.131, 1174329.502], [2530853.771, 1174316.946], [2530856.777, 1174317.273], [2530887.788, 1174320.649], [2530890.9390000002, 1174320.992], [2530887.81, 1174355.67], [2530855.953, 1174350.45], [2530855.131, 1174329.502]]]}, "properties": {"OBJECTID": 52189485, "EGRID": "CH338390456887", "NUMERO": "1184", "NO_COM_FED": 5757, "GENRE_TXT": "parcelle priv\u00e9e", "SUPERFICIE_MO": 1170, "SUPERFICIE_RF": 1170}}, {"type": "Feature", "id": 52189700, "geometry": {"type": "Polygon", "coordinates": [[[2530606.6859999998, 1175059.799], [2530605.396, 1175059.359], [2530596.726, 1175056.439], [2530584.156, 1175051.979], [2530586.196, 1175047.049], [2530587.966, 1175043.169], [2530588.476, 1175043.359], [2530593.906, 1175045.339], [2530596.996, 1175046.469], [2530599.826, 1175047.499], [2530599.886, 1175047.309], [2530608.576, 1175050.149], [2530609.786, 1175050.589], [2530606.6859999998, 1175059.799]]]}, "properties": {"OBJECTID": 52189700, "EGRID": "CH844583837429", "NUMERO": "662", "NO_COM_FED": 5757, "GENRE_TXT": "parcelle priv\u00e9e", "SUPERFICIE_MO": 226, "SUPERFICIE_RF": 226}}, {"type": "Feature", "id": 52189910, "geometry": {"type": "Polygon", "coordinates": [[[2530250.208, 1174765.479], [2530250.195, 1174763.652], [2530250.134, 1174754.771], [2530259.422, 1174761.273], [2530258.977, 1174743.194], [2530288.034, 1174740.512], [2530284.992, 1174754.682], [2530275.867, 1174777.67], [2530267.416, 1174777.989], [2530266.412, 1174778.027], [2530266.088, 1174777.292], [2530264.724, 1174776.025], [2530262.655, 1174775.447], [2530261.414, 1174774.296], [2530253.726, 1174767.265], [2530252.659, 1174766.344], [2530250.208, 1174765.479]]]}, "properties": {"OBJECTID": 52189910, "EGRID": "CH544583918202", "NUMERO": "2737", "NO_COM_FED": 5757, "GENRE_TXT": "parcelle priv\u00e9e", "SUPERFICIE_MO": 914, "SUPERFICIE_RF": 914}}, {"type": "Feature", "id": 52190193, "geometry": {"type": "Polygon", "coordinates": [[[2530706.616, 1175066.115], [2530721.646, 1175059.825], [2530723.726, 1175066.475], [2530710.826, 1175072.245], [2530706.616, 1175066.115]]]}, "properties": {"OBJECTID": 52190193, "EGRID": "CH544583822982", "NUMERO": "485", "NO_COM_FED": 5757, "GENRE_TXT": "parcelle priv\u00e9e", "SUPERFICIE_MO": 108, "SUPERFICIE_RF": 108}}, {"type": "Feature", "id": 52190224, "geometry": {"type": "Polygon", "coordinates": [[[2530221.681, 1175519.996], [2530163.78, 1175485.916], [2530174.16, 1175470.186], [2530189.58, 1175447.056], [2530194.44, 1175439.766], [2530216.73, 1175454.516], [2530221.57, 1175457.686], [2530242.3, 1175473.356], [2530245.18, 1175485.986], [2530248.74, 1175489.156], [2530244.82, 1175493.606], [2530233.451, 1175506.496], [2530221.681, 1175519.996]]]}, "properties": {"OBJECTID": 52190224, "EGRID": "CH768383451023", "NUMERO": "2310", "NO_COM_FED": 5757, "GENRE_TXT": "parcelle priv\u00e9e", "SUPERFICIE_MO": 3643, "SUPERFICIE_RF": 3643}}, {"type": "Feature", "id": 52190963, "geometry": {"type": "Polygon", "coordinates": [[[2531228.214, 1174652.457], [2531234.5439999998, 1174651.1469999999], [2531241.124, 1174649.707], [2531258.574, 1174645.917], [2531266.334, 1174644.1570000001], [2531270.575, 1174661.016], [2531232.524, 1174669.146], [2531228.214, 1174652.457]]]}, "properties": {"OBJECTID": 52190963, "EGRID": "CH180783458307", "NUMERO": "269", "NO_COM_FED": 5757, "GENRE_TXT": "parcelle priv\u00e9e", "SUPERFICIE_MO": 672, "SUPERFICIE_RF": 674}}, {"type": "Feature", "id": 52191105, "geometry": {"type": "Polygon", "coordinates": [[[2530418.072, 1174996.753], [2530426.32, 1174983.9], [2530429.908, 1174975.067], [2530434.711, 1174955.154], [2530434.852, 1174950.347], [2530435.26, 1174931.477], [2530435.558, 1174926.416], [2530437.382, 1174906.789], [2530441.085, 1174898.299], [2530442.7060000002, 1174896.533], [2530449.028, 1174889.233], [2530453.316, 1174885.002], [2530456.645, 1174882.3530000001], [2530460.015, 1174880.31], [2530466.024, 1174877.83], [2530475.324, 1174883.26], [2530468.961, 1174883.465], [2530459.858, 1174886.588], [2530454.612, 1174892.127], [2530451.469, 1174899.335], [2530450.5439999998, 1174901.269], [2530449.319, 1174904.037], [2530449.048, 1174903.87], [2530445.803, 1174908.716], [2530443.786, 1174914.839], [2530442.629, 1174921.627], [2530440.417, 1174977.5219999999], [2530437.116, 1174988.898], [2530433.45, 1174994.928], [2530425.32, 1175002.628], [2530418.072, 1174996.753]]]}, "properties": {"OBJECTID": 52191105, "EGRID": "CH386983459004", "NUMERO": "DP 176", "NO_COM_FED": 5757, "GENRE_TXT": "DP communal", "SUPERFICIE_MO": 1118, "SUPERFICIE_RF": null}}, {"type": "Feature", "id": 52191127, "geometry": {"type": "Polygon", "coordinates": [[[2530689.574, 1174899.876], [2530681.284, 1174901.586], [2530680.374, 1174895.276], [2530688.364, 1174893.976], [2530689.574, 1174899.876]]]}, "properties": {"OBJECTID": 52191127, "EGRID": "CH214572838381", "NUMERO": "529", "NO_COM_FED": 5757, "GENRE_TXT": "parcelle priv\u00e9e", "SUPERFICIE_MO": 51, "SUPERFICIE_RF": 51}}, {"type": "Feature", "id": 52191139, "geometry": {"type": "Polygon", "coordinates": [[[2530847.824, 1175687.27], [2530876.894, 1175677.749], [2530884.674, 1175703.299], [2530883.214, 1175728.779], [2530850.504, 1175724.55], [2530847.824, 1175687.27]]]}, "properties": {"OBJECTID": 52191139, "EGRID": "CH574582588360", "NUMERO": "760", "NO_COM_FED": 5757, "GENRE_TXT": "parcelle priv\u00e9e", "SUPERFICIE_MO": 1494, "SUPERFICIE_RF": 1494}}, {"type": "Feature", "id": 52191277, "geometry": {"type": "Polygon", "coordinates": [[[2530926.413, 1175610.768], [2530938.343, 1175605.6570000001], [2530941.343, 1175612.677], [2530943.463, 1175617.607], [2530931.523, 1175622.717], [2530929.413, 1175617.788], [2530926.413, 1175610.768]]]}, "properties": {"OBJECTID": 52191277, "EGRID": "CH838382452037", "NUMERO": "2225", "NO_COM_FED": 5757, "GENRE_TXT": "parcelle priv\u00e9e", "SUPERFICIE_MO": 169, "SUPERFICIE_RF": 169}}, {"type": "Feature", "id": 52191520, "geometry": {"type": "Polygon", "coordinates": [[[2530685.779, 1175277.866], [2530663.789, 1175279.016], [2530662.6689999998, 1175271.697], [2530686.509, 1175271.026], [2530685.779, 1175277.866]]]}, "properties": {"OBJECTID": 52191520, "EGRID": "CH738383450478", "NUMERO": "422", "NO_COM_FED": 5757, "GENRE_TXT": "parcelle priv\u00e9e", "SUPERFICIE_MO": 162, "SUPERFICIE_RF": 162}}, {"type": "Feature", "id": 52191570, "geometry": {"type": "Polygon", "coordinates": [[[2530883.529, 1174488.612], [2530879.946, 1174507.024], [2530875.239, 1174531.707], [2530869.218, 1174534.069], [2530873.567, 1174513.424], [2530877.762, 1174491.561], [2530878.539, 1174487.506], [2530879.873, 1174464.921], [2530882.261, 1174425.65], [2530883.44, 1174404.648], [2530880.722, 1174389.348], [2530885.41, 1174382.731], [2530885.734, 1174379.076], [2530887.81, 1174355.67], [2530890.9390000002, 1174320.992], [2530891.353, 1174316.408], [2530896.475, 1174308.953], [2530895.598, 1174327.67], [2530894.776, 1174336.526], [2530892.309, 1174363.43], [2530890.649, 1174381.262], [2530888.453, 1174406.908], [2530883.715, 1174487.786], [2530883.529, 1174488.612]]]}, "properties": {"OBJECTID": 52191570, "EGRID": "CH344583906887", "NUMERO": "DP 174", "NO_COM_FED": 5757, "GENRE_TXT": "DP communal", "SUPERFICIE_MO": 1183, "SUPERFICIE_RF": null}}, {"type": "Feature", "id": 52192159, "geometry": {"type": "Polygon", "coordinates": [[[2530567.254, 1174355.803], [2530610.644, 1174364.016], [2530589.056, 1174397.909], [2530563.49, 1174381.334], [2530561.418, 1174372.754], [2530564.798, 1174366.568], [2530567.254, 1174355.803]]]}, "properties": {"OBJECTID": 52192159, "EGRID": "CH456883904553", "NUMERO": "1509", "NO_COM_FED": 5757, "GENRE_TXT": "parcelle priv\u00e9e", "SUPERFICIE_MO": 1214, "SUPERFICIE_RF": 1214}}, {"type": "Feature", "id": 52192179, "geometry": {"type": "Polygon", "coordinates": [[[2530784.471, 1174427.204], [2530807.798, 1174436.4780000001], [2530803.16, 1174448.438], [2530780.192, 1174440.969], [2530784.471, 1174427.204]]]}, "properties": {"OBJECTID": 52192179, "EGRID": "CH986883459021", "NUMERO": "1188", "NO_COM_FED": 5757, "GENRE_TXT": "parcelle priv\u00e9e", "SUPERFICIE_MO": 335, "SUPERFICIE_RF": 335}}, {"type": "Feature", "id": 52192303, "geometry": {"type": "Polygon", "coordinates": [[[2530759.7060000002, 1175871.333], [2530754.766, 1175871.323], [2530741.616, 1175866.883], [2530715.516, 1175857.934], [2530690.745, 1175849.495], [2530670.465, 1175842.586], [2530672.195, 1175838.806], [2530693.295, 1175846.055], [2530698.345, 1175847.795], [2530726.496, 1175857.484], [2530747.926, 1175864.953], [2530750.776, 1175863.693], [2530754.366, 1175855.933], [2530757.916, 1175857.223], [2530765.066, 1175859.773], [2530759.7060000002, 1175871.333]]]}, "properties": {"OBJECTID": 52192303, "EGRID": "CH638383451997", "NUMERO": "DP 30", "NO_COM_FED": 5757, "GENRE_TXT": "DP communal", "SUPERFICIE_MO": 492, "SUPERFICIE_RF": null}}, {"type": "Feature", "id": 52192329, "geometry": {"type": "Polygon", "coordinates": [[[2530843.548, 1176063.972], [2530852.318, 1176062.162], [2530860.628, 1176060.361], [2530871.268, 1176058.131], [2530872.188, 1176056.271], [2530873.188, 1176056.071], [2530875.908, 1176055.521], [2530885.428, 1176053.611], [2530887.618, 1176064.201], [2530845.558, 1176073.422], [2530843.548, 1176063.972]]]}, "properties": {"OBJECTID": 52192329, "EGRID": "CH968383457683", "NUMERO": "946", "NO_COM_FED": 5757, "GENRE_TXT": "parcelle priv\u00e9e", "SUPERFICIE_MO": 431, "SUPERFICIE_RF": 431}}, {"type": "Feature", "id": 52192378, "geometry": {"type": "Polygon", "coordinates": [[[2530819.533, 1174742.012], [2530832.423, 1174745.882], [2530833.663, 1174746.682], [2530843.993, 1174753.351], [2530849.103, 1174758.031], [2530856.393, 1174764.721], [2530865.783, 1174773.341], [2530866.466, 1174774.001], [2530842.122, 1174830.153], [2530846.187, 1174831.915], [2530840.161, 1174845.815], [2530839.573, 1174847.171], [2530834.324, 1174843.682], [2530819.034, 1174835.092], [2530809.184, 1174829.202], [2530804.724, 1174827.333], [2530802.384, 1174826.413], [2530790.954, 1174821.553], [2530762.293, 1174809.394], [2530751.818, 1174809.673], [2530751.763, 1174808.984], [2530751.628, 1174802.573], [2530755.398, 1174792.073], [2530748.613, 1174782.854], [2530759.853, 1174776.714], [2530761.353, 1174766.564], [2530764.073, 1174753.624], [2530767.953, 1174749.554], [2530774.973, 1174745.794], [2530795.573, 1174741.303], [2530801.143, 1174740.0929999999], [2530819.533, 1174742.012]]]}, "properties": {"OBJECTID": 52192378, "EGRID": "CH514500838345", "NUMERO": "585", "NO_COM_FED": 5757, "GENRE_TXT": "parcelle priv\u00e9e", "SUPERFICIE_MO": 7909, "SUPERFICIE_RF": 7909}}, {"type": "Feature", "id": 52193042, "geometry": {"type": "Polygon", "coordinates": [[[2530869.751, 1175435.27], [2530926.281, 1175418.2179999999], [2530934.781, 1175437.438], [2530876.011, 1175455.809], [2530869.751, 1175435.27]]]}, "properties": {"OBJECTID": 52193042, "EGRID": "CH838383458659", "NUMERO": "742", "NO_COM_FED": 5757, "GENRE_TXT": "parcelle priv\u00e9e", "SUPERFICIE_MO": 1277, "SUPERFICIE_RF": 1277}}, {"type": "Feature", "id": 52193524, "geometry": {"type": "Polygon", "coordinates": [[[2530726.933, 1174796.475], [2530736.993, 1174786.585], [2530737.203, 1174786.385], [2530742.993, 1174781.505], [2530745.533, 1174779.064], [2530745.633, 1174778.974], [2530749.053, 1174775.614], [2530757.003, 1174760.634], [2530758.993, 1174753.464], [2530765.433, 1174744.744], [2530774.973, 1174745.794], [2530767.953, 1174749.554], [2530764.073, 1174753.624], [2530761.353, 1174766.564], [2530759.853, 1174776.714], [2530748.613, 1174782.854], [2530740.133, 1174790.825], [2530739.643, 1174790.155], [2530739.473, 1174790.035], [2530729.133, 1174803.215], [2530729.753, 1174803.645], [2530724.953, 1174810.125], [2530720.563, 1174810.465], [2530721.773, 1174801.745], [2530726.933, 1174796.475]]]}, "properties": {"OBJECTID": 52193524, "EGRID": "CH508345008311", "NUMERO": "DP 141", "NO_COM_FED": 5757, "GENRE_TXT": "DP communal", "SUPERFICIE_MO": 487, "SUPERFICIE_RF": null}}, {"type": "Feature", "id": 52194164, "geometry": {"type": "Polygon", "coordinates": [[[2530727.574, 1175682.354], [2530726.033, 1175660.474], [2530723.933, 1175631.274], [2530724.103, 1175629.494], [2530724.953, 1175627.934], [2530749.533, 1175621.1030000001], [2530752.993, 1175633.773], [2530755.873, 1175632.673], [2530790.003, 1175619.572], [2530798.403, 1175632.802], [2530805.323, 1175644.112], [2530808.013, 1175650.611], [2530775.163, 1175664.042], [2530768.963, 1175666.513], [2530755.684, 1175672.613], [2530760.964, 1175681.503], [2530742.924, 1175690.113], [2530734.444, 1175694.264], [2530730.964, 1175695.914], [2530727.574, 1175682.354]]]}, "properties": {"OBJECTID": 52194164, "EGRID": "CH881483458365", "NUMERO": "759", "NO_COM_FED": 5757, "GENRE_TXT": "parcelle priv\u00e9e", "SUPERFICIE_MO": 3646, "SUPERFICIE_RF": 3646}}, {"type": "Feature", "id": 52194320, "geometry": {"type": "Polygon", "coordinates": [[[2530721.907, 1175105.795], [2530732.167, 1175113.405], [2530732.337, 1175113.154], [2530736.857, 1175116.334], [2530732.587, 1175119.664], [2530729.607, 1175119.265], [2530727.547, 1175118.475], [2530725.097, 1175116.905], [2530723.397, 1175118.415], [2530718.837, 1175111.785], [2530721.907, 1175105.795]]]}, "properties": {"OBJECTID": 52194320, "EGRID": "CH498382224522", "NUMERO": "344", "NO_COM_FED": 5757, "GENRE_TXT": "parcelle priv\u00e9e", "SUPERFICIE_MO": 122, "SUPERFICIE_RF": 122}}, {"type": "Feature", "id": 52194363, "geometry": {"type": "Polygon", "coordinates": [[[2530360.935, 1175714.304], [2530329.934, 1175775.957], [2530318.774, 1175770.347], [2530321.73, 1175764.469], [2530326.666, 1175754.651], [2530349.675, 1175708.894], [2530360.935, 1175714.304]]]}, "properties": {"OBJECTID": 52194363, "EGRID": "CH269983452933", "NUMERO": "2674", "NO_COM_FED": 5757, "GENRE_TXT": "parcelle priv\u00e9e", "SUPERFICIE_MO": 861, "SUPERFICIE_RF": 861}}, {"type": "Feature", "id": 52194373, "geometry": {"type": "Polygon", "coordinates": [[[2530739.875, 1174989.594], [2530727.395, 1174972.815], [2530731.315, 1174969.855], [2530742.905, 1174984.174], [2530740.135, 1174989.274], [2530739.875, 1174989.594]]]}, "properties": {"OBJECTID": 52194373, "EGRID": "CH428374834590", "NUMERO": "513", "NO_COM_FED": 5757, "GENRE_TXT": "parcelle priv\u00e9e", "SUPERFICIE_MO": 105, "SUPERFICIE_RF": 105}}, {"type": "Feature", "id": 52194453, "geometry": {"type": "Polygon", "coordinates": [[[2530212.43, 1175646.684], [2530224.575, 1175651.891], [2530202.437, 1175714.481], [2530197.716, 1175712.837], [2530198.437, 1175710.68], [2530192.356, 1175708.562], [2530193.608, 1175704.704], [2530196.997, 1175694.259], [2530212.43, 1175646.684]]]}, "properties": {"OBJECTID": 52194453, "EGRID": "CH169983452967", "NUMERO": "2684", "NO_COM_FED": 5757, "GENRE_TXT": "parcelle priv\u00e9e", "SUPERFICIE_MO": 807, "SUPERFICIE_RF": 807}}, {"type": "Feature", "id": 52194456, "geometry": {"type": "Polygon", "coordinates": [[[2530383.801, 1174705.154], [2530388.392, 1174718.816], [2530377.353, 1174723.569], [2530367.501, 1174728.259], [2530364.315, 1174730.188], [2530362.025, 1174730.643], [2530335.512, 1174709.118], [2530326.447, 1174699.2280000001], [2530337.935, 1174702.208], [2530380.147, 1174694.829], [2530381.703, 1174698.912], [2530383.801, 1174705.154]]]}, "properties": {"OBJECTID": 52194456, "EGRID": "CH109045698342", "NUMERO": "1089", "NO_COM_FED": 5757, "GENRE_TXT": "parcelle priv\u00e9e", "SUPERFICIE_MO": 1217, "SUPERFICIE_RF": 1217}}, {"type": "Feature", "id": 52194651, "geometry": {"type": "Polygon", "coordinates": [[[2530505.006, 1174414.726], [2530506.61, 1174391.232], [2530546.181, 1174385.476], [2530536.8140000002, 1174400.785], [2530529.029, 1174428.883], [2530505.006, 1174414.726]]]}, "properties": {"OBJECTID": 52194651, "EGRID": "CH674596898301", "NUMERO": "2788", "NO_COM_FED": 5757, "GENRE_TXT": "parcelle priv\u00e9e", "SUPERFICIE_MO": 1031, "SUPERFICIE_RF": 1031}}, {"type": "Feature", "id": 52195195, "geometry": {"type": "Polygon", "coordinates": [[[2530621.156, 1175047.858], [2530627.716, 1175050.628], [2530639.856, 1175055.828], [2530638.966, 1175062.508], [2530624.966, 1175058.448], [2530618.376, 1175056.198], [2530621.156, 1175047.858]]]}, "properties": {"OBJECTID": 52195195, "EGRID": "CH838383457471", "NUMERO": "418", "NO_COM_FED": 5757, "GENRE_TXT": "parcelle priv\u00e9e", "SUPERFICIE_MO": 163, "SUPERFICIE_RF": 163}}, {"type": "Feature", "id": 52195220, "geometry": {"type": "Polygon", "coordinates": [[[2529999.507, 1176173.363], [2530059.868, 1176170.802], [2530126.53, 1176416.684], [2530066.1689999998, 1176419.254], [2529999.507, 1176173.363]]]}, "properties": {"OBJECTID": 52195220, "EGRID": "CH968283454346", "NUMERO": "1627", "NO_COM_FED": 5757, "GENRE_TXT": "parcelle priv\u00e9e", "SUPERFICIE_MO": 15013, "SUPERFICIE_RF": 15013}}, {"type": "Feature", "id": 52195755, "geometry": {"type": "Polygon", "coordinates": [[[2530192.03, 1175470.846], [2530191.18, 1175469.906], [2530194.09, 1175467.316], [2530209.26, 1175484.306], [2530202.91, 1175489.876], [2530188.68, 1175473.896], [2530192.03, 1175470.846]]]}, "properties": {"OBJECTID": 52195755, "EGRID": "CH874583158378", "NUMERO": "2311", "NO_COM_FED": 5757, "GENRE_TXT": "DDP superficie", "SUPERFICIE_MO": 186, "SUPERFICIE_RF": 186}}, {"type": "Feature", "id": 52195861, "geometry": {"type": "Polygon", "coordinates": [[[2530785.226, 1174992.703], [2530789.366, 1174999.523], [2530777.106, 1175006.833], [2530772.526, 1175000.273], [2530785.226, 1174992.703]]]}, "properties": {"OBJECTID": 52195861, "EGRID": "CH528221834575", "NUMERO": "377", "NO_COM_FED": 5757, "GENRE_TXT": "parcelle priv\u00e9e", "SUPERFICIE_MO": 116, "SUPERFICIE_RF": 116}}, {"type": "Feature", "id": 52196266, "geometry": {"type": "Polygon", "coordinates": [[[2531095.86, 1176275.517], [2531096.1, 1176278.337], [2531096.34, 1176281.167], [2531096.58, 1176283.987], [2531096.82, 1176286.807], [2531097.06, 1176289.627], [2531091.6, 1176290.067], [2531091.36, 1176287.237], [2531091.12, 1176284.417], [2531090.88, 1176281.597], [2531090.65, 1176278.767], [2531090.41, 1176275.937], [2531094.27, 1176275.637], [2531095.86, 1176275.517]]]}, "properties": {"OBJECTID": 52196266, "EGRID": "CH598383914563", "NUMERO": "1337", "NO_COM_FED": 5757, "GENRE_TXT": "parcelle priv\u00e9e", "SUPERFICIE_MO": 78, "SUPERFICIE_RF": 78}}, {"type": "Feature", "id": 52196419, "geometry": {"type": "Polygon", "coordinates": [[[2530999.007, 1176345.995], [2530978.261, 1176348.381], [2530950.721, 1176354.512], [2530942.5609999998, 1176340.542], [2530939.541, 1176335.752], [2530955.721, 1176322.221], [2530949.641, 1176314.881], [2530946.42, 1176310.291], [2530968.3, 1176291.991], [2530981.701, 1176308.08], [2530990.291, 1176318.37], [2530988.441, 1176319.91], [2531001.751, 1176345.68], [2530999.007, 1176345.995]]]}, "properties": {"OBJECTID": 52196419, "EGRID": "CH354483824580", "NUMERO": "132", "NO_COM_FED": 5757, "GENRE_TXT": "parcelle priv\u00e9e", "SUPERFICIE_MO": 2169, "SUPERFICIE_RF": 2169}}, {"type": "Feature", "id": 52196717, "geometry": {"type": "Polygon", "coordinates": [[[2530780.376, 1174573.608], [2530781.464, 1174569.426], [2530783.778, 1174560.389], [2530788.149, 1174546.594], [2530816.215, 1174552.585], [2530810.59, 1174578.935], [2530808.449, 1174578.557], [2530780.376, 1174573.608]]]}, "properties": {"OBJECTID": 52196717, "EGRID": "CH114586839475", "NUMERO": "2756", "NO_COM_FED": 5757, "GENRE_TXT": "parcelle priv\u00e9e", "SUPERFICIE_MO": 821, "SUPERFICIE_RF": 821}}, {"type": "Feature", "id": 52196760, "geometry": {"type": "Polygon", "coordinates": [[[2530688.388, 1175251.996], [2530689.278, 1175242.346], [2530689.818, 1175235.866], [2530690.028, 1175235.836], [2530690.198, 1175232.266], [2530690.838, 1175225.756], [2530691.078, 1175219.196], [2530691.058, 1175213.216], [2530690.918, 1175199.866], [2530690.758, 1175193.396], [2530702.578, 1175195.335], [2530701.818, 1175211.765], [2530702.438, 1175211.805], [2530702.448, 1175212.235], [2530702.638, 1175225.125], [2530702.518, 1175229.905], [2530701.778, 1175237.005], [2530701.138, 1175242.095], [2530699.898, 1175248.745], [2530697.968, 1175256.155], [2530696.789, 1175262.285], [2530695.659, 1175270.035], [2530693.709, 1175271.236], [2530693.759, 1175273.756], [2530693.9189999998, 1175280.606], [2530694.109, 1175290.956], [2530695.629, 1175294.125], [2530697.719, 1175298.925], [2530698.159, 1175305.685], [2530697.799, 1175310.245], [2530697.299, 1175310.255], [2530697.889, 1175320.055], [2530699.379, 1175328.275], [2530688.059, 1175317.216], [2530687.489, 1175313.616], [2530685.519, 1175300.156], [2530684.959, 1175295.916], [2530684.479, 1175292.476], [2530686.319, 1175292.476], [2530686.069, 1175284.486], [2530685.779, 1175277.866], [2530686.509, 1175271.026], [2530687.129, 1175262.166], [2530687.978, 1175256.756], [2530688.388, 1175251.996]]]}, "properties": {"OBJECTID": 52196760, "EGRID": "CH687183458349", "NUMERO": "DP 105", "NO_COM_FED": 5757, "GENRE_TXT": "DP communal", "SUPERFICIE_MO": 1346, "SUPERFICIE_RF": null}}, {"type": "Feature", "id": 52196815, "geometry": {"type": "Polygon", "coordinates": [[[2530670.097, 1175093.817], [2530648.537, 1175097.967], [2530649.046, 1175093.807], [2530648.396, 1175088.427], [2530657.046, 1175085.857], [2530658.386, 1175090.717], [2530668.226, 1175088.177], [2530670.097, 1175093.817]]]}, "properties": {"OBJECTID": 52196815, "EGRID": "CH214523838238", "NUMERO": "452", "NO_COM_FED": 5757, "GENRE_TXT": "parcelle priv\u00e9e", "SUPERFICIE_MO": 155, "SUPERFICIE_RF": 155}}, {"type": "Feature", "id": 52196816, "geometry": {"type": "Polygon", "coordinates": [[[2530826.121, 1174625.592], [2530839.741, 1174629.822], [2530839.271, 1174631.2719999999], [2530835.672, 1174650.392], [2530831.132, 1174667.192], [2530811.882, 1174667.262], [2530805.142, 1174668.113], [2530806.592, 1174666.193], [2530815.212, 1174647.372], [2530824.771, 1174628.5320000001], [2530826.121, 1174625.592]]]}, "properties": {"OBJECTID": 52196816, "EGRID": "CH144583838859", "NUMERO": "1069", "NO_COM_FED": 5757, "GENRE_TXT": "parcelle priv\u00e9e", "SUPERFICIE_MO": 815, "SUPERFICIE_RF": 815}}, {"type": "Feature", "id": 52196862, "geometry": {"type": "Polygon", "coordinates": [[[2530818.043, 1174733.412], [2530819.533, 1174742.012], [2530801.143, 1174740.0929999999], [2530795.573, 1174741.303], [2530774.973, 1174745.794], [2530765.433, 1174744.744], [2530755.433, 1174740.614], [2530753.683, 1174740.014], [2530751.873, 1174739.874], [2530750.193, 1174739.994], [2530748.523, 1174740.614], [2530746.883, 1174741.504], [2530746.413, 1174740.774], [2530719.843, 1174754.845], [2530714.993, 1174757.415], [2530714.423, 1174758.156], [2530706.143, 1174768.906], [2530703.703, 1174766.966], [2530697.593, 1174768.656], [2530674.523, 1174775.027], [2530671.1023655026, 1174775.0450139155], [2530667.693, 1174774.767], [2530664.7404408637, 1174774.2830895297], [2530661.833, 1174773.577], [2530659.88635811, 1174773.1020692494], [2530657.903, 1174772.817], [2530655.9579999996, 1174772.7249999999], [2530654.013, 1174772.817], [2530650.9833319625, 1174773.1509520486], [2530647.983, 1174773.688], [2530642.303, 1174775.298], [2530639.6289796163, 1174776.3970095487], [2530637.073, 1174777.748], [2530634.709699221, 1174779.300218506], [2530632.503, 1174781.068], [2530626.773, 1174786.518], [2530603.923, 1174809.509], [2530601.313, 1174812.969], [2530600.614843596, 1174814.443387148], [2530600.093, 1174815.989], [2530599.726020579, 1174818.3197586848], [2530599.693, 1174820.679], [2530600.0000487203, 1174823.0432389947], [2530600.643, 1174825.339], [2530578.353, 1174810.359], [2530577.383, 1174809.709], [2530579.173, 1174808.069], [2530582.133, 1174805.359], [2530587.483, 1174805.879], [2530590.483, 1174805.499], [2530593.293, 1174804.389], [2530595.833, 1174803.029], [2530598.903, 1174801.269], [2530601.713, 1174799.189], [2530645.022, 1174755.738], [2530646.672, 1174754.2179999999], [2530652.733, 1174757.227], [2530652.213, 1174758.318], [2530652.333, 1174759.527], [2530652.833, 1174760.617], [2530653.773, 1174761.347], [2530655.013, 1174761.737], [2530672.103, 1174764.747], [2530677.053, 1174764.627], [2530681.983, 1174764.097], [2530713.473, 1174749.156], [2530722.073, 1174745.035], [2530727.833, 1174741.925], [2530731.532, 1174739.905], [2530737.812, 1174736.465], [2530744.792, 1174732.795], [2530750.332, 1174730.334], [2530756.062, 1174728.834], [2530759.962, 1174728.414], [2530764.152, 1174728.544], [2530791.773, 1174731.393], [2530798.493, 1174732.083], [2530810.043, 1174733.2719999999], [2530814.023, 1174733.472], [2530818.043, 1174733.412]]]}, "properties": {"OBJECTID": 52196862, "EGRID": "CH808345028397", "NUMERO": "DP 131", "NO_COM_FED": 5757, "GENRE_TXT": "DP communal", "SUPERFICIE_MO": 2819, "SUPERFICIE_RF": null}}, {"type": "Feature", "id": 52196909, "geometry": {"type": "Polygon", "coordinates": [[[2530859.435, 1175773.34], [2530857.925, 1175777.32], [2530854.615, 1175779.94], [2530842.425, 1175793.97], [2530838.225, 1175814.65], [2530823.745, 1175814.461], [2530809.855, 1175799.971], [2530807.305, 1175797.381], [2530810.955, 1175795.541], [2530859.435, 1175773.34]]]}, "properties": {"OBJECTID": 52196909, "EGRID": "CH685783458240", "NUMERO": "753", "NO_COM_FED": 5757, "GENRE_TXT": "parcelle priv\u00e9e", "SUPERFICIE_MO": 826, "SUPERFICIE_RF": 826}}, {"type": "Feature", "id": 52196950, "geometry": {"type": "Polygon", "coordinates": [[[2531209.463, 1174564.969], [2531190.053, 1174568.439], [2531179.973, 1174552.479], [2531207.243, 1174548.339], [2531208.443, 1174548.049], [2531209.463, 1174564.969]]]}, "properties": {"OBJECTID": 52196950, "EGRID": "CH474583728343", "NUMERO": "250", "NO_COM_FED": 5757, "GENRE_TXT": "parcelle priv\u00e9e", "SUPERFICIE_MO": 414, "SUPERFICIE_RF": 414}}, {"type": "Feature", "id": 52197223, "geometry": {"type": "Polygon", "coordinates": [[[2531211.993, 1174504.42], [2531262.883, 1174501.689], [2531272.258, 1174540.042], [2531272.347, 1174540.406], [2531267.126, 1174541.721], [2531223.246, 1174552.325], [2531214.619, 1174550.174], [2531211.993, 1174504.42]]]}, "properties": {"OBJECTID": 52197223, "EGRID": "CH844583838617", "NUMERO": "320", "NO_COM_FED": 5757, "GENRE_TXT": "parcelle priv\u00e9e", "SUPERFICIE_MO": 2437, "SUPERFICIE_RF": 2433}}, {"type": "Feature", "id": 52197279, "geometry": {"type": "Polygon", "coordinates": [[[2530966.845, 1174880.557], [2530966.325, 1174881.097], [2530931.195, 1174922.4780000001], [2530910.225, 1174898.869], [2530944.607, 1174822.515], [2530946.589, 1174823.9780000001], [2530948.73, 1174826.19], [2530949.524, 1174827.557], [2530950.488749951, 1174829.5068753478], [2530951.7637866787, 1174831.269554469], [2530953.313731598, 1174832.796128112], [2530955.0955782174, 1174834.0442382696], [2530957.059885442, 1174834.9792534926], [2530959.1521494235, 1174835.57522981], [2530961.3143158834, 1174835.8156306022], [2530963.48639095, 1174835.6937854413], [2530965.608105819, 1174835.2130751787], [2530967.6205890332, 1174834.3868381348], [2530969.468, 1174833.238], [2530971.928, 1174832.588], [2530975.732, 1174832.644], [2530977.948, 1174833.135], [2530984.584, 1174836.107], [2530985.464, 1174836.867], [2530986.874, 1174839.1469999999], [2530986.894, 1174840.787], [2530985.994, 1174843.687], [2530978.825, 1174863.037], [2530974.105, 1174872.9070000001], [2530971.375, 1174871.477], [2530970.495, 1174873.1469999999], [2530968.445, 1174872.347], [2530966.945, 1174875.017], [2530968.945, 1174876.3969999999], [2530966.845, 1174880.557]]]}, "properties": {"OBJECTID": 52197279, "EGRID": "CH974582228332", "NUMERO": "1015", "NO_COM_FED": 5757, "GENRE_TXT": "parcelle priv\u00e9e", "SUPERFICIE_MO": 3731, "SUPERFICIE_RF": 3731}}, {"type": "Feature", "id": 52197385, "geometry": {"type": "Polygon", "coordinates": [[[2531078.099, 1176100.626], [2531119.209, 1176090.194], [2531123.649, 1176105.674], [2531129.84, 1176192.455], [2531138.931, 1176318.966], [2531139.5810000002, 1176327.946], [2531118.101, 1176329.617], [2531117.401, 1176321.277], [2531108.98, 1176220.526], [2531078.099, 1176100.626]]]}, "properties": {"OBJECTID": 52197385, "EGRID": "CH714511838372", "NUMERO": "152", "NO_COM_FED": 5757, "GENRE_TXT": "parcelle priv\u00e9e", "SUPERFICIE_MO": 6715, "SUPERFICIE_RF": 6715}}, {"type": "Feature", "id": 52197482, "geometry": {"type": "Polygon", "coordinates": [[[2530680.774, 1174920.076], [2530692.004, 1174916.656], [2530693.765, 1174921.556], [2530695.285, 1174928.606], [2530696.505, 1174931.216], [2530698.765, 1174936.536], [2530695.905, 1174937.516], [2530696.405, 1174939.086], [2530699.065, 1174947.486], [2530685.705, 1174951.116], [2530680.774, 1174920.076]]]}, "properties": {"OBJECTID": 52197482, "EGRID": "CH782383458251", "NUMERO": "523", "NO_COM_FED": 5757, "GENRE_TXT": "parcelle priv\u00e9e", "SUPERFICIE_MO": 415, "SUPERFICIE_RF": 415}}, {"type": "Feature", "id": 52197714, "geometry": {"type": "Polygon", "coordinates": [[[2530775.499, 1175248.663], [2530777.019, 1175257.793], [2530770.639, 1175257.763], [2530765.059, 1175258.3530000001], [2530754.219, 1175260.904], [2530750.619, 1175261.424], [2530750.499, 1175260.694], [2530748.279, 1175261.464], [2530745.289, 1175262.354], [2530745.479, 1175263.884], [2530743.019, 1175264.054], [2530742.099, 1175264.114], [2530741.859, 1175257.764], [2530740.449, 1175249.924], [2530748.619, 1175249.574], [2530748.559, 1175249.224], [2530763.159, 1175248.453], [2530764.809, 1175248.233], [2530775.319, 1175246.833], [2530775.499, 1175248.663]]]}, "properties": {"OBJECTID": 52197714, "EGRID": "CH874582228366", "NUMERO": "601", "NO_COM_FED": 5757, "GENRE_TXT": "parcelle priv\u00e9e", "SUPERFICIE_MO": 397, "SUPERFICIE_RF": 397}}, {"type": "Feature", "id": 52197914, "geometry": {"type": "Polygon", "coordinates": [[[2530635.042, 1175319.906], [2530640.977, 1175318.179], [2530641.353, 1175317.898], [2530646.663, 1175316.733], [2530646.94, 1175318.063], [2530647.209, 1175318.007], [2530648.159, 1175323.287], [2530648.359, 1175324.167], [2530648.779, 1175324.077], [2530652.089, 1175337.747], [2530651.619, 1175337.857], [2530639.849, 1175340.767], [2530636.54, 1175341.583], [2530636.229, 1175340.217], [2530634.379, 1175326.317], [2530636.409, 1175325.827], [2530635.042, 1175319.906]]]}, "properties": {"OBJECTID": 52197914, "EGRID": "CH309445878306", "NUMERO": "643", "NO_COM_FED": 5757, "GENRE_TXT": "parcelle priv\u00e9e", "SUPERFICIE_MO": 311, "SUPERFICIE_RF": 311}}, {"type": "Feature", "id": 52197967, "geometry": {"type": "Polygon", "coordinates": [[[2530507.223, 1174812.89], [2530518.753, 1174819.64], [2530525.403, 1174823.39], [2530527.093, 1174824.32], [2530543.933, 1174827.18], [2530545.333, 1174826.35], [2530549.103, 1174824.14], [2530549.383, 1174823.98], [2530549.583, 1174823.86], [2530551.503, 1174819.23], [2530554.213, 1174812.089], [2530557.653, 1174821.8], [2530556.253, 1174825.06], [2530557.623, 1174833.63], [2530557.883, 1174835.29], [2530555.213, 1174836.15], [2530552.123, 1174836.81], [2530548.173, 1174837.06], [2530543.833, 1174837.07], [2530534.893, 1174836.1], [2530522.633, 1174834.28], [2530524.023, 1174829.92], [2530519.133, 1174828.56], [2530497.063, 1174814.47], [2530477.323, 1174802.559], [2530493.963, 1174805.459], [2530507.223, 1174812.89]]]}, "properties": {"OBJECTID": 52197967, "EGRID": "CH468383458847", "NUMERO": "DP 158", "NO_COM_FED": 5757, "GENRE_TXT": "DP communal", "SUPERFICIE_MO": 719, "SUPERFICIE_RF": null}}, {"type": "Feature", "id": 52198055, "geometry": {"type": "Polygon", "coordinates": [[[2531369.115, 1174634.676], [2531375.715, 1174662.855], [2531355.245, 1174667.815], [2531348.695, 1174639.476], [2531369.115, 1174634.676]]]}, "properties": {"OBJECTID": 52198055, "EGRID": "CH459483834551", "NUMERO": "315", "NO_COM_FED": 5757, "GENRE_TXT": "parcelle priv\u00e9e", "SUPERFICIE_MO": 610, "SUPERFICIE_RF": 607}}, {"type": "Feature", "id": 52198313, "geometry": {"type": "Polygon", "coordinates": [[[2530834.302, 1174677.702], [2530831.132, 1174667.192], [2530835.672, 1174650.392], [2530834.392, 1174666.542], [2530834.302, 1174677.702]]]}, "properties": {"OBJECTID": 52198313, "EGRID": "CH908345038360", "NUMERO": "1070", "NO_COM_FED": 5757, "GENRE_TXT": "parcelle priv\u00e9e", "SUPERFICIE_MO": 44, "SUPERFICIE_RF": 44}}, {"type": "Feature", "id": 52198416, "geometry": {"type": "Polygon", "coordinates": [[[2530996.028, 1176064.808], [2530940.588, 1176078.529], [2530934.908, 1176053.429], [2530988.918, 1176032.097], [2530996.028, 1176064.808]]]}, "properties": {"OBJECTID": 52198416, "EGRID": "CH728395834590", "NUMERO": "956", "NO_COM_FED": 5757, "GENRE_TXT": "parcelle priv\u00e9e", "SUPERFICIE_MO": 1694, "SUPERFICIE_RF": 1694}}, {"type": "Feature", "id": 52198430, "geometry": {"type": "Polygon", "coordinates": [[[2530499.346, 1174493.475], [2530495.5640000002, 1174498.185], [2530496.246, 1174493.81], [2530498.966, 1174477.231], [2530497.808, 1174472.369], [2530477.484, 1174474.52], [2530477.534, 1174453.974], [2530477.556, 1174431.207], [2530495.166, 1174431.205], [2530499.647, 1174431.248], [2530501.826, 1174477.699], [2530499.346, 1174493.475]]]}, "properties": {"OBJECTID": 52198430, "EGRID": "CH669083455517", "NUMERO": "2694", "NO_COM_FED": 5757, "GENRE_TXT": "parcelle priv\u00e9e", "SUPERFICIE_MO": 1044, "SUPERFICIE_RF": 1044}}, {"type": "Feature", "id": 52198590, "geometry": {"type": "Polygon", "coordinates": [[[2530996.028, 1176064.808], [2530988.918, 1176032.097], [2530985.538, 1176016.217], [2531022.148, 1176005.746], [2531037.378, 1176058.916], [2530997.058, 1176070.028], [2530996.028, 1176064.808]]]}, "properties": {"OBJECTID": 52198590, "EGRID": "CH728311834570", "NUMERO": "119", "NO_COM_FED": 5757, "GENRE_TXT": "parcelle priv\u00e9e", "SUPERFICIE_MO": 2201, "SUPERFICIE_RF": 2201}}, {"type": "Feature", "id": 52198859, "geometry": {"type": "Polygon", "coordinates": [[[2530705.999, 1175281.105], [2530708.599, 1175277.075], [2530709.299, 1175276.045], [2530709.679, 1175275.435], [2530715.499, 1175265.795], [2530715.699, 1175265.835], [2530715.759, 1175265.685], [2530716.099, 1175264.415], [2530717.769, 1175260.235], [2530721.1890000002, 1175254.395], [2530726.508, 1175247.405], [2530730.038, 1175248.914], [2530729.448, 1175251.224], [2530728.078, 1175250.624], [2530726.149, 1175254.905], [2530724.869, 1175257.725], [2530723.969, 1175259.705], [2530722.629, 1175259.155], [2530717.389, 1175268.345], [2530711.809, 1175277.585], [2530711.049, 1175278.655], [2530709.779, 1175280.635], [2530705.4390000002, 1175285.915], [2530705.629, 1175286.875], [2530703.379, 1175288.545], [2530701.549, 1175287.265], [2530705.999, 1175281.105]]]}, "properties": {"OBJECTID": 52198859, "EGRID": "CH374582228342", "NUMERO": "DP 116", "NO_COM_FED": 5757, "GENRE_TXT": "DP communal", "SUPERFICIE_MO": 157, "SUPERFICIE_RF": null}}, {"type": "Feature", "id": 52198932, "geometry": {"type": "Polygon", "coordinates": [[[2530899.739, 1176154.861], [2530891.468, 1176107.871], [2530892.668, 1176107.631], [2530896.198, 1176107.041], [2530916.258, 1176103.29], [2530924.489, 1176150.02], [2530900.909, 1176154.631], [2530899.739, 1176154.861]]]}, "properties": {"OBJECTID": 52198932, "EGRID": "CH774583108330", "NUMERO": "2160", "NO_COM_FED": 5757, "GENRE_TXT": "parcelle priv\u00e9e", "SUPERFICIE_MO": 1199, "SUPERFICIE_RF": 1199}}, {"type": "Feature", "id": 52199328, "geometry": {"type": "Polygon", "coordinates": [[[2530701.532, 1174692.266], [2530668.002, 1174684.797], [2530657.292, 1174684.357], [2530653.412, 1174683.108], [2530634.302, 1174675.508], [2530642.0609999998, 1174663.028], [2530643.411, 1174660.788], [2530644.765, 1174658.516], [2530648.071, 1174652.9679999999], [2530663.231, 1174656.687], [2530686.41, 1174660.357], [2530687.411, 1174660.516], [2530718.042, 1174663.436], [2530715.562, 1174670.586], [2530714.872, 1174672.586], [2530706.552, 1174685.546], [2530705.182, 1174687.376], [2530701.532, 1174692.266]]]}, "properties": {"OBJECTID": 52199328, "EGRID": "CH514522838242", "NUMERO": "1045", "NO_COM_FED": 5757, "GENRE_TXT": "parcelle priv\u00e9e", "SUPERFICIE_MO": 2002, "SUPERFICIE_RF": 2002}}, {"type": "Feature", "id": 52200049, "geometry": {"type": "Polygon", "coordinates": [[[2530784.33, 1176257.925], [2530779.67, 1176241.765], [2530775.529, 1176228.705], [2530785.069, 1176224.675], [2530785.529, 1176228.775], [2530791.559, 1176228.095], [2530790.879, 1176222.215], [2530797.889, 1176219.245], [2530811.779, 1176227.904], [2530812.599, 1176227.854], [2530816.56, 1176252.214], [2530784.33, 1176257.925]]]}, "properties": {"OBJECTID": 52200049, "EGRID": "CH808345708387", "NUMERO": "2111", "NO_COM_FED": 5757, "GENRE_TXT": "parcelle priv\u00e9e", "SUPERFICIE_MO": 1078, "SUPERFICIE_RF": 1078}}, {"type": "Feature", "id": 52200125, "geometry": {"type": "Polygon", "coordinates": [[[2530799.255, 1175797.952], [2530781.045, 1175820.0320000001], [2530778.465, 1175823.252], [2530778.335, 1175823.482], [2530761.215, 1175810.413], [2530771.145, 1175796.192], [2530782.275, 1175780.232], [2530799.255, 1175797.952]]]}, "properties": {"OBJECTID": 52200125, "EGRID": "CH674583928312", "NUMERO": "743", "NO_COM_FED": 5757, "GENRE_TXT": "parcelle priv\u00e9e", "SUPERFICIE_MO": 796, "SUPERFICIE_RF": 796}}, {"type": "Feature", "id": 52200370, "geometry": {"type": "Polygon", "coordinates": [[[2530992.208, 1175175.516], [2530992.078, 1175175.576], [2530972.508, 1175183.787], [2530966.548, 1175169.977], [2530966.278, 1175169.427], [2530979.218, 1175163.667], [2530983.118, 1175161.926], [2530992.208, 1175175.516]]]}, "properties": {"OBJECTID": 52200370, "EGRID": "CH174583888397", "NUMERO": "696", "NO_COM_FED": 5757, "GENRE_TXT": "parcelle priv\u00e9e", "SUPERFICIE_MO": 316, "SUPERFICIE_RF": 316}}, {"type": "Feature", "id": 52200417, "geometry": {"type": "Polygon", "coordinates": [[[2530791.984, 1174345.922], [2530795.284, 1174320.168], [2530821.518, 1174324.255], [2530823.008, 1174324.487], [2530832.4390000002, 1174326.06], [2530830.179, 1174352.277], [2530791.984, 1174345.922]]]}, "properties": {"OBJECTID": 52200417, "EGRID": "CH774590688384", "NUMERO": "2729", "NO_COM_FED": 5757, "GENRE_TXT": "parcelle priv\u00e9e", "SUPERFICIE_MO": 997, "SUPERFICIE_RF": 997}}, {"type": "Feature", "id": 52200469, "geometry": {"type": "Polygon", "coordinates": [[[2530797.791, 1175452.472], [2530795.221, 1175427.512], [2530784.441, 1175429.462], [2530782.931, 1175417.252], [2530787.011, 1175416.822], [2530788.131, 1175426.342], [2530797.801, 1175424.682], [2530798.5609999998, 1175427.842], [2530810.5810000002, 1175425.602], [2530814.461, 1175424.811], [2530817.761, 1175457.971], [2530816.531, 1175457.611], [2530806.651, 1175455.142], [2530806.671, 1175455.552], [2530798.3310000002, 1175455.592], [2530797.791, 1175452.472]]]}, "properties": {"OBJECTID": 52200469, "EGRID": "CH914586838308", "NUMERO": "612", "NO_COM_FED": 5757, "GENRE_TXT": "parcelle priv\u00e9e", "SUPERFICIE_MO": 649, "SUPERFICIE_RF": 649}}, {"type": "Feature", "id": 52200710, "geometry": {"type": "Polygon", "coordinates": [[[2530827.834, 1174888.142], [2530792.875, 1174909.0929999999], [2530783.885, 1174914.633], [2530772.985, 1174921.453], [2530772.655, 1174921.613], [2530769.065, 1174923.834], [2530767.705, 1174921.634], [2530757.165, 1174927.364], [2530753.595, 1174919.824], [2530763.275, 1174915.464], [2530766.135, 1174913.944], [2530764.615, 1174910.344], [2530775.145, 1174903.323], [2530784.714, 1174896.663], [2530805.204, 1174881.852], [2530827.834, 1174888.142]]]}, "properties": {"OBJECTID": 52200710, "EGRID": "CH708345048328", "NUMERO": "568", "NO_COM_FED": 5757, "GENRE_TXT": "parcelle priv\u00e9e", "SUPERFICIE_MO": 1010, "SUPERFICIE_RF": 1010}}, {"type": "Feature", "id": 52200711, "geometry": {"type": "Polygon", "coordinates": [[[2530750.4359999998, 1175060.344], [2530749.246, 1175058.884], [2530745.606, 1175053.124], [2530744.406, 1175050.794], [2530742.906, 1175051.774], [2530734.996, 1175039.085], [2530739.796, 1175035.914], [2530743.606, 1175032.574], [2530744.696, 1175033.994], [2530745.116, 1175034.564], [2530747.406, 1175037.574], [2530753.806, 1175047.024], [2530757.286, 1175052.834], [2530753.026, 1175057.514], [2530750.4359999998, 1175060.344]]]}, "properties": {"OBJECTID": 52200711, "EGRID": "CH614572838342", "NUMERO": "358", "NO_COM_FED": 5757, "GENRE_TXT": "parcelle priv\u00e9e", "SUPERFICIE_MO": 273, "SUPERFICIE_RF": 273}}, {"type": "Feature", "id": 52200744, "geometry": {"type": "Polygon", "coordinates": [[[2530343.364, 1175826.206], [2530345.134, 1175826.496], [2530369.214, 1175828.535], [2530371.325, 1175850.985], [2530342.455, 1175850.326], [2530343.364, 1175826.206]]]}, "properties": {"OBJECTID": 52200744, "EGRID": "CH914573838328", "NUMERO": "787", "NO_COM_FED": 5757, "GENRE_TXT": "parcelle priv\u00e9e", "SUPERFICIE_MO": 634, "SUPERFICIE_RF": 634}}, {"type": "Feature", "id": 52200943, "geometry": {"type": "Polygon", "coordinates": [[[2531337.289, 1176053.708], [2531338.589, 1176068.738], [2531341.729, 1176111.389], [2531360.533, 1176341.403], [2531356.568, 1176341.741], [2531339.039, 1176124.449], [2531337.739, 1176111.699], [2531333.299, 1176053.948], [2531337.289, 1176053.708]]]}, "properties": {"OBJECTID": 52200943, "EGRID": "CH456183824572", "NUMERO": "DP 55", "NO_COM_FED": 5757, "GENRE_TXT": "DP communal", "SUPERFICIE_MO": 1127, "SUPERFICIE_RF": null}}, {"type": "Feature", "id": 52201256, "geometry": {"type": "Polygon", "coordinates": [[[2530770.198, 1175226.783], [2530772.298, 1175226.523], [2530781.038, 1175226.223], [2530797.228, 1175224.712], [2530798.568, 1175219.5219999999], [2530798.108, 1175219.322], [2530799.918, 1175211.162], [2530801.398, 1175211.662], [2530802.718, 1175208.552], [2530804.238, 1175206.332], [2530806.438, 1175204.352], [2530809.158, 1175202.512], [2530811.758, 1175201.2719999999], [2530899.508, 1175184.359], [2530900.005059628, 1175184.1862840047], [2530900.464677628, 1175183.930060698], [2530900.872951968, 1175183.5980800479], [2530901.217533604, 1175183.2003834485], [2530901.488, 1175182.749], [2530904.898, 1175189.669], [2530864.798, 1175194.82], [2530858.058, 1175195.63], [2530832.288, 1175200.411], [2530819.348, 1175202.752], [2530814.388, 1175204.132], [2530812.038, 1175205.812], [2530807.378, 1175210.212], [2530805.938, 1175212.202], [2530803.808, 1175217.332], [2530802.758, 1175221.652], [2530802.898, 1175226.232], [2530791.838, 1175230.132], [2530789.138, 1175228.983], [2530773.248, 1175231.993], [2530771.098, 1175232.383], [2530767.568, 1175232.913], [2530765.038, 1175233.303], [2530763.458, 1175234.583], [2530761.338, 1175235.313], [2530760.868, 1175234.253], [2530759.778, 1175228.993], [2530770.198, 1175226.783]]]}, "properties": {"OBJECTID": 52201256, "EGRID": "CH744583822221", "NUMERO": "DP 120", "NO_COM_FED": 5757, "GENRE_TXT": "DP communal", "SUPERFICIE_MO": 684, "SUPERFICIE_RF": null}}, {"type": "Feature", "id": 52201588, "geometry": {"type": "Polygon", "coordinates": [[[2530664.049, 1175303.466], [2530663.289, 1175296.966], [2530665.499, 1175296.816], [2530665.409, 1175292.526], [2530668.899, 1175292.716], [2530670.879, 1175292.616], [2530670.899, 1175293.066], [2530670.999, 1175296.526], [2530677.729, 1175296.086], [2530684.959, 1175295.916], [2530685.519, 1175300.156], [2530664.049, 1175303.466]]]}, "properties": {"OBJECTID": 52201588, "EGRID": "CH698383714589", "NUMERO": "641", "NO_COM_FED": 5757, "GENRE_TXT": "parcelle priv\u00e9e", "SUPERFICIE_MO": 141, "SUPERFICIE_RF": 141}}, {"type": "Feature", "id": 52201733, "geometry": {"type": "Polygon", "coordinates": [[[2530736.649, 1175287.884], [2530738.789, 1175288.184], [2530738.949, 1175289.684], [2530738.4704716248, 1175290.19542884], [2530738.078960067, 1175290.7761762587], [2530737.784343519, 1175291.4115894735], [2530737.594055421, 1175292.0856364334], [2530737.5128969164, 1175292.7813103236], [2530737.5429157056, 1175293.4810586616], [2530737.683354389, 1175294.1672261634], [2530737.9306695703, 1175294.8225002016], [2530738.2786212647, 1175295.430347619], [2530738.7184303347, 1175295.9754318749], [2530739.239, 1175296.444], [2530739.855200581, 1175296.8394337907], [2530740.5283373375, 1175297.127458], [2530741.239853061, 1175297.3001323012], [2530741.970132499, 1175297.3526963638], [2530742.6990431184, 1175297.2837010885], [2530743.40649012, 1175297.0950485547], [2530744.0729704206, 1175296.791939585], [2530744.680110317, 1175296.3827303662], [2530745.211172018, 1175295.8787020852], [2530745.651515077, 1175295.2937499252], [2530745.989, 1175294.644], [2530748.179, 1175292.504], [2530749.359, 1175289.824], [2530755.179, 1175292.014], [2530760.299, 1175294.8429999999], [2530761.949, 1175296.283], [2530764.969, 1175294.513], [2530768.789, 1175300.803], [2530765.869, 1175302.533], [2530765.969, 1175306.313], [2530768.159, 1175318.983], [2530769.349, 1175324.513], [2530772.11, 1175335.703], [2530774.02, 1175344.133], [2530775.21, 1175350.063], [2530775.98, 1175354.203], [2530780.03, 1175352.903], [2530781.97, 1175364.183], [2530777.79, 1175364.673], [2530781.58, 1175398.673], [2530783.141, 1175412.292], [2530780.631, 1175412.403], [2530780.951, 1175417.523], [2530767.711, 1175419.113], [2530753.851, 1175420.873], [2530751.191, 1175421.204], [2530749.431, 1175421.094], [2530745.901, 1175420.244], [2530735.78, 1175418.104], [2530732.12, 1175416.974], [2530729.02, 1175415.964], [2530724.92, 1175414.594], [2530721.55, 1175413.754], [2530709.81, 1175410.785], [2530708.09, 1175410.405], [2530707.43, 1175402.855], [2530707.13, 1175399.185], [2530706.24, 1175380.305], [2530706.048, 1175376.509], [2530705.947, 1175374.454], [2530705.81, 1175371.795], [2530705.699, 1175369.717], [2530705.21, 1175360.535], [2530705.08, 1175358.665], [2530704.82, 1175358.685], [2530704.75, 1175358.195], [2530713.63, 1175356.265], [2530715.44, 1175355.895], [2530721.97, 1175354.425], [2530728.89, 1175352.434], [2530724.359, 1175332.474], [2530723.589, 1175329.415], [2530722.949, 1175323.865], [2530722.899, 1175323.095], [2530724.069, 1175318.875], [2530727.899, 1175309.284], [2530729.349, 1175307.324], [2530729.649, 1175304.114], [2530729.679, 1175303.744], [2530730.349, 1175296.134], [2530730.989, 1175288.064], [2530731.559, 1175288.044], [2530736.649, 1175287.884]]]}, "properties": {"OBJECTID": 52201733, "EGRID": "CH474582238305", "NUMERO": "597", "NO_COM_FED": 5757, "GENRE_TXT": "parcelle priv\u00e9e", "SUPERFICIE_MO": 7299, "SUPERFICIE_RF": 7299}}, {"type": "Feature", "id": 52201839, "geometry": {"type": "Polygon", "coordinates": [[[2530640.122, 1175093.402], [2530633.0609999998, 1175093.54], [2530619.817, 1175093.076], [2530612.89, 1175092.834], [2530612.886, 1175092.588], [2530612.926, 1175088.868], [2530612.996, 1175085.158], [2530617.866, 1175085.408], [2530639.6859999998, 1175086.528], [2530639.826, 1175089.727], [2530640.122, 1175093.402]]]}, "properties": {"OBJECTID": 52201839, "EGRID": "CH198383734559", "NUMERO": "411", "NO_COM_FED": 5757, "GENRE_TXT": "parcelle priv\u00e9e", "SUPERFICIE_MO": 200, "SUPERFICIE_RF": 200}}, {"type": "Feature", "id": 52201903, "geometry": {"type": "Polygon", "coordinates": [[[2530693.759, 1175273.756], [2530709.679, 1175275.435], [2530709.299, 1175276.045], [2530708.599, 1175277.075], [2530705.999, 1175281.105], [2530693.9189999998, 1175280.606], [2530693.759, 1175273.756]]]}, "properties": {"OBJECTID": 52201903, "EGRID": "CH898383974540", "NUMERO": "461", "NO_COM_FED": 5757, "GENRE_TXT": "parcelle priv\u00e9e", "SUPERFICIE_MO": 90, "SUPERFICIE_RF": 90}}, {"type": "Feature", "id": 52202823, "geometry": {"type": "Polygon", "coordinates": [[[2530719.344, 1175711.964], [2530710.204, 1175712.914], [2530703.824, 1175713.615], [2530696.014, 1175714.395], [2530686.624, 1175715.555], [2530686.054, 1175704.015], [2530699.474, 1175702.725], [2530708.624, 1175701.195], [2530718.534, 1175699.754], [2530719.344, 1175711.964]]]}, "properties": {"OBJECTID": 52202823, "EGRID": "CH574582248365", "NUMERO": "803", "NO_COM_FED": 5757, "GENRE_TXT": "parcelle priv\u00e9e", "SUPERFICIE_MO": 381, "SUPERFICIE_RF": 381}}, {"type": "Feature", "id": 52202909, "geometry": {"type": "Polygon", "coordinates": [[[2530375.609, 1174814.202], [2530357.701, 1174796.004], [2530382.347, 1174750.417], [2530403.504, 1174761.389], [2530388.139, 1174790.307], [2530378.774, 1174808.219], [2530375.609, 1174814.202]]]}, "properties": {"OBJECTID": 52202909, "EGRID": "CH156983904531", "NUMERO": "1082", "NO_COM_FED": 5757, "GENRE_TXT": "parcelle priv\u00e9e", "SUPERFICIE_MO": 1342, "SUPERFICIE_RF": 1342}}, {"type": "Feature", "id": 52203070, "geometry": {"type": "Polygon", "coordinates": [[[2531595.334, 1175524.746], [2531575.494, 1175511.927], [2531514.263, 1175455.569], [2531498.223, 1175438.129], [2531483.642, 1175419.6], [2531453.762, 1175376.391], [2531444.622, 1175365.041], [2531416.201, 1175329.642], [2531368.91, 1175277.584], [2531308.929, 1175211.836], [2531265.799, 1175166.847], [2531250.9390000002, 1175156.338], [2531220.138, 1175130.499], [2531217.568, 1175128.299], [2531202.668, 1175115.669], [2531183.828, 1175099.71], [2531147.357, 1175068.141], [2531143.087, 1175052.461], [2531125.177, 1175035.802], [2531124.867, 1175031.552], [2531166.916, 1174981.011], [2531188.826, 1174954.531], [2531223.716, 1174916.912], [2531225.876, 1174915.986], [2531229.027, 1174916.266], [2531232.095, 1174917.222], [2531234.774, 1174919.777], [2531238.38, 1174916.483], [2531243.703, 1174911.64], [2531325.773, 1174989.776], [2531299.675, 1175017.226], [2531339.683, 1175055.052], [2531368.207, 1175024.884], [2531438.11, 1175073.361], [2531452.365, 1175058.13], [2531483.102, 1175086.895], [2531516.08, 1175081.456], [2531525.71, 1175071.186], [2531528.32, 1175064.706], [2531533.38, 1175063.606], [2531535.027, 1175063.248], [2531541.11, 1175093.645], [2531479.3, 1175108.806], [2531477.83, 1175113.145], [2531489.24, 1175124.925], [2531594.651, 1175207.752], [2531569.111, 1175232.402], [2531581.59, 1175294.425], [2531583.05, 1175301.68], [2531589.509, 1175333.788], [2531620.414, 1175487.3969999999], [2531600.604, 1175522.606], [2531595.334, 1175524.746]]]}, "properties": {"OBJECTID": 52203070, "EGRID": "CH414501838370", "NUMERO": "281", "NO_COM_FED": 5757, "GENRE_TXT": "parcelle priv\u00e9e", "SUPERFICIE_MO": 112957, "SUPERFICIE_RF": 113037}}, {"type": "Feature", "id": 52203426, "geometry": {"type": "Polygon", "coordinates": [[[2530553.107, 1174637.964], [2530536.938, 1174624.533], [2530543.162, 1174617.174], [2530553.096, 1174605.481], [2530558.726, 1174596.484], [2530582.106, 1174608.489], [2530574.217, 1174626.971], [2530572.136, 1174631.167], [2530569.672, 1174635.244], [2530566.805, 1174639.121], [2530561.151, 1174644.778], [2530558.901, 1174642.8429999999], [2530563.299, 1174637.099], [2530558.485, 1174634.604], [2530563.636, 1174624.497], [2530556.016, 1174620.554], [2530550.713, 1174630.873], [2530555.484, 1174633.341], [2530553.107, 1174637.964]], [[2530575.643, 1174610.887], [2530573.112, 1174609.49], [2530563.576, 1174604.584], [2530561.826, 1174607.977], [2530561.381, 1174607.747], [2530559.64, 1174611.1570000001], [2530569.605, 1174616.289], [2530572.221, 1174617.518], [2530575.643, 1174610.887]]]}, "properties": {"OBJECTID": 52203426, "EGRID": "CH529067834527", "NUMERO": "1032", "NO_COM_FED": 5757, "GENRE_TXT": "parcelle priv\u00e9e", "SUPERFICIE_MO": 902, "SUPERFICIE_RF": 902}}, {"type": "Feature", "id": 52204174, "geometry": {"type": "Polygon", "coordinates": [[[2530700.329, 1174363.362], [2530717.126, 1174366.106], [2530700.43, 1174411.655], [2530677.222, 1174401.104], [2530642.076, 1174385.1], [2530650.57, 1174371.77], [2530660.159, 1174356.803], [2530661.146, 1174356.964], [2530700.329, 1174363.362]]]}, "properties": {"OBJECTID": 52204174, "EGRID": "CH498390684506", "NUMERO": "1175", "NO_COM_FED": 5757, "GENRE_TXT": "parcelle priv\u00e9e", "SUPERFICIE_MO": 2441, "SUPERFICIE_RF": 2441}}, {"type": "Feature", "id": 52204296, "geometry": {"type": "Polygon", "coordinates": [[[2530605.297, 1175161.449], [2530599.707, 1175156.869], [2530597.067, 1175130.099], [2530599.217, 1175129.889], [2530599.207, 1175129.549], [2530598.776, 1175102.449], [2530598.486, 1175100.929], [2530597.726, 1175084.909], [2530602.896, 1175091.549], [2530603.597, 1175129.459], [2530613.337, 1175128.488], [2530613.687, 1175148.518], [2530614.367, 1175155.608], [2530642.327, 1175152.837], [2530639.827, 1175127.567], [2530644.737, 1175127.087], [2530647.717, 1175157.257], [2530644.417, 1175157.587], [2530644.517, 1175158.627], [2530642.727, 1175158.807], [2530642.627, 1175157.757], [2530614.747, 1175160.518], [2530605.297, 1175161.449]]]}, "properties": {"OBJECTID": 52204296, "EGRID": "CH328398834505", "NUMERO": "424", "NO_COM_FED": 5757, "GENRE_TXT": "parcelle priv\u00e9e", "SUPERFICIE_MO": 950, "SUPERFICIE_RF": 950}}, {"type": "Feature", "id": 52204791, "geometry": {"type": "Polygon", "coordinates": [[[2530657.046, 1175085.857], [2530666.386, 1175083.097], [2530668.226, 1175088.177], [2530658.386, 1175090.717], [2530657.046, 1175085.857]]]}, "properties": {"OBJECTID": 52204791, "EGRID": "CH208345058301", "NUMERO": "453", "NO_COM_FED": 5757, "GENRE_TXT": "parcelle priv\u00e9e", "SUPERFICIE_MO": 52, "SUPERFICIE_RF": 52}}, {"type": "Feature", "id": 52205494, "geometry": {"type": "Polygon", "coordinates": [[[2530456.62, 1175411.893], [2530446.619, 1175382.693], [2530473.099, 1175371.033], [2530485.13, 1175395.072], [2530501.01, 1175443.112], [2530502.89, 1175452.921], [2530510.38, 1175450.651], [2530513.24, 1175449.781], [2530514.47, 1175453.101], [2530521.231, 1175464.721], [2530528.921, 1175472.531], [2530538.8109999998, 1175481.06], [2530543.801, 1175485.66], [2530546.521, 1175490.48], [2530553.471, 1175497.72], [2530555.181, 1175500.46], [2530560.741, 1175509.99], [2530565.8310000002, 1175519.159], [2530572.641, 1175528.469], [2530576.801, 1175534.839], [2530581.112, 1175544.729], [2530583.862, 1175555.439], [2530583.892, 1175563.489], [2530584.522, 1175568.549], [2530583.782, 1175576.569], [2530582.262, 1175583.899], [2530580.012, 1175593.529], [2530576.602, 1175604.249], [2530574.972, 1175612.009], [2530570.762, 1175620.879], [2530565.423, 1175631.469], [2530560.623, 1175639.379], [2530555.793, 1175648.27], [2530550.383, 1175657.91], [2530547.613, 1175663.51], [2530541.973, 1175675.2], [2530536.463, 1175684.9], [2530533.363, 1175690.09], [2530529.153, 1175696.07], [2530519.703, 1175705.891], [2530512.373, 1175713.331], [2530505.333, 1175719.781], [2530498.134, 1175726.551], [2530491.5640000002, 1175730.851], [2530481.254, 1175733.552], [2530473.354, 1175732.442], [2530465.894, 1175731.242], [2530463.213, 1175729.172], [2530457.163, 1175726.023], [2530446.033, 1175723.733], [2530438.273, 1175720.143], [2530430.143, 1175715.213], [2530423.363, 1175710.024], [2530417.363, 1175705.174], [2530411.443, 1175699.324], [2530405.433, 1175692.634], [2530393.443, 1175681.285], [2530383.673, 1175672.035], [2530376.443, 1175666.045], [2530367.432, 1175658.796], [2530357.382, 1175649.566], [2530348.632, 1175642.406], [2530343.462, 1175638.716], [2530336.102, 1175631.767], [2530325.082, 1175622.767], [2530318.712, 1175616.6469999999], [2530308.222, 1175611.6469999999], [2530292.762, 1175605.597], [2530279.552, 1175599.677], [2530268.812, 1175597.667], [2530269.052, 1175596.597], [2530270.612, 1175589.6570000001], [2530272.011, 1175583.467], [2530222.701, 1175560.737], [2530221.961, 1175531.276], [2530221.681, 1175519.996], [2530233.451, 1175506.496], [2530244.82, 1175493.606], [2530248.74, 1175489.156], [2530251.43, 1175491.706], [2530270.361, 1175509.036], [2530282.231, 1175518.956], [2530339.221, 1175569.376], [2530393.571, 1175573.055], [2530397.3310000002, 1175529.555], [2530392.951, 1175514.315], [2530383.77, 1175469.025], [2530382.28, 1175461.685], [2530463.97, 1175437.943], [2530456.62, 1175411.893]]]}, "properties": {"OBJECTID": 52205494, "EGRID": "CH628223834523", "NUMERO": "2301", "NO_COM_FED": 5757, "GENRE_TXT": "parcelle priv\u00e9e", "SUPERFICIE_MO": 59472, "SUPERFICIE_RF": 59472}}, {"type": "Feature", "id": 52205672, "geometry": {"type": "Polygon", "coordinates": [[[2531150.985, 1176398.96], [2531297.254, 1176378.609], [2531297.342, 1176379.236], [2531298.822, 1176379.903], [2531298.942, 1176380.775], [2531297.664, 1176381.775], [2531297.801, 1176382.874], [2531152.078, 1176403.153], [2531150.985, 1176398.96]]]}, "properties": {"OBJECTID": 52205672, "EGRID": "CH898383874570", "NUMERO": "DP 63", "NO_COM_FED": 5757, "GENRE_TXT": "DP cantonal", "SUPERFICIE_MO": 636, "SUPERFICIE_RF": null}}, {"type": "Feature", "id": 52205836, "geometry": {"type": "Polygon", "coordinates": [[[2531084.827, 1175019.413], [2531070.856, 1175010.924], [2531082.463, 1174994.928], [2531095.93, 1175004.02], [2531084.827, 1175019.413]]]}, "properties": {"OBJECTID": 52205836, "EGRID": "CH938383457041", "NUMERO": "997", "NO_COM_FED": 5757, "GENRE_TXT": "parcelle priv\u00e9e", "SUPERFICIE_MO": 315, "SUPERFICIE_RF": 315}}, {"type": "Feature", "id": 52206076, "geometry": {"type": "Polygon", "coordinates": [[[2530732.062, 1174663.715], [2530743.042, 1174663.605], [2530762.212, 1174660.294], [2530771.502, 1174662.654], [2530774.292, 1174663.364], [2530779.672, 1174664.734], [2530789.302, 1174666.483], [2530782.422, 1174678.823], [2530769.152, 1174696.704], [2530759.652, 1174704.114], [2530734.102, 1174683.495], [2530715.552, 1174690.786], [2530702.452, 1174698.076], [2530708.712, 1174689.426], [2530721.532, 1174684.005], [2530723.402, 1174683.215], [2530732.062, 1174663.715]]]}, "properties": {"OBJECTID": 52206076, "EGRID": "CH152183824590", "NUMERO": "1060", "NO_COM_FED": 5757, "GENRE_TXT": "parcelle priv\u00e9e", "SUPERFICIE_MO": 1768, "SUPERFICIE_RF": 1768}}, {"type": "Feature", "id": 52206123, "geometry": {"type": "Polygon", "coordinates": [[[2531158.17, 1175294.181], [2531157.6796399644, 1175293.509415545], [2531157.0881664883, 1175292.9249176644], [2531156.4108120883, 1175292.4425592278], [2531155.665021014, 1175292.074762656], [2531154.87, 1175291.831], [2531148.6, 1175281.821], [2531132.96, 1175261.861], [2531098.649, 1175218.123], [2531070.028, 1175181.654], [2531061.528, 1175176.044], [2531059.018, 1175174.334], [2531042.158, 1175152.384], [2531038.028, 1175146.525], [2531034.188, 1175141.625], [2531032.038, 1175139.755], [2531031.5995473163, 1175139.4537100093], [2531031.127116192, 1175139.2091180088], [2531030.628, 1175139.025], [2531030.0096316407, 1175138.88894694], [2531029.378, 1175138.845], [2531027.878, 1175139.055], [2531026.51898685, 1175139.4700051302], [2531025.238, 1175140.085], [2531039.668, 1175125.715], [2531039.665133281, 1175126.254461347], [2531039.7389551555, 1175126.7888554838], [2531039.8879672997, 1175127.3073360943], [2531040.109145292, 1175127.7993798507], [2531040.398, 1175128.255], [2531047.228, 1175136.384], [2531059.168, 1175150.714], [2531069.868, 1175164.674], [2531087.509, 1175187.233], [2531094.099, 1175195.563], [2531106.9390000002, 1175211.792], [2531165.52, 1175287.62], [2531158.17, 1175294.181]]]}, "properties": {"OBJECTID": 52206123, "EGRID": "CH408345708329", "NUMERO": "DP 148", "NO_COM_FED": 5757, "GENRE_TXT": "DP communal", "SUPERFICIE_MO": 2319, "SUPERFICIE_RF": null}}, {"type": "Feature", "id": 52206372, "geometry": {"type": "Polygon", "coordinates": [[[2530945.64, 1175308.977], [2530944.91, 1175307.247], [2530945.66, 1175305.417], [2530928.219, 1175265.438], [2530924.119, 1175254.708], [2530920.659, 1175243.708], [2530917.769, 1175232.528], [2530915.699, 1175221.108], [2530912.048, 1175191.959], [2530912.378, 1175189.119], [2530915.128, 1175188.599], [2530923.258, 1175187.038], [2530928.618, 1175185.678], [2530933.848, 1175183.508], [2530940.508, 1175202.938], [2530942.499, 1175208.748], [2530943.519, 1175211.748], [2530948.699, 1175227.037], [2530973.85, 1175301.377], [2530963.76, 1175305.6469999999], [2530962.21, 1175301.947], [2530945.64, 1175308.977]]]}, "properties": {"OBJECTID": 52206372, "EGRID": "CH144583837176", "NUMERO": "692", "NO_COM_FED": 5757, "GENRE_TXT": "parcelle priv\u00e9e", "SUPERFICIE_MO": 3642, "SUPERFICIE_RF": 3642}}, {"type": "Feature", "id": 52206477, "geometry": {"type": "Polygon", "coordinates": [[[2530100.6859999998, 1175992.46], [2530105.096, 1176009.541], [2530101.216, 1176010.551], [2530054.534, 1175829.739], [2530042.244, 1175819.069], [2529991.364, 1175805.749], [2529948.854, 1175794.639], [2529906.874, 1175784.309], [2529875.603, 1175776.149], [2529832.523, 1175768.349], [2529820.463, 1175759.719], [2529846.173, 1175763.529], [2529906.403, 1175779.139], [2529949.744, 1175789.819], [2530034.024, 1175811.849], [2530069.594, 1175817.659], [2530058.404, 1175828.739], [2530067.915, 1175865.559], [2530079.035, 1175908.63], [2530100.6859999998, 1175992.46]]]}, "properties": {"OBJECTID": 52206477, "EGRID": "CH568283456365", "NUMERO": "DP 13", "NO_COM_FED": 5757, "GENRE_TXT": "DP communal", "SUPERFICIE_MO": 2161, "SUPERFICIE_RF": null}}, {"type": "Feature", "id": 52206621, "geometry": {"type": "Polygon", "coordinates": [[[2530243.15, 1174551.589], [2530243.462, 1174551.371], [2530253.842, 1174555.896], [2530293.022, 1174561.235], [2530306.732, 1174567.315], [2530308.726, 1174567.909], [2530308.829, 1174567.515], [2530316.775, 1174570.513], [2530316.634, 1174570.993], [2530319.435, 1174571.935], [2530319.773, 1174571.043], [2530341.774, 1174577.417], [2530338.634, 1174578.695], [2530329.98, 1174585.901], [2530328.347, 1174587.261], [2530325.931, 1174583.375], [2530325.008, 1174582.814], [2530319.605, 1174580.206], [2530312.959, 1174575.819], [2530307.356, 1174575.019], [2530300.954, 1174571.828], [2530295.944, 1174571.765], [2530293.583, 1174571.46], [2530286.996, 1174571.071], [2530280.376, 1174570.385], [2530279.202, 1174571.06], [2530274.966, 1174570.074], [2530270.098, 1174567.723], [2530264.845, 1174567.294], [2530261.84, 1174566.476], [2530260.5609999998, 1174565.082], [2530259.139, 1174561.574], [2530257.339, 1174559.568], [2530253.602, 1174556.937], [2530248.273, 1174554.548], [2530243.15, 1174551.589]]]}, "properties": {"OBJECTID": 52206621, "EGRID": "CH344583905503", "NUMERO": "1134", "NO_COM_FED": 5757, "GENRE_TXT": "parcelle priv\u00e9e", "SUPERFICIE_MO": 756, "SUPERFICIE_RF": 756}}, {"type": "Feature", "id": 52206659, "geometry": {"type": "Polygon", "coordinates": [[[2531270.575, 1174661.016], [2531266.334, 1174644.1570000001], [2531285.985, 1174639.826], [2531294.285, 1174673.636], [2531274.575, 1174677.876], [2531270.575, 1174661.016]]]}, "properties": {"OBJECTID": 52206659, "EGRID": "CH654283824532", "NUMERO": "271", "NO_COM_FED": 5757, "GENRE_TXT": "parcelle priv\u00e9e", "SUPERFICIE_MO": 698, "SUPERFICIE_RF": 695}}, {"type": "Feature", "id": 52206868, "geometry": {"type": "Polygon", "coordinates": [[[2530705.866, 1175080.175], [2530694.896, 1175064.066], [2530700.526, 1175061.346], [2530704.896, 1175068.345], [2530708.306, 1175073.095], [2530710.216, 1175075.005], [2530710.976, 1175076.395], [2530711.506, 1175079.345], [2530711.476, 1175079.645], [2530710.056, 1175079.505], [2530709.356, 1175081.795], [2530709.216, 1175081.745], [2530708.816, 1175083.025], [2530706.996, 1175082.455], [2530706.856, 1175082.415], [2530707.106, 1175081.615], [2530706.066, 1175080.045], [2530705.866, 1175080.175]]]}, "properties": {"OBJECTID": 52206868, "EGRID": "CH768283453921", "NUMERO": "2655", "NO_COM_FED": 5757, "GENRE_TXT": "parcelle priv\u00e9e", "SUPERFICIE_MO": 131, "SUPERFICIE_RF": 131}}, {"type": "Feature", "id": 52206962, "geometry": {"type": "Polygon", "coordinates": [[[2530777.106, 1175006.833], [2530789.366, 1174999.523], [2530794.306, 1175007.863], [2530783.906, 1175015.713], [2530777.106, 1175006.833]]]}, "properties": {"OBJECTID": 52206962, "EGRID": "CH538382452141", "NUMERO": "376", "NO_COM_FED": 5757, "GENRE_TXT": "parcelle priv\u00e9e", "SUPERFICIE_MO": 142, "SUPERFICIE_RF": 142}}, {"type": "Feature", "id": 52207187, "geometry": {"type": "Polygon", "coordinates": [[[2531362.716, 1174699.905], [2531383.416, 1174694.934], [2531386.096, 1174706.054], [2531390.166, 1174723.064], [2531394.056, 1174738.533], [2531372.856, 1174743.654], [2531372.026, 1174740.124], [2531371.676, 1174738.504], [2531370.126, 1174731.914], [2531362.716, 1174699.905]]]}, "properties": {"OBJECTID": 52207187, "EGRID": "CH938383451202", "NUMERO": "228", "NO_COM_FED": 5757, "GENRE_TXT": "parcelle priv\u00e9e", "SUPERFICIE_MO": 965, "SUPERFICIE_RF": 965}}, {"type": "Feature", "id": 52207499, "geometry": {"type": "Polygon", "coordinates": [[[2530761.579, 1176184.565], [2530791.079, 1176170.534], [2530791.499, 1176186.024], [2530785.499, 1176185.825], [2530792.869, 1176202.644], [2530797.889, 1176219.245], [2530790.879, 1176222.215], [2530791.559, 1176228.095], [2530785.529, 1176228.775], [2530785.069, 1176224.675], [2530775.529, 1176228.705], [2530761.579, 1176184.565]]]}, "properties": {"OBJECTID": 52207499, "EGRID": "CH698383704592", "NUMERO": "930", "NO_COM_FED": 5757, "GENRE_TXT": "parcelle priv\u00e9e", "SUPERFICIE_MO": 1234, "SUPERFICIE_RF": 1234}}, {"type": "Feature", "id": 52207666, "geometry": {"type": "Polygon", "coordinates": [[[2530763.947, 1175114.003], [2530769.047, 1175122.513], [2530768.637, 1175122.773], [2530774.297, 1175132.703], [2530775.607, 1175135.003], [2530761.317, 1175141.924], [2530756.877, 1175144.104], [2530752.167, 1175145.834], [2530744.717, 1175149.544], [2530742.837, 1175150.364], [2530737.907, 1175130.804], [2530734.307, 1175120.784], [2530736.697, 1175118.254], [2530740.947, 1175113.374], [2530753.617, 1175097.274], [2530754.087, 1175097.564], [2530763.947, 1175114.003]]]}, "properties": {"OBJECTID": 52207666, "EGRID": "CH187983458303", "NUMERO": "365", "NO_COM_FED": 5757, "GENRE_TXT": "parcelle priv\u00e9e", "SUPERFICIE_MO": 1172, "SUPERFICIE_RF": 1172}}, {"type": "Feature", "id": 52207673, "geometry": {"type": "Polygon", "coordinates": [[[2530783.644, 1176069.32], [2530803.628, 1176062.543], [2530834.328, 1176052.092], [2530836.228, 1176062.362], [2530840.208, 1176076.322], [2530790.968, 1176092.804], [2530783.644, 1176069.32]]]}, "properties": {"OBJECTID": 52207673, "EGRID": "CH898382614560", "NUMERO": "942", "NO_COM_FED": 5757, "GENRE_TXT": "parcelle priv\u00e9e", "SUPERFICIE_MO": 1296, "SUPERFICIE_RF": 1296}}, {"type": "Feature", "id": 52207692, "geometry": {"type": "Polygon", "coordinates": [[[2530608.89, 1176296.77], [2530609.82, 1176294.54], [2530617.34, 1176272.24], [2530646.84, 1176275.299], [2530645.2, 1176291.479], [2530636.89, 1176310.33], [2530608.89, 1176296.77]]]}, "properties": {"OBJECTID": 52207692, "EGRID": "CH838383457570", "NUMERO": "1469", "NO_COM_FED": 5757, "GENRE_TXT": "parcelle priv\u00e9e", "SUPERFICIE_MO": 982, "SUPERFICIE_RF": 982}}, {"type": "Feature", "id": 52207930, "geometry": {"type": "Polygon", "coordinates": [[[2530298.9, 1174689.617], [2530292.862, 1174717.97], [2530259.933, 1174706.595], [2530261.4390000002, 1174688.47], [2530294.825, 1174688.412], [2530298.9, 1174689.617]]]}, "properties": {"OBJECTID": 52207930, "EGRID": "CH686583450793", "NUMERO": "2810", "NO_COM_FED": 5757, "GENRE_TXT": "parcelle priv\u00e9e", "SUPERFICIE_MO": 862, "SUPERFICIE_RF": 862}}, {"type": "Feature", "id": 52208126, "geometry": {"type": "Polygon", "coordinates": [[[2530840.619, 1175309.011], [2530844.969, 1175309.731], [2530847.21, 1175316.871], [2530850.11, 1175326.37], [2530852.17, 1175332.33], [2530854.39, 1175336.48], [2530855.051557835, 1175337.1378393036], [2530855.8058402785, 1175337.686901517], [2530856.635142801, 1175338.1142990428], [2530857.52, 1175338.41], [2530858.543369643, 1175338.5759425133], [2530859.5800568582, 1175338.5658449105], [2530860.6, 1175338.38], [2530876.34, 1175334.44], [2530886.15, 1175331.979], [2530891.04, 1175330.829], [2530892.77, 1175331.999], [2530901.103, 1175350.126], [2530902.35, 1175352.839], [2530906.75, 1175362.119], [2530909.95, 1175368.788], [2530917.731, 1175383.988], [2530914.681, 1175387.4780000001], [2530903.73, 1175364.009], [2530892.42, 1175339.699], [2530890.61, 1175336.829], [2530890.0830699177, 1175336.3603592878], [2530889.4849675414, 1175335.986791388], [2530888.832656847, 1175335.718891806], [2530888.14463932, 1175335.564258977], [2530887.4404292013, 1175335.5272787516], [2530886.74, 1175335.609], [2530881.92, 1175336.589], [2530858.69, 1175342.6], [2530851.41, 1175344.22], [2530850.45, 1175340.29], [2530848.23, 1175332.871], [2530846.44, 1175327.201], [2530840.619, 1175309.011]]]}, "properties": {"OBJECTID": 52208126, "EGRID": "CH298383794507", "NUMERO": "DP 21", "NO_COM_FED": 5757, "GENRE_TXT": "DP communal", "SUPERFICIE_MO": 500, "SUPERFICIE_RF": null}}, {"type": "Feature", "id": 52208422, "geometry": {"type": "Polygon", "coordinates": [[[2530730.458, 1175200.364], [2530726.888, 1175194.845], [2530746.538, 1175185.284], [2530746.698, 1175185.594], [2530751.408, 1175183.224], [2530751.258, 1175182.884], [2530755.448, 1175180.854], [2530757.408, 1175185.074], [2530750.808, 1175188.274], [2530748.618, 1175189.344], [2530748.758, 1175189.614], [2530730.458, 1175200.364]]]}, "properties": {"OBJECTID": 52208422, "EGRID": "CH344583822359", "NUMERO": "333", "NO_COM_FED": 5757, "GENRE_TXT": "parcelle priv\u00e9e", "SUPERFICIE_MO": 167, "SUPERFICIE_RF": 167}}, {"type": "Feature", "id": 52208465, "geometry": {"type": "Polygon", "coordinates": [[[2530696.505, 1174931.216], [2530707.615, 1174924.236], [2530705.245, 1174920.516], [2530710.285, 1174917.365], [2530717.005, 1174927.385], [2530711.585, 1174930.325], [2530701.945, 1174935.426], [2530701.075, 1174935.656], [2530698.765, 1174936.536], [2530696.505, 1174931.216]]]}, "properties": {"OBJECTID": 52208465, "EGRID": "CH128221834517", "NUMERO": "526", "NO_COM_FED": 5757, "GENRE_TXT": "parcelle priv\u00e9e", "SUPERFICIE_MO": 163, "SUPERFICIE_RF": 163}}, {"type": "Feature", "id": 52208476, "geometry": {"type": "Polygon", "coordinates": [[[2530771.162, 1175562.553], [2530796.852, 1175559.342], [2530799.582, 1175559.042], [2530801.302, 1175565.662], [2530823.003, 1175582.561], [2530828.743, 1175587.981], [2530839.463, 1175602.71], [2530839.853, 1175603.24], [2530847.563, 1175616.24], [2530851.523, 1175622.58], [2530852.003, 1175622.25], [2530861.963, 1175638.52], [2530867.423, 1175647.41], [2530867.003, 1175647.55], [2530872.834, 1175657.459], [2530880.004, 1175674.109], [2530876.894, 1175677.749], [2530873.234, 1175668.479], [2530868.884, 1175658.959], [2530863.634, 1175649.94], [2530859.083, 1175643.08], [2530854.703, 1175636.3], [2530847.123, 1175622.78], [2530843.473, 1175616.95], [2530837.073, 1175607.151], [2530832.923, 1175601.231], [2530829.203, 1175595.891], [2530825.533, 1175591.901], [2530818.843, 1175584.561], [2530813.793, 1175579.841], [2530810.583, 1175577.501], [2530800.682, 1175571.912], [2530792.252, 1175568.7719999999], [2530790.412, 1175568.462], [2530788.592, 1175568.462], [2530775.352, 1175571.213], [2530758.542, 1175570.643], [2530755.512, 1175570.773], [2530753.172, 1175570.913], [2530750.642, 1175568.803], [2530748.982, 1175568.473], [2530742.952, 1175567.154], [2530739.482, 1175566.344], [2530724.882, 1175563.744], [2530721.432, 1175565.724], [2530719.572, 1175569.084], [2530718.342, 1175553.914], [2530719.272, 1175554.924], [2530720.502, 1175555.314], [2530730.422, 1175558.004], [2530749.622, 1175562.383], [2530763.512, 1175563.513], [2530771.162, 1175562.553]]]}, "properties": {"OBJECTID": 52208476, "EGRID": "CH657083834549", "NUMERO": "DP 17", "NO_COM_FED": 5757, "GENRE_TXT": "DP communal", "SUPERFICIE_MO": 1246, "SUPERFICIE_RF": null}}, {"type": "Feature", "id": 52208637, "geometry": {"type": "Polygon", "coordinates": [[[2530666.587, 1175159.927], [2530670.517, 1175159.576], [2530670.527, 1175159.806], [2530683.277, 1175158.486], [2530683.187, 1175162.496], [2530655.337, 1175165.6570000001], [2530654.757, 1175161.127], [2530666.587, 1175159.927]]]}, "properties": {"OBJECTID": 52208637, "EGRID": "CH144583822231", "NUMERO": "DP 113", "NO_COM_FED": 5757, "GENRE_TXT": "DP communal", "SUPERFICIE_MO": 121, "SUPERFICIE_RF": null}}, {"type": "Feature", "id": 52208903, "geometry": {"type": "Polygon", "coordinates": [[[2530336.738, 1174403.678], [2530338.068, 1174408.002], [2530334.671, 1174409.046], [2530331.042, 1174410.203], [2530329.776, 1174405.859], [2530332.194, 1174405.074], [2530334.88, 1174404.265], [2530336.738, 1174403.678]]]}, "properties": {"OBJECTID": 52208903, "EGRID": "CH538390456720", "NUMERO": "2496", "NO_COM_FED": 5757, "GENRE_TXT": "DDP superficie", "SUPERFICIE_MO": 33, "SUPERFICIE_RF": 33}}, {"type": "Feature", "id": 52209366, "geometry": {"type": "Polygon", "coordinates": [[[2530567.254, 1174355.803], [2530568.633, 1174349.817], [2530570.587, 1174330.391], [2530616.215, 1174338.839], [2530610.644, 1174364.016], [2530567.254, 1174355.803]]]}, "properties": {"OBJECTID": 52209366, "EGRID": "CH444583906853", "NUMERO": "2363", "NO_COM_FED": 5757, "GENRE_TXT": "parcelle priv\u00e9e", "SUPERFICIE_MO": 1155, "SUPERFICIE_RF": 1155}}, {"type": "Feature", "id": 52209560, "geometry": {"type": "Polygon", "coordinates": [[[2530782.71, 1175326.893], [2530780.649, 1175316.223], [2530784.799, 1175305.523], [2530796.299, 1175303.242], [2530802.269, 1175302.092], [2530802.139, 1175312.752], [2530798.289, 1175313.512], [2530800.62, 1175323.712], [2530782.71, 1175326.893]]]}, "properties": {"OBJECTID": 52209560, "EGRID": "CH738383459782", "NUMERO": "1485", "NO_COM_FED": 5757, "GENRE_TXT": "parcelle priv\u00e9e", "SUPERFICIE_MO": 394, "SUPERFICIE_RF": 394}}, {"type": "Feature", "id": 52209953, "geometry": {"type": "Polygon", "coordinates": [[[2530826.453, 1175645.911], [2530835.363, 1175643.421], [2530838.523, 1175642.75], [2530854.703, 1175636.3], [2530859.083, 1175643.08], [2530863.634, 1175649.94], [2530868.884, 1175658.959], [2530873.234, 1175668.479], [2530876.894, 1175677.749], [2530847.824, 1175687.27], [2530842.264, 1175689.47], [2530826.633, 1175646.411], [2530826.453, 1175645.911]]]}, "properties": {"OBJECTID": 52209953, "EGRID": "CH644583837004", "NUMERO": "761", "NO_COM_FED": 5757, "GENRE_TXT": "parcelle priv\u00e9e", "SUPERFICIE_MO": 1570, "SUPERFICIE_RF": 1570}}, {"type": "Feature", "id": 52210390, "geometry": {"type": "Polygon", "coordinates": [[[2530428.362, 1174703.127], [2530427.725, 1174701.894], [2530425.9359999998, 1174699.585], [2530425.608, 1174697.815], [2530426.175, 1174696.439], [2530428.832, 1174694.676], [2530429.582, 1174690.977], [2530424.971, 1174686.347], [2530424.237, 1174684.531], [2530425.163, 1174684.153], [2530457.704, 1174670.904], [2530460.299, 1174678.484], [2530469.112, 1174696.749], [2530466.772, 1174699.279], [2530446.501, 1174715.241], [2530428.362, 1174703.127]]]}, "properties": {"OBJECTID": 52210390, "EGRID": "CH509145078365", "NUMERO": "2740", "NO_COM_FED": 5757, "GENRE_TXT": "parcelle priv\u00e9e", "SUPERFICIE_MO": 1188, "SUPERFICIE_RF": 1188}}, {"type": "Feature", "id": 52210481, "geometry": {"type": "Polygon", "coordinates": [[[2530791.984, 1174345.922], [2530785.279, 1174349.998], [2530773.527, 1174348.701], [2530757.346, 1174352.341], [2530758.166, 1174331.726], [2530771.423, 1174330.997], [2530773.913, 1174316.838], [2530795.284, 1174320.168], [2530791.984, 1174345.922]]]}, "properties": {"OBJECTID": 52210481, "EGRID": "CH956883904577", "NUMERO": "1186", "NO_COM_FED": 5757, "GENRE_TXT": "parcelle priv\u00e9e", "SUPERFICIE_MO": 923, "SUPERFICIE_RF": 923}}, {"type": "Feature", "id": 52210600, "geometry": {"type": "Polygon", "coordinates": [[[2530555.817, 1175177.86], [2530563.937, 1175177.78], [2530564.047, 1175189.89], [2530555.947, 1175189.93], [2530555.817, 1175177.86]]]}, "properties": {"OBJECTID": 52210600, "EGRID": "CH444583831530", "NUMERO": "2615", "NO_COM_FED": 5757, "GENRE_TXT": "DDP superficie", "SUPERFICIE_MO": 98, "SUPERFICIE_RF": 98}}, {"type": "Feature", "id": 52210787, "geometry": {"type": "Polygon", "coordinates": [[[2530433.579, 1175135.636], [2530374.578, 1175131.808], [2530376.529, 1175083.734], [2530377.975, 1175067.892], [2530381.239, 1175051.5929999999], [2530388.909, 1175037.027], [2530395.248, 1175029.947], [2530412.577, 1175014.309], [2530425.32, 1175002.628], [2530433.45, 1174994.928], [2530437.116, 1174988.898], [2530440.417, 1174977.5219999999], [2530442.629, 1174921.627], [2530443.786, 1174914.839], [2530449.482, 1174930.023], [2530449.106, 1174930.0219999999], [2530448.896, 1174933.327], [2530451.401, 1174933.449], [2530452.672, 1174938.211], [2530456.038, 1174941.477], [2530457.885, 1174946.069], [2530462.008, 1174947.973], [2530463.221, 1174950.116], [2530463.164, 1174952.081], [2530465.664, 1174956.437], [2530474.036, 1174962.818], [2530476.19, 1174965.916], [2530481.148, 1174967.3], [2530486.745, 1174971.1030000001], [2530490.638, 1174971], [2530492, 1174971.105], [2530493.406, 1174972.598], [2530496.522, 1174979.243], [2530498.224, 1174981.269], [2530501.606, 1174982.598], [2530509.324, 1174981.737], [2530511.881, 1174982.254], [2530508.975, 1174986.774], [2530500.083, 1175000.601], [2530486.211, 1175049.5929999999], [2530478.874, 1175056.081], [2530467.722, 1175047.089], [2530447.608, 1175057.725], [2530442.2, 1175071.927], [2530435.001, 1175100.2820000001], [2530435.703, 1175126.894], [2530433.579, 1175135.636]]]}, "properties": {"OBJECTID": 52210787, "EGRID": "CH656883904582", "NUMERO": "2315", "NO_COM_FED": 5757, "GENRE_TXT": "parcelle priv\u00e9e", "SUPERFICIE_MO": 12712, "SUPERFICIE_RF": 12712}}, {"type": "Feature", "id": 52210865, "geometry": {"type": "Polygon", "coordinates": [[[2530176.027, 1174393.074], [2530172.251, 1174393.923], [2530170.624, 1174384.095], [2530165.647, 1174352.614], [2530157.327, 1174310.398], [2530134.618, 1174241.368], [2530130.455, 1174238.62], [2530084.33, 1174246.54], [2530080.787, 1174250.206], [2530079.356, 1174240.358], [2530083.6890000002, 1174242.636], [2530136.322, 1174233.508], [2530166.772, 1174319.205], [2530173.52, 1174373.066], [2530176.027, 1174393.074]]]}, "properties": {"OBJECTID": 52210865, "EGRID": "CH174590568333", "NUMERO": "DP 192", "NO_COM_FED": 5757, "GENRE_TXT": "DP communal", "SUPERFICIE_MO": 1106, "SUPERFICIE_RF": null}}, {"type": "Feature", "id": 52211122, "geometry": {"type": "Polygon", "coordinates": [[[2531337.289, 1176053.708], [2531335.558, 1175994.378], [2531340.988, 1175945.787], [2531355.557, 1175929.776], [2531599.388, 1175897.151], [2531610.578, 1175901.701], [2531676.32, 1176020.112], [2531338.589, 1176068.738], [2531337.289, 1176053.708]]]}, "properties": {"OBJECTID": 52211122, "EGRID": "CH458183834514", "NUMERO": "167", "NO_COM_FED": 5757, "GENRE_TXT": "parcelle priv\u00e9e", "SUPERFICIE_MO": 40990, "SUPERFICIE_RF": 40990}}, {"type": "Feature", "id": 52211242, "geometry": {"type": "Polygon", "coordinates": [[[2530521.797, 1176014.66], [2530500.157, 1176017.781], [2530499.987, 1176016.521], [2530471.687, 1176020.2719999999], [2530470.527, 1176006.202], [2530520.397, 1176000.61], [2530521.797, 1176014.66]]]}, "properties": {"OBJECTID": 52211242, "EGRID": "CH184183458260", "NUMERO": "887", "NO_COM_FED": 5757, "GENRE_TXT": "parcelle priv\u00e9e", "SUPERFICIE_MO": 709, "SUPERFICIE_RF": 709}}, {"type": "Feature", "id": 52211371, "geometry": {"type": "Polygon", "coordinates": [[[2530447.252, 1175569.983], [2530446.451, 1175562.473], [2530445.981, 1175556.033], [2530468.251, 1175553.712], [2530470.422, 1175574.372], [2530448.052, 1175576.823], [2530447.252, 1175569.983]]]}, "properties": {"OBJECTID": 52211371, "EGRID": "CH928315834563", "NUMERO": "2302", "NO_COM_FED": 5757, "GENRE_TXT": "DDP superficie", "SUPERFICIE_MO": 470, "SUPERFICIE_RF": 470}}, {"type": "Feature", "id": 52211992, "geometry": {"type": "Polygon", "coordinates": [[[2530589.601, 1175454.419], [2530591.01, 1175423.399], [2530592.21, 1175414.129], [2530594.33, 1175403.269], [2530597.85, 1175387.9679999999], [2530599.75, 1175379.458], [2530605.729, 1175358.318], [2530607.039, 1175354.4780000001], [2530610.299, 1175345.2280000001], [2530611.539, 1175342.408], [2530614.779, 1175337.608], [2530615.649, 1175336.308], [2530618.359, 1175335.738], [2530624.219, 1175334.548], [2530628.869, 1175337.208], [2530635.09, 1175363.587], [2530638.91, 1175371.637], [2530646.59, 1175386.787], [2530651.93, 1175397.487], [2530655.4, 1175404.357], [2530657.08, 1175407.087], [2530659.11, 1175409.566], [2530661.63, 1175412.096], [2530664.55, 1175414.306], [2530668.86, 1175416.596], [2530666.62, 1175428.386], [2530665.91, 1175433.146], [2530658.34, 1175434.876], [2530639.471, 1175439.4070000001], [2530589.601, 1175454.419]]]}, "properties": {"OBJECTID": 52211992, "EGRID": "CH974583868325", "NUMERO": "617", "NO_COM_FED": 5757, "GENRE_TXT": "parcelle priv\u00e9e", "SUPERFICIE_MO": 5370, "SUPERFICIE_RF": 5370}}, {"type": "Feature", "id": 52212354, "geometry": {"type": "Polygon", "coordinates": [[[2530736.649, 1175287.884], [2530737.839, 1175278.364], [2530741.569, 1175278.714], [2530741.499, 1175279.164], [2530750.549, 1175280.694], [2530749.359, 1175289.824], [2530748.179, 1175292.504], [2530745.989, 1175294.644], [2530746.21720825, 1175293.9348740117], [2530746.322806571, 1175293.1974544108], [2530746.302781992, 1175292.452781537], [2530746.1577058616, 1175291.7221026819], [2530745.8917175476, 1175291.0262658552], [2530745.5124063306, 1175290.3851249397], [2530745.0305948635, 1175289.816973214], [2530744.4600303764, 1175289.3380214013], [2530743.8169924337, 1175288.9619351386], [2530743.1198284407, 1175288.6994450628], [2530742.388430148, 1175288.5580406417], [2530741.6436660923, 1175288.5417564807], [2530740.9067861666, 1175288.6510572054], [2530740.1988153127, 1175288.8828242058], [2530739.5399536258, 1175289.230444617], [2530738.949, 1175289.684], [2530738.789, 1175288.184], [2530736.649, 1175287.884]]]}, "properties": {"OBJECTID": 52212354, "EGRID": "CH944583837294", "NUMERO": "604", "NO_COM_FED": 5757, "GENRE_TXT": "parcelle priv\u00e9e", "SUPERFICIE_MO": 134, "SUPERFICIE_RF": 134}}, {"type": "Feature", "id": 52212361, "geometry": {"type": "Polygon", "coordinates": [[[2530784.471, 1174427.204], [2530780.192, 1174440.969], [2530750.867, 1174432.462], [2530751.74, 1174408.104], [2530752.618, 1174402.033], [2530786.496, 1174399.179], [2530790.471, 1174398.87], [2530784.471, 1174427.204]]]}, "properties": {"OBJECTID": 52212361, "EGRID": "CH974590688316", "NUMERO": "2300", "NO_COM_FED": 5757, "GENRE_TXT": "parcelle priv\u00e9e", "SUPERFICIE_MO": 1262, "SUPERFICIE_RF": 1262}}, {"type": "Feature", "id": 52212411, "geometry": {"type": "Polygon", "coordinates": [[[2531288.826, 1174806.773], [2531292.696, 1174829.423], [2531289.906, 1174831.043], [2531279.196, 1174837.253], [2531274.036, 1174838.203], [2531271.2060000002, 1174838.713], [2531266.746, 1174811.703], [2531288.826, 1174806.773]]]}, "properties": {"OBJECTID": 52212411, "EGRID": "CH152983824568", "NUMERO": "127", "NO_COM_FED": 5757, "GENRE_TXT": "parcelle priv\u00e9e", "SUPERFICIE_MO": 592, "SUPERFICIE_RF": 595}}, {"type": "Feature", "id": 52213206, "geometry": {"type": "Polygon", "coordinates": [[[2530636.035, 1175850.1570000001], [2530633.785, 1175830.347], [2530633.045, 1175824.1469999999], [2530646.315, 1175822.866], [2530646.885, 1175823.556], [2530652.045, 1175833.676], [2530654.135, 1175835.846], [2530652.085, 1175837.866], [2530648.475, 1175841.236], [2530644.605, 1175844.356], [2530640.545, 1175847.297], [2530636.035, 1175850.1570000001]]]}, "properties": {"OBJECTID": 52213206, "EGRID": "CH951383834531", "NUMERO": "797", "NO_COM_FED": 5757, "GENRE_TXT": "parcelle priv\u00e9e", "SUPERFICIE_MO": 355, "SUPERFICIE_RF": 355}}, {"type": "Feature", "id": 52213226, "geometry": {"type": "Polygon", "coordinates": [[[2530742.837, 1175150.364], [2530744.717, 1175149.544], [2530752.167, 1175145.834], [2530756.877, 1175144.104], [2530761.317, 1175141.924], [2530775.607, 1175135.003], [2530783.397, 1175149.473], [2530767.597, 1175155.5929999999], [2530767.487, 1175155.523], [2530763.197, 1175157.613], [2530763.327, 1175158.203], [2530750.068, 1175164.784], [2530745.917, 1175156.404], [2530742.907, 1175150.714], [2530742.837, 1175150.364]]]}, "properties": {"OBJECTID": 52213226, "EGRID": "CH950383834510", "NUMERO": "364", "NO_COM_FED": 5757, "GENRE_TXT": "parcelle priv\u00e9e", "SUPERFICIE_MO": 572, "SUPERFICIE_RF": 572}}, {"type": "Feature", "id": 52214149, "geometry": {"type": "Polygon", "coordinates": [[[2530826.009, 1174401.763], [2530825.747, 1174404.749], [2530823.234, 1174404.345], [2530790.471, 1174398.87], [2530786.496, 1174399.179], [2530785.8109999998, 1174371.501], [2530827.964, 1174378.516], [2530826.009, 1174401.763]]]}, "properties": {"OBJECTID": 52214149, "EGRID": "CH798390684501", "NUMERO": "2731", "NO_COM_FED": 5757, "GENRE_TXT": "parcelle priv\u00e9e", "SUPERFICIE_MO": 1085, "SUPERFICIE_RF": 1085}}, {"type": "Feature", "id": 52214498, "geometry": {"type": "Polygon", "coordinates": [[[2530701.549, 1175287.265], [2530701.349, 1175287.125], [2530699.149, 1175288.535], [2530695.759, 1175290.595], [2530694.109, 1175290.956], [2530693.9189999998, 1175280.606], [2530705.999, 1175281.105], [2530701.549, 1175287.265]]]}, "properties": {"OBJECTID": 52214498, "EGRID": "CH998383034594", "NUMERO": "460", "NO_COM_FED": 5757, "GENRE_TXT": "parcelle priv\u00e9e", "SUPERFICIE_MO": 78, "SUPERFICIE_RF": 78}}, {"type": "Feature", "id": 52214647, "geometry": {"type": "Polygon", "coordinates": [[[2530475.324, 1174883.26], [2530472.424, 1174896.45], [2530478.514, 1174898.18], [2530478.254, 1174898.64], [2530471.434, 1174910.47], [2530451.469, 1174899.335], [2530454.612, 1174892.127], [2530459.858, 1174886.588], [2530468.961, 1174883.465], [2530475.324, 1174883.26]]]}, "properties": {"OBJECTID": 52214647, "EGRID": "CH374590698323", "NUMERO": "499", "NO_COM_FED": 5757, "GENRE_TXT": "parcelle priv\u00e9e", "SUPERFICIE_MO": 427, "SUPERFICIE_RF": 427}}, {"type": "Feature", "id": 52214670, "geometry": {"type": "Polygon", "coordinates": [[[2531227.196, 1174825.944], [2531223.885, 1174790.504], [2531226.965, 1174789.774], [2531254.986, 1174782.964], [2531257.416, 1174792.584], [2531258.236, 1174797.234], [2531258.546, 1174799.104], [2531261.796, 1174817.893], [2531230.486, 1174825.1030000001], [2531227.196, 1174825.944]]]}, "properties": {"OBJECTID": 52214670, "EGRID": "CH814521838246", "NUMERO": "264", "NO_COM_FED": 5757, "GENRE_TXT": "parcelle priv\u00e9e", "SUPERFICIE_MO": 1203, "SUPERFICIE_RF": 1208}}, {"type": "Feature", "id": 52214786, "geometry": {"type": "Polygon", "coordinates": [[[2530751.198, 1175171.614], [2530744.728, 1175175.004], [2530740.328, 1175177.154], [2530740.228, 1175176.874], [2530721.698, 1175185.795], [2530721.898, 1175186.155], [2530717.528, 1175188.685], [2530717.618, 1175188.905], [2530716.598, 1175189.365], [2530716.078, 1175188.185], [2530716.248, 1175188.095], [2530712.758, 1175180.635], [2530710.368, 1175174.255], [2530710.228, 1175174.295], [2530709.978, 1175173.445], [2530712.858, 1175172.495], [2530712.968, 1175172.775], [2530715.598, 1175171.935], [2530715.738, 1175172.345], [2530737.207, 1175163.394], [2530739.388, 1175168.504], [2530741.268, 1175167.774], [2530741.438, 1175168.194], [2530747.928, 1175165.294], [2530749.888, 1175168.594], [2530751.198, 1175171.614]]]}, "properties": {"OBJECTID": 52214786, "EGRID": "CH398382234553", "NUMERO": "336", "NO_COM_FED": 5757, "GENRE_TXT": "parcelle priv\u00e9e", "SUPERFICIE_MO": 496, "SUPERFICIE_RF": 496}}, {"type": "Feature", "id": 52214823, "geometry": {"type": "Polygon", "coordinates": [[[2530598.21, 1176327.361], [2530598.49, 1176319.911], [2530608.89, 1176296.77], [2530636.89, 1176310.33], [2530631.78, 1176321.88], [2530624.08, 1176339.38], [2530598.21, 1176327.361]]]}, "properties": {"OBJECTID": 52214823, "EGRID": "CH998382384595", "NUMERO": "1471", "NO_COM_FED": 5757, "GENRE_TXT": "parcelle priv\u00e9e", "SUPERFICIE_MO": 989, "SUPERFICIE_RF": 989}}, {"type": "Feature", "id": 52215091, "geometry": {"type": "Polygon", "coordinates": [[[2530791.174, 1174875.393], [2530798.214, 1174877.883], [2530777.754, 1174889.833], [2530772.214, 1174892.513], [2530768.964, 1174894.054], [2530761.244, 1174898.024], [2530761.304, 1174896.324], [2530746.554, 1174897.854], [2530744.534, 1174892.674], [2530758.494, 1174890.804], [2530758.484, 1174890.504], [2530761.514, 1174890.334], [2530766.074, 1174887.944], [2530770.104, 1174886.484], [2530775.914, 1174884.6030000001], [2530773.934, 1174879.473], [2530771.764, 1174880.364], [2530771.634, 1174879.964], [2530775.204, 1174878.613], [2530777.2939999998, 1174883.703], [2530784.674, 1174880.503], [2530791.174, 1174875.393]]]}, "properties": {"OBJECTID": 52215091, "EGRID": "CH544583822487", "NUMERO": "572", "NO_COM_FED": 5757, "GENRE_TXT": "parcelle priv\u00e9e", "SUPERFICIE_MO": 317, "SUPERFICIE_RF": 317}}, {"type": "Feature", "id": 52215382, "geometry": {"type": "Polygon", "coordinates": [[[2531183.695, 1174759.835], [2531180.225, 1174727.636], [2531210.945, 1174723.976], [2531214.305, 1174723.466], [2531219.985, 1174750.995], [2531220.275, 1174753.585], [2531217.345, 1174754.075], [2531183.695, 1174759.835]]]}, "properties": {"OBJECTID": 52215382, "EGRID": "CH914512838392", "NUMERO": "259", "NO_COM_FED": 5757, "GENRE_TXT": "parcelle priv\u00e9e", "SUPERFICIE_MO": 1127, "SUPERFICIE_RF": 1126}}, {"type": "Feature", "id": 52215418, "geometry": {"type": "Polygon", "coordinates": [[[2530400.733, 1174490.026], [2530433.528, 1174485.95], [2530433.825, 1174488.743], [2530436.917, 1174516.127], [2530416.059, 1174520.052], [2530398.776, 1174509.552], [2530395.945, 1174500.906], [2530400.733, 1174490.026]]]}, "properties": {"OBJECTID": 52215418, "EGRID": "CH874590568386", "NUMERO": "1151", "NO_COM_FED": 5757, "GENRE_TXT": "parcelle priv\u00e9e", "SUPERFICIE_MO": 1060, "SUPERFICIE_RF": 1060}}, {"type": "Feature", "id": 52215519, "geometry": {"type": "Polygon", "coordinates": [[[2529999.507, 1176173.363], [2529998.427, 1176169.403], [2530038.877, 1176167.692], [2530079.458, 1176165.952], [2530130.898, 1176163.622], [2530138.278, 1176153.172], [2530145.118, 1176176.562], [2530131.748, 1176167.742], [2530059.868, 1176170.802], [2529999.507, 1176173.363]]]}, "properties": {"OBJECTID": 52215519, "EGRID": "CH368283456732", "NUMERO": "DP 4", "NO_COM_FED": 5757, "GENRE_TXT": "DP communal", "SUPERFICIE_MO": 680, "SUPERFICIE_RF": null}}, {"type": "Feature", "id": 52215618, "geometry": {"type": "Polygon", "coordinates": [[[2530644.857, 1175954.986], [2530643.207, 1175958.006], [2530636.307, 1175954.247], [2530637.947, 1175951.227], [2530638.907, 1175949.466], [2530645.807, 1175953.226], [2530644.857, 1175954.986]]]}, "properties": {"OBJECTID": 52215618, "EGRID": "CH281583458348", "NUMERO": "873", "NO_COM_FED": 5757, "GENRE_TXT": "DDP superficie", "SUPERFICIE_MO": 43, "SUPERFICIE_RF": 43}}, {"type": "Feature", "id": 52216178, "geometry": {"type": "Polygon", "coordinates": [[[2530271.977, 1176057.758], [2530274.507, 1176075.078], [2530239.877, 1176080.149], [2530241.307, 1176062.249], [2530271.977, 1176057.758]]]}, "properties": {"OBJECTID": 52216178, "EGRID": "CH928386834506", "NUMERO": "2558", "NO_COM_FED": 5757, "GENRE_TXT": "parcelle priv\u00e9e", "SUPERFICIE_MO": 578, "SUPERFICIE_RF": 578}}, {"type": "Feature", "id": 52216209, "geometry": {"type": "Polygon", "coordinates": [[[2530660.147, 1175118.537], [2530660.717, 1175118.3969999999], [2530676.567, 1175115.296], [2530677.547, 1175120.656], [2530663.657, 1175122.847], [2530660.927, 1175123.327], [2530660.147, 1175118.537]]]}, "properties": {"OBJECTID": 52216209, "EGRID": "CH974583038380", "NUMERO": "447", "NO_COM_FED": 5757, "GENRE_TXT": "parcelle priv\u00e9e", "SUPERFICIE_MO": 86, "SUPERFICIE_RF": 86}}, {"type": "Feature", "id": 52216427, "geometry": {"type": "Polygon", "coordinates": [[[2530309.822, 1174777.128], [2530316.325, 1174748.248], [2530317.083, 1174744.72], [2530321.633, 1174724.06], [2530325.164, 1174708.1], [2530338.921, 1174720.153], [2530363.183, 1174738.524], [2530361.183, 1174743.262], [2530353.0810000002, 1174762.4780000001], [2530343.95, 1174783.45], [2530343.172, 1174785.238], [2530320.378, 1174778.054], [2530309.822, 1174777.128]]]}, "properties": {"OBJECTID": 52216427, "EGRID": "CH138390456957", "NUMERO": "1475", "NO_COM_FED": 5757, "GENRE_TXT": "parcelle priv\u00e9e", "SUPERFICIE_MO": 2360, "SUPERFICIE_RF": 2360}}, {"type": "Feature", "id": 52216684, "geometry": {"type": "Polygon", "coordinates": [[[2530312.871, 1174911.681], [2530397.275, 1174935.255], [2530434.852, 1174950.347], [2530434.711, 1174955.154], [2530429.908, 1174975.067], [2530426.32, 1174983.9], [2530418.072, 1174996.753], [2530407.168, 1175008.717], [2530387.072, 1175022.705], [2530379.039, 1175029.637], [2530376.47, 1175032.878], [2530359.414, 1175020.304], [2530338.273, 1175010.686], [2530317.325, 1174997.99], [2530299.001, 1174992.958], [2530282.903, 1174988.181], [2530262.861, 1174977.864], [2530249.467, 1174975.04], [2530241.997, 1174974.064], [2530248.041918922, 1174974.1352552671], [2530254.0542554916, 1174973.504437495], [2530259.952745195, 1174972.1800730026], [2530265.657662306, 1174970.1800622912], [2530271.0918974825, 1174967.531438095], [2530276.182, 1174964.27], [2530280.6441463474, 1174960.635869837], [2530284.677598572, 1174956.5311268216], [2530288.233, 1174952.006], [2530312.871, 1174911.681]]]}, "properties": {"OBJECTID": 52216684, "EGRID": "CH786983459062", "NUMERO": "2316", "NO_COM_FED": 5757, "GENRE_TXT": "parcelle priv\u00e9e", "SUPERFICIE_MO": 11864, "SUPERFICIE_RF": 11864}}, {"type": "Feature", "id": 52216943, "geometry": {"type": "Polygon", "coordinates": [[[2530587.966, 1175043.169], [2530586.196, 1175047.049], [2530584.156, 1175051.979], [2530582.406, 1175058.299], [2530582.247988144, 1175059.8403329113], [2530582.296, 1175061.389], [2530582.4679325423, 1175062.5456642054], [2530582.756, 1175063.679], [2530572.746, 1175066.35], [2530567.556, 1175067.74], [2530576.766, 1175043.98], [2530581.246, 1175032.699], [2530591.585, 1175013.809], [2530594.775, 1175015.739], [2530607.605, 1174997.739], [2530614.635, 1174990.878], [2530617.785, 1174987.808], [2530627.045, 1174980.608], [2530639.675, 1174972.448], [2530639.655, 1174974.268], [2530632.615, 1174988.658], [2530626.675, 1174991.938], [2530618.895, 1174998.708], [2530611.885, 1175006.688], [2530602.995, 1175018.579], [2530594.896, 1175031.719], [2530591.376, 1175037.389], [2530587.966, 1175043.169]]]}, "properties": {"OBJECTID": 52216943, "EGRID": "CH168383457367", "NUMERO": "DP 110", "NO_COM_FED": 5757, "GENRE_TXT": "DP communal", "SUPERFICIE_MO": 1078, "SUPERFICIE_RF": null}}, {"type": "Feature", "id": 52217187, "geometry": {"type": "Polygon", "coordinates": [[[2530456.62, 1175411.893], [2530463.97, 1175437.943], [2530382.28, 1175461.685], [2530378.3, 1175444.785], [2530387.85, 1175441.425], [2530456.62, 1175411.893]]]}, "properties": {"OBJECTID": 52217187, "EGRID": "CH858683834534", "NUMERO": "2303", "NO_COM_FED": 5757, "GENRE_TXT": "parcelle priv\u00e9e", "SUPERFICIE_MO": 1853, "SUPERFICIE_RF": 1853}}, {"type": "Feature", "id": 52217554, "geometry": {"type": "Polygon", "coordinates": [[[2530250.79, 1175663.111], [2530264.752, 1175669.084], [2530242.903, 1175712.552], [2530237.968, 1175722.369], [2530235.023, 1175728.2280000001], [2530224.378, 1175722.883], [2530250.79, 1175663.111]]]}, "properties": {"OBJECTID": 52217554, "EGRID": "CH298399294513", "NUMERO": "2681", "NO_COM_FED": 5757, "GENRE_TXT": "parcelle priv\u00e9e", "SUPERFICIE_MO": 890, "SUPERFICIE_RF": 890}}, {"type": "Feature", "id": 52217567, "geometry": {"type": "Polygon", "coordinates": [[[2531062.77, 1175333.364], [2531094.94, 1175318.893], [2531110.751, 1175347.5320000001], [2531076.601, 1175363.233], [2531062.77, 1175333.364]]]}, "properties": {"OBJECTID": 52217567, "EGRID": "CH944583822052", "NUMERO": "713", "NO_COM_FED": 5757, "GENRE_TXT": "parcelle priv\u00e9e", "SUPERFICIE_MO": 1194, "SUPERFICIE_RF": 1194}}, {"type": "Feature", "id": 52218616, "geometry": {"type": "Polygon", "coordinates": [[[2530213.369, 1174589.207], [2530204.164, 1174581.911], [2530188.052, 1174564.004], [2530172.643, 1174544.042], [2530199.205, 1174543.23], [2530216.542, 1174553.153], [2530215.681, 1174554.222], [2530211.262, 1174564.317], [2530210.576, 1174568.302], [2530210.165975846, 1174571.6563163376], [2530210.062, 1174575.034], [2530210.276020529, 1174578.5251891494], [2530210.816, 1174581.981], [2530213.369, 1174589.207]]]}, "properties": {"OBJECTID": 52218616, "EGRID": "CH444583905566", "NUMERO": "2631", "NO_COM_FED": 5757, "GENRE_TXT": "parcelle priv\u00e9e", "SUPERFICIE_MO": 912, "SUPERFICIE_RF": 912}}, {"type": "Feature", "id": 52218758, "geometry": {"type": "Polygon", "coordinates": [[[2530814.679, 1174439.196], [2530844.623, 1174451.042], [2530834.926, 1174474.798], [2530805.17, 1174463.223], [2530803.16, 1174448.438], [2530807.798, 1174436.4780000001], [2530814.679, 1174439.196]]]}, "properties": {"OBJECTID": 52218758, "EGRID": "CH938390456877", "NUMERO": "1189", "NO_COM_FED": 5757, "GENRE_TXT": "parcelle priv\u00e9e", "SUPERFICIE_MO": 968, "SUPERFICIE_RF": 968}}, {"type": "Feature", "id": 52218777, "geometry": {"type": "Polygon", "coordinates": [[[2530311.487, 1176048.517], [2530307.577, 1176021.787], [2530306.636, 1176010.547], [2530307.196, 1176006.077], [2530308.966, 1176001.8969999999], [2530312.606, 1175999.367], [2530316.986, 1175998.567], [2530342.846, 1176000.296], [2530345.647, 1176043.976], [2530311.487, 1176048.517]]]}, "properties": {"OBJECTID": 52218777, "EGRID": "CH938382456852", "NUMERO": "1449", "NO_COM_FED": 5757, "GENRE_TXT": "parcelle priv\u00e9e", "SUPERFICIE_MO": 1676, "SUPERFICIE_RF": 1676}}, {"type": "Feature", "id": 52218811, "geometry": {"type": "Polygon", "coordinates": [[[2530695.655, 1174271.697], [2530671.278, 1174274.25], [2530668.587, 1174300.813], [2530666.792, 1174300.709], [2530627.484, 1174297.623], [2530623.934, 1174238.801], [2530608.219, 1174049.383], [2530612.606, 1174044.643], [2530713.632, 1174046.597], [2530718.388, 1174051.683], [2530720.452, 1174074.254], [2530730.737, 1174134.827], [2530738.027, 1174181.274], [2530746.647, 1174234.756], [2530751.268, 1174266.426], [2530714.771, 1174269.691], [2530695.655, 1174271.697]]]}, "properties": {"OBJECTID": 52218811, "EGRID": "CH298390564513", "NUMERO": "2366", "NO_COM_FED": 5757, "GENRE_TXT": "parcelle priv\u00e9e", "SUPERFICIE_MO": 27545, "SUPERFICIE_RF": 27545}}, {"type": "Feature", "id": 52219056, "geometry": {"type": "Polygon", "coordinates": [[[2530792.869, 1176202.644], [2530802.769, 1176199.434], [2530799.819, 1176178.434], [2530809.059, 1176175.914], [2530820.049, 1176172.913], [2530826.239, 1176197.774], [2530832.839, 1176224.344], [2530812.599, 1176227.854], [2530811.779, 1176227.904], [2530797.889, 1176219.245], [2530792.869, 1176202.644]]]}, "properties": {"OBJECTID": 52219056, "EGRID": "CH614570838360", "NUMERO": "2118", "NO_COM_FED": 5757, "GENRE_TXT": "parcelle priv\u00e9e", "SUPERFICIE_MO": 1400, "SUPERFICIE_RF": 1400}}, {"type": "Feature", "id": 52219376, "geometry": {"type": "Polygon", "coordinates": [[[2530697.719, 1175298.925], [2530713.279, 1175293.535], [2530713.989, 1175293.255], [2530716.019, 1175292.575], [2530715.899, 1175292.105], [2530721.179, 1175290.385], [2530721.449, 1175281.165], [2530721.639, 1175278.435], [2530731.6890000002, 1175278.374], [2530731.529, 1175281.174], [2530730.989, 1175288.064], [2530730.349, 1175296.134], [2530725.949, 1175296.854], [2530721.609, 1175298.225], [2530715.809, 1175300.695], [2530712.539, 1175301.995], [2530712.409, 1175301.725], [2530698.159, 1175305.685], [2530697.719, 1175298.925]]]}, "properties": {"OBJECTID": 52219376, "EGRID": "CH352183824522", "NUMERO": "592", "NO_COM_FED": 5757, "GENRE_TXT": "parcelle priv\u00e9e", "SUPERFICIE_MO": 360, "SUPERFICIE_RF": 360}}, {"type": "Feature", "id": 52219556, "geometry": {"type": "Polygon", "coordinates": [[[2530922.277, 1176004.859], [2530915.967, 1176005.659], [2530910.137, 1175994.879], [2530908.997, 1175992.959], [2530902.927, 1175986.179], [2530894.437, 1175982.99], [2530861.137, 1175975.69], [2530854.194, 1175971.594], [2530840.497, 1175963.511], [2530830.787, 1175963.621], [2530831.247, 1175973.591], [2530831.957, 1175983.501], [2530832.757, 1175993.431], [2530833.837, 1176003.731], [2530834.657, 1176010.352], [2530829.347, 1176016.182], [2530827.807, 1176003.292], [2530826.254, 1175982.612], [2530824.237, 1175955.741], [2530824.087, 1175953.741], [2530821.807, 1175922.791], [2530820.386, 1175899.461], [2530818.796, 1175871.061], [2530817.586, 1175846.031], [2530816.856, 1175829.461], [2530816.695, 1175825.641], [2530816.253911412, 1175821.6605400215], [2530815.185, 1175817.801], [2530813.887409613, 1175814.8012688954], [2530812.211282081, 1175811.9954314071], [2530810.185, 1175809.431], [2530808.105, 1175807.191], [2530799.255, 1175797.952], [2530782.275, 1175780.232], [2530782.825, 1175779.432], [2530782.135, 1175779.492], [2530739.445, 1175760.503], [2530732.925, 1175761.534], [2530728.495, 1175766.324], [2530736.774, 1175741.144], [2530739.684, 1175747.163], [2530743.434, 1175749.573], [2530776.315, 1175764.2719999999], [2530786.775, 1175775.872], [2530799.775, 1175789.482], [2530807.305, 1175797.381], [2530809.855, 1175799.971], [2530823.745, 1175814.461], [2530823.885, 1175817.621], [2530824.856, 1175834.861], [2530825.156, 1175840.031], [2530824.226, 1175863.401], [2530825.596, 1175897.681], [2530830.757, 1175920.721], [2530834.197, 1175927.921], [2530844.507, 1175951.021], [2530849.977, 1175960.811], [2530857.507, 1175966.24], [2530858.897, 1175965.81], [2530862.287, 1175967.81], [2530865.957, 1175969.16], [2530869.707, 1175969.83], [2530876.867, 1175971.67], [2530900.007, 1175976.669], [2530908.297, 1175978.469], [2530919.977, 1175999.149], [2530919.647, 1175999.379], [2530922.277, 1176004.859]]]}, "properties": {"OBJECTID": 52219556, "EGRID": "CH444583837270", "NUMERO": "DP 31", "NO_COM_FED": 5757, "GENRE_TXT": "DP communal", "SUPERFICIE_MO": 3393, "SUPERFICIE_RF": null}}, {"type": "Feature", "id": 52219989, "geometry": {"type": "Polygon", "coordinates": [[[2531267.836, 1174866.582], [2531235.726, 1174873.153], [2531232.216, 1174873.903], [2531228.756, 1174841.563], [2531232.066, 1174840.913], [2531264.286, 1174834.013], [2531266.506, 1174847.143], [2531267.726, 1174861.312], [2531267.836, 1174866.582]]]}, "properties": {"OBJECTID": 52219989, "EGRID": "CH228246834549", "NUMERO": "314", "NO_COM_FED": 5757, "GENRE_TXT": "parcelle priv\u00e9e", "SUPERFICIE_MO": 1194, "SUPERFICIE_RF": 1191}}, {"type": "Feature", "id": 52220143, "geometry": {"type": "Polygon", "coordinates": [[[2530517.148, 1175221.031], [2530490.4390000002, 1175186.43], [2530484.157, 1175178.731], [2530472.333, 1175163.001], [2530462.7, 1175143.845], [2530462.057, 1175142.567], [2530461.566, 1175138.063], [2530468.484, 1175138.06], [2530517.207, 1175138.041], [2530517.148, 1175221.031]]]}, "properties": {"OBJECTID": 52220143, "EGRID": "CH686883459026", "NUMERO": "658", "NO_COM_FED": 5757, "GENRE_TXT": "parcelle priv\u00e9e", "SUPERFICIE_MO": 2577, "SUPERFICIE_RF": 2577}}, {"type": "Feature", "id": 52220242, "geometry": {"type": "Polygon", "coordinates": [[[2531253.465, 1174753.295], [2531265.865, 1174750.155], [2531275.545, 1174760.734], [2531298.086, 1174779.194], [2531303.376, 1174782.514], [2531278.966, 1174788.754], [2531280.896, 1174797.194], [2531265.256, 1174800.644], [2531263.506, 1174791.024], [2531253.465, 1174753.295]]]}, "properties": {"OBJECTID": 52220242, "EGRID": "CH908245208336", "NUMERO": "278", "NO_COM_FED": 5757, "GENRE_TXT": "parcelle priv\u00e9e", "SUPERFICIE_MO": 1167, "SUPERFICIE_RF": 1167}}, {"type": "Feature", "id": 52220360, "geometry": {"type": "Polygon", "coordinates": [[[2530623.8310000002, 1176461.232], [2530588.421, 1176460.733], [2530585.5609999998, 1176460.713], [2530577.011, 1176423.763], [2530561.951, 1176421.283], [2530564.381, 1176410.403], [2530575.411, 1176377.902], [2530584.71, 1176364.922], [2530637.5810000002, 1176411.651], [2530636.901, 1176412.381], [2530615.781, 1176434.792], [2530620.091, 1176449.012], [2530623.8310000002, 1176461.232]]]}, "properties": {"OBJECTID": 52220360, "EGRID": "CH738382453853", "NUMERO": "912", "NO_COM_FED": 5757, "GENRE_TXT": "parcelle priv\u00e9e", "SUPERFICIE_MO": 4064, "SUPERFICIE_RF": 4064}}, {"type": "Feature", "id": 52220503, "geometry": {"type": "Polygon", "coordinates": [[[2530851.41, 1175344.22], [2530858.69, 1175342.6], [2530881.92, 1175336.589], [2530886.74, 1175335.609], [2530887.4404292013, 1175335.5272787516], [2530888.14463932, 1175335.564258977], [2530888.832656847, 1175335.718891806], [2530889.4849675414, 1175335.986791388], [2530890.0830699177, 1175336.3603592878], [2530890.61, 1175336.829], [2530892.42, 1175339.699], [2530903.73, 1175364.009], [2530914.681, 1175387.4780000001], [2530913.0810000002, 1175388.208], [2530915.861, 1175394.7179999999], [2530869.771, 1175411.33], [2530868.641, 1175409.68], [2530867.551, 1175402.49], [2530865.471, 1175396.98], [2530862.52, 1175392.49], [2530860.19, 1175384.22], [2530859.21, 1175378.26], [2530857.6, 1175371.93], [2530852.96, 1175351.9], [2530851.41, 1175344.22]]]}, "properties": {"OBJECTID": 52220503, "EGRID": "CH868383451482", "NUMERO": "611", "NO_COM_FED": 5757, "GENRE_TXT": "parcelle priv\u00e9e", "SUPERFICIE_MO": 3097, "SUPERFICIE_RF": 3097}}, {"type": "Feature", "id": 52220515, "geometry": {"type": "Polygon", "coordinates": [[[2530273.962, 1174343.167], [2530240.4189999998, 1174353.152], [2530204.48, 1174363.85], [2530173.52, 1174373.066], [2530166.772, 1174319.205], [2530400.329, 1174278.508], [2530401.528, 1174294.702], [2530402.26, 1174299.948], [2530402.934, 1174304.774], [2530311.746, 1174331.919], [2530273.962, 1174343.167]]]}, "properties": {"OBJECTID": 52220515, "EGRID": "CH938390455689", "NUMERO": "2705", "NO_COM_FED": 5757, "GENRE_TXT": "parcelle priv\u00e9e", "SUPERFICIE_MO": 9524, "SUPERFICIE_RF": 9524}}, {"type": "Feature", "id": 52220629, "geometry": {"type": "Polygon", "coordinates": [[[2530799.819, 1176178.434], [2530797.209, 1176159.774], [2530805.509, 1176157.274], [2530854.869, 1176142.402], [2530856.119, 1176147.402], [2530859.739, 1176161.872], [2530820.049, 1176172.913], [2530809.059, 1176175.914], [2530799.819, 1176178.434]]]}, "properties": {"OBJECTID": 52220629, "EGRID": "CH189083458394", "NUMERO": "931", "NO_COM_FED": 5757, "GENRE_TXT": "parcelle priv\u00e9e", "SUPERFICIE_MO": 1186, "SUPERFICIE_RF": 1186}}, {"type": "Feature", "id": 52220798, "geometry": {"type": "Polygon", "coordinates": [[[2530840.619, 1175309.011], [2530846.44, 1175327.201], [2530842.06, 1175328.631], [2530831.95, 1175331.801], [2530829.1, 1175332.651], [2530828.8, 1175331.361], [2530828.35, 1175327.401], [2530830.11, 1175318.101], [2530833.6890000002, 1175313.291], [2530840.619, 1175309.011]]]}, "properties": {"OBJECTID": 52220798, "EGRID": "CH557183834556", "NUMERO": "1496", "NO_COM_FED": 5757, "GENRE_TXT": "parcelle priv\u00e9e", "SUPERFICIE_MO": 264, "SUPERFICIE_RF": 264}}, {"type": "Feature", "id": 52220839, "geometry": {"type": "Polygon", "coordinates": [[[2530976.409, 1176176.049], [2530977.009, 1176178.849], [2530971.219, 1176180.089], [2530970.619, 1176177.309], [2530976.409, 1176176.049]]]}, "properties": {"OBJECTID": 52220839, "EGRID": "CH944583824428", "NUMERO": "64", "NO_COM_FED": 5757, "GENRE_TXT": "parcelle priv\u00e9e", "SUPERFICIE_MO": 17, "SUPERFICIE_RF": 17}}, {"type": "Feature", "id": 52220969, "geometry": {"type": "Polygon", "coordinates": [[[2530288.034, 1174740.512], [2530258.977, 1174743.194], [2530258.637, 1174729.383], [2530254.699, 1174726.741], [2530255.4390000002, 1174713.524], [2530255.6859999998, 1174709.106], [2530259.933, 1174706.595], [2530292.862, 1174717.97], [2530288.034, 1174740.512]]]}, "properties": {"OBJECTID": 52220969, "EGRID": "CH674507658301", "NUMERO": "2809", "NO_COM_FED": 5757, "GENRE_TXT": "parcelle priv\u00e9e", "SUPERFICIE_MO": 1025, "SUPERFICIE_RF": 1025}}, {"type": "Feature", "id": 52221280, "geometry": {"type": "Polygon", "coordinates": [[[2530868.021, 1174560.432], [2530907.151, 1174565.7719999999], [2530904.251, 1174587.211], [2530860.021, 1174581.082], [2530868.021, 1174560.432]]]}, "properties": {"OBJECTID": 52221280, "EGRID": "CH228372834579", "NUMERO": "239", "NO_COM_FED": 5757, "GENRE_TXT": "parcelle priv\u00e9e", "SUPERFICIE_MO": 908, "SUPERFICIE_RF": 907}}, {"type": "Feature", "id": 52221298, "geometry": {"type": "Polygon", "coordinates": [[[2530273.962, 1174343.167], [2530311.746, 1174331.919], [2530328.213, 1174387.354], [2530324.597, 1174388.461], [2530324.795, 1174389.127], [2530290.676, 1174399.303], [2530273.962, 1174343.167]]]}, "properties": {"OBJECTID": 52221298, "EGRID": "CH669083456705", "NUMERO": "2711", "NO_COM_FED": 5757, "GENRE_TXT": "parcelle priv\u00e9e", "SUPERFICIE_MO": 2305, "SUPERFICIE_RF": 2305}}, {"type": "Feature", "id": 52221300, "geometry": {"type": "Polygon", "coordinates": [[[2530615.948, 1175269.858], [2530616.058, 1175270.848], [2530618.149, 1175282.768], [2530618.789, 1175287.818], [2530619.9189999998, 1175294.438], [2530612.389, 1175295.918], [2530612.4390000002, 1175296.108], [2530598.789, 1175299.329], [2530597.899, 1175296.469], [2530595.309, 1175286.109], [2530592.018, 1175276.189], [2530615.948, 1175269.858]]]}, "properties": {"OBJECTID": 52221300, "EGRID": "CH287183458388", "NUMERO": "626", "NO_COM_FED": 5757, "GENRE_TXT": "parcelle priv\u00e9e", "SUPERFICIE_MO": 563, "SUPERFICIE_RF": 563}}, {"type": "Feature", "id": 52221486, "geometry": {"type": "Polygon", "coordinates": [[[2530839.909, 1175280.981], [2530835.4189999998, 1175274.031], [2530825.1890000002, 1175262.951], [2530821.499, 1175255.831], [2530819.449, 1175250.582], [2530815.929, 1175244.662], [2530812.909, 1175241.322], [2530805.018, 1175233.722], [2530802.898, 1175226.232], [2530802.758, 1175221.652], [2530803.808, 1175217.332], [2530805.938, 1175212.202], [2530807.378, 1175210.212], [2530812.038, 1175205.812], [2530814.388, 1175204.132], [2530819.348, 1175202.752], [2530832.288, 1175200.411], [2530843.888, 1175227.331], [2530858.159, 1175260.48], [2530860.6890000002, 1175266.34], [2530862.569, 1175270.71], [2530862.879, 1175271.43], [2530860.349, 1175272.48], [2530839.909, 1175280.981]]]}, "properties": {"OBJECTID": 52221486, "EGRID": "CH438382452175", "NUMERO": "685", "NO_COM_FED": 5757, "GENRE_TXT": "parcelle priv\u00e9e", "SUPERFICIE_MO": 2534, "SUPERFICIE_RF": 2534}}, {"type": "Feature", "id": 52221501, "geometry": {"type": "Polygon", "coordinates": [[[2530645.358, 1176139.838], [2530637.918, 1176135.168], [2530619.568, 1176131.989], [2530575.898, 1176132], [2530572.658, 1176132.19], [2530569.348, 1176132.37], [2530566.148, 1176132.54], [2530542.318, 1176133.801], [2530536.008, 1176134.141], [2530521.848, 1176134.891], [2530492.778, 1176136.412], [2530492.508, 1176132.422], [2530492.038, 1176125.412], [2530496.878, 1176126.312], [2530520.208, 1176125.121], [2530654.708, 1176118.017], [2530645.358, 1176139.838]]]}, "properties": {"OBJECTID": 52221501, "EGRID": "CH408245688362", "NUMERO": "DP 22", "NO_COM_FED": 5757, "GENRE_TXT": "DP communal", "SUPERFICIE_MO": 1804, "SUPERFICIE_RF": null}}, {"type": "Feature", "id": 52221565, "geometry": {"type": "Polygon", "coordinates": [[[2530801.35, 1175380.662], [2530822.4, 1175378.101], [2530823.47, 1175383.381], [2530830.84, 1175396.821], [2530837.281, 1175418.731], [2530828.091, 1175421.831], [2530822.451, 1175423.171], [2530814.461, 1175424.811], [2530810.5810000002, 1175425.602], [2530798.5609999998, 1175427.842], [2530797.801, 1175424.682], [2530788.131, 1175426.342], [2530787.011, 1175416.822], [2530787.261, 1175416.892], [2530786.571, 1175411.442], [2530784.52, 1175390.222], [2530783.38, 1175378.983], [2530783.566080818, 1175377.3646045697], [2530784.03, 1175375.803], [2530784.734700974, 1175374.3824924463], [2530785.67, 1175373.102], [2530789.07, 1175370.882], [2530790.41, 1175382.102], [2530801.35, 1175380.662]]]}, "properties": {"OBJECTID": 52221565, "EGRID": "CH838383451434", "NUMERO": "608", "NO_COM_FED": 5757, "GENRE_TXT": "parcelle priv\u00e9e", "SUPERFICIE_MO": 2070, "SUPERFICIE_RF": 2070}}, {"type": "Feature", "id": 52221853, "geometry": {"type": "Polygon", "coordinates": [[[2530365.995, 1175901.885], [2530364.356, 1175921.085], [2530363.486, 1175931.535], [2530358.036, 1175957.315], [2530331.266, 1175953.086], [2530311.386, 1175954.017], [2530312.386, 1175991.777], [2530310.386, 1175991.637], [2530309.636, 1175966.617], [2530287.995, 1175893.988], [2530311.195, 1175896.327], [2530334.545, 1175898.536], [2530365.995, 1175901.885]]]}, "properties": {"OBJECTID": 52221853, "EGRID": "CH174582438347", "NUMERO": "871", "NO_COM_FED": 5757, "GENRE_TXT": "parcelle priv\u00e9e", "SUPERFICIE_MO": 3817, "SUPERFICIE_RF": 3817}}, {"type": "Feature", "id": 52222143, "geometry": {"type": "Polygon", "coordinates": [[[2531186.995, 1174786.855], [2531187.195, 1174788.575], [2531188.751, 1174805.688], [2530986.093, 1174749.391], [2531007.292, 1174684.183], [2531018.883, 1174648.527], [2531023.353, 1174634.779], [2531037.842, 1174580.41], [2531047.622, 1174537.721], [2531055.532, 1174490.622], [2531059.542, 1174493.862], [2531064.682, 1174495.111], [2531081.242, 1174499.261], [2531106.072, 1174508.961], [2531124.562, 1174520.02], [2531144.383, 1174536.78], [2531150.793, 1174543.19], [2531166.204, 1174688.797], [2531176.114, 1174687.687], [2531180.225, 1174727.636], [2531183.695, 1174759.835], [2531186.995, 1174786.855]]]}, "properties": {"OBJECTID": 52222143, "EGRID": "CH908345728347", "NUMERO": "257", "NO_COM_FED": 5757, "GENRE_TXT": "parcelle priv\u00e9e", "SUPERFICIE_MO": 38982, "SUPERFICIE_RF": 39001}}, {"type": "Feature", "id": 52222391, "geometry": {"type": "Polygon", "coordinates": [[[2530316.698, 1174490.144], [2530325.27, 1174492.42], [2530314.695, 1174522.58], [2530284.242, 1174511.908], [2530293.962, 1174484.21], [2530304.599, 1174486.986], [2530316.698, 1174490.144]]]}, "properties": {"OBJECTID": 52222391, "EGRID": "CH869083455645", "NUMERO": "1144", "NO_COM_FED": 5757, "GENRE_TXT": "parcelle priv\u00e9e", "SUPERFICIE_MO": 990, "SUPERFICIE_RF": 990}}, {"type": "Feature", "id": 52222505, "geometry": {"type": "Polygon", "coordinates": [[[2530949.628, 1175176.787], [2530933.848, 1175183.508], [2530928.618, 1175185.678], [2530923.258, 1175187.038], [2530915.128, 1175188.599], [2530912.378, 1175189.119], [2530904.898, 1175189.669], [2530901.488, 1175182.749], [2530901.6728126775, 1175182.2705095254], [2530901.7738873465, 1175181.7676250741], [2530901.7883016905, 1175181.2548862644], [2530901.715638956, 1175180.747117629], [2530901.558, 1175180.259], [2530862.347, 1175118.75], [2530849.667, 1175098.781], [2530843.707, 1175089.341], [2530841.467, 1175085.801], [2530820.126, 1175050.962], [2530808.166, 1175031.072], [2530803.896, 1175023.892], [2530801.166, 1175019.242], [2530796.476, 1175011.483], [2530794.306, 1175007.863], [2530799.656, 1174997.952], [2530800.4560000002, 1174999.252], [2530812.056, 1175017.462], [2530812.876, 1175019.202], [2530818.636, 1175029.732], [2530822.066, 1175035.672], [2530822.596, 1175035.342], [2530830.226, 1175048.161], [2530840.677, 1175065.991], [2530851.637, 1175083.491], [2530865.517, 1175105.47], [2530873.427, 1175118.15], [2530882.307, 1175132.09], [2530904.728, 1175167.499], [2530906.868, 1175170.169], [2530909.468, 1175172.329], [2530912.408, 1175173.969], [2530915.588, 1175175.049], [2530918.938, 1175175.338], [2530922.308, 1175175.148], [2530925.618, 1175174.498], [2530928.868, 1175173.608], [2530953.348, 1175162.847], [2530970.688, 1175155.227], [2530975.908, 1175152.807], [2530983.118, 1175161.926], [2530979.218, 1175163.667], [2530966.278, 1175169.427], [2530949.628, 1175176.787]]]}, "properties": {"OBJECTID": 52222505, "EGRID": "CH868383457422", "NUMERO": "DP 108", "NO_COM_FED": 5757, "GENRE_TXT": "DP communal", "SUPERFICIE_MO": 2977, "SUPERFICIE_RF": null}}, {"type": "Feature", "id": 52222687, "geometry": {"type": "Polygon", "coordinates": [[[2530290.676, 1174399.303], [2530324.795, 1174389.127], [2530329.776, 1174405.859], [2530295.631, 1174415.996], [2530262.084, 1174425.993], [2530257.122, 1174409.311], [2530290.676, 1174399.303]]]}, "properties": {"OBJECTID": 52222687, "EGRID": "CH698390674538", "NUMERO": "2709", "NO_COM_FED": 5757, "GENRE_TXT": "parcelle priv\u00e9e", "SUPERFICIE_MO": 1230, "SUPERFICIE_RF": 1230}}, {"type": "Feature", "id": 52222863, "geometry": {"type": "Polygon", "coordinates": [[[2530826.009, 1174401.763], [2530827.964, 1174378.516], [2530829.042, 1174365.695], [2530829.791, 1174356.776], [2530850.693, 1174361.312], [2530850.422, 1174370.274], [2530850.358, 1174372.541], [2530849.993, 1174385.545], [2530849.714, 1174395.55], [2530849.432, 1174405.667], [2530826.009, 1174401.763]]]}, "properties": {"OBJECTID": 52222863, "EGRID": "CH174590688394", "NUMERO": "1166", "NO_COM_FED": 5757, "GENRE_TXT": "parcelle priv\u00e9e", "SUPERFICIE_MO": 1000, "SUPERFICIE_RF": 1000}}, {"type": "Feature", "id": 52223331, "geometry": {"type": "Polygon", "coordinates": [[[2530554.213, 1174812.089], [2530534.713, 1174802.179], [2530531.033, 1174800.369], [2530523.123, 1174796.469], [2530521.173, 1174794.419], [2530517.563, 1174790.649], [2530511.693, 1174782.229], [2530508.263, 1174777.349], [2530501.782, 1174762.169], [2530496.442, 1174747.139], [2530490.682, 1174733.159], [2530482.572, 1174719.949], [2530466.772, 1174699.279], [2530469.112, 1174696.749], [2530470.732, 1174695.809], [2530477.322, 1174691.989], [2530477.772, 1174691.729], [2530488.132, 1174711.009], [2530488.872, 1174712.419], [2530494.872, 1174723.879], [2530504.882, 1174742.809], [2530512.252, 1174756.189], [2530514.962, 1174760.949], [2530516.892, 1174764.339], [2530519.442, 1174768.819], [2530529.813, 1174782.189], [2530540.883, 1174791.409], [2530559.193, 1174801.309], [2530577.383, 1174809.709], [2530578.353, 1174810.359], [2530600.643, 1174825.339], [2530603.673, 1174829.389], [2530608.343, 1174834.929], [2530613.633, 1174841.219], [2530615.493, 1174843.429], [2530610.204, 1174851.869], [2530608.364, 1174855.109], [2530606.714, 1174853.019], [2530601.653, 1174846.579], [2530594.063, 1174836.939], [2530591.353, 1174833.529], [2530589.593, 1174831.639], [2530587.373, 1174830.299], [2530569.993, 1174820.759], [2530554.213, 1174812.089]]]}, "properties": {"OBJECTID": 52223331, "EGRID": "CH774583728338", "NUMERO": "DP 130", "NO_COM_FED": 5757, "GENRE_TXT": "DP communal", "SUPERFICIE_MO": 2561, "SUPERFICIE_RF": null}}, {"type": "Feature", "id": 52223368, "geometry": {"type": "Polygon", "coordinates": [[[2530872.279, 1176212.5219999999], [2530865.889, 1176186.752], [2530859.739, 1176161.872], [2530856.119, 1176147.402], [2530854.869, 1176142.402], [2530853.199, 1176135.712], [2530852.009, 1176130.952], [2530850.119, 1176123.402], [2530847.408, 1176112.502], [2530849.838, 1176111.862], [2530843.168, 1176086.622], [2530840.208, 1176076.322], [2530836.228, 1176062.362], [2530834.328, 1176052.092], [2530833.478, 1176047.912], [2530829.347, 1176016.182], [2530834.657, 1176010.352], [2530835.734, 1176018.102], [2530837.248, 1176029.002], [2530840.648, 1176050.5219999999], [2530840.868, 1176051.722], [2530843.548, 1176063.972], [2530845.558, 1176073.422], [2530847.568, 1176082.712], [2530850.138, 1176094.852], [2530855.208, 1176114.2820000001], [2530857.839, 1176124.162], [2530864.859, 1176153.952], [2530870.079, 1176174.392], [2530871.319, 1176178.932], [2530876.249, 1176198.322], [2530883.48, 1176226.952], [2530894.29, 1176258.972], [2530902.62, 1176274.802], [2530910.07, 1176288.932], [2530939.541, 1176335.752], [2530942.5609999998, 1176340.542], [2530950.721, 1176354.512], [2530940.5609999998, 1176351.7820000001], [2530936.611, 1176344.2820000001], [2530917.08, 1176313.182], [2530904.09, 1176292.652], [2530894.12, 1176274.172], [2530887.87, 1176261.752], [2530883.74, 1176250.982], [2530877.08, 1176230.622], [2530876.1, 1176226.702], [2530872.279, 1176212.5219999999]]]}, "properties": {"OBJECTID": 52223368, "EGRID": "CH938382456555", "NUMERO": "DP 25", "NO_COM_FED": 5757, "GENRE_TXT": "DP communal", "SUPERFICIE_MO": 2453, "SUPERFICIE_RF": null}}, {"type": "Feature", "id": 52223612, "geometry": {"type": "Polygon", "coordinates": [[[2530814.036, 1174990.922], [2530821.746, 1175003.222], [2530825.576, 1175009.292], [2530825.666, 1175009.442], [2530824.786, 1175009.892], [2530820.826, 1175011.822], [2530816.859, 1175014.373], [2530812.056, 1175017.462], [2530800.4560000002, 1174999.252], [2530799.656, 1174997.952], [2530806.9359999998, 1174993.342], [2530810.236, 1174991.252], [2530814.036, 1174990.922]]]}, "properties": {"OBJECTID": 52223612, "EGRID": "CH958883834543", "NUMERO": "673", "NO_COM_FED": 5757, "GENRE_TXT": "parcelle priv\u00e9e", "SUPERFICIE_MO": 364, "SUPERFICIE_RF": 364}}, {"type": "Feature", "id": 52223929, "geometry": {"type": "Polygon", "coordinates": [[[2530699.155, 1174986.056], [2530690.505, 1174966.256], [2530692.515, 1174965.406], [2530701.095, 1174962.006], [2530704.715, 1174960.566], [2530706.075, 1174959.996], [2530706.555, 1174960.956], [2530706.085, 1174961.246], [2530706.235, 1174961.516], [2530708.235, 1174965.995], [2530708.615, 1174966.835], [2530712.875, 1174976.035], [2530712.9819589555, 1174976.3331391006], [2530713.0400535883, 1174976.6445105108], [2530713.0477998955, 1174976.9611603746], [2530713.005, 1174977.275], [2530712.910512442, 1174977.5810797913], [2530712.768016364, 1174977.8679728117], [2530712.581223634, 1174978.12820581], [2530712.355, 1174978.355], [2530711.885, 1174978.625], [2530710.645, 1174980.155], [2530699.155, 1174986.056]]]}, "properties": {"OBJECTID": 52223929, "EGRID": "CH944583837393", "NUMERO": "511", "NO_COM_FED": 5757, "GENRE_TXT": "parcelle priv\u00e9e", "SUPERFICIE_MO": 340, "SUPERFICIE_RF": 340}}, {"type": "Feature", "id": 52224449, "geometry": {"type": "Polygon", "coordinates": [[[2531093.526, 1174979.683], [2531107.556, 1174987.903], [2531095.93, 1175004.02], [2531082.463, 1174994.928], [2531093.526, 1174979.683]]]}, "properties": {"OBJECTID": 52224449, "EGRID": "CH982583450704", "NUMERO": "2805", "NO_COM_FED": 5757, "GENRE_TXT": "parcelle priv\u00e9e", "SUPERFICIE_MO": 314, "SUPERFICIE_RF": 314}}, {"type": "Feature", "id": 52224838, "geometry": {"type": "Polygon", "coordinates": [[[2530974.356, 1174336.302], [2530895.598, 1174327.67], [2530896.475, 1174308.953], [2530977.778, 1174317.327], [2530974.356, 1174336.302]]]}, "properties": {"OBJECTID": 52224838, "EGRID": "CH329068834586", "NUMERO": "2405", "NO_COM_FED": 5757, "GENRE_TXT": "parcelle priv\u00e9e", "SUPERFICIE_MO": 1527, "SUPERFICIE_RF": 1527}}, {"type": "Feature", "id": 52225032, "geometry": {"type": "Polygon", "coordinates": [[[2530722.465, 1174979.205], [2530721.045, 1174977.315], [2530723.265, 1174975.725], [2530724.685, 1174974.485], [2530725.015, 1174974.865], [2530727.165, 1174972.495], [2530727.395, 1174972.815], [2530739.875, 1174989.594], [2530735.435, 1174995.025], [2530730.745, 1174989.215], [2530730.325, 1174989.545], [2530727.155, 1174985.415], [2530726.335, 1174986.025], [2530725.195, 1174984.535], [2530726.035, 1174983.895], [2530722.465, 1174979.205]]]}, "properties": {"OBJECTID": 52225032, "EGRID": "CH938383457338", "NUMERO": "584", "NO_COM_FED": 5757, "GENRE_TXT": "parcelle priv\u00e9e", "SUPERFICIE_MO": 166, "SUPERFICIE_RF": 166}}, {"type": "Feature", "id": 52225421, "geometry": {"type": "Polygon", "coordinates": [[[2530799.255, 1175797.952], [2530808.105, 1175807.191], [2530810.185, 1175809.431], [2530812.211282081, 1175811.9954314071], [2530813.887409613, 1175814.8012688954], [2530815.185, 1175817.801], [2530816.253911412, 1175821.6605400215], [2530816.695, 1175825.641], [2530816.856, 1175829.461], [2530786.735, 1175829.7820000001], [2530778.335, 1175823.482], [2530778.465, 1175823.252], [2530781.045, 1175820.0320000001], [2530799.255, 1175797.952]]]}, "properties": {"OBJECTID": 52225421, "EGRID": "CH928244834523", "NUMERO": "744", "NO_COM_FED": 5757, "GENRE_TXT": "parcelle priv\u00e9e", "SUPERFICIE_MO": 753, "SUPERFICIE_RF": 753}}, {"type": "Feature", "id": 52225563, "geometry": {"type": "Polygon", "coordinates": [[[2530976.67, 1174807.947], [2530990.106, 1174759.579], [2531006.871, 1174764.236], [2530993.435, 1174812.604], [2530976.67, 1174807.947]]]}, "properties": {"OBJECTID": 52225563, "EGRID": "CH880483450822", "NUMERO": "2818", "NO_COM_FED": 5757, "GENRE_TXT": "parcelle priv\u00e9e", "SUPERFICIE_MO": 873, "SUPERFICIE_RF": 873}}, {"type": "Feature", "id": 52225615, "geometry": {"type": "Polygon", "coordinates": [[[2530985.538, 1176016.217], [2530977.067, 1175979.787], [2530969.087, 1175959.377], [2531005.887, 1175948.836], [2531018.207, 1175991.946], [2531022.148, 1176005.746], [2530985.538, 1176016.217]]]}, "properties": {"OBJECTID": 52225615, "EGRID": "CH128390834548", "NUMERO": "118", "NO_COM_FED": 5757, "GENRE_TXT": "parcelle priv\u00e9e", "SUPERFICIE_MO": 2201, "SUPERFICIE_RF": 2201}}, {"type": "Feature", "id": 52225896, "geometry": {"type": "Polygon", "coordinates": [[[2530791.174, 1174875.393], [2530784.674, 1174880.503], [2530777.2939999998, 1174883.703], [2530775.204, 1174878.613], [2530787.074, 1174873.943], [2530791.174, 1174875.393]]]}, "properties": {"OBJECTID": 52225896, "EGRID": "CH538382452438", "NUMERO": "576", "NO_COM_FED": 5757, "GENRE_TXT": "parcelle priv\u00e9e", "SUPERFICIE_MO": 71, "SUPERFICIE_RF": 71}}, {"type": "Feature", "id": 52225927, "geometry": {"type": "Polygon", "coordinates": [[[2530757.916, 1175857.223], [2530754.366, 1175855.933], [2530758.616, 1175846.703], [2530759.056, 1175846.913], [2530762.016, 1175848.293], [2530759.846, 1175853.033], [2530757.916, 1175857.223]]]}, "properties": {"OBJECTID": 52225927, "EGRID": "CH914544838296", "NUMERO": "736", "NO_COM_FED": 5757, "GENRE_TXT": "parcelle priv\u00e9e", "SUPERFICIE_MO": 38, "SUPERFICIE_RF": 38}}, {"type": "Feature", "id": 52226044, "geometry": {"type": "Polygon", "coordinates": [[[2530278.177, 1174644.849], [2530265.191, 1174645.049], [2530265.175, 1174644.031], [2530265.066, 1174637.075], [2530264.94, 1174628.554], [2530264.829, 1174620.038], [2530277.833, 1174619.858], [2530278.163, 1174643.863], [2530278.177, 1174644.849]]]}, "properties": {"OBJECTID": 52226044, "EGRID": "CH374590558365", "NUMERO": "2498", "NO_COM_FED": 5757, "GENRE_TXT": "parcelle priv\u00e9e", "SUPERFICIE_MO": 325, "SUPERFICIE_RF": 325}}, {"type": "Feature", "id": 52226229, "geometry": {"type": "Polygon", "coordinates": [[[2530518.152, 1174687.318], [2530499.931, 1174667.348], [2530491.451, 1174652.4780000001], [2530506.481, 1174636.858], [2530517.481, 1174649.308], [2530522.871, 1174655.9780000001], [2530536.241, 1174670.638], [2530518.152, 1174687.318]]]}, "properties": {"OBJECTID": 52226229, "EGRID": "CH508245228369", "NUMERO": "1022", "NO_COM_FED": 5757, "GENRE_TXT": "parcelle priv\u00e9e", "SUPERFICIE_MO": 1070, "SUPERFICIE_RF": 1070}}, {"type": "Feature", "id": 52226847, "geometry": {"type": "Polygon", "coordinates": [[[2530818.043, 1174733.412], [2530814.023, 1174733.472], [2530810.043, 1174733.2719999999], [2530798.493, 1174732.083], [2530791.773, 1174731.393], [2530764.152, 1174728.544], [2530759.962, 1174728.414], [2530756.062, 1174728.834], [2530750.332, 1174730.334], [2530744.792, 1174732.795], [2530737.812, 1174736.465], [2530731.532, 1174739.905], [2530727.833, 1174741.925], [2530727.382, 1174741.305], [2530737.452, 1174731.825], [2530779.942, 1174696.223], [2530790.732, 1174687.183], [2530805.142, 1174668.113], [2530811.882, 1174667.262], [2530831.132, 1174667.192], [2530834.302, 1174677.702], [2530834.002, 1174715.122], [2530831.673, 1174724.452], [2530830.703, 1174727.062], [2530829.333, 1174729.5219999999], [2530828.2678245376, 1174730.5281422283], [2530827.063, 1174731.362], [2530825.643907897, 1174732.0460355212], [2530824.133, 1174732.492], [2530821.113, 1174733.112], [2530818.043, 1174733.412]]]}, "properties": {"OBJECTID": 52226847, "EGRID": "CH368383450171", "NUMERO": "1068", "NO_COM_FED": 5757, "GENRE_TXT": "parcelle priv\u00e9e", "SUPERFICIE_MO": 3770, "SUPERFICIE_RF": 3770}}, {"type": "Feature", "id": 52226925, "geometry": {"type": "Polygon", "coordinates": [[[2530776.219, 1175278.083], [2530777.299, 1175282.823], [2530782.1689999998, 1175305.673], [2530777.739, 1175308.453], [2530775.309, 1175309.933], [2530774.659, 1175310.333], [2530774.4189999998, 1175309.203], [2530773.049, 1175302.813], [2530774.289, 1175302.503], [2530772.879, 1175300.283], [2530769.989, 1175286.503], [2530771.029, 1175286.233], [2530767.9390000002, 1175272.633], [2530767.909, 1175272.503], [2530774.199, 1175269.283], [2530776.219, 1175278.083]]]}, "properties": {"OBJECTID": 52226925, "EGRID": "CH514572838376", "NUMERO": "1527", "NO_COM_FED": 5757, "GENRE_TXT": "parcelle priv\u00e9e", "SUPERFICIE_MO": 286, "SUPERFICIE_RF": 286}}, {"type": "Feature", "id": 52226939, "geometry": {"type": "Polygon", "coordinates": [[[2531047.962, 1174489.322], [2531038.392, 1174535.761], [2530937.611, 1174515.892], [2530940.261, 1174505.563], [2530964.361, 1174496.672], [2530988.111, 1174492.542], [2531016.891, 1174490.052], [2531042.482, 1174490.552], [2531047.962, 1174489.322]]]}, "properties": {"OBJECTID": 52226939, "EGRID": "CH928312834590", "NUMERO": "237", "NO_COM_FED": 5757, "GENRE_TXT": "parcelle priv\u00e9e", "SUPERFICIE_MO": 3349, "SUPERFICIE_RF": 3350}}, {"type": "Feature", "id": 52226966, "geometry": {"type": "Polygon", "coordinates": [[[2530773.913, 1174316.838], [2530764.132, 1174315.314], [2530764.014, 1174306.498], [2530775.429, 1174307.899], [2530803.1, 1174309.781], [2530803.823, 1174299.257], [2530824.861, 1174302.488], [2530821.518, 1174324.255], [2530795.284, 1174320.168], [2530773.913, 1174316.838]]]}, "properties": {"OBJECTID": 52226966, "EGRID": "CH959883954528", "NUMERO": "2784", "NO_COM_FED": 5757, "GENRE_TXT": "parcelle priv\u00e9e", "SUPERFICIE_MO": 833, "SUPERFICIE_RF": 833}}, {"type": "Feature", "id": 52226978, "geometry": {"type": "Polygon", "coordinates": [[[2530750.136, 1175060.864], [2530749.406, 1175060.014], [2530748.4359999998, 1175059.034], [2530744.886, 1175053.564], [2530742.526, 1175055.044], [2530740.026, 1175056.904], [2530738.756, 1175054.684], [2530738.416, 1175054.924], [2530737.336, 1175053.074], [2530734.156, 1175047.675], [2530730.546, 1175041.655], [2530730.756, 1175041.495], [2530734.996, 1175039.085], [2530742.906, 1175051.774], [2530744.406, 1175050.794], [2530745.606, 1175053.124], [2530749.246, 1175058.884], [2530750.4359999998, 1175060.344], [2530750.136, 1175060.864]]]}, "properties": {"OBJECTID": 52226978, "EGRID": "CH428222834503", "NUMERO": "356", "NO_COM_FED": 5757, "GENRE_TXT": "parcelle priv\u00e9e", "SUPERFICIE_MO": 104, "SUPERFICIE_RF": 104}}, {"type": "Feature", "id": 52227216, "geometry": {"type": "Polygon", "coordinates": [[[2530785.226, 1174992.703], [2530772.526, 1175000.273], [2530764.845, 1174988.574], [2530778.325, 1174981.003], [2530785.226, 1174992.703]]]}, "properties": {"OBJECTID": 52227216, "EGRID": "CH514521838251", "NUMERO": "378", "NO_COM_FED": 5757, "GENRE_TXT": "parcelle priv\u00e9e", "SUPERFICIE_MO": 208, "SUPERFICIE_RF": 208}}, {"type": "Feature", "id": 52227266, "geometry": {"type": "Polygon", "coordinates": [[[2530814.036, 1174990.922], [2530810.236, 1174991.252], [2530806.9359999998, 1174993.342], [2530799.656, 1174997.952], [2530795.466, 1174990.713], [2530790.345, 1174981.983], [2530794.975, 1174979.043], [2530798.395, 1174976.973], [2530798.825, 1174977.573], [2530800.195, 1174976.742], [2530799.115, 1174974.883], [2530838.075, 1174951.321], [2530853.726, 1174974.771], [2530814.036, 1174990.922]]]}, "properties": {"OBJECTID": 52227266, "EGRID": "CH374583988396", "NUMERO": "564", "NO_COM_FED": 5757, "GENRE_TXT": "parcelle priv\u00e9e", "SUPERFICIE_MO": 1331, "SUPERFICIE_RF": 1331}}, {"type": "Feature", "id": 52227419, "geometry": {"type": "Polygon", "coordinates": [[[2530688.059, 1175317.216], [2530689.599, 1175323.186], [2530668.739, 1175327.196], [2530668.859, 1175327.856], [2530666.199, 1175328.416], [2530665.429, 1175324.506], [2530665.179, 1175323.216], [2530666.889, 1175322.856], [2530667.059, 1175323.636], [2530668.529, 1175323.336], [2530668.289, 1175320.976], [2530672.339, 1175320.246], [2530672.299, 1175319.846], [2530674.619, 1175319.406], [2530674.719, 1175319.836], [2530688.059, 1175317.216]]]}, "properties": {"OBJECTID": 52227419, "EGRID": "CH668383457094", "NUMERO": "644", "NO_COM_FED": 5757, "GENRE_TXT": "parcelle priv\u00e9e", "SUPERFICIE_MO": 142, "SUPERFICIE_RF": 142}}, {"type": "Feature", "id": 52227456, "geometry": {"type": "Polygon", "coordinates": [[[2530428.362, 1174703.127], [2530427.668, 1174703.634], [2530426.514, 1174702.802], [2530425.702, 1174701.416], [2530424.785, 1174699.8530000001], [2530424.86, 1174697.707], [2530425.525, 1174695.875], [2530427.412, 1174694.079], [2530427.917, 1174691.683], [2530424.003, 1174687.0929999999], [2530421.856, 1174681.527], [2530420.815, 1174679.732], [2530410.42, 1174671.171], [2530408.173, 1174670.48], [2530405.651, 1174669.216], [2530407.142, 1174667.94], [2530411.253, 1174669.711], [2530413.46, 1174665.265], [2530415.834, 1174663.271], [2530417.19, 1174663.756], [2530418.103, 1174663.501], [2530418.244, 1174663.761], [2530418.407, 1174664.041], [2530417.538, 1174664.439], [2530417.088, 1174665.017], [2530414.193, 1174666.648], [2530412.066, 1174670.519], [2530421.76, 1174679.053], [2530422.921, 1174681.27], [2530424.237, 1174684.531], [2530424.971, 1174686.347], [2530429.582, 1174690.977], [2530428.832, 1174694.676], [2530426.175, 1174696.439], [2530425.608, 1174697.815], [2530425.9359999998, 1174699.585], [2530427.725, 1174701.894], [2530428.362, 1174703.127]]]}, "properties": {"OBJECTID": 52227456, "EGRID": "CH598390674572", "NUMERO": "DP 182", "NO_COM_FED": 5757, "GENRE_TXT": "DP cantonal", "SUPERFICIE_MO": 76, "SUPERFICIE_RF": null}}, {"type": "Feature", "id": 52227968, "geometry": {"type": "Polygon", "coordinates": [[[2530814.036, 1174990.922], [2530853.726, 1174974.771], [2530863.6859999998, 1174990.19], [2530825.666, 1175009.442], [2530825.576, 1175009.292], [2530821.746, 1175003.222], [2530814.036, 1174990.922]]]}, "properties": {"OBJECTID": 52227968, "EGRID": "CH674582218340", "NUMERO": "674", "NO_COM_FED": 5757, "GENRE_TXT": "parcelle priv\u00e9e", "SUPERFICIE_MO": 851, "SUPERFICIE_RF": 851}}, {"type": "Feature", "id": 52228157, "geometry": {"type": "Polygon", "coordinates": [[[2531115.316, 1174925.733], [2531135.336, 1174940.892], [2531143.156, 1174928.892], [2531161.696, 1174941.492], [2531174.826, 1174950.422], [2531173.736, 1174953.702], [2531170.666, 1174957.102], [2531160.966, 1174968.221], [2531159.1859999998, 1174970.261], [2531154.656, 1174975.461], [2531139.716, 1174964.202], [2531140.2060000002, 1174963.552], [2531133.856, 1174958.722], [2531106.116, 1174937.553], [2531115.316, 1174925.733]]]}, "properties": {"OBJECTID": 52228157, "EGRID": "CH284683458285", "NUMERO": "1003", "NO_COM_FED": 5757, "GENRE_TXT": "parcelle priv\u00e9e", "SUPERFICIE_MO": 1537, "SUPERFICIE_RF": 1537}}, {"type": "Feature", "id": 52228222, "geometry": {"type": "Polygon", "coordinates": [[[2530498.733, 1174850.5], [2530497.213, 1174849.06], [2530482.743, 1174835.62], [2530479.853, 1174832.84], [2530463.523, 1174817.82], [2530477.323, 1174802.559], [2530497.063, 1174814.47], [2530495.663, 1174816.47], [2530512.043, 1174837.19], [2530505.973, 1174843.26], [2530501.513, 1174847.57], [2530498.733, 1174850.5]]]}, "properties": {"OBJECTID": 52228222, "EGRID": "CH628303834579", "NUMERO": "1076", "NO_COM_FED": 5757, "GENRE_TXT": "parcelle priv\u00e9e", "SUPERFICIE_MO": 1057, "SUPERFICIE_RF": 1057}}, {"type": "Feature", "id": 52229628, "geometry": {"type": "Polygon", "coordinates": [[[2530672.775, 1174926.8969999999], [2530670.595, 1174927.417], [2530660.0439999998, 1174906.537], [2530658.574, 1174903.927], [2530659.104, 1174903.917], [2530672.775, 1174926.8969999999]]]}, "properties": {"OBJECTID": 52229628, "EGRID": "CH714523838262", "NUMERO": "1440", "NO_COM_FED": 5757, "GENRE_TXT": "parcelle priv\u00e9e", "SUPERFICIE_MO": 33, "SUPERFICIE_RF": 33}}, {"type": "Feature", "id": 52229780, "geometry": {"type": "Polygon", "coordinates": [[[2530771.185, 1174968.653], [2530758.145, 1174976.624], [2530754.245, 1174970.344], [2530767.655, 1174962.574], [2530771.185, 1174968.653]]]}, "properties": {"OBJECTID": 52229780, "EGRID": "CH528222834566", "NUMERO": "381", "NO_COM_FED": 5757, "GENRE_TXT": "parcelle priv\u00e9e", "SUPERFICIE_MO": 111, "SUPERFICIE_RF": 111}}, {"type": "Feature", "id": 52229802, "geometry": {"type": "Polygon", "coordinates": [[[2530735.435, 1174995.025], [2530731.876, 1174999.265], [2530729.986, 1175006.635], [2530729.1859999998, 1175005.945], [2530724.776, 1174999.685], [2530720.965, 1174994.335], [2530726.185, 1174989.325], [2530728.035, 1174991.345], [2530730.325, 1174989.545], [2530730.745, 1174989.215], [2530735.435, 1174995.025]]]}, "properties": {"OBJECTID": 52229802, "EGRID": "CH487483458336", "NUMERO": "508", "NO_COM_FED": 5757, "GENRE_TXT": "parcelle priv\u00e9e", "SUPERFICIE_MO": 125, "SUPERFICIE_RF": 125}}, {"type": "Feature", "id": 52230003, "geometry": {"type": "Polygon", "coordinates": [[[2530685.638, 1175186.446], [2530685.618, 1175190.016], [2530685.618, 1175190.316], [2530655.978, 1175192.757], [2530655.908, 1175188.097], [2530655.588, 1175188.117], [2530655.608, 1175187.667], [2530685.638, 1175186.446]]]}, "properties": {"OBJECTID": 52230003, "EGRID": "CH698382234548", "NUMERO": "434", "NO_COM_FED": 5757, "GENRE_TXT": "parcelle priv\u00e9e", "SUPERFICIE_MO": 133, "SUPERFICIE_RF": 133}}, {"type": "Feature", "id": 52230029, "geometry": {"type": "Polygon", "coordinates": [[[2530783.159, 1174866.342], [2530778.897, 1174865.32], [2530776.382, 1174862.4679999999], [2530780.472, 1174858.878], [2530784.537, 1174863.516], [2530783.159, 1174866.342]]]}, "properties": {"OBJECTID": 52230029, "EGRID": "CH144583999504", "NUMERO": "2698", "NO_COM_FED": 5757, "GENRE_TXT": "DDP superficie", "SUPERFICIE_MO": 34, "SUPERFICIE_RF": 34}}, {"type": "Feature", "id": 52230143, "geometry": {"type": "Polygon", "coordinates": [[[2530757.075, 1174944.424], [2530753.715, 1174948.024], [2530751.845, 1174949.754], [2530751.695, 1174949.594], [2530743.645, 1174956.434], [2530743.5123222247, 1174956.5217122766], [2530743.3664441635, 1174956.585087563], [2530743.2117861677, 1174956.6222054819], [2530743.053034634, 1174956.631941298], [2530742.895, 1174956.614], [2530742.7496253317, 1174956.5704600445], [2530742.6134041985, 1174956.5035771255], [2530742.490055291, 1174956.4151770752], [2530742.3829459012, 1174956.307673119], [2530742.295, 1174956.184], [2530733.985, 1174943.365], [2530735.345, 1174942.315], [2530735.555, 1174942.725], [2530750.625, 1174932.734], [2530757.075, 1174944.424]]]}, "properties": {"OBJECTID": 52230143, "EGRID": "CH168383450538", "NUMERO": "534", "NO_COM_FED": 5757, "GENRE_TXT": "parcelle priv\u00e9e", "SUPERFICIE_MO": 286, "SUPERFICIE_RF": 286}}, {"type": "Feature", "id": 52230213, "geometry": {"type": "Polygon", "coordinates": [[[2530568.316, 1175105.69], [2530569.076, 1175100.87], [2530577.466, 1175081.37], [2530582.346, 1175079.469], [2530587.446, 1175082.019], [2530590.036, 1175086.479], [2530590.796, 1175105.739], [2530576.366, 1175105.75], [2530569.636, 1175105.65], [2530568.316, 1175105.69]]]}, "properties": {"OBJECTID": 52230213, "EGRID": "CH652183824517", "NUMERO": "656", "NO_COM_FED": 5757, "GENRE_TXT": "parcelle priv\u00e9e", "SUPERFICIE_MO": 438, "SUPERFICIE_RF": 438}}, {"type": "Feature", "id": 52230350, "geometry": {"type": "Polygon", "coordinates": [[[2530623.934, 1174238.801], [2530627.484, 1174297.623], [2530626.161, 1174339.435], [2530616.215, 1174338.839], [2530570.587, 1174330.391], [2530570.902, 1174327.274], [2530566.833, 1174298.606], [2530560.087, 1174261.938], [2530563.281, 1174255.59], [2530623.934, 1174238.801]]]}, "properties": {"OBJECTID": 52230350, "EGRID": "CH285683459001", "NUMERO": "2362", "NO_COM_FED": 5757, "GENRE_TXT": "parcelle priv\u00e9e", "SUPERFICIE_MO": 5351, "SUPERFICIE_RF": 5351}}, {"type": "Feature", "id": 52230435, "geometry": {"type": "Polygon", "coordinates": [[[2531056.7, 1176234.638], [2531052.59, 1176224.078], [2531051.89, 1176219.778], [2531053.06, 1176215.607], [2531061.69, 1176199.707], [2531061.199, 1176185.867], [2531062.829, 1176180.097], [2531073.219, 1176164.056], [2531075.899, 1176161.586], [2531079.219, 1176160.306], [2531085.319, 1176158.736], [2531086.539, 1176159.456], [2531098.43, 1176205.546], [2531101.88, 1176221.746], [2531103.98, 1176238.206], [2531105.95, 1176261.706], [2531104.75, 1176266.947], [2531100.6, 1176270.3969999999], [2531095.22, 1176270.637], [2531090.87, 1176267.867], [2531077.26, 1176250.717], [2531060.37, 1176239.257], [2531056.7, 1176234.638]]]}, "properties": {"OBJECTID": 52230435, "EGRID": "CH574582618351", "NUMERO": "1332", "NO_COM_FED": 5757, "GENRE_TXT": "parcelle priv\u00e9e", "SUPERFICIE_MO": 3635, "SUPERFICIE_RF": 3635}}, {"type": "Feature", "id": 52230667, "geometry": {"type": "Polygon", "coordinates": [[[2530892.979, 1175102.906], [2530893.587, 1175103.789], [2530880.377, 1175113.84], [2530873.427, 1175118.15], [2530865.517, 1175105.47], [2530870.327, 1175102], [2530884.957, 1175091.26], [2530892.979, 1175102.906]]]}, "properties": {"OBJECTID": 52230667, "EGRID": "CH644583822156", "NUMERO": "667", "NO_COM_FED": 5757, "GENRE_TXT": "parcelle priv\u00e9e", "SUPERFICIE_MO": 374, "SUPERFICIE_RF": 374}}, {"type": "Feature", "id": 52230898, "geometry": {"type": "Polygon", "coordinates": [[[2530696.505, 1174931.216], [2530695.285, 1174928.606], [2530693.765, 1174921.556], [2530692.004, 1174916.656], [2530690.004, 1174910.646], [2530701.894, 1174907.526], [2530703.354, 1174911.906], [2530704.124, 1174911.576], [2530706.584, 1174910.546], [2530709.885, 1174916.125], [2530709.635, 1174916.315], [2530710.285, 1174917.365], [2530705.245, 1174920.516], [2530707.615, 1174924.236], [2530696.505, 1174931.216]]]}, "properties": {"OBJECTID": 52230898, "EGRID": "CH798382234514", "NUMERO": "527", "NO_COM_FED": 5757, "GENRE_TXT": "parcelle priv\u00e9e", "SUPERFICIE_MO": 277, "SUPERFICIE_RF": 277}}, {"type": "Feature", "id": 52231162, "geometry": {"type": "Polygon", "coordinates": [[[2530917.08, 1176313.182], [2530896.08, 1176316.753], [2530883.53, 1176318.943], [2530878.47, 1176299.703], [2530904.09, 1176292.652], [2530917.08, 1176313.182]]]}, "properties": {"OBJECTID": 52231162, "EGRID": "CH598383864578", "NUMERO": "2143", "NO_COM_FED": 5757, "GENRE_TXT": "parcelle priv\u00e9e", "SUPERFICIE_MO": 646, "SUPERFICIE_RF": 646}}, {"type": "Feature", "id": 52231756, "geometry": {"type": "Polygon", "coordinates": [[[2530934.273, 1175633.237], [2530933.603, 1175631.677], [2530927.923, 1175618.428], [2530929.413, 1175617.788], [2530941.343, 1175612.677], [2530948.573, 1175609.577], [2530950.603, 1175614.317], [2530955.143, 1175612.377], [2530958.743, 1175620.787], [2530963.354, 1175631.536], [2530958.944, 1175633.427], [2530938.164, 1175642.327], [2530936.534, 1175638.507], [2530934.273, 1175633.237]]]}, "properties": {"OBJECTID": 52231756, "EGRID": "CH351483834514", "NUMERO": "2228", "NO_COM_FED": 5757, "GENRE_TXT": "DDP superficie", "SUPERFICIE_MO": 687, "SUPERFICIE_RF": 687}}, {"type": "Feature", "id": 52231965, "geometry": {"type": "Polygon", "coordinates": [[[2530703.267, 1175117.425], [2530702.247, 1175117.655], [2530702.087, 1175116.895], [2530686.817, 1175119.816], [2530682.567, 1175109.126], [2530697.837, 1175103.016], [2530703.267, 1175117.425]]]}, "properties": {"OBJECTID": 52231965, "EGRID": "CH574582298350", "NUMERO": "475", "NO_COM_FED": 5757, "GENRE_TXT": "parcelle priv\u00e9e", "SUPERFICIE_MO": 214, "SUPERFICIE_RF": 214}}, {"type": "Feature", "id": 52232037, "geometry": {"type": "Polygon", "coordinates": [[[2530847.568, 1176082.712], [2530856.358, 1176080.7820000001], [2530864.668, 1176078.981], [2530875.368, 1176076.571], [2530876.788, 1176077.911], [2530877.868, 1176077.691], [2530880.578, 1176077.121], [2530889.878, 1176075.171], [2530890.188, 1176076.731], [2530892.398, 1176087.341], [2530850.138, 1176094.852], [2530847.568, 1176082.712]]]}, "properties": {"OBJECTID": 52232037, "EGRID": "CH781083458313", "NUMERO": "944", "NO_COM_FED": 5757, "GENRE_TXT": "parcelle priv\u00e9e", "SUPERFICIE_MO": 547, "SUPERFICIE_RF": 547}}, {"type": "Feature", "id": 52232264, "geometry": {"type": "Polygon", "coordinates": [[[2530850.713, 1174558.591], [2530822.449, 1174553.916], [2530816.215, 1174552.585], [2530788.149, 1174546.594], [2530791.639, 1174535.994], [2530791.879, 1174517.675], [2530828.321, 1174529.585], [2530859.909, 1174536.455], [2530869.218, 1174534.069], [2530868.647, 1174537.626], [2530861.515, 1174542.652], [2530850.713, 1174558.591]]]}, "properties": {"OBJECTID": 52232264, "EGRID": "CH256883904524", "NUMERO": "1066", "NO_COM_FED": 5757, "GENRE_TXT": "parcelle priv\u00e9e", "SUPERFICIE_MO": 1784, "SUPERFICIE_RF": 1784}}, {"type": "Feature", "id": 52232552, "geometry": {"type": "Polygon", "coordinates": [[[2530400.507, 1175998.204], [2530434.787, 1176000.683], [2530457.107, 1176002.322], [2530470.527, 1176006.202], [2530471.687, 1176020.2719999999], [2530473.677, 1176040.422], [2530475.437, 1176060.2719999999], [2530479.418, 1176092.182], [2530481.368, 1176101.112], [2530483.948, 1176109.7719999999], [2530488.808, 1176122.232], [2530492.038, 1176125.412], [2530492.508, 1176132.422], [2530486.428, 1176133.062], [2530484.368, 1176129.322], [2530478.118, 1176111.702], [2530475.478, 1176102.572], [2530473.408, 1176093.262], [2530472.018, 1176083.982], [2530470.127, 1176067.572], [2530466.087, 1176033.632], [2530463.717, 1176013.722], [2530458.017, 1176008.722], [2530412.037, 1176005.374], [2530401.057, 1176004.524], [2530342.846, 1176000.296], [2530316.986, 1175998.567], [2530312.606, 1175999.367], [2530308.966, 1176001.8969999999], [2530307.196, 1176006.077], [2530306.636, 1176010.547], [2530307.577, 1176021.787], [2530311.487, 1176048.517], [2530316.957, 1176085.6469999999], [2530322.118, 1176120.367], [2530323.948, 1176132.9070000001], [2530322.96, 1176142.6570000001], [2530320.261, 1176152.078], [2530314.84, 1176165.888], [2530313.847, 1176174.537], [2530315.005, 1176182.445], [2530318.029, 1176189.905], [2530324.155, 1176195.129], [2530344.747, 1176205.493], [2530347.281, 1176208.039], [2530348.887, 1176211.251], [2530355.654, 1176258.548], [2530357.264, 1176269.804], [2530360.244, 1176290.627], [2530363.945, 1176316.495], [2530364.826, 1176316.346], [2530368.29, 1176339.622], [2530368.9494435727, 1176342.3131356724], [2530370.056955555, 1176344.852917994], [2530371.5802683695, 1176347.1673499115], [2530373.475, 1176349.189], [2530375.4070280227, 1176350.679044468], [2530377.540552485, 1176351.8626990495], [2530379.827377748, 1176352.7132253642], [2530382.215845159, 1176353.211410294], [2530384.652, 1176353.346], [2530449.722, 1176356.584], [2530469.389, 1176357.623], [2530478.523, 1176357.865], [2530487.643, 1176357.65], [2530501.066, 1176356.8], [2530501.45, 1176363.834], [2530484.99, 1176364.914], [2530450.08, 1176363.145], [2530381.567, 1176359.681], [2530377.824596808, 1176358.884933468], [2530374.2649586266, 1176357.4819795864], [2530370.985765043, 1176355.5106366384], [2530368.077, 1176353.025], [2530365.616809467, 1176350.0887959593], [2530363.676077809, 1176346.7861618197], [2530362.308251615, 1176343.2080501486], [2530361.551, 1176339.453], [2530360.44, 1176331.229], [2530359.49, 1176331.346], [2530359.438, 1176331.001], [2530343.123, 1176220.054], [2530342.534375145, 1176217.4979060092], [2530341.5389193264, 1176215.071146148], [2530340.163, 1176212.838], [2530338.4226843226, 1176210.837505519], [2530336.3782886225, 1176209.1489786326], [2530334.085, 1176207.818], [2530321.004, 1176201.206], [2530318.496630005, 1176199.800868245], [2530316.1851450554, 1176198.0925542018], [2530314.106, 1176196.108], [2530312.2998292865, 1176193.8908178161], [2530310.7839558977, 1176191.4658894972], [2530309.582, 1176188.871], [2530308.087, 1176195.42], [2530305.879, 1176199.845], [2530301.536, 1176201.03], [2530258.988, 1176207.217], [2530247.664, 1176157.035], [2530259.494, 1176152.479], [2530257.665, 1176147.44], [2530313.992, 1176125.731], [2530315.405, 1176126.096], [2530316.699, 1176127.726], [2530315.838, 1176122.667], [2530305.247, 1176050.937], [2530298.787, 1176006.32], [2530296.496, 1175990.497], [2530310.386, 1175991.637], [2530312.386, 1175991.777], [2530375.666, 1175996.395], [2530400.507, 1175998.204]]]}, "properties": {"OBJECTID": 52232552, "EGRID": "CH928243834532", "NUMERO": "DP 2", "NO_COM_FED": 5757, "GENRE_TXT": "DP communal", "SUPERFICIE_MO": 9177, "SUPERFICIE_RF": null}}, {"type": "Feature", "id": 52232728, "geometry": {"type": "Polygon", "coordinates": [[[2530483.693, 1175934.464], [2530476.976, 1175935.132], [2530473.266, 1175898.422], [2530511.466, 1175895.781], [2530516.596, 1175931.19], [2530483.693, 1175934.464]]]}, "properties": {"OBJECTID": 52232728, "EGRID": "CH328222834537", "NUMERO": "882", "NO_COM_FED": 5757, "GENRE_TXT": "parcelle priv\u00e9e", "SUPERFICIE_MO": 1418, "SUPERFICIE_RF": 1418}}, {"type": "Feature", "id": 52232973, "geometry": {"type": "Polygon", "coordinates": [[[2530969.257, 1175096.587], [2530946.987, 1175112.278], [2530938.647, 1175100.588], [2530936.207, 1175097.178], [2530958.887, 1175082.187], [2530969.257, 1175096.587]]]}, "properties": {"OBJECTID": 52232973, "EGRID": "CH698382214554", "NUMERO": "678", "NO_COM_FED": 5757, "GENRE_TXT": "parcelle priv\u00e9e", "SUPERFICIE_MO": 494, "SUPERFICIE_RF": 494}}, {"type": "Feature", "id": 52233414, "geometry": {"type": "Polygon", "coordinates": [[[2530470.127, 1176067.572], [2530468.167, 1176065.892], [2530435.457, 1176077.993], [2530427.337, 1176044.443], [2530453.367, 1176034.612], [2530459.577, 1176034.152], [2530466.087, 1176033.632], [2530470.127, 1176067.572]]]}, "properties": {"OBJECTID": 52233414, "EGRID": "CH974583748361", "NUMERO": "878", "NO_COM_FED": 5757, "GENRE_TXT": "parcelle priv\u00e9e", "SUPERFICIE_MO": 1314, "SUPERFICIE_RF": 1314}}, {"type": "Feature", "id": 52233419, "geometry": {"type": "Polygon", "coordinates": [[[2530629.057, 1175106.118], [2530628.9359999998, 1175100.858], [2530628.916, 1175100.108], [2530629.766, 1175100.088], [2530629.796, 1175100.778], [2530629.937, 1175103.808], [2530633.347, 1175103.458], [2530633.417, 1175105.758], [2530630.557, 1175105.868], [2530629.057, 1175106.118]]]}, "properties": {"OBJECTID": 52233419, "EGRID": "CH187383458368", "NUMERO": "407", "NO_COM_FED": 5757, "GENRE_TXT": "parcelle priv\u00e9e", "SUPERFICIE_MO": 13, "SUPERFICIE_RF": 13}}, {"type": "Feature", "id": 52233657, "geometry": {"type": "Polygon", "coordinates": [[[2530475.394, 1175797.382], [2530485.724, 1175798.552], [2530501.345, 1175855.771], [2530452.065, 1175853.683], [2530431.625, 1175853.063], [2530431.535, 1175852.043], [2530428.054, 1175813.923], [2530422.5640000002, 1175815.154], [2530420.264, 1175791.634], [2530430.424, 1175792.273], [2530475.394, 1175797.382]]]}, "properties": {"OBJECTID": 52233657, "EGRID": "CH374582678304", "NUMERO": "793", "NO_COM_FED": 5757, "GENRE_TXT": "parcelle priv\u00e9e", "SUPERFICIE_MO": 3906, "SUPERFICIE_RF": 3906}}, {"type": "Feature", "id": 52233802, "geometry": {"type": "Polygon", "coordinates": [[[2530676.652, 1174733.317], [2530699.462, 1174740.126], [2530681.983, 1174764.097], [2530677.053, 1174764.627], [2530672.103, 1174764.747], [2530655.013, 1174761.737], [2530653.773, 1174761.347], [2530652.833, 1174760.617], [2530652.333, 1174759.527], [2530652.213, 1174758.318], [2530652.733, 1174757.227], [2530670.332, 1174741.567], [2530671.532, 1174740.327], [2530676.652, 1174733.317]]]}, "properties": {"OBJECTID": 52233802, "EGRID": "CH208345008316", "NUMERO": "1056", "NO_COM_FED": 5757, "GENRE_TXT": "parcelle priv\u00e9e", "SUPERFICIE_MO": 825, "SUPERFICIE_RF": 825}}, {"type": "Feature", "id": 52234314, "geometry": {"type": "Polygon", "coordinates": [[[2530782.275, 1175780.232], [2530771.145, 1175796.192], [2530766.365, 1175793.493], [2530766.245, 1175793.383], [2530759.265, 1175789.463], [2530750.735, 1175785.0929999999], [2530725.855, 1175772.144], [2530728.495, 1175766.324], [2530732.925, 1175761.534], [2530739.445, 1175760.503], [2530782.135, 1175779.492], [2530782.825, 1175779.432], [2530782.275, 1175780.232]]]}, "properties": {"OBJECTID": 52234314, "EGRID": "CH198382444558", "NUMERO": "2298", "NO_COM_FED": 5757, "GENRE_TXT": "parcelle priv\u00e9e", "SUPERFICIE_MO": 922, "SUPERFICIE_RF": 922}}, {"type": "Feature", "id": 52234523, "geometry": {"type": "Polygon", "coordinates": [[[2530410.055, 1174757.86], [2530362.025, 1174730.643], [2530364.315, 1174730.188], [2530367.501, 1174728.259], [2530377.353, 1174723.569], [2530388.392, 1174718.816], [2530383.801, 1174705.154], [2530396.492, 1174700.889], [2530404.162, 1174723.028], [2530410.055, 1174757.86]]]}, "properties": {"OBJECTID": 52234523, "EGRID": "CH274590698357", "NUMERO": "1091", "NO_COM_FED": 5757, "GENRE_TXT": "parcelle priv\u00e9e", "SUPERFICIE_MO": 1160, "SUPERFICIE_RF": 1160}}, {"type": "Feature", "id": 52234913, "geometry": {"type": "Polygon", "coordinates": [[[2530449.221, 1174638.202], [2530436.087, 1174641.151], [2530418.244, 1174663.761], [2530418.103, 1174663.501], [2530417.19, 1174663.756], [2530415.834, 1174663.271], [2530413.46, 1174665.265], [2530411.253, 1174669.711], [2530407.142, 1174667.94], [2530405.821, 1174661.962], [2530397.758, 1174652.571], [2530396.784, 1174650.005], [2530395.797, 1174646.808], [2530391.411, 1174640.092], [2530388.243, 1174636.492], [2530385.357, 1174631.013], [2530381.417, 1174629.169], [2530375.151, 1174623.643], [2530371.912, 1174619.815], [2530365.721, 1174613.549], [2530363.042, 1174611.188], [2530359.091, 1174608.894], [2530355.415, 1174606.887], [2530351.989, 1174605.619], [2530344.821, 1174599.662], [2530341.692, 1174599.125], [2530339.228, 1174597.78], [2530334.707, 1174591.277], [2530330.91, 1174591.385], [2530328.347, 1174587.261], [2530329.98, 1174585.901], [2530338.634, 1174578.695], [2530363.628, 1174587.763], [2530402.959, 1174599.656], [2530426.426, 1174608.311], [2530436.626, 1174614.396], [2530447.963, 1174632.411], [2530449.221, 1174638.202]]]}, "properties": {"OBJECTID": 52234913, "EGRID": "CH355583904550", "NUMERO": "1137", "NO_COM_FED": 5757, "GENRE_TXT": "parcelle priv\u00e9e", "SUPERFICIE_MO": 4081, "SUPERFICIE_RF": 4081}}, {"type": "Feature", "id": 52235378, "geometry": {"type": "Polygon", "coordinates": [[[2531314.114, 1174535.528], [2531321.344, 1174539.858], [2531336.455, 1174604.1570000001], [2531337.545, 1174608.727], [2531311.745, 1174614.727], [2531307.734, 1174596.857], [2531295.114, 1174540.2179999999], [2531314.114, 1174535.528]]]}, "properties": {"OBJECTID": 52235378, "EGRID": "CH438383457710", "NUMERO": "283", "NO_COM_FED": 5757, "GENRE_TXT": "parcelle priv\u00e9e", "SUPERFICIE_MO": 1976, "SUPERFICIE_RF": 1973}}, {"type": "Feature", "id": 52235390, "geometry": {"type": "Polygon", "coordinates": [[[2530523.948, 1174480.055], [2530522.864, 1174484.037], [2530519.702, 1174494.115], [2530508.528, 1174491.504], [2530470.573, 1174536.826], [2530461.793, 1174548.526], [2530454.481, 1174560.531], [2530452.276, 1174538.918], [2530455.099, 1174541.351], [2530465.899, 1174532.98], [2530487.277, 1174507.902], [2530495.5640000002, 1174498.185], [2530499.346, 1174493.475], [2530504.002, 1174487.678], [2530521.031, 1174457.745], [2530529.029, 1174428.883], [2530536.8140000002, 1174400.785], [2530546.181, 1174385.476], [2530559.361, 1174363.822], [2530563.45, 1174349.633], [2530565.323, 1174328.336], [2530570.902, 1174327.274], [2530570.587, 1174330.391], [2530568.633, 1174349.817], [2530567.254, 1174355.803], [2530564.798, 1174366.568], [2530561.418, 1174372.754], [2530552.755, 1174388.645], [2530544.355, 1174403.899], [2530539.617, 1174416.341], [2530533.678, 1174441.481], [2530529.909, 1174460.555], [2530523.948, 1174480.055]]]}, "properties": {"OBJECTID": 52235390, "EGRID": "CH729056834558", "NUMERO": "DP 191", "NO_COM_FED": 5757, "GENRE_TXT": "DP communal", "SUPERFICIE_MO": 1986, "SUPERFICIE_RF": null}}, {"type": "Feature", "id": 52235490, "geometry": {"type": "Polygon", "coordinates": [[[2531390.08, 1174824.245], [2531413.974, 1174820.761], [2531417.333, 1174819.946], [2531417.546, 1174820.77], [2531557.008, 1174786.981], [2531560.775, 1174805.249], [2531551.93, 1174806.057], [2531542.668, 1174807.818], [2531486.371, 1174821.442], [2531482.862, 1174822.304], [2531477.226, 1174823.759], [2531473.908, 1174826.29], [2531471.367, 1174828.961], [2531464.332, 1174831.621], [2531454.828, 1174832.2820000001], [2531451.909, 1174830.35], [2531449.77, 1174829.76], [2531417.738, 1174837.027], [2531395.132, 1174839.797], [2531390.08, 1174824.245]]]}, "properties": {"OBJECTID": 52235490, "EGRID": "CH114528838227", "NUMERO": "DP 1021", "NO_COM_FED": 5757, "GENRE_TXT": "DP cantonal", "SUPERFICIE_MO": 2934, "SUPERFICIE_RF": null}}, {"type": "Feature", "id": 52235725, "geometry": {"type": "Polygon", "coordinates": [[[2530675.567, 1175990.306], [2530690.587, 1175975.415], [2530695.726, 1176011.714], [2530698.097, 1176027.905], [2530702.678, 1176044.815], [2530696.708, 1176061.166], [2530688.928, 1176067.426], [2530683.808, 1176091.616], [2530679.818, 1176106.337], [2530668.278, 1176131.067], [2530656.369, 1176163.168], [2530644.099, 1176195.679], [2530635.529, 1176218.299], [2530627.329, 1176242.279], [2530625.029, 1176249.15], [2530617.34, 1176272.24], [2530609.82, 1176294.54], [2530608.89, 1176296.77], [2530594.46, 1176293.991], [2530609.239, 1176254.6], [2530617.399, 1176233.22], [2530636.359, 1176183.549], [2530638.229, 1176176.989], [2530646.048, 1176149.508], [2530645.358, 1176139.838], [2530654.708, 1176118.017], [2530664.958, 1176097.617], [2530670.198, 1176070.017], [2530672.617, 1176041.826], [2530671.627, 1176017.036], [2530675.617, 1176001.816], [2530675.567, 1175990.306]]]}, "properties": {"OBJECTID": 52235725, "EGRID": "CH508345868344", "NUMERO": "DP 23", "NO_COM_FED": 5757, "GENRE_TXT": "DP communal", "SUPERFICIE_MO": 5517, "SUPERFICIE_RF": null}}, {"type": "Feature", "id": 52235808, "geometry": {"type": "Polygon", "coordinates": [[[2530064.559, 1174617.013], [2530111.057, 1174612.729], [2530114.885, 1174642.906], [2530119.033, 1174675.6030000001], [2530067.023, 1174666.113], [2530065.858, 1174642.906], [2530064.559, 1174617.013]]]}, "properties": {"OBJECTID": 52235808, "EGRID": "CH938390456976", "NUMERO": "2353", "NO_COM_FED": 5757, "GENRE_TXT": "parcelle priv\u00e9e", "SUPERFICIE_MO": 2744, "SUPERFICIE_RF": 2744}}, {"type": "Feature", "id": 52235907, "geometry": {"type": "Polygon", "coordinates": [[[2531277.873, 1175528.846], [2531276.473, 1175542.076], [2531274.323, 1175541.277], [2531266.373, 1175543.987], [2531262.193, 1175545.3969999999], [2531256.303, 1175547.487], [2531223.593, 1175563.808], [2531156.654, 1175593.71], [2531157.644, 1175595.87], [2531086.944, 1175628.082], [2531002.234, 1175665.385], [2530990.454, 1175662.526], [2531004.624, 1175653.545], [2531033.194, 1175640.484], [2531082.424, 1175618.083], [2531159.133, 1175583.86], [2531220.653, 1175557.438], [2531259.963, 1175539.727], [2531263.763, 1175537.947], [2531270.173, 1175534.837], [2531271.723, 1175533.967], [2531277.873, 1175528.846]]]}, "properties": {"OBJECTID": 52235907, "EGRID": "CH987983458322", "NUMERO": "DP 74", "NO_COM_FED": 5757, "GENRE_TXT": "DP communal", "SUPERFICIE_MO": 2782, "SUPERFICIE_RF": null}}, {"type": "Feature", "id": 52235974, "geometry": {"type": "Polygon", "coordinates": [[[2530624.646, 1175075.618], [2530637.576, 1175077.168], [2530639.416, 1175077.388], [2530639.416, 1175080.748], [2530628.6859999998, 1175079.908], [2530613.146, 1175078.618], [2530613.306, 1175076.208], [2530613.406, 1175074.858], [2530620.356, 1175075.608], [2530620.406, 1175075.108], [2530624.646, 1175075.618]]]}, "properties": {"OBJECTID": 52235974, "EGRID": "CH914588838387", "NUMERO": "414", "NO_COM_FED": 5757, "GENRE_TXT": "parcelle priv\u00e9e", "SUPERFICIE_MO": 98, "SUPERFICIE_RF": 98}}, {"type": "Feature", "id": 52236026, "geometry": {"type": "Polygon", "coordinates": [[[2530212.43, 1175646.684], [2530196.997, 1175694.259], [2530193.608, 1175704.704], [2530192.356, 1175708.562], [2530190.365, 1175707.871], [2530187.932, 1175714.882], [2530182.755, 1175713.085], [2530183.453, 1175708.328], [2530189.212, 1175668.9679999999], [2530182.512, 1175667.708], [2530184.702, 1175652.217], [2530187.022, 1175635.805], [2530212.43, 1175646.684]]]}, "properties": {"OBJECTID": 52236026, "EGRID": "CH152983994517", "NUMERO": "2685", "NO_COM_FED": 5757, "GENRE_TXT": "parcelle priv\u00e9e", "SUPERFICIE_MO": 1223, "SUPERFICIE_RF": 1223}}, {"type": "Feature", "id": 52236258, "geometry": {"type": "Polygon", "coordinates": [[[2530384.583, 1174847.809], [2530386.726, 1174850.071], [2530389.565, 1174852.412], [2530392.72, 1174856.162], [2530399.326, 1174861.2719999999], [2530400.416, 1174861.583], [2530400.587, 1174861.318], [2530442.7060000002, 1174896.533], [2530441.085, 1174898.299], [2530437.382, 1174906.789], [2530435.558, 1174926.416], [2530435.26, 1174931.477], [2530434.852, 1174950.347], [2530397.275, 1174935.255], [2530312.871, 1174911.681], [2530328.039, 1174886.62], [2530324.734, 1174884.406], [2530337.979, 1174862.246], [2530349.37, 1174844.867], [2530357.364, 1174852.335], [2530357.781, 1174852.942], [2530368.393, 1174864.025], [2530377.842, 1174854.561], [2530384.583, 1174847.809]]]}, "properties": {"OBJECTID": 52236258, "EGRID": "CH756983904521", "NUMERO": "2322", "NO_COM_FED": 5757, "GENRE_TXT": "parcelle priv\u00e9e", "SUPERFICIE_MO": 7683, "SUPERFICIE_RF": 7683}}, {"type": "Feature", "id": 52236320, "geometry": {"type": "Polygon", "coordinates": [[[2531232.051, 1175391.038], [2531229.691, 1175392.328], [2531229.551, 1175392.408], [2531226.381, 1175393.598], [2531225.141, 1175394.068], [2531221.861, 1175395.298], [2531222.0609999998, 1175395.828], [2531217.381, 1175397.859], [2531210.541, 1175400.919], [2531189.181, 1175410.419], [2531135.862, 1175434.121], [2531134.142, 1175429.651], [2531122.301, 1175399.0320000001], [2531135.951, 1175393.411], [2531126.511, 1175375.602], [2531162.211, 1175353.5], [2531165.901, 1175351.22], [2531166.371, 1175350.93], [2531178.801, 1175343.17], [2531190.381, 1175336.05], [2531214.471, 1175367.319], [2531224.821, 1175381.408], [2531232.051, 1175391.038]]]}, "properties": {"OBJECTID": 52236320, "EGRID": "CH974583718370", "NUMERO": "720", "NO_COM_FED": 5757, "GENRE_TXT": "parcelle priv\u00e9e", "SUPERFICIE_MO": 5703, "SUPERFICIE_RF": 5703}}, {"type": "Feature", "id": 52236513, "geometry": {"type": "Polygon", "coordinates": [[[2530894.776, 1174336.526], [2530895.598, 1174327.67], [2530974.356, 1174336.302], [2530978.304, 1174336.844], [2530970.268, 1174381.375], [2530931.968, 1174372.534], [2530936.66, 1174343.2], [2530894.776, 1174336.526]]]}, "properties": {"OBJECTID": 52236513, "EGRID": "CH314568839076", "NUMERO": "2406", "NO_COM_FED": 5757, "GENRE_TXT": "parcelle priv\u00e9e", "SUPERFICIE_MO": 2131, "SUPERFICIE_RF": 2131}}, {"type": "Feature", "id": 52236756, "geometry": {"type": "Polygon", "coordinates": [[[2530489.994, 1174867.03], [2530491.254, 1174868.2], [2530508.554, 1174883.82], [2530492.494, 1174902.15], [2530478.514, 1174898.18], [2530472.424, 1174896.45], [2530475.324, 1174883.26], [2530489.994, 1174867.03]]]}, "properties": {"OBJECTID": 52236756, "EGRID": "CH638383450316", "NUMERO": "501", "NO_COM_FED": 5757, "GENRE_TXT": "parcelle priv\u00e9e", "SUPERFICIE_MO": 723, "SUPERFICIE_RF": 723}}, {"type": "Feature", "id": 52236937, "geometry": {"type": "Polygon", "coordinates": [[[2530388.139, 1174790.307], [2530403.504, 1174761.389], [2530418.897, 1174769.089], [2530403.3140000002, 1174798.775], [2530388.139, 1174790.307]]]}, "properties": {"OBJECTID": 52236937, "EGRID": "CH169083456976", "NUMERO": "1081", "NO_COM_FED": 5757, "GENRE_TXT": "parcelle priv\u00e9e", "SUPERFICIE_MO": 573, "SUPERFICIE_RF": 573}}, {"type": "Feature", "id": 52237178, "geometry": {"type": "Polygon", "coordinates": [[[2530936.026, 1175860.767], [2530949.356, 1175854.637], [2530959.246, 1175890.177], [2530960.316, 1175894.027], [2530946.116, 1175898.057], [2530949.377, 1175907.117], [2530948.307, 1175907.347], [2530953.467, 1175921.547], [2530923.867, 1175937.758], [2530919.027, 1175939.509], [2530916.557, 1175927.148], [2530911.867, 1175906.398], [2530904.606, 1175875.198], [2530933.1859999998, 1175862.037], [2530936.026, 1175860.767]]]}, "properties": {"OBJECTID": 52237178, "EGRID": "CH814561838274", "NUMERO": "747", "NO_COM_FED": 5757, "GENRE_TXT": "parcelle priv\u00e9e", "SUPERFICIE_MO": 2879, "SUPERFICIE_RF": 2879}}, {"type": "Feature", "id": 52237254, "geometry": {"type": "Polygon", "coordinates": [[[2530126.53, 1176416.684], [2530059.868, 1176170.802], [2530131.748, 1176167.742], [2530145.118, 1176176.562], [2530192.1890000002, 1176302.622], [2530230.99, 1176406.5219999999], [2530227.1, 1176412.402], [2530126.53, 1176416.684]]]}, "properties": {"OBJECTID": 52237254, "EGRID": "CH868383459796", "NUMERO": "1628", "NO_COM_FED": 5757, "GENRE_TXT": "parcelle priv\u00e9e", "SUPERFICIE_MO": 23360, "SUPERFICIE_RF": 23360}}, {"type": "Feature", "id": 52237572, "geometry": {"type": "Polygon", "coordinates": [[[2530716.213, 1174767.855], [2530718.696006484, 1174766.7179965696], [2530721.033, 1174765.305], [2530723.293, 1174763.135], [2530732.093, 1174773.215], [2530745.633, 1174778.974], [2530745.533, 1174779.064], [2530742.993, 1174781.505], [2530737.203, 1174786.385], [2530736.993, 1174786.585], [2530725.733, 1174778.755], [2530724.763, 1174779.975], [2530721.273, 1174777.355], [2530718.993, 1174777.515], [2530716.653, 1174777.705], [2530716.213, 1174767.855]]]}, "properties": {"OBJECTID": 52237572, "EGRID": "CH274582488395", "NUMERO": "2657", "NO_COM_FED": 5757, "GENRE_TXT": "parcelle priv\u00e9e", "SUPERFICIE_MO": 292, "SUPERFICIE_RF": 292}}, {"type": "Feature", "id": 52237638, "geometry": {"type": "Polygon", "coordinates": [[[2530892.4390000002, 1175259.139], [2530862.879, 1175271.43], [2530862.569, 1175270.71], [2530860.6890000002, 1175266.34], [2530858.159, 1175260.48], [2530843.888, 1175227.331], [2530832.288, 1175200.411], [2530858.058, 1175195.63], [2530864.798, 1175194.82], [2530883.249, 1175237.759], [2530887.979, 1175248.759], [2530890.149, 1175253.809], [2530892.009, 1175258.139], [2530892.4390000002, 1175259.139]]]}, "properties": {"OBJECTID": 52237638, "EGRID": "CH187283458395", "NUMERO": "1458", "NO_COM_FED": 5757, "GENRE_TXT": "parcelle priv\u00e9e", "SUPERFICIE_MO": 2366, "SUPERFICIE_RF": 2366}}, {"type": "Feature", "id": 52237804, "geometry": {"type": "Polygon", "coordinates": [[[2530734.404, 1174905.495], [2530738.205, 1174911.865], [2530738.435, 1174912.235], [2530723.875, 1174920.515], [2530719.664, 1174913.265], [2530734.184, 1174905.125], [2530734.404, 1174905.495]]]}, "properties": {"OBJECTID": 52237804, "EGRID": "CH882383458217", "NUMERO": "541", "NO_COM_FED": 5757, "GENRE_TXT": "parcelle priv\u00e9e", "SUPERFICIE_MO": 139, "SUPERFICIE_RF": 139}}, {"type": "Feature", "id": 52237958, "geometry": {"type": "Polygon", "coordinates": [[[2531088.587, 1175971.804], [2531062.497, 1175882.794], [2531300.676, 1175777.807], [2531305.177, 1175855.527], [2531307.027, 1175875.947], [2531088.587, 1175971.804]]]}, "properties": {"OBJECTID": 52237958, "EGRID": "CH228377834534", "NUMERO": "159", "NO_COM_FED": 5757, "GENRE_TXT": "parcelle priv\u00e9e", "SUPERFICIE_MO": 22967, "SUPERFICIE_RF": 22967}}, {"type": "Feature", "id": 52238431, "geometry": {"type": "Polygon", "coordinates": [[[2530598.21, 1176327.361], [2530600.47, 1176344.371], [2530596.68, 1176352.891], [2530584.71, 1176364.922], [2530575.411, 1176377.902], [2530564.381, 1176410.403], [2530561.951, 1176421.283], [2530555.971, 1176448.013], [2530554.317, 1176464.313], [2530542.799, 1176463.145], [2530544.711, 1176446.164], [2530553.3310000002, 1176407.543], [2530562.911, 1176374.482], [2530564.18, 1176359.732], [2530565.51, 1176338.742], [2530576.56, 1176321.072], [2530581.14, 1176319.451], [2530583.08, 1176316.387], [2530590.38, 1176304.861], [2530594.46, 1176293.991], [2530608.89, 1176296.77], [2530598.49, 1176319.911], [2530598.21, 1176327.361]]]}, "properties": {"OBJECTID": 52238431, "EGRID": "CH728238834548", "NUMERO": "DP 38", "NO_COM_FED": 5757, "GENRE_TXT": "DP communal", "SUPERFICIE_MO": 2957, "SUPERFICIE_RF": null}}, {"type": "Feature", "id": 52238557, "geometry": {"type": "Polygon", "coordinates": [[[2530738.949, 1175289.684], [2530739.5399536258, 1175289.230444617], [2530740.1988153127, 1175288.8828242058], [2530740.9067861666, 1175288.6510572054], [2530741.6436660923, 1175288.5417564807], [2530742.388430148, 1175288.5580406417], [2530743.1198284407, 1175288.6994450628], [2530743.8169924337, 1175288.9619351386], [2530744.4600303764, 1175289.3380214013], [2530745.0305948635, 1175289.816973214], [2530745.5124063306, 1175290.3851249397], [2530745.8917175476, 1175291.0262658552], [2530746.1577058616, 1175291.7221026819], [2530746.302781992, 1175292.452781537], [2530746.322806571, 1175293.1974544108], [2530746.21720825, 1175293.9348740117], [2530745.989, 1175294.644], [2530745.651515077, 1175295.2937499252], [2530745.211172018, 1175295.8787020852], [2530744.680110317, 1175296.3827303662], [2530744.0729704206, 1175296.791939585], [2530743.40649012, 1175297.0950485547], [2530742.6990431184, 1175297.2837010885], [2530741.970132499, 1175297.3526963638], [2530741.239853061, 1175297.3001323012], [2530740.5283373375, 1175297.127458], [2530739.855200581, 1175296.8394337907], [2530739.239, 1175296.444], [2530738.7184303347, 1175295.9754318749], [2530738.2786212647, 1175295.430347619], [2530737.9306695703, 1175294.8225002016], [2530737.683354389, 1175294.1672261634], [2530737.5429157056, 1175293.4810586616], [2530737.5128969164, 1175292.7813103236], [2530737.594055421, 1175292.0856364334], [2530737.784343519, 1175291.4115894735], [2530738.078960067, 1175290.7761762587], [2530738.4704716248, 1175290.19542884], [2530738.949, 1175289.684]]]}, "properties": {"OBJECTID": 52238557, "EGRID": "CH759783834562", "NUMERO": "605", "NO_COM_FED": 5757, "GENRE_TXT": "parcelle priv\u00e9e", "SUPERFICIE_MO": 61, "SUPERFICIE_RF": 61}}, {"type": "Feature", "id": 52238671, "geometry": {"type": "Polygon", "coordinates": [[[2530291.043, 1176233.172], [2530288.511, 1176215.854], [2530307.609, 1176213.058], [2530310.139, 1176230.378], [2530291.043, 1176233.172]]]}, "properties": {"OBJECTID": 52238671, "EGRID": "CH469983452962", "NUMERO": "2716", "NO_COM_FED": 5757, "GENRE_TXT": "parcelle priv\u00e9e", "SUPERFICIE_MO": 338, "SUPERFICIE_RF": 338}}, {"type": "Feature", "id": 52239870, "geometry": {"type": "Polygon", "coordinates": [[[2531360.685, 1174598.436], [2531366.045, 1174621.326], [2531369.115, 1174634.676], [2531348.695, 1174639.476], [2531340.195, 1174603.087], [2531360.685, 1174598.436]]]}, "properties": {"OBJECTID": 52239870, "EGRID": "CH498382234519", "NUMERO": "316", "NO_COM_FED": 5757, "GENRE_TXT": "parcelle priv\u00e9e", "SUPERFICIE_MO": 783, "SUPERFICIE_RF": 783}}, {"type": "Feature", "id": 52239899, "geometry": {"type": "Polygon", "coordinates": [[[2530710.077, 1175974.145], [2530715.277, 1175969.294], [2530716.677, 1175967.814], [2530720.457, 1175963.814], [2530720.187, 1175963.574], [2530722.867, 1175960.764], [2530714.747, 1175953.094], [2530712.667, 1175951.144], [2530728.097, 1175934.644], [2530730.187, 1175936.584], [2530745.277, 1175950.643], [2530724.777, 1175972.639], [2530717.857, 1175980.064], [2530710.077, 1175974.145]]]}, "properties": {"OBJECTID": 52239899, "EGRID": "CH651983834568", "NUMERO": "727", "NO_COM_FED": 5757, "GENRE_TXT": "parcelle priv\u00e9e", "SUPERFICIE_MO": 701, "SUPERFICIE_RF": 701}}, {"type": "Feature", "id": 52240049, "geometry": {"type": "Polygon", "coordinates": [[[2530717.618, 1176100.006], [2530710.598, 1176074.416], [2530734.708, 1176067.455], [2530741.708, 1176093.475], [2530717.618, 1176100.006]]]}, "properties": {"OBJECTID": 52240049, "EGRID": "CH108345908371", "NUMERO": "936", "NO_COM_FED": 5757, "GENRE_TXT": "parcelle priv\u00e9e", "SUPERFICIE_MO": 669, "SUPERFICIE_RF": 669}}, {"type": "Feature", "id": 52240465, "geometry": {"type": "Polygon", "coordinates": [[[2530751.198, 1175171.614], [2530752.288, 1175174.664], [2530747.748, 1175176.724], [2530747.578, 1175176.404], [2530741.108, 1175179.244], [2530741.208, 1175179.524], [2530723.848, 1175189.585], [2530721.898, 1175186.155], [2530721.698, 1175185.795], [2530740.228, 1175176.874], [2530740.328, 1175177.154], [2530744.728, 1175175.004], [2530751.198, 1175171.614]]]}, "properties": {"OBJECTID": 52240465, "EGRID": "CH482283458283", "NUMERO": "335", "NO_COM_FED": 5757, "GENRE_TXT": "parcelle priv\u00e9e", "SUPERFICIE_MO": 105, "SUPERFICIE_RF": 105}}, {"type": "Feature", "id": 52240785, "geometry": {"type": "Polygon", "coordinates": [[[2531223.716, 1174916.912], [2531212.253, 1174910.779], [2531213.215, 1174906.733], [2531211.971, 1174904.285], [2531211.739, 1174904.089], [2531207.657, 1174902.926], [2531203.702, 1174901.365], [2531199.937, 1174899.21], [2531177.852, 1174891.399], [2531174.586, 1174890.523], [2531167.146, 1174888.203], [2531145.316, 1174882.173], [2531089.045, 1174866.694], [2531055.985, 1174857.605], [2531045.125, 1174854.545], [2531028.074, 1174849.735], [2531004.354, 1174843.056], [2530999.604, 1174841.476], [2530992.2939999998, 1174839.866], [2530992.574, 1174839.116], [2530984.584, 1174836.107], [2530977.948, 1174833.135], [2530975.732, 1174832.644], [2530971.928, 1174832.588], [2530969.468, 1174833.238], [2530967.6205890332, 1174834.3868381348], [2530965.608105819, 1174835.2130751787], [2530963.48639095, 1174835.6937854413], [2530961.3143158834, 1174835.8156306022], [2530959.1521494235, 1174835.57522981], [2530957.059885442, 1174834.9792534926], [2530955.0955782174, 1174834.0442382696], [2530953.313731598, 1174832.796128112], [2530951.7637866787, 1174831.269554469], [2530950.488749951, 1174829.5068753478], [2530949.524, 1174827.557], [2530948.73, 1174826.19], [2530946.589, 1174823.9780000001], [2530944.607, 1174822.515], [2530941.884, 1174820.848], [2530938.131, 1174819.099], [2530932.879, 1174816.9780000001], [2530921.074, 1174809.739], [2530914.159, 1174804.143], [2530892.094, 1174795.11], [2530872.773, 1174789.62], [2530873.083, 1174780.4], [2530866.466, 1174774.001], [2530865.783, 1174773.341], [2530856.393, 1174764.721], [2530849.103, 1174758.031], [2530843.993, 1174753.351], [2530833.663, 1174746.682], [2530832.423, 1174745.882], [2530819.533, 1174742.012], [2530818.043, 1174733.412], [2530821.113, 1174733.112], [2530824.133, 1174732.492], [2530844.803, 1174740.671], [2530845.0333865676, 1174741.4116857857], [2530845.362938196, 1174742.1138888388], [2530845.7854577834, 1174742.764404482], [2530846.293, 1174743.351], [2530856.873, 1174754.031], [2530872.013, 1174767.27], [2530879.903, 1174772.95], [2530888.273, 1174778.4], [2530906.113, 1174788.329], [2530931.194, 1174798.178], [2530949.354, 1174805.158], [2530956.094, 1174808.621], [2530974.679, 1174819.652], [2530976.068, 1174821.278], [2530977.844, 1174822.494], [2530979.624, 1174824.067], [2531012.754, 1174837.036], [2531054.855, 1174849.395], [2531196.736, 1174886.1030000001], [2531196.557, 1174884.506], [2531212.017, 1174888.535], [2531218.849, 1174888.597], [2531226.09, 1174885.1], [2531233.736, 1174886.61], [2531238.654, 1174887.489], [2531239.648, 1174887.449], [2531241.565, 1174886.811], [2531250.056, 1174882.902], [2531266.346, 1174875.312], [2531276.316, 1174870.0219999999], [2531318.056, 1174849.0219999999], [2531348.817, 1174834.002], [2531382.037, 1174823.432], [2531389.157, 1174821.402], [2531390.08, 1174824.245], [2531395.132, 1174839.797], [2531385.054, 1174841.464], [2531377.824, 1174843.5219999999], [2531375.772, 1174843.528], [2531346.677, 1174851.432], [2531337.377, 1174855.142], [2531326.945, 1174859.812], [2531315.965, 1174865.918], [2531306.265, 1174871.107], [2531283.097, 1174882.845], [2531280.475, 1174884.313], [2531274.611, 1174888.13], [2531271.152, 1174890.146], [2531253.3109999998, 1174899.267], [2531250.73, 1174900.808], [2531248.079, 1174903.082], [2531245.679, 1174906.238], [2531244.722, 1174909.079], [2531244.649, 1174910.779], [2531243.703, 1174911.64], [2531238.38, 1174916.483], [2531234.774, 1174919.777], [2531232.095, 1174917.222], [2531229.027, 1174916.266], [2531225.876, 1174915.986], [2531223.716, 1174916.912]]]}, "properties": {"OBJECTID": 52240785, "EGRID": "CH374583848341", "NUMERO": "DP 1031", "NO_COM_FED": 5757, "GENRE_TXT": "DP communal", "SUPERFICIE_MO": 8078, "SUPERFICIE_RF": null}}, {"type": "Feature", "id": 52240888, "geometry": {"type": "Polygon", "coordinates": [[[2530661.836, 1175069.447], [2530661.946, 1175069.787], [2530664.466, 1175077.327], [2530647.576, 1175082.237], [2530646.876, 1175074.177], [2530661.836, 1175069.447]]]}, "properties": {"OBJECTID": 52240888, "EGRID": "CH238382452344", "NUMERO": "456", "NO_COM_FED": 5757, "GENRE_TXT": "parcelle priv\u00e9e", "SUPERFICIE_MO": 135, "SUPERFICIE_RF": 135}}, {"type": "Feature", "id": 52241248, "geometry": {"type": "Polygon", "coordinates": [[[2531430.107, 1174501.412], [2531392.944, 1174510.452], [2531272.258, 1174540.042], [2531262.883, 1174501.689], [2531260.859, 1174493.4070000001], [2531383.216, 1174465.83], [2531421.655, 1174457.167], [2531430.107, 1174501.412]]]}, "properties": {"OBJECTID": 52241248, "EGRID": "CH169283455239", "NUMERO": "2753", "NO_COM_FED": 5757, "GENRE_TXT": "parcelle priv\u00e9e", "SUPERFICIE_MO": 7607, "SUPERFICIE_RF": 7607}}, {"type": "Feature", "id": 52241428, "geometry": {"type": "Polygon", "coordinates": [[[2530399.928, 1176090.984], [2530368.468, 1176102.635], [2530345.647, 1176043.976], [2530387.367, 1176038.514], [2530383.177, 1176048.895], [2530399.928, 1176090.984]]]}, "properties": {"OBJECTID": 52241428, "EGRID": "CH468283454322", "NUMERO": "874", "NO_COM_FED": 5757, "GENRE_TXT": "parcelle priv\u00e9e", "SUPERFICIE_MO": 2009, "SUPERFICIE_RF": 2009}}, {"type": "Feature", "id": 52241964, "geometry": {"type": "Polygon", "coordinates": [[[2530213.532, 1174804.983], [2530223.899, 1174812.365], [2530248.703, 1174830.027], [2530324.734, 1174884.406], [2530328.039, 1174886.62], [2530312.871, 1174911.681], [2530288.233, 1174952.006], [2530284.677598572, 1174956.5311268216], [2530280.6441463474, 1174960.635869837], [2530276.182, 1174964.27], [2530271.0918974825, 1174967.531438095], [2530265.657662306, 1174970.1800622912], [2530259.952745195, 1174972.1800730026], [2530254.0542554916, 1174973.504437495], [2530248.041918922, 1174974.1352552671], [2530241.997, 1174974.064], [2530184.1, 1174965.135], [2530178.988, 1174969.2280000001], [2530179.347, 1174955.326], [2530184.117, 1174961.071], [2530232.664, 1174968.575], [2530242.54, 1174970.075], [2530248.0210984894, 1174970.0996453417], [2530253.4673962058, 1174969.4824831006], [2530258.804, 1174968.232], [2530264.0974392043, 1174966.4386764725], [2530269.1394000193, 1174964.0272165372], [2530273.858, 1174961.0320000001], [2530277.9342219825, 1174957.7248025895], [2530281.614641247, 1174953.9821224804], [2530284.853, 1174949.851], [2530291.836, 1174938.405], [2530320.302, 1174891.82], [2530318.693, 1174885.054], [2530217.04, 1174812.338], [2530210.524, 1174812.669], [2530157.476, 1174857.308], [2530156.112, 1174864.557], [2530149.771, 1174852.311], [2530155.683, 1174853.599], [2530213.532, 1174804.983]]]}, "properties": {"OBJECTID": 52241964, "EGRID": "CH798390694595", "NUMERO": "DP 178", "NO_COM_FED": 5757, "GENRE_TXT": "DP communal", "SUPERFICIE_MO": 1694, "SUPERFICIE_RF": null}}, {"type": "Feature", "id": 52242092, "geometry": {"type": "Polygon", "coordinates": [[[2530616.017, 1175178.338], [2530615.127, 1175165.528], [2530641.667, 1175162.887], [2530642.497, 1175162.837], [2530643.777, 1175175.687], [2530642.927, 1175175.747], [2530642.787, 1175175.767], [2530616.017, 1175178.338]]]}, "properties": {"OBJECTID": 52242092, "EGRID": "CH582283458249", "NUMERO": "401", "NO_COM_FED": 5757, "GENRE_TXT": "parcelle priv\u00e9e", "SUPERFICIE_MO": 357, "SUPERFICIE_RF": 357}}, {"type": "Feature", "id": 52242185, "geometry": {"type": "Polygon", "coordinates": [[[2530422.5640000002, 1175815.154], [2530428.054, 1175813.923], [2530431.535, 1175852.043], [2530431.625, 1175853.063], [2530419.435, 1175852.694], [2530407.265, 1175837.204], [2530402.305, 1175832.554], [2530398.305, 1175829.554], [2530385.264, 1175824.435], [2530383.724, 1175823.885], [2530422.5640000002, 1175815.154]]]}, "properties": {"OBJECTID": 52242185, "EGRID": "CH428371834520", "NUMERO": "792", "NO_COM_FED": 5757, "GENRE_TXT": "parcelle priv\u00e9e", "SUPERFICIE_MO": 921, "SUPERFICIE_RF": 921}}, {"type": "Feature", "id": 52242465, "geometry": {"type": "Polygon", "coordinates": [[[2530639.466, 1175083.358], [2530639.6859999998, 1175086.528], [2530617.866, 1175085.408], [2530612.996, 1175085.158], [2530613.066, 1175081.888], [2530628.466, 1175082.418], [2530639.466, 1175083.358]]]}, "properties": {"OBJECTID": 52242465, "EGRID": "CH274583718317", "NUMERO": "412", "NO_COM_FED": 5757, "GENRE_TXT": "parcelle priv\u00e9e", "SUPERFICIE_MO": 90, "SUPERFICIE_RF": 90}}, {"type": "Feature", "id": 52242586, "geometry": {"type": "Polygon", "coordinates": [[[2531031.946, 1174986.675], [2531030.946, 1174986.035], [2531014.806, 1174974.006], [2531014.756, 1174967.246], [2531017.216, 1174953.376], [2531017.396, 1174952.976], [2531019.756, 1174947.785], [2531023.416, 1174939.715], [2531029.056, 1174938.705], [2531035.326, 1174944.395], [2531049.466, 1174957.224], [2531057.736, 1174962.564], [2531068.537, 1174967.571], [2531074.066, 1174970.134], [2531064.866, 1174985.844], [2531050.526, 1174976.934], [2531048.106, 1174981.035], [2531045.326, 1174986.172], [2531044.496, 1174987.705], [2531042.076, 1174991.495], [2531041.396, 1174992.565], [2531031.946, 1174986.675]]]}, "properties": {"OBJECTID": 52242586, "EGRID": "CH480383458313", "NUMERO": "999", "NO_COM_FED": 5757, "GENRE_TXT": "parcelle priv\u00e9e", "SUPERFICIE_MO": 1672, "SUPERFICIE_RF": 1672}}, {"type": "Feature", "id": 52242721, "geometry": {"type": "Polygon", "coordinates": [[[2530841.333, 1174724.701], [2530848.983, 1174726.041], [2530913.232, 1174704.399], [2530929.633, 1174699.349], [2530986.033, 1174681.319], [2530996.483, 1174675.079], [2531004.173, 1174665.929], [2530994.503, 1174695.208], [2530992.573, 1174690.418], [2530988.373, 1174688.909], [2530847.173, 1174734.691], [2530846.6148423003, 1174735.0952287333], [2530846.122763383, 1174735.5777214547], [2530845.7076334935, 1174736.127819683], [2530845.378623036, 1174736.733371502], [2530845.143, 1174737.381], [2530845.023, 1174737.729], [2530844.8157976326, 1174738.5943425188], [2530844.728587374, 1174739.479862065], [2530844.763, 1174740.369], [2530844.803, 1174740.671], [2530824.133, 1174732.492], [2530825.643907897, 1174732.0460355212], [2530827.063, 1174731.362], [2530828.2678245376, 1174730.5281422283], [2530829.333, 1174729.5219999999], [2530841.333, 1174724.701]]]}, "properties": {"OBJECTID": 52242721, "EGRID": "CH357283834597", "NUMERO": "DP 1027", "NO_COM_FED": 5757, "GENRE_TXT": "DP communal", "SUPERFICIE_MO": 1571, "SUPERFICIE_RF": null}}, {"type": "Feature", "id": 52243091, "geometry": {"type": "Polygon", "coordinates": [[[2530582.178, 1175271.689], [2530565.488, 1175281.07], [2530562.618, 1175275.92], [2530553.328, 1175278.89], [2530551.848, 1175276.27], [2530551.678, 1175276.33], [2530525.928, 1175277.551], [2530517.048, 1175265.621], [2530517.148, 1175221.031], [2530517.207, 1175138.041], [2530516.826, 1175087.661], [2530536.256, 1175082.551], [2530531.756, 1175102.641], [2530546.166, 1175103.62], [2530547.116, 1175094.47], [2530560.136, 1175090.29], [2530558.716, 1175097.95], [2530558.6859999998, 1175098.36], [2530561.016, 1175098.45], [2530559.876, 1175107.12], [2530559.857, 1175115.95], [2530560.537, 1175125.11], [2530561.827, 1175134.23], [2530562.057, 1175135.84], [2530569.087, 1175159.54], [2530570.777, 1175161.49], [2530572.107, 1175166.49], [2530573.017, 1175171.55], [2530574.037, 1175182.439], [2530574.017, 1175186.559], [2530573.778, 1175214.939], [2530578.558, 1175256.929], [2530582.178, 1175271.689]]]}, "properties": {"OBJECTID": 52243091, "EGRID": "CH468383457263", "NUMERO": "494", "NO_COM_FED": 5757, "GENRE_TXT": "parcelle priv\u00e9e", "SUPERFICIE_MO": 9829, "SUPERFICIE_RF": 9829}}, {"type": "Feature", "id": 52243267, "geometry": {"type": "Polygon", "coordinates": [[[2531232.051, 1175391.038], [2531238.481, 1175400.198], [2531236.701, 1175400.9679999999], [2531217.172, 1175409.349], [2531223.382, 1175422.188], [2531200.462, 1175433.579], [2531191.472, 1175415.119], [2531189.181, 1175410.419], [2531210.541, 1175400.919], [2531217.381, 1175397.859], [2531222.0609999998, 1175395.828], [2531221.861, 1175395.298], [2531225.141, 1175394.068], [2531226.381, 1175393.598], [2531229.551, 1175392.408], [2531229.691, 1175392.328], [2531232.051, 1175391.038]]]}, "properties": {"OBJECTID": 52243267, "EGRID": "CH308345708363", "NUMERO": "722", "NO_COM_FED": 5757, "GENRE_TXT": "parcelle priv\u00e9e", "SUPERFICIE_MO": 884, "SUPERFICIE_RF": 884}}, {"type": "Feature", "id": 52243286, "geometry": {"type": "Polygon", "coordinates": [[[2530610.097, 1175981.967], [2530607.687, 1175986.518], [2530601.847, 1175997.408], [2530597.237, 1176005.768], [2530595.837, 1176005.988], [2530561.667, 1175987.699], [2530566.577, 1175978.539], [2530572.417, 1175967.639], [2530574.847, 1175963.099], [2530610.097, 1175981.967]]]}, "properties": {"OBJECTID": 52243286, "EGRID": "CH214586838352", "NUMERO": "1256", "NO_COM_FED": 5757, "GENRE_TXT": "parcelle priv\u00e9e", "SUPERFICIE_MO": 1115, "SUPERFICIE_RF": 1115}}, {"type": "Feature", "id": 52243332, "geometry": {"type": "Polygon", "coordinates": [[[2530727.914, 1174894.385], [2530713.414, 1174903.035], [2530710.194, 1174897.565], [2530724.684, 1174888.965], [2530727.914, 1174894.385]]]}, "properties": {"OBJECTID": 52243332, "EGRID": "CH344583837306", "NUMERO": "545", "NO_COM_FED": 5757, "GENRE_TXT": "parcelle priv\u00e9e", "SUPERFICIE_MO": 107, "SUPERFICIE_RF": 107}}, {"type": "Feature", "id": 52243354, "geometry": {"type": "Polygon", "coordinates": [[[2531223.593, 1175563.808], [2531256.303, 1175547.487], [2531262.193, 1175545.3969999999], [2531266.373, 1175543.987], [2531274.323, 1175541.277], [2531276.473, 1175542.076], [2531277.893, 1175546.046], [2531282.424, 1175575.106], [2531269.524, 1175580.297], [2531237.214, 1175592.788], [2531223.593, 1175563.808]]]}, "properties": {"OBJECTID": 52243354, "EGRID": "CH582483458292", "NUMERO": "156", "NO_COM_FED": 5757, "GENRE_TXT": "parcelle priv\u00e9e", "SUPERFICIE_MO": 1819, "SUPERFICIE_RF": 1819}}, {"type": "Feature", "id": 52243544, "geometry": {"type": "Polygon", "coordinates": [[[2530635.2060000002, 1175036.678], [2530646.396, 1175042.477], [2530639.856, 1175055.828], [2530627.716, 1175050.628], [2530621.156, 1175047.858], [2530624.356, 1175038.808], [2530625.946, 1175034.448], [2530631.056, 1175036.768], [2530634.366, 1175038.348], [2530635.2060000002, 1175036.678]]]}, "properties": {"OBJECTID": 52243544, "EGRID": "CH774583048348", "NUMERO": "419", "NO_COM_FED": 5757, "GENRE_TXT": "parcelle priv\u00e9e", "SUPERFICIE_MO": 313, "SUPERFICIE_RF": 313}}, {"type": "Feature", "id": 52243993, "geometry": {"type": "Polygon", "coordinates": [[[2530730.038, 1175248.914], [2530736.338, 1175248.974], [2530736.449, 1175259.464], [2530736.489, 1175262.284], [2530735.089, 1175268.454], [2530733.299, 1175278.694], [2530731.6890000002, 1175278.374], [2530721.639, 1175278.435], [2530714.429, 1175278.365], [2530714.239, 1175279.075], [2530711.809, 1175277.585], [2530717.389, 1175268.345], [2530721.219, 1175268.615], [2530721.239, 1175268.195], [2530726.209, 1175268.235], [2530727.6689999998, 1175267.824], [2530727.869, 1175265.534], [2530724.629, 1175264.515], [2530727.209, 1175259.614], [2530727.539, 1175258.954], [2530728.6890000002, 1175256.254], [2530728.139, 1175256.024], [2530729.448, 1175251.224], [2530730.038, 1175248.914]]]}, "properties": {"OBJECTID": 52243993, "EGRID": "CH398382224556", "NUMERO": "589", "NO_COM_FED": 5757, "GENRE_TXT": "parcelle priv\u00e9e", "SUPERFICIE_MO": 365, "SUPERFICIE_RF": 365}}, {"type": "Feature", "id": 52244168, "geometry": {"type": "Polygon", "coordinates": [[[2531085.078, 1175150.783], [2531099.618, 1175137.523], [2531133.898, 1175106.092], [2531133.868, 1175105.592], [2531134.988, 1175105.352], [2531165.558, 1175130.081], [2531162.448, 1175133.861], [2531158.238, 1175132.231], [2531131.568, 1175152.972], [2531093.099, 1175182.883], [2531087.509, 1175187.233], [2531069.868, 1175164.674], [2531085.078, 1175150.783]]]}, "properties": {"OBJECTID": 52244168, "EGRID": "CH538382455210", "NUMERO": "610", "NO_COM_FED": 5757, "GENRE_TXT": "parcelle priv\u00e9e", "SUPERFICIE_MO": 2988, "SUPERFICIE_RF": 2988}}, {"type": "Feature", "id": 52244217, "geometry": {"type": "Polygon", "coordinates": [[[2530711.007, 1175157.015], [2530709.597, 1175152.675], [2530708.297, 1175147.675], [2530729.237, 1175143.615], [2530729.447, 1175144.315], [2530734.657, 1175143.304], [2530735.567, 1175147.454], [2530730.257, 1175148.685], [2530730.537, 1175150.275], [2530728.627, 1175150.305], [2530729.367, 1175152.685], [2530721.867, 1175154.895], [2530711.007, 1175157.015]]]}, "properties": {"OBJECTID": 52244217, "EGRID": "CH557283834529", "NUMERO": "340", "NO_COM_FED": 5757, "GENRE_TXT": "parcelle priv\u00e9e", "SUPERFICIE_MO": 218, "SUPERFICIE_RF": 218}}, {"type": "Feature", "id": 52244232, "geometry": {"type": "Polygon", "coordinates": [[[2530663.99, 1175485.334], [2530665.741, 1175484.926], [2530668.771, 1175484.586], [2530668.791, 1175488.476], [2530668.8109999998, 1175488.746], [2530690.571, 1175487.195], [2530691.671, 1175487.195], [2530689.531, 1175509.785], [2530664.021, 1175511.586], [2530661.961, 1175511.786], [2530659.951, 1175511.946], [2530647.731, 1175513.177], [2530643.211, 1175513.687], [2530634.8109999998, 1175515.1469999999], [2530597.211, 1175521.708], [2530586.761, 1175503.529], [2530659.341, 1175486.416], [2530663.99, 1175485.334]]]}, "properties": {"OBJECTID": 52244232, "EGRID": "CH414521838285", "NUMERO": "614", "NO_COM_FED": 5757, "GENRE_TXT": "parcelle priv\u00e9e", "SUPERFICIE_MO": 2256, "SUPERFICIE_RF": 2256}}, {"type": "Feature", "id": 52244235, "geometry": {"type": "Polygon", "coordinates": [[[2530730.264, 1174898.705], [2530734.184, 1174905.125], [2530719.664, 1174913.265], [2530713.414, 1174903.035], [2530727.914, 1174894.385], [2530730.264, 1174898.705]]]}, "properties": {"OBJECTID": 52244235, "EGRID": "CH874582238363", "NUMERO": "543", "NO_COM_FED": 5757, "GENRE_TXT": "parcelle priv\u00e9e", "SUPERFICIE_MO": 204, "SUPERFICIE_RF": 204}}, {"type": "Feature", "id": 52244254, "geometry": {"type": "Polygon", "coordinates": [[[2530258.988, 1176207.217], [2530283, 1176313.62], [2530208.239, 1176296.631], [2530183.268, 1176159.531], [2530193.778, 1176157.401], [2530225.898, 1176144.91], [2530243.068, 1176136.669], [2530247.664, 1176157.035], [2530258.988, 1176207.217]]]}, "properties": {"OBJECTID": 52244254, "EGRID": "CH108245678370", "NUMERO": "1442", "NO_COM_FED": 5757, "GENRE_TXT": "parcelle priv\u00e9e", "SUPERFICIE_MO": 10578, "SUPERFICIE_RF": 10578}}, {"type": "Feature", "id": 52244316, "geometry": {"type": "Polygon", "coordinates": [[[2530882.261, 1174425.65], [2530879.873, 1174464.921], [2530848.144, 1174452.446], [2530849.066, 1174418.821], [2530882.261, 1174425.65]]]}, "properties": {"OBJECTID": 52244316, "EGRID": "CH109045688345", "NUMERO": "1187", "NO_COM_FED": 5757, "GENRE_TXT": "parcelle priv\u00e9e", "SUPERFICIE_MO": 1199, "SUPERFICIE_RF": 1199}}, {"type": "Feature", "id": 52244344, "geometry": {"type": "Polygon", "coordinates": [[[2530904.251, 1174587.211], [2530907.151, 1174565.7719999999], [2530949.462, 1174571.221], [2530944.542, 1174592.701], [2530904.251, 1174587.211]]]}, "properties": {"OBJECTID": 52244344, "EGRID": "CH468383459441", "NUMERO": "324", "NO_COM_FED": 5757, "GENRE_TXT": "parcelle priv\u00e9e", "SUPERFICIE_MO": 908, "SUPERFICIE_RF": 908}}, {"type": "Feature", "id": 52244411, "geometry": {"type": "Polygon", "coordinates": [[[2530369.494, 1175804.755], [2530394.504, 1175793.685], [2530406.654, 1175790.574], [2530408.664, 1175790.654], [2530420.264, 1175791.634], [2530422.5640000002, 1175815.154], [2530383.724, 1175823.885], [2530380.334, 1175822.535], [2530378.685, 1175822.041], [2530374.326, 1175821.553], [2530368.474, 1175807.755], [2530369.494, 1175804.755]]]}, "properties": {"OBJECTID": 52244411, "EGRID": "CH868383457323", "NUMERO": "1533", "NO_COM_FED": 5757, "GENRE_TXT": "parcelle priv\u00e9e", "SUPERFICIE_MO": 1277, "SUPERFICIE_RF": 1277}}, {"type": "Feature", "id": 52244412, "geometry": {"type": "Polygon", "coordinates": [[[2530213.423, 1175718.191], [2530215.604, 1175712.504], [2530219.543, 1175702.232], [2530236.835, 1175657.136], [2530250.79, 1175663.111], [2530224.378, 1175722.883], [2530218.384, 1175719.87], [2530213.423, 1175718.191]]]}, "properties": {"OBJECTID": 52244412, "EGRID": "CH282983459942", "NUMERO": "2682", "NO_COM_FED": 5757, "GENRE_TXT": "parcelle priv\u00e9e", "SUPERFICIE_MO": 883, "SUPERFICIE_RF": 883}}, {"type": "Feature", "id": 52244425, "geometry": {"type": "Polygon", "coordinates": [[[2530395.722, 1174460.635], [2530391.196, 1174433.383], [2530390.862, 1174431.367], [2530423.438, 1174425.375], [2530429.462, 1174455.502], [2530395.722, 1174460.635]]]}, "properties": {"OBJECTID": 52244425, "EGRID": "CH814556839014", "NUMERO": "2356", "NO_COM_FED": 5757, "GENRE_TXT": "parcelle priv\u00e9e", "SUPERFICIE_MO": 1015, "SUPERFICIE_RF": 1015}}, {"type": "Feature", "id": 52244635, "geometry": {"type": "Polygon", "coordinates": [[[2530304.595, 1175687.245], [2530281.994, 1175732.187], [2530277.043, 1175742.033], [2530274.103, 1175747.878], [2530257.913, 1175739.738], [2530261.113, 1175733.368], [2530266.153, 1175731.698], [2530271.528, 1175721.004], [2530269.1689999998, 1175716.088], [2530267.224, 1175715.11], [2530285.77, 1175678.21], [2530304.595, 1175687.245]]]}, "properties": {"OBJECTID": 52244635, "EGRID": "CH214529839964", "NUMERO": "2679", "NO_COM_FED": 5757, "GENRE_TXT": "parcelle priv\u00e9e", "SUPERFICIE_MO": 1283, "SUPERFICIE_RF": 1283}}, {"type": "Feature", "id": 52245185, "geometry": {"type": "Polygon", "coordinates": [[[2530765.255, 1174958.264], [2530753.725, 1174965.154], [2530754.115, 1174959.184], [2530754.375, 1174956.634], [2530754.665, 1174955.514], [2530755.775, 1174954.914], [2530761.375, 1174951.904], [2530765.255, 1174958.264]]]}, "properties": {"OBJECTID": 52245185, "EGRID": "CH152483824509", "NUMERO": "383", "NO_COM_FED": 5757, "GENRE_TXT": "parcelle priv\u00e9e", "SUPERFICIE_MO": 82, "SUPERFICIE_RF": 82}}, {"type": "Feature", "id": 52245844, "geometry": {"type": "Polygon", "coordinates": [[[2530450.656, 1175949.813], [2530448.946, 1175944.643], [2530438.996, 1175920.0929999999], [2530434.726, 1175915.283], [2530434.156, 1175912.393], [2530434.236, 1175908.743], [2530433.445, 1175902.713], [2530437.785, 1175901.983], [2530437.705, 1175898.273], [2530437.985, 1175894.613], [2530438.645, 1175890.973], [2530444.125, 1175867.883], [2530442.105, 1175863.063], [2530454.655, 1175863.323], [2530453.005, 1175863.753], [2530451.595, 1175864.5929999999], [2530450.485, 1175865.683], [2530449.665, 1175866.993], [2530449.145, 1175868.523], [2530443.625, 1175891.713], [2530442.895, 1175900.683], [2530444.935, 1175900.383], [2530446.596, 1175910.873], [2530455.216, 1175937.802], [2530464.356, 1175961.302], [2530464.966, 1175965.682], [2530468.587, 1175988.122], [2530470.527, 1176006.202], [2530457.107, 1176002.322], [2530461.837, 1175997.412], [2530460.687, 1175986.512], [2530456.136, 1175967.232], [2530450.656, 1175949.813]]]}, "properties": {"OBJECTID": 52245844, "EGRID": "CH238382452146", "NUMERO": "DP 14", "NO_COM_FED": 5757, "GENRE_TXT": "DP communal", "SUPERFICIE_MO": 1208, "SUPERFICIE_RF": null}}, {"type": "Feature", "id": 52245854, "geometry": {"type": "Polygon", "coordinates": [[[2530695.655, 1174271.697], [2530692.417, 1174303.287], [2530668.587, 1174300.813], [2530671.278, 1174274.25], [2530695.655, 1174271.697]]]}, "properties": {"OBJECTID": 52245854, "EGRID": "CH338391452326", "NUMERO": "2757", "NO_COM_FED": 5757, "GENRE_TXT": "parcelle priv\u00e9e", "SUPERFICIE_MO": 701, "SUPERFICIE_RF": 701}}, {"type": "Feature", "id": 52245892, "geometry": {"type": "Polygon", "coordinates": [[[2531294.974, 1175581.986], [2531296.724, 1175583.916], [2531297.754, 1175584.826], [2531298.604, 1175585.296], [2531301.664, 1175586.016], [2531327.484, 1175575.395], [2531349.554, 1175565.934], [2531390.334, 1175549.143], [2531396.534, 1175550.923], [2531401.0640000002, 1175552.182], [2531409.254, 1175557.952], [2531439.284, 1175587.941], [2531449.414, 1175604.601], [2531469.985, 1175641.271], [2531484.775, 1175660.85], [2531476.185, 1175671.071], [2531465.595, 1175643.671], [2531444.984, 1175606.891], [2531435.024, 1175592.231], [2531405.264, 1175562.622], [2531398.674, 1175557.813], [2531396.464, 1175557.133], [2531391.204, 1175555.503], [2531320.084, 1175584.985], [2531295.584, 1175595.146], [2531292.054, 1175596.606], [2531294.974, 1175581.986]]]}, "properties": {"OBJECTID": 52245892, "EGRID": "CH708345718321", "NUMERO": "DP 68", "NO_COM_FED": 5757, "GENRE_TXT": "DP communal", "SUPERFICIE_MO": 1590, "SUPERFICIE_RF": null}}, {"type": "Feature", "id": 52245990, "geometry": {"type": "Polygon", "coordinates": [[[2530780.837, 1175926.132], [2530770.386, 1175917.162], [2530769.676, 1175916.552], [2530778.836, 1175904.732], [2530820.386, 1175899.461], [2530821.807, 1175922.791], [2530815.267, 1175924.071], [2530798.597, 1175941.0320000001], [2530792.177, 1175935.562], [2530788.887, 1175932.822], [2530780.837, 1175926.132]]]}, "properties": {"OBJECTID": 52245990, "EGRID": "CH644583831955", "NUMERO": "730", "NO_COM_FED": 5757, "GENRE_TXT": "parcelle priv\u00e9e", "SUPERFICIE_MO": 1329, "SUPERFICIE_RF": 1329}}, {"type": "Feature", "id": 52246464, "geometry": {"type": "Polygon", "coordinates": [[[2530529.909, 1174460.555], [2530565.418, 1174468.96], [2530604.016, 1174478.097], [2530603.578, 1174480.663], [2530584.818, 1174496.546], [2530576.946, 1174498.129], [2530523.948, 1174480.055], [2530529.909, 1174460.555]]]}, "properties": {"OBJECTID": 52246464, "EGRID": "CH614555839091", "NUMERO": "1456", "NO_COM_FED": 5757, "GENRE_TXT": "parcelle priv\u00e9e", "SUPERFICIE_MO": 1628, "SUPERFICIE_RF": 1628}}, {"type": "Feature", "id": 52247159, "geometry": {"type": "Polygon", "coordinates": [[[2530384.583, 1174847.809], [2530375.451, 1174838.172], [2530371.105, 1174836.162], [2530368.295, 1174831.294], [2530368.005, 1174827.961], [2530366.594, 1174826.224], [2530364.2939999998, 1174824.591], [2530361.511, 1174822.615], [2530358.472, 1174821.991], [2530350.674, 1174820.932], [2530344.769, 1174821.333], [2530341.024, 1174819.826], [2530330.443, 1174820.416], [2530326.118, 1174819.0219999999], [2530322.804, 1174817.65], [2530319.346, 1174816.57], [2530317.285, 1174815.06], [2530314.257, 1174814.693], [2530311.852, 1174813.32], [2530307.4189999998, 1174812.671], [2530301.663, 1174809.168], [2530298.442, 1174809.266], [2530295.93, 1174806.716], [2530288.633, 1174801.252], [2530287.224, 1174798.764], [2530283.0609999998, 1174794.401], [2530278.254, 1174790.206], [2530277.084, 1174788.453], [2530275.405, 1174787.454], [2530274.243, 1174786.762], [2530271.913, 1174784.065], [2530270.308, 1174782.378], [2530269.041, 1174781.014], [2530267.526, 1174779.546], [2530266.649, 1174779.434], [2530263.763, 1174779.918], [2530262.268, 1174779.045], [2530261.376, 1174776.511], [2530260.031, 1174774.798], [2530253.032, 1174767.911], [2530251.776, 1174767.298], [2530250.036, 1174766.448], [2530244.69, 1174766.296], [2530242.22, 1174764.2], [2530240.263, 1174761.896], [2530236.139, 1174758.025], [2530235.607, 1174757.7], [2530234.5, 1174757.025], [2530234.538, 1174756.81], [2530234.602, 1174756.616], [2530237.319, 1174757.072], [2530241.034, 1174760.961], [2530243.238, 1174763.618], [2530244.979, 1174765.739], [2530249.815, 1174765.34], [2530250.208, 1174765.479], [2530252.659, 1174766.344], [2530253.726, 1174767.265], [2530261.414, 1174774.296], [2530262.655, 1174775.447], [2530264.724, 1174776.025], [2530266.088, 1174777.292], [2530266.412, 1174778.027], [2530266.802, 1174778.91], [2530267.988, 1174778.825], [2530269.783, 1174780.283], [2530270.679, 1174781.537], [2530272.704, 1174783.111], [2530274.857, 1174785.778], [2530277.554, 1174787.9780000001], [2530278.843, 1174789.426], [2530283.915, 1174793.561], [2530287.749, 1174798.071], [2530289.18, 1174800.388], [2530296.677, 1174805.667], [2530298.624, 1174807.198], [2530302.163, 1174807.214], [2530307.554, 1174811.225], [2530312.239, 1174812.448], [2530314.295, 1174813.724], [2530317.516, 1174813.233], [2530319.882, 1174815.826], [2530322.333, 1174816.293], [2530326.903, 1174817.904], [2530330.877, 1174818.726], [2530341.048, 1174818.697], [2530345.165, 1174820.046], [2530351.042, 1174819.569], [2530358.771, 1174820.491], [2530362.017, 1174821.47], [2530365.128, 1174823.83], [2530366.869, 1174825.562], [2530369.173, 1174827.025], [2530369.569, 1174827.277], [2530370.853, 1174829.956], [2530372.103, 1174835.208], [2530375.914, 1174836.986], [2530387.547, 1174848.8], [2530390.974, 1174850.79], [2530393.675, 1174855.341], [2530400.214, 1174860.2280000001], [2530400.757, 1174861.053], [2530400.587, 1174861.318], [2530400.416, 1174861.583], [2530399.326, 1174861.2719999999], [2530392.72, 1174856.162], [2530389.565, 1174852.412], [2530386.726, 1174850.071], [2530384.583, 1174847.809]]]}, "properties": {"OBJECTID": 52247159, "EGRID": "CH856983904584", "NUMERO": "DP 179", "NO_COM_FED": 5757, "GENRE_TXT": "DP cantonal", "SUPERFICIE_MO": 275, "SUPERFICIE_RF": null}}, {"type": "Feature", "id": 52247268, "geometry": {"type": "Polygon", "coordinates": [[[2530624.646, 1175075.618], [2530626.356, 1175065.858], [2530638.216, 1175068.538], [2530639.876, 1175068.918], [2530639.416, 1175077.388], [2530637.576, 1175077.168], [2530624.646, 1175075.618]]]}, "properties": {"OBJECTID": 52247268, "EGRID": "CH108345738325", "NUMERO": "416", "NO_COM_FED": 5757, "GENRE_TXT": "parcelle priv\u00e9e", "SUPERFICIE_MO": 132, "SUPERFICIE_RF": 132}}, {"type": "Feature", "id": 52247293, "geometry": {"type": "Polygon", "coordinates": [[[2531300.676, 1175777.807], [2531299.866, 1175762.186], [2531295.335, 1175704.556], [2531292.575, 1175675.556], [2531290.425, 1175651.916], [2531283.204, 1175583.056], [2531282.424, 1175575.106], [2531277.893, 1175546.046], [2531276.473, 1175542.076], [2531277.873, 1175528.846], [2531287.193, 1175526.446], [2531290.183, 1175547.276], [2531293.154, 1175570.386], [2531294.974, 1175581.986], [2531292.054, 1175596.606], [2531297.325, 1175648.226], [2531302.555, 1175703.356], [2531307.006, 1175761.426], [2531312.387, 1175854.937], [2531315.487, 1175890.827], [2531324.167, 1175899.047], [2531333.867, 1175891.737], [2531325.677, 1175929.9070000001], [2531320.937, 1175915.9070000001], [2531310.587, 1175916.828], [2531307.027, 1175875.947], [2531305.177, 1175855.527], [2531300.676, 1175777.807]]]}, "properties": {"OBJECTID": 52247293, "EGRID": "CH738383457111", "NUMERO": "DP 67", "NO_COM_FED": 5757, "GENRE_TXT": "DP communal", "SUPERFICIE_MO": 3445, "SUPERFICIE_RF": null}}, {"type": "Feature", "id": 52247391, "geometry": {"type": "Polygon", "coordinates": [[[2530428.849, 1174554.49], [2530428.605, 1174552.842], [2530430.833, 1174552.511], [2530431.108, 1174554.283], [2530428.849, 1174554.49]]]}, "properties": {"OBJECTID": 52247391, "EGRID": "CH738390455660", "NUMERO": "1153", "NO_COM_FED": 5757, "GENRE_TXT": "parcelle priv\u00e9e", "SUPERFICIE_MO": 4, "SUPERFICIE_RF": 4}}, {"type": "Feature", "id": 52248544, "geometry": {"type": "Polygon", "coordinates": [[[2530725.7060000002, 1175016.635], [2530721.946, 1175022.325], [2530720.506, 1175024.475], [2530719.196, 1175022.225], [2530713.536, 1175012.575], [2530720.106, 1175008.535], [2530724.276, 1175015.515], [2530725.7060000002, 1175016.635]]]}, "properties": {"OBJECTID": 52248544, "EGRID": "CH298383724528", "NUMERO": "503", "NO_COM_FED": 5757, "GENRE_TXT": "parcelle priv\u00e9e", "SUPERFICIE_MO": 94, "SUPERFICIE_RF": 94}}, {"type": "Feature", "id": 52248845, "geometry": {"type": "Polygon", "coordinates": [[[2530199.1689999998, 1174444.75], [2530192.71, 1174423.091], [2530219.737, 1174415.035], [2530221.843, 1174414.406], [2530223.33, 1174419.39], [2530257.122, 1174409.311], [2530262.084, 1174425.993], [2530258.452, 1174427.107], [2530259.745, 1174431.418], [2530263.388, 1174430.337], [2530263.578, 1174430.974], [2530233.837, 1174439.847], [2530233.145, 1174437.528], [2530228.91, 1174438.792], [2530228.116, 1174436.128], [2530199.1689999998, 1174444.75]]]}, "properties": {"OBJECTID": 52248845, "EGRID": "CH629067834590", "NUMERO": "2727", "NO_COM_FED": 5757, "GENRE_TXT": "parcelle priv\u00e9e", "SUPERFICIE_MO": 1457, "SUPERFICIE_RF": 1457}}, {"type": "Feature", "id": 52249349, "geometry": {"type": "Polygon", "coordinates": [[[2530343.172, 1174785.238], [2530343.95, 1174783.45], [2530353.0810000002, 1174762.4780000001], [2530361.183, 1174743.262], [2530363.183, 1174738.524], [2530371.024, 1174742.931], [2530382.347, 1174750.417], [2530357.701, 1174796.004], [2530348.703, 1174786.981], [2530343.172, 1174785.238]]]}, "properties": {"OBJECTID": 52249349, "EGRID": "CH144583906957", "NUMERO": "1083", "NO_COM_FED": 5757, "GENRE_TXT": "parcelle priv\u00e9e", "SUPERFICIE_MO": 1014, "SUPERFICIE_RF": 1014}}, {"type": "Feature", "id": 52249393, "geometry": {"type": "Polygon", "coordinates": [[[2530678.805, 1174970.126], [2530676.865, 1174967.816], [2530674.175, 1174966.4070000001], [2530671.185, 1174966.197], [2530668.365, 1174967.047], [2530656.595, 1174978.067], [2530651.455, 1174986.177], [2530644.815, 1174997.347], [2530636.175, 1174990.418], [2530632.615, 1174988.658], [2530639.655, 1174974.268], [2530657.685, 1174965.997], [2530661.655, 1174961.707], [2530667.175, 1174955.277], [2530667.355, 1174955.437], [2530672.325, 1174949.677], [2530678.805, 1174970.126]]]}, "properties": {"OBJECTID": 52249393, "EGRID": "CH398383984513", "NUMERO": "DP 157", "NO_COM_FED": 5757, "GENRE_TXT": "DP communal", "SUPERFICIE_MO": 642, "SUPERFICIE_RF": null}}, {"type": "Feature", "id": 52249566, "geometry": {"type": "Polygon", "coordinates": [[[2531396.464, 1175557.133], [2531415.256, 1175740.613], [2531389.766, 1175774.184], [2531366.176, 1175812.845], [2531349.047, 1175848.716], [2531333.867, 1175891.737], [2531324.167, 1175899.047], [2531315.487, 1175890.827], [2531312.387, 1175854.937], [2531307.006, 1175761.426], [2531302.555, 1175703.356], [2531297.325, 1175648.226], [2531292.054, 1175596.606], [2531295.584, 1175595.146], [2531320.084, 1175584.985], [2531391.204, 1175555.503], [2531396.464, 1175557.133]]]}, "properties": {"OBJECTID": 52249566, "EGRID": "CH114594838314", "NUMERO": "165", "NO_COM_FED": 5757, "GENRE_TXT": "parcelle priv\u00e9e", "SUPERFICIE_MO": 26813, "SUPERFICIE_RF": 26813}}]}