{
  "type": "FeatureCollection",
  "crs": {
    "type": "name",
    "properties": {
      "name": "EPSG:2056"
    }
  },
  "features": [
    {
      "type": "Feature",
      "properties": {
        "extended_drawing_index": 33,
        "page_number": 99,
        "label": "Secteur destiné principalement à l’habitation - densité moyenne (délimitation indicative)",
        "effective_opacity": 0.4400019943714142,
        "source_fill": [
          0.9431143403053284,
          0.3316243290901184,
          0.19542229175567627
        ],
        "status": "review_required",
        "reservation": "Cantonal reservation on residential/mixed-zone resizing principles, chapter2.2/pages21-22.",
        "curve_flattening_tolerance_pdf_points": 0.03
      },
      "geometry": {
        "type": "Polygon",
        "coordinates": [
          [
            [
              2541657.9997017765,
              1155622.5413848332
            ],
            [
              2541654.175074892,
              1155622.1161982524
            ],
            [
              2541646.162973512,
              1155620.6438262209
            ],
            [
              2541638.1226312374,
              1155618.5400653612
            ],
            [
              2541630.600715171,
              1155616.042447272
            ],
            [
              2541624.1438924163,
              1155613.3885035522
            ],
            [
              2541619.298830076,
              1155610.8157658007
            ],
            [
              2541607.2974746856,
              1155602.897302869
            ],
            [
              2541596.827687227,
              1155595.6400014388
            ],
            [
              2541587.3150604055,
              1155588.954594957
            ],
            [
              2541578.185186926,
              1155582.7518168697
            ],
            [
              2541568.863659492,
              1155576.9424006238
            ],
            [
              2541558.7760708104,
              1155571.437079666
            ],
            [
              2541553.265501221,
              1155568.7705591223
            ],
            [
              2541547.348013584,
              1155566.1465874428
            ],
            [
              2541540.9518069876,
              1155563.554006309
            ],
            [
              2541534.005080519,
              1155560.981657401
            ],
            [
              2541523.1408941625,
              1155557.2311012722
            ],
            [
              2541513.264705721,
              1155554.0163758618
            ],
            [
              2541504.295385283,
              1155551.2893196042
            ],
            [
              2541496.1518029375,
              1155549.0017709334
            ],
            [
              2541482.017332881,
              1155545.5525500881
            ],
            [
              2541470.212256264,
              1155543.283420799
            ],
            [
              2541460.0875337976,
              1155541.8090905382
            ],
            [
              2541450.9941261937,
              1155540.7442667782
            ],
            [
              2541442.282994165,
              1155539.7036569917
            ],
            [
              2541433.3050984233,
              1155538.3019686511
            ],
            [
              2541423.103209641,
              1155536.445399732
            ],
            [
              2541413.982626007,
              1155535.068926564
            ],
            [
              2541403.89380755,
              1155534.1685122806
            ],
            [
              2541390.7872142973,
              1155533.7401200165
            ],
            [
              2541389.4555192287,
              1155533.5983579436
            ],
            [
              2541387.9678615425,
              1155533.2159453963
            ],
            [
              2541384.5608354937,
              1155531.792636307
            ],
            [
              2541380.638490504,
              1155529.597127606
            ],
            [
              2541376.273180926,
              1155526.7563541506
            ],
            [
              2541366.503085417,
              1155519.6467524061
            ],
            [
              2541355.8293837896,
              1155511.479309932
            ],
            [
              2541344.830910867,
              1155503.269505587
            ],
            [
              2541339.3907710523,
              1155499.4660548558
            ],
            [
              2541334.086501472,
              1155496.0328182292
            ],
            [
              2541328.99045648,
              1155493.0967305638
            ],
            [
              2541324.1749904286,
              1155490.7847267173
            ],
            [
              2541319.7124576704,
              1155489.223741547
            ],
            [
              2541317.636152012,
              1155488.7645481082
            ],
            [
              2541315.675212559,
              1155488.54070991
            ],
            [
              2541311.729169645,
              1155488.497485394
            ],
            [
              2541308.132869666,
              1155488.7944816349
            ],
            [
              2541304.8673082814,
              1155489.4059662032
            ],
            [
              2541301.9134811508,
              1155490.306206669
            ],
            [
              2541299.252383933,
              1155491.4694706025
            ],
            [
              2541296.8650122876,
              1155492.870025574
            ],
            [
              2541294.732361875,
              1155494.4821391536
            ],
            [
              2541292.835428354,
              1155496.2800789117
            ],
            [
              2541291.155207384,
              1155498.2381124182
            ],
            [
              2541289.672694625,
              1155500.3305072438
            ],
            [
              2541287.2247763765,
              1155504.815451132
            ],
            [
              2541285.3396388846,
              1155509.5290511383
            ],
            [
              2541283.8652474256,
              1155514.2654478243
            ],
            [
              2541281.54056371,
              1155522.9831934823
            ],
            [
              2541280.386202005,
              1155526.552823578
            ],
            [
              2541279.0344474367,
              1155529.3218126006
            ],
            [
              2541278.2370369774,
              1155530.341735635
            ],
            [
              2541277.333265281,
              1155531.0843011115
            ],
            [
              2541276.3041280066,
              1155531.5237766008
            ],
            [
              2541275.130620814,
              1155531.634429673
            ],
            [
              2541273.793739362,
              1155531.390527898
            ],
            [
              2541272.2744793114,
              1155530.7663388462
            ],
            [
              2541270.5538363205,
              1155529.736130088
            ],
            [
              2541268.612806049,
              1155528.2741691936
            ],
            [
              2541263.827005947,
              1155524.5355178972
            ],
            [
              2541260.3508885135,
              1155522.1847398365
            ],
            [
              2541257.803703803,
              1155520.8183833815
            ],
            [
              2541255.8047018712,
              1155520.0329969032
            ],
            [
              2541253.973132772,
              1155519.4251287717
            ],
            [
              2541251.9282465596,
              1155518.591327358
            ],
            [
              2541249.289293289,
              1155517.1281410325
            ],
            [
              2541245.675523015,
              1155514.6321181657
            ],
            [
              2541243.182097057,
              1155513.0621139093
            ],
            [
              2541240.526258952,
              1155511.827471897
            ],
            [
              2541237.8280407884,
              1155510.8641477132
            ],
            [
              2541235.2074746545,
              1155510.1080969418
            ],
            [
              2541230.679426824,
              1155508.9616379738
            ],
            [
              2541229.0120093036,
              1155508.4431409452
            ],
            [
              2541227.9023721623,
              1155507.875739666
            ],
            [
              2541226.919043541,
              1155507.3979520078
            ],
            [
              2541225.8371166233,
              1155507.3940243046
            ],
            [
              2541224.674998859,
              1155507.8052678027
            ],
            [
              2541223.451097697,
              1155508.5729937495
            ],
            [
              2541220.8915749793,
              1155510.9431379754
            ],
            [
              2541218.305808068,
              1155514.0349469567
            ],
            [
              2541213.644580049,
              1155520.5055190832
            ],
            [
              2541211.863638135,
              1155522.9452621776
            ],
            [
              2541210.645490414,
              1155524.2286299253
            ],
            [
              2541203.3211925332,
              1155528.903350928
            ],
            [
              2541195.598978395,
              1155534.055152649
            ],
            [
              2541187.8434674423,
              1155539.495423157
            ],
            [
              2541180.419279118,
              1155545.0355505208
            ],
            [
              2541173.6910328656,
              1155550.4869228087
            ],
            [
              2541168.023348128,
              1155555.66092809
            ],
            [
              2541165.701159903,
              1155558.0849768748
            ],
            [
              2541163.780844348,
              1155560.3689544336
            ],
            [
              2541162.3079788936,
              1155562.489284275
            ],
            [
              2541161.3281409694,
              1155564.4223899078
            ],
            [
              2541159.3265780285,
              1155568.9998843437
            ],
            [
              2541157.062211836,
              1155573.2953423362
            ],
            [
              2541154.57784519,
              1155577.314185331
            ],
            [
              2541151.9162808885,
              1155581.0618347742
            ],
            [
              2541149.1203217297,
              1155584.5437121112
            ],
            [
              2541146.232770511,
              1155587.7652387875
            ],
            [
              2541143.2964300313,
              1155590.731836249
            ],
            [
              2541140.3541030884,
              1155593.4489259408
            ],
            [
              2541134.6227010046,
              1155598.1562677997
            ],
            [
              2541129.3809866435,
              1155601.9306359293
            ],
            [
              2541121.7363106282,
              1155606.8539372615
            ],
            [
              2541117.880156006,
              1155608.9319122392
            ],
            [
              2541113.9783634194,
              1155610.2891035608
            ],
            [
              2541110.056904736,
              1155610.9934666913
            ],
            [
              2541106.1417518253,
              1155611.1129570955
            ],
            [
              2541102.258876555,
              1155610.715530238
            ],
            [
              2541098.4342507944,
              1155609.8691415836
            ],
            [
              2541094.6938464106,
              1155608.6417465971
            ],
            [
              2541091.0636352734,
              1155607.101300743
            ],
            [
              2541087.5695892507,
              1155605.315759486
            ],
            [
              2541084.237680211,
              1155603.353078291
            ],
            [
              2541078.1641605543,
              1155599.1681179455
            ],
            [
              2541073.050851251,
              1155595.0900634248
            ],
            [
              2541069.1055272482,
              1155591.6625584457
            ],
            [
              2541067.7267894344,
              1155590.1751827155
            ],
            [
              2541066.74583178,
              1155588.5566226535
            ],
            [
              2541066.1025148765,
              1155586.8118584258
            ],
            [
              2541065.7366993153,
              1155584.9458701985
            ],
            [
              2541065.597014586,
              1155580.8701424077
            ],
            [
              2541065.8456623233,
              1155576.3692806084
            ],
            [
              2541066.0015272596,
              1155571.4831261272
            ],
            [
              2541065.8943176554,
              1155568.9080145457
            ],
            [
              2541065.5834941254,
              1155566.2515202912
            ],
            [
              2541065.008917261,
              1155563.51862353
            ],
            [
              2541064.110447653,
              1155560.7143044276
            ],
            [
              2541062.8279458936,
              1155557.84354315
            ],
            [
              2541061.101272574,
              1155554.911319863
            ],
            [
              2541057.465520235,
              1155550.1015311829
            ],
            [
              2541054.8521129526,
              1155547.0871797255
            ],
            [
              2541051.8327464606,
              1155543.964401721
            ],
            [
              2541048.5007169065,
              1155540.9566058172
            ],
            [
              2541044.9493204383,
              1155538.2872006625
            ],
            [
              2541041.2718532044,
              1155536.1795949047
            ],
            [
              2541039.414998097,
              1155535.4062820023
            ],
            [
              2541037.5616113534,
              1155534.8571971923
            ],
            [
              2541035.888630528,
              1155534.3837592378
            ],
            [
              2541034.965451127,
              1155533.900986412
            ],
            [
              2541034.118929039,
              1155533.135833416
            ],
            [
              2541033.5791401,
              1155532.3007832018
            ],
            [
              2541033.262194543,
              1155531.3835972794
            ],
            [
              2541033.1715119877,
              1155529.3413956568
            ],
            [
              2541033.5962381973,
              1155527.0863832436
            ],
            [
              2541034.285729996,
              1155524.6957147352
            ],
            [
              2541034.989344209,
              1155522.246544828
            ],
            [
              2541035.4564376613,
              1155519.8160282169
            ],
            [
              2541035.4363671765,
              1155517.481319598
            ],
            [
              2541035.165319466,
              1155516.374004128
            ],
            [
              2541034.6784895803,
              1155515.319573667
            ],
            [
              2541029.535822063,
              1155509.924154929
            ],
            [
              2541017.550750577,
              1155498.1057641704
            ],
            [
              2540975.5925874896,
              1155457.6855050551
            ],
            [
              2540950.1594941705,
              1155433.4678092883
            ],
            [
              2540949.6619811696,
              1155432.8051808467
            ],
            [
              2540949.4024241883,
              1155431.932454758
            ],
            [
              2540949.3663715716,
              1155430.86420067
            ],
            [
              2540949.5393716646,
              1155429.614988229
            ],
            [
              2540950.454723358,
              1155426.6319668768
            ],
            [
              2540952.0328660267,
              1155423.0999478775
            ],
            [
              2540954.158186429,
              1155419.1354884065
            ],
            [
              2540956.7150713243,
              1155414.85514564
            ],
            [
              2540962.6610816247,
              1155405.813038924
            ],
            [
              2540968.945990995,
              1155396.9060851363
            ],
            [
              2540974.6448935037,
              1155389.0667416835
            ],
            [
              2540978.8328832174,
              1155383.2274659728
            ],
            [
              2540980.071252672,
              1155381.34924646
            ],
            [
              2540980.5850542034,
              1155380.3207154106
            ],
            [
              2540981.3563976674,
              1155376.0538964397
            ],
            [
              2540981.8754204735,
              1155372.1096749878
            ],
            [
              2540982.1487149405,
              1155368.4707974973
            ],
            [
              2540982.1828733855,
              1155365.1200104095
            ],
            [
              2540981.9844881278,
              1155362.040060167
            ],
            [
              2540981.5601514843,
              1155359.2136932113
            ],
            [
              2540980.916455774,
              1155356.6236559846
            ],
            [
              2540980.059993315,
              1155354.2526949288
            ],
            [
              2540978.997356425,
              1155352.0835564858
            ],
            [
              2540977.735137422,
              1155350.0989870976
            ],
            [
              2540976.2799286246,
              1155348.281733206
            ],
            [
              2540974.638322351,
              1155346.6145412533
            ],
            [
              2540972.816910919,
              1155345.0801576811
            ],
            [
              2540970.8222866463,
              1155343.6613289316
            ],
            [
              2540966.3397688526,
              1155341.101321668
            ],
            [
              2540961.2435075156,
              1155338.7964909982
            ],
            [
              2540955.5862411796,
              1155336.6088084583
            ],
            [
              2540942.799647691,
              1155332.032773909
            ],
            [
              2540935.7757976283,
              1155329.3683649711
            ],
            [
              2540928.4018967464,
              1155326.2689903053
            ],
            [
              2540920.73068359,
              1155322.5966214472
            ],
            [
              2540912.8148967046,
              1155318.2132299326
            ],
            [
              2540901.961230727,
              1155311.4471864211
            ],
            [
              2540892.806588255,
              1155305.1095714031
            ],
            [
              2540885.2881453848,
              1155299.177955546
            ],
            [
              2540882.12286633,
              1155296.3573881364
            ],
            [
              2540879.3430782123,
              1155293.6299095175
            ],
            [
              2540876.9409280433,
              1155290.9927160228
            ],
            [
              2540874.908562835,
              1155288.4430039856
            ],
            [
              2540873.238129599,
              1155285.9779697396
            ],
            [
              2540871.9217753476,
              1155283.594809618
            ],
            [
              2540870.951647093,
              1155281.2907199548
            ],
            [
              2540870.319891847,
              1155279.0628970827
            ],
            [
              2540870.018656622,
              1155276.9085373357
            ],
            [
              2540870.04008843,
              1155274.8248370474
            ],
            [
              2540870.3763342826,
              1155272.8089925507
            ],
            [
              2540871.0195411923,
              1155270.8582001796
            ],
            [
              2540871.9618561706,
              1155268.9696562674
            ],
            [
              2540873.19542623,
              1155267.1405571473
            ],
            [
              2540874.7123983824,
              1155265.3680991533
            ],
            [
              2540876.5049196393,
              1155263.6494786185
            ],
            [
              2540878.565137014,
              1155261.9818918766
            ],
            [
              2540880.8851975175,
              1155260.3625352609
            ],
            [
              2540886.273435959,
              1155257.2572977422
            ],
            [
              2540892.606811062,
              1155254.3113367301
            ],
            [
              2540899.822498922,
              1155251.5022228926
            ],
            [
              2540907.8576756343,
              1155248.8075268972
            ],
            [
              2540911.694583034,
              1155247.8667522026
            ],
            [
              2540915.456267615,
              1155247.4596050044
            ],
            [
              2540919.1481745075,
              1155247.557282163
            ],
            [
              2540922.775748843,
              1155248.130980538
            ],
            [
              2540926.344435752,
              1155249.1518969897
            ],
            [
              2540929.8596803653,
              1155250.591228378
            ],
            [
              2540933.3269278137,
              1155252.420171563
            ],
            [
              2540936.751623228,
              1155254.6099234046
            ],
            [
              2540940.139211739,
              1155257.131680763
            ],
            [
              2540943.4951384775,
              1155259.956640498
            ],
            [
              2540946.824848574,
              1155263.05599947
            ],
            [
              2540950.1337871603,
              1155266.4009545383
            ],
            [
              2540956.711130322,
              1155273.7124404055
            ],
            [
              2540963.27072901,
              1155281.6606729797
            ],
            [
              2540976.510937148,
              1155298.54567777
            ],
            [
              2540983.2786686905,
              1155307.021599746
            ],
            [
              2540990.2028999445,
              1155315.2125679497
            ],
            [
              2540997.327191956,
              1155322.888157261
            ],
            [
              2541000.9779735724,
              1155326.460676982
            ],
            [
              2541004.6951057706,
              1155329.8179425602
            ],
            [
              2541008.4840336815,
              1155332.9311508553
            ],
            [
              2541012.3502024356,
              1155335.7714987271
            ],
            [
              2541016.2990571638,
              1155338.3101830361
            ],
            [
              2541020.3360429965,
              1155340.5184006423
            ],
            [
              2541022.8548259656,
              1155341.5862618699
            ],
            [
              2541025.825870636,
              1155342.5217915156
            ],
            [
              2541032.918181334,
              1155344.040637568
            ],
            [
              2541041.199847594,
              1155345.1645018111
            ],
            [
              2541050.2577419183,
              1155345.982947257
            ],
            [
              2541069.049704771,
              1155347.061833804
            ],
            [
              2541085.989049915,
              1155347.9938013046
            ],
            [
              2541091.9318051874,
              1155347.7821266272
            ],
            [
              2541103.737506486,
              1155346.9591476012
            ],
            [
              2541137.0562160774,
              1155344.2889476742
            ],
            [
              2541170.1821165197,
              1155341.6025438632
            ],
            [
              2541181.7468063827,
              1155340.7593099824
            ],
            [
              2541187.352145645,
              1155340.5192785081
            ],
            [
              2541188.5268810657,
              1155340.374170007
            ],
            [
              2541189.6926300223,
              1155339.8066856524
            ],
            [
              2541190.8942634976,
              1155338.836532145
            ],
            [
              2541192.176652473,
              1155337.4834161843
            ],
            [
              2541195.1631808532,
              1155333.7071237043
            ],
            [
              2541199.01118302,
              1155328.6354618124
            ],
            [
              2541204.079626831,
              1155322.4260841093
            ],
            [
              2541210.727480143,
              1155315.2366441954
            ],
            [
              2541214.7558628167,
              1155311.3236676594
            ],
            [
              2541219.3137108125,
              1155307.2247956707
            ],
            [
              2541224.4458951117,
              1155302.9597349297
            ],
            [
              2541230.1972866966,
              1155298.548192136
            ],
            [
              2541232.297917635,
              1155297.1153981031
            ],
            [
              2541234.3715591826,
              1155295.9322360388
            ],
            [
              2541236.418027003,
              1155294.9875607935
            ],
            [
              2541238.437136759,
              1155294.2702272173
            ],
            [
              2541240.428704116,
              1155293.7690901612
            ],
            [
              2541242.3925447376,
              1155293.4730044752
            ],
            [
              2541246.2363084303,
              1155293.4514066153
            ],
            [
              2541249.966953148,
              1155294.1162724413
            ],
            [
              2541253.583004204,
              1155295.3784407564
            ],
            [
              2541257.082986909,
              1155297.1487503638
            ],
            [
              2541260.465426575,
              1155299.338040067
            ],
            [
              2541263.7288485137,
              1155301.8571486694
            ],
            [
              2541266.8717780374,
              1155304.616914974
            ],
            [
              2541272.7902610856,
              1155310.5017759039
            ],
            [
              2541278.209078214,
              1155316.2793332832
            ],
            [
              2541283.1164319175,
              1155321.2362975385
            ],
            [
              2541286.223364692,
              1155324.5836306075
            ],
            [
              2541289.2320216163,
              1155328.6937900854
            ],
            [
              2541292.1389354607,
              1155333.4561438067
            ],
            [
              2541294.940638995,
              1155338.7600596065
            ],
            [
              2541297.6336649894,
              1155344.4949053193
            ],
            [
              2541300.214546214,
              1155350.5500487804
            ],
            [
              2541305.026005435,
              1155363.178700286
            ],
            [
              2541309.3472788185,
              1155375.7609568015
            ],
            [
              2541313.1506285267,
              1155387.4117610059
            ],
            [
              2541316.40831672,
              1155397.2460555779
            ],
            [
              2541319.09260556,
              1155404.3787831955
            ],
            [
              2541320.3693080633,
              1155406.9453065437
            ],
            [
              2541321.8218653835,
              1155409.232058652
            ],
            [
              2541323.4423110127,
              1155411.253278311
            ],
            [
              2541325.2226784416,
              1155413.0232043115
            ],
            [
              2541327.1550011616,
              1155414.5560754433
            ],
            [
              2541329.231312664,
              1155415.866130497
            ],
            [
              2541331.443646441,
              1155416.967608263
            ],
            [
              2541333.7840359835,
              1155417.8747475317
            ],
            [
              2541336.2445147824,
              1155418.6017870933
            ],
            [
              2541338.81711633,
              1155419.1629657387
            ],
            [
              2541344.266821635,
              1155419.8446954407
            ],
            [
              2541350.0694198296,
              1155420.0338469613
            ],
            [
              2541356.1611788454,
              1155419.8443306233
            ],
            [
              2541368.9572510645,
              1155418.7849356637
            ],
            [
              2541382.1451817406,
              1155417.5777931463
            ],
            [
              2541388.726763828,
              1155417.203592361
            ],
            [
              2541395.2151143234,
              1155417.1341856555
            ],
            [
              2541401.5465011583,
              1155417.483483353
            ],
            [
              2541407.657192263,
              1155418.365395776
            ],
            [
              2541412.266068436,
              1155419.568924835
            ],
            [
              2541416.2223646655,
              1155421.1431126723
            ],
            [
              2541419.5835733553,
              1155422.9865962302
            ],
            [
              2541422.407186911,
              1155424.9980124508
            ],
            [
              2541424.750697737,
              1155427.075998276
            ],
            [
              2541426.6715982384,
              1155429.1191906482
            ],
            [
              2541429.4755378873,
              1155432.6957428004
            ],
            [
              2541431.518146224,
              1155435.894157795
            ],
            [
              2541432.8900140636,
              1155438.8853024158
            ],
            [
              2541433.767651998,
              1155441.7362514413
            ],
            [
              2541434.3275706177,
              1155444.5140796502
            ],
            [
              2541435.200292279,
              1155450.118672732
            ],
            [
              2541435.866116503,
              1155453.0795871622
            ],
            [
              2541436.920263777,
              1155456.23567989
            ],
            [
              2541438.1839844254,
              1155459.0047430748
            ],
            [
              2541439.711144423,
              1155461.6259818932
            ],
            [
              2541441.4825170287,
              1155464.1033677496
            ],
            [
              2541443.4788755,
              1155466.4408720494
            ],
            [
              2541445.680993096,
              1155468.6424661973
            ],
            [
              2541448.0696430746,
              1155470.7121215977
            ],
            [
              2541453.3296332136,
              1155474.4715017763
            ],
            [
              2541459.1050319835,
              1155477.7507838232
            ],
            [
              2541465.2420254503,
              1155480.5817389772
            ],
            [
              2541471.5867996817,
              1155482.9961384763
            ],
            [
              2541477.9855407435,
              1155485.0257535588
            ],
            [
              2541484.2844347027,
              1155486.7023554635
            ],
            [
              2541490.329667626,
              1155488.0577154283
            ],
            [
              2541501.0438946313,
              1155489.9317944923
            ],
            [
              2541508.8977102926,
              1155490.9021606573
            ],
            [
              2541512.6606031423,
              1155491.2229838304
            ],
            [
              2541518.0034846514,
              1155491.4476610397
            ],
            [
              2541522.3372493745,
              1155491.4226936202
            ],
            [
              2541529.072781984,
              1155491.0777203336
            ],
            [
              2541532.0222266307,
              1155490.9846621857
            ],
            [
              2541535.0579080116,
              1155491.0958548477
            ],
            [
              2541538.4536645077,
              1155491.5247721788
            ],
            [
              2541542.483334498,
              1155492.384888039
            ],
            [
              2541546.629850064,
              1155493.5634001973
            ],
            [
              2541550.5792383426,
              1155494.948173761
            ],
            [
              2541554.3290416705,
              1155496.5084456936
            ],
            [
              2541557.876802384,
              1155498.2134529606
            ],
            [
              2541564.356365314,
              1155501.9346213543
            ],
            [
              2541569.9982658247,
              1155505.865574658
            ],
            [
              2541574.7828426072,
              1155509.7602085872
            ],
            [
              2541578.6904343534,
              1155513.3724188576
            ],
            [
              2541583.796017503,
              1155518.7651512865
            ],
            [
              2541587.356909017,
              1155523.065096213
            ],
            [
              2541590.3155921,
              1155527.1603486103
            ],
            [
              2541592.753702047,
              1155531.0610584023
            ],
            [
              2541594.752874154,
              1155534.7773755128
            ],
            [
              2541596.394743718,
              1155538.3194498653
            ],
            [
              2541597.760946036,
              1155541.6974313841
            ],
            [
              2541599.9928901144,
              1155548.001715615
            ],
            [
              2541602.10178876,
              1155553.771427595
            ],
            [
              2541603.3141842866,
              1155556.4811938007
            ],
            [
              2541604.740724343,
              1155559.087766715
            ],
            [
              2541606.463044226,
              1155561.601296262
            ],
            [
              2541608.562779232,
              1155564.0319323651
            ],
            [
              2541611.121564657,
              1155566.3898249483
            ],
            [
              2541614.2210357976,
              1155568.6851239353
            ],
            [
              2541616.00761609,
              1155569.680632322
            ],
            [
              2541618.5889829393,
              1155570.783059515
            ],
            [
              2541626.313605448,
              1155573.4297064485
            ],
            [
              2541637.7499616104,
              1155576.8671369944
            ],
            [
              2541653.2531097126,
              1155581.3374234117
            ],
            [
              2541666.6757399812,
              1155585.086909193
            ],
            [
              2541675.039190618,
              1155587.5775801793
            ],
            [
              2541677.830538731,
              1155588.66353525
            ],
            [
              2541679.965270125,
              1155589.809996772
            ],
            [
              2541681.6461108625,
              1155591.142034796
            ],
            [
              2541683.0757870064,
              1155592.7847193722
            ],
            [
              2541683.8882980356,
              1155594.1691759848
            ],
            [
              2541684.432011509,
              1155595.7086392352
            ],
            [
              2541684.722561365,
              1155597.3795963447
            ],
            [
              2541684.775581544,
              1155599.1585345338
            ],
            [
              2541684.6067059836,
              1155601.0219410234
            ],
            [
              2541684.231568624,
              1155602.9463030342
            ],
            [
              2541682.9250442614,
              1155606.883842503
            ],
            [
              2541680.9810799686,
              1155610.7830507066
            ],
            [
              2541678.524747258,
              1155614.4558254112
            ],
            [
              2541675.6811176417,
              1155617.7140643836
            ],
            [
              2541672.5752626318,
              1155620.36966539
            ],
            [
              2541670.494271563,
              1155621.476001091
            ],
            [
              2541667.927886555,
              1155622.216649436
            ],
            [
              2541664.9444409963,
              1155622.6213018748
            ],
            [
              2541661.612268274,
              1155622.7196498571
            ],
            [
              2541657.9997017765,
              1155622.5413848332
            ]
          ]
        ]
      }
    },
    {
      "type": "Feature",
      "properties": {
        "extended_drawing_index": 44,
        "page_number": 99,
        "label": "Secteur destiné principalement à l’habitation - densité moyenne (délimitation indicative)",
        "effective_opacity": 0.4400019943714142,
        "source_fill": [
          0.9431143403053284,
          0.3316243290901184,
          0.19542229175567627
        ],
        "status": "review_required",
        "reservation": "Cantonal reservation on residential/mixed-zone resizing principles, chapter2.2/pages21-22.",
        "curve_flattening_tolerance_pdf_points": 0.03
      },
      "geometry": {
        "type": "Polygon",
        "coordinates": [
          [
            [
              2540549.1691446295,
              1155070.6849213308
            ],
            [
              2540547.0976388925,
              1155071.951527673
            ],
            [
              2540545.455000307,
              1155073.7082761796
            ],
            [
              2540544.3283707313,
              1155075.8331748378
            ],
            [
              2540543.8048920236,
              1155078.204231635
            ],
            [
              2540543.9717060407,
              1155080.6994545583
            ],
            [
              2540544.341204652,
              1155081.9555058135
            ],
            [
              2540544.9159546415,
              1155083.1968515955
            ],
            [
              2540664.08114268,
              1155298.0676997153
            ],
            [
              2540664.6834853883,
              1155299.3771692375
            ],
            [
              2540665.058287787,
              1155300.6977743437
            ],
            [
              2540665.2188704303,
              1155302.012715476
            ],
            [
              2540665.1785538727,
              1155303.3051930768
            ],
            [
              2540664.5485053738,
              1155305.755559451
            ],
            [
              2540663.2747067283,
              1155307.9144770023
            ],
            [
              2540661.463722372,
              1155309.6475492672
            ],
            [
              2540659.2221167423,
              1155310.8203797818
            ],
            [
              2540657.973132336,
              1155311.1547054877
            ],
            [
              2540656.656454276,
              1155311.298572082
            ],
            [
              2540655.2854031157,
              1155311.235180007
            ],
            [
              2540653.87329941,
              1155310.9477297047
            ],
            [
              2540618.869241404,
              1155301.0368391888
            ],
            [
              2540617.363214717,
              1155300.458969933
            ],
            [
              2540615.996760603,
              1155299.6257461421
            ],
            [
              2540614.80134895,
              1155298.5609551743
            ],
            [
              2540613.8084496455,
              1155297.2883843877
            ],
            [
              2540518.0923256497,
              1155148.5054088817
            ],
            [
              2540517.2845075666,
              1155147.4371022498
            ],
            [
              2540516.3426887523,
              1155146.5165137502
            ],
            [
              2540514.1359207775,
              1155145.1525594527
            ],
            [
              2540511.629765422,
              1155144.481682598
            ],
            [
              2540510.3137123818,
              1155144.4274409013
            ],
            [
              2540508.9819663833,
              1155144.5720197933
            ],
            [
              2540454.074208752,
              1155198.678746508
            ],
            [
              2540416.5441363906,
              1155190.3256822256
            ],
            [
              2540417.843252576,
              1155188.89239889
            ],
            [
              2540418.732045588,
              1155186.9308304964
            ],
            [
              2540419.231598446,
              1155184.469878774
            ],
            [
              2540419.3629941703,
              1155181.5384454515
            ],
            [
              2540419.147315779,
              1155178.1654322583
            ],
            [
              2540418.6056462927,
              1155174.3797409234
            ],
            [
              2540417.7590687303,
              1155170.2102731755
            ],
            [
              2540416.628666112,
              1155165.6859307438
            ],
            [
              2540413.600717785,
              1155155.688228745
            ],
            [
              2540409.690465467,
              1155144.6178487595
            ],
            [
              2540405.0665733153,
              1155132.7060046191
            ],
            [
              2540399.8977054856,
              1155120.1839101561
            ],
            [
              2540388.5996994185,
              1155094.2338255907
            ],
            [
              2540377.1457605157,
              1155068.617305721
            ],
            [
              2540366.8852020283,
              1155045.1840612036
            ],
            [
              2540362.6241008313,
              1155034.8642017827
            ],
            [
              2540359.167337207,
              1155025.7838026965
            ],
            [
              2540357.2773132888,
              1155019.5084314519
            ],
            [
              2540356.776441725,
              1155016.9216187554
            ],
            [
              2540356.5438598194,
              1155014.6684150668
            ],
            [
              2540356.558714617,
              1155012.7235906792
            ],
            [
              2540356.800153164,
              1155011.0619158861
            ],
            [
              2540357.247322506,
              1155009.65816098
            ],
            [
              2540357.8793696878,
              1155008.4870962545
            ],
            [
              2540358.6754417554,
              1155007.5234920024
            ],
            [
              2540359.6146857548,
              1155006.742118517
            ],
            [
              2540361.839277731,
              1155005.6251450183
            ],
            [
              2540364.38632198,
              1155004.9343381037
            ],
            [
              2540367.088994868,
              1155004.4678601178
            ],
            [
              2540369.780472759,
              1155004.0238734058
            ],
            [
              2540372.293932019,
              1155003.4005403123
            ],
            [
              2540374.462549011,
              1155002.3960231824
            ],
            [
              2540375.365409272,
              1155001.6877463365
            ],
            [
              2540376.119500102,
              1155000.8084843608
            ],
            [
              2540376.703968548,
              1154999.7330075486
            ],
            [
              2540377.097961656,
              1154998.4360861927
            ],
            [
              2540377.2806264707,
              1154996.8924905865
            ],
            [
              2540377.231110038,
              1154995.0769910228
            ],
            [
              2540376.928559403,
              1154992.964357795
            ],
            [
              2540376.3521216125,
              1154990.5293611959
            ],
            [
              2540374.2941727447,
              1154984.5913590572
            ],
            [
              2540371.5278992266,
              1154978.6972140386
            ],
            [
              2540368.1888482543,
              1154973.1508132683
            ],
            [
              2540364.369925503,
              1154967.9453743603
            ],
            [
              2540360.164036649,
              1154963.0741149287
            ],
            [
              2540355.6640873677,
              1154958.5302525875
            ],
            [
              2540350.962983336,
              1154954.307004951
            ],
            [
              2540346.153630229,
              1154950.3975896325
            ],
            [
              2540341.3289337233,
              1154946.7952242468
            ],
            [
              2540332.0051332177,
              1154940.4845137282
            ],
            [
              2540323.7348272265,
              1154935.3206143072
            ],
            [
              2540317.261261158,
              1154931.249266896
            ],
            [
              2540314.9305197843,
              1154929.6063442288
            ],
            [
              2540313.327680419,
              1154928.216212406
            ],
            [
              2540311.4573886083,
              1154926.6065146425
            ],
            [
              2540309.3492847057,
              1154925.4209118737
            ],
            [
              2540307.022858027,
              1154924.6369365326
            ],
            [
              2540304.4975978867,
              1154924.2321210515
            ],
            [
              2540301.7929936005,
              1154924.1839978627
            ],
            [
              2540298.9285344826,
              1154924.4700993986
            ],
            [
              2540295.923709849,
              1154925.0679580919
            ],
            [
              2540292.798009014,
              1154925.9551063746
            ],
            [
              2540289.570921293,
              1154927.1090766795
            ],
            [
              2540286.2619360005,
              1154928.5074014384
            ],
            [
              2540279.4762299634,
              1154931.9472440497
            ],
            [
              2540272.596805422,
              1154936.0948936676
            ],
            [
              2540265.7795768976,
              1154940.770609751
            ],
            [
              2540259.18045891,
              1154945.79465176
            ],
            [
              2540252.955365979,
              1154950.987279153
            ],
            [
              2540247.2602126263,
              1154956.16875139
            ],
            [
              2540242.250913371,
              1154961.1593279296
            ],
            [
              2540238.083382734,
              1154965.7792682317
            ],
            [
              2540234.9135352354,
              1154969.8488317553
            ],
            [
              2540232.897285396,
              1154973.1882779596
            ],
            [
              2540232.3704828853,
              1154974.5280381483
            ],
            [
              2540232.190547735,
              1154975.617866304
            ],
            [
              2540232.5527428775,
              1154982.739718306
            ],
            [
              2540233.571575676,
              1154989.477796352
            ],
            [
              2540235.1453019003,
              1154995.8247437458
            ],
            [
              2540237.1721773203,
              1155001.7732037907
            ],
            [
              2540239.550457705,
              1155007.3158197904
            ],
            [
              2540242.178398824,
              1155012.4452350482
            ],
            [
              2540244.954256446,
              1155017.1540928679
            ],
            [
              2540247.776286342,
              1155021.435036553
            ],
            [
              2540253.151886031,
              1155028.683754733
            ],
            [
              2540257.491244047,
              1155034.1325360169
            ],
            [
              2540259.017971851,
              1155036.1635585816
            ],
            [
              2540259.980406545,
              1155037.7225268327
            ],
            [
              2540260.276803899,
              1155038.8020840741
            ],
            [
              2540260.143443501,
              1155039.1597845983
            ],
            [
              2540259.8054196816,
              1155039.3948736088
            ],
            [
              2540243.766586423,
              1155047.2839086652
            ],
            [
              2540212.4330759565,
              1155063.0953036377
            ],
            [
              2540180.9382013264,
              1155078.9672245947
            ],
            [
              2540164.415275577,
              1155087.0378376031
            ],
            [
              2540163.976658168,
              1155087.4764242985
            ],
            [
              2540163.628656098,
              1155088.3932473953
            ],
            [
              2540163.1826905753,
              1155091.5287677667
            ],
            [
              2540163.0337642026,
              1155096.1787286643
            ],
            [
              2540163.1382621755,
              1155102.0774600348
            ],
            [
              2540163.9330719323,
              1155116.5585539807
            ],
            [
              2540165.2182014016,
              1155132.8466891774
            ],
            [
              2540167.863745698,
              1155162.342641617
            ],
            [
              2540168.5263236347,
              1155171.299738006
            ],
            [
              2540168.539912231,
              1155173.4007210564
            ],
            [
              2540168.4481999585,
              1155173.740590647
            ],
            [
              2540168.283547505,
              1155173.5624339392
            ],
            [
              2540168.8078215835,
              1155176.7152924393
            ],
            [
              2540170.9300599312,
              1155186.743261366
            ],
            [
              2540177.70735692,
              1155218.5436218802
            ],
            [
              2540181.2318793037,
              1155235.8755591593
            ],
            [
              2540184.0932934424,
              1155251.2016982473
            ],
            [
              2540185.7263312065,
              1155262.3018119896
            ],
            [
              2540185.905562659,
              1155265.5732883704
            ],
            [
              2540185.804943426,
              1155266.5179627656
            ],
            [
              2540185.565724469,
              1155266.955673232
            ],
            [
              2540185.4925639667,
              1155267.062794507
            ],
            [
              2540185.8934750645,
              1155267.0342979163
            ],
            [
              2540187.9909113627,
              1155266.6062059046
            ],
            [
              2540196.4820354963,
              1155264.5159099244
            ],
            [
              2540223.559650926,
              1155257.4011370684
            ],
            [
              2540250.593681644,
              1155250.187964788
            ],
            [
              2540261.379238536,
              1155247.4530032077
            ],
            [
              2540259.114622526,
              1155248.4266370868
            ],
            [
              2540258.670869212,
              1155248.7411108988
            ],
            [
              2540258.644931375,
              1155248.950639587
            ],
            [
              2540259.7228391785,
              1155249.084712476
            ],
            [
              2540262.101020032,
              1155248.8885575223
            ],
            [
              2540269.768897271,
              1155247.744371161
            ],
            [
              2540279.669955856,
              1155245.99569465
            ],
            [
              2540298.257188122,
              1155242.5953277678
            ],
            [
              2540302.98614733,
              1155241.8988656905
            ],
            [
              2540303.3579815403,
              1155241.9101506246
            ],
            [
              2540303.3438220373,
              1155242.010521182
            ],
            [
              2540302.033858941,
              1155242.5083700516
            ],
            [
              2540286.1024632575,
              1155264.6109059379
            ],
            [
              2540282.9401484868,
              1155267.308932605
            ],
            [
              2540279.2857746757,
              1155269.890290016
            ],
            [
              2540275.234196104,
              1155272.3475397853
            ],
            [
              2540270.880267051,
              1155274.673243527
            ],
            [
              2540261.6447746176,
              1155278.900259385
            ],
            [
              2540252.3381316094,
              1155282.511830503
            ],
            [
              2540243.71917226,
              1155285.448449795
            ],
            [
              2540236.546730803,
              1155287.6506101745
            ],
            [
              2540229.5767385033,
              1155289.6135258526
            ],
            [
              2540201.3376341015,
              1155304.5503555546
            ],
            [
              2540200.8749774965,
              1155304.4260886642
            ],
            [
              2540200.234490513,
              1155303.8092500367
            ],
            [
              2540198.528069707,
              1155301.386471769
            ],
            [
              2540194.1697508097,
              1155293.8048105706
            ],
            [
              2540189.9913861463,
              1155286.423199132
            ],
            [
              2540188.509908132,
              1155284.2504830647
            ],
            [
              2540188.015633963,
              1155283.7961848674
            ],
            [
              2540187.7216844517,
              1155283.8594646272
            ],
            [
              2540186.3614631244,
              1155285.7617557326
            ],
            [
              2540184.648331725,
              1155287.179953447
            ],
            [
              2540182.6864808495,
              1155288.1056367652
            ],
            [
              2540180.5801010937,
              1155288.5303846821
            ],
            [
              2540178.433383054,
              1155288.4457761925
            ],
            [
              2540176.3505173265,
              1155287.8433902916
            ],
            [
              2540174.4356945064,
              1155286.714805974
            ],
            [
              2540172.7931051906,
              1155285.0516022348
            ],
            [
              2540164.612337247,
              1155274.3142600681
            ],
            [
              2540163.1448608916,
              1155272.803954397
            ],
            [
              2540131.333783698,
              1155272.7349701377
            ],
            [
              2540130.298387753,
              1155272.3377711456
            ],
            [
              2540128.545296181,
              1155272.1745154075
            ],
            [
              2540123.2972906902,
              1155272.4547963538
            ],
            [
              2540116.4122962947,
              1155273.385738299
            ],
            [
              2540108.7128420626,
              1155274.7772665652
            ],
            [
              2540101.0214570635,
              1155276.4393064755
            ],
            [
              2540094.1606703666,
              1155278.1817833516
            ],
            [
              2540088.95301104,
              1155279.8146225165
            ],
            [
              2540087.226144475,
              1155280.5305296206
            ],
            [
              2540086.221008153,
              1155281.1477492924
            ],
            [
              2540093.8163284315,
              1155312.5672399446
            ],
            [
              2540091.0957898092,
              1155313.4015318842
            ],
            [
              2540084.8826236473,
              1155314.7047899184
            ],
            [
              2540066.6002874016,
              1155318.0071244705
            ],
            [
              2540048.21307709,
              1155321.0520839998
            ],
            [
              2540038.9647501092,
              1155322.4175089058
            ],
            [
              2539991.033303373,
              1155292.50416429
            ],
            [
              2539979.3489192873,
              1155298.7214701413
            ],
            [
              2539954.3152699117,
              1155312.394365568
            ],
            [
              2539917.6165905,
              1155332.4266006208
            ],
            [
              2539889.9110637624,
              1155338.1372198993
            ],
            [
              2539889.4869791577,
              1155338.021065292
            ],
            [
              2539889.040101917,
              1155337.473090523
            ],
            [
              2539888.092088858,
              1155335.3171393096
            ],
            [
              2539886.0778637417,
              1155328.413441844
            ],
            [
              2539884.094297695,
              1155321.1934684478
            ],
            [
              2539883.184608473,
              1155318.642172321
            ],
            [
              2539882.762641726,
              1155317.8372233582
            ],
            [
              2539882.3672999986,
              1155317.4245600658
            ],
            [
              2539837.198487577,
              1155318.0097929372
            ],
            [
              2539827.9755244404,
              1155310.4601343356
            ],
            [
              2539818.5244507934,
              1155303.00535962
            ],
            [
              2539807.4871829753,
              1155294.7495379234
            ],
            [
              2539801.7581482553,
              1155290.7084805423
            ],
            [
              2539796.093871397,
              1155286.931856718
            ],
            [
              2539790.648121201,
              1155283.5745648842
            ],
            [
              2539785.574666469,
              1155280.791503475
            ],
            [
              2539781.0272760023,
              1155278.7375709247
            ],
            [
              2539777.159718603,
              1155277.567665667
            ],
            [
              2539775.5289300536,
              1155277.3626290334
            ],
            [
              2539774.1257630712,
              1155277.4366861358
            ],
            [
              2539772.9694387564,
              1155277.8091992782
            ],
            [
              2539772.0791782094,
              1155278.4995307652
            ],
            [
              2539735.2762160436,
              1155282.5963160256
            ],
            [
              2539733.5116732675,
              1155281.7310733902
            ],
            [
              2539731.4822078636,
              1155280.2621685527
            ],
            [
              2539729.2548292554,
              1155278.277351767
            ],
            [
              2539726.8965468667,
              1155275.8643732867
            ],
            [
              2539722.0553084435,
              1155270.1049322586
            ],
            [
              2539717.4945679833,
              1155263.6858474994
            ],
            [
              2539713.7504008776,
              1155257.3091210404
            ],
            [
              2539712.3520558914,
              1155254.356017808
            ],
            [
              2539711.3588825157,
              1155251.6767549121
            ],
            [
              2539710.8378901733,
              1155249.3590826069
            ],
            [
              2539710.856088288,
              1155247.490751146
            ],
            [
              2539711.088324212,
              1155246.7525101868
            ],
            [
              2539711.4804862845,
              1155246.1595107836
            ],
            [
              2539712.040950683,
              1155245.7227217185
            ],
            [
              2539712.7780935857,
              1155245.4531117731
            ],
            [
              2539826.655535858,
              1155234.6176508123
            ],
            [
              2539827.5027439683,
              1155234.1106215261
            ],
            [
              2539828.0714132995,
              1155233.0730179476
            ],
            [
              2539828.3892173953,
              1155231.574087563
            ],
            [
              2539828.4838298,
              1155229.683077859
            ],
            [
              2539828.114173711,
              1155225.0018104375
            ],
            [
              2539827.1838333844,
              1155219.5831955743
            ],
            [
              2539825.9141971725,
              1155213.98121316
            ],
            [
              2539824.5266534262,
              1155208.7498430859
            ],
            [
              2539822.283396739,
              1155201.6148595214
            ],
            [
              2539785.273844548,
              1155207.1444568017
            ],
            [
              2539785.0496327346,
              1155206.8137159932
            ],
            [
              2539784.6946992422,
              1155206.635268716
            ],
            [
              2539783.625330889,
              1155206.699118008
            ],
            [
              2539782.1310668276,
              1155207.2637311849
            ],
            [
              2539780.277234398,
              1155208.2568347538
            ],
            [
              2539775.75217379,
              1155211.2394190948
            ],
            [
              2539770.57276778,
              1155215.0686830862
            ],
            [
              2539760.341394422,
              1155222.9544982438
            ],
            [
              2539756.3346645045,
              1155225.8546735207
            ],
            [
              2539753.7640640493,
              1155227.2887766703
            ],
            [
              2539716.6641794634,
              1155228.476332513
            ],
            [
              2539582.6551310043,
              1155275.090252285
            ],
            [
              2539554.2267032913,
              1155279.5784457296
            ],
            [
              2539429.857212106,
              1155329.605164232
            ],
            [
              2539428.0571692744,
              1155329.6652481104
            ],
            [
              2539425.0151643595,
              1155329.1504036617
            ],
            [
              2539416.882994831,
              1155326.989818128
            ],
            [
              2539408.8161566206,
              1155324.3111843222
            ],
            [
              2539405.855815853,
              1155323.1487795329
            ],
            [
              2539404.1701028273,
              1155322.3022789347
            ],
            [
              2539325.568242372,
              1155280.8684829494
            ],
            [
              2539325.1450602445,
              1155280.4155822012
            ],
            [
              2539324.93590394,
              1155279.8156164326
            ],
            [
              2539325.112049379,
              1155278.2146956876
            ],
            [
              2539326.001439847,
              1155276.1461324228
            ],
            [
              2539327.508836502,
              1155273.6903383457
            ],
            [
              2539329.539000502,
              1155270.927725164
            ],
            [
              2539331.9966930035,
              1155267.9387045854
            ],
            [
              2539337.8137081447,
              1155261.603088068
            ],
            [
              2539344.1979711875,
              1155255.3267824557
            ],
            [
              2539350.3875713935,
              1155249.75308141
            ],
            [
              2539355.620598025,
              1155245.5252785925
            ],
            [
              2539357.640299144,
              1155244.1171182888
            ],
            [
              2539359.135140343,
              1155243.286667665
            ],
            [
              2539398.442742151,
              1155231.5212591917
            ],
            [
              2539400.8158694264,
              1155230.0000486718
            ],
            [
              2539404.7757892786,
              1155227.1361751917
            ],
            [
              2539408.652602279,
              1155224.1625748451
            ],
            [
              2539410.776408999,
              1155222.312183725
            ],
            [
              2539442.729492925,
              1155190.0279598725
            ],
            [
              2539455.319866471,
              1155173.5652201576
            ],
            [
              2539463.828969448,
              1155162.6053157852
            ],
            [
              2539468.1587481354,
              1155157.3993537952
            ],
            [
              2539610.684288491,
              1155100.6937991648
            ],
            [
              2539669.5596592072,
              1155072.5841803756
            ],
            [
              2539758.3954570955,
              1155058.8824362587
            ],
            [
              2539759.73473767,
              1155058.6129525844
            ],
            [
              2539761.0754815354,
              1155058.5514406401
            ],
            [
              2539762.3961539026,
              1155058.6904329567
            ],
            [
              2539763.6752199833,
              1155059.0224620642
            ],
            [
              2539764.89114499,
              1155059.5400604932
            ],
            [
              2539766.0223941333,
              1155060.2357607742
            ],
            [
              2539767.0474326257,
              1155061.1020954377
            ],
            [
              2539767.9447256783,
              1155062.1315970141
            ],
            [
              2539861.5867275083,
              1155177.8902551455
            ],
            [
              2539862.635621229,
              1155178.9156103556
            ],
            [
              2539864.107730842,
              1155179.8367387624
            ],
            [
              2539865.8828292605,
              1155180.6308929238
            ],
            [
              2539867.840689396,
              1155181.2753253963
            ],
            [
              2539871.8237864664,
              1155182.024035504
            ],
            [
              2539873.608569226,
              1155182.0828182534
            ],
            [
              2539875.095205352,
              1155181.9008895424
            ],
            [
              2539968.1440701983,
              1155157.169789911
            ],
            [
              2539969.1931374357,
              1155156.8028156578
            ],
            [
              2539970.268213766,
              1155156.2112302498
            ],
            [
              2539972.428564804,
              1155154.4571572402
            ],
            [
              2539974.4894655133,
              1155152.1134334258
            ],
            [
              2539976.315258094,
              1155149.385921349
            ],
            [
              2539977.7702847477,
              1155146.4804835538
            ],
            [
              2539978.718887675,
              1155143.6029825828
            ],
            [
              2539979.025409077,
              1155140.9592809794
            ],
            [
              2539978.895496144,
              1155139.789436985
            ],
            [
              2539978.5541911544,
              1155138.7552412865
            ],
            [
              2539903.35271971,
              1154950.0710895495
            ],
            [
              2539903.0012054276,
              1154948.2898620926
            ],
            [
              2539902.9975180533,
              1154945.482921505
            ],
            [
              2539903.2815921702,
              1154941.9986938252
            ],
            [
              2539903.793362363,
              1154938.1856050922
            ],
            [
              2539905.2597293053,
              1154930.966548621
            ],
            [
              2539906.094195222,
              1154928.25743296
            ],
            [
              2539906.9160955474,
              1154926.6131604007
            ],
            [
              2539980.3674360416,
              1154845.0075512624
            ],
            [
              2539982.1510914136,
              1154843.3192281
            ],
            [
              2539984.2857464924,
              1154842.1973670144
            ],
            [
              2539986.64308932,
              1154841.688753735
            ],
            [
              2539989.094807936,
              1154841.840173992
            ],
            [
              2540040.994171945,
              1154852.3710321265
            ],
            [
              2540043.0361240366,
              1154853.0521215731
            ],
            [
              2540044.858620791,
              1154854.204422829
            ],
            [
              2540121.033322951,
              1154916.4666595259
            ],
            [
              2540122.9455631585,
              1154917.6679771938
            ],
            [
              2540124.996958834,
              1154918.326653335
            ],
            [
              2540127.0962763494,
              1154918.469312627
            ],
            [
              2540129.152282077,
              1154918.1225797483
            ],
            [
              2540131.073742388,
              1154917.3130793767
            ],
            [
              2540132.7694236552,
              1154916.0674361903
            ],
            [
              2540134.14809225,
              1154914.4122748673
            ],
            [
              2540135.118514545,
              1154912.3742200856
            ],
            [
              2540164.7523443527,
              1154822.8460142002
            ],
            [
              2540165.6824252987,
              1154820.8817370564
            ],
            [
              2540167.038544097,
              1154819.2229527466
            ],
            [
              2540168.7512964616,
              1154817.9361960974
            ],
            [
              2540170.7512781057,
              1154817.0880019355
            ],
            [
              2540294.0448346464,
              1154781.7445258524
            ],
            [
              2540506.0750838155,
              1154723.360935864
            ],
            [
              2540508.439165562,
              1154723.0407979556
            ],
            [
              2540510.763672554,
              1154723.349666106
            ],
            [
              2540512.9267879417,
              1154724.2548384408
            ],
            [
              2540514.806694876,
              1154725.7236130857
            ],
            [
              2540581.961403752,
              1154794.4971565232
            ],
            [
              2540583.0953845764,
              1154795.4786350492
            ],
            [
              2540584.350607974,
              1154796.2416986567
            ],
            [
              2540585.697416928,
              1154796.7821641157
            ],
            [
              2540587.1061544204,
              1154797.0958481964
            ],
            [
              2540588.5471634334,
              1154797.1785676694
            ],
            [
              2540589.9907869496,
              1154797.0261393043
            ],
            [
              2540591.4073679503,
              1154796.6343798717
            ],
            [
              2540592.767249419,
              1154795.9991061417
            ],
            [
              2540644.6410189793,
              1154766.2065846354
            ],
            [
              2540645.9325552294,
              1154765.5963597407
            ],
            [
              2540647.2788704294,
              1154765.2063913657
            ],
            [
              2540648.6540381545,
              1154765.0338629554
            ],
            [
              2540650.0321319797,
              1154765.0759579553
            ],
            [
              2540651.3872254803,
              1154765.3298598106
            ],
            [
              2540652.6933922316,
              1154765.7927519667
            ],
            [
              2540653.9247058085,
              1154766.461817869
            ],
            [
              2540655.055239787,
              1154767.3342409625
            ],
            [
              2540716.3788229483,
              1154822.9736773898
            ],
            [
              2540717.704746606,
              1154824.4783910336
            ],
            [
              2540718.630748616,
              1154826.1746713538
            ],
            [
              2540719.1591486502,
              1154827.994225603
            ],
            [
              2540719.292266381,
              1154829.8687610335
            ],
            [
              2540719.03242148,
              1154831.729984898
            ],
            [
              2540718.3819336183,
              1154833.5096044485
            ],
            [
              2540717.343122469,
              1154835.1393269375
            ],
            [
              2540715.9183077025,
              1154836.5508596178
            ],
            [
              2540524.199763138,
              1154988.0865824705
            ],
            [
              2540522.4390487196,
              1154989.9272221753
            ],
            [
              2540521.327475686,
              1154992.0540872754
            ],
            [
              2540520.8416453623,
              1154994.337074508
            ],
            [
              2540520.9581590747,
              1154996.6460806094
            ],
            [
              2540521.653618148,
              1154998.8510023172
            ],
            [
              2540522.904623909,
              1155000.8217363677
            ],
            [
              2540524.6877776827,
              1155002.4281794983
            ],
            [
              2540526.9796807948,
              1155003.5402284455
            ],
            [
              2540749.896916201,
              1155075.6839996765
            ],
            [
              2540752.160071163,
              1155076.7781029113
            ],
            [
              2540753.930610453,
              1155078.3566860058
            ],
            [
              2540755.1843273807,
              1155080.29462906
            ],
            [
              2540755.897015258,
              1155082.4668121745
            ],
            [
              2540756.044467395,
              1155084.7481154497
            ],
            [
              2540755.6024771025,
              1155087.0134189855
            ],
            [
              2540754.5468376908,
              1155089.1376028825
            ],
            [
              2540752.8533424707,
              1155090.995547241
            ],
            [
              2540742.030237257,
              1155100.011312509
            ],
            [
              2540740.4119699253,
              1155101.0847770048
            ],
            [
              2540738.6218630667,
              1155101.7757494317
            ],
            [
              2540736.7252576817,
              1155102.0664759239
            ],
            [
              2540734.78749477,
              1155101.9392026153
            ],
            [
              2540554.250190127,
              1155070.1101031897
            ],
            [
              2540552.8899063305,
              1155069.9708859029
            ],
            [
              2540551.5823756605,
              1155070.0304491653
            ],
            [
              2540549.1691446295,
              1155070.6849213308
            ]
          ]
        ]
      }
    },
    {
      "type": "Feature",
      "properties": {
        "extended_drawing_index": 390,
        "page_number": 99,
        "label": "Secteur destiné principalement à l’habitation - densité moyenne (délimitation indicative)",
        "effective_opacity": 0.4400019943714142,
        "source_fill": [
          0.9431143403053284,
          0.3316243290901184,
          0.19542229175567627
        ],
        "status": "review_required",
        "reservation": "Cantonal reservation on residential/mixed-zone resizing principles, chapter2.2/pages21-22.",
        "curve_flattening_tolerance_pdf_points": 0.03
      },
      "geometry": {
        "type": "Polygon",
        "coordinates": [
          [
            [
              2541501.345228177,
              1154933.9242912803
            ],
            [
              2541486.2273231847,
              1154925.1282365124
            ],
            [
              2541469.6978639425,
              1154919.4990721473
            ],
            [
              2541454.222970943,
              1154916.8610912627
            ],
            [
              2541452.2905793944,
              1154916.5080653743
            ],
            [
              2541433.4759413064,
              1154917.0374900782
            ],
            [
              2541413.7792688776,
              1154921.4353742017
            ],
            [
              2541396.9011870204,
              1154929.5257546515
            ],
            [
              2541366.1272689085,
              1154946.0637495255
            ],
            [
              2541338.8735371893,
              1154960.6651669298
            ],
            [
              2541290.455417392,
              1154973.7086335795
            ],
            [
              2541278.913893486,
              1154965.764405658
            ],
            [
              2541274.8687911164,
              1154940.610700237
            ],
            [
              2541286.8280286156,
              1154932.6925992304
            ],
            [
              2541293.8597363634,
              1154928.2943858772
            ],
            [
              2541281.728660595,
              1154897.331112698
            ],
            [
              2541271.17652137,
              1154900.3219725112
            ],
            [
              2541268.013660539,
              1154881.8516685157
            ],
            [
              2541265.0227840994,
              1154874.4627498654
            ],
            [
              2541310.566102934,
              1154857.9248326218
            ],
            [
              2541347.141122664,
              1154844.907044453
            ],
            [
              2541339.0507700136,
              1154822.7400304785
            ],
            [
              2541348.019067263,
              1154819.572917135
            ],
            [
              2541380.548584209,
              1154807.6094270071
            ],
            [
              2541380.9015971585,
              1154808.138689799
            ],
            [
              2541416.417642801,
              1154831.1839220275
            ],
            [
              2541416.7706603645,
              1154830.8353733802
            ],
            [
              2541417.824975055,
              1154831.713190361
            ],
            [
              2541453.8702834896,
              1154854.40540964
            ],
            [
              2541487.983425103,
              1154883.9614633247
            ],
            [
              2541506.974509078,
              1154895.2236580201
            ],
            [
              2541525.965322091,
              1154908.065230387
            ],
            [
              2541539.6803443357,
              1154919.3231947822
            ],
            [
              2541557.836432639,
              1154930.1850904648
            ],
            [
              2541547.5941817244,
              1154942.8972802046
            ],
            [
              2541534.5805897913,
              1154957.4987724575
            ],
            [
              2541533.1732445764,
              1154959.4353610326
            ],
            [
              2541515.766021056,
              1154944.8337088826
            ],
            [
              2541501.345228177,
              1154933.9242912803
            ]
          ]
        ]
      }
    },
    {
      "type": "Feature",
      "properties": {
        "extended_drawing_index": 402,
        "page_number": 99,
        "label": "Secteur destiné principalement à l’habitation - densité moyenne (délimitation indicative)",
        "effective_opacity": 0.4400019943714142,
        "source_fill": [
          0.9431143403053284,
          0.3316243290901184,
          0.19542229175567627
        ],
        "status": "review_required",
        "reservation": "Cantonal reservation on residential/mixed-zone resizing principles, chapter2.2/pages21-22.",
        "curve_flattening_tolerance_pdf_points": 0.03
      },
      "geometry": {
        "type": "Polygon",
        "coordinates": [
          [
            [
              2540906.835033837,
              1155768.3907313375
            ],
            [
              2540907.6914321333,
              1155769.59135705
            ],
            [
              2540907.3514108816,
              1155770.964150441
            ],
            [
              2540907.863458529,
              1155772.6812962454
            ],
            [
              2540907.1792179593,
              1155774.5704783986
            ],
            [
              2540907.1792143397,
              1155775.2590429368
            ],
            [
              2540904.945802079,
              1155777.1438830488
            ],
            [
              2540891.7341758814,
              1155789.5075066786
            ],
            [
              2540876.1169616445,
              1155804.1004487795
            ],
            [
              2540873.88775012,
              1155806.3338394163
            ],
            [
              2540868.052373567,
              1155802.383263278
            ],
            [
              2540869.5972204073,
              1155800.6662596154
            ],
            [
              2540845.7434173925,
              1155780.577726766
            ],
            [
              2540844.3706149985,
              1155781.9505147287
            ],
            [
              2540842.653611337,
              1155780.4055365582
            ],
            [
              2540838.5352447345,
              1155776.8035199475
            ],
            [
              2540835.9618373695,
              1155775.0864946388
            ],
            [
              2540815.370007162,
              1155756.5429480805
            ],
            [
              2540813.140810996,
              1155755.8543718248
            ],
            [
              2540806.190856627,
              1155747.7035855427
            ],
            [
              2540762.0291880807,
              1155728.6047821
            ],
            [
              2540754.467999714,
              1155724.8262395277
            ],
            [
              2540719.4554023007,
              1155715.4748158625
            ],
            [
              2540711.205605898,
              1155719.9717831668
            ],
            [
              2540652.175438971,
              1155740.0598803635
            ],
            [
              2540655.433069759,
              1155743.1498357772
            ],
            [
              2540618.1954878196,
              1155756.3697377294
            ],
            [
              2540613.0485119713,
              1155758.6031130299
            ],
            [
              2540607.3852741895,
              1155761.3486736196
            ],
            [
              2540600.8655194254,
              1155760.4880321752
            ],
            [
              2540598.459821682,
              1155758.603036349
            ],
            [
              2540590.5674418625,
              1155750.3620212267
            ],
            [
              2540589.36682789,
              1155748.9848858393
            ],
            [
              2540575.4668022986,
              1155729.929186451
            ],
            [
              2540546.465972474,
              1155746.7554605594
            ],
            [
              2540542.17540035,
              1155749.15681176
            ],
            [
              2540526.730384442,
              1155759.1148473297
            ],
            [
              2540521.755579846,
              1155761.8647454365
            ],
            [
              2540465.811014144,
              1155757.569557981
            ],
            [
              2540466.3274164326,
              1155755.34036091
            ],
            [
              2540472.675188568,
              1155719.798355442
            ],
            [
              2540478.855074604,
              1155693.0138446316
            ],
            [
              2540488.8089476856,
              1155675.8475877035
            ],
            [
              2540502.192644479,
              1155658.1648269019
            ],
            [
              2540518.494260405,
              1155636.0151453994
            ],
            [
              2540524.1575234532,
              1155628.462634736
            ],
            [
              2540525.5303186313,
              1155628.4626419516
            ],
            [
              2540536.6848513335,
              1155628.974888585
            ],
            [
              2540550.240563259,
              1155641.5108268755
            ],
            [
              2540552.1297282665,
              1155645.4570483733
            ],
            [
              2540552.813950786,
              1155647.0020211153
            ],
            [
              2540564.312740672,
              1155639.7937577285
            ],
            [
              2540564.6570877014,
              1155639.9659335057
            ],
            [
              2540578.3851017565,
              1155628.1187031616
            ],
            [
              2540590.395930287,
              1155624.3403947933
            ],
            [
              2540600.694083626,
              1155620.04988942
            ],
            [
              2540616.139226362,
              1155610.9482584582
            ],
            [
              2540623.34311294,
              1155605.6249556781
            ],
            [
              2540629.1786650443,
              1155601.1622528813
            ],
            [
              2540641.193887936,
              1155585.8808586393
            ],
            [
              2540646.857275098,
              1155579.701143155
            ],
            [
              2540654.0611779164,
              1155571.2880334144
            ],
            [
              2540661.7859347253,
              1155563.2191430153
            ],
            [
              2540663.5029663686,
              1155559.440649211
            ],
            [
              2540662.9865775835,
              1155559.100763791
            ],
            [
              2540663.3307950925,
              1155558.9285916332
            ],
            [
              2540665.387843486,
              1155554.6337090444
            ],
            [
              2540675.341657486,
              1155573.6937215892
            ],
            [
              2540696.4496138645,
              1155642.54004262
            ],
            [
              2540798.040293238,
              1155712.2476565177
            ],
            [
              2540812.624609027,
              1155719.9723162428
            ],
            [
              2540829.098128615,
              1155724.2629623327
            ],
            [
              2540847.460801449,
              1155734.7375661726
            ],
            [
              2540866.851889045,
              1155751.3919206702
            ],
            [
              2540879.723543191,
              1155756.0267644322
            ],
            [
              2540886.927394572,
              1155757.3995974753
            ],
            [
              2540897.2255136194,
              1155759.6331852882
            ],
            [
              2540905.8064940777,
              1155761.0060255695
            ],
            [
              2540904.9458859977,
              1155761.1781950132
            ],
            [
              2540906.835033837,
              1155768.3907313375
            ]
          ]
        ]
      }
    },
    {
      "type": "Feature",
      "properties": {
        "extended_drawing_index": 415,
        "page_number": 99,
        "label": "Secteur destiné principalement à l’habitation - densité moyenne (délimitation indicative)",
        "effective_opacity": 0.4400019943714142,
        "source_fill": [
          0.9431143403053284,
          0.3316243290901184,
          0.19542229175567627
        ],
        "status": "review_required",
        "reservation": "Cantonal reservation on residential/mixed-zone resizing principles, chapter2.2/pages21-22.",
        "curve_flattening_tolerance_pdf_points": 0.03
      },
      "geometry": {
        "type": "Polygon",
        "coordinates": [
          [
            [
              2541521.230762479,
              1155215.1589156196
            ],
            [
              2541519.094872509,
              1155218.3453088622
            ],
            [
              2541517.073144987,
              1155220.8426374695
            ],
            [
              2541449.233536225,
              1155254.4089813274
            ],
            [
              2541441.333098997,
              1155130.039974226
            ],
            [
              2541446.408585643,
              1155128.1140833378
            ],
            [
              2541451.4820094095,
              1155126.5189330708
            ],
            [
              2541456.5379014015,
              1155125.2079377826
            ],
            [
              2541461.560792724,
              1155124.1345118305
            ],
            [
              2541471.445697784,
              1155122.514025365
            ],
            [
              2541481.0129734296,
              1155121.2847885343
            ],
            [
              2541490.1388685037,
              1155120.0741161988
            ],
            [
              2541498.6996318484,
              1155118.5093232186
            ],
            [
              2541502.729416885,
              1155117.4776673806
            ],
            [
              2541506.571512305,
              1155116.217724454
            ],
            [
              2541510.2104492136,
              1155114.6829087962
            ],
            [
              2541513.630758716,
              1155112.826634765
            ],
            [
              2541514.9332962804,
              1155112.0515509536
            ],
            [
              2541516.924530747,
              1155111.0799924894
            ],
            [
              2541519.5282232356,
              1155110.2286536787
            ],
            [
              2541522.6681348677,
              1155109.8142288276
            ],
            [
              2541525.4097567163,
              1155109.9850895384
            ],
            [
              2541528.121857657,
              1155110.6088055493
            ],
            [
              2541530.7656606482,
              1155111.6343425394
            ],
            [
              2541533.302388647,
              1155113.0106661876
            ],
            [
              2541535.693264612,
              1155114.686742173
            ],
            [
              2541537.8995115,
              1155116.611536175
            ],
            [
              2541539.8823522693,
              1155118.7340138722
            ],
            [
              2541541.6030098777,
              1155121.0031409438
            ],
            [
              2541543.053952897,
              1155123.4329610309
            ],
            [
              2541544.109197876,
              1155125.8094029075
            ],
            [
              2541544.825914201,
              1155128.1436436689
            ],
            [
              2541545.2612712597,
              1155130.4468604103
            ],
            [
              2541545.5165851284,
              1155135.0049302154
            ],
            [
              2541545.3324945797,
              1155139.5730290853
            ],
            [
              2541545.1663547135,
              1155144.2405737825
            ],
            [
              2541545.4755206276,
              1155149.0969810702
            ],
            [
              2541545.9512667204,
              1155151.6239509238
            ],
            [
              2541546.7173474203,
              1155154.2316677107
            ],
            [
              2541547.830932115,
              1155156.9313085268
            ],
            [
              2541549.3491901914,
              1155159.7340504671
            ],
            [
              2541551.9662293857,
              1155163.5165356884
            ],
            [
              2541554.254930329,
              1155166.5744455308
            ],
            [
              2541555.1165408264,
              1155167.96430945
            ],
            [
              2541555.7045310047,
              1155169.3321792434
            ],
            [
              2541555.9550556117,
              1155170.7311048165
            ],
            [
              2541555.8042693953,
              1155172.2141360762
            ],
            [
              2541555.141158741,
              1155173.6922628435
            ],
            [
              2541554.3925757627,
              1155174.5705474461
            ],
            [
              2541553.217767922,
              1155175.585895504
            ],
            [
              2541549.1448583724,
              1155178.160529915
            ],
            [
              2541542.033191524,
              1155181.6816619337
            ],
            [
              2541533.375516328,
              1155185.3687051898
            ],
            [
              2541527.60853414,
              1155187.6590171058
            ],
            [
              2541525.6130024134,
              1155188.5897882686
            ],
            [
              2541524.104883326,
              1155189.5426439445
            ],
            [
              2541523.0057566734,
              1155190.6413399167
            ],
            [
              2541522.2372022513,
              1155192.009631968
            ],
            [
              2541521.807452399,
              1155193.6310443508
            ],
            [
              2541521.8102802364,
              1155195.1673262198
            ],
            [
              2541522.121529043,
              1155196.6906942
            ],
            [
              2541522.617042097,
              1155198.2733649162
            ],
            [
              2541523.6642340603,
              1155201.905481054
            ],
            [
              2541523.967599527,
              1155204.099359725
            ],
            [
              2541523.9586023553,
              1155206.64140763
            ],
            [
              2541523.617012035,
              1155209.0449316592
            ],
            [
              2541523.009208045,
              1155211.2640758422
            ],
            [
              2541522.194141241,
              1155213.3012629165
            ],
            [
              2541521.230762479,
              1155215.1589156196
            ]
          ]
        ]
      }
    },
    {
      "type": "Feature",
      "properties": {
        "extended_drawing_index": 426,
        "page_number": 99,
        "label": "Secteur destiné principalement à l’habitation - densité moyenne (délimitation indicative)",
        "effective_opacity": 0.4400019943714142,
        "source_fill": [
          0.9431143403053284,
          0.3316243290901184,
          0.19542229175567627
        ],
        "status": "review_required",
        "reservation": "Cantonal reservation on residential/mixed-zone resizing principles, chapter2.2/pages21-22.",
        "curve_flattening_tolerance_pdf_points": 0.03
      },
      "geometry": {
        "type": "Polygon",
        "coordinates": [
          [
            [
              2540209.9288037587,
              1155345.7791987131
            ],
            [
              2540209.2316101673,
              1155341.726471564
            ],
            [
              2540208.0351426676,
              1155337.9430221706
            ],
            [
              2540206.2561889733,
              1155334.4676766552
            ],
            [
              2540248.369741664,
              1155307.4939764875
            ],
            [
              2540306.2251274097,
              1155293.4997283795
            ],
            [
              2540326.020877684,
              1155303.6558638783
            ],
            [
              2540336.0348747363,
              1155316.2864726686
            ],
            [
              2540332.7769349855,
              1155346.9914696747
            ],
            [
              2540197.596893434,
              1155491.0479688963
            ],
            [
              2540194.888744114,
              1155481.510054206
            ],
            [
              2540192.301729202,
              1155473.8860026519
            ],
            [
              2540189.9117967347,
              1155467.8525482835
            ],
            [
              2540187.7948947498,
              1155463.08642515
            ],
            [
              2540186.026971285,
              1155459.2643673006
            ],
            [
              2540184.6839743773,
              1155456.0631087841
            ],
            [
              2540183.8418520642,
              1155453.1593836504
            ],
            [
              2540183.5765523836,
              1155450.229925948
            ],
            [
              2540183.790913095,
              1155446.8181814307
            ],
            [
              2540184.3068469707,
              1155443.2294443003
            ],
            [
              2540185.1273802626,
              1155439.3633515802
            ],
            [
              2540186.2555392254,
              1155435.119540293
            ],
            [
              2540189.446839176,
              1155425.0973101095
            ],
            [
              2540193.9049568516,
              1155412.3598499338
            ],
            [
              2540197.409608077,
              1155402.7573175016
            ],
            [
              2540200.317152114,
              1155395.2658183437
            ],
            [
              2540204.599127747,
              1155384.7641030198
            ],
            [
              2540206.102663904,
              1155380.827978439
            ],
            [
              2540207.267301996,
              1155377.151070302
            ],
            [
              2540208.1575943036,
              1155373.2704244014
            ],
            [
              2540208.8380931076,
              1155368.7230865294
            ],
            [
              2540209.8568639443,
              1155359.1647854766
            ],
            [
              2540210.158218361,
              1155354.5371817914
            ],
            [
              2540210.2099357275,
              1155350.0623774964
            ],
            [
              2540209.9288037587,
              1155345.7791987131
            ]
          ]
        ]
      }
    }
  ]
}