{"type": "FeatureCollection", "features": [{"type": "Feature", "id": 46278228, "geometry": {"type": "Polygon", "coordinates": [[[2530304.556, 1174439.021], [2530302.246, 1174431.29], [2530306.126, 1174430.13], [2530308.437, 1174437.861], [2530304.556, 1174439.021]]]}, "properties": {"OBJECTID": 46278228, "EGID": 280069877, "NO_COM_FED": 5757, "GENRE_TXT": "b\u00e2timent"}}, {"type": "Feature", "id": 46283628, "geometry": {"type": "Polygon", "coordinates": [[[2531623.845, 1175344.855], [2531653.246, 1175338.719], [2531656.928, 1175356.376], [2531654.257, 1175356.934], [2531656.096, 1175365.738], [2531643.717, 1175368.326], [2531625.525, 1175352.896], [2531623.845, 1175344.855]]]}, "properties": {"OBJECTID": 46283628, "EGID": 280127140, "NO_COM_FED": 5757, "GENRE_TXT": "b\u00e2timent"}}, {"type": "Feature", "id": 46283704, "geometry": {"type": "Polygon", "coordinates": [[[2530194.609, 1174621.747], [2530202.37, 1174621.166], [2530203.097, 1174630.649], [2530195.347, 1174631.231], [2530194.609, 1174621.747]]]}, "properties": {"OBJECTID": 46283704, "EGID": 280140483, "NO_COM_FED": 5757, "GENRE_TXT": "b\u00e2timent"}}, {"type": "Feature", "id": 46283760, "geometry": {"type": "Polygon", "coordinates": [[[2530167.033, 1174839.993], [2530156.309, 1174846.097], [2530153.188, 1174840.605], [2530163.892, 1174834.506], [2530167.033, 1174839.993]]]}, "properties": {"OBJECTID": 46283760, "EGID": 280067337, "NO_COM_FED": 5757, "GENRE_TXT": "b\u00e2timent"}}, {"type": "Feature", "id": 46283795, "geometry": {"type": "Polygon", "coordinates": [[[2530506.242, 1174713.249], [2530504.212, 1174710.669], [2530507.932, 1174707.879], [2530505.772, 1174705.409], [2530512.902, 1174698.839], [2530517.262, 1174703.429], [2530510.002, 1174710.229], [2530510.112, 1174710.389], [2530506.242, 1174713.249]]]}, "properties": {"OBJECTID": 46283795, "EGID": 280015397, "NO_COM_FED": 5757, "GENRE_TXT": "b\u00e2timent"}}, {"type": "Feature", "id": 46283812, "geometry": {"type": "Polygon", "coordinates": [[[2530882.222, 1174121.636], [2530882.173, 1174124.496], [2530881.394, 1174124.512], [2530881.415, 1174125.503], [2530879.003, 1174125.472], [2530879.018, 1174124.447], [2530878.113, 1174124.434], [2530878.167, 1174120.625], [2530881.231, 1174120.669], [2530881.224, 1174121.628], [2530882.222, 1174121.636]]]}, "properties": {"OBJECTID": 46283812, "EGID": 280071592, "NO_COM_FED": 5757, "GENRE_TXT": "b\u00e2timent"}}, {"type": "Feature", "id": 46283819, "geometry": {"type": "Polygon", "coordinates": [[[2531679.177, 1176471.744], [2531678.791, 1176468.947], [2531682.547, 1176468.421], [2531682.941, 1176471.211], [2531679.177, 1176471.744]]]}, "properties": {"OBJECTID": 46283819, "EGID": 280124503, "NO_COM_FED": 5757, "GENRE_TXT": "b\u00e2timent"}}, {"type": "Feature", "id": 46283942, "geometry": {"type": "Polygon", "coordinates": [[[2530333.005, 1174650.524], [2530337.871, 1174647.905], [2530340.965, 1174653.669], [2530336.12, 1174656.278], [2530334.435, 1174653.162], [2530333.005, 1174650.524]]]}, "properties": {"OBJECTID": 46283942, "EGID": 280069540, "NO_COM_FED": 5757, "GENRE_TXT": "b\u00e2timent"}}, {"type": "Feature", "id": 46284072, "geometry": {"type": "Polygon", "coordinates": [[[2530792.177, 1175935.562], [2530790.787, 1175937.312], [2530787.477, 1175934.502], [2530788.887, 1175932.822], [2530792.177, 1175935.562]]]}, "properties": {"OBJECTID": 46284072, "EGID": 280109553, "NO_COM_FED": 5757, "GENRE_TXT": "b\u00e2timent"}}, {"type": "Feature", "id": 46284140, "geometry": {"type": "Polygon", "coordinates": [[[2531624.384, 1174892.804], [2531622.238, 1174883.755], [2531628.085, 1174882.453], [2531627.601, 1174880.215], [2531650.26, 1174874.836], [2531656.259, 1174900.36], [2531651.401, 1174901.511], [2531654.372, 1174914.053], [2531630.751, 1174919.655], [2531624.384, 1174892.804]]]}, "properties": {"OBJECTID": 46284140, "EGID": 190094172, "NO_COM_FED": 5757, "GENRE_TXT": "b\u00e2timent"}}, {"type": "Feature", "id": 46284206, "geometry": {"type": "Polygon", "coordinates": [[[2530782.304, 1174550.82], [2530781.315, 1174554.361], [2530776.83, 1174553.057], [2530777.204, 1174551.769], [2530778.162, 1174552.05], [2530778.763, 1174549.826], [2530782.304, 1174550.82]]]}, "properties": {"OBJECTID": 46284206, "EGID": 280073038, "NO_COM_FED": 5757, "GENRE_TXT": "b\u00e2timent"}}, {"type": "Feature", "id": 46284312, "geometry": {"type": "Polygon", "coordinates": [[[2530698.773, 1174290.323], [2530709.319, 1174291.422], [2530708.437, 1174299.879], [2530697.886, 1174298.778], [2530698.773, 1174290.323]]]}, "properties": {"OBJECTID": 46284312, "EGID": 280073483, "NO_COM_FED": 5757, "GENRE_TXT": "b\u00e2timent"}}, {"type": "Feature", "id": 46284518, "geometry": {"type": "Polygon", "coordinates": [[[2530985.8, 1176204.269], [2530995.26, 1176202.239], [2530995.89, 1176202.099], [2530997.49, 1176201.759], [2530998.17, 1176201.609], [2530999.45, 1176207.669], [2530998.78, 1176207.829], [2530987.09, 1176210.319], [2530985.8, 1176204.269]]]}, "properties": {"OBJECTID": 46284518, "EGID": 818247, "NO_COM_FED": 5757, "GENRE_TXT": "b\u00e2timent"}}, {"type": "Feature", "id": 46284634, "geometry": {"type": "Polygon", "coordinates": [[[2530742.405, 1174961.944], [2530736.975, 1174965.965], [2530736.705, 1174965.715], [2530731.315, 1174969.855], [2530728.415, 1174965.615], [2530738.335, 1174958.004], [2530742.405, 1174961.944]]]}, "properties": {"OBJECTID": 46284634, "EGID": 818692, "NO_COM_FED": 5757, "GENRE_TXT": "b\u00e2timent"}}, {"type": "Feature", "id": 46284683, "geometry": {"type": "Polygon", "coordinates": [[[2530649.054, 1174860.1469999999], [2530648.644, 1174859.967], [2530649.264, 1174857.687], [2530649.884, 1174857.717], [2530659.234, 1174856.677], [2530659.584, 1174860.737], [2530659.354, 1174860.817], [2530650.144, 1174861.627], [2530649.264, 1174860.697], [2530649.186060535, 1174860.5661167596], [2530649.124, 1174860.427], [2530649.081, 1174860.2889999999], [2530649.054, 1174860.1469999999]]]}, "properties": {"OBJECTID": 46284683, "EGID": 280024298, "NO_COM_FED": 5757, "GENRE_TXT": "b\u00e2timent"}}, {"type": "Feature", "id": 46284742, "geometry": {"type": "Polygon", "coordinates": [[[2530673.455, 1174974.597], [2530678.535, 1174984.486], [2530679.405, 1174984.046], [2530682.185, 1174989.476], [2530681.295, 1174989.936], [2530686.335, 1174999.816], [2530673.025, 1175006.6570000001], [2530667.995, 1174996.747], [2530666.665, 1174997.437], [2530663.895, 1174991.997], [2530665.225, 1174991.317], [2530660.205, 1174981.3969999999], [2530673.455, 1174974.597]]]}, "properties": {"OBJECTID": 46284742, "EGID": 818671, "NO_COM_FED": 5757, "GENRE_TXT": "b\u00e2timent"}}, {"type": "Feature", "id": 46284871, "geometry": {"type": "Polygon", "coordinates": [[[2531720.2, 1174996.095], [2531744.491, 1174990.205], [2531750.391, 1175014.515], [2531759.151, 1175012.385], [2531762.691, 1175026.984], [2531753.931, 1175029.104], [2531753.961, 1175029.234], [2531729.601, 1175035.084], [2531720.2, 1174996.095]]]}, "properties": {"OBJECTID": 46284871, "EGID": 818888, "NO_COM_FED": 5757, "GENRE_TXT": "b\u00e2timent"}}, {"type": "Feature", "id": 46284888, "geometry": {"type": "Polygon", "coordinates": [[[2530268.246, 1174522.926], [2530265.877, 1174529.7719999999], [2530265.7, 1174530.284], [2530255.164, 1174526.674], [2530258.79, 1174516.091], [2530269.344, 1174519.753], [2530268.246, 1174522.926]]]}, "properties": {"OBJECTID": 46284888, "EGID": 818834, "NO_COM_FED": 5757, "GENRE_TXT": "b\u00e2timent"}}, {"type": "Feature", "id": 46284983, "geometry": {"type": "Polygon", "coordinates": [[[2530876.503, 1174389.256], [2530876.356, 1174394.938], [2530870.381, 1174394.771], [2530870.536, 1174389.094], [2530876.503, 1174389.256]]]}, "properties": {"OBJECTID": 46284983, "EGID": 280130785, "NO_COM_FED": 5757, "GENRE_TXT": "b\u00e2timent"}}, {"type": "Feature", "id": 46285105, "geometry": {"type": "Polygon", "coordinates": [[[2530670.097, 1175093.817], [2530674.907, 1175109.546], [2530659.677, 1175112.627], [2530654.167, 1175113.787], [2530648.117, 1175114.797], [2530648.117, 1175114.6570000001], [2530648.947, 1175114.497], [2530648.537, 1175097.967], [2530670.097, 1175093.817]]]}, "properties": {"OBJECTID": 46285105, "EGID": 818616, "NO_COM_FED": 5757, "GENRE_TXT": "b\u00e2timent"}}, {"type": "Feature", "id": 46285205, "geometry": {"type": "Polygon", "coordinates": [[[2530280.247, 1176114.268], [2530282.415, 1176129.108], [2530260.395, 1176132.351], [2530258.087, 1176116.543], [2530280.104, 1176113.29], [2530280.247, 1176114.268]]]}, "properties": {"OBJECTID": 46285205, "EGID": 280060657, "NO_COM_FED": 5757, "GENRE_TXT": "b\u00e2timent"}}, {"type": "Feature", "id": 46285261, "geometry": {"type": "Polygon", "coordinates": [[[2530729.027, 1175086.505], [2530749.937, 1175098.824], [2530746.577, 1175102.884], [2530726.927, 1175091.025], [2530729.027, 1175086.505]]]}, "properties": {"OBJECTID": 46285261, "EGID": 9029621, "NO_COM_FED": 5757, "GENRE_TXT": "b\u00e2timent"}}, {"type": "Feature", "id": 46285323, "geometry": {"type": "Polygon", "coordinates": [[[2530803.26, 1175867.102], [2530803.266, 1175868.121], [2530797.826, 1175868.091], [2530797.816, 1175869.451], [2530795.906, 1175869.442], [2530795.906, 1175868.162], [2530792.526, 1175868.162], [2530792.506, 1175859.5320000001], [2530796.026, 1175859.502], [2530796.026, 1175858.612], [2530796.826, 1175857.872], [2530798.866, 1175857.861], [2530799.6859999998, 1175858.531], [2530799.6859999998, 1175859.511], [2530803.216, 1175859.481], [2530803.26, 1175867.102]]]}, "properties": {"OBJECTID": 46285323, "EGID": 818300, "NO_COM_FED": 5757, "GENRE_TXT": "b\u00e2timent"}}, {"type": "Feature", "id": 46285514, "geometry": {"type": "Polygon", "coordinates": [[[2530805.541, 1175984.583], [2530802.795, 1175972.942], [2530812.228, 1175970.679], [2530814.993, 1175982.34], [2530805.541, 1175984.583]]]}, "properties": {"OBJECTID": 46285514, "EGID": 818235, "NO_COM_FED": 5757, "GENRE_TXT": "b\u00e2timent"}}, {"type": "Feature", "id": 46285568, "geometry": {"type": "Polygon", "coordinates": [[[2530415.4390000002, 1174714.838], [2530418.078, 1174725.01], [2530417.502, 1174725.161], [2530410.469, 1174726.9780000001], [2530407.835, 1174716.807], [2530415.4390000002, 1174714.838]]]}, "properties": {"OBJECTID": 46285568, "EGID": 280129124, "NO_COM_FED": 5757, "GENRE_TXT": "b\u00e2timent"}}, {"type": "Feature", "id": 46285569, "geometry": {"type": "Polygon", "coordinates": [[[2530499.274, 1175944.947], [2530498.566, 1175945.018], [2530497.995, 1175939.136], [2530500.299, 1175938.906], [2530508.446, 1175938.091], [2530508.991, 1175943.66], [2530509.008, 1175943.829], [2530499.257, 1175944.778], [2530499.274, 1175944.947]]]}, "properties": {"OBJECTID": 46285569, "EGID": 280102186, "NO_COM_FED": 5757, "GENRE_TXT": "b\u00e2timent"}}, {"type": "Feature", "id": 46285787, "geometry": {"type": "Polygon", "coordinates": [[[2531283.259, 1175145.097], [2531284.549, 1175143.637], [2531291.379, 1175150.327], [2531313.029, 1175127.457], [2531324.649, 1175138.477], [2531329.109, 1175142.626], [2531312.219, 1175160.486], [2531309.779, 1175157.986], [2531305.139, 1175162.976], [2531305.989, 1175163.826], [2531295.699, 1175174.546], [2531274.489, 1175154.4070000001], [2531274.859, 1175154.017], [2531283.259, 1175145.097]]]}, "properties": {"OBJECTID": 46285787, "EGID": 280000981, "NO_COM_FED": 5757, "GENRE_TXT": "b\u00e2timent"}}, {"type": "Feature", "id": 46285854, "geometry": {"type": "Polygon", "coordinates": [[[2530667.647, 1175142.847], [2530681.407, 1175140.906], [2530681.817, 1175146.656], [2530668.987, 1175148.906], [2530667.647, 1175142.847]]]}, "properties": {"OBJECTID": 46285854, "EGID": 818618, "NO_COM_FED": 5757, "GENRE_TXT": "b\u00e2timent"}}, {"type": "Feature", "id": 46285969, "geometry": {"type": "Polygon", "coordinates": [[[2530830.659, 1174320.786], [2530832.177, 1174310.859], [2530840.138, 1174312.077], [2530838.6, 1174322.024], [2530830.659, 1174320.786]]]}, "properties": {"OBJECTID": 46285969, "EGID": 280092515, "NO_COM_FED": 5757, "GENRE_TXT": "b\u00e2timent"}}, {"type": "Feature", "id": 46285976, "geometry": {"type": "Polygon", "coordinates": [[[2530689.599, 1175323.186], [2530693.209, 1175337.225], [2530683.009, 1175339.156], [2530682.019, 1175334.156], [2530680.809, 1175334.406], [2530680.58936124, 1175334.8424664992], [2530680.3009148254, 1175335.2368557171], [2530679.9515199675, 1175335.57842185], [2530679.550696524, 1175335.8578583482], [2530679.1093656095, 1175336.06755149], [2530678.639552035, 1175336.201787829], [2530678.154056669, 1175336.2569098684], [2530677.6661076574, 1175336.2314157148], [2530677.1890000002, 1175336.126], [2530676.739757267, 1175335.9450505767], [2530676.3260939177, 1175335.6931689358], [2530675.959115561, 1175335.377117337], [2530675.6486744545, 1175335.005380808], [2530675.4031050024, 1175334.5879393492], [2530675.229, 1175334.136], [2530673.759, 1175334.426], [2530673.509, 1175334.466], [2530670.1689999998, 1175335.116], [2530668.859, 1175327.856], [2530668.739, 1175327.196], [2530689.599, 1175323.186]]]}, "properties": {"OBJECTID": 46285976, "EGID": 818560, "NO_COM_FED": 5757, "GENRE_TXT": "b\u00e2timent"}}, {"type": "Feature", "id": 46286036, "geometry": {"type": "Polygon", "coordinates": [[[2530962.357, 1175544.417], [2530960.76, 1175540.399], [2530969.54, 1175536.884], [2530972.925, 1175545.434], [2530964.155, 1175548.939], [2530962.357, 1175544.417]]]}, "properties": {"OBJECTID": 46286036, "EGID": 818376, "NO_COM_FED": 5757, "GENRE_TXT": "b\u00e2timent"}}, {"type": "Feature", "id": 46286185, "geometry": {"type": "Polygon", "coordinates": [[[2530727.738, 1176094.035], [2530726.768, 1176090.445], [2530726.348, 1176090.565], [2530725.818, 1176090.255], [2530725.348, 1176088.515], [2530725.648, 1176087.975], [2530726.048, 1176087.865], [2530725.058, 1176084.245], [2530725.868, 1176084.035], [2530725.438, 1176082.455], [2530732.258, 1176080.605], [2530732.678, 1176082.175], [2530733.498, 1176081.945], [2530736.178, 1176091.775], [2530727.738, 1176094.035]]]}, "properties": {"OBJECTID": 46286185, "EGID": 818215, "NO_COM_FED": 5757, "GENRE_TXT": "b\u00e2timent"}}, {"type": "Feature", "id": 46286245, "geometry": {"type": "Polygon", "coordinates": [[[2530954.66, 1176227.33], [2530959.75, 1176226.04], [2530961.69, 1176233.48], [2530958.53, 1176234.28], [2530953.47, 1176235.59], [2530951.55, 1176228.12], [2530954.66, 1176227.33]]]}, "properties": {"OBJECTID": 46286245, "EGID": 818261, "NO_COM_FED": 5757, "GENRE_TXT": "b\u00e2timent"}}, {"type": "Feature", "id": 46286290, "geometry": {"type": "Polygon", "coordinates": [[[2530748.874, 1174904.514], [2530761.244, 1174901.554], [2530761.764, 1174904.794], [2530762.964, 1174904.634], [2530763.135, 1174905.534], [2530761.795, 1174905.744], [2530762.025, 1174907.424], [2530751.365, 1174913.264], [2530748.874, 1174904.514]]]}, "properties": {"OBJECTID": 46286290, "EGID": 818716, "NO_COM_FED": 5757, "GENRE_TXT": "b\u00e2timent"}}, {"type": "Feature", "id": 46286334, "geometry": {"type": "Polygon", "coordinates": [[[2531808.911, 1176352.6570000001], [2531809.7422477347, 1176352.639335834], [2531810.5640085647, 1176352.765803055], [2531811.3514806987, 1176353.0325847208], [2531812.080897223, 1176353.4316290207], [2531812.730243416, 1176353.950892288], [2531813.279921181, 1176354.574702495], [2531813.7133405413, 1176355.284232253], [2531814.0174203473, 1176356.0580670487], [2531814.1829830827, 1176356.8728515601], [2531814.2050318522, 1176357.703994551], [2531814.0829011966, 1176358.5264110647], [2531813.8202771745, 1176359.3152795217], [2531813.4250861146, 1176360.046790865], [2531812.9092553863, 1176360.6988671485], [2531812.2883534203, 1176361.2518278777], [2531811.5811198303, 1176361.6889839922], [2531810.8088998287, 1176361.9971415624], [2531809.995, 1176362.167], [2531809.247097191, 1176362.1974738454], [2531808.503594805, 1176362.1109205661], [2531807.7826922946, 1176361.9094588128], [2531807.1020359113, 1176361.5980199664], [2531806.4782867613, 1176361.184227427], [2531805.926712977, 1176360.6782100087], [2531805.460815981, 1176360.0923540052], [2531805.092, 1176359.441], [2531804.808190862, 1176358.6657626512], [2531804.66184926, 1176357.853282061], [2531804.6573306923, 1176357.02773972], [2531804.7947696433, 1176356.21370587], [2531805.0700755795, 1176355.4354082306], [2531805.475054696, 1176354.716010921], [2531805.997653783, 1176354.076925036], [2531806.622318961, 1176353.5371713988], [2531807.330458605, 1176353.1128144513], [2531808.1009966764, 1176352.816484137], [2531808.911, 1176352.6570000001]]]}, "properties": {"OBJECTID": 46286334, "EGID": 280133489, "NO_COM_FED": 5757, "GENRE_TXT": "b\u00e2timent"}}, {"type": "Feature", "id": 46286388, "geometry": {"type": "Polygon", "coordinates": [[[2530938.387, 1174092.289], [2530939.129, 1174095.242], [2530937.144, 1174095.735], [2530936.405, 1174092.786], [2530938.387, 1174092.289]]]}, "properties": {"OBJECTID": 46286388, "EGID": 280111081, "NO_COM_FED": 5757, "GENRE_TXT": "b\u00e2timent"}}, {"type": "Feature", "id": 46286464, "geometry": {"type": "Polygon", "coordinates": [[[2530780.119, 1175442.761], [2530779.747, 1175440.06], [2530784.36, 1175439.4679999999], [2530784.711, 1175442.177], [2530780.119, 1175442.761]]]}, "properties": {"OBJECTID": 46286464, "EGID": 280101575, "NO_COM_FED": 5757, "GENRE_TXT": "b\u00e2timent"}}, {"type": "Feature", "id": 46286604, "geometry": {"type": "Polygon", "coordinates": [[[2530632.366, 1174645.121], [2530635.272, 1174638.797], [2530646.244, 1174643.832], [2530642.874, 1174651.104], [2530638.045, 1174648.891], [2530637.573, 1174649.922], [2530634.934, 1174648.681], [2530635.407, 1174647.658], [2530631.937, 1174646.055], [2530632.366, 1174645.121]]]}, "properties": {"OBJECTID": 46286604, "EGID": 280104249, "NO_COM_FED": 5757, "GENRE_TXT": "b\u00e2timent"}}, {"type": "Feature", "id": 46286718, "geometry": {"type": "Polygon", "coordinates": [[[2530873.172, 1174451.7719999999], [2530863.101, 1174451.16], [2530863.746, 1174440.863], [2530873.819, 1174441.4679999999], [2530873.516, 1174446.292], [2530873.172, 1174451.7719999999]]]}, "properties": {"OBJECTID": 46286718, "EGID": 818744, "NO_COM_FED": 5757, "GENRE_TXT": "b\u00e2timent"}}, {"type": "Feature", "id": 46286782, "geometry": {"type": "Polygon", "coordinates": [[[2530596.726, 1175056.439], [2530605.396, 1175059.359], [2530605.543, 1175059.409], [2530602.323, 1175068.756], [2530599.038, 1175067.644], [2530593.384, 1175065.731], [2530596.569, 1175056.383], [2530596.726, 1175056.439]]]}, "properties": {"OBJECTID": 46286782, "EGID": 818607, "NO_COM_FED": 5757, "GENRE_TXT": "b\u00e2timent"}}, {"type": "Feature", "id": 46287109, "geometry": {"type": "Polygon", "coordinates": [[[2530707.307, 1175089.695], [2530710.687, 1175087.715], [2530711.037, 1175087.515], [2530719.147, 1175094.755], [2530719.187, 1175095.075], [2530714.387, 1175101.865], [2530707.307, 1175089.695]]]}, "properties": {"OBJECTID": 46287109, "EGID": 818633, "NO_COM_FED": 5757, "GENRE_TXT": "b\u00e2timent"}}, {"type": "Feature", "id": 46287182, "geometry": {"type": "Polygon", "coordinates": [[[2531324.075, 1174698.235], [2531328.836, 1174717.715], [2531280.265, 1174729.465], [2531275.495, 1174709.915], [2531324.075, 1174698.235]]]}, "properties": {"OBJECTID": 46287182, "EGID": 280000803, "NO_COM_FED": 5757, "GENRE_TXT": "b\u00e2timent"}}, {"type": "Feature", "id": 46287379, "geometry": {"type": "Polygon", "coordinates": [[[2530339.806, 1175810.044], [2530340.797, 1175796.319], [2530348.9, 1175796.87], [2530348.857, 1175797.441], [2530352.894, 1175797.745], [2530352.913, 1175797.178], [2530361.012, 1175797.763], [2530360.008, 1175811.477], [2530351.91, 1175810.914], [2530352.028, 1175809.308], [2530348.027, 1175809.013], [2530347.908, 1175810.629], [2530339.806, 1175810.044]]]}, "properties": {"OBJECTID": 46287379, "EGID": 280053002, "NO_COM_FED": 5757, "GENRE_TXT": "b\u00e2timent"}}, {"type": "Feature", "id": 46287516, "geometry": {"type": "Polygon", "coordinates": [[[2531367.45, 1175248.674], [2531363.9, 1175252.294], [2531362.44, 1175250.864], [2531366.02, 1175247.274], [2531367.45, 1175248.674]]]}, "properties": {"OBJECTID": 46287516, "EGID": 280072476, "NO_COM_FED": 5757, "GENRE_TXT": "b\u00e2timent"}}, {"type": "Feature", "id": 46287547, "geometry": {"type": "Polygon", "coordinates": [[[2531210.865, 1174764.915], [2531211.905, 1174771.105], [2531198.745, 1174773.335], [2531197.665, 1174767.185], [2531210.865, 1174764.915]]]}, "properties": {"OBJECTID": 46287547, "EGID": 280014691, "NO_COM_FED": 5757, "GENRE_TXT": "b\u00e2timent"}}, {"type": "Feature", "id": 46287604, "geometry": {"type": "Polygon", "coordinates": [[[2530649.798, 1176063.289], [2530664.342, 1176062.529], [2530665.746, 1176089.4], [2530651.203, 1176090.172], [2530649.798, 1176063.289]]]}, "properties": {"OBJECTID": 46287604, "EGID": 280095161, "NO_COM_FED": 5757, "GENRE_TXT": "b\u00e2timent"}}, {"type": "Feature", "id": 46287635, "geometry": {"type": "Polygon", "coordinates": [[[2530243.126, 1174510.946], [2530242.388, 1174512.962], [2530240.11, 1174512.128], [2530240.9, 1174510.07], [2530243.126, 1174510.946]]]}, "properties": {"OBJECTID": 46287635, "EGID": 280118162, "NO_COM_FED": 5757, "GENRE_TXT": "b\u00e2timent"}}, {"type": "Feature", "id": 46287809, "geometry": {"type": "Polygon", "coordinates": [[[2530676.095, 1174503.412], [2530675.271, 1174507.518], [2530676.823, 1174507.829], [2530675.962, 1174512.106], [2530674.408, 1174511.793], [2530674.386, 1174511.879], [2530669.306, 1174510.852], [2530669.033, 1174512.27], [2530662.434, 1174510.888], [2530664.404, 1174501.067], [2530676.095, 1174503.412]]]}, "properties": {"OBJECTID": 46287809, "EGID": 818763, "NO_COM_FED": 5757, "GENRE_TXT": "b\u00e2timent"}}, {"type": "Feature", "id": 46288477, "geometry": {"type": "Polygon", "coordinates": [[[2530785.789, 1175241.583], [2530786.699, 1175247.723], [2530775.499, 1175248.663], [2530775.319, 1175246.833], [2530774.368, 1175238.863], [2530774.728, 1175238.833], [2530774.858, 1175239.823], [2530775.908, 1175239.683], [2530775.778, 1175238.693], [2530780.238, 1175238.0929999999], [2530780.789, 1175242.263], [2530783.039, 1175241.963], [2530782.498, 1175238.503], [2530785.228, 1175238.133], [2530785.789, 1175241.583]]]}, "properties": {"OBJECTID": 46288477, "EGID": 818537, "NO_COM_FED": 5757, "GENRE_TXT": "b\u00e2timent"}}, {"type": "Feature", "id": 46288742, "geometry": {"type": "Polygon", "coordinates": [[[2530654.167, 1175113.787], [2530659.677, 1175112.627], [2530660.717, 1175118.3969999999], [2530660.147, 1175118.537], [2530655.247, 1175119.677], [2530654.167, 1175113.787]]]}, "properties": {"OBJECTID": 46288742, "EGID": 280069809, "NO_COM_FED": 5757, "GENRE_TXT": "b\u00e2timent"}}, {"type": "Feature", "id": 46288844, "geometry": {"type": "Polygon", "coordinates": [[[2530771.642, 1174679.929], [2530764.01, 1174674.235], [2530767.963, 1174668.871], [2530775.612, 1174674.578], [2530771.642, 1174679.929]]]}, "properties": {"OBJECTID": 46288844, "EGID": 280062848, "NO_COM_FED": 5757, "GENRE_TXT": "b\u00e2timent"}}, {"type": "Feature", "id": 46288927, "geometry": {"type": "Polygon", "coordinates": [[[2531080.801, 1176309.148], [2531089.5609999998, 1176306.867], [2531092.021, 1176316.477], [2531081.841, 1176319.128], [2531079.371, 1176309.618], [2531080.8310000002, 1176309.248], [2531080.801, 1176309.148]]]}, "properties": {"OBJECTID": 46288927, "EGID": 818346, "NO_COM_FED": 5757, "GENRE_TXT": "b\u00e2timent"}}, {"type": "Feature", "id": 46289040, "geometry": {"type": "Polygon", "coordinates": [[[2530849.701, 1174521.488], [2530859.592, 1174523.588], [2530858.155, 1174530.398], [2530858.054, 1174530.877], [2530848.171, 1174528.774], [2530849.701, 1174521.488]]]}, "properties": {"OBJECTID": 46289040, "EGID": 281010629, "NO_COM_FED": 5757, "GENRE_TXT": "b\u00e2timent"}}, {"type": "Feature", "id": 46289128, "geometry": {"type": "Polygon", "coordinates": [[[2530870.536, 1174389.094], [2530870.381, 1174394.771], [2530870.322, 1174396.922], [2530870.317, 1174397.097], [2530862.038, 1174396.852], [2530862.033, 1174397.027], [2530861.233, 1174397.02], [2530861.483, 1174388.595], [2530870.542, 1174388.874], [2530870.536, 1174389.094]]]}, "properties": {"OBJECTID": 46289128, "EGID": 280102383, "NO_COM_FED": 5757, "GENRE_TXT": "b\u00e2timent"}}, {"type": "Feature", "id": 46289129, "geometry": {"type": "Polygon", "coordinates": [[[2530707.315, 1174947.256], [2530710.265, 1174952.365], [2530703.865, 1174955.566], [2530704.215, 1174956.296], [2530706.075, 1174959.996], [2530704.715, 1174960.566], [2530701.095, 1174962.006], [2530692.515, 1174965.406], [2530690.505, 1174966.256], [2530686.465, 1174956.066], [2530696.995, 1174952.616], [2530707.315, 1174947.256]]]}, "properties": {"OBJECTID": 46289129, "EGID": 818676, "NO_COM_FED": 5757, "GENRE_TXT": "b\u00e2timent"}}, {"type": "Feature", "id": 46289559, "geometry": {"type": "Polygon", "coordinates": [[[2530785.1689999998, 1176114.818], [2530790.851, 1176112.988], [2530792.674, 1176118.676], [2530787.42, 1176120.358], [2530786.961, 1176120.505], [2530785.1689999998, 1176114.818]]]}, "properties": {"OBJECTID": 46289559, "EGID": 280106994, "NO_COM_FED": 5757, "GENRE_TXT": "b\u00e2timent"}}, {"type": "Feature", "id": 46289908, "geometry": {"type": "Polygon", "coordinates": [[[2531768.963, 1175024.351], [2531748.83, 1174940.668], [2531801.571, 1174927.976], [2531819.911, 1175004.084], [2531821.741, 1175011.644], [2531768.963, 1175024.351]]]}, "properties": {"OBJECTID": 46289908, "EGID": 9082190, "NO_COM_FED": 5757, "GENRE_TXT": "b\u00e2timent"}}, {"type": "Feature", "id": 46290098, "geometry": {"type": "Polygon", "coordinates": [[[2530298.402, 1174509.224], [2530294.181, 1174507.75], [2530296.224, 1174501.865], [2530295.885, 1174501.747], [2530296.18, 1174500.899], [2530296.519, 1174501.017], [2530296.745, 1174500.366], [2530297.141, 1174500.503], [2530298.1890000002, 1174497.486], [2530302.15, 1174498.861], [2530301.099, 1174501.888], [2530310.746, 1174505.238], [2530308.157, 1174512.63], [2530298.402, 1174509.224]]]}, "properties": {"OBJECTID": 46290098, "EGID": 818841, "NO_COM_FED": 5757, "GENRE_TXT": "b\u00e2timent"}}, {"type": "Feature", "id": 46290236, "geometry": {"type": "Polygon", "coordinates": [[[2530734.346, 1174352.715], [2530731.629, 1174352.612], [2530732.008, 1174343.521], [2530737.083, 1174343.71], [2530738.038, 1174344.723], [2530742.073, 1174344.909], [2530741.734, 1174352.799], [2530741.726, 1174352.996], [2530735.305, 1174352.752], [2530734.346, 1174352.715]]]}, "properties": {"OBJECTID": 46290236, "EGID": 280078978, "NO_COM_FED": 5757, "GENRE_TXT": "b\u00e2timent"}}, {"type": "Feature", "id": 46290269, "geometry": {"type": "Polygon", "coordinates": [[[2531706.349, 1174818.699], [2531708.649, 1174828.429], [2531681.389, 1174835.119], [2531678.979, 1174825.289], [2531706.349, 1174818.699]]]}, "properties": {"OBJECTID": 46290269, "EGID": 818890, "NO_COM_FED": 5757, "GENRE_TXT": "b\u00e2timent"}}, {"type": "Feature", "id": 46290271, "geometry": {"type": "Polygon", "coordinates": [[[2530816.785, 1176302.915], [2530809.93, 1176304.055], [2530808.12, 1176293.205], [2530814.53, 1176292.155], [2530815.52, 1176298.075], [2530817, 1176297.825], [2530817.12, 1176298.565], [2530817.81, 1176302.745], [2530816.785, 1176302.915]]]}, "properties": {"OBJECTID": 46290271, "EGID": 818207, "NO_COM_FED": 5757, "GENRE_TXT": "b\u00e2timent"}}, {"type": "Feature", "id": 46290424, "geometry": {"type": "Polygon", "coordinates": [[[2530506.851, 1175095.592], [2530506.194, 1175105.74], [2530502.5, 1175105.687], [2530502.48, 1175107.073], [2530499.663, 1175106.806], [2530499.864, 1175100.6469999999], [2530498.529, 1175100.604], [2530498.631, 1175095.685], [2530498.701, 1175095.687], [2530498.713, 1175095.127], [2530503.104, 1175095.427], [2530503.11, 1175095.337], [2530506.851, 1175095.592]]]}, "properties": {"OBJECTID": 46290424, "EGID": 3163883, "NO_COM_FED": 5757, "GENRE_TXT": "b\u00e2timent"}}, {"type": "Feature", "id": 46290761, "geometry": {"type": "Polygon", "coordinates": [[[2530923.952, 1175467.428], [2530921.412, 1175468.168], [2530917.442, 1175469.328], [2530912.711, 1175452.988], [2530916.681, 1175451.828], [2530931.571, 1175447.4679999999], [2530936.361, 1175463.778], [2530929.841, 1175465.678], [2530927.9845031393, 1175466.5864023909], [2530926.0033019236, 1175467.175144474], [2530923.952, 1175467.428]]]}, "properties": {"OBJECTID": 46290761, "EGID": 3163961, "NO_COM_FED": 5757, "GENRE_TXT": "b\u00e2timent"}}, {"type": "Feature", "id": 46290763, "geometry": {"type": "Polygon", "coordinates": [[[2530703.093, 1175901.393], [2530705.072, 1175890.064], [2530711.409, 1175891.163], [2530709.433, 1175902.493], [2530703.093, 1175901.393]]]}, "properties": {"OBJECTID": 46290763, "EGID": 280054925, "NO_COM_FED": 5757, "GENRE_TXT": "b\u00e2timent"}}, {"type": "Feature", "id": 46290768, "geometry": {"type": "Polygon", "coordinates": [[[2530556.635, 1175804.889], [2530558.855, 1175815.259], [2530554.455, 1175816.189], [2530552.235, 1175805.829], [2530556.635, 1175804.889]]]}, "properties": {"OBJECTID": 46290768, "EGID": 280021425, "NO_COM_FED": 5757, "GENRE_TXT": "b\u00e2timent"}}, {"type": "Feature", "id": 46291115, "geometry": {"type": "Polygon", "coordinates": [[[2531581.968, 1175295.372], [2531584.616, 1175294.8530000001], [2531585.658, 1175300.162], [2531583.008, 1175300.678], [2531581.968, 1175295.372]]]}, "properties": {"OBJECTID": 46291115, "EGID": 280116148, "NO_COM_FED": 5757, "GENRE_TXT": "b\u00e2timent"}}, {"type": "Feature", "id": 46291266, "geometry": {"type": "Polygon", "coordinates": [[[2530778.325, 1174981.003], [2530764.845, 1174988.574], [2530761.755, 1174983.044], [2530774.855, 1174975.023], [2530778.325, 1174981.003]]]}, "properties": {"OBJECTID": 46291266, "EGID": 818652, "NO_COM_FED": 5757, "GENRE_TXT": "b\u00e2timent"}}, {"type": "Feature", "id": 46291482, "geometry": {"type": "Polygon", "coordinates": [[[2530863.007, 1175834.67], [2530863.001, 1175834.851], [2530856.997, 1175834.682], [2530857.1689999998, 1175828.686], [2530863.1859999998, 1175828.825], [2530863.18, 1175829.025], [2530863.007, 1175834.67]]]}, "properties": {"OBJECTID": 46291482, "EGID": 280069650, "NO_COM_FED": 5757, "GENRE_TXT": "b\u00e2timent"}}, {"type": "Feature", "id": 46291494, "geometry": {"type": "Polygon", "coordinates": [[[2530706.616, 1175066.115], [2530721.646, 1175059.825], [2530723.726, 1175066.475], [2530710.826, 1175072.245], [2530706.616, 1175066.115]]]}, "properties": {"OBJECTID": 46291494, "EGID": 818643, "NO_COM_FED": 5757, "GENRE_TXT": "b\u00e2timent"}}, {"type": "Feature", "id": 46291933, "geometry": {"type": "Polygon", "coordinates": [[[2530911.914, 1175654.7280000001], [2530920.394, 1175653.708], [2530920.8140000002, 1175657.208], [2530920.884, 1175657.198], [2530921.914, 1175665.668], [2530913.244, 1175666.688], [2530912.234, 1175658.238], [2530912.334, 1175658.2280000001], [2530911.914, 1175654.7280000001]]]}, "properties": {"OBJECTID": 46291933, "EGID": 3163962, "NO_COM_FED": 5757, "GENRE_TXT": "b\u00e2timent"}}, {"type": "Feature", "id": 46292146, "geometry": {"type": "Polygon", "coordinates": [[[2530679.648, 1175213.926], [2530691.058, 1175213.216], [2530691.078, 1175219.196], [2530677.618, 1175219.726], [2530677.428, 1175217.506], [2530676.058, 1175217.736], [2530675.128, 1175217.886], [2530674.828, 1175214.166], [2530679.648, 1175213.926]]]}, "properties": {"OBJECTID": 46292146, "EGID": 818547, "NO_COM_FED": 5757, "GENRE_TXT": "b\u00e2timent"}}, {"type": "Feature", "id": 46292207, "geometry": {"type": "Polygon", "coordinates": [[[2530931.485, 1175776.916], [2530930.585, 1175773.737], [2530941.565, 1175770.637], [2530943.725, 1175778.1570000001], [2530932.715, 1175781.257], [2530931.485, 1175776.916]]]}, "properties": {"OBJECTID": 46292207, "EGID": 818366, "NO_COM_FED": 5757, "GENRE_TXT": "b\u00e2timent"}}, {"type": "Feature", "id": 46292303, "geometry": {"type": "Polygon", "coordinates": [[[2530794.332, 1176083.149], [2530792.923, 1176078.93], [2530793.529, 1176078.727], [2530792.234, 1176074.849], [2530805.359, 1176070.401], [2530805.493, 1176070.778], [2530811.117, 1176068.871], [2530810.988, 1176068.492], [2530820.442, 1176065.287], [2530821.769, 1176069.11], [2530822.362, 1176068.919], [2530823.797, 1176073.154], [2530794.332, 1176083.149]]]}, "properties": {"OBJECTID": 46292303, "EGID": 280138000, "NO_COM_FED": 5757, "GENRE_TXT": "b\u00e2timent"}}, {"type": "Feature", "id": 46292321, "geometry": {"type": "Polygon", "coordinates": [[[2530692.833, 1176382.041], [2530688.638, 1176381.626], [2530689.278, 1176374.999], [2530693.473, 1176375.408], [2530692.833, 1176382.041]]]}, "properties": {"OBJECTID": 46292321, "EGID": 280125598, "NO_COM_FED": 5757, "GENRE_TXT": "b\u00e2timent"}}, {"type": "Feature", "id": 46292446, "geometry": {"type": "Polygon", "coordinates": [[[2530613.059, 1176182.039], [2530613.309, 1176186.519], [2530612.709, 1176186.559], [2530612.969, 1176191.499], [2530613.349, 1176198.939], [2530609.179, 1176203.6], [2530608.729, 1176203.2], [2530604.499, 1176207.94], [2530603.899, 1176207.41], [2530599.229, 1176212.76], [2530599.829, 1176213.28], [2530595.549, 1176217.99], [2530595.989, 1176218.39], [2530591.889, 1176222.96], [2530584.209, 1176223.37], [2530579.349, 1176223.631], [2530579.389, 1176224.231], [2530579.249, 1176224.241], [2530576.235, 1176224.413], [2530575.229, 1176224.471], [2530574.959, 1176224.481], [2530574.6890000002, 1176220.651], [2530574.079, 1176220.691], [2530573.359, 1176207.571], [2530578.319, 1176207.36], [2530578.329, 1176207.66], [2530581.759, 1176207.41], [2530581.749, 1176207.12], [2530584.139, 1176206.99], [2530584.589, 1176207.38], [2530588.869, 1176202.62], [2530592.819, 1176198.22], [2530597.049, 1176193.52], [2530596.619, 1176193.14], [2530596.499, 1176190.74], [2530596.789, 1176190.72], [2530596.609, 1176187.29], [2530596.309, 1176187.3], [2530596.049, 1176182.35], [2530609.159, 1176181.649], [2530609.199, 1176182.239], [2530613.059, 1176182.039]]]}, "properties": {"OBJECTID": 46292446, "EGID": 818067, "NO_COM_FED": 5757, "GENRE_TXT": "b\u00e2timent"}}, {"type": "Feature", "id": 46292551, "geometry": {"type": "Polygon", "coordinates": [[[2530984.971, 1175043.97], [2530990.074, 1175047.802], [2530986.162, 1175053.013], [2530981.063, 1175049.214], [2530984.971, 1175043.97]]]}, "properties": {"OBJECTID": 46292551, "EGID": 280025560, "NO_COM_FED": 5757, "GENRE_TXT": "b\u00e2timent"}}, {"type": "Feature", "id": 46292577, "geometry": {"type": "Polygon", "coordinates": [[[2530573.112, 1174609.49], [2530569.605, 1174616.289], [2530559.64, 1174611.1570000001], [2530561.381, 1174607.747], [2530561.826, 1174607.977], [2530563.576, 1174604.584], [2530573.112, 1174609.49]]]}, "properties": {"OBJECTID": 46292577, "EGID": 3163891, "NO_COM_FED": 5757, "GENRE_TXT": "b\u00e2timent"}}, {"type": "Feature", "id": 46292618, "geometry": {"type": "Polygon", "coordinates": [[[2531659.397, 1176422.412], [2531659.4395677424, 1176421.897336279], [2531659.566274208, 1176421.3967004535], [2531659.7736624735, 1176420.923751338], [2531660.0560743776, 1176420.4913923726], [2531660.4058048944, 1176420.1114195788], [2531660.8133123494, 1176419.79419973], [2531661.267478743, 1176419.5483875142], [2531661.755913083, 1176419.3806894107], [2531662.265289447, 1176419.2956807155], [2531662.7817105525, 1176419.2956807155], [2531663.2910869163, 1176419.3806894107], [2531663.779521256, 1176419.5483875142], [2531664.23368765, 1176419.79419973], [2531664.641195105, 1176420.1114195788], [2531664.9909256217, 1176420.4913923726], [2531665.273337526, 1176420.923751338], [2531665.4807257913, 1176421.3967004535], [2531665.607432257, 1176421.897336279], [2531665.65, 1176422.412], [2531665.602424271, 1176422.9548487214], [2531665.461315986, 1176423.4811914198], [2531665.2309617773, 1176423.9750386865], [2531664.9183594203, 1176424.4213882699], [2531664.53300525, 1176424.806680818], [2531664.08660568, 1176425.1192117895], [2531663.5927215805, 1176425.3494870171], [2531663.0663563227, 1176425.4905111261], [2531662.5234999997, 1176425.5380000405], [2531661.9806436766, 1176425.4905111261], [2531661.454278419, 1176425.3494870171], [2531660.960394319, 1176425.1192117895], [2531660.513994749, 1176424.806680818], [2531660.128640579, 1176424.4213882699], [2531659.816038222, 1176423.9750386865], [2531659.5856840136, 1176423.4811914198], [2531659.4445757284, 1176422.9548487214], [2531659.397, 1176422.412]]]}, "properties": {"OBJECTID": 46292618, "EGID": 280132729, "NO_COM_FED": 5757, "GENRE_TXT": "b\u00e2timent"}}, {"type": "Feature", "id": 46292725, "geometry": {"type": "Polygon", "coordinates": [[[2529842.553, 1175728.969], [2529853.293, 1175731.769], [2529850.573, 1175742.399], [2529839.803, 1175739.639], [2529841.683, 1175732.359], [2529842.553, 1175728.969]]]}, "properties": {"OBJECTID": 46292725, "EGID": 3163899, "NO_COM_FED": 5757, "GENRE_TXT": "b\u00e2timent"}}, {"type": "Feature", "id": 46293037, "geometry": {"type": "Polygon", "coordinates": [[[2530782.997, 1175523.997], [2530783.882, 1175530.942], [2530773.952, 1175532.183], [2530773.067, 1175525.243], [2530782.997, 1175523.997]]]}, "properties": {"OBJECTID": 46293037, "EGID": 3163878, "NO_COM_FED": 5757, "GENRE_TXT": "b\u00e2timent"}}, {"type": "Feature", "id": 46293104, "geometry": {"type": "Polygon", "coordinates": [[[2530449.372, 1175576.333], [2530448.712, 1175569.823], [2530447.252, 1175569.983], [2530446.451, 1175562.473], [2530456.662, 1175561.383], [2530457.122, 1175565.5929999999], [2530459.612, 1175568.143], [2530457.722, 1175571.153], [2530458.172, 1175575.383], [2530449.372, 1175576.333]]]}, "properties": {"OBJECTID": 46293104, "EGID": 190098181, "NO_COM_FED": 5757, "GENRE_TXT": "b\u00e2timent"}}, {"type": "Feature", "id": 46293115, "geometry": {"type": "Polygon", "coordinates": [[[2530692.733, 1175887.924], [2530690.82, 1175897.7719999999], [2530684.741, 1175896.669], [2530686.6689999998, 1175885.309], [2530692.996, 1175886.4070000001], [2530692.733, 1175887.924]]]}, "properties": {"OBJECTID": 46293115, "EGID": 280062318, "NO_COM_FED": 5757, "GENRE_TXT": "b\u00e2timent"}}, {"type": "Feature", "id": 46293203, "geometry": {"type": "Polygon", "coordinates": [[[2530882.336, 1176290.754], [2530880.7, 1176284.523], [2530884.58, 1176283.503], [2530888.1, 1176282.573], [2530890.87, 1176281.8429999999], [2530891.94, 1176285.913], [2530892.074915114, 1176285.922135792], [2530892.2065643356, 1176285.9530232202], [2530892.3314644843, 1176286.0048450644], [2530892.446310948, 1176286.0762302198], [2530892.548065115, 1176286.1652899762], [2530892.6340347705, 1176286.2696679868], [2530892.7019453254, 1176286.386602615], [2530892.75, 1176286.513], [2530892.778107969, 1176286.6533575987], [2530892.781604215, 1176286.7964592746], [2530892.7603840963, 1176286.9380220522], [2530892.715082723, 1176287.0738090142], [2530892.647055947, 1176287.1997561108], [2530892.558339783, 1176287.3120937964], [2530892.451589469, 1176287.4074598486], [2530892.33, 1176287.483], [2530892.89, 1176289.5929999999], [2530890.53, 1176290.213], [2530889.89, 1176291.313], [2530888.83, 1176290.653], [2530882.73, 1176292.253], [2530882.336, 1176290.754]]]}, "properties": {"OBJECTID": 46293203, "EGID": 818146, "NO_COM_FED": 5757, "GENRE_TXT": "b\u00e2timent"}}, {"type": "Feature", "id": 46293207, "geometry": {"type": "Polygon", "coordinates": [[[2530647.309, 1175317.985], [2530646.94, 1175318.063], [2530646.663, 1175316.733], [2530641.353, 1175317.898], [2530640.977, 1175318.179], [2530635.042, 1175319.906], [2530633.779, 1175314.437], [2530640.1890000002, 1175312.417], [2530640.279, 1175312.687], [2530652.659, 1175308.747], [2530654.929, 1175316.297], [2530647.309, 1175317.985]]]}, "properties": {"OBJECTID": 46293207, "EGID": 280065286, "NO_COM_FED": 5757, "GENRE_TXT": "b\u00e2timent"}}, {"type": "Feature", "id": 46293212, "geometry": {"type": "Polygon", "coordinates": [[[2530450.627, 1176021.0320000001], [2530446.837, 1176030.513], [2530436.054, 1176026.244], [2530427.867, 1176023.003], [2530431.597, 1176013.483], [2530450.627, 1176021.0320000001]]]}, "properties": {"OBJECTID": 46293212, "EGID": 818072, "NO_COM_FED": 5757, "GENRE_TXT": "b\u00e2timent"}}, {"type": "Feature", "id": 46293351, "geometry": {"type": "Polygon", "coordinates": [[[2530605.452, 1176423.502], [2530597.948, 1176421.363], [2530598.713, 1176418.6570000001], [2530598.7939999998, 1176418.369], [2530606.302, 1176420.52], [2530605.452, 1176423.502]]]}, "properties": {"OBJECTID": 46293351, "EGID": 280090871, "NO_COM_FED": 5757, "GENRE_TXT": "b\u00e2timent"}}, {"type": "Feature", "id": 46293494, "geometry": {"type": "Polygon", "coordinates": [[[2530370.774, 1174400.939], [2530374.668, 1174399.766], [2530375.498, 1174402.711], [2530371.611, 1174403.871], [2530370.774, 1174400.939]]]}, "properties": {"OBJECTID": 46293494, "EGID": 280072162, "NO_COM_FED": 5757, "GENRE_TXT": "b\u00e2timent"}}, {"type": "Feature", "id": 46293505, "geometry": {"type": "Polygon", "coordinates": [[[2530808.652, 1175558.151], [2530806.462, 1175558.362], [2530806.242, 1175555.752], [2530819.702, 1175552.231], [2530820.302, 1175553.951], [2530815.002, 1175556.491], [2530808.652, 1175558.151]]]}, "properties": {"OBJECTID": 46293505, "EGID": 280026961, "NO_COM_FED": 5757, "GENRE_TXT": "b\u00e2timent"}}, {"type": "Feature", "id": 46293509, "geometry": {"type": "Polygon", "coordinates": [[[2531098.741, 1176309.427], [2531093.271, 1176309.887], [2531093.031, 1176307.057], [2531098.501, 1176306.597], [2531098.741, 1176309.427]]]}, "properties": {"OBJECTID": 46293509, "EGID": 280047249, "NO_COM_FED": 5757, "GENRE_TXT": "b\u00e2timent"}}, {"type": "Feature", "id": 46293588, "geometry": {"type": "Polygon", "coordinates": [[[2530761.534, 1174890.704], [2530762.704, 1174890.624], [2530762.944, 1174893.984], [2530768.014, 1174891.544], [2530768.964, 1174894.054], [2530761.244, 1174898.024], [2530761.304, 1174896.324], [2530761.534, 1174890.704]]]}, "properties": {"OBJECTID": 46293588, "EGID": 280035337, "NO_COM_FED": 5757, "GENRE_TXT": "b\u00e2timent"}}, {"type": "Feature", "id": 46293632, "geometry": {"type": "Polygon", "coordinates": [[[2530967.609, 1176163.329], [2530973.399, 1176162.069], [2530973.999, 1176164.869], [2530968.209, 1176166.119], [2530967.609, 1176163.329]]]}, "properties": {"OBJECTID": 46293632, "EGID": 280043634, "NO_COM_FED": 5757, "GENRE_TXT": "b\u00e2timent"}}, {"type": "Feature", "id": 46293741, "geometry": {"type": "Polygon", "coordinates": [[[2530247.306, 1176022.459], [2530228.289, 1176025.246], [2530226.191, 1176010.971], [2530243.221, 1176008.471], [2530245.212, 1176008.179], [2530247.306, 1176022.459]]]}, "properties": {"OBJECTID": 46293741, "EGID": 190087486, "NO_COM_FED": 5757, "GENRE_TXT": "b\u00e2timent"}}, {"type": "Feature", "id": 46293940, "geometry": {"type": "Polygon", "coordinates": [[[2530951.624, 1174750.445], [2530949.557, 1174750.39], [2530949.613, 1174747.658], [2530951.646, 1174747.741], [2530951.624, 1174750.445]]]}, "properties": {"OBJECTID": 46293940, "EGID": 280130682, "NO_COM_FED": 5757, "GENRE_TXT": "b\u00e2timent"}}, {"type": "Feature", "id": 46293972, "geometry": {"type": "Polygon", "coordinates": [[[2530032.062, 1175675.998], [2530032.002, 1175675.508], [2530031.682, 1175671.578], [2530040.992, 1175671.098], [2530040.822, 1175675.4780000001], [2530032.062, 1175675.998]]]}, "properties": {"OBJECTID": 46293972, "EGID": 280024624, "NO_COM_FED": 5757, "GENRE_TXT": "b\u00e2timent"}}, {"type": "Feature", "id": 46293987, "geometry": {"type": "Polygon", "coordinates": [[[2530597.847, 1174395.137], [2530601.139, 1174390.011], [2530606.3310000002, 1174393.399], [2530603.032, 1174398.482], [2530597.847, 1174395.137]]]}, "properties": {"OBJECTID": 46293987, "EGID": 280069174, "NO_COM_FED": 5757, "GENRE_TXT": "b\u00e2timent"}}, {"type": "Feature", "id": 46294097, "geometry": {"type": "Polygon", "coordinates": [[[2530854.149, 1175278.56], [2530856.019, 1175283.28], [2530854.559, 1175283.82], [2530856.519, 1175288.73], [2530849.449, 1175291.581], [2530848.489, 1175289.161], [2530847.519, 1175289.551], [2530846.819, 1175287.761], [2530847.779, 1175287.391], [2530845.659, 1175281.931], [2530854.149, 1175278.56]]]}, "properties": {"OBJECTID": 46294097, "EGID": 818415, "NO_COM_FED": 5757, "GENRE_TXT": "b\u00e2timent"}}, {"type": "Feature", "id": 46294383, "geometry": {"type": "Polygon", "coordinates": [[[2530895.984, 1176105.883], [2530895.613, 1176103.931], [2530901.204, 1176102.889], [2530901.552, 1176104.935], [2530895.984, 1176105.883]]]}, "properties": {"OBJECTID": 46294383, "EGID": 280131903, "NO_COM_FED": 5757, "GENRE_TXT": "b\u00e2timent"}}, {"type": "Feature", "id": 46294423, "geometry": {"type": "Polygon", "coordinates": [[[2531097.781, 1176298.107], [2531098.021, 1176300.937], [2531092.551, 1176301.387], [2531092.3109999998, 1176298.557], [2531097.781, 1176298.107]]]}, "properties": {"OBJECTID": 46294423, "EGID": 280047254, "NO_COM_FED": 5757, "GENRE_TXT": "b\u00e2timent"}}, {"type": "Feature", "id": 46294745, "geometry": {"type": "Polygon", "coordinates": [[[2530730.5439999998, 1174879.015], [2530729.224, 1174879.075], [2530728.824, 1174877.245], [2530732.484, 1174876.475], [2530732.934, 1174878.645], [2530730.5439999998, 1174879.015]]]}, "properties": {"OBJECTID": 46294745, "EGID": 280123760, "NO_COM_FED": 5757, "GENRE_TXT": "b\u00e2timent"}}, {"type": "Feature", "id": 46294778, "geometry": {"type": "Polygon", "coordinates": [[[2530710.878, 1174606.136], [2530708.678, 1174605.141], [2530712.584, 1174596.734], [2530720.824, 1174600.552], [2530720.988, 1174600.628], [2530719.241, 1174604.358], [2530721.127, 1174605.249], [2530718.955, 1174609.791], [2530710.878, 1174606.136]]]}, "properties": {"OBJECTID": 46294778, "EGID": 818758, "NO_COM_FED": 5757, "GENRE_TXT": "b\u00e2timent"}}, {"type": "Feature", "id": 46294804, "geometry": {"type": "Polygon", "coordinates": [[[2530703.824, 1175713.615], [2530710.204, 1175712.914], [2530711.114, 1175719.084], [2530704.804, 1175720.185], [2530703.824, 1175713.615]]]}, "properties": {"OBJECTID": 46294804, "EGID": 280024578, "NO_COM_FED": 5757, "GENRE_TXT": "b\u00e2timent"}}, {"type": "Feature", "id": 46294931, "geometry": {"type": "Polygon", "coordinates": [[[2530929.309, 1176175.61], [2530933.349, 1176175.44], [2530933.589, 1176183.13], [2530929.139, 1176183.321], [2530925.149, 1176183.491], [2530924.829, 1176175.781], [2530929.309, 1176175.61]]]}, "properties": {"OBJECTID": 46294931, "EGID": 818270, "NO_COM_FED": 5757, "GENRE_TXT": "b\u00e2timent"}}, {"type": "Feature", "id": 46295220, "geometry": {"type": "Polygon", "coordinates": [[[2530877.868, 1176077.691], [2530880.578, 1176077.121], [2530880.928, 1176078.681], [2530878.218, 1176079.241], [2530877.868, 1176077.691]]]}, "properties": {"OBJECTID": 46295220, "EGID": 280130401, "NO_COM_FED": 5757, "GENRE_TXT": "b\u00e2timent"}}, {"type": "Feature", "id": 46295482, "geometry": {"type": "Polygon", "coordinates": [[[2530196.997, 1175694.259], [2530203.173, 1175696.26], [2530199.763, 1175706.704], [2530193.608, 1175704.704], [2530196.997, 1175694.259]]]}, "properties": {"OBJECTID": 46295482, "EGID": 280059341, "NO_COM_FED": 5757, "GENRE_TXT": "b\u00e2timent"}}, {"type": "Feature", "id": 46295500, "geometry": {"type": "Polygon", "coordinates": [[[2530119.677, 1175741.433], [2530120.074, 1175741.564], [2530115.619, 1175755.323], [2530107.861, 1175752.829], [2530109.07, 1175749.019], [2530109.26, 1175749.081], [2530111.925, 1175740.988], [2530112.116, 1175741.047], [2530113.6890000002, 1175741.537], [2530114.291, 1175739.656], [2530119.677, 1175741.433]]]}, "properties": {"OBJECTID": 46295500, "EGID": 280102183, "NO_COM_FED": 5757, "GENRE_TXT": "b\u00e2timent"}}, {"type": "Feature", "id": 46295522, "geometry": {"type": "Polygon", "coordinates": [[[2530812.09, 1176132.225], [2530810.589, 1176127.443], [2530838.948, 1176118.462], [2530840.448, 1176123.2280000001], [2530840.739, 1176124.152], [2530812.369, 1176133.113], [2530812.09, 1176132.225]]]}, "properties": {"OBJECTID": 46295522, "EGID": 280008482, "NO_COM_FED": 5757, "GENRE_TXT": "b\u00e2timent"}}, {"type": "Feature", "id": 46295759, "geometry": {"type": "Polygon", "coordinates": [[[2531071.806, 1174944.484], [2531083.416, 1174950.483], [2531081.416, 1174954.273], [2531089.526, 1174958.443], [2531086.1859999998, 1174965.033], [2531082.7060000002, 1174963.483], [2531082.106, 1174964.673], [2531077.356, 1174962.294], [2531076.076, 1174964.844], [2531066.566, 1174959.954], [2531065.786, 1174961.424], [2531055.626, 1174956.194], [2531052.4359999998, 1174954.044], [2531054.856, 1174948.944], [2531066.496, 1174954.884], [2531071.806, 1174944.484]]]}, "properties": {"OBJECTID": 46295759, "EGID": 818710, "NO_COM_FED": 5757, "GENRE_TXT": "b\u00e2timent"}}, {"type": "Feature", "id": 46295956, "geometry": {"type": "Polygon", "coordinates": [[[2530191.941, 1174954.64], [2530191.894, 1174955.934], [2530192.887, 1174955.97], [2530192.847, 1174957.063], [2530191.541, 1174957.02], [2530191.514, 1174957.858], [2530188.962, 1174957.774], [2530188.99, 1174956.917], [2530188.801, 1174956.911], [2530188.935, 1174952.804], [2530193.005, 1174953.001], [2530192.944, 1174954.676], [2530191.941, 1174954.64]]]}, "properties": {"OBJECTID": 46295956, "EGID": 280071602, "NO_COM_FED": 5757, "GENRE_TXT": "b\u00e2timent"}}, {"type": "Feature", "id": 46295990, "geometry": {"type": "Polygon", "coordinates": [[[2530733.929, 1175632.266], [2530733.887, 1175632.175], [2530742.378, 1175629.631], [2530755.024, 1175657.127], [2530756.783, 1175656.319], [2530755.801, 1175654.181], [2530761.8, 1175651.46], [2530766.446, 1175661.507], [2530760.4390000002, 1175664.259], [2530759.372, 1175661.917], [2530757.598, 1175662.726], [2530758.552, 1175664.821], [2530753.447, 1175667.121], [2530747.507, 1175669.797], [2530749.89, 1175678.863], [2530741.308, 1175683.424], [2530739.773, 1175677.538], [2530740.284, 1175677.408], [2530739.375, 1175673.805], [2530738.864, 1175673.918], [2530737.891, 1175670.067], [2530738.435, 1175669.922], [2530737.763, 1175667.19], [2530737.222, 1175667.3429999999], [2530736.218, 1175663.467], [2530736.779, 1175663.307], [2530736.096, 1175660.571], [2530735.548, 1175660.698], [2530734.575, 1175656.846], [2530735.125, 1175656.709], [2530733.67, 1175650.851], [2530733.095, 1175650.984], [2530732.156, 1175647.158], [2530739.923, 1175645.219], [2530737.858, 1175640.757], [2530733.929, 1175632.266]]]}, "properties": {"OBJECTID": 46295990, "EGID": 190086331, "NO_COM_FED": 5757, "GENRE_TXT": "b\u00e2timent"}}, {"type": "Feature", "id": 46296000, "geometry": {"type": "Polygon", "coordinates": [[[2531273.466, 1174788.344], [2531274.406, 1174792.274], [2531274.463, 1174792.521], [2531278.49, 1174791.598], [2531279.576, 1174796.338], [2531272.139, 1174798.042], [2531271.004, 1174793.087], [2531267.336, 1174793.964], [2531266.356, 1174789.994], [2531273.466, 1174788.344]]]}, "properties": {"OBJECTID": 46296000, "EGID": 280032943, "NO_COM_FED": 5757, "GENRE_TXT": "b\u00e2timent"}}, {"type": "Feature", "id": 46296011, "geometry": {"type": "Polygon", "coordinates": [[[2531419.607, 1174808.752], [2531419.627, 1174807.432], [2531396.857, 1174807.002], [2531396.827, 1174801.552], [2531397.167, 1174801.552], [2531397.127, 1174799.622], [2531400.737, 1174799.652], [2531400.707, 1174801.592], [2531430.577, 1174801.992], [2531430.637, 1174807.472], [2531421.867, 1174807.402], [2531421.807, 1174808.792], [2531419.607, 1174808.752]]]}, "properties": {"OBJECTID": 46296011, "EGID": 280007633, "NO_COM_FED": 5757, "GENRE_TXT": "b\u00e2timent"}}, {"type": "Feature", "id": 46296035, "geometry": {"type": "Polygon", "coordinates": [[[2530418.478, 1174498.312], [2530423.909, 1174497.123], [2530426.287, 1174507.913], [2530423.6, 1174508.491], [2530423.892, 1174509.851], [2530421.152, 1174510.44], [2530418.478, 1174498.312]]]}, "properties": {"OBJECTID": 46296035, "EGID": 818843, "NO_COM_FED": 5757, "GENRE_TXT": "b\u00e2timent"}}, {"type": "Feature", "id": 46296177, "geometry": {"type": "Polygon", "coordinates": [[[2530971.589, 1176153.679], [2530972.1890000002, 1176156.479], [2530966.409, 1176157.729], [2530965.799, 1176154.929], [2530971.589, 1176153.679]]]}, "properties": {"OBJECTID": 46296177, "EGID": 280043507, "NO_COM_FED": 5757, "GENRE_TXT": "b\u00e2timent"}}, {"type": "Feature", "id": 46296525, "geometry": {"type": "Polygon", "coordinates": [[[2530844.365, 1176628.561], [2530835.2939999998, 1176628.056], [2530835.664, 1176621.066], [2530844.739, 1176621.571], [2530844.365, 1176628.561]]]}, "properties": {"OBJECTID": 46296525, "EGID": 280093017, "NO_COM_FED": 5757, "GENRE_TXT": "b\u00e2timent"}}, {"type": "Feature", "id": 46296632, "geometry": {"type": "Polygon", "coordinates": [[[2530754.978, 1174683.355], [2530759.459, 1174678.447], [2530760.341, 1174679.213], [2530761.606, 1174680.453], [2530766.736, 1174684.577], [2530762.002, 1174689.759], [2530754.978, 1174683.355]]]}, "properties": {"OBJECTID": 46296632, "EGID": 280062850, "NO_COM_FED": 5757, "GENRE_TXT": "b\u00e2timent"}}, {"type": "Feature", "id": 46296650, "geometry": {"type": "Polygon", "coordinates": [[[2530671.452, 1174707.877], [2530670.952, 1174708.637], [2530672.752, 1174709.857], [2530670.892, 1174712.6469999999], [2530669.072, 1174711.437], [2530666.792, 1174714.807], [2530665.042, 1174713.607], [2530664.202, 1174713.667], [2530659.492, 1174710.427], [2530659.282, 1174709.697], [2530657.492, 1174708.487], [2530662.112, 1174701.607], [2530671.452, 1174707.877]]]}, "properties": {"OBJECTID": 46296650, "EGID": 818748, "NO_COM_FED": 5757, "GENRE_TXT": "b\u00e2timent"}}, {"type": "Feature", "id": 46297155, "geometry": {"type": "Polygon", "coordinates": [[[2530589.079, 1175335.339], [2530588.699, 1175332.889], [2530594.9189999998, 1175331.959], [2530595.329, 1175334.399], [2530596.559, 1175342.439], [2530593.499, 1175342.909], [2530594.779, 1175351.269], [2530582.359, 1175353.149], [2530579.859, 1175336.749], [2530589.079, 1175335.339]]]}, "properties": {"OBJECTID": 46297155, "EGID": 9046691, "NO_COM_FED": 5757, "GENRE_TXT": "b\u00e2timent"}}, {"type": "Feature", "id": 46297215, "geometry": {"type": "Polygon", "coordinates": [[[2530677.244, 1175481.931], [2530677.222, 1175481.53], [2530678.204, 1175481.466], [2530678.008, 1175477.758], [2530677.001, 1175477.811], [2530676.709, 1175472.7280000001], [2530677.712, 1175472.664], [2530677.435, 1175467.796], [2530676.44, 1175467.8530000001], [2530676.425, 1175467.448], [2530689.427, 1175466.72], [2530690.232, 1175481.201], [2530677.244, 1175481.931]]]}, "properties": {"OBJECTID": 46297215, "EGID": 280103942, "NO_COM_FED": 5757, "GENRE_TXT": "b\u00e2timent"}}, {"type": "Feature", "id": 46297367, "geometry": {"type": "Polygon", "coordinates": [[[2530229.758, 1174402.579], [2530242.075, 1174398.881], [2530243.579, 1174403.929], [2530247.739, 1174402.689], [2530248.577, 1174403.14], [2530249.492, 1174406.23], [2530249.056, 1174407.052], [2530244.879, 1174408.292], [2530245.275, 1174409.656], [2530239.904, 1174411.253], [2530232.993, 1174413.324], [2530232.596, 1174412.109], [2530229.758, 1174402.579]]]}, "properties": {"OBJECTID": 46297367, "EGID": 280057025, "NO_COM_FED": 5757, "GENRE_TXT": "b\u00e2timent"}}, {"type": "Feature", "id": 46297548, "geometry": {"type": "Polygon", "coordinates": [[[2530885.999, 1176186.352], [2530886.719, 1176189.2719999999], [2530880.929, 1176190.702], [2530880.209, 1176187.7820000001], [2530885.999, 1176186.352]]]}, "properties": {"OBJECTID": 46297548, "EGID": 280044689, "NO_COM_FED": 5757, "GENRE_TXT": "b\u00e2timent"}}, {"type": "Feature", "id": 46297603, "geometry": {"type": "Polygon", "coordinates": [[[2530866.81, 1174466.894], [2530867.815, 1174464.916], [2530871.162, 1174466.589], [2530870.094, 1174468.691], [2530866.74, 1174467.014], [2530866.81, 1174466.894]]]}, "properties": {"OBJECTID": 46297603, "EGID": 280123945, "NO_COM_FED": 5757, "GENRE_TXT": "b\u00e2timent"}}, {"type": "Feature", "id": 46297623, "geometry": {"type": "Polygon", "coordinates": [[[2530754.243, 1174489.294], [2530753.665, 1174492.164], [2530751.614, 1174491.751], [2530752.192, 1174488.881], [2530754.243, 1174489.294]]]}, "properties": {"OBJECTID": 46297623, "EGID": 280114732, "NO_COM_FED": 5757, "GENRE_TXT": "b\u00e2timent"}}, {"type": "Feature", "id": 46297776, "geometry": {"type": "Polygon", "coordinates": [[[2530876.341, 1176335.713], [2530876.641, 1176337.193], [2530875.101, 1176337.514], [2530874.791, 1176336.013], [2530869.941, 1176337.014], [2530868.281, 1176328.924], [2530871.781, 1176328.224], [2530871.521, 1176326.953], [2530875.5609999998, 1176326.0929999999], [2530875.8310000002, 1176327.383], [2530879.401, 1176326.653], [2530881.0810000002, 1176334.743], [2530876.341, 1176335.713]]]}, "properties": {"OBJECTID": 46297776, "EGID": 818185, "NO_COM_FED": 5757, "GENRE_TXT": "b\u00e2timent"}}, {"type": "Feature", "id": 46297810, "geometry": {"type": "Polygon", "coordinates": [[[2530255.285, 1175885.579], [2530256.825, 1175880.069], [2530262.335, 1175881.599], [2530260.805, 1175887.099], [2530255.285, 1175885.579]]]}, "properties": {"OBJECTID": 46297810, "EGID": 280030997, "NO_COM_FED": 5757, "GENRE_TXT": "b\u00e2timent"}}, {"type": "Feature", "id": 46297868, "geometry": {"type": "Polygon", "coordinates": [[[2530578.363, 1174534.949], [2530569.769, 1174543.301], [2530563.498, 1174536.848], [2530568.547, 1174531.92], [2530567.862, 1174531.2179999999], [2530568.914, 1174530.193], [2530569.605, 1174530.902], [2530572.089, 1174528.483], [2530578.363, 1174534.949]]]}, "properties": {"OBJECTID": 46297868, "EGID": 818774, "NO_COM_FED": 5757, "GENRE_TXT": "b\u00e2timent"}}, {"type": "Feature", "id": 46297915, "geometry": {"type": "Polygon", "coordinates": [[[2530768.905, 1175820.052], [2530783.695, 1175831.342], [2530779.136, 1175837.332], [2530780.046, 1175838.0320000001], [2530778.776, 1175839.702], [2530777.856, 1175839.002], [2530777.369, 1175839.633], [2530770.205, 1175834.162], [2530767.313, 1175831.953], [2530762.585, 1175828.3429999999], [2530768.905, 1175820.052]]]}, "properties": {"OBJECTID": 46297915, "EGID": 280006494, "NO_COM_FED": 5757, "GENRE_TXT": "b\u00e2timent"}}, {"type": "Feature", "id": 46297919, "geometry": {"type": "Polygon", "coordinates": [[[2530516.538, 1175175.223], [2530516.546, 1175178.363], [2530514.303, 1175178.368], [2530514.287, 1175175.235], [2530516.538, 1175175.223]]]}, "properties": {"OBJECTID": 46297919, "EGID": 280111306, "NO_COM_FED": 5757, "GENRE_TXT": "b\u00e2timent"}}, {"type": "Feature", "id": 46298072, "geometry": {"type": "Polygon", "coordinates": [[[2530824.786, 1175009.892], [2530820.826, 1175011.822], [2530816.859, 1175014.373], [2530812.056, 1175017.462], [2530800.4560000002, 1174999.252], [2530813.006, 1174991.912], [2530824.786, 1175009.892]]]}, "properties": {"OBJECTID": 46298072, "EGID": 818423, "NO_COM_FED": 5757, "GENRE_TXT": "b\u00e2timent"}}, {"type": "Feature", "id": 46298255, "geometry": {"type": "Polygon", "coordinates": [[[2530468.3140000002, 1174614.973], [2530466.242, 1174612.588], [2530472.324, 1174607.306], [2530478.926, 1174614.909], [2530472.843, 1174620.186], [2530468.3140000002, 1174614.973]]]}, "properties": {"OBJECTID": 46298255, "EGID": 818795, "NO_COM_FED": 5757, "GENRE_TXT": "b\u00e2timent"}}, {"type": "Feature", "id": 46298355, "geometry": {"type": "Polygon", "coordinates": [[[2530359.958, 1174834.129], [2530358.778, 1174835.737], [2530357.136, 1174834.529], [2530358.32, 1174832.916], [2530359.958, 1174834.129]]]}, "properties": {"OBJECTID": 46298355, "EGID": 280118485, "NO_COM_FED": 5757, "GENRE_TXT": "b\u00e2timent"}}, {"type": "Feature", "id": 46298553, "geometry": {"type": "Polygon", "coordinates": [[[2530940.106, 1175810.247], [2530943.086, 1175804.997], [2530945.536, 1175806.376], [2530948.326, 1175807.947], [2530945.396, 1175813.197], [2530940.106, 1175810.247]]]}, "properties": {"OBJECTID": 46298553, "EGID": 280028549, "NO_COM_FED": 5757, "GENRE_TXT": "b\u00e2timent"}}, {"type": "Feature", "id": 46298743, "geometry": {"type": "Polygon", "coordinates": [[[2531867.451, 1174883.386], [2531873.301, 1174907.685], [2531865.531, 1174909.565], [2531859.671, 1174885.256], [2531867.451, 1174883.386]]]}, "properties": {"OBJECTID": 46298743, "EGID": 280007353, "NO_COM_FED": 5757, "GENRE_TXT": "b\u00e2timent"}}, {"type": "Feature", "id": 46298778, "geometry": {"type": "Polygon", "coordinates": [[[2530736.975, 1174965.965], [2530746.405, 1174977.874], [2530742.905, 1174984.174], [2530731.315, 1174969.855], [2530736.705, 1174965.715], [2530736.975, 1174965.965]]]}, "properties": {"OBJECTID": 46298778, "EGID": 818694, "NO_COM_FED": 5757, "GENRE_TXT": "b\u00e2timent"}}, {"type": "Feature", "id": 46298796, "geometry": {"type": "Polygon", "coordinates": [[[2530758.6859999998, 1175043.604], [2530761.766, 1175047.954], [2530757.906, 1175052.214], [2530757.286, 1175052.834], [2530753.806, 1175047.024], [2530758.6859999998, 1175043.604]]]}, "properties": {"OBJECTID": 46298796, "EGID": 280026882, "NO_COM_FED": 5757, "GENRE_TXT": "b\u00e2timent"}}, {"type": "Feature", "id": 46298893, "geometry": {"type": "Polygon", "coordinates": [[[2531309.717, 1174880.932], [2531315.897, 1174893.141], [2531312.507, 1174894.911], [2531315.707, 1174900.521], [2531314.007, 1174906.231], [2531312.367, 1174911.611], [2531310.307, 1174922.961], [2531305.867, 1174925.371], [2531294.427, 1174904.061], [2531288.227, 1174891.912], [2531309.717, 1174880.932]]]}, "properties": {"OBJECTID": 46298893, "EGID": 280001908, "NO_COM_FED": 5757, "GENRE_TXT": "b\u00e2timent"}}, {"type": "Feature", "id": 46298919, "geometry": {"type": "Polygon", "coordinates": [[[2530509.779, 1174439.304], [2530510.989, 1174432.779], [2530515.911, 1174433.684], [2530521.025, 1174434.624], [2530519.759, 1174441.518], [2530518.973, 1174441.372], [2530509.779, 1174439.304]]]}, "properties": {"OBJECTID": 46298919, "EGID": 280091845, "NO_COM_FED": 5757, "GENRE_TXT": "b\u00e2timent"}}, {"type": "Feature", "id": 46298928, "geometry": {"type": "Polygon", "coordinates": [[[2531225.141, 1175394.068], [2531226.381, 1175393.598], [2531228.051, 1175397.398], [2531223.611, 1175399.358], [2531222.0609999998, 1175395.828], [2531221.861, 1175395.298], [2531225.141, 1175394.068]]]}, "properties": {"OBJECTID": 46298928, "EGID": 280040182, "NO_COM_FED": 5757, "GENRE_TXT": "b\u00e2timent"}}, {"type": "Feature", "id": 46299051, "geometry": {"type": "Polygon", "coordinates": [[[2530054.989, 1175794.702], [2530053.9560000002, 1175800.617], [2530048.038, 1175799.57], [2530049.071, 1175793.686], [2530054.989, 1175794.702]]]}, "properties": {"OBJECTID": 46299051, "EGID": 280086289, "NO_COM_FED": 5757, "GENRE_TXT": "b\u00e2timent"}}, {"type": "Feature", "id": 46299064, "geometry": {"type": "Polygon", "coordinates": [[[2531263.411, 1175063.061], [2531258.159, 1175058.144], [2531270.69, 1175044.914], [2531275.934, 1175049.856], [2531263.411, 1175063.061]]]}, "properties": {"OBJECTID": 46299064, "EGID": 280138160, "NO_COM_FED": 5757, "GENRE_TXT": "b\u00e2timent"}}, {"type": "Feature", "id": 46299204, "geometry": {"type": "Polygon", "coordinates": [[[2530947.623, 1176562.974], [2530948.123, 1176555.834], [2530947.023, 1176555.754], [2530947.493, 1176549.034], [2530948.603, 1176549.113], [2530948.633, 1176548.663], [2530957.353, 1176549.243], [2530957.053, 1176553.783], [2530958.743, 1176553.893], [2530958.103, 1176562.513], [2530955.213, 1176562.3429999999], [2530955.133, 1176563.493], [2530954.994, 1176563.483], [2530947.623, 1176562.974]]]}, "properties": {"OBJECTID": 46299204, "EGID": 818162, "NO_COM_FED": 5757, "GENRE_TXT": "b\u00e2timent"}}, {"type": "Feature", "id": 46299263, "geometry": {"type": "Polygon", "coordinates": [[[2530722.507, 1175100.865], [2530724.767, 1175095.845], [2530736.847, 1175102.844], [2530736.687, 1175103.074], [2530738.617, 1175104.354], [2530737.357, 1175106.294], [2530741.737, 1175109.294], [2530740.297, 1175111.404], [2530735.417, 1175108.604], [2530722.507, 1175100.865]]]}, "properties": {"OBJECTID": 46299263, "EGID": 818641, "NO_COM_FED": 5757, "GENRE_TXT": "b\u00e2timent"}}, {"type": "Feature", "id": 46299419, "geometry": {"type": "Polygon", "coordinates": [[[2532360.1, 1176277.405], [2532354.82, 1176285.495], [2532339.16, 1176274.815], [2532344.52, 1176266.774], [2532360.1, 1176277.405]]]}, "properties": {"OBJECTID": 46299419, "EGID": 280008132, "NO_COM_FED": 5757, "GENRE_TXT": "b\u00e2timent"}}, {"type": "Feature", "id": 46299548, "geometry": {"type": "Polygon", "coordinates": [[[2530936.264, 1175840.352], [2530936.366, 1175840.687], [2530930.9560000002, 1175842.297], [2530929.016, 1175835.757], [2530934.386, 1175834.167], [2530934.442, 1175834.351], [2530936.264, 1175840.352]]]}, "properties": {"OBJECTID": 46299548, "EGID": 280069257, "NO_COM_FED": 5757, "GENRE_TXT": "b\u00e2timent"}}, {"type": "Feature", "id": 46299828, "geometry": {"type": "Polygon", "coordinates": [[[2530076.123, 1175757.798], [2530075.013, 1175761.619], [2530078.863, 1175762.739], [2530078.004, 1175765.626], [2530077.723, 1175766.569], [2530073.883, 1175765.449], [2530073.833, 1175765.609], [2530064.093, 1175762.779], [2530066.373, 1175754.958], [2530076.123, 1175757.798]]]}, "properties": {"OBJECTID": 46299828, "EGID": 818113, "NO_COM_FED": 5757, "GENRE_TXT": "b\u00e2timent"}}, {"type": "Feature", "id": 46299854, "geometry": {"type": "Polygon", "coordinates": [[[2530559.494, 1175773.939], [2530560.534, 1175772.569], [2530563.664, 1175774.989], [2530562.354, 1175776.429], [2530559.494, 1175773.939]]]}, "properties": {"OBJECTID": 46299854, "EGID": 280111719, "NO_COM_FED": 5757, "GENRE_TXT": "b\u00e2timent"}}, {"type": "Feature", "id": 46299914, "geometry": {"type": "Polygon", "coordinates": [[[2530849.229, 1176185.143], [2530839.619, 1176187.883], [2530835.9390000002, 1176174.893], [2530841.066, 1176173.427], [2530840.371, 1176170.998], [2530840.968, 1176169.924], [2530843.791, 1176169.118], [2530844.865, 1176169.714], [2530847.461, 1176178.881], [2530849.229, 1176185.143]]]}, "properties": {"OBJECTID": 46299914, "EGID": 818201, "NO_COM_FED": 5757, "GENRE_TXT": "b\u00e2timent"}}, {"type": "Feature", "id": 46300221, "geometry": {"type": "Polygon", "coordinates": [[[2530771.642, 1174679.929], [2530767.671, 1174685.279], [2530766.736, 1174684.577], [2530761.606, 1174680.453], [2530760.341, 1174679.213], [2530764.01, 1174674.235], [2530771.642, 1174679.929]]]}, "properties": {"OBJECTID": 46300221, "EGID": 280062849, "NO_COM_FED": 5757, "GENRE_TXT": "b\u00e2timent"}}, {"type": "Feature", "id": 46300313, "geometry": {"type": "Polygon", "coordinates": [[[2530762.025, 1174907.424], [2530763.415, 1174912.474], [2530762.595, 1174913.254], [2530763.275, 1174915.464], [2530753.595, 1174919.824], [2530751.185, 1174913.334], [2530751.365, 1174913.264], [2530762.025, 1174907.424]]]}, "properties": {"OBJECTID": 46300313, "EGID": 818715, "NO_COM_FED": 5757, "GENRE_TXT": "b\u00e2timent"}}, {"type": "Feature", "id": 46300491, "geometry": {"type": "Polygon", "coordinates": [[[2530959.454, 1175634.627], [2530958.944, 1175633.427], [2530957.303, 1175629.607], [2530954.333, 1175622.677], [2530958.743, 1175620.787], [2530966.263, 1175617.566], [2530971.384, 1175629.516], [2530959.454, 1175634.627]]]}, "properties": {"OBJECTID": 46300491, "EGID": 190069354, "NO_COM_FED": 5757, "GENRE_TXT": "b\u00e2timent"}}, {"type": "Feature", "id": 46300527, "geometry": {"type": "Polygon", "coordinates": [[[2531354.816, 1174750.404], [2531358.026, 1174763.723], [2531319.106, 1174773.184], [2531315.816, 1174759.884], [2531354.816, 1174750.404]]]}, "properties": {"OBJECTID": 46300527, "EGID": 818474, "NO_COM_FED": 5757, "GENRE_TXT": "b\u00e2timent"}}, {"type": "Feature", "id": 46300681, "geometry": {"type": "Polygon", "coordinates": [[[2530971.219, 1176180.089], [2530970.619, 1176177.309], [2530976.409, 1176176.049], [2530977.009, 1176178.849], [2530971.219, 1176180.089]]]}, "properties": {"OBJECTID": 46300681, "EGID": 280043768, "NO_COM_FED": 5757, "GENRE_TXT": "b\u00e2timent"}}, {"type": "Feature", "id": 46301168, "geometry": {"type": "Polygon", "coordinates": [[[2530431.886, 1175984.133], [2530440.596, 1175961.823], [2530452.676, 1175966.5320000001], [2530443.967, 1175988.893], [2530431.886, 1175984.133]]]}, "properties": {"OBJECTID": 46301168, "EGID": 818090, "NO_COM_FED": 5757, "GENRE_TXT": "b\u00e2timent"}}, {"type": "Feature", "id": 46301181, "geometry": {"type": "Polygon", "coordinates": [[[2530425.0640000002, 1175366.205], [2530432.827, 1175364.037], [2530435.255, 1175372.745], [2530427.491, 1175374.909], [2530425.0640000002, 1175366.205]]]}, "properties": {"OBJECTID": 46301181, "EGID": 280127646, "NO_COM_FED": 5757, "GENRE_TXT": "b\u00e2timent"}}, {"type": "Feature", "id": 46301193, "geometry": {"type": "Polygon", "coordinates": [[[2530635.2060000002, 1175036.678], [2530646.396, 1175042.477], [2530639.856, 1175055.828], [2530627.716, 1175050.628], [2530629.016, 1175047.488], [2530634.366, 1175038.348], [2530635.2060000002, 1175036.678]]]}, "properties": {"OBJECTID": 46301193, "EGID": 818598, "NO_COM_FED": 5757, "GENRE_TXT": "b\u00e2timent"}}, {"type": "Feature", "id": 46301412, "geometry": {"type": "Polygon", "coordinates": [[[2530679.123, 1174753.367], [2530675.453, 1174760.757], [2530671.843, 1174758.947], [2530671.243, 1174760.1469999999], [2530669.863, 1174759.467], [2530670.493, 1174758.247], [2530668.703, 1174757.377], [2530670.273, 1174754.227], [2530672.372, 1174750.007], [2530672.562, 1174750.107], [2530679.123, 1174753.367]]]}, "properties": {"OBJECTID": 46301412, "EGID": 818737, "NO_COM_FED": 5757, "GENRE_TXT": "b\u00e2timent"}}, {"type": "Feature", "id": 46301702, "geometry": {"type": "Polygon", "coordinates": [[[2530456.744, 1174683.037], [2530452.671, 1174684.672], [2530454.951, 1174690.159], [2530451.493, 1174691.552], [2530447.394, 1174693.203], [2530445.87, 1174689.457], [2530445.055, 1174689.788], [2530442.156, 1174682.664], [2530454.533, 1174677.627], [2530456.744, 1174683.037]]]}, "properties": {"OBJECTID": 46301702, "EGID": 280060805, "NO_COM_FED": 5757, "GENRE_TXT": "b\u00e2timent"}}, {"type": "Feature", "id": 46301920, "geometry": {"type": "Polygon", "coordinates": [[[2531693.159, 1174883.578], [2531720.31, 1174877.068], [2531722.64, 1174886.707], [2531726.44, 1174885.857], [2531727.67, 1174890.687], [2531723.74, 1174891.627], [2531724.91, 1174896.727], [2531697.9, 1174903.1570000001], [2531693.159, 1174883.578]]]}, "properties": {"OBJECTID": 46301920, "EGID": 9029634, "NO_COM_FED": 5757, "GENRE_TXT": "b\u00e2timent"}}, {"type": "Feature", "id": 46302012, "geometry": {"type": "Polygon", "coordinates": [[[2530281.201, 1174505.529], [2530274.951, 1174503.334], [2530275.451, 1174501.917], [2530271.879, 1174500.661], [2530275.347, 1174490.7820000001], [2530285.165, 1174494.2179999999], [2530281.201, 1174505.529]]]}, "properties": {"OBJECTID": 46302012, "EGID": 190087706, "NO_COM_FED": 5757, "GENRE_TXT": "b\u00e2timent"}}, {"type": "Feature", "id": 46302116, "geometry": {"type": "Polygon", "coordinates": [[[2530416.595, 1174781.436], [2530419.475, 1174775.568], [2530423.066, 1174777.357], [2530420.15, 1174783.208], [2530416.595, 1174781.436]]]}, "properties": {"OBJECTID": 46302116, "EGID": 280070484, "NO_COM_FED": 5757, "GENRE_TXT": "b\u00e2timent"}}, {"type": "Feature", "id": 46302133, "geometry": {"type": "Polygon", "coordinates": [[[2530195.347, 1174631.231], [2530203.097, 1174630.649], [2530203.823, 1174640.131], [2530196.084, 1174640.715], [2530195.347, 1174631.231]]]}, "properties": {"OBJECTID": 46302133, "EGID": 280129807, "NO_COM_FED": 5757, "GENRE_TXT": "b\u00e2timent"}}, {"type": "Feature", "id": 46302180, "geometry": {"type": "Polygon", "coordinates": [[[2530686.069, 1175284.486], [2530664.859, 1175286.236], [2530663.789, 1175279.016], [2530685.779, 1175277.866], [2530686.069, 1175284.486]]]}, "properties": {"OBJECTID": 46302180, "EGID": 818554, "NO_COM_FED": 5757, "GENRE_TXT": "b\u00e2timent"}}, {"type": "Feature", "id": 46302377, "geometry": {"type": "Polygon", "coordinates": [[[2531636.49, 1174965.877], [2531637.29, 1174964.617], [2531647.08, 1174962.317], [2531648.22, 1174962.917], [2531650.45, 1174962.4070000001], [2531651.12, 1174961.177], [2531669.47, 1174956.887], [2531671.66, 1174966.236], [2531669.92, 1174966.626], [2531675.52, 1174989.476], [2531645.9, 1174996.566], [2531640.42, 1174973.766], [2531639.53, 1174973.896], [2531638.29, 1174973.177], [2531636.49, 1174965.877]]]}, "properties": {"OBJECTID": 46302377, "EGID": 3163968, "NO_COM_FED": 5757, "GENRE_TXT": "b\u00e2timent"}}, {"type": "Feature", "id": 46302402, "geometry": {"type": "Polygon", "coordinates": [[[2530637.947, 1175951.227], [2530644.857, 1175954.986], [2530643.207, 1175958.006], [2530636.307, 1175954.247], [2530637.947, 1175951.227]]]}, "properties": {"OBJECTID": 46302402, "EGID": 280034447, "NO_COM_FED": 5757, "GENRE_TXT": "b\u00e2timent"}}, {"type": "Feature", "id": 46302630, "geometry": {"type": "Polygon", "coordinates": [[[2530705.619, 1175326.955], [2530705.749, 1175327.495], [2530706.729, 1175331.575], [2530711.359, 1175330.775], [2530711.859, 1175335.375], [2530702.129, 1175337.465], [2530701.019, 1175328.655], [2530700.929, 1175327.945], [2530705.619, 1175326.955]]]}, "properties": {"OBJECTID": 46302630, "EGID": 818500, "NO_COM_FED": 5757, "GENRE_TXT": "b\u00e2timent"}}, {"type": "Feature", "id": 46302651, "geometry": {"type": "Polygon", "coordinates": [[[2530844.759, 1175293.951], [2530845.799, 1175299.141], [2530843.089, 1175299.731], [2530842.009, 1175294.541], [2530844.759, 1175293.951]]]}, "properties": {"OBJECTID": 46302651, "EGID": 280049096, "NO_COM_FED": 5757, "GENRE_TXT": "b\u00e2timent"}}, {"type": "Feature", "id": 46302658, "geometry": {"type": "Polygon", "coordinates": [[[2530821.015, 1174596.068], [2530810.719, 1174594.204], [2530812.5, 1174584.307], [2530821.887, 1174585.996], [2530822.8, 1174586.161], [2530821.015, 1174596.068]]]}, "properties": {"OBJECTID": 46302658, "EGID": 280135723, "NO_COM_FED": 5757, "GENRE_TXT": "b\u00e2timent"}}, {"type": "Feature", "id": 46302768, "geometry": {"type": "Polygon", "coordinates": [[[2530506.055, 1175830.601], [2530505.905, 1175829.831], [2530502.915, 1175830.431], [2530503.035, 1175831.001], [2530502.645, 1175831.081], [2530502.525, 1175830.511], [2530499.445, 1175831.121], [2530497.545, 1175821.831], [2530501.395, 1175821.021], [2530500.775, 1175818.051], [2530504.785, 1175817.261], [2530505.195, 1175819.271], [2530509.185, 1175818.451], [2530511.475, 1175829.511], [2530506.055, 1175830.601]]]}, "properties": {"OBJECTID": 46302768, "EGID": 818102, "NO_COM_FED": 5757, "GENRE_TXT": "b\u00e2timent"}}, {"type": "Feature", "id": 46302899, "geometry": {"type": "Polygon", "coordinates": [[[2531437.377, 1174756.363], [2531435.619, 1174745.276], [2531433.255, 1174745.632], [2531432.891, 1174743.25], [2531435.237, 1174742.865], [2531434.056, 1174735.413], [2531450.076, 1174733.143], [2531451.174, 1174740.383], [2531457.034, 1174739.51], [2531459.017, 1174753.116], [2531453.237, 1174753.983], [2531437.377, 1174756.363]]]}, "properties": {"OBJECTID": 46302899, "EGID": 280004416, "NO_COM_FED": 5757, "GENRE_TXT": "b\u00e2timent"}}, {"type": "Feature", "id": 46302904, "geometry": {"type": "Polygon", "coordinates": [[[2531623.658, 1174799.94], [2531624.338, 1174798.86], [2531625.498, 1174799.52], [2531630.468, 1174798.38], [2531631.248, 1174801.65], [2531634.448, 1174800.93], [2531638.128, 1174816.1], [2531637.908, 1174816.17], [2531638.909, 1174820.429], [2531633.608, 1174821.649], [2531638.079, 1174840.349], [2531618.819, 1174844.989], [2531615.098, 1174829.679], [2531613.318, 1174830.099], [2531612.078, 1174824.89], [2531613.888, 1174824.4], [2531610.248, 1174809.05], [2531621.828, 1174806.36], [2531620.508, 1174800.61], [2531623.658, 1174799.94]]]}, "properties": {"OBJECTID": 46302904, "EGID": 9029629, "NO_COM_FED": 5757, "GENRE_TXT": "b\u00e2timent"}}, {"type": "Feature", "id": 46302941, "geometry": {"type": "Polygon", "coordinates": [[[2530481.005, 1175890.242], [2530481.545, 1175879.732], [2530487.645, 1175880.081], [2530487.495, 1175882.671], [2530488.286, 1175882.716], [2530488.03, 1175888.541], [2530487.245, 1175888.491], [2530487.125, 1175890.581], [2530481.005, 1175890.242]]]}, "properties": {"OBJECTID": 46302941, "EGID": 818101, "NO_COM_FED": 5757, "GENRE_TXT": "b\u00e2timent"}}, {"type": "Feature", "id": 46303064, "geometry": {"type": "Polygon", "coordinates": [[[2530375.796, 1174793.537], [2530382.033, 1174796.779], [2530379.271, 1174802.109], [2530376.734, 1174800.794], [2530376.276, 1174801.678], [2530372.572, 1174799.759], [2530375.796, 1174793.537]]]}, "properties": {"OBJECTID": 46303064, "EGID": 280068615, "NO_COM_FED": 5757, "GENRE_TXT": "b\u00e2timent"}}, {"type": "Feature", "id": 46303174, "geometry": {"type": "Polygon", "coordinates": [[[2530470.915, 1174830.8530000001], [2530467.963, 1174833.854], [2530469.148, 1174835.027], [2530464.862, 1174839.365], [2530457.74, 1174832.299], [2530464.995, 1174824.96], [2530470.915, 1174830.8530000001]]]}, "properties": {"OBJECTID": 46303174, "EGID": 818863, "NO_COM_FED": 5757, "GENRE_TXT": "b\u00e2timent"}}, {"type": "Feature", "id": 46303412, "geometry": {"type": "Polygon", "coordinates": [[[2530272.27, 1174603.739], [2530272.359, 1174607.405], [2530272.533, 1174607.401], [2530272.721, 1174613.866], [2530263.813, 1174614.042], [2530263.566, 1174603.865], [2530272.27, 1174603.739]]]}, "properties": {"OBJECTID": 46303412, "EGID": 3163898, "NO_COM_FED": 5757, "GENRE_TXT": "b\u00e2timent"}}, {"type": "Feature", "id": 46303464, "geometry": {"type": "Polygon", "coordinates": [[[2530641.667, 1175162.887], [2530642.927, 1175175.747], [2530642.787, 1175175.767], [2530616.017, 1175178.338], [2530615.127, 1175165.528], [2530641.667, 1175162.887]]]}, "properties": {"OBJECTID": 46303464, "EGID": 818586, "NO_COM_FED": 5757, "GENRE_TXT": "b\u00e2timent"}}, {"type": "Feature", "id": 46303465, "geometry": {"type": "Polygon", "coordinates": [[[2530745.724, 1175696.233], [2530743.0439999998, 1175690.663], [2530748.484, 1175688.053], [2530751.174, 1175693.613], [2530745.724, 1175696.233]]]}, "properties": {"OBJECTID": 46303465, "EGID": 280027341, "NO_COM_FED": 5757, "GENRE_TXT": "b\u00e2timent"}}, {"type": "Feature", "id": 46303599, "geometry": {"type": "Polygon", "coordinates": [[[2530693.295, 1175846.055], [2530692.315, 1175842.685], [2530683.155, 1175839.565], [2530683.535, 1175838.475], [2530678.955, 1175836.915], [2530682.945, 1175830.125], [2530696.285, 1175834.795], [2530697.385, 1175831.555], [2530701.115, 1175832.805], [2530705.075, 1175826.435], [2530714.375, 1175829.604], [2530708.385, 1175839.284], [2530708.255, 1175839.204], [2530703.815, 1175846.345], [2530700.425, 1175844.375], [2530698.345, 1175847.795], [2530693.295, 1175846.055]]]}, "properties": {"OBJECTID": 46303599, "EGID": 818283, "NO_COM_FED": 5757, "GENRE_TXT": "b\u00e2timent"}}, {"type": "Feature", "id": 46303623, "geometry": {"type": "Polygon", "coordinates": [[[2530676.176, 1175087.406], [2530673.386, 1175076.856], [2530678.066, 1175074.756], [2530678.2060000002, 1175075.086], [2530681.606, 1175073.566], [2530681.556, 1175073.406], [2530682.276, 1175073.056], [2530683.2060000002, 1175075.076], [2530686.056, 1175073.666], [2530689.836, 1175082.196], [2530689.996, 1175082.606], [2530688.946, 1175082.976], [2530676.176, 1175087.406]]]}, "properties": {"OBJECTID": 46303623, "EGID": 818626, "NO_COM_FED": 5757, "GENRE_TXT": "b\u00e2timent"}}, {"type": "Feature", "id": 46303687, "geometry": {"type": "Polygon", "coordinates": [[[2530669.379, 1176164.118], [2530670.6689999998, 1176159.457], [2530668.839, 1176158.947], [2530668.339, 1176158.808], [2530668.399, 1176158.578], [2530665.269, 1176157.698], [2530667.769, 1176148.817], [2530676.959, 1176151.367], [2530674.519, 1176160.077], [2530676.349, 1176160.597], [2530675.697, 1176162.954], [2530678.2939999998, 1176163.672], [2530677.546, 1176166.376], [2530674.949, 1176165.6570000001], [2530669.379, 1176164.118]]]}, "properties": {"OBJECTID": 46303687, "EGID": 818219, "NO_COM_FED": 5757, "GENRE_TXT": "b\u00e2timent"}}, {"type": "Feature", "id": 46303716, "geometry": {"type": "Polygon", "coordinates": [[[2530482.743, 1174835.62], [2530481.247, 1174837.298], [2530478.346, 1174834.499], [2530479.853, 1174832.84], [2530482.743, 1174835.62]]]}, "properties": {"OBJECTID": 46303716, "EGID": 280123397, "NO_COM_FED": 5757, "GENRE_TXT": "b\u00e2timent"}}, {"type": "Feature", "id": 46303828, "geometry": {"type": "Polygon", "coordinates": [[[2531098.741, 1176309.427], [2531098.981, 1176312.257], [2531093.501, 1176312.717], [2531093.271, 1176309.887], [2531098.741, 1176309.427]]]}, "properties": {"OBJECTID": 46303828, "EGID": 280047138, "NO_COM_FED": 5757, "GENRE_TXT": "b\u00e2timent"}}, {"type": "Feature", "id": 46304305, "geometry": {"type": "Polygon", "coordinates": [[[2529993.733, 1175749.089], [2529998.703, 1175750.319], [2529997.863, 1175753.719], [2529992.883, 1175752.489], [2529993.733, 1175749.089]]]}, "properties": {"OBJECTID": 46304305, "EGID": 280044420, "NO_COM_FED": 5757, "GENRE_TXT": "b\u00e2timent"}}, {"type": "Feature", "id": 46304392, "geometry": {"type": "Polygon", "coordinates": [[[2530729.753, 1174803.645], [2530729.133, 1174803.215], [2530739.473, 1174790.035], [2530739.643, 1174790.155], [2530740.133, 1174790.825], [2530748.343, 1174800.864], [2530737.603, 1174808.215], [2530729.753, 1174803.645]]]}, "properties": {"OBJECTID": 46304392, "EGID": 818727, "NO_COM_FED": 5757, "GENRE_TXT": "b\u00e2timent"}}, {"type": "Feature", "id": 46304453, "geometry": {"type": "Polygon", "coordinates": [[[2530354.661, 1174332.612], [2530356.96, 1174340.314], [2530353.051, 1174341.451], [2530350.745, 1174333.739], [2530354.661, 1174332.612]]]}, "properties": {"OBJECTID": 46304453, "EGID": 280069825, "NO_COM_FED": 5757, "GENRE_TXT": "b\u00e2timent"}}, {"type": "Feature", "id": 46304503, "geometry": {"type": "Polygon", "coordinates": [[[2531120.797, 1175019.942], [2531110.117, 1175034.602], [2531096.077, 1175026.113], [2531100.007, 1175021.023], [2531095.397, 1175017.393], [2531103.586, 1175006.443], [2531111.187, 1175012.402], [2531114.977, 1175007.732], [2531119.237, 1175011.202], [2531115.517, 1175015.802], [2531120.797, 1175019.942]]]}, "properties": {"OBJECTID": 46304503, "EGID": 818451, "NO_COM_FED": 5757, "GENRE_TXT": "b\u00e2timent"}}, {"type": "Feature", "id": 46304627, "geometry": {"type": "Polygon", "coordinates": [[[2530485.543, 1174820.32], [2530482.703, 1174817.7], [2530487.213, 1174812.75], [2530490.033, 1174815.39], [2530485.543, 1174820.32]]]}, "properties": {"OBJECTID": 46304627, "EGID": 280035846, "NO_COM_FED": 5757, "GENRE_TXT": "b\u00e2timent"}}, {"type": "Feature", "id": 46304667, "geometry": {"type": "Polygon", "coordinates": [[[2530720.622, 1174733.365], [2530723.042, 1174735.995], [2530719.092, 1174739.635], [2530716.692, 1174736.985], [2530720.622, 1174733.365]]]}, "properties": {"OBJECTID": 46304667, "EGID": 280042536, "NO_COM_FED": 5757, "GENRE_TXT": "b\u00e2timent"}}, {"type": "Feature", "id": 46304869, "geometry": {"type": "Polygon", "coordinates": [[[2532000.841, 1176646.95], [2531992.281, 1176660.37], [2531962.8, 1176641.48], [2531971.35, 1176628.08], [2532000.841, 1176646.95]]]}, "properties": {"OBJECTID": 46304869, "EGID": 280002123, "NO_COM_FED": 5757, "GENRE_TXT": "b\u00e2timent"}}, {"type": "Feature", "id": 46304909, "geometry": {"type": "Polygon", "coordinates": [[[2530789.978, 1176011.346], [2530793.887, 1176010.123], [2530795.847, 1176016.443], [2530785.627, 1176019.643], [2530784.049, 1176014.582], [2530783.657, 1176013.323], [2530789.978, 1176011.346]]]}, "properties": {"OBJECTID": 46304909, "EGID": 3163923, "NO_COM_FED": 5757, "GENRE_TXT": "b\u00e2timent"}}, {"type": "Feature", "id": 46304973, "geometry": {"type": "Polygon", "coordinates": [[[2530830.492, 1174635.8530000001], [2530829.866, 1174632.873], [2530831.966, 1174632.432], [2530832.592, 1174635.412], [2530830.492, 1174635.8530000001]]]}, "properties": {"OBJECTID": 46304973, "EGID": 280116842, "NO_COM_FED": 5757, "GENRE_TXT": "b\u00e2timent"}}, {"type": "Feature", "id": 46305073, "geometry": {"type": "Polygon", "coordinates": [[[2531064.029, 1176147.557], [2531054.839, 1176149.957], [2531052.379, 1176140.327], [2531053.339, 1176140.067], [2531053.309, 1176139.967], [2531062.519, 1176137.556], [2531064.949, 1176147.196], [2531063.999, 1176147.447], [2531064.029, 1176147.557]]]}, "properties": {"OBJECTID": 46305073, "EGID": 818318, "NO_COM_FED": 5757, "GENRE_TXT": "b\u00e2timent"}}, {"type": "Feature", "id": 46305229, "geometry": {"type": "Polygon", "coordinates": [[[2530834.159, 1175230.961], [2530840.349, 1175245.411], [2530840.059, 1175245.531], [2530829.359, 1175250.111], [2530814.688, 1175215.832], [2530825.668, 1175211.131], [2530834.159, 1175230.961]]]}, "properties": {"OBJECTID": 46305229, "EGID": 818416, "NO_COM_FED": 5757, "GENRE_TXT": "b\u00e2timent"}}, {"type": "Feature", "id": 46305240, "geometry": {"type": "Polygon", "coordinates": [[[2530937.202, 1174749.742], [2530942.078, 1174749.812], [2530948.683, 1174749.908], [2530948.713, 1174750.368], [2530949.557, 1174750.39], [2530951.624, 1174750.445], [2530964.653, 1174750.788], [2530964.453, 1174766.457], [2530948.423, 1174765.608], [2530948.593, 1174755.738], [2530923.163, 1174755.019], [2530923.233, 1174749.659], [2530925.853, 1174749.729], [2530925.893, 1174749.449], [2530927.333, 1174749.599], [2530937.202, 1174749.742]]]}, "properties": {"OBJECTID": 46305240, "EGID": 280003785, "NO_COM_FED": 5757, "GENRE_TXT": "b\u00e2timent"}}, {"type": "Feature", "id": 46305328, "geometry": {"type": "Polygon", "coordinates": [[[2530756.384, 1174881.214], [2530741.724, 1174882.994], [2530740.2939999998, 1174877.915], [2530748.684, 1174877.264], [2530748.654, 1174876.884], [2530754.684, 1174876.094], [2530754.634, 1174875.734], [2530756.524, 1174875.404], [2530757.024, 1174877.574], [2530756.154, 1174877.664], [2530756.284, 1174880.624], [2530756.384, 1174881.214]]]}, "properties": {"OBJECTID": 46305328, "EGID": 818721, "NO_COM_FED": 5757, "GENRE_TXT": "b\u00e2timent"}}, {"type": "Feature", "id": 46305342, "geometry": {"type": "Polygon", "coordinates": [[[2530504.724, 1174573.449], [2530494.551, 1174576.719], [2530492.534, 1174570.416], [2530506.157, 1174566.046], [2530508.175, 1174572.339], [2530504.724, 1174573.449]]]}, "properties": {"OBJECTID": 46305342, "EGID": 190069370, "NO_COM_FED": 5757, "GENRE_TXT": "b\u00e2timent"}}, {"type": "Feature", "id": 46305355, "geometry": {"type": "Polygon", "coordinates": [[[2530569.059, 1176259.541], [2530578.709, 1176268.1469999999], [2530576.38, 1176270.741], [2530577.15, 1176271.421], [2530571.17, 1176278.231], [2530571.61, 1176278.631], [2530567.48, 1176283.271], [2530559.997, 1176283.689], [2530554.93, 1176283.972], [2530554.94, 1176284.582], [2530550.46, 1176284.832], [2530550.23, 1176281.072], [2530549.65, 1176281.102], [2530548.899, 1176267.892], [2530552.179, 1176267.712], [2530553.879, 1176267.622], [2530553.93, 1176268.622], [2530560.14, 1176268.2719999999], [2530560.12, 1176268.0320000001], [2530564.299, 1176263.361], [2530565.059, 1176264.041], [2530569.059, 1176259.541]]]}, "properties": {"OBJECTID": 46305355, "EGID": 818065, "NO_COM_FED": 5757, "GENRE_TXT": "b\u00e2timent"}}, {"type": "Feature", "id": 46305418, "geometry": {"type": "Polygon", "coordinates": [[[2530556.253, 1174825.06], [2530551.053, 1174822.89], [2530552.443, 1174819.58], [2530557.653, 1174821.8], [2530556.253, 1174825.06]]]}, "properties": {"OBJECTID": 46305418, "EGID": 280041257, "NO_COM_FED": 5757, "GENRE_TXT": "b\u00e2timent"}}, {"type": "Feature", "id": 46305535, "geometry": {"type": "Polygon", "coordinates": [[[2530818.237, 1175620.172], [2530808.603, 1175604.381], [2530808.753, 1175603.971], [2530808.843, 1175603.951], [2530801.453, 1175602.2820000001], [2530809.173, 1175597.501], [2530810.163, 1175593.481], [2530813.673, 1175594.331], [2530815.413, 1175593.201], [2530816.513, 1175595.001], [2530816.823, 1175595.061], [2530815.783, 1175599.461], [2530818.973, 1175600.211], [2530820.703, 1175599.081], [2530821.813, 1175600.901], [2530822.113, 1175600.981], [2530820.983, 1175605.851], [2530824.123, 1175606.581], [2530825.863, 1175605.441], [2530826.973, 1175607.271], [2530827.283, 1175607.341], [2530825.893, 1175613.221], [2530829.043, 1175613.931], [2530830.763, 1175612.811], [2530831.893, 1175614.611], [2530832.193, 1175614.691], [2530830.933, 1175620.091], [2530834.073, 1175620.841], [2530835.833, 1175619.741], [2530836.913, 1175621.531], [2530837.213, 1175621.591], [2530835.223, 1175629.981], [2530831.053, 1175632.521], [2530830.463, 1175631.571], [2530827.213, 1175633.591], [2530826.493, 1175632.411], [2530819.203, 1175636.861], [2530812.353, 1175635.201], [2530813.233, 1175631.671], [2530810.713, 1175627.531], [2530819.463, 1175622.181], [2530818.237, 1175620.172]]]}, "properties": {"OBJECTID": 46305535, "EGID": 818309, "NO_COM_FED": 5757, "GENRE_TXT": "b\u00e2timent"}}, {"type": "Feature", "id": 46305567, "geometry": {"type": "Polygon", "coordinates": [[[2530678.495, 1175895.566], [2530672.153, 1175894.487], [2530674.122, 1175883.133], [2530680.45, 1175884.23], [2530678.495, 1175895.566]]]}, "properties": {"OBJECTID": 46305567, "EGID": 280054921, "NO_COM_FED": 5757, "GENRE_TXT": "b\u00e2timent"}}, {"type": "Feature", "id": 46305588, "geometry": {"type": "Polygon", "coordinates": [[[2531732.79, 1174941.826], [2531720.63, 1174944.746], [2531708.45, 1174947.726], [2531702.51, 1174923.117], [2531726.84, 1174917.347], [2531732.79, 1174941.826]]]}, "properties": {"OBJECTID": 46305588, "EGID": 9046694, "NO_COM_FED": 5757, "GENRE_TXT": "b\u00e2timent"}}, {"type": "Feature", "id": 46305753, "geometry": {"type": "Polygon", "coordinates": [[[2530814.36, 1176282.995], [2530808.71, 1176283.915], [2530807.8, 1176278.285], [2530806.14, 1176268.105], [2530813.83, 1176266.855], [2530815.51, 1176277.035], [2530813.45, 1176277.365], [2530814.36, 1176282.995]]]}, "properties": {"OBJECTID": 46305753, "EGID": 818206, "NO_COM_FED": 5757, "GENRE_TXT": "b\u00e2timent"}}, {"type": "Feature", "id": 46305822, "geometry": {"type": "Polygon", "coordinates": [[[2530933.524, 1176650.645], [2530933.834, 1176648.235], [2530932.864, 1176646.375], [2530934.274, 1176644.765], [2530935.594, 1176634.635], [2530940.884, 1176635.344], [2530940.934, 1176634.964], [2530941.3140000002, 1176635.014], [2530940.904, 1176638.345], [2530945.054, 1176638.904], [2530944.134, 1176646.075], [2530945.124, 1176647.914], [2530943.704, 1176649.495], [2530943.414, 1176651.675], [2530945.784, 1176651.985], [2530945.0439999998, 1176657.815], [2530938.514, 1176656.995], [2530939.214, 1176651.385], [2530933.524, 1176650.645]]]}, "properties": {"OBJECTID": 46305822, "EGID": 818165, "NO_COM_FED": 5757, "GENRE_TXT": "b\u00e2timent"}}, {"type": "Feature", "id": 46305896, "geometry": {"type": "Polygon", "coordinates": [[[2531255.5439999998, 1175580.367], [2531253.774, 1175575.4070000001], [2531255.344, 1175574.867], [2531248.663, 1175555.967], [2531256.573, 1175553.197], [2531256.473, 1175552.9070000001], [2531258.043, 1175552.337], [2531268.023, 1175548.827], [2531268.813, 1175548.547], [2531278.634, 1175576.276], [2531258.424, 1175583.337], [2531258.324, 1175583.057], [2531256.714, 1175583.607], [2531255.5439999998, 1175580.367]]]}, "properties": {"OBJECTID": 46305896, "EGID": 280002052, "NO_COM_FED": 5757, "GENRE_TXT": "b\u00e2timent"}}, {"type": "Feature", "id": 46305902, "geometry": {"type": "Polygon", "coordinates": [[[2531329.575, 1174665.046], [2531330.235, 1174668.025], [2531324.445, 1174669.486], [2531323.795, 1174666.446], [2531329.575, 1174665.046]]]}, "properties": {"OBJECTID": 46305902, "EGID": 280042695, "NO_COM_FED": 5757, "GENRE_TXT": "b\u00e2timent"}}, {"type": "Feature", "id": 46306039, "geometry": {"type": "Polygon", "coordinates": [[[2530835.73, 1174271.034], [2530834.8310000002, 1174276.967], [2530828.894, 1174276.12], [2530829.634, 1174271.254], [2530829.796, 1174270.191], [2530835.73, 1174271.034]]]}, "properties": {"OBJECTID": 46306039, "EGID": 280119507, "NO_COM_FED": 5757, "GENRE_TXT": "b\u00e2timent"}}, {"type": "Feature", "id": 46306179, "geometry": {"type": "Polygon", "coordinates": [[[2530706.616, 1175066.115], [2530706.616, 1175065.415], [2530704.266, 1175059.725], [2530710.116, 1175057.345], [2530719.376, 1175054.065], [2530719.766, 1175054.965], [2530719.606, 1175055.055], [2530721.596, 1175059.605], [2530721.646, 1175059.825], [2530706.616, 1175066.115]]]}, "properties": {"OBJECTID": 46306179, "EGID": 818972, "NO_COM_FED": 5757, "GENRE_TXT": "b\u00e2timent"}}, {"type": "Feature", "id": 46306208, "geometry": {"type": "Polygon", "coordinates": [[[2531658.447, 1176415.689], [2531658.4896222977, 1176415.1736779008], [2531658.61649094, 1176414.6724016557], [2531658.8241445795, 1176414.1988475486], [2531659.106917816, 1176413.765935522], [2531659.457095769, 1176413.3854766837], [2531659.8651245576, 1176413.0678510647], [2531660.319871962, 1176412.8217244218], [2531660.8089311416, 1176412.6538118103], [2531661.31895913, 1176412.5686943782], [2531661.8360408703, 1176412.5686943782], [2531662.3460688586, 1176412.6538118103], [2531662.835128038, 1176412.8217244218], [2531663.2898754426, 1176413.0678510647], [2531663.6979042315, 1176413.3854766837], [2531664.048082184, 1176413.765935522], [2531664.330855421, 1176414.1988475486], [2531664.53850906, 1176414.6724016557], [2531664.6653777026, 1176415.1736779008], [2531664.708, 1176415.689], [2531664.6603635023, 1176416.2325433139], [2531664.519074756, 1176416.7595595], [2531664.288425879, 1176417.2540386862], [2531663.975423598, 1176417.7009594198], [2531663.589576401, 1176418.086744995], [2531663.14260568, 1176418.3996758903], [2531662.6480896613, 1176418.6302457869], [2531662.1210509157, 1176418.7714503563], [2531661.5775, 1176418.8190000395], [2531661.0339490846, 1176418.7714503563], [2531660.506910339, 1176418.6302457869], [2531660.01239432, 1176418.3996758903], [2531659.5654235994, 1176418.086744995], [2531659.179576402, 1176417.7009594198], [2531658.866574121, 1176417.2540386862], [2531658.635925244, 1176416.7595595], [2531658.494636498, 1176416.2325433139], [2531658.447, 1176415.689]]]}, "properties": {"OBJECTID": 46306208, "EGID": 280132899, "NO_COM_FED": 5757, "GENRE_TXT": "b\u00e2timent"}}, {"type": "Feature", "id": 46306335, "geometry": {"type": "Polygon", "coordinates": [[[2530749.533, 1175621.1030000001], [2530745.623, 1175622.133], [2530744.663, 1175617.793], [2530748.383, 1175616.953], [2530749.533, 1175621.1030000001]]]}, "properties": {"OBJECTID": 46306335, "EGID": 280044269, "NO_COM_FED": 5757, "GENRE_TXT": "b\u00e2timent"}}, {"type": "Feature", "id": 46306383, "geometry": {"type": "Polygon", "coordinates": [[[2530285.487, 1174360.7280000001], [2530281.608, 1174361.891], [2530279.297, 1174354.18], [2530283.176, 1174353.018], [2530285.487, 1174360.7280000001]]]}, "properties": {"OBJECTID": 46306383, "EGID": 280073087, "NO_COM_FED": 5757, "GENRE_TXT": "b\u00e2timent"}}, {"type": "Feature", "id": 46306486, "geometry": {"type": "Polygon", "coordinates": [[[2530784.542, 1174479.472], [2530784.201, 1174485.9679999999], [2530782.673, 1174485.888], [2530782.694, 1174488.362], [2530771.001, 1174488.43], [2530770.899, 1174470.67], [2530772.504, 1174470.658], [2530778.17, 1174470.616], [2530778.173, 1174470.935], [2530782.5439999998, 1174470.896], [2530782.615, 1174479.209], [2530784.542, 1174479.472]]]}, "properties": {"OBJECTID": 46306486, "EGID": 280064499, "NO_COM_FED": 5757, "GENRE_TXT": "b\u00e2timent"}}, {"type": "Feature", "id": 46306860, "geometry": {"type": "Polygon", "coordinates": [[[2530632.305, 1174941.878], [2530637.685, 1174936.688], [2530639.005, 1174932.318], [2530638.115, 1174930.558], [2530639.115, 1174930.058], [2530639.615, 1174931.028], [2530642.405, 1174931.658], [2530639.975, 1174939.928], [2530644.265, 1174943.368], [2530648.815, 1174948.037], [2530643.765, 1174953.318], [2530632.665, 1174942.238], [2530632.305, 1174941.878]]]}, "properties": {"OBJECTID": 46306860, "EGID": 280064941, "NO_COM_FED": 5757, "GENRE_TXT": "b\u00e2timent"}}, {"type": "Feature", "id": 46306861, "geometry": {"type": "Polygon", "coordinates": [[[2530701.774, 1175734.435], [2530701.924, 1175737.425], [2530697.584, 1175737.665], [2530697.284, 1175729.675], [2530700.424, 1175729.445], [2530700.554, 1175734.465], [2530701.774, 1175734.435]]]}, "properties": {"OBJECTID": 46306861, "EGID": 280033890, "NO_COM_FED": 5757, "GENRE_TXT": "b\u00e2timent"}}, {"type": "Feature", "id": 46306953, "geometry": {"type": "Polygon", "coordinates": [[[2531119.987, 1175054.802], [2531122.357, 1175052.122], [2531129.107, 1175058.042], [2531126.747, 1175060.722], [2531119.987, 1175054.802]]]}, "properties": {"OBJECTID": 46306953, "EGID": 280032593, "NO_COM_FED": 5757, "GENRE_TXT": "b\u00e2timent"}}, {"type": "Feature", "id": 46307387, "geometry": {"type": "Polygon", "coordinates": [[[2530358.29, 1174641.229], [2530356.981, 1174637.99], [2530359.516, 1174636.966], [2530360.841, 1174640.11], [2530358.29, 1174641.229]]]}, "properties": {"OBJECTID": 46307387, "EGID": 280116080, "NO_COM_FED": 5757, "GENRE_TXT": "b\u00e2timent"}}, {"type": "Feature", "id": 46307473, "geometry": {"type": "Polygon", "coordinates": [[[2531475.022, 1174763.821], [2531477.227, 1174778.6469999999], [2531421.254, 1174786.871], [2531419.06, 1174772.008], [2531475.022, 1174763.821]]]}, "properties": {"OBJECTID": 46307473, "EGID": 280053136, "NO_COM_FED": 5757, "GENRE_TXT": "b\u00e2timent"}}, {"type": "Feature", "id": 46307529, "geometry": {"type": "Polygon", "coordinates": [[[2530953.136, 1175837.017], [2530951.496, 1175833.377], [2530955.596, 1175831.527], [2530957.306, 1175835.197], [2530959.156, 1175834.346], [2530963.006, 1175842.956], [2530959.496, 1175844.537], [2530959.966, 1175845.577], [2530958.606, 1175846.197], [2530958.116, 1175845.137], [2530953.516, 1175847.227], [2530949.666, 1175838.587], [2530953.136, 1175837.017]]]}, "properties": {"OBJECTID": 46307529, "EGID": 818372, "NO_COM_FED": 5757, "GENRE_TXT": "b\u00e2timent"}}, {"type": "Feature", "id": 46307610, "geometry": {"type": "Polygon", "coordinates": [[[2530652.82, 1176336.87], [2530653.07, 1176332.78], [2530658.64, 1176333.139], [2530658.36, 1176337.229], [2530658.63, 1176337.259], [2530658.11, 1176345.81], [2530648.36, 1176345.2], [2530648.89, 1176336.64], [2530652.82, 1176336.87]]]}, "properties": {"OBJECTID": 46307610, "EGID": 818225, "NO_COM_FED": 5757, "GENRE_TXT": "b\u00e2timent"}}, {"type": "Feature", "id": 46307740, "geometry": {"type": "Polygon", "coordinates": [[[2530561.644, 1174561.246], [2530551.47, 1174564.572], [2530549.416, 1174558.275], [2530563.018, 1174553.839], [2530565.068, 1174560.127], [2530561.644, 1174561.246]]]}, "properties": {"OBJECTID": 46307740, "EGID": 190069362, "NO_COM_FED": 5757, "GENRE_TXT": "b\u00e2timent"}}, {"type": "Feature", "id": 46307752, "geometry": {"type": "Polygon", "coordinates": [[[2530637.698, 1175221.877], [2530637.038, 1175213.937], [2530637.008, 1175213.617], [2530646.068, 1175212.527], [2530647.018, 1175220.547], [2530647.068, 1175220.927], [2530637.698, 1175221.877]]]}, "properties": {"OBJECTID": 46307752, "EGID": 818577, "NO_COM_FED": 5757, "GENRE_TXT": "b\u00e2timent"}}, {"type": "Feature", "id": 46307929, "geometry": {"type": "Polygon", "coordinates": [[[2530813.499, 1175284.832], [2530809.219, 1175272.552], [2530819.219, 1175269.0320000001], [2530823.459, 1175281.311], [2530813.499, 1175284.832]]]}, "properties": {"OBJECTID": 46307929, "EGID": 818524, "NO_COM_FED": 5757, "GENRE_TXT": "b\u00e2timent"}}, {"type": "Feature", "id": 46307979, "geometry": {"type": "Polygon", "coordinates": [[[2530899.984, 1175657.578], [2530902.494, 1175657.748], [2530901.684, 1175667.588], [2530899.084, 1175667.428], [2530899.984, 1175657.578]]]}, "properties": {"OBJECTID": 46307979, "EGID": 280035529, "NO_COM_FED": 5757, "GENRE_TXT": "b\u00e2timent"}}, {"type": "Feature", "id": 46308132, "geometry": {"type": "Polygon", "coordinates": [[[2530852.599, 1176214.683], [2530852.835, 1176215.5320000001], [2530841.822, 1176218.554], [2530840.86, 1176215.074], [2530837.71, 1176203.679], [2530848.697, 1176200.642], [2530850.344, 1176206.567], [2530852.599, 1176214.683]]]}, "properties": {"OBJECTID": 46308132, "EGID": 818202, "NO_COM_FED": 5757, "GENRE_TXT": "b\u00e2timent"}}, {"type": "Feature", "id": 46308204, "geometry": {"type": "Polygon", "coordinates": [[[2530713.989, 1175293.255], [2530713.279, 1175293.535], [2530697.719, 1175298.925], [2530695.629, 1175294.125], [2530694.109, 1175290.956], [2530695.759, 1175290.595], [2530699.149, 1175288.535], [2530701.349, 1175287.125], [2530701.549, 1175287.265], [2530703.379, 1175288.545], [2530705.629, 1175286.875], [2530705.4390000002, 1175285.915], [2530709.779, 1175280.635], [2530712.959, 1175282.575], [2530712.339, 1175284.455], [2530712.379, 1175285.305], [2530713.989, 1175293.255]]]}, "properties": {"OBJECTID": 46308204, "EGID": 818489, "NO_COM_FED": 5757, "GENRE_TXT": "b\u00e2timent"}}, {"type": "Feature", "id": 46308286, "geometry": {"type": "Polygon", "coordinates": [[[2530727.658, 1174551.49], [2530730.663, 1174551.349], [2530730.931, 1174557.322], [2530727.937, 1174557.46], [2530727.658, 1174551.49]]]}, "properties": {"OBJECTID": 46308286, "EGID": 280108195, "NO_COM_FED": 5757, "GENRE_TXT": "b\u00e2timent"}}, {"type": "Feature", "id": 46308452, "geometry": {"type": "Polygon", "coordinates": [[[2530918.46, 1175356.308], [2530909.42, 1175360.699], [2530905.04, 1175351.659], [2530906.716, 1175350.849], [2530914.06, 1175347.298], [2530918.46, 1175356.308]]]}, "properties": {"OBJECTID": 46308452, "EGID": 818400, "NO_COM_FED": 5757, "GENRE_TXT": "b\u00e2timent"}}, {"type": "Feature", "id": 46308929, "geometry": {"type": "Polygon", "coordinates": [[[2530328.72, 1175891.681], [2530323.632, 1175891.199], [2530324.033, 1175887.141], [2530322.411, 1175886.986], [2530323.216, 1175878.613], [2530323.654, 1175878.6469999999], [2530323.944, 1175875.673], [2530330.923, 1175876.322], [2530330.651, 1175879.332], [2530331.089, 1175879.368], [2530330.633, 1175884.062], [2530332.363, 1175884.254], [2530332.031, 1175887.911], [2530329.113, 1175887.628], [2530328.72, 1175891.681]]]}, "properties": {"OBJECTID": 46308929, "EGID": 818108, "NO_COM_FED": 5757, "GENRE_TXT": "b\u00e2timent"}}, {"type": "Feature", "id": 46308984, "geometry": {"type": "Polygon", "coordinates": [[[2530856.845, 1175781.9], [2530854.585, 1175786.22], [2530852.745, 1175785.27], [2530855.005, 1175780.91], [2530856.845, 1175781.9]]]}, "properties": {"OBJECTID": 46308984, "EGID": 280072690, "NO_COM_FED": 5757, "GENRE_TXT": "b\u00e2timent"}}, {"type": "Feature", "id": 46309036, "geometry": {"type": "Polygon", "coordinates": [[[2530655.65, 1176270.319], [2530664.1, 1176271.099], [2530663.15, 1176281.119], [2530654.72, 1176280.329], [2530655.325, 1176273.821], [2530655.65, 1176270.319]]]}, "properties": {"OBJECTID": 46309036, "EGID": 818223, "NO_COM_FED": 5757, "GENRE_TXT": "b\u00e2timent"}}, {"type": "Feature", "id": 46309270, "geometry": {"type": "Polygon", "coordinates": [[[2530141.383, 1175752.708], [2530144.813, 1175753.848], [2530141.753, 1175763.098], [2530132.223, 1175759.908], [2530133.703, 1175755.488], [2530130.853, 1175754.528], [2530130.153, 1175753.128], [2530131.443, 1175749.278], [2530132.843, 1175748.588], [2530135.733, 1175749.558], [2530135.353, 1175750.708], [2530141.383, 1175752.708]]]}, "properties": {"OBJECTID": 46309270, "EGID": 818127, "NO_COM_FED": 5757, "GENRE_TXT": "b\u00e2timent"}}, {"type": "Feature", "id": 46309447, "geometry": {"type": "Polygon", "coordinates": [[[2531066.209, 1176109.886], [2531066.909, 1176112.596], [2531061.559, 1176113.946], [2531060.859, 1176111.236], [2531066.209, 1176109.886]]]}, "properties": {"OBJECTID": 46309447, "EGID": 280048000, "NO_COM_FED": 5757, "GENRE_TXT": "b\u00e2timent"}}, {"type": "Feature", "id": 46309531, "geometry": {"type": "Polygon", "coordinates": [[[2530306.948, 1174667.185], [2530306.973, 1174670.28], [2530303.891, 1174670.34], [2530303.859, 1174667.239], [2530306.948, 1174667.185]]]}, "properties": {"OBJECTID": 46309531, "EGID": 280110206, "NO_COM_FED": 5757, "GENRE_TXT": "b\u00e2timent"}}, {"type": "Feature", "id": 46309548, "geometry": {"type": "Polygon", "coordinates": [[[2530724.776, 1174999.685], [2530720.796, 1175002.025], [2530710.666, 1175007.895], [2530707.886, 1175003.185], [2530717.915, 1174996.675], [2530717.745, 1174996.365], [2530720.965, 1174994.335], [2530724.776, 1174999.685]]]}, "properties": {"OBJECTID": 46309548, "EGID": 818674, "NO_COM_FED": 5757, "GENRE_TXT": "b\u00e2timent"}}, {"type": "Feature", "id": 46309880, "geometry": {"type": "Polygon", "coordinates": [[[2530750.1689999998, 1176142.905], [2530749.528, 1176134.975], [2530759.058, 1176134.155], [2530761.558, 1176133.955], [2530762.209, 1176141.965], [2530759.699, 1176142.165], [2530750.1689999998, 1176142.905]]]}, "properties": {"OBJECTID": 46309880, "EGID": 280013414, "NO_COM_FED": 5757, "GENRE_TXT": "b\u00e2timent"}}, {"type": "Feature", "id": 46310085, "geometry": {"type": "Polygon", "coordinates": [[[2531353.025, 1174585.597], [2531353.785, 1174588.6469999999], [2531354.175, 1174588.557], [2531355.485, 1174594.127], [2531344.885, 1174596.767], [2531343.505, 1174591.137], [2531344.025, 1174591.017], [2531343.255, 1174588.007], [2531353.025, 1174585.597]]]}, "properties": {"OBJECTID": 46310085, "EGID": 818479, "NO_COM_FED": 5757, "GENRE_TXT": "b\u00e2timent"}}, {"type": "Feature", "id": 46310445, "geometry": {"type": "Polygon", "coordinates": [[[2530596.139, 1174568.831], [2530596.046, 1174568.9679999999], [2530592.532, 1174566.606], [2530589.058, 1174564.271], [2530593.766, 1174557.317], [2530600.739, 1174562], [2530596.139, 1174568.831]]]}, "properties": {"OBJECTID": 46310445, "EGID": 280077393, "NO_COM_FED": 5757, "GENRE_TXT": "b\u00e2timent"}}, {"type": "Feature", "id": 46310820, "geometry": {"type": "Polygon", "coordinates": [[[2531000.333, 1176528.332], [2531002.193, 1176535.382], [2531003.883, 1176534.932], [2531004.893, 1176538.732], [2531003.193, 1176539.182], [2531003.273, 1176539.472], [2530993.913, 1176541.952], [2530990.963, 1176530.812], [2531000.333, 1176528.332]]]}, "properties": {"OBJECTID": 46310820, "EGID": 818172, "NO_COM_FED": 5757, "GENRE_TXT": "b\u00e2timent"}}, {"type": "Feature", "id": 46310872, "geometry": {"type": "Polygon", "coordinates": [[[2530891.997, 1175973.58], [2530891.037, 1175969.2], [2530890.307, 1175969.36], [2530889.537, 1175968.95], [2530889.137, 1175967.06], [2530889.697, 1175966.34], [2530890.397, 1175966.18], [2530889.417, 1175961.8], [2530898.457, 1175959.839], [2530898.587, 1175960.449], [2530900.217, 1175960.099], [2530901.067, 1175964.029], [2530899.437, 1175964.389], [2530901.007, 1175971.609], [2530891.997, 1175973.58]]]}, "properties": {"OBJECTID": 46310872, "EGID": 818249, "NO_COM_FED": 5757, "GENRE_TXT": "b\u00e2timent"}}, {"type": "Feature", "id": 46310930, "geometry": {"type": "Polygon", "coordinates": [[[2531150.59, 1175320.331], [2531144.23, 1175312.111], [2531146.16, 1175310.571], [2531149.42, 1175314.521], [2531152.95, 1175318.741], [2531150.59, 1175320.331]]]}, "properties": {"OBJECTID": 46310930, "EGID": 280032798, "NO_COM_FED": 5757, "GENRE_TXT": "b\u00e2timent"}}, {"type": "Feature", "id": 46311105, "geometry": {"type": "Polygon", "coordinates": [[[2530771.098, 1175232.383], [2530771.758, 1175235.523], [2530768.038, 1175236.073], [2530767.568, 1175232.913], [2530771.098, 1175232.383]]]}, "properties": {"OBJECTID": 46311105, "EGID": 280049587, "NO_COM_FED": 5757, "GENRE_TXT": "b\u00e2timent"}}, {"type": "Feature", "id": 46311518, "geometry": {"type": "Polygon", "coordinates": [[[2530323.076, 1175968.587], [2530327.783, 1175956.582], [2530327.836, 1175956.446], [2530351.116, 1175965.676], [2530346.422, 1175977.616], [2530346.336, 1175977.836], [2530323.076, 1175968.587]]]}, "properties": {"OBJECTID": 46311518, "EGID": 818081, "NO_COM_FED": 5757, "GENRE_TXT": "b\u00e2timent"}}, {"type": "Feature", "id": 46311564, "geometry": {"type": "Polygon", "coordinates": [[[2531249.771, 1175384.588], [2531251.0609999998, 1175388.067], [2531245.711, 1175390.018], [2531244.441, 1175386.538], [2531249.771, 1175384.588]]]}, "properties": {"OBJECTID": 46311564, "EGID": 280038981, "NO_COM_FED": 5757, "GENRE_TXT": "b\u00e2timent"}}, {"type": "Feature", "id": 46311758, "geometry": {"type": "Polygon", "coordinates": [[[2531713.339, 1174848.028], [2531699.699, 1174851.368], [2531686.029, 1174854.648], [2531683.679, 1174844.7280000001], [2531710.929, 1174837.998], [2531711.198, 1174839.119], [2531712.56, 1174838.792], [2531712.312, 1174837.761], [2531714.955, 1174837.126], [2531717.324, 1174846.986], [2531713.32, 1174847.948], [2531713.339, 1174848.028]]]}, "properties": {"OBJECTID": 46311758, "EGID": 818894, "NO_COM_FED": 5757, "GENRE_TXT": "b\u00e2timent"}}, {"type": "Feature", "id": 46311814, "geometry": {"type": "Polygon", "coordinates": [[[2530749.087, 1175082.634], [2530750.347, 1175083.224], [2530748.157, 1175086.674], [2530748.176994045, 1175086.7834921933], [2530748.1820072895, 1175086.8946819839], [2530748.171947749, 1175087.0055292114], [2530748.147, 1175087.114], [2530747.607, 1175088.314], [2530747.347, 1175088.604], [2530732.656, 1175079.865], [2530732.986, 1175078.995], [2530737.556, 1175072.644], [2530738.236, 1175072.414], [2530749.087, 1175082.634]]]}, "properties": {"OBJECTID": 46311814, "EGID": 818638, "NO_COM_FED": 5757, "GENRE_TXT": "b\u00e2timent"}}, {"type": "Feature", "id": 46312170, "geometry": {"type": "Polygon", "coordinates": [[[2530947.38, 1176277.601], [2530942.91, 1176271.161], [2530949.86, 1176266.331], [2530954.2, 1176272.571], [2530952.96, 1176273.431], [2530947.38, 1176277.601]]]}, "properties": {"OBJECTID": 46312170, "EGID": 818137, "NO_COM_FED": 5757, "GENRE_TXT": "b\u00e2timent"}}, {"type": "Feature", "id": 46312510, "geometry": {"type": "Polygon", "coordinates": [[[2530608.576, 1175050.149], [2530599.886, 1175047.309], [2530599.786, 1175047.276], [2530603.898, 1175035.154], [2530604.016, 1175035.199], [2530612.716, 1175038.128], [2530612.844, 1175038.173], [2530608.703, 1175050.195], [2530608.576, 1175050.149]]]}, "properties": {"OBJECTID": 46312510, "EGID": 818605, "NO_COM_FED": 5757, "GENRE_TXT": "b\u00e2timent"}}, {"type": "Feature", "id": 46312522, "geometry": {"type": "Polygon", "coordinates": [[[2531088.846, 1175006.803], [2531083.787, 1175014.303], [2531076.236, 1175009.264], [2531081.366, 1175001.753], [2531088.846, 1175006.803]]]}, "properties": {"OBJECTID": 46312522, "EGID": 818713, "NO_COM_FED": 5757, "GENRE_TXT": "b\u00e2timent"}}, {"type": "Feature", "id": 46312563, "geometry": {"type": "Polygon", "coordinates": [[[2530665.859, 1176186.248], [2530662.599, 1176185.378], [2530662.529, 1176185.658], [2530659.679, 1176184.858], [2530659.759, 1176184.588], [2530656.529, 1176183.698], [2530659.109, 1176174.388], [2530668.449, 1176176.9780000001], [2530665.859, 1176186.248]]]}, "properties": {"OBJECTID": 46312563, "EGID": 818220, "NO_COM_FED": 5757, "GENRE_TXT": "b\u00e2timent"}}, {"type": "Feature", "id": 46312619, "geometry": {"type": "Polygon", "coordinates": [[[2530736.008, 1175969.033], [2530742.863, 1175963.8530000001], [2530743.767, 1175965.048], [2530748.549, 1175961.434], [2530757.693, 1175973.534], [2530756.499, 1175974.434], [2530760.113, 1175979.225], [2530748.663, 1175987.87], [2530738.626, 1175974.568], [2530739.619, 1175973.828], [2530736.008, 1175969.033]]]}, "properties": {"OBJECTID": 46312619, "EGID": 280134339, "NO_COM_FED": 5757, "GENRE_TXT": "b\u00e2timent"}}, {"type": "Feature", "id": 46312680, "geometry": {"type": "Polygon", "coordinates": [[[2532099.343, 1176198.296], [2532109.637, 1176183.528], [2532126.045, 1176194.955], [2532115.767, 1176209.714], [2532099.343, 1176198.296]]]}, "properties": {"OBJECTID": 46312680, "EGID": 280101423, "NO_COM_FED": 5757, "GENRE_TXT": "b\u00e2timent"}}, {"type": "Feature", "id": 46312753, "geometry": {"type": "Polygon", "coordinates": [[[2530296.796, 1175878.74], [2530297.005, 1175876.278], [2530309.715, 1175877.487], [2530309.125, 1175883.797], [2530307.735, 1175883.667], [2530307.475, 1175886.417], [2530297.575, 1175885.498], [2530297.875, 1175882.058], [2530296.525, 1175881.938], [2530296.796, 1175878.74]]]}, "properties": {"OBJECTID": 46312753, "EGID": 818109, "NO_COM_FED": 5757, "GENRE_TXT": "b\u00e2timent"}}, {"type": "Feature", "id": 46312782, "geometry": {"type": "Polygon", "coordinates": [[[2531346.691, 1175033.88], [2531348.916, 1175035.942], [2531347.454, 1175037.511], [2531345.295, 1175035.389], [2531346.691, 1175033.88]]]}, "properties": {"OBJECTID": 46312782, "EGID": 280111099, "NO_COM_FED": 5757, "GENRE_TXT": "b\u00e2timent"}}, {"type": "Feature", "id": 46313040, "geometry": {"type": "Polygon", "coordinates": [[[2530782.765, 1174930.033], [2530783.115, 1174929.803], [2530783.985, 1174931.153], [2530793.565, 1174946.783], [2530793.255, 1174946.973], [2530786.005, 1174951.613], [2530776.415, 1174957.753], [2530764.585, 1174939.994], [2530766.975, 1174938.514], [2530767.665, 1174939.514], [2530771.145, 1174937.283], [2530770.485, 1174936.3530000001], [2530775.285, 1174933.3530000001], [2530776.075, 1174934.523], [2530783.035, 1174930.493], [2530782.765, 1174930.033]]]}, "properties": {"OBJECTID": 46313040, "EGID": 818664, "NO_COM_FED": 5757, "GENRE_TXT": "b\u00e2timent"}}, {"type": "Feature", "id": 46313148, "geometry": {"type": "Polygon", "coordinates": [[[2530977.437, 1175108.217], [2530979.147, 1175110.687], [2530974.417, 1175114.1469999999], [2530974.487, 1175114.267], [2530967.208, 1175119.557], [2530958.238, 1175125.987], [2530955.298, 1175121.857], [2530964.957, 1175115.127], [2530964.317, 1175114.207], [2530967.637, 1175111.817], [2530969.257, 1175114.087], [2530977.437, 1175108.217]]]}, "properties": {"OBJECTID": 46313148, "EGID": 818449, "NO_COM_FED": 5757, "GENRE_TXT": "b\u00e2timent"}}, {"type": "Feature", "id": 46313175, "geometry": {"type": "Polygon", "coordinates": [[[2530834.274, 1175338.359], [2530833.98, 1175338.451], [2530831.95, 1175331.801], [2530842.06, 1175328.631], [2530844.07, 1175335.301], [2530834.274, 1175338.359]]]}, "properties": {"OBJECTID": 46313175, "EGID": 818521, "NO_COM_FED": 5757, "GENRE_TXT": "b\u00e2timent"}}, {"type": "Feature", "id": 46313178, "geometry": {"type": "Polygon", "coordinates": [[[2531851.051, 1174902.646], [2531861.611, 1174946.465], [2531836.951, 1174952.365], [2531826.5810000002, 1174908.576], [2531851.051, 1174902.646]]]}, "properties": {"OBJECTID": 46313178, "EGID": 9029628, "NO_COM_FED": 5757, "GENRE_TXT": "b\u00e2timent"}}, {"type": "Feature", "id": 46313520, "geometry": {"type": "Polygon", "coordinates": [[[2531167.386, 1174954.742], [2531161.846, 1174950.832], [2531164.896, 1174946.492], [2531170.496, 1174950.372], [2531167.386, 1174954.742]]]}, "properties": {"OBJECTID": 46313520, "EGID": 280029133, "NO_COM_FED": 5757, "GENRE_TXT": "b\u00e2timent"}}, {"type": "Feature", "id": 46313531, "geometry": {"type": "Polygon", "coordinates": [[[2531175.016, 1174935.952], [2531178.396, 1174930.962], [2531183.366, 1174934.362], [2531179.986, 1174939.332], [2531175.016, 1174935.952]]]}, "properties": {"OBJECTID": 46313531, "EGID": 280027600, "NO_COM_FED": 5757, "GENRE_TXT": "b\u00e2timent"}}, {"type": "Feature", "id": 46313614, "geometry": {"type": "Polygon", "coordinates": [[[2530798.796, 1175064.382], [2530799.876, 1175066.242], [2530797.226, 1175067.762], [2530796.166, 1175065.903], [2530798.796, 1175064.382]]]}, "properties": {"OBJECTID": 46313614, "EGID": 280111087, "NO_COM_FED": 5757, "GENRE_TXT": "b\u00e2timent"}}, {"type": "Feature", "id": 46313734, "geometry": {"type": "Polygon", "coordinates": [[[2531249.991, 1175377.798], [2531244.931, 1175379.7280000001], [2531245.071, 1175380.118], [2531241.681, 1175381.398], [2531240.011, 1175377.028], [2531238.031, 1175377.778], [2531237.451, 1175376.248], [2531237.651, 1175376.168], [2531236.101, 1175372.078], [2531237.841, 1175371.378], [2531237.741, 1175371.108], [2531246.241, 1175367.878], [2531249.991, 1175377.798]]]}, "properties": {"OBJECTID": 46313734, "EGID": 818394, "NO_COM_FED": 5757, "GENRE_TXT": "b\u00e2timent"}}, {"type": "Feature", "id": 46313786, "geometry": {"type": "Polygon", "coordinates": [[[2530767.066, 1176163.432], [2530765.229, 1176157.435], [2530769.402, 1176156.151], [2530772.929, 1176155.065], [2530776.579, 1176167.065], [2530768.889, 1176169.405], [2530768.269, 1176167.375], [2530767.389, 1176164.485], [2530767.066, 1176163.432]]]}, "properties": {"OBJECTID": 46313786, "EGID": 280136652, "NO_COM_FED": 5757, "GENRE_TXT": "b\u00e2timent"}}, {"type": "Feature", "id": 46313910, "geometry": {"type": "Polygon", "coordinates": [[[2530246.347, 1174583.779], [2530250.257, 1174583.729], [2530250.229, 1174581.539], [2530254.229, 1174581.487], [2530254.257, 1174583.667], [2530254.367, 1174583.666], [2530254.443, 1174588.381], [2530255.734, 1174589.645], [2530254.481, 1174590.948], [2530254.547, 1174595.683], [2530246.528, 1174595.805], [2530246.465, 1174591.803], [2530246.347, 1174583.779]]]}, "properties": {"OBJECTID": 46313910, "EGID": 3163911, "NO_COM_FED": 5757, "GENRE_TXT": "b\u00e2timent"}}, {"type": "Feature", "id": 46313913, "geometry": {"type": "Polygon", "coordinates": [[[2530673.152, 1175558.346], [2530665.742, 1175559.126], [2530665.782, 1175555.636], [2530672.882, 1175554.976], [2530673.152, 1175558.346]]]}, "properties": {"OBJECTID": 46313913, "EGID": 280036489, "NO_COM_FED": 5757, "GENRE_TXT": "b\u00e2timent"}}, {"type": "Feature", "id": 46313963, "geometry": {"type": "Polygon", "coordinates": [[[2530965.371, 1176313.551], [2530963.0609999998, 1176315.481], [2530962.3109999998, 1176316.101], [2530963.041, 1176316.991], [2530961.231, 1176318.501], [2530956.881, 1176313.301], [2530956.761, 1176313.151], [2530965.28, 1176306.061], [2530966.19, 1176305.301], [2530969.881, 1176309.731], [2530967.921, 1176311.331], [2530967.961, 1176311.391], [2530965.371, 1176313.551]]]}, "properties": {"OBJECTID": 46313963, "EGID": 818141, "NO_COM_FED": 5757, "GENRE_TXT": "b\u00e2timent"}}, {"type": "Feature", "id": 46314099, "geometry": {"type": "Polygon", "coordinates": [[[2530873.29, 1176311.423], [2530873.95, 1176314.033], [2530863.77, 1176316.684], [2530861.77, 1176308.914], [2530864.19, 1176308.284], [2530863.41, 1176305.364], [2530864.11, 1176304.143], [2530865.19, 1176303.8530000001], [2530866.37, 1176304.553], [2530869.16, 1176303.8530000001], [2530869.91, 1176306.773], [2530871.93, 1176306.253], [2530872.92, 1176310.043], [2530873.041752467, 1176310.0838965615], [2530873.1556406957, 1176310.143273857], [2530873.2588797617, 1176310.2196799251], [2530873.348945144, 1176310.3112463972], [2530873.4236344616, 1176310.4157341851], [2530873.481121325, 1176310.5305882336], [2530873.52, 1176310.653], [2530873.5391155328, 1176310.7915103051], [2530873.534387486, 1176310.9312534758], [2530873.505953716, 1176311.068155006], [2530873.4546432695, 1176311.1982232432], [2530873.381952211, 1176311.317665774], [2530873.29, 1176311.423]]]}, "properties": {"OBJECTID": 46314099, "EGID": 818148, "NO_COM_FED": 5757, "GENRE_TXT": "b\u00e2timent"}}, {"type": "Feature", "id": 46314135, "geometry": {"type": "Polygon", "coordinates": [[[2531174.851, 1175379.73], [2531182.701, 1175393.83], [2531182.851, 1175394.05], [2531171.841, 1175400.21], [2531170.221, 1175397.29], [2531172.461, 1175396.06], [2531157.031, 1175368.341], [2531160.961, 1175366.15], [2531157.401, 1175359.881], [2531167.701, 1175354.15], [2531171.761, 1175361.72], [2531166.471, 1175364.67], [2531174.851, 1175379.73]]]}, "properties": {"OBJECTID": 46314135, "EGID": 280003306, "NO_COM_FED": 5757, "GENRE_TXT": "b\u00e2timent"}}, {"type": "Feature", "id": 46314256, "geometry": {"type": "Polygon", "coordinates": [[[2531745.978, 1174698.651], [2531744.458, 1174692.171], [2531750.318, 1174690.821], [2531751.868, 1174697.251], [2531745.978, 1174698.651]]]}, "properties": {"OBJECTID": 46314256, "EGID": 280024134, "NO_COM_FED": 5757, "GENRE_TXT": "b\u00e2timent"}}, {"type": "Feature", "id": 46314489, "geometry": {"type": "Polygon", "coordinates": [[[2530518.595, 1175836.38], [2530515.195, 1175837.221], [2530513.545, 1175830.501], [2530516.935, 1175829.661], [2530518.595, 1175836.38]]]}, "properties": {"OBJECTID": 46314489, "EGID": 280037387, "NO_COM_FED": 5757, "GENRE_TXT": "b\u00e2timent"}}, {"type": "Feature", "id": 46314687, "geometry": {"type": "Polygon", "coordinates": [[[2530752.391, 1175466.463], [2530752.471, 1175467.333], [2530755.621, 1175467.063], [2530755.991, 1175471.393], [2530755.591, 1175471.443], [2530755.921, 1175475.263], [2530755.751, 1175475.273], [2530755.921, 1175477.133], [2530752.701, 1175477.413], [2530752.541, 1175475.563], [2530748.191, 1175475.944], [2530748.341, 1175477.584], [2530745.421, 1175477.874], [2530745.251, 1175476.214], [2530743.281, 1175476.384], [2530742.501, 1175467.324], [2530743.719, 1175467.2179999999], [2530743.372, 1175463.232], [2530750.838, 1175462.6], [2530751.183, 1175466.568], [2530752.391, 1175466.463]]]}, "properties": {"OBJECTID": 46314687, "EGID": 818352, "NO_COM_FED": 5757, "GENRE_TXT": "b\u00e2timent"}}, {"type": "Feature", "id": 46314894, "geometry": {"type": "Polygon", "coordinates": [[[2530381.606, 1175919.475], [2530382.325, 1175910.485], [2530395.095, 1175911.434], [2530394.991, 1175912.737], [2530394.376, 1175920.484], [2530381.606, 1175919.475]]]}, "properties": {"OBJECTID": 46314894, "EGID": 818131, "NO_COM_FED": 5757, "GENRE_TXT": "b\u00e2timent"}}, {"type": "Feature", "id": 46315034, "geometry": {"type": "Polygon", "coordinates": [[[2530812.453, 1176581.4780000001], [2530818.523, 1176586.357], [2530812.883, 1176593.378], [2530807.948, 1176589.409], [2530806.803, 1176588.488], [2530812.453, 1176581.4780000001]]]}, "properties": {"OBJECTID": 46315034, "EGID": 818192, "NO_COM_FED": 5757, "GENRE_TXT": "b\u00e2timent"}}, {"type": "Feature", "id": 46315119, "geometry": {"type": "Polygon", "coordinates": [[[2531827.338, 1174548.063], [2531828.828, 1174547.693], [2531829.301, 1174549.606], [2531841.215, 1174546.706], [2531843.453, 1174555.851], [2531831.569, 1174558.764], [2531831.618, 1174558.962], [2531751.207, 1174578.693], [2531749.267, 1174570.583], [2531729.097, 1174575.513], [2531727.255, 1174568.033], [2531720.482, 1174569.68], [2531722.216, 1174576.81], [2531713.3140000002, 1174578.989], [2531709.028, 1174561.401], [2531717.925, 1174559.221], [2531717.819, 1174558.78], [2531723.154, 1174557.477], [2531723.117, 1174557.324], [2531724.557, 1174556.954], [2531712.714, 1174508.705], [2531706.0609999998, 1174510.335], [2531706.647, 1174512.704], [2531700.776, 1174514.152], [2531697.252, 1174499.905], [2531703.13, 1174498.443], [2531701.406, 1174491.448], [2531696.049, 1174488.177], [2531698.701, 1174483.927], [2531694.374, 1174481.321], [2531697.641, 1174475.985], [2531692.259, 1174453.877], [2531726.255, 1174445.567], [2531726.359, 1174445.994], [2531727.141, 1174445.801], [2531726.98, 1174445.201], [2531778.559, 1174432.561], [2531781.999, 1174446.589], [2531805.883, 1174440.746], [2531808.552, 1174451.646], [2531804.105, 1174452.754], [2531809.887, 1174476.744], [2531827.338, 1174548.063]], [[2531723.868, 1174560.394], [2531718.529, 1174561.69], [2531719.667, 1174566.339], [2531724.997, 1174565.039], [2531724.977, 1174564.933], [2531723.868, 1174560.394]]]}, "properties": {"OBJECTID": 46315119, "EGID": 9082192, "NO_COM_FED": 5757, "GENRE_TXT": "b\u00e2timent"}}, {"type": "Feature", "id": 46315220, "geometry": {"type": "Polygon", "coordinates": [[[2530288.943, 1176218.81], [2530308.0439999998, 1176216.034], [2530310.139, 1176230.378], [2530300.232, 1176231.828], [2530297.758, 1176232.189], [2530291.043, 1176233.172], [2530288.943, 1176218.81]]]}, "properties": {"OBJECTID": 46315220, "EGID": null, "NO_COM_FED": 5757, "GENRE_TXT": "b\u00e2timent"}}, {"type": "Feature", "id": 46315241, "geometry": {"type": "Polygon", "coordinates": [[[2530934.821, 1175415.448], [2530944.871, 1175410.847], [2530947.451, 1175416.227], [2530944.308, 1175417.6570000001], [2530946.8310000002, 1175423.033], [2530940.233, 1175426.055], [2530937.785, 1175420.708], [2530937.411, 1175420.888], [2530934.821, 1175415.448]]]}, "properties": {"OBJECTID": 46315241, "EGID": 818386, "NO_COM_FED": 5757, "GENRE_TXT": "b\u00e2timent"}}, {"type": "Feature", "id": 46315387, "geometry": {"type": "Polygon", "coordinates": [[[2530761.562, 1174642.531], [2530760.724, 1174646.387], [2530758.227, 1174645.864], [2530759.036, 1174642.002], [2530761.562, 1174642.531]]]}, "properties": {"OBJECTID": 46315387, "EGID": 280072623, "NO_COM_FED": 5757, "GENRE_TXT": "b\u00e2timent"}}, {"type": "Feature", "id": 46315487, "geometry": {"type": "Polygon", "coordinates": [[[2530707.307, 1175089.695], [2530714.387, 1175101.865], [2530709.257, 1175111.815], [2530701.227, 1175092.956], [2530705.807, 1175091.095], [2530705.697, 1175090.865], [2530707.307, 1175089.695]]]}, "properties": {"OBJECTID": 46315487, "EGID": 818632, "NO_COM_FED": 5757, "GENRE_TXT": "b\u00e2timent"}}, {"type": "Feature", "id": 46315891, "geometry": {"type": "Polygon", "coordinates": [[[2530925.406, 1174091.53], [2530925.72, 1174096.676], [2530920.615, 1174096.949], [2530920.327, 1174091.781], [2530925.406, 1174091.53]]]}, "properties": {"OBJECTID": 46315891, "EGID": 280070481, "NO_COM_FED": 5757, "GENRE_TXT": "b\u00e2timent"}}, {"type": "Feature", "id": 46316041, "geometry": {"type": "Polygon", "coordinates": [[[2531182.316, 1174895.563], [2531193.296, 1174900.552], [2531189.536, 1174908.7820000001], [2531178.536, 1174903.803], [2531182.316, 1174895.563]]]}, "properties": {"OBJECTID": 46316041, "EGID": 280012009, "NO_COM_FED": 5757, "GENRE_TXT": "b\u00e2timent"}}, {"type": "Feature", "id": 46316134, "geometry": {"type": "Polygon", "coordinates": [[[2531268.023, 1175548.827], [2531258.043, 1175552.337], [2531256.303, 1175547.487], [2531262.193, 1175545.3969999999], [2531266.373, 1175543.987], [2531268.023, 1175548.827]]]}, "properties": {"OBJECTID": 46316134, "EGID": 818390, "NO_COM_FED": 5757, "GENRE_TXT": "b\u00e2timent"}}, {"type": "Feature", "id": 46316176, "geometry": {"type": "Polygon", "coordinates": [[[2531377.321, 1174635.088], [2531381.281, 1174628.91], [2531413.4560000002, 1174620.991], [2531431.638, 1174695.209], [2531394.277, 1174704.393], [2531377.321, 1174635.088]]]}, "properties": {"OBJECTID": 46316176, "EGID": 280053130, "NO_COM_FED": 5757, "GENRE_TXT": "b\u00e2timent"}}, {"type": "Feature", "id": 46316239, "geometry": {"type": "Polygon", "coordinates": [[[2530619.408, 1174482.997], [2530615.306, 1174478.19], [2530620.126, 1174474.086], [2530624.217, 1174478.903], [2530619.408, 1174482.997]]]}, "properties": {"OBJECTID": 46316239, "EGID": 280069255, "NO_COM_FED": 5757, "GENRE_TXT": "b\u00e2timent"}}, {"type": "Feature", "id": 46316318, "geometry": {"type": "Polygon", "coordinates": [[[2530397.244, 1175805.724], [2530397.604, 1175805.644], [2530397.724, 1175806.164], [2530408.724, 1175803.644], [2530408.604, 1175803.134], [2530408.964, 1175803.044], [2530409.084, 1175803.564], [2530410.944, 1175811.654], [2530399.224, 1175814.354], [2530397.364, 1175806.244], [2530397.244, 1175805.724]]]}, "properties": {"OBJECTID": 46316318, "EGID": 818122, "NO_COM_FED": 5757, "GENRE_TXT": "b\u00e2timent"}}, {"type": "Feature", "id": 46316569, "geometry": {"type": "Polygon", "coordinates": [[[2530636.409, 1175325.827], [2530635.042, 1175319.906], [2530640.977, 1175318.179], [2530641.353, 1175317.898], [2530646.663, 1175316.733], [2530646.94, 1175318.063], [2530647.309, 1175317.985], [2530648.487, 1175323.224], [2530650.151, 1175330.622], [2530651.77, 1175337.822], [2530651.619, 1175337.857], [2530639.849, 1175340.767], [2530636.409, 1175325.827]]]}, "properties": {"OBJECTID": 46316569, "EGID": 280056357, "NO_COM_FED": 5757, "GENRE_TXT": "b\u00e2timent"}}, {"type": "Feature", "id": 46316598, "geometry": {"type": "Polygon", "coordinates": [[[2530974.268, 1175941.31], [2530969.895, 1175941.989], [2530964.364, 1175906.431], [2530971.434, 1175905.32], [2530979.272, 1175904.088], [2530984.818, 1175939.67], [2530974.268, 1175941.31]]]}, "properties": {"OBJECTID": 46316598, "EGID": 280134849, "NO_COM_FED": 5757, "GENRE_TXT": "b\u00e2timent"}}, {"type": "Feature", "id": 46316935, "geometry": {"type": "Polygon", "coordinates": [[[2531070.399, 1176126.156], [2531071.089, 1176128.866], [2531065.759, 1176130.226], [2531065.059, 1176127.506], [2531070.399, 1176126.156]]]}, "properties": {"OBJECTID": 46316935, "EGID": 280052243, "NO_COM_FED": 5757, "GENRE_TXT": "b\u00e2timent"}}, {"type": "Feature", "id": 46317047, "geometry": {"type": "Polygon", "coordinates": [[[2531100.358, 1175124.543], [2531104.758, 1175129.323], [2531098.258, 1175135.233], [2531093.908, 1175130.443], [2531100.358, 1175124.543]]]}, "properties": {"OBJECTID": 46317047, "EGID": 280019200, "NO_COM_FED": 5757, "GENRE_TXT": "b\u00e2timent"}}, {"type": "Feature", "id": 46317388, "geometry": {"type": "Polygon", "coordinates": [[[2530715.052, 1174718.596], [2530707.322, 1174731.926], [2530700.032, 1174727.716], [2530707.772, 1174714.376], [2530715.052, 1174718.596]]]}, "properties": {"OBJECTID": 46317388, "EGID": 818749, "NO_COM_FED": 5757, "GENRE_TXT": "b\u00e2timent"}}, {"type": "Feature", "id": 46317869, "geometry": {"type": "Polygon", "coordinates": [[[2530842.887, 1175457.374], [2530842.22, 1175454.036], [2530841.534, 1175454.165], [2530839.994, 1175446.496], [2530840.678, 1175446.359], [2530840.026, 1175443.097], [2530826.809, 1175445.701], [2530826.117, 1175442.191], [2530824.984, 1175442.411], [2530823.453, 1175434.793], [2530824.585, 1175434.573], [2530823.903, 1175431.079], [2530833.932, 1175429.091], [2530838.2, 1175428.245], [2530838.234, 1175428.409], [2530838.832, 1175431.313], [2530840.587, 1175432.531], [2530841.692, 1175438.062], [2530840.504, 1175439.846], [2530841.085, 1175442.672], [2530853.303, 1175440.26], [2530853.929, 1175443.335], [2530855.697, 1175444.517], [2530856.813, 1175450.031], [2530855.636, 1175451.797], [2530856.255, 1175454.886], [2530855.323, 1175455.07], [2530842.915, 1175457.516], [2530842.887, 1175457.374]]]}, "properties": {"OBJECTID": 46317869, "EGID": 280062986, "NO_COM_FED": 5757, "GENRE_TXT": "b\u00e2timent"}}, {"type": "Feature", "id": 46317932, "geometry": {"type": "Polygon", "coordinates": [[[2530969.674, 1175649.526], [2530975.854, 1175646.876], [2530979.804, 1175656.056], [2530970.624, 1175659.956], [2530967.164, 1175651.956], [2530966.654, 1175650.766], [2530969.674, 1175649.526]]]}, "properties": {"OBJECTID": 46317932, "EGID": 3163963, "NO_COM_FED": 5757, "GENRE_TXT": "b\u00e2timent"}}, {"type": "Feature", "id": 46318111, "geometry": {"type": "Polygon", "coordinates": [[[2531062.259, 1176116.666], [2531061.559, 1176113.946], [2531066.909, 1176112.596], [2531067.609, 1176115.316], [2531062.259, 1176116.666]]]}, "properties": {"OBJECTID": 46318111, "EGID": 280045787, "NO_COM_FED": 5757, "GENRE_TXT": "b\u00e2timent"}}, {"type": "Feature", "id": 46318202, "geometry": {"type": "Polygon", "coordinates": [[[2530293.542, 1174625.509], [2530293.724, 1174638.638], [2530286.15, 1174638.743], [2530286.0810000002, 1174633.438], [2530284.735, 1174632.148], [2530286.04, 1174630.812], [2530285.965, 1174625.619], [2530293.542, 1174625.509]]]}, "properties": {"OBJECTID": 46318202, "EGID": 3163908, "NO_COM_FED": 5757, "GENRE_TXT": "b\u00e2timent"}}, {"type": "Feature", "id": 46318236, "geometry": {"type": "Polygon", "coordinates": [[[2530743.975, 1174908.754], [2530738.205, 1174911.865], [2530734.404, 1174905.495], [2530741.484, 1174901.784], [2530743.975, 1174908.754]]]}, "properties": {"OBJECTID": 46318236, "EGID": 818732, "NO_COM_FED": 5757, "GENRE_TXT": "b\u00e2timent"}}, {"type": "Feature", "id": 46318285, "geometry": {"type": "Polygon", "coordinates": [[[2531036.879, 1176182.248], [2531034.389, 1176172.628], [2531035.339, 1176172.378], [2531035.309, 1176172.268], [2531044.499, 1176169.837], [2531045.469, 1176169.577], [2531047.409, 1176169.067], [2531049.879, 1176178.677], [2531048.9189999998, 1176178.947], [2531048.949, 1176179.057], [2531047.019, 1176179.567], [2531046.059, 1176179.827], [2531036.879, 1176182.248]]]}, "properties": {"OBJECTID": 46318285, "EGID": 818321, "NO_COM_FED": 5757, "GENRE_TXT": "b\u00e2timent"}}, {"type": "Feature", "id": 46318461, "geometry": {"type": "Polygon", "coordinates": [[[2531297.884, 1175600.696], [2531322.374, 1175590.515], [2531326.414, 1175600.215], [2531301.914, 1175610.396], [2531297.884, 1175600.696]]]}, "properties": {"OBJECTID": 46318461, "EGID": 280005458, "NO_COM_FED": 5757, "GENRE_TXT": "b\u00e2timent"}}, {"type": "Feature", "id": 46318483, "geometry": {"type": "Polygon", "coordinates": [[[2530923.377, 1175996.319], [2530919.977, 1175985.199], [2530929.117, 1175982.399], [2530932.527, 1175993.519], [2530923.377, 1175996.319]]]}, "properties": {"OBJECTID": 46318483, "EGID": 818250, "NO_COM_FED": 5757, "GENRE_TXT": "b\u00e2timent"}}, {"type": "Feature", "id": 46318546, "geometry": {"type": "Polygon", "coordinates": [[[2530666.837, 1174480.474], [2530665.414, 1174483.306], [2530663.484, 1174482.351], [2530664.913, 1174479.507], [2530666.837, 1174480.474]]]}, "properties": {"OBJECTID": 46318546, "EGID": 280116781, "NO_COM_FED": 5757, "GENRE_TXT": "b\u00e2timent"}}, {"type": "Feature", "id": 46318716, "geometry": {"type": "Polygon", "coordinates": [[[2530657.046, 1175085.857], [2530648.396, 1175088.427], [2530647.576, 1175082.237], [2530664.466, 1175077.327], [2530666.386, 1175083.097], [2530657.046, 1175085.857]]]}, "properties": {"OBJECTID": 46318716, "EGID": 818609, "NO_COM_FED": 5757, "GENRE_TXT": "b\u00e2timent"}}, {"type": "Feature", "id": 46318752, "geometry": {"type": "Polygon", "coordinates": [[[2531018.156, 1174869.4780000001], [2531016.933, 1174871.689], [2531013.825, 1174877.306], [2531013.545, 1174877.106], [2530992.965, 1174862.046], [2530999.694, 1174851.276], [2531004.104, 1174843.356], [2531026.345, 1174853.205], [2531022.425, 1174861.095], [2531022.815, 1174861.325], [2531021.975, 1174862.755], [2531025.165, 1174864.525], [2531024.31, 1174866.043], [2531022.005, 1174870.135], [2531018.705, 1174868.486], [2531018.156, 1174869.4780000001]]]}, "properties": {"OBJECTID": 46318752, "EGID": 818706, "NO_COM_FED": 5757, "GENRE_TXT": "b\u00e2timent"}}, {"type": "Feature", "id": 46318829, "geometry": {"type": "Polygon", "coordinates": [[[2530849.79, 1176270.274], [2530849.808877104, 1176270.0658477612], [2530849.8576391223, 1176269.8626090712], [2530849.935262172, 1176269.6685514466], [2530850.0401163585, 1176269.4877496238], [2530850.17, 1176269.324], [2530850.344812304, 1176269.1619806392], [2530850.543868163, 1176269.0308838056], [2530850.761757704, 1176268.9342724052], [2530850.9925591983, 1176268.8747721103], [2530851.23, 1176268.854], [2530850.57, 1176265.0929999999], [2530854.9, 1176264.3429999999], [2530855.14, 1176265.713], [2530857.8, 1176265.253], [2530859.42, 1176274.113], [2530856.17, 1176274.683], [2530856.41, 1176276.083], [2530852.98, 1176276.684], [2530852.74, 1176275.284], [2530849.05, 1176275.934], [2530848.09, 1176270.574], [2530849.79, 1176270.274]]]}, "properties": {"OBJECTID": 46318829, "EGID": 818896, "NO_COM_FED": 5757, "GENRE_TXT": "b\u00e2timent"}}, {"type": "Feature", "id": 46318871, "geometry": {"type": "Polygon", "coordinates": [[[2531234.565, 1174738.155], [2531235.865, 1174744.825], [2531231.935, 1174745.575], [2531232.135, 1174746.705], [2531230.535, 1174747.025], [2531230.265, 1174745.815], [2531228.115, 1174746.225], [2531226.825, 1174739.495], [2531234.565, 1174738.155]]]}, "properties": {"OBJECTID": 46318871, "EGID": 818468, "NO_COM_FED": 5757, "GENRE_TXT": "b\u00e2timent"}}, {"type": "Feature", "id": 46318934, "geometry": {"type": "Polygon", "coordinates": [[[2531033.884, 1175104.855], [2531034.015, 1175104.873], [2531036.125, 1175107.6570000001], [2531036.978, 1175108.784], [2531036.758, 1175110.398], [2531033.782, 1175112.658], [2531029.396, 1175106.93], [2531032.388, 1175104.652], [2531033.884, 1175104.855]]]}, "properties": {"OBJECTID": 46318934, "EGID": 280075125, "NO_COM_FED": 5757, "GENRE_TXT": "b\u00e2timent"}}, {"type": "Feature", "id": 46319012, "geometry": {"type": "Polygon", "coordinates": [[[2530988.485, 1176107.688], [2530991.0609999998, 1176116.363], [2530983.792, 1176118.519], [2530981.221, 1176109.842], [2530988.485, 1176107.688]]]}, "properties": {"OBJECTID": 46319012, "EGID": 280082644, "NO_COM_FED": 5757, "GENRE_TXT": "b\u00e2timent"}}, {"type": "Feature", "id": 46319218, "geometry": {"type": "Polygon", "coordinates": [[[2530763.435, 1175794.983], [2530757.905, 1175791.873], [2530759.265, 1175789.463], [2530766.245, 1175793.383], [2530764.885, 1175795.813], [2530763.435, 1175794.983]]]}, "properties": {"OBJECTID": 46319218, "EGID": 280038683, "NO_COM_FED": 5757, "GENRE_TXT": "b\u00e2timent"}}, {"type": "Feature", "id": 46319267, "geometry": {"type": "Polygon", "coordinates": [[[2530644.542, 1176489.261], [2530648.022, 1176499.241], [2530647.512, 1176499.431], [2530649.442, 1176505.911], [2530645.222, 1176507.201], [2530643.352, 1176500.921], [2530642.682, 1176501.181], [2530639.192, 1176491.171], [2530644.542, 1176489.261]]]}, "properties": {"OBJECTID": 46319267, "EGID": 280014050, "NO_COM_FED": 5757, "GENRE_TXT": "b\u00e2timent"}}, {"type": "Feature", "id": 46319551, "geometry": {"type": "Polygon", "coordinates": [[[2530517.815, 1174403.116], [2530521.197, 1174397.393], [2530525.468, 1174399.918], [2530529.97, 1174402.58], [2530526.408, 1174408.605], [2530525.72, 1174408.205], [2530517.815, 1174403.116]]]}, "properties": {"OBJECTID": 46319551, "EGID": 280091846, "NO_COM_FED": 5757, "GENRE_TXT": "b\u00e2timent"}}, {"type": "Feature", "id": 46319555, "geometry": {"type": "Polygon", "coordinates": [[[2530710.194, 1174897.565], [2530707.124, 1174890.156], [2530721.734, 1174884.125], [2530721.984, 1174884.525], [2530724.684, 1174888.965], [2530710.194, 1174897.565]]]}, "properties": {"OBJECTID": 46319555, "EGID": 818856, "NO_COM_FED": 5757, "GENRE_TXT": "b\u00e2timent"}}, {"type": "Feature", "id": 46319664, "geometry": {"type": "Polygon", "coordinates": [[[2530736.969, 1174629.7820000001], [2530738.975, 1174622.044], [2530745.466, 1174623.744], [2530745.278, 1174624.461], [2530749.58, 1174625.587], [2530747.746, 1174632.601], [2530742.862, 1174631.324], [2530736.969, 1174629.7820000001]]]}, "properties": {"OBJECTID": 46319664, "EGID": 3163960, "NO_COM_FED": 5757, "GENRE_TXT": "b\u00e2timent"}}, {"type": "Feature", "id": 46319807, "geometry": {"type": "Polygon", "coordinates": [[[2530654.619, 1175286.117], [2530654.6689999998, 1175286.557], [2530654.149, 1175286.6570000001], [2530655.399, 1175292.777], [2530654.809, 1175292.9070000001], [2530658.349, 1175306.4070000001], [2530652.659, 1175308.747], [2530640.279, 1175312.687], [2530640.1890000002, 1175312.417], [2530633.779, 1175314.437], [2530633.629, 1175313.747], [2530631.159, 1175297.128], [2530637.259, 1175295.747], [2530637.299, 1175296.037], [2530641.489, 1175295.167], [2530640.719, 1175287.727], [2530654.619, 1175286.117]]]}, "properties": {"OBJECTID": 46319807, "EGID": 818952, "NO_COM_FED": 5757, "GENRE_TXT": "b\u00e2timent"}}, {"type": "Feature", "id": 46319914, "geometry": {"type": "Polygon", "coordinates": [[[2531553.093, 1175400.809], [2531560.953, 1175408.119], [2531557.383, 1175411.959], [2531549.523, 1175404.649], [2531553.093, 1175400.809]]]}, "properties": {"OBJECTID": 46319914, "EGID": 280019714, "NO_COM_FED": 5757, "GENRE_TXT": "b\u00e2timent"}}, {"type": "Feature", "id": 46319922, "geometry": {"type": "Polygon", "coordinates": [[[2530825.957, 1174487.335], [2530827.658, 1174479.452], [2530836.899, 1174481.462], [2530835.275, 1174489.2719999999], [2530825.957, 1174487.335]]]}, "properties": {"OBJECTID": 46319922, "EGID": null, "NO_COM_FED": 5757, "GENRE_TXT": "b\u00e2timent"}}, {"type": "Feature", "id": 46319974, "geometry": {"type": "Polygon", "coordinates": [[[2530657.046, 1175085.857], [2530666.386, 1175083.097], [2530668.226, 1175088.177], [2530658.386, 1175090.717], [2530657.046, 1175085.857]]]}, "properties": {"OBJECTID": 46319974, "EGID": 818625, "NO_COM_FED": 5757, "GENRE_TXT": "b\u00e2timent"}}, {"type": "Feature", "id": 46320097, "geometry": {"type": "Polygon", "coordinates": [[[2530652.209, 1175616.447], [2530652.732, 1175619.391], [2530651.855, 1175619.554], [2530653.338, 1175627.948], [2530638.951, 1175630.54], [2530633.698, 1175600.956], [2530648.108, 1175598.409], [2530649.591, 1175606.803], [2530650.477, 1175606.646], [2530650.985, 1175609.519], [2530650.999, 1175609.596], [2530650.114, 1175609.755], [2530651.324, 1175616.6030000001], [2530652.209, 1175616.447]]]}, "properties": {"OBJECTID": 46320097, "EGID": 280052849, "NO_COM_FED": 5757, "GENRE_TXT": "b\u00e2timent"}}, {"type": "Feature", "id": 46320205, "geometry": {"type": "Polygon", "coordinates": [[[2530964.481, 1176320.711], [2530966.411, 1176323.001], [2530964.531, 1176324.581], [2530962.611, 1176322.281], [2530964.481, 1176320.711]]]}, "properties": {"OBJECTID": 46320205, "EGID": 280115676, "NO_COM_FED": 5757, "GENRE_TXT": "b\u00e2timent"}}, {"type": "Feature", "id": 46320658, "geometry": {"type": "Polygon", "coordinates": [[[2530464.197, 1175926.87], [2530463.166, 1175926.962], [2530462.926, 1175925.222], [2530457.616, 1175925.672], [2530456.766, 1175916.362], [2530462.556, 1175915.842], [2530462.6859999998, 1175917.2719999999], [2530467.036, 1175916.882], [2530467.896, 1175926.542], [2530466.744, 1175926.644], [2530464.197, 1175926.87]]]}, "properties": {"OBJECTID": 46320658, "EGID": 818130, "NO_COM_FED": 5757, "GENRE_TXT": "b\u00e2timent"}}, {"type": "Feature", "id": 46320813, "geometry": {"type": "Polygon", "coordinates": [[[2530731.177, 1175120.695], [2530732.627, 1175122.734], [2530735.717, 1175129.744], [2530737.227, 1175136.194], [2530738.437, 1175142.164], [2530734.657, 1175143.304], [2530734.567, 1175142.584], [2530729.237, 1175143.615], [2530708.297, 1175147.675], [2530708.277, 1175145.895], [2530708.697, 1175132.405], [2530709.167, 1175125.385], [2530714.207, 1175117.875], [2530716.317, 1175121.545], [2530717.917, 1175124.825], [2530724.857, 1175122.535], [2530725.457, 1175123.715], [2530727.937, 1175122.945], [2530729.347, 1175121.955], [2530728.977, 1175120.975], [2530731.037, 1175120.495], [2530731.177, 1175120.695]]]}, "properties": {"OBJECTID": 46320813, "EGID": 818539, "NO_COM_FED": 5757, "GENRE_TXT": "b\u00e2timent"}}, {"type": "Feature", "id": 46320969, "geometry": {"type": "Polygon", "coordinates": [[[2530747.139, 1174103.623], [2530747.404, 1174106.636], [2530751.395, 1174106.286], [2530751.141, 1174103.392], [2530753.157, 1174103.215], [2530754.22, 1174104.976], [2530754.393, 1174107.024], [2530753.635, 1174108.94], [2530751.609, 1174109.125], [2530751.625, 1174109.295], [2530744.601, 1174109.898], [2530744.116, 1174103.888], [2530747.139, 1174103.623]]]}, "properties": {"OBJECTID": 46320969, "EGID": 280068965, "NO_COM_FED": 5757, "GENRE_TXT": "b\u00e2timent"}}, {"type": "Feature", "id": 46321010, "geometry": {"type": "Polygon", "coordinates": [[[2530242.754, 1175785.2280000001], [2530246.594, 1175777.088], [2530255.844, 1175781.4780000001], [2530255.055, 1175783.129], [2530251.964, 1175789.598], [2530242.754, 1175785.2280000001]]]}, "properties": {"OBJECTID": 46321010, "EGID": 3163897, "NO_COM_FED": 5757, "GENRE_TXT": "b\u00e2timent"}}, {"type": "Feature", "id": 46321493, "geometry": {"type": "Polygon", "coordinates": [[[2530724.244, 1175904.296], [2530728.595, 1175895.231], [2530738.985, 1175900.214], [2530734.624, 1175909.305], [2530724.244, 1175904.296]]]}, "properties": {"OBJECTID": 46321493, "EGID": 280054931, "NO_COM_FED": 5757, "GENRE_TXT": "b\u00e2timent"}}, {"type": "Feature", "id": 46321655, "geometry": {"type": "Polygon", "coordinates": [[[2530566.832, 1175580.429], [2530557.052, 1175577.2], [2530548.252, 1175603.67], [2530532.962, 1175598.55], [2530539.312, 1175579.56], [2530536.932, 1175578.72], [2530538.612, 1175573.75], [2530540.952, 1175574.57], [2530547.162, 1175555.64], [2530546.312, 1175555.36], [2530549.352, 1175546.23], [2530559.433, 1175549.588], [2530566.462, 1175551.929], [2530565.942, 1175553.509], [2530574.792, 1175556.419], [2530566.832, 1175580.429]]]}, "properties": {"OBJECTID": 46321655, "EGID": 280001042, "NO_COM_FED": 5757, "GENRE_TXT": "b\u00e2timent"}}, {"type": "Feature", "id": 46321784, "geometry": {"type": "Polygon", "coordinates": [[[2530259.835, 1175869.819], [2530257.515, 1175878.439], [2530247.435, 1175875.749], [2530249.765, 1175867.119], [2530259.835, 1175869.819]]]}, "properties": {"OBJECTID": 46321784, "EGID": 818084, "NO_COM_FED": 5757, "GENRE_TXT": "b\u00e2timent"}}, {"type": "Feature", "id": 46321810, "geometry": {"type": "Polygon", "coordinates": [[[2530732.093, 1174773.215], [2530745.633, 1174778.974], [2530745.533, 1174779.064], [2530742.993, 1174781.505], [2530737.203, 1174786.385], [2530736.993, 1174786.585], [2530725.733, 1174778.755], [2530724.763, 1174779.975], [2530722.793, 1174778.495], [2530725.153, 1174775.365], [2530727.173, 1174776.835], [2530728.323, 1174775.285], [2530731.923, 1174773.495], [2530732.093, 1174773.215]]]}, "properties": {"OBJECTID": 46321810, "EGID": 819009, "NO_COM_FED": 5757, "GENRE_TXT": "b\u00e2timent"}}, {"type": "Feature", "id": 46321832, "geometry": {"type": "Polygon", "coordinates": [[[2530972.8310000002, 1176324.891], [2530971.261, 1176323.021], [2530973.551, 1176321.091], [2530975.131, 1176322.961], [2530972.8310000002, 1176324.891]]]}, "properties": {"OBJECTID": 46321832, "EGID": 280115677, "NO_COM_FED": 5757, "GENRE_TXT": "b\u00e2timent"}}, {"type": "Feature", "id": 46321849, "geometry": {"type": "Polygon", "coordinates": [[[2530009.441, 1175784.042], [2529995.174, 1175781.53], [2529993.929, 1175781.311], [2529995.42, 1175772.875], [2530003.97, 1175774.319], [2530004.759, 1175769.651], [2530011.743, 1175770.84], [2530009.441, 1175784.042]]]}, "properties": {"OBJECTID": 46321849, "EGID": 818117, "NO_COM_FED": 5757, "GENRE_TXT": "b\u00e2timent"}}, {"type": "Feature", "id": 46321874, "geometry": {"type": "Polygon", "coordinates": [[[2530716.385, 1174941.315], [2530716.635, 1174941.745], [2530723.175, 1174938.015], [2530725.005, 1174940.985], [2530710.535, 1174950.775], [2530708.005, 1174946.545], [2530713.015, 1174943.235], [2530716.385, 1174941.315]]]}, "properties": {"OBJECTID": 46321874, "EGID": 818677, "NO_COM_FED": 5757, "GENRE_TXT": "b\u00e2timent"}}, {"type": "Feature", "id": 46322188, "geometry": {"type": "Polygon", "coordinates": [[[2530758.651, 1175478.036], [2530758.755, 1175479.808], [2530753.699, 1175480.105], [2530753.618, 1175478.547], [2530758.651, 1175478.036]]]}, "properties": {"OBJECTID": 46322188, "EGID": 280139694, "NO_COM_FED": 5757, "GENRE_TXT": "b\u00e2timent"}}, {"type": "Feature", "id": 46322200, "geometry": {"type": "Polygon", "coordinates": [[[2530629.229, 1175283.608], [2530628.129, 1175276.298], [2530636.239, 1175274.717], [2530637.469, 1175282.437], [2530629.229, 1175283.608]]]}, "properties": {"OBJECTID": 46322200, "EGID": 818573, "NO_COM_FED": 5757, "GENRE_TXT": "b\u00e2timent"}}, {"type": "Feature", "id": 46322274, "geometry": {"type": "Polygon", "coordinates": [[[2532373.01, 1176302.185], [2532380.43, 1176291.245], [2532400.291, 1176304.515], [2532405.841, 1176296.295], [2532416.341, 1176303.545], [2532410.781, 1176311.695], [2532427.431, 1176322.995], [2532420.141, 1176334.025], [2532403.641, 1176322.765], [2532389.801, 1176343.115], [2532385.828, 1176340.42], [2532382.95, 1176344.732], [2532403.191, 1176358.376], [2532394.933, 1176370.627], [2532352.49, 1176342.015], [2532360.742, 1176329.762], [2532380.354, 1176342.982], [2532383.226, 1176338.655], [2532379.451, 1176336.095], [2532393.071, 1176315.715], [2532373.01, 1176302.185]]]}, "properties": {"OBJECTID": 46322274, "EGID": 818878, "NO_COM_FED": 5757, "GENRE_TXT": "b\u00e2timent"}}, {"type": "Feature", "id": 46322349, "geometry": {"type": "Polygon", "coordinates": [[[2530218.796, 1174513.862], [2530220.666, 1174516.81], [2530218.221, 1174518.439], [2530216.383, 1174515.392], [2530218.796, 1174513.862]]]}, "properties": {"OBJECTID": 46322349, "EGID": 280073266, "NO_COM_FED": 5757, "GENRE_TXT": "b\u00e2timent"}}, {"type": "Feature", "id": 46322373, "geometry": {"type": "Polygon", "coordinates": [[[2530847.433, 1176557.916], [2530844, 1176550.83], [2530841.033, 1176544.706], [2530848.603, 1176541.046], [2530854.993, 1176554.266], [2530847.433, 1176557.916]]]}, "properties": {"OBJECTID": 46322373, "EGID": 818176, "NO_COM_FED": 5757, "GENRE_TXT": "b\u00e2timent"}}, {"type": "Feature", "id": 46322510, "geometry": {"type": "Polygon", "coordinates": [[[2530965.371, 1176313.551], [2530966.941, 1176315.441], [2530964.631, 1176317.361], [2530963.0609999998, 1176315.481], [2530965.371, 1176313.551]]]}, "properties": {"OBJECTID": 46322510, "EGID": 280124122, "NO_COM_FED": 5757, "GENRE_TXT": "b\u00e2timent"}}, {"type": "Feature", "id": 46322999, "geometry": {"type": "Polygon", "coordinates": [[[2529793.121, 1175530.747], [2529794.051, 1175526.417], [2529798.301, 1175527.437], [2529798.0609999998, 1175528.437], [2529797.261, 1175531.707], [2529793.121, 1175530.747]]]}, "properties": {"OBJECTID": 46322999, "EGID": 280043248, "NO_COM_FED": 5742, "GENRE_TXT": "b\u00e2timent"}}, {"type": "Feature", "id": 46323022, "geometry": {"type": "Polygon", "coordinates": [[[2531561.735, 1174836.946], [2531563.774, 1174846.807], [2531521.986, 1174855.406], [2531519.958, 1174845.54], [2531561.735, 1174836.946]]]}, "properties": {"OBJECTID": 46323022, "EGID": 280082213, "NO_COM_FED": 5757, "GENRE_TXT": "b\u00e2timent"}}, {"type": "Feature", "id": 46323045, "geometry": {"type": "Polygon", "coordinates": [[[2531149.599, 1175222.751], [2531144.329, 1175216.021], [2531153.4189999998, 1175208.901], [2531158.6890000002, 1175215.631], [2531149.599, 1175222.751]]]}, "properties": {"OBJECTID": 46323045, "EGID": 101101062, "NO_COM_FED": 5757, "GENRE_TXT": "b\u00e2timent"}}, {"type": "Feature", "id": 46323079, "geometry": {"type": "Polygon", "coordinates": [[[2530832.966, 1175834.37], [2530830.096, 1175834.47], [2530829.986, 1175831.84], [2530828.156, 1175831.901], [2530827.855, 1175823.981], [2530834.515, 1175823.73], [2530834.435, 1175821.61], [2530839.305, 1175821.49], [2530839.375, 1175823.5], [2530838.105, 1175823.6], [2530838.406, 1175831.52], [2530832.866, 1175831.74], [2530832.966, 1175834.37]]]}, "properties": {"OBJECTID": 46323079, "EGID": 818303, "NO_COM_FED": 5757, "GENRE_TXT": "b\u00e2timent"}}, {"type": "Feature", "id": 46323254, "geometry": {"type": "Polygon", "coordinates": [[[2530923.97, 1176289.422], [2530919.51, 1176282.992], [2530926.38, 1176278.072], [2530930.77, 1176284.401], [2530929.14, 1176285.542], [2530923.97, 1176289.422]]]}, "properties": {"OBJECTID": 46323254, "EGID": 818134, "NO_COM_FED": 5757, "GENRE_TXT": "b\u00e2timent"}}, {"type": "Feature", "id": 46323309, "geometry": {"type": "Polygon", "coordinates": [[[2530479.548, 1174592.651], [2530475.683, 1174594.161], [2530473.265, 1174588.011], [2530486.586, 1174582.806], [2530488.991, 1174588.963], [2530479.548, 1174592.651]]]}, "properties": {"OBJECTID": 46323309, "EGID": 190069367, "NO_COM_FED": 5757, "GENRE_TXT": "b\u00e2timent"}}, {"type": "Feature", "id": 46323382, "geometry": {"type": "Polygon", "coordinates": [[[2530658.32, 1175392.057], [2530656.73, 1175389.1469999999], [2530656.21, 1175388.317], [2530658.02, 1175387.177], [2530660.31, 1175390.806], [2530658.32, 1175392.057]]]}, "properties": {"OBJECTID": 46323382, "EGID": 280108237, "NO_COM_FED": 5757, "GENRE_TXT": "b\u00e2timent"}}, {"type": "Feature", "id": 46323420, "geometry": {"type": "Polygon", "coordinates": [[[2530810.962, 1175547.831], [2530809.982, 1175544.091], [2530809.462, 1175544.251], [2530808.632, 1175541.102], [2530809.162, 1175540.972], [2530808.202, 1175537.232], [2530812.922, 1175536.001], [2530817.932, 1175534.741], [2530820.702, 1175545.321], [2530810.962, 1175547.831]]]}, "properties": {"OBJECTID": 46323420, "EGID": 818355, "NO_COM_FED": 5757, "GENRE_TXT": "b\u00e2timent"}}, {"type": "Feature", "id": 46323526, "geometry": {"type": "Polygon", "coordinates": [[[2531426.18, 1175175.015], [2531382.969, 1175134.856], [2531391.299, 1175125.926], [2531408.259, 1175141.486], [2531440.949, 1175106.246], [2531542.541, 1175200.223], [2531528.511, 1175215.243], [2531552.201, 1175237.172], [2531497.621, 1175296.182], [2531461.511, 1175262.513], [2531457.301, 1175267.033], [2531452.911, 1175262.943], [2531457.121, 1175258.423], [2531440.99, 1175243.373], [2531445.19, 1175238.623], [2531425.28, 1175220.234], [2531432.74, 1175212.074], [2531437.99, 1175206.344], [2531444.07, 1175199.694], [2531442.76, 1175198.414], [2531446.71, 1175194.104], [2531426.18, 1175175.015]]]}, "properties": {"OBJECTID": 46323526, "EGID": 280000168, "NO_COM_FED": 5757, "GENRE_TXT": "b\u00e2timent"}}, {"type": "Feature", "id": 46323718, "geometry": {"type": "Polygon", "coordinates": [[[2530321.407, 1174554.703], [2530324.043, 1174547.143], [2530333.477, 1174550.458], [2530330.84, 1174558.014], [2530321.407, 1174554.703]]]}, "properties": {"OBJECTID": 46323718, "EGID": 280102942, "NO_COM_FED": 5757, "GENRE_TXT": "b\u00e2timent"}}, {"type": "Feature", "id": 46323756, "geometry": {"type": "Polygon", "coordinates": [[[2530475.48, 1174571.914], [2530465.417, 1174574.916], [2530461.763, 1174576.006], [2530459.877, 1174569.667], [2530473.587, 1174565.579], [2530475.48, 1174571.914]]]}, "properties": {"OBJECTID": 46323756, "EGID": 190069365, "NO_COM_FED": 5757, "GENRE_TXT": "b\u00e2timent"}}, {"type": "Feature", "id": 46323845, "geometry": {"type": "Polygon", "coordinates": [[[2530079.357, 1174660.18], [2530073.471, 1174660.18], [2530073.462, 1174649.038], [2530079.352, 1174649.036], [2530079.357, 1174660.18]]]}, "properties": {"OBJECTID": 46323845, "EGID": 280094784, "NO_COM_FED": 5757, "GENRE_TXT": "b\u00e2timent"}}, {"type": "Feature", "id": 46323910, "geometry": {"type": "Polygon", "coordinates": [[[2530073.3140000002, 1175792.449], [2530067.399, 1175791.875], [2530065.694, 1175791.709], [2530065.514, 1175792.969], [2530060.204, 1175792.409], [2530060.924, 1175785.079], [2530064.074, 1175785.399], [2530064.194, 1175784.209], [2530069.944, 1175784.779], [2530070.004, 1175784.179], [2530074.114, 1175784.589], [2530073.3140000002, 1175792.449]]]}, "properties": {"OBJECTID": 46323910, "EGID": 818114, "NO_COM_FED": 5757, "GENRE_TXT": "b\u00e2timent"}}, {"type": "Feature", "id": 46323994, "geometry": {"type": "Polygon", "coordinates": [[[2530420.921, 1174808.722], [2530422.326, 1174806.556], [2530424.94, 1174808.223], [2530423.526, 1174810.408], [2530420.921, 1174808.722]]]}, "properties": {"OBJECTID": 46323994, "EGID": 280112702, "NO_COM_FED": 5757, "GENRE_TXT": "b\u00e2timent"}}, {"type": "Feature", "id": 46324110, "geometry": {"type": "Polygon", "coordinates": [[[2530794.1890000002, 1175291.632], [2530796.1689999998, 1175299.212], [2530790.239, 1175300.752], [2530789.4390000002, 1175297.752], [2530787.809, 1175298.162], [2530785.489, 1175289.223], [2530785.139, 1175289.313], [2530784.329, 1175286.163], [2530792.199, 1175284.102], [2530794.1890000002, 1175291.632]]]}, "properties": {"OBJECTID": 46324110, "EGID": 818535, "NO_COM_FED": 5757, "GENRE_TXT": "b\u00e2timent"}}, {"type": "Feature", "id": 46324319, "geometry": {"type": "Polygon", "coordinates": [[[2530604.366, 1175907.928], [2530609.976, 1175910.937], [2530609.666, 1175911.507], [2530607.446, 1175910.328], [2530605.986, 1175911.2179999999], [2530603.336, 1175909.808], [2530604.366, 1175907.928]]]}, "properties": {"OBJECTID": 46324319, "EGID": 280123693, "NO_COM_FED": 5757, "GENRE_TXT": "b\u00e2timent"}}, {"type": "Feature", "id": 46324728, "geometry": {"type": "Polygon", "coordinates": [[[2530466.549, 1176193.233], [2530462.829, 1176202.534], [2530452.899, 1176198.554], [2530456.629, 1176189.244], [2530466.549, 1176193.233]]]}, "properties": {"OBJECTID": 46324728, "EGID": 818076, "NO_COM_FED": 5757, "GENRE_TXT": "b\u00e2timent"}}, {"type": "Feature", "id": 46324774, "geometry": {"type": "Polygon", "coordinates": [[[2530878.826, 1175029.071], [2530877.952, 1175029.617], [2530874.829, 1175024.588], [2530879.917, 1175021.429], [2530883.031, 1175026.441], [2530878.826, 1175029.071]]]}, "properties": {"OBJECTID": 46324774, "EGID": 280047355, "NO_COM_FED": 5757, "GENRE_TXT": "b\u00e2timent"}}, {"type": "Feature", "id": 46325068, "geometry": {"type": "Polygon", "coordinates": [[[2530664.049, 1175303.466], [2530685.519, 1175300.156], [2530687.489, 1175313.616], [2530667.609, 1175317.436], [2530665.989, 1175317.726], [2530665.319, 1175313.986], [2530663.965, 1175314.368], [2530663.369, 1175314.536], [2530660.709, 1175315.197], [2530660.6689999998, 1175315.027], [2530660.4189999998, 1175313.697], [2530664.129, 1175312.616], [2530663.529, 1175309.266], [2530664.999, 1175308.856], [2530664.049, 1175303.466]]]}, "properties": {"OBJECTID": 46325068, "EGID": 818555, "NO_COM_FED": 5757, "GENRE_TXT": "b\u00e2timent"}}, {"type": "Feature", "id": 46325111, "geometry": {"type": "Polygon", "coordinates": [[[2530746.998, 1176078.485], [2530753.218, 1176078.044], [2530754.158, 1176091.345], [2530747.948, 1176091.805], [2530747.698, 1176088.285], [2530745.738, 1176088.425], [2530745.268, 1176081.855], [2530747.228, 1176081.715], [2530746.998, 1176078.485]]]}, "properties": {"OBJECTID": 46325111, "EGID": 3163969, "NO_COM_FED": 5757, "GENRE_TXT": "b\u00e2timent"}}, {"type": "Feature", "id": 46325182, "geometry": {"type": "Polygon", "coordinates": [[[2530684.946, 1174536.564], [2530686.585, 1174543.506], [2530685.514, 1174543.758], [2530686.093, 1174546.221], [2530680.381, 1174547.577], [2530679.799, 1174545.126], [2530678.762, 1174545.372], [2530677.113, 1174538.415], [2530684.946, 1174536.564]]]}, "properties": {"OBJECTID": 46325182, "EGID": 818762, "NO_COM_FED": 5757, "GENRE_TXT": "b\u00e2timent"}}, {"type": "Feature", "id": 46325458, "geometry": {"type": "Polygon", "coordinates": [[[2530596.996, 1175046.469], [2530596.326, 1175047.979], [2530595.636, 1175049.539], [2530587.046, 1175046.279], [2530588.476, 1175043.359], [2530593.906, 1175045.339], [2530596.996, 1175046.469]]]}, "properties": {"OBJECTID": 46325458, "EGID": 280033229, "NO_COM_FED": 5757, "GENRE_TXT": "b\u00e2timent"}}, {"type": "Feature", "id": 46325939, "geometry": {"type": "Polygon", "coordinates": [[[2530611.539, 1174544.597], [2530616.56, 1174552.173], [2530609.836, 1174556.714], [2530608.134, 1174554.156], [2530606.473, 1174555.261], [2530604.825, 1174552.749], [2530606.465, 1174551.677], [2530604.783, 1174549.105], [2530611.539, 1174544.597]]]}, "properties": {"OBJECTID": 46325939, "EGID": 818805, "NO_COM_FED": 5757, "GENRE_TXT": "b\u00e2timent"}}, {"type": "Feature", "id": 46325964, "geometry": {"type": "Polygon", "coordinates": [[[2530373.573, 1174410.422], [2530377.502, 1174409.271], [2530378.36, 1174412.201], [2530374.47, 1174413.34], [2530373.573, 1174410.422]]]}, "properties": {"OBJECTID": 46325964, "EGID": 280072161, "NO_COM_FED": 5757, "GENRE_TXT": "b\u00e2timent"}}, {"type": "Feature", "id": 46326054, "geometry": {"type": "Polygon", "coordinates": [[[2531075.979, 1176147.856], [2531070.6689999998, 1176149.216], [2531069.969, 1176146.506], [2531075.279, 1176145.146], [2531075.979, 1176147.856]]]}, "properties": {"OBJECTID": 46326054, "EGID": 280048489, "NO_COM_FED": 5757, "GENRE_TXT": "b\u00e2timent"}}, {"type": "Feature", "id": 46326063, "geometry": {"type": "Polygon", "coordinates": [[[2530870.874, 1174405.197], [2530871.687, 1174405.211], [2530871.624, 1174407.67], [2530871.477, 1174413.381], [2530871.472, 1174413.561], [2530862.388, 1174413.312], [2530862.618, 1174405.302], [2530862.623, 1174405.137], [2530870.869, 1174405.356], [2530870.874, 1174405.197]]]}, "properties": {"OBJECTID": 46326063, "EGID": 280102382, "NO_COM_FED": 5757, "GENRE_TXT": "b\u00e2timent"}}, {"type": "Feature", "id": 46326151, "geometry": {"type": "Polygon", "coordinates": [[[2530577.829, 1174591.206], [2530582.243, 1174593.487], [2530582.166, 1174593.638], [2530584.347, 1174594.755], [2530585.164, 1174596.302], [2530584.073, 1174598.827], [2530582.117, 1174599.067], [2530580.916, 1174601.856], [2530578.573, 1174600.6570000001], [2530578.4189999998, 1174600.958], [2530570.942, 1174597.101], [2530574.782, 1174589.632], [2530577.829, 1174591.206]]]}, "properties": {"OBJECTID": 46326151, "EGID": 280077391, "NO_COM_FED": 5757, "GENRE_TXT": "b\u00e2timent"}}, {"type": "Feature", "id": 46326389, "geometry": {"type": "Polygon", "coordinates": [[[2530505.313, 1174797.259], [2530505.493, 1174797.019], [2530510.433, 1174800.749], [2530510.243, 1174800.989], [2530510.023, 1174800.819], [2530506.653, 1174805.279], [2530506.873, 1174805.449], [2530506.693, 1174805.699], [2530501.763, 1174801.989], [2530501.943, 1174801.739], [2530502.163, 1174801.899], [2530505.533, 1174797.429], [2530505.313, 1174797.259]]]}, "properties": {"OBJECTID": 46326389, "EGID": 280028758, "NO_COM_FED": 5757, "GENRE_TXT": "b\u00e2timent"}}, {"type": "Feature", "id": 46326561, "geometry": {"type": "Polygon", "coordinates": [[[2530998.792, 1176458.821], [2530988.932, 1176458.252], [2530989.042, 1176456.421], [2530985.942, 1176456.242], [2530986.252, 1176450.922], [2530988.442, 1176451.051], [2530999.212, 1176451.681], [2530998.792, 1176458.821]]]}, "properties": {"OBJECTID": 46326561, "EGID": 280067057, "NO_COM_FED": 5757, "GENRE_TXT": "b\u00e2timent"}}, {"type": "Feature", "id": 46326635, "geometry": {"type": "Polygon", "coordinates": [[[2530332.783, 1174685.739], [2530343.229, 1174683.89], [2530345.08, 1174694.346], [2530334.63, 1174696.203], [2530332.783, 1174685.739]]]}, "properties": {"OBJECTID": 46326635, "EGID": 190098233, "NO_COM_FED": 5757, "GENRE_TXT": "b\u00e2timent"}}, {"type": "Feature", "id": 46326775, "geometry": {"type": "Polygon", "coordinates": [[[2530775.21, 1175350.063], [2530778.89, 1175349.423], [2530779.62, 1175352.873], [2530775.98, 1175354.203], [2530775.21, 1175350.063]]]}, "properties": {"OBJECTID": 46326775, "EGID": 280047825, "NO_COM_FED": 5757, "GENRE_TXT": "b\u00e2timent"}}, {"type": "Feature", "id": 46326973, "geometry": {"type": "Polygon", "coordinates": [[[2531713.339, 1174848.028], [2531715.629, 1174857.608], [2531702.079, 1174860.928], [2531699.699, 1174851.368], [2531713.339, 1174848.028]]]}, "properties": {"OBJECTID": 46326973, "EGID": 3163951, "NO_COM_FED": 5757, "GENRE_TXT": "b\u00e2timent"}}, {"type": "Feature", "id": 46326992, "geometry": {"type": "Polygon", "coordinates": [[[2530472.642, 1175980.671], [2530472.414, 1175979.015], [2530473.596, 1175978.835], [2530473.25, 1175976.158], [2530476.633, 1175975.7], [2530476.354, 1175973.519], [2530480.779, 1175972.93], [2530481.906, 1175981.858], [2530481.387, 1175981.913], [2530481.648, 1175983.964], [2530476.269, 1175984.68], [2530475.996, 1175982.663], [2530474.147, 1175982.914], [2530473.823, 1175980.512], [2530472.642, 1175980.671]]]}, "properties": {"OBJECTID": 46326992, "EGID": 818070, "NO_COM_FED": 5757, "GENRE_TXT": "b\u00e2timent"}}, {"type": "Feature", "id": 46327131, "geometry": {"type": "Polygon", "coordinates": [[[2530371.005, 1175896.175], [2530370.755, 1175898.575], [2530366.825, 1175898.115], [2530367.075, 1175895.695], [2530371.005, 1175896.175]]]}, "properties": {"OBJECTID": 46327131, "EGID": 280109744, "NO_COM_FED": 5757, "GENRE_TXT": "b\u00e2timent"}}, {"type": "Feature", "id": 46327220, "geometry": {"type": "Polygon", "coordinates": [[[2530728.276, 1175057.745], [2530726.4560000002, 1175052.385], [2530734.156, 1175047.675], [2530737.336, 1175053.074], [2530728.276, 1175057.745]]]}, "properties": {"OBJECTID": 46327220, "EGID": 818644, "NO_COM_FED": 5757, "GENRE_TXT": "b\u00e2timent"}}, {"type": "Feature", "id": 46327368, "geometry": {"type": "Polygon", "coordinates": [[[2530361.239, 1174407.166], [2530349.041, 1174410.799], [2530346.3140000002, 1174411.621], [2530345.491, 1174411.175], [2530344.437, 1174407.629], [2530344.883, 1174406.806], [2530347.613, 1174405.994], [2530347.584, 1174405.898], [2530359.78, 1174402.264], [2530361.239, 1174407.166]]]}, "properties": {"OBJECTID": 46327368, "EGID": 3163917, "NO_COM_FED": 5757, "GENRE_TXT": "b\u00e2timent"}}, {"type": "Feature", "id": 46327586, "geometry": {"type": "Polygon", "coordinates": [[[2531083.019, 1176175.856], [2531085.529, 1176185.626], [2531075.339, 1176188.247], [2531072.859, 1176178.6469999999], [2531073.829, 1176178.387], [2531073.809, 1176178.297], [2531083.019, 1176175.856]]]}, "properties": {"OBJECTID": 46327586, "EGID": 818325, "NO_COM_FED": 5757, "GENRE_TXT": "b\u00e2timent"}}, {"type": "Feature", "id": 46327727, "geometry": {"type": "Polygon", "coordinates": [[[2530305.262, 1174427.201], [2530301.381, 1174428.357], [2530299.085, 1174420.64], [2530302.955, 1174419.485], [2530305.262, 1174427.201]]]}, "properties": {"OBJECTID": 46327727, "EGID": 280069878, "NO_COM_FED": 5757, "GENRE_TXT": "b\u00e2timent"}}, {"type": "Feature", "id": 46327983, "geometry": {"type": "Polygon", "coordinates": [[[2530738.756, 1175054.684], [2530738.416, 1175054.924], [2530737.336, 1175053.074], [2530734.156, 1175047.675], [2530730.546, 1175041.655], [2530730.756, 1175041.495], [2530734.996, 1175039.085], [2530742.906, 1175051.774], [2530744.406, 1175050.794], [2530745.606, 1175053.124], [2530744.886, 1175053.564], [2530742.526, 1175055.044], [2530741.296, 1175052.884], [2530738.756, 1175054.684]]]}, "properties": {"OBJECTID": 46327983, "EGID": 818970, "NO_COM_FED": 5757, "GENRE_TXT": "b\u00e2timent"}}, {"type": "Feature", "id": 46328120, "geometry": {"type": "Polygon", "coordinates": [[[2530536.458, 1175245.831], [2530532.888, 1175245.871], [2530532.468, 1175215.871], [2530536.168, 1175215.791], [2530536.458, 1175245.831]]]}, "properties": {"OBJECTID": 46328120, "EGID": 280012060, "NO_COM_FED": 5757, "GENRE_TXT": "b\u00e2timent"}}, {"type": "Feature", "id": 46328204, "geometry": {"type": "Polygon", "coordinates": [[[2532245.217, 1176127.663], [2532239.717, 1176135.1030000001], [2532227.137, 1176125.683], [2532232.607, 1176118.283], [2532245.217, 1176127.663]]]}, "properties": {"OBJECTID": 46328204, "EGID": 280009838, "NO_COM_FED": 5757, "GENRE_TXT": "b\u00e2timent"}}, {"type": "Feature", "id": 46328421, "geometry": {"type": "Polygon", "coordinates": [[[2530700.752, 1174683.226], [2530695.592, 1174679.916], [2530703.922, 1174666.936], [2530706.892, 1174668.836], [2530709.032, 1174670.206], [2530700.752, 1174683.226]]]}, "properties": {"OBJECTID": 46328421, "EGID": 280013520, "NO_COM_FED": 5757, "GENRE_TXT": "b\u00e2timent"}}, {"type": "Feature", "id": 46328737, "geometry": {"type": "Polygon", "coordinates": [[[2530430.18, 1175446.574], [2530429.69, 1175444.154], [2530432.85, 1175443.414], [2530433.43, 1175445.834], [2530430.18, 1175446.574]]]}, "properties": {"OBJECTID": 46328737, "EGID": 280112298, "NO_COM_FED": 5757, "GENRE_TXT": "b\u00e2timent"}}, {"type": "Feature", "id": 46328768, "geometry": {"type": "Polygon", "coordinates": [[[2530372.597, 1174532.704], [2530369.434, 1174531.872], [2530367.415, 1174532.462], [2530366.022, 1174532.085], [2530368.715, 1174521.954], [2530375.004, 1174523.623], [2530372.597, 1174532.704]]]}, "properties": {"OBJECTID": 46328768, "EGID": 818838, "NO_COM_FED": 5757, "GENRE_TXT": "b\u00e2timent"}}, {"type": "Feature", "id": 46329053, "geometry": {"type": "Polygon", "coordinates": [[[2530632.818, 1174627.512], [2530631.625, 1174630.066], [2530628.272, 1174628.504], [2530629.097, 1174626.75], [2530631.615, 1174627.909], [2530631.996, 1174627.082], [2530632.818, 1174627.512]]]}, "properties": {"OBJECTID": 46329053, "EGID": 280117735, "NO_COM_FED": 5757, "GENRE_TXT": "b\u00e2timent"}}, {"type": "Feature", "id": 46329105, "geometry": {"type": "Polygon", "coordinates": [[[2530926.749, 1175254.958], [2530935.959, 1175250.9679999999], [2530937.219, 1175250.418], [2530945.539, 1175269.547], [2530940.16, 1175271.872], [2530934.9189999998, 1175274.138], [2530926.559, 1175255.038], [2530926.749, 1175254.958]]]}, "properties": {"OBJECTID": 46329105, "EGID": 818404, "NO_COM_FED": 5757, "GENRE_TXT": "b\u00e2timent"}}, {"type": "Feature", "id": 46329135, "geometry": {"type": "Polygon", "coordinates": [[[2530373.053, 1174408.632], [2530372.187, 1174405.711], [2530376.074, 1174404.572], [2530376.931, 1174407.475], [2530373.053, 1174408.632]]]}, "properties": {"OBJECTID": 46329135, "EGID": 280072165, "NO_COM_FED": 5757, "GENRE_TXT": "b\u00e2timent"}}, {"type": "Feature", "id": 46329311, "geometry": {"type": "Polygon", "coordinates": [[[2530782.765, 1174930.033], [2530783.035, 1174930.493], [2530776.075, 1174934.523], [2530775.285, 1174933.3530000001], [2530770.485, 1174936.3530000001], [2530771.145, 1174937.283], [2530767.665, 1174939.514], [2530766.975, 1174938.514], [2530764.585, 1174939.994], [2530763.495, 1174940.674], [2530756.975, 1174927.544], [2530757.165, 1174927.364], [2530767.705, 1174921.634], [2530769.065, 1174923.834], [2530772.655, 1174921.613], [2530772.589, 1174921.507], [2530773.016, 1174921.248], [2530775.1859999998, 1174924.572], [2530778.248, 1174922.756], [2530779.745, 1174925.191], [2530779.881, 1174925.109], [2530782.765, 1174930.033]]]}, "properties": {"OBJECTID": 46329311, "EGID": 818666, "NO_COM_FED": 5757, "GENRE_TXT": "b\u00e2timent"}}, {"type": "Feature", "id": 46329947, "geometry": {"type": "Polygon", "coordinates": [[[2530749.9390000002, 1176103.0929999999], [2530749.788, 1176100.995], [2530754.798, 1176100.625], [2530755.068, 1176104.965], [2530750.098, 1176105.315], [2530749.9390000002, 1176103.0929999999]]]}, "properties": {"OBJECTID": 46329947, "EGID": 280038494, "NO_COM_FED": 5757, "GENRE_TXT": "b\u00e2timent"}}, {"type": "Feature", "id": 46329983, "geometry": {"type": "Polygon", "coordinates": [[[2531078.607, 1175070.263], [2531076.367, 1175067.873], [2531079.647, 1175064.803], [2531081.887, 1175067.213], [2531078.607, 1175070.263]]]}, "properties": {"OBJECTID": 46329983, "EGID": 280047467, "NO_COM_FED": 5757, "GENRE_TXT": "b\u00e2timent"}}, {"type": "Feature", "id": 46330062, "geometry": {"type": "Polygon", "coordinates": [[[2530878.759, 1176181.932], [2530884.559, 1176180.492], [2530885.279, 1176183.422], [2530879.479, 1176184.852], [2530878.759, 1176181.932]]]}, "properties": {"OBJECTID": 46330062, "EGID": 280014298, "NO_COM_FED": 5757, "GENRE_TXT": "b\u00e2timent"}}, {"type": "Feature", "id": 46330103, "geometry": {"type": "Polygon", "coordinates": [[[2530496.785, 1175923.745], [2530497.216, 1175925.461], [2530493.036, 1175926.521], [2530492.966, 1175926.231], [2530487.316, 1175927.671], [2530485.646, 1175921.121], [2530484.776, 1175921.341], [2530483.656, 1175916.952], [2530485.596, 1175916.461], [2530484.836, 1175913.471], [2530491.576, 1175911.641], [2530493.216, 1175918.301], [2530494.496, 1175917.991], [2530495.7060000002, 1175922.751], [2530496.486, 1175922.551], [2530496.785, 1175923.745]]]}, "properties": {"OBJECTID": 46330103, "EGID": 3163885, "NO_COM_FED": 5757, "GENRE_TXT": "b\u00e2timent"}}, {"type": "Feature", "id": 46330189, "geometry": {"type": "Polygon", "coordinates": [[[2530956.574, 1176120.15], [2530955.839, 1176117.319], [2530961.709, 1176115.819], [2530961.899, 1176116.569], [2530966.829, 1176115.309], [2530967.67, 1176118.566], [2530968.899, 1176123.329], [2530962.379, 1176124.999], [2530962.229, 1176124.429], [2530957.969, 1176125.519], [2530956.574, 1176120.15]]]}, "properties": {"OBJECTID": 46330189, "EGID": 818256, "NO_COM_FED": 5757, "GENRE_TXT": "b\u00e2timent"}}, {"type": "Feature", "id": 46330206, "geometry": {"type": "Polygon", "coordinates": [[[2531242.646, 1174871.97], [2531243.791, 1174877.898], [2531237.942, 1174879.076], [2531236.761, 1174873.174], [2531242.646, 1174871.97]]]}, "properties": {"OBJECTID": 46330206, "EGID": 280140519, "NO_COM_FED": 5757, "GENRE_TXT": "b\u00e2timent"}}, {"type": "Feature", "id": 46330472, "geometry": {"type": "Polygon", "coordinates": [[[2530660.588, 1175220.957], [2530661.998, 1175220.677], [2530662.038, 1175220.347], [2530672.208, 1175219.946], [2530672.488, 1175225.906], [2530672.828, 1175232.866], [2530661.548, 1175232.297], [2530660.588, 1175220.957]]]}, "properties": {"OBJECTID": 46330472, "EGID": 280009944, "NO_COM_FED": 5757, "GENRE_TXT": "b\u00e2timent"}}, {"type": "Feature", "id": 46330528, "geometry": {"type": "Polygon", "coordinates": [[[2530327.517, 1174662.614], [2530327.621, 1174668.472], [2530325.734, 1174668.551], [2530325.704, 1174666.204], [2530324.103, 1174666.224], [2530324.05, 1174662.887], [2530325.085, 1174662.8429999999], [2530325.079, 1174662.692], [2530327.517, 1174662.614]]]}, "properties": {"OBJECTID": 46330528, "EGID": 280071533, "NO_COM_FED": 5757, "GENRE_TXT": "b\u00e2timent"}}, {"type": "Feature", "id": 46330605, "geometry": {"type": "Polygon", "coordinates": [[[2530699.631, 1174495.899], [2530702.847, 1174495.804], [2530702.687, 1174490.444], [2530701.943, 1174490.466], [2530701.85, 1174485.7], [2530710.44, 1174485.459], [2530710.601, 1174491.159], [2530711.911, 1174491.122], [2530712.159, 1174501.707], [2530699.781, 1174502.04], [2530699.631, 1174495.899]]]}, "properties": {"OBJECTID": 46330605, "EGID": 818787, "NO_COM_FED": 5757, "GENRE_TXT": "b\u00e2timent"}}, {"type": "Feature", "id": 46330694, "geometry": {"type": "Polygon", "coordinates": [[[2530365.58, 1174460.931], [2530364.754, 1174456.487], [2530381.057, 1174453.547], [2530383.416, 1174453.122], [2530385.18, 1174462.142], [2530368.482, 1174465.226], [2530367.605, 1174460.555], [2530365.58, 1174460.931]]]}, "properties": {"OBJECTID": 46330694, "EGID": 3163906, "NO_COM_FED": 5757, "GENRE_TXT": "b\u00e2timent"}}, {"type": "Feature", "id": 46331034, "geometry": {"type": "Polygon", "coordinates": [[[2530583.525, 1175808.918], [2530564.935, 1175812.869], [2530562.415, 1175800.779], [2530581.135, 1175796.859], [2530583.525, 1175808.918]]]}, "properties": {"OBJECTID": 46331034, "EGID": 818097, "NO_COM_FED": 5757, "GENRE_TXT": "b\u00e2timent"}}, {"type": "Feature", "id": 46331077, "geometry": {"type": "Polygon", "coordinates": [[[2530655.074, 1174881.757], [2530654.214, 1174886.027], [2530654.174, 1174886.227], [2530649.2939999998, 1174884.637], [2530649.334, 1174884.497], [2530650.474, 1174880.457], [2530655.074, 1174881.757]]]}, "properties": {"OBJECTID": 46331077, "EGID": 280039394, "NO_COM_FED": 5757, "GENRE_TXT": "b\u00e2timent"}}, {"type": "Feature", "id": 46331100, "geometry": {"type": "Polygon", "coordinates": [[[2530879.594, 1176677.767], [2530871.31, 1176676.723], [2530870.784, 1176676.6570000001], [2530872.244, 1176665.217], [2530880.984, 1176666.246], [2530879.594, 1176677.767]]]}, "properties": {"OBJECTID": 46331100, "EGID": 818181, "NO_COM_FED": 5757, "GENRE_TXT": "b\u00e2timent"}}, {"type": "Feature", "id": 46331288, "geometry": {"type": "Polygon", "coordinates": [[[2530736.184, 1174878.075], [2530737.284, 1174884.195], [2530732.504, 1174885.205], [2530730.5439999998, 1174879.015], [2530732.934, 1174878.645], [2530736.184, 1174878.075]]]}, "properties": {"OBJECTID": 46331288, "EGID": 280030417, "NO_COM_FED": 5757, "GENRE_TXT": "b\u00e2timent"}}, {"type": "Feature", "id": 46331435, "geometry": {"type": "Polygon", "coordinates": [[[2530721.898, 1175186.155], [2530721.698, 1175185.795], [2530740.228, 1175176.874], [2530740.328, 1175177.154], [2530741.108, 1175179.244], [2530741.208, 1175179.524], [2530723.848, 1175189.585], [2530721.898, 1175186.155]]]}, "properties": {"OBJECTID": 46331435, "EGID": 818508, "NO_COM_FED": 5757, "GENRE_TXT": "b\u00e2timent"}}, {"type": "Feature", "id": 46331487, "geometry": {"type": "Polygon", "coordinates": [[[2530962.249, 1175210.887], [2530966.059, 1175221.087], [2530959.139, 1175223.367], [2530958.229, 1175220.737], [2530954.6689999998, 1175221.887], [2530951.509, 1175212.257], [2530958.729, 1175209.807], [2530959.409, 1175211.877], [2530962.249, 1175210.887]]]}, "properties": {"OBJECTID": 46331487, "EGID": 818433, "NO_COM_FED": 5757, "GENRE_TXT": "b\u00e2timent"}}, {"type": "Feature", "id": 46331925, "geometry": {"type": "Polygon", "coordinates": [[[2530861.077, 1175088.86], [2530857.127, 1175083.171], [2530862.537, 1175079.39], [2530860.887, 1175077.2], [2530864.327, 1175074.86], [2530865.877, 1175077.06], [2530869.847, 1175082.81], [2530861.077, 1175088.86]]]}, "properties": {"OBJECTID": 46331925, "EGID": 280067300, "NO_COM_FED": 5757, "GENRE_TXT": "b\u00e2timent"}}, {"type": "Feature", "id": 46332184, "geometry": {"type": "Polygon", "coordinates": [[[2531007.71, 1175072.964], [2531005.767, 1175072.376], [2531007.497, 1175066.756], [2531013.507, 1175068.496], [2531011.747, 1175074.186], [2531008.03, 1175073.061], [2531007.71, 1175072.964]]]}, "properties": {"OBJECTID": 46332184, "EGID": 280026578, "NO_COM_FED": 5757, "GENRE_TXT": "b\u00e2timent"}}, {"type": "Feature", "id": 46332276, "geometry": {"type": "Polygon", "coordinates": [[[2530629.766, 1175100.088], [2530640.637, 1175099.777], [2530640.977, 1175105.757], [2530633.427, 1175106.058], [2530633.417, 1175105.758], [2530633.347, 1175103.458], [2530629.937, 1175103.808], [2530629.796, 1175100.778], [2530629.766, 1175100.088]]]}, "properties": {"OBJECTID": 46332276, "EGID": 818592, "NO_COM_FED": 5757, "GENRE_TXT": "b\u00e2timent"}}, {"type": "Feature", "id": 46332367, "geometry": {"type": "Polygon", "coordinates": [[[2530705.866, 1175080.175], [2530706.066, 1175080.045], [2530707.106, 1175081.615], [2530706.856, 1175082.415], [2530706.996, 1175082.455], [2530706.586, 1175083.785], [2530703.606, 1175082.925], [2530703.086, 1175082.775], [2530705.866, 1175080.175]]]}, "properties": {"OBJECTID": 46332367, "EGID": 280123776, "NO_COM_FED": 5757, "GENRE_TXT": "b\u00e2timent"}}, {"type": "Feature", "id": 46332462, "geometry": {"type": "Polygon", "coordinates": [[[2530789.691, 1175460.712], [2530789.651, 1175456.892], [2530793.481, 1175456.832], [2530793.531, 1175460.682], [2530789.691, 1175460.712]]]}, "properties": {"OBJECTID": 46332462, "EGID": 280047577, "NO_COM_FED": 5757, "GENRE_TXT": "b\u00e2timent"}}, {"type": "Feature", "id": 46332503, "geometry": {"type": "Polygon", "coordinates": [[[2530395.857, 1174803.467], [2530401.497, 1174806.674], [2530402.895, 1174804.216], [2530406.12, 1174806.051], [2530402.35, 1174812.494], [2530400.578, 1174811.4679999999], [2530398.39, 1174815.247], [2530391.607, 1174811.37], [2530390.247, 1174813.75], [2530386.673, 1174811.689], [2530389.846, 1174806.204], [2530393.163, 1174808.123], [2530395.857, 1174803.467]]]}, "properties": {"OBJECTID": 46332503, "EGID": 818808, "NO_COM_FED": 5757, "GENRE_TXT": "b\u00e2timent"}}, {"type": "Feature", "id": 46332521, "geometry": {"type": "Polygon", "coordinates": [[[2530395.708, 1174738.825], [2530390.89, 1174739.784], [2530388.41, 1174727.419], [2530389.994, 1174727.089], [2530389.352, 1174724.009], [2530397.84, 1174722.289], [2530398.976, 1174727.894], [2530400.887, 1174727.507], [2530402.149, 1174733.727], [2530398.719, 1174734.421], [2530399.444, 1174738.082], [2530399.02, 1174738.166], [2530395.708, 1174738.825]]]}, "properties": {"OBJECTID": 46332521, "EGID": 818815, "NO_COM_FED": 5757, "GENRE_TXT": "b\u00e2timent"}}, {"type": "Feature", "id": 46332552, "geometry": {"type": "Polygon", "coordinates": [[[2530095.843, 1175770.099], [2530095.573, 1175771.289], [2530091.623, 1175770.789], [2530091.953, 1175769.429], [2530095.843, 1175770.099]]]}, "properties": {"OBJECTID": 46332552, "EGID": 280113059, "NO_COM_FED": 5757, "GENRE_TXT": "b\u00e2timent"}}, {"type": "Feature", "id": 46332882, "geometry": {"type": "Polygon", "coordinates": [[[2530735.435, 1174995.025], [2530731.876, 1174999.265], [2530729.986, 1175006.635], [2530729.1859999998, 1175005.945], [2530724.776, 1174999.685], [2530720.965, 1174994.335], [2530726.185, 1174989.325], [2530728.035, 1174991.345], [2530730.325, 1174989.545], [2530730.745, 1174989.215], [2530735.435, 1174995.025]]]}, "properties": {"OBJECTID": 46332882, "EGID": 818697, "NO_COM_FED": 5757, "GENRE_TXT": "b\u00e2timent"}}, {"type": "Feature", "id": 46332994, "geometry": {"type": "Polygon", "coordinates": [[[2530696.22, 1175377.235], [2530679.73, 1175378.316], [2530677.75, 1175351.626], [2530694.22, 1175350.405], [2530696.22, 1175377.235]]]}, "properties": {"OBJECTID": 46332994, "EGID": 818504, "NO_COM_FED": 5757, "GENRE_TXT": "b\u00e2timent"}}, {"type": "Feature", "id": 46333115, "geometry": {"type": "Polygon", "coordinates": [[[2530877.868, 1176077.691], [2530877.508, 1176076.101], [2530880.208, 1176075.461], [2530880.578, 1176077.121], [2530877.868, 1176077.691]]]}, "properties": {"OBJECTID": 46333115, "EGID": 280130208, "NO_COM_FED": 5757, "GENRE_TXT": "b\u00e2timent"}}, {"type": "Feature", "id": 46333120, "geometry": {"type": "Polygon", "coordinates": [[[2530784.989, 1175267.473], [2530793.719, 1175264.562], [2530795.609, 1175270.122], [2530794.6689999998, 1175270.462], [2530795.629, 1175273.2820000001], [2530787.879, 1175275.923], [2530784.989, 1175267.473]]]}, "properties": {"OBJECTID": 46333120, "EGID": 818526, "NO_COM_FED": 5757, "GENRE_TXT": "b\u00e2timent"}}, {"type": "Feature", "id": 46333288, "geometry": {"type": "Polygon", "coordinates": [[[2530711.366, 1175024.365], [2530716.526, 1175036.095], [2530717.546, 1175039.165], [2530717.276, 1175039.275], [2530718.036, 1175041.845], [2530718.856, 1175050.565], [2530697.726, 1175059.056], [2530696.576, 1175056.406], [2530696.766, 1175056.306], [2530694.1859999998, 1175050.676], [2530695.9560000002, 1175049.776], [2530693.586, 1175045.396], [2530708.063, 1175038.659], [2530704.144, 1175029.424], [2530704.2060000002, 1175029.386], [2530704.076, 1175029.146], [2530711.366, 1175024.365]]]}, "properties": {"OBJECTID": 46333288, "EGID": 818915, "NO_COM_FED": 5757, "GENRE_TXT": "b\u00e2timent"}}, {"type": "Feature", "id": 46333315, "geometry": {"type": "Polygon", "coordinates": [[[2530117.31, 1175503.306], [2530117.501, 1175507.646], [2530118.971, 1175507.606], [2530119.161, 1175511.436], [2530117.661, 1175511.466], [2530117.951, 1175517.966], [2530100.131, 1175518.956], [2530099.33, 1175504.056], [2530117.31, 1175503.306]]]}, "properties": {"OBJECTID": 46333315, "EGID": 818874, "NO_COM_FED": 5757, "GENRE_TXT": "b\u00e2timent"}}, {"type": "Feature", "id": 46333331, "geometry": {"type": "Polygon", "coordinates": [[[2530711.215, 1174951.895], [2530710.535, 1174950.775], [2530725.005, 1174940.985], [2530729.235, 1174947.415], [2530714.705, 1174957.455], [2530714.415, 1174956.905], [2530711.215, 1174951.895]]]}, "properties": {"OBJECTID": 46333331, "EGID": 818689, "NO_COM_FED": 5757, "GENRE_TXT": "b\u00e2timent"}}, {"type": "Feature", "id": 46333357, "geometry": {"type": "Polygon", "coordinates": [[[2530697.084, 1174362.042], [2530697.459, 1174359.734], [2530700.243, 1174360.196], [2530699.869, 1174362.491], [2530697.084, 1174362.042]]]}, "properties": {"OBJECTID": 46333357, "EGID": 280117472, "NO_COM_FED": 5757, "GENRE_TXT": "b\u00e2timent"}}, {"type": "Feature", "id": 46333490, "geometry": {"type": "Polygon", "coordinates": [[[2530930.727, 1175109.588], [2530942.718, 1175126.308], [2530934.468, 1175132.178], [2530922.517, 1175115.458], [2530930.727, 1175109.588]]]}, "properties": {"OBJECTID": 46333490, "EGID": 818437, "NO_COM_FED": 5757, "GENRE_TXT": "b\u00e2timent"}}, {"type": "Feature", "id": 46333584, "geometry": {"type": "Polygon", "coordinates": [[[2530655.247, 1175119.677], [2530648.667, 1175121.187], [2530648.117, 1175114.797], [2530654.167, 1175113.787], [2530655.247, 1175119.677]]]}, "properties": {"OBJECTID": 46333584, "EGID": 280133155, "NO_COM_FED": 5757, "GENRE_TXT": "b\u00e2timent"}}, {"type": "Feature", "id": 46333811, "geometry": {"type": "Polygon", "coordinates": [[[2530613.373, 1174828.409], [2530612.493, 1174831.099], [2530610.293, 1174830.379], [2530611.193, 1174827.689], [2530613.373, 1174828.409]]]}, "properties": {"OBJECTID": 46333811, "EGID": 280111235, "NO_COM_FED": 5757, "GENRE_TXT": "b\u00e2timent"}}, {"type": "Feature", "id": 46333888, "geometry": {"type": "Polygon", "coordinates": [[[2531336.988, 1175058.818], [2531378.679, 1175097.917], [2531372.789, 1175104.267], [2531372.949, 1175104.417], [2531364.349, 1175113.667], [2531364.179, 1175113.507], [2531360.129, 1175109.737], [2531346.349, 1175096.927], [2531352.159, 1175090.677], [2531342.148, 1175081.367], [2531334.448, 1175089.6469999999], [2531337.479, 1175092.637], [2531325.329, 1175105.707], [2531322.119, 1175102.807], [2531315.789, 1175109.667], [2531302.068, 1175096.508], [2531336.988, 1175058.818]]]}, "properties": {"OBJECTID": 46333888, "EGID": 280000527, "NO_COM_FED": 5757, "GENRE_TXT": "b\u00e2timent"}}, {"type": "Feature", "id": 46334151, "geometry": {"type": "Polygon", "coordinates": [[[2531003.661, 1176326.95], [2531008.481, 1176322.64], [2531015.691, 1176331.27], [2531009.201, 1176336.69], [2531002.121, 1176328.22], [2531003.661, 1176326.95]]]}, "properties": {"OBJECTID": 46334151, "EGID": 818272, "NO_COM_FED": 5757, "GENRE_TXT": "b\u00e2timent"}}, {"type": "Feature", "id": 46334303, "geometry": {"type": "Polygon", "coordinates": [[[2531098.261, 1176303.767], [2531092.791, 1176304.217], [2531092.551, 1176301.387], [2531098.021, 1176300.937], [2531098.261, 1176303.767]]]}, "properties": {"OBJECTID": 46334303, "EGID": 280047253, "NO_COM_FED": 5757, "GENRE_TXT": "b\u00e2timent"}}, {"type": "Feature", "id": 46334600, "geometry": {"type": "Polygon", "coordinates": [[[2530301.276, 1176093.585], [2530301.571, 1176095.605], [2530303.288, 1176107.347], [2530294.778, 1176108.594], [2530294.03, 1176103.44], [2530286.538, 1176104.527], [2530283.839, 1176085.916], [2530291.301, 1176084.833], [2530290.556, 1176079.694], [2530299.0640000002, 1176078.46], [2530301.276, 1176093.585]]]}, "properties": {"OBJECTID": 46334600, "EGID": 190098201, "NO_COM_FED": 5757, "GENRE_TXT": "b\u00e2timent"}}, {"type": "Feature", "id": 46334926, "geometry": {"type": "Polygon", "coordinates": [[[2530385.592, 1174410.193], [2530397.785, 1174406.565], [2530399.192, 1174411.29], [2530387, 1174414.92], [2530385.592, 1174410.193]]]}, "properties": {"OBJECTID": 46334926, "EGID": 3163915, "NO_COM_FED": 5757, "GENRE_TXT": "b\u00e2timent"}}, {"type": "Feature", "id": 46335003, "geometry": {"type": "Polygon", "coordinates": [[[2530658.909, 1175643.7179999999], [2530659.967, 1175649.72], [2530660.853, 1175649.564], [2530661.38, 1175652.517], [2530660.49, 1175652.681], [2530662.537, 1175664.291], [2530663.4359999998, 1175664.13], [2530663.938, 1175667.042], [2530663.0609999998, 1175667.202], [2530665.114, 1175678.842], [2530666.001, 1175678.686], [2530666.514, 1175681.618], [2530665.641, 1175681.7719999999], [2530666.703, 1175687.793], [2530652.332, 1175690.364], [2530644.515, 1175646.28], [2530656.215, 1175644.197], [2530658.909, 1175643.7179999999]]]}, "properties": {"OBJECTID": 46335003, "EGID": 280052850, "NO_COM_FED": 5757, "GENRE_TXT": "b\u00e2timent"}}, {"type": "Feature", "id": 46335099, "geometry": {"type": "Polygon", "coordinates": [[[2531206.355, 1174705.046], [2531206.825, 1174708.236], [2531201.615, 1174708.986], [2531201.195, 1174705.816], [2531206.355, 1174705.046]]]}, "properties": {"OBJECTID": 46335099, "EGID": 280046168, "NO_COM_FED": 5757, "GENRE_TXT": "b\u00e2timent"}}, {"type": "Feature", "id": 46335345, "geometry": {"type": "Polygon", "coordinates": [[[2530301.888, 1174413.913], [2530301.95, 1174414.12], [2530302.744, 1174416.757], [2530302.193, 1174416.921], [2530298.324, 1174418.071], [2530297.529, 1174415.432], [2530297.466, 1174415.222], [2530301.888, 1174413.913]]]}, "properties": {"OBJECTID": 46335345, "EGID": 280072102, "NO_COM_FED": 5757, "GENRE_TXT": "b\u00e2timent"}}, {"type": "Feature", "id": 46335417, "geometry": {"type": "Polygon", "coordinates": [[[2530690.369, 1176230.008], [2530679.608, 1176229.018], [2530676.569, 1176228.738], [2530677.659, 1176216.148], [2530686.4390000002, 1176216.918], [2530686.1890000002, 1176219.698], [2530691.239, 1176220.137], [2530690.369, 1176230.008]]]}, "properties": {"OBJECTID": 46335417, "EGID": 280009096, "NO_COM_FED": 5757, "GENRE_TXT": "b\u00e2timent"}}, {"type": "Feature", "id": 46335781, "geometry": {"type": "Polygon", "coordinates": [[[2530885.694, 1174307.72], [2530885.641, 1174313.256], [2530877.15, 1174313.164], [2530877.248, 1174303.667], [2530885.731, 1174303.774], [2530885.694, 1174307.72]]]}, "properties": {"OBJECTID": 46335781, "EGID": 101101060, "NO_COM_FED": 5757, "GENRE_TXT": "b\u00e2timent"}}, {"type": "Feature", "id": 46335826, "geometry": {"type": "Polygon", "coordinates": [[[2530896.028, 1175627.447], [2530890.447, 1175630.173], [2530887.657, 1175624.389], [2530893.249, 1175621.677], [2530896.028, 1175627.447]]]}, "properties": {"OBJECTID": 46335826, "EGID": 280102458, "NO_COM_FED": 5757, "GENRE_TXT": "b\u00e2timent"}}, {"type": "Feature", "id": 46335853, "geometry": {"type": "Polygon", "coordinates": [[[2531576.018, 1175266.733], [2531575.908, 1175266.755], [2531575.488, 1175264.613], [2531575.588, 1175264.594], [2531579.372, 1175263.8530000001], [2531579.799, 1175265.991], [2531576.018, 1175266.733]]]}, "properties": {"OBJECTID": 46335853, "EGID": 280112080, "NO_COM_FED": 5757, "GENRE_TXT": "b\u00e2timent"}}, {"type": "Feature", "id": 46335908, "geometry": {"type": "Polygon", "coordinates": [[[2530693.759, 1175273.756], [2530709.679, 1175275.435], [2530709.299, 1175276.045], [2530711.809, 1175277.585], [2530711.049, 1175278.655], [2530708.599, 1175277.075], [2530705.999, 1175281.105], [2530693.9189999998, 1175280.606], [2530693.759, 1175273.756]]]}, "properties": {"OBJECTID": 46335908, "EGID": 818488, "NO_COM_FED": 5757, "GENRE_TXT": "b\u00e2timent"}}, {"type": "Feature", "id": 46335944, "geometry": {"type": "Polygon", "coordinates": [[[2531083.019, 1176175.856], [2531073.809, 1176178.297], [2531071.309, 1176168.687], [2531081.509, 1176166.006], [2531083.979, 1176175.526], [2531082.999, 1176175.766], [2531083.019, 1176175.856]]]}, "properties": {"OBJECTID": 46335944, "EGID": 818324, "NO_COM_FED": 5757, "GENRE_TXT": "b\u00e2timent"}}, {"type": "Feature", "id": 46336095, "geometry": {"type": "Polygon", "coordinates": [[[2530805.846, 1175916.581], [2530806.986, 1175917.241], [2530807.346, 1175919.041], [2530806.506, 1175920.071], [2530805.946, 1175920.221], [2530806.677, 1175923.851], [2530805.095, 1175924.173], [2530805.232337942, 1175924.9915029989], [2530805.2343464694, 1175925.8214456688], [2530805.100971799, 1175926.6406038138], [2530804.835785435, 1175927.4270420263], [2530804.4458885356, 1175928.1597010721], [2530803.941721756, 1175928.8189618154], [2530803.3367856685, 1175929.3871705795], [2530802.647279245, 1175929.8491118758], [2530801.891666081, 1175930.1924158456], [2530801.0901799775, 1175930.407889499], [2530800.2642831206, 1175930.4897628848], [2530799.436091367, 1175930.4358435983], [2530798.6277820277, 1175930.2475754896], [2530797.861, 1175929.93], [2530797.1219894486, 1175929.4661467725], [2530796.4734170116, 1175928.8824943027], [2530795.934477483, 1175928.196316049], [2530795.5211210214, 1175927.4279197664], [2530795.245581098, 1175926.60004649], [2530795.1160124405, 1175925.737197503], [2530795.1362496926, 1175924.8649092105], [2530795.305693924, 1175924.0089973786], [2530795.619330355, 1175923.1947931042], [2530796.067876775, 1175922.4463931303], [2530796.6380582494, 1175921.785946692], [2530797.313, 1175921.233], [2530796.636, 1175917.922], [2530805.116, 1175916.221], [2530805.216, 1175916.701], [2530805.846, 1175916.581]]]}, "properties": {"OBJECTID": 46336095, "EGID": 818307, "NO_COM_FED": 5757, "GENRE_TXT": "b\u00e2timent"}}, {"type": "Feature", "id": 46336140, "geometry": {"type": "Polygon", "coordinates": [[[2530655.247, 1175119.677], [2530660.147, 1175118.537], [2530660.927, 1175123.327], [2530649.057, 1175125.687], [2530648.667, 1175121.187], [2530655.247, 1175119.677]]]}, "properties": {"OBJECTID": 46336140, "EGID": 818615, "NO_COM_FED": 5757, "GENRE_TXT": "b\u00e2timent"}}, {"type": "Feature", "id": 46336437, "geometry": {"type": "Polygon", "coordinates": [[[2531831.14, 1174864.307], [2531826.01, 1174872.747], [2531815.87, 1174866.517], [2531818.94, 1174861.6570000001], [2531817.83, 1174856.887], [2531812.72, 1174853.797], [2531818.99, 1174843.617], [2531824.38, 1174846.957], [2531825.41, 1174845.347], [2531827.18, 1174844.8969999999], [2531826.46, 1174841.857], [2531846.54, 1174837.027], [2531851.89, 1174859.396], [2531831.14, 1174864.307]]]}, "properties": {"OBJECTID": 46336437, "EGID": 9029624, "NO_COM_FED": 5757, "GENRE_TXT": "b\u00e2timent"}}, {"type": "Feature", "id": 46336514, "geometry": {"type": "Polygon", "coordinates": [[[2530755.435, 1174484.756], [2530755.554, 1174481.869], [2530754.943, 1174481.826], [2530755.181, 1174475.013], [2530761.895, 1174475.349], [2530761.629, 1174481.932], [2530765.727, 1174482.098], [2530765.723, 1174482.188], [2530767.286, 1174482.251], [2530767.144, 1174485.551], [2530765.5640000002, 1174485.483], [2530765.448, 1174488.162], [2530759.779, 1174487.918], [2530759.727, 1174489.118], [2530756.013, 1174488.929], [2530756.047, 1174487.776], [2530755.291, 1174487.741], [2530755.435, 1174484.756]]]}, "properties": {"OBJECTID": 46336514, "EGID": 818769, "NO_COM_FED": 5757, "GENRE_TXT": "b\u00e2timent"}}, {"type": "Feature", "id": 46336581, "geometry": {"type": "Polygon", "coordinates": [[[2531791.021, 1176371.8969999999], [2531789.9, 1176364.73], [2531800.675, 1176363.045], [2531801.765, 1176370.194], [2531791.021, 1176371.8969999999]]]}, "properties": {"OBJECTID": 46336581, "EGID": 400001143, "NO_COM_FED": 5757, "GENRE_TXT": "b\u00e2timent"}}, {"type": "Feature", "id": 46336654, "geometry": {"type": "Polygon", "coordinates": [[[2530966.19, 1176305.301], [2530965.28, 1176306.061], [2530956.761, 1176313.151], [2530956.881, 1176313.301], [2530956.001, 1176314.031], [2530954.461, 1176312.191], [2530955.341, 1176311.451], [2530953.03, 1176308.691], [2530961.55, 1176301.581], [2530961.59, 1176301.631], [2530962.5, 1176300.861], [2530966.19, 1176305.301]]]}, "properties": {"OBJECTID": 46336654, "EGID": 818140, "NO_COM_FED": 5757, "GENRE_TXT": "b\u00e2timent"}}, {"type": "Feature", "id": 46336764, "geometry": {"type": "Polygon", "coordinates": [[[2530653.739, 1175337.337], [2530654.389, 1175337.107], [2530658.64, 1175354.117], [2530661.32, 1175353.466], [2530665.62, 1175371.076], [2530661.08, 1175372.186], [2530651.05, 1175374.637], [2530646.89, 1175357.567], [2530644.17, 1175358.247], [2530639.849, 1175340.767], [2530651.619, 1175337.857], [2530651.77, 1175337.822], [2530652.089, 1175337.747], [2530653.739, 1175337.337]]]}, "properties": {"OBJECTID": 46336764, "EGID": 818496, "NO_COM_FED": 5757, "GENRE_TXT": "b\u00e2timent"}}, {"type": "Feature", "id": 46336915, "geometry": {"type": "Polygon", "coordinates": [[[2530955.86, 1175360.967], [2530955.96, 1175361.207], [2530950.17, 1175363.617], [2530950.07, 1175363.377], [2530950.34, 1175363.257], [2530948.25, 1175358.307], [2530947.97, 1175358.417], [2530947.87, 1175358.187], [2530953.64, 1175355.757], [2530953.74, 1175355.997], [2530953.46, 1175356.117], [2530955.58, 1175361.087], [2530955.86, 1175360.967]]]}, "properties": {"OBJECTID": 46336915, "EGID": 280029645, "NO_COM_FED": 5757, "GENRE_TXT": "b\u00e2timent"}}, {"type": "Feature", "id": 46337106, "geometry": {"type": "Polygon", "coordinates": [[[2531448.224, 1175577.631], [2531446.594, 1175574.371], [2531453.454, 1175570.611], [2531458.214, 1175580.051], [2531451.424, 1175583.751], [2531448.224, 1175577.631]]]}, "properties": {"OBJECTID": 46337106, "EGID": 280014747, "NO_COM_FED": 5757, "GENRE_TXT": "b\u00e2timent"}}, {"type": "Feature", "id": 46337307, "geometry": {"type": "Polygon", "coordinates": [[[2531051.361, 1176311.508], [2531048.901, 1176301.898], [2531050.991, 1176301.348], [2531050.961, 1176301.238], [2531059.031, 1176299.138], [2531061.161, 1176298.588], [2531061.931, 1176298.388], [2531064.401, 1176307.9780000001], [2531062.281, 1176308.518], [2531062.3109999998, 1176308.638], [2531061.541, 1176308.838], [2531059.421, 1176309.398], [2531051.361, 1176311.508]]]}, "properties": {"OBJECTID": 46337307, "EGID": 818340, "NO_COM_FED": 5757, "GENRE_TXT": "b\u00e2timent"}}, {"type": "Feature", "id": 46337418, "geometry": {"type": "Polygon", "coordinates": [[[2531465.539, 1174995.358], [2531392.758, 1174927.26], [2531420.758, 1174897.33], [2531493.509, 1174965.508], [2531485.297, 1174974.2719999999], [2531488.578, 1174977.346], [2531481.746, 1174984.638], [2531478.465, 1174981.563], [2531465.539, 1174995.358]]]}, "properties": {"OBJECTID": 46337418, "EGID": 280000256, "NO_COM_FED": 5757, "GENRE_TXT": "b\u00e2timent"}}, {"type": "Feature", "id": 46337553, "geometry": {"type": "Polygon", "coordinates": [[[2530246.347, 1174583.779], [2530246.465, 1174591.803], [2530238.46, 1174591.929], [2530238.384, 1174587.201], [2530237.08, 1174585.924], [2530238.3310000002, 1174584.612], [2530238.272, 1174579.899], [2530246.295, 1174579.779], [2530246.347, 1174583.779]]]}, "properties": {"OBJECTID": 46337553, "EGID": 818820, "NO_COM_FED": 5757, "GENRE_TXT": "b\u00e2timent"}}, {"type": "Feature", "id": 46337714, "geometry": {"type": "Polygon", "coordinates": [[[2530921.327, 1174223.054], [2530921.497, 1174221.734], [2530927.205, 1174222.287], [2530926.632, 1174227.321], [2530920.854, 1174226.724], [2530921.327, 1174223.054]]]}, "properties": {"OBJECTID": 46337714, "EGID": 280070379, "NO_COM_FED": 5757, "GENRE_TXT": "b\u00e2timent"}}, {"type": "Feature", "id": 46337875, "geometry": {"type": "Polygon", "coordinates": [[[2530180.654, 1175820.569], [2530179.75, 1175823.677], [2530179.694, 1175823.869], [2530177.274, 1175823.179], [2530173.974, 1175822.329], [2530174.934, 1175818.939], [2530180.654, 1175820.569]]]}, "properties": {"OBJECTID": 46337875, "EGID": 280041218, "NO_COM_FED": 5757, "GENRE_TXT": "b\u00e2timent"}}, {"type": "Feature", "id": 46337974, "geometry": {"type": "Polygon", "coordinates": [[[2530601.074, 1174630.783], [2530603.911, 1174625.296], [2530609.855, 1174628.376], [2530605.255, 1174637.259], [2530603.198, 1174636.192], [2530601.856, 1174638.781], [2530597.971, 1174636.747], [2530601.074, 1174630.783]]]}, "properties": {"OBJECTID": 46337974, "EGID": 101101057, "NO_COM_FED": 5757, "GENRE_TXT": "b\u00e2timent"}}, {"type": "Feature", "id": 46338041, "geometry": {"type": "Polygon", "coordinates": [[[2530859.329, 1175308.12], [2530862.53, 1175318.16], [2530863.78, 1175321.952], [2530855.192, 1175324.771], [2530853.962, 1175320.99], [2530853.01, 1175321.3], [2530849.789, 1175311.25], [2530852.392, 1175310.396], [2530859.329, 1175308.12]]]}, "properties": {"OBJECTID": 46338041, "EGID": 818414, "NO_COM_FED": 5757, "GENRE_TXT": "b\u00e2timent"}}, {"type": "Feature", "id": 46338273, "geometry": {"type": "Polygon", "coordinates": [[[2530973.921, 1176312.961], [2530975.881, 1176311.32], [2530979.701, 1176315.86], [2530978.781, 1176316.64], [2530970.291, 1176323.761], [2530967.981, 1176321.011], [2530967.101, 1176321.741], [2530965.591, 1176319.951], [2530973.921, 1176312.961]]]}, "properties": {"OBJECTID": 46338273, "EGID": 818142, "NO_COM_FED": 5757, "GENRE_TXT": "b\u00e2timent"}}, {"type": "Feature", "id": 46338574, "geometry": {"type": "Polygon", "coordinates": [[[2532116.218, 1176261.705], [2532110.408, 1176269.865], [2532113.028, 1176271.795], [2532109.538, 1176276.855], [2532102.258, 1176271.655], [2532111.878, 1176258.585], [2532116.218, 1176261.705]]]}, "properties": {"OBJECTID": 46338574, "EGID": 280012072, "NO_COM_FED": 5757, "GENRE_TXT": "b\u00e2timent"}}, {"type": "Feature", "id": 46338638, "geometry": {"type": "Polygon", "coordinates": [[[2530940.638, 1176078.479], [2530940.048, 1176076.139], [2530939.148, 1176072.579], [2530939.238, 1176072.559], [2530946.618, 1176070.749], [2530948.098, 1176076.579], [2530940.638, 1176078.479]]]}, "properties": {"OBJECTID": 46338638, "EGID": 280021745, "NO_COM_FED": 5757, "GENRE_TXT": "b\u00e2timent"}}, {"type": "Feature", "id": 46338897, "geometry": {"type": "Polygon", "coordinates": [[[2530967.441, 1176388.641], [2530970.161, 1176387.731], [2530971.971, 1176393.081], [2530969.291, 1176394.041], [2530967.441, 1176388.641]]]}, "properties": {"OBJECTID": 46338897, "EGID": 280045856, "NO_COM_FED": 5757, "GENRE_TXT": "b\u00e2timent"}}, {"type": "Feature", "id": 46338913, "geometry": {"type": "Polygon", "coordinates": [[[2530690.758, 1175193.396], [2530690.918, 1175199.866], [2530678.778, 1175200.936], [2530671.288, 1175201.606], [2530658.908, 1175202.697], [2530658.568, 1175202.727], [2530656.828, 1175203.027], [2530656.698, 1175201.477], [2530655.978, 1175192.757], [2530685.618, 1175190.316], [2530685.618, 1175190.016], [2530687.618, 1175189.766], [2530688.068, 1175193.736], [2530690.758, 1175193.396]]]}, "properties": {"OBJECTID": 46338913, "EGID": 818543, "NO_COM_FED": 5757, "GENRE_TXT": "b\u00e2timent"}}, {"type": "Feature", "id": 46338915, "geometry": {"type": "Polygon", "coordinates": [[[2531449.179, 1175081.216], [2531440.299, 1175072.697], [2531450.029, 1175062.187], [2531453.399, 1175065.307], [2531454.829, 1175066.637], [2531465.1689999998, 1175076.226], [2531458.549, 1175083.276], [2531455.369, 1175086.646], [2531449.179, 1175081.216]]]}, "properties": {"OBJECTID": 46338915, "EGID": 280005127, "NO_COM_FED": 5757, "GENRE_TXT": "b\u00e2timent"}}, {"type": "Feature", "id": 46338943, "geometry": {"type": "Polygon", "coordinates": [[[2530335.636, 1174745.841], [2530336.48, 1174746.122], [2530338.699, 1174746.83], [2530338.282, 1174748.118], [2530337.11, 1174751.745], [2530331.006, 1174749.776], [2530332.571, 1174744.892], [2530335.636, 1174745.841]]]}, "properties": {"OBJECTID": 46338943, "EGID": 280069822, "NO_COM_FED": 5757, "GENRE_TXT": "b\u00e2timent"}}, {"type": "Feature", "id": 46338970, "geometry": {"type": "Polygon", "coordinates": [[[2530837.96, 1175349.751], [2530839.65, 1175355.421], [2530836.83, 1175356.261], [2530835.14, 1175350.591], [2530837.96, 1175349.751]]]}, "properties": {"OBJECTID": 46338970, "EGID": 280045147, "NO_COM_FED": 5757, "GENRE_TXT": "b\u00e2timent"}}, {"type": "Feature", "id": 46339039, "geometry": {"type": "Polygon", "coordinates": [[[2531510.533, 1175035.183], [2531504.55, 1175041.585], [2531486.94, 1175025.06], [2531492.947, 1175018.666], [2531510.533, 1175035.183]]]}, "properties": {"OBJECTID": 46339039, "EGID": 280027622, "NO_COM_FED": 5757, "GENRE_TXT": "b\u00e2timent"}}, {"type": "Feature", "id": 46339059, "geometry": {"type": "Polygon", "coordinates": [[[2530185.033, 1174949.802], [2530184.925, 1174951.947], [2530182.101, 1174951.805], [2530182.209, 1174949.66], [2530185.033, 1174949.802]]]}, "properties": {"OBJECTID": 46339059, "EGID": 280117210, "NO_COM_FED": 5757, "GENRE_TXT": "b\u00e2timent"}}, {"type": "Feature", "id": 46339140, "geometry": {"type": "Polygon", "coordinates": [[[2531222.825, 1174750.525], [2531222.215, 1174747.655], [2531226.465, 1174746.745], [2531227.125, 1174749.535], [2531222.825, 1174750.525]]]}, "properties": {"OBJECTID": 46339140, "EGID": 280049539, "NO_COM_FED": 5757, "GENRE_TXT": "b\u00e2timent"}}, {"type": "Feature", "id": 46339227, "geometry": {"type": "Polygon", "coordinates": [[[2531526.807, 1174743.451], [2531519.01, 1174710.82], [2531550.153, 1174703.371], [2531557.9390000002, 1174735.984], [2531526.807, 1174743.451]]]}, "properties": {"OBJECTID": 46339227, "EGID": 280091780, "NO_COM_FED": 5757, "GENRE_TXT": "b\u00e2timent"}}, {"type": "Feature", "id": 46339339, "geometry": {"type": "Polygon", "coordinates": [[[2531321.865, 1174648.086], [2531322.795, 1174652.596], [2531320.235, 1174653.146], [2531319.275, 1174648.646], [2531321.865, 1174648.086]]]}, "properties": {"OBJECTID": 46339339, "EGID": 280049919, "NO_COM_FED": 5757, "GENRE_TXT": "b\u00e2timent"}}, {"type": "Feature", "id": 46339489, "geometry": {"type": "Polygon", "coordinates": [[[2530625.111, 1174437.433], [2530626.879, 1174437.67], [2530626.86, 1174437.809], [2530630.685, 1174438.322], [2530629.932, 1174443.94], [2530626.127, 1174443.43], [2530625.539, 1174447.819], [2530616.676, 1174446.642], [2530617.241, 1174442.4], [2530615.953, 1174442.229], [2530616.1890000002, 1174440.466], [2530617.477, 1174440.636], [2530618.03, 1174436.484], [2530622.134, 1174437.034], [2530625.111, 1174437.433]]]}, "properties": {"OBJECTID": 46339489, "EGID": 818783, "NO_COM_FED": 5757, "GENRE_TXT": "b\u00e2timent"}}, {"type": "Feature", "id": 46339493, "geometry": {"type": "Polygon", "coordinates": [[[2530916.808, 1175097.734], [2530909.4390000002, 1175102.292], [2530907.133, 1175098.554], [2530906.004, 1175099.251], [2530902.964, 1175094.323], [2530904.094, 1175093.626], [2530900.373, 1175087.594], [2530907.88, 1175082.955], [2530908.039, 1175082.857], [2530911.012, 1175087.668], [2530915.039, 1175085.179], [2530917.238, 1175088.732], [2530913.208, 1175091.222], [2530917.115, 1175097.544], [2530916.808, 1175097.734]]]}, "properties": {"OBJECTID": 46339493, "EGID": 280099984, "NO_COM_FED": 5757, "GENRE_TXT": "b\u00e2timent"}}, {"type": "Feature", "id": 46339662, "geometry": {"type": "Polygon", "coordinates": [[[2530748.826, 1175008.904], [2530742.236, 1174999.924], [2530745.036, 1174994.064], [2530745.296, 1174993.704], [2530754.226, 1175005.224], [2530748.826, 1175008.904]]]}, "properties": {"OBJECTID": 46339662, "EGID": 818661, "NO_COM_FED": 5757, "GENRE_TXT": "b\u00e2timent"}}, {"type": "Feature", "id": 46339776, "geometry": {"type": "Polygon", "coordinates": [[[2530837.051, 1174298.749], [2530838.569, 1174288.802], [2530846.556, 1174290.047], [2530845.055, 1174299.99], [2530837.051, 1174298.749]]]}, "properties": {"OBJECTID": 46339776, "EGID": 280092518, "NO_COM_FED": 5757, "GENRE_TXT": "b\u00e2timent"}}, {"type": "Feature", "id": 46339951, "geometry": {"type": "Polygon", "coordinates": [[[2529843.618, 1175255.48], [2529846.141, 1175274.3], [2529840.007, 1175275.141], [2529839.524, 1175271.198], [2529768.45, 1175280.803], [2529766.641, 1175267.658], [2529837.707, 1175258.105], [2529837.46, 1175256.322], [2529843.618, 1175255.48]]]}, "properties": {"OBJECTID": 46339951, "EGID": 280086293, "NO_COM_FED": 5742, "GENRE_TXT": "b\u00e2timent"}}, {"type": "Feature", "id": 46340014, "geometry": {"type": "Polygon", "coordinates": [[[2530816.803, 1176627.048], [2530817.493, 1176635.588], [2530807.753, 1176636.388], [2530807.083, 1176627.838], [2530816.803, 1176627.048]]]}, "properties": {"OBJECTID": 46340014, "EGID": 818195, "NO_COM_FED": 5757, "GENRE_TXT": "b\u00e2timent"}}, {"type": "Feature", "id": 46340113, "geometry": {"type": "Polygon", "coordinates": [[[2530970.379, 1176148.059], [2530970.989, 1176150.879], [2530965.199, 1176152.129], [2530964.589, 1176149.299], [2530970.379, 1176148.059]]]}, "properties": {"OBJECTID": 46340113, "EGID": 280044667, "NO_COM_FED": 5757, "GENRE_TXT": "b\u00e2timent"}}, {"type": "Feature", "id": 46340262, "geometry": {"type": "Polygon", "coordinates": [[[2531374.852, 1174717.075], [2531383.416, 1174714.996], [2531385.68, 1174724.405], [2531388.264, 1174735.114], [2531379.328, 1174737.291], [2531378.393, 1174733.409], [2531377.447, 1174733.637], [2531376.585, 1174730.165], [2531377.536, 1174729.928], [2531376.72, 1174726.569], [2531374.219, 1174727.16], [2531371.933, 1174717.783], [2531374.852, 1174717.075]]]}, "properties": {"OBJECTID": 46340262, "EGID": 818473, "NO_COM_FED": 5757, "GENRE_TXT": "b\u00e2timent"}}, {"type": "Feature", "id": 46340439, "geometry": {"type": "Polygon", "coordinates": [[[2530558.716, 1175097.95], [2530558.6859999998, 1175098.36], [2530561.016, 1175098.45], [2530559.876, 1175107.12], [2530559.857, 1175115.95], [2530560.537, 1175125.11], [2530561.827, 1175134.23], [2530556.287, 1175134.26], [2530555.354, 1175134.264], [2530551.067, 1175134.28], [2530551.087, 1175133.79], [2530551.377, 1175133.8], [2530552.906, 1175098.2], [2530552.646, 1175098.19], [2530552.666, 1175097.74], [2530553.116, 1175097.76], [2530553.106, 1175098.02], [2530554.106, 1175098.06], [2530554.176, 1175096.46], [2530557.366, 1175096.66], [2530557.276, 1175098.18], [2530558.226, 1175098.21], [2530558.236, 1175097.93], [2530558.716, 1175097.95]]]}, "properties": {"OBJECTID": 46340439, "EGID": 818608, "NO_COM_FED": 5757, "GENRE_TXT": "b\u00e2timent"}}, {"type": "Feature", "id": 46340497, "geometry": {"type": "Polygon", "coordinates": [[[2531238.075, 1174756.595], [2531239.075, 1174761.375], [2531240.005, 1174761.785], [2531240.195, 1174762.995], [2531239.495, 1174763.525], [2531239.695, 1174764.705], [2531235.395, 1174765.505], [2531235.615, 1174767.025], [2531233.335, 1174767.365], [2531233.045, 1174765.975], [2531231.165, 1174766.315], [2531231.635, 1174769.105], [2531225.115, 1174770.255], [2531224.415, 1174766.135], [2531230.925, 1174765.015], [2531229.855, 1174758.325], [2531238.075, 1174756.595]]]}, "properties": {"OBJECTID": 46340497, "EGID": 818466, "NO_COM_FED": 5757, "GENRE_TXT": "b\u00e2timent"}}, {"type": "Feature", "id": 46340533, "geometry": {"type": "Polygon", "coordinates": [[[2530689.705, 1175853.355], [2530687.736, 1175859.105], [2530687.256, 1175858.965], [2530686.4359999998, 1175861.355], [2530676.823, 1175858.055], [2530675.62, 1175861.581], [2530671.687, 1175860.24], [2530674.312, 1175852.544], [2530675.934, 1175853.097], [2530675.77, 1175853.578], [2530677.932, 1175854.316], [2530679.455, 1175849.845], [2530689.705, 1175853.355]]]}, "properties": {"OBJECTID": 46340533, "EGID": 280062643, "NO_COM_FED": 5757, "GENRE_TXT": "b\u00e2timent"}}, {"type": "Feature", "id": 46340542, "geometry": {"type": "Polygon", "coordinates": [[[2530249.357, 1175746.618], [2530246.858, 1175745.367], [2530247.889, 1175743.336], [2530250.389, 1175744.587], [2530249.357, 1175746.618]]]}, "properties": {"OBJECTID": 46340542, "EGID": 280110693, "NO_COM_FED": 5757, "GENRE_TXT": "b\u00e2timent"}}, {"type": "Feature", "id": 46340677, "geometry": {"type": "Polygon", "coordinates": [[[2531003.661, 1176326.95], [2530996.451, 1176318.31], [2530998.371, 1176316.7], [2531002.801, 1176312.7], [2531010.021, 1176321.35], [2531008.481, 1176322.64], [2531003.661, 1176326.95]]]}, "properties": {"OBJECTID": 46340677, "EGID": 818274, "NO_COM_FED": 5757, "GENRE_TXT": "b\u00e2timent"}}, {"type": "Feature", "id": 46340744, "geometry": {"type": "Polygon", "coordinates": [[[2530718.248, 1175213.005], [2530702.448, 1175212.235], [2530702.438, 1175211.805], [2530701.818, 1175211.765], [2530702.578, 1175195.335], [2530714.948, 1175195.875], [2530714.858, 1175198.075], [2530718.028, 1175198.225], [2530718.048, 1175198.005], [2530718.638, 1175198.025], [2530718.638, 1175198.245], [2530721.878, 1175198.395], [2530721.898, 1175198.185], [2530722.578, 1175198.225], [2530722.398, 1175202.095], [2530725.498, 1175202.235], [2530726.298, 1175202.275], [2530726.268, 1175202.825], [2530725.738, 1175213.015], [2530718.278, 1175212.615], [2530718.248, 1175213.005]]]}, "properties": {"OBJECTID": 46340744, "EGID": 818506, "NO_COM_FED": 5757, "GENRE_TXT": "b\u00e2timent"}}, {"type": "Feature", "id": 46341727, "geometry": {"type": "Polygon", "coordinates": [[[2530738.949, 1175289.684], [2530739.5399536258, 1175289.230444617], [2530740.1988153127, 1175288.8828242058], [2530740.9067861666, 1175288.6510572054], [2530741.6436660923, 1175288.5417564807], [2530742.388430148, 1175288.5580406417], [2530743.1198284407, 1175288.6994450628], [2530743.8169924337, 1175288.9619351386], [2530744.4600303764, 1175289.3380214013], [2530745.0305948635, 1175289.816973214], [2530745.5124063306, 1175290.3851249397], [2530745.8917175476, 1175291.0262658552], [2530746.1577058616, 1175291.7221026819], [2530746.302781992, 1175292.452781537], [2530746.322806571, 1175293.1974544108], [2530746.21720825, 1175293.9348740117], [2530745.989, 1175294.644], [2530745.651515077, 1175295.2937499252], [2530745.211172018, 1175295.8787020852], [2530744.680110317, 1175296.3827303662], [2530744.0729704206, 1175296.791939585], [2530743.40649012, 1175297.0950485547], [2530742.6990431184, 1175297.2837010885], [2530741.970132499, 1175297.3526963638], [2530741.239853061, 1175297.3001323012], [2530740.5283373375, 1175297.127458], [2530739.855200581, 1175296.8394337907], [2530739.239, 1175296.444], [2530738.7184303347, 1175295.9754318749], [2530738.2786212647, 1175295.430347619], [2530737.9306695703, 1175294.8225002016], [2530737.683354389, 1175294.1672261634], [2530737.5429157056, 1175293.4810586616], [2530737.5128969164, 1175292.7813103236], [2530737.594055421, 1175292.0856364334], [2530737.784343519, 1175291.4115894735], [2530738.078960067, 1175290.7761762587], [2530738.4704716248, 1175290.19542884], [2530738.949, 1175289.684]]]}, "properties": {"OBJECTID": 46341727, "EGID": 280018421, "NO_COM_FED": 5757, "GENRE_TXT": "b\u00e2timent"}}, {"type": "Feature", "id": 46341948, "geometry": {"type": "Polygon", "coordinates": [[[2530589.775, 1174505.208], [2530590.6, 1174507.786], [2530588.307, 1174508.5219999999], [2530587.479, 1174505.942], [2530589.775, 1174505.208]]]}, "properties": {"OBJECTID": 46341948, "EGID": 280110985, "NO_COM_FED": 5757, "GENRE_TXT": "b\u00e2timent"}}, {"type": "Feature", "id": 46342203, "geometry": {"type": "Polygon", "coordinates": [[[2530633.517, 1174490.865], [2530631.014, 1174495.033], [2530626.497, 1174502.554], [2530617.5439999998, 1174497.176], [2530622.154, 1174489.52], [2530623.53, 1174490.346], [2530625.943, 1174486.325], [2530630.626, 1174489.132], [2530633.517, 1174490.865]]]}, "properties": {"OBJECTID": 46342203, "EGID": 818776, "NO_COM_FED": 5757, "GENRE_TXT": "b\u00e2timent"}}, {"type": "Feature", "id": 46342241, "geometry": {"type": "Polygon", "coordinates": [[[2531472.783, 1175002.234], [2531468.351, 1174998.11], [2531476.324, 1174989.497], [2531480.772, 1174993.624], [2531472.783, 1175002.234]]]}, "properties": {"OBJECTID": 46342241, "EGID": 280106401, "NO_COM_FED": 5757, "GENRE_TXT": "b\u00e2timent"}}, {"type": "Feature", "id": 46342467, "geometry": {"type": "Polygon", "coordinates": [[[2531136.4560000002, 1174955.232], [2531130.2060000002, 1174950.7719999999], [2531133.316, 1174946.642], [2531131.926, 1174945.692], [2531134.946, 1174941.452], [2531137.116, 1174943.002], [2531140.243, 1174938.68], [2531150.673, 1174946.17], [2531144.486, 1174954.621], [2531142.238, 1174952.889], [2531141.813, 1174953.445], [2531139.616, 1174951.742], [2531138.886, 1174952.792], [2531138.566, 1174952.5320000001], [2531136.4560000002, 1174955.232]]]}, "properties": {"OBJECTID": 46342467, "EGID": 280012298, "NO_COM_FED": 5757, "GENRE_TXT": "b\u00e2timent"}}, {"type": "Feature", "id": 46342535, "geometry": {"type": "Polygon", "coordinates": [[[2530909.749, 1176187.301], [2530912.959, 1176187.181], [2530913.269, 1176194.881], [2530904.829, 1176195.231], [2530904.519, 1176187.531], [2530909.749, 1176187.301]]]}, "properties": {"OBJECTID": 46342535, "EGID": 818268, "NO_COM_FED": 5757, "GENRE_TXT": "b\u00e2timent"}}, {"type": "Feature", "id": 46342589, "geometry": {"type": "Polygon", "coordinates": [[[2530629.775, 1175793.387], [2530629.765, 1175793.087], [2530629.955, 1175787.267], [2530633.595, 1175787.237], [2530633.595, 1175788.057], [2530635.015, 1175788.267], [2530634.705, 1175793.457], [2530629.775, 1175793.387]]]}, "properties": {"OBJECTID": 46342589, "EGID": 280034145, "NO_COM_FED": 5757, "GENRE_TXT": "b\u00e2timent"}}, {"type": "Feature", "id": 46342902, "geometry": {"type": "Polygon", "coordinates": [[[2530637.698, 1175221.877], [2530647.068, 1175220.927], [2530647.018, 1175220.547], [2530648.798, 1175220.297], [2530650.458, 1175233.3969999999], [2530632.998, 1175235.998], [2530632.368, 1175232.008], [2530633.868, 1175231.788], [2530632.528, 1175222.7179999999], [2530637.698, 1175221.877]]]}, "properties": {"OBJECTID": 46342902, "EGID": 818576, "NO_COM_FED": 5757, "GENRE_TXT": "b\u00e2timent"}}, {"type": "Feature", "id": 46342922, "geometry": {"type": "Polygon", "coordinates": [[[2531341.062, 1174995.02], [2531348.261, 1174987.287], [2531345.172, 1174984.385], [2531353.451, 1174975.495], [2531357.068, 1174979.0929999999], [2531359.471, 1174976.497], [2531368.759, 1174987.435], [2531367.541, 1174988.759], [2531378.466, 1174998.806], [2531378.158, 1174999.109], [2531380.554, 1175001.345], [2531372.897, 1175009.561], [2531370.529, 1175007.332], [2531362.969, 1175015.434], [2531341.062, 1174995.02]]]}, "properties": {"OBJECTID": 46342922, "EGID": 280077967, "NO_COM_FED": 5757, "GENRE_TXT": "b\u00e2timent"}}, {"type": "Feature", "id": 46343091, "geometry": {"type": "Polygon", "coordinates": [[[2530807.233, 1176640.398], [2530807.604, 1176645.008], [2530804.284, 1176645.278], [2530803.913, 1176640.658], [2530807.233, 1176640.398]]]}, "properties": {"OBJECTID": 46343091, "EGID": 280048125, "NO_COM_FED": 5757, "GENRE_TXT": "b\u00e2timent"}}, {"type": "Feature", "id": 46343184, "geometry": {"type": "Polygon", "coordinates": [[[2530574.19, 1174487.419], [2530571.054, 1174486.724], [2530563.438, 1174485.037], [2530565.613, 1174475.277], [2530576.352, 1174477.664], [2530574.19, 1174487.419]]]}, "properties": {"OBJECTID": 46343184, "EGID": 818773, "NO_COM_FED": 5757, "GENRE_TXT": "b\u00e2timent"}}, {"type": "Feature", "id": 46343198, "geometry": {"type": "Polygon", "coordinates": [[[2530673.152, 1175558.346], [2530672.882, 1175554.976], [2530679.372, 1175554.366], [2530679.662, 1175557.876], [2530673.152, 1175558.346]]]}, "properties": {"OBJECTID": 46343198, "EGID": 280039367, "NO_COM_FED": 5757, "GENRE_TXT": "b\u00e2timent"}}, {"type": "Feature", "id": 46343331, "geometry": {"type": "Polygon", "coordinates": [[[2530224.22, 1174742.437], [2530223.889, 1174745.291], [2530220.422, 1174744.876], [2530220.373, 1174745.288], [2530215.796, 1174744.947], [2530216.07, 1174741.55], [2530215.451, 1174741.5], [2530215.846, 1174735.959], [2530220.845, 1174736.076], [2530220.491, 1174741.671], [2530220.62, 1174741.993], [2530224.22, 1174742.437]]]}, "properties": {"OBJECTID": 46343331, "EGID": 280068297, "NO_COM_FED": 5757, "GENRE_TXT": "b\u00e2timent"}}, {"type": "Feature", "id": 46343445, "geometry": {"type": "Polygon", "coordinates": [[[2530182.332, 1174599.924], [2530181.67, 1174587.494], [2530191.592, 1174586.933], [2530192.527, 1174604.458], [2530187.746, 1174604.712], [2530182.601, 1174604.985], [2530182.43, 1174601.778], [2530182.332, 1174599.924]]]}, "properties": {"OBJECTID": 46343445, "EGID": 818826, "NO_COM_FED": 5757, "GENRE_TXT": "b\u00e2timent"}}, {"type": "Feature", "id": 46343551, "geometry": {"type": "Polygon", "coordinates": [[[2530707.316, 1175866.604], [2530705.771, 1175871.134], [2530707.291, 1175871.651], [2530706.211, 1175874.83], [2530704.687, 1175874.313], [2530704.636, 1175874.464], [2530703.276, 1175874.004], [2530702.836, 1175875.295], [2530699.156, 1175874.025], [2530699.616, 1175872.715], [2530696.136, 1175871.515], [2530698.886, 1175863.635], [2530707.316, 1175866.604]]]}, "properties": {"OBJECTID": 46343551, "EGID": 818284, "NO_COM_FED": 5757, "GENRE_TXT": "b\u00e2timent"}}, {"type": "Feature", "id": 46343601, "geometry": {"type": "Polygon", "coordinates": [[[2530623.694, 1174597.848], [2530618.731, 1174595.369], [2530618.507682235, 1174595.519013217], [2530618.2636623294, 1174595.6322787246], [2530618.0049382937, 1174595.7060124555], [2530617.7378695672, 1174595.7384020344], [2530617.4690207005, 1174595.728651325], [2530617.205, 1174595.677], [2530616.9392708368, 1174595.5780485133], [2530616.6934942757, 1174595.4366368193], [2530616.474398246, 1174595.256635945], [2530616.2879803176, 1174595.0429732644], [2530616.1393435267, 1174594.8014976147], [2530616.032556681, 1174594.5388191903], [2530615.970542981, 1174594.262128594], [2530615.955, 1174593.979], [2530611.037, 1174591.5], [2530615.202, 1174583.278], [2530615.827, 1174583.588], [2530616.434, 1174582.388], [2530616.605166868, 1174582.086663166], [2530616.8230506503, 1174581.81716615], [2530617.0818528607, 1174581.5866810088], [2530617.3746860595, 1174581.401341586], [2530617.6937571513, 1174581.2660802728], [2530618.0305747758, 1174581.184496745], [2530618.3761752904, 1174581.1587621649], [2530618.721361315, 1174581.1895613999], [2530619.0569464993, 1174581.2760747983], [2530619.374, 1174581.416], [2530619.6739564496, 1174581.6131873596], [2530619.936465638, 1174581.8580253718], [2530620.1540451064, 1174582.1435352694], [2530620.3204930527, 1174582.461578989], [2530620.4310651105, 1174582.803091136], [2530620.482609576, 1174583.158337381], [2530620.473657246, 1174583.5171919228], [2530620.404463295, 1174583.8694261112], [2530620.277, 1174584.205], [2530625.598, 1174586.818], [2530622.785, 1174592.326], [2530625.721, 1174593.794], [2530623.694, 1174597.848]]]}, "properties": {"OBJECTID": 46343601, "EGID": 818800, "NO_COM_FED": 5757, "GENRE_TXT": "b\u00e2timent"}}, {"type": "Feature", "id": 46343628, "geometry": {"type": "Polygon", "coordinates": [[[2530184.605, 1175820.177], [2530181.453, 1175819.364], [2530184.5609999998, 1175807.356], [2530185.156, 1175805.059], [2530193.824, 1175807.303], [2530193.774, 1175807.497], [2530192.543, 1175812.2820000001], [2530194.923, 1175812.933], [2530195.125, 1175812.988], [2530192.738, 1175822.275], [2530184.605, 1175820.177]]]}, "properties": {"OBJECTID": 46343628, "EGID": 818110, "NO_COM_FED": 5757, "GENRE_TXT": "b\u00e2timent"}}, {"type": "Feature", "id": 46343708, "geometry": {"type": "Polygon", "coordinates": [[[2530589.412, 1174755.102], [2530578.815, 1174751.001], [2530582.918, 1174740.406], [2530593.53, 1174744.513], [2530589.412, 1174755.102]]]}, "properties": {"OBJECTID": 46343708, "EGID": 280097991, "NO_COM_FED": 5757, "GENRE_TXT": "b\u00e2timent"}}, {"type": "Feature", "id": 46343866, "geometry": {"type": "Polygon", "coordinates": [[[2530665.102, 1175565.706], [2530665.372, 1175568.046], [2530662.752, 1175568.336], [2530662.542, 1175565.916], [2530665.102, 1175565.706]]]}, "properties": {"OBJECTID": 46343866, "EGID": 280111030, "NO_COM_FED": 5757, "GENRE_TXT": "b\u00e2timent"}}, {"type": "Feature", "id": 46343962, "geometry": {"type": "Polygon", "coordinates": [[[2530933.61, 1176291.981], [2530938.08, 1176298.421], [2530931.14, 1176303.242], [2530926.73, 1176296.902], [2530933.61, 1176291.981]]]}, "properties": {"OBJECTID": 46343962, "EGID": 818136, "NO_COM_FED": 5757, "GENRE_TXT": "b\u00e2timent"}}, {"type": "Feature", "id": 46344002, "geometry": {"type": "Polygon", "coordinates": [[[2530873.188, 1176056.071], [2530872.878, 1176054.541], [2530875.578, 1176053.921], [2530875.908, 1176055.521], [2530873.188, 1176056.071]]]}, "properties": {"OBJECTID": 46344002, "EGID": 280130555, "NO_COM_FED": 5757, "GENRE_TXT": "b\u00e2timent"}}, {"type": "Feature", "id": 46344040, "geometry": {"type": "Polygon", "coordinates": [[[2530890.375, 1174473.695], [2530889.981, 1174480.8969999999], [2530886.921, 1174480.734], [2530887.37, 1174473.508], [2530890.375, 1174473.695]]]}, "properties": {"OBJECTID": 46344040, "EGID": 280070964, "NO_COM_FED": 5757, "GENRE_TXT": "b\u00e2timent"}}, {"type": "Feature", "id": 46344125, "geometry": {"type": "Polygon", "coordinates": [[[2530915.465, 1175691.393], [2530914.261, 1175679.409], [2530939.173, 1175676.932], [2530940.359, 1175688.87], [2530929.429, 1175689.977], [2530929.388, 1175689.58], [2530927.111, 1175689.811], [2530927.151, 1175690.209], [2530915.465, 1175691.393]]]}, "properties": {"OBJECTID": 46344125, "EGID": 190088070, "NO_COM_FED": 5757, "GENRE_TXT": "b\u00e2timent"}}, {"type": "Feature", "id": 46344183, "geometry": {"type": "Polygon", "coordinates": [[[2530340.94, 1174767.54], [2530343.446, 1174769.231], [2530342.319, 1174770.883], [2530339.839, 1174769.184], [2530340.94, 1174767.54]]]}, "properties": {"OBJECTID": 46344183, "EGID": 280114726, "NO_COM_FED": 5757, "GENRE_TXT": "b\u00e2timent"}}, {"type": "Feature", "id": 46344194, "geometry": {"type": "Polygon", "coordinates": [[[2531073.28, 1176279.9679999999], [2531073.25, 1176279.848], [2531072.27, 1176280.108], [2531069.83, 1176270.598], [2531080.02, 1176267.967], [2531082.5, 1176277.577], [2531073.28, 1176279.9679999999]]]}, "properties": {"OBJECTID": 46344194, "EGID": 818342, "NO_COM_FED": 5757, "GENRE_TXT": "b\u00e2timent"}}, {"type": "Feature", "id": 46344271, "geometry": {"type": "Polygon", "coordinates": [[[2530109.896, 1175941.874], [2530109.735, 1175941.19], [2530119.565, 1175938.86], [2530121.525, 1175947.2], [2530123.645, 1175946.7], [2530124.205, 1175949.1], [2530112.255, 1175951.9], [2530109.896, 1175941.874]]]}, "properties": {"OBJECTID": 46344271, "EGID": 280011631, "NO_COM_FED": 5757, "GENRE_TXT": "b\u00e2timent"}}, {"type": "Feature", "id": 46344342, "geometry": {"type": "Polygon", "coordinates": [[[2530455.072, 1174892.345], [2530460.616, 1174886.587], [2530462.415, 1174888.325], [2530463.923, 1174886.652], [2530468.286, 1174890.586], [2530472.441, 1174893.643], [2530469.078, 1174897.424], [2530471.144, 1174899.036], [2530470.43, 1174900.28], [2530465.128, 1174898.619], [2530464.427, 1174900.739], [2530459.652, 1174899.14], [2530460.368, 1174896.913], [2530455.072, 1174892.345]]]}, "properties": {"OBJECTID": 46344342, "EGID": 190092700, "NO_COM_FED": 5757, "GENRE_TXT": "b\u00e2timent"}}, {"type": "Feature", "id": 46344371, "geometry": {"type": "Polygon", "coordinates": [[[2530755.596, 1175074.304], [2530747.416, 1175066.274], [2530749.326, 1175061.684], [2530758.416, 1175069.134], [2530755.596, 1175074.304]]]}, "properties": {"OBJECTID": 46344371, "EGID": 280018268, "NO_COM_FED": 5757, "GENRE_TXT": "b\u00e2timent"}}, {"type": "Feature", "id": 46344512, "geometry": {"type": "Polygon", "coordinates": [[[2530501.421, 1174679.838], [2530501.751, 1174679.538], [2530502.111, 1174679.958], [2530501.781, 1174680.258], [2530505.992, 1174684.898], [2530500.192, 1174690.268], [2530498.792, 1174688.768], [2530497.762, 1174689.7280000001], [2530496.582, 1174688.418], [2530497.602, 1174687.4780000001], [2530495.312, 1174684.9679999999], [2530501.161, 1174679.568], [2530501.421, 1174679.838]]]}, "properties": {"OBJECTID": 46344512, "EGID": 818793, "NO_COM_FED": 5757, "GENRE_TXT": "b\u00e2timent"}}, {"type": "Feature", "id": 46344553, "geometry": {"type": "Polygon", "coordinates": [[[2530875.332, 1175641.196], [2530875.276, 1175640.984], [2530886.637, 1175638.005], [2530888.779, 1175646.233], [2530887.628, 1175646.535], [2530891.536, 1175661.524], [2530885.172, 1175664.366], [2530884.698, 1175664.578], [2530877.815, 1175649.117], [2530877.433, 1175649.217], [2530875.332, 1175641.196]]]}, "properties": {"OBJECTID": 46344553, "EGID": 280127435, "NO_COM_FED": 5757, "GENRE_TXT": "b\u00e2timent"}}, {"type": "Feature", "id": 46344598, "geometry": {"type": "Polygon", "coordinates": [[[2530212.05, 1174728.749], [2530211.49, 1174738.319], [2530202.923, 1174737.748], [2530203.072, 1174735.438], [2530200.943, 1174735.301], [2530201.175, 1174731.875], [2530203.277, 1174731.997], [2530203.507, 1174728.215], [2530212.05, 1174728.749]]]}, "properties": {"OBJECTID": 46344598, "EGID": 818814, "NO_COM_FED": 5757, "GENRE_TXT": "b\u00e2timent"}}, {"type": "Feature", "id": 46344695, "geometry": {"type": "Polygon", "coordinates": [[[2530646.321, 1176218.914], [2530644.339, 1176218.199], [2530644.889, 1176216.669], [2530641.949, 1176215.589], [2530645.259, 1176206.709], [2530654.209, 1176209.998], [2530653.009, 1176213.118], [2530656.029, 1176214.268], [2530653.889, 1176219.9679999999], [2530647.9390000002, 1176217.799], [2530647.359, 1176219.289], [2530646.321, 1176218.914]]]}, "properties": {"OBJECTID": 46344695, "EGID": 818221, "NO_COM_FED": 5757, "GENRE_TXT": "b\u00e2timent"}}, {"type": "Feature", "id": 46344710, "geometry": {"type": "Polygon", "coordinates": [[[2531235.872, 1175417.748], [2531236.372, 1175418.798], [2531242.082, 1175416.098], [2531245.292, 1175422.648], [2531254.982, 1175441.617], [2531258.922, 1175446.017], [2531247.102, 1175451.548], [2531241.312, 1175454.248], [2531238.922, 1175449.7280000001], [2531238.472, 1175449.928], [2531225.252, 1175423.808], [2531233.712, 1175419.988], [2531232.752, 1175417.958], [2531235.352, 1175416.648], [2531235.872, 1175417.748]]]}, "properties": {"OBJECTID": 46344710, "EGID": 818396, "NO_COM_FED": 5757, "GENRE_TXT": "b\u00e2timent"}}, {"type": "Feature", "id": 46344734, "geometry": {"type": "Polygon", "coordinates": [[[2530706.235, 1174961.516], [2530714.065, 1174958.015], [2530716.435, 1174963.225], [2530708.615, 1174966.835], [2530708.235, 1174965.995], [2530706.235, 1174961.516]]]}, "properties": {"OBJECTID": 46344734, "EGID": 280021249, "NO_COM_FED": 5757, "GENRE_TXT": "b\u00e2timent"}}, {"type": "Feature", "id": 46344885, "geometry": {"type": "Polygon", "coordinates": [[[2531095.86, 1176275.517], [2531096.1, 1176278.337], [2531090.65, 1176278.767], [2531090.41, 1176275.937], [2531094.27, 1176275.637], [2531095.86, 1176275.517]]]}, "properties": {"OBJECTID": 46344885, "EGID": 280045669, "NO_COM_FED": 5757, "GENRE_TXT": "b\u00e2timent"}}, {"type": "Feature", "id": 46344902, "geometry": {"type": "Polygon", "coordinates": [[[2530947.38, 1176277.601], [2530952.96, 1176273.431], [2530957.43, 1176279.861], [2530955.78, 1176281.001], [2530950.62, 1176284.891], [2530946.14, 1176278.461], [2530947.38, 1176277.601]]]}, "properties": {"OBJECTID": 46344902, "EGID": 818138, "NO_COM_FED": 5757, "GENRE_TXT": "b\u00e2timent"}}, {"type": "Feature", "id": 46344981, "geometry": {"type": "Polygon", "coordinates": [[[2530825.957, 1174487.335], [2530835.275, 1174489.2719999999], [2530833.63, 1174497.186], [2530824.256, 1174495.2179999999], [2530825.957, 1174487.335]]]}, "properties": {"OBJECTID": 46344981, "EGID": 281010650, "NO_COM_FED": 5757, "GENRE_TXT": "b\u00e2timent"}}, {"type": "Feature", "id": 46345295, "geometry": {"type": "Polygon", "coordinates": [[[2530874.219, 1175240.87], [2530880.389, 1175255.29], [2530869.399, 1175259.99], [2530854.758, 1175225.76], [2530865.728, 1175221.03], [2530874.219, 1175240.87]]]}, "properties": {"OBJECTID": 46345295, "EGID": 818418, "NO_COM_FED": 5757, "GENRE_TXT": "b\u00e2timent"}}, {"type": "Feature", "id": 46345415, "geometry": {"type": "Polygon", "coordinates": [[[2530725.7060000002, 1175016.635], [2530721.946, 1175022.325], [2530719.196, 1175022.225], [2530713.536, 1175012.575], [2530720.106, 1175008.535], [2530724.276, 1175015.515], [2530725.7060000002, 1175016.635]]]}, "properties": {"OBJECTID": 46345415, "EGID": 818672, "NO_COM_FED": 5757, "GENRE_TXT": "b\u00e2timent"}}, {"type": "Feature", "id": 46345441, "geometry": {"type": "Polygon", "coordinates": [[[2530477.827, 1176019.202], [2530477.337, 1176015.852], [2530478.797, 1176015.642], [2530478.317, 1176012.292], [2530486.197, 1176011.171], [2530490.637, 1176010.541], [2530491.617, 1176017.331], [2530487.217, 1176017.921], [2530477.827, 1176019.202]]]}, "properties": {"OBJECTID": 46345441, "EGID": 818073, "NO_COM_FED": 5757, "GENRE_TXT": "b\u00e2timent"}}, {"type": "Feature", "id": 46345565, "geometry": {"type": "Polygon", "coordinates": [[[2530660.6689999998, 1175315.027], [2530654.929, 1175316.297], [2530652.659, 1175308.747], [2530658.349, 1175306.4070000001], [2530659.539, 1175310.387], [2530663.074, 1175309.394], [2530663.529, 1175309.266], [2530664.129, 1175312.616], [2530660.4189999998, 1175313.697], [2530660.6689999998, 1175315.027]]]}, "properties": {"OBJECTID": 46345565, "EGID": 280126568, "NO_COM_FED": 5757, "GENRE_TXT": "b\u00e2timent"}}, {"type": "Feature", "id": 46345629, "geometry": {"type": "Polygon", "coordinates": [[[2530822.059, 1175298.781], [2530832.269, 1175295.751], [2530834.279, 1175302.391], [2530824.049, 1175305.451], [2530822.059, 1175298.781]]]}, "properties": {"OBJECTID": 46345629, "EGID": 818522, "NO_COM_FED": 5757, "GENRE_TXT": "b\u00e2timent"}}, {"type": "Feature", "id": 46346383, "geometry": {"type": "Polygon", "coordinates": [[[2530548.698, 1175250.74], [2530548.938, 1175263.29], [2530536.908, 1175263.511], [2530536.688, 1175250.931], [2530548.698, 1175250.74]]]}, "properties": {"OBJECTID": 46346383, "EGID": 280009370, "NO_COM_FED": 5757, "GENRE_TXT": "b\u00e2timent"}}, {"type": "Feature", "id": 46346452, "geometry": {"type": "Polygon", "coordinates": [[[2530613.288, 1175252.088], [2530614.318, 1175258.098], [2530613.228, 1175258.348], [2530614.388, 1175265.518], [2530607.818, 1175266.388], [2530606.698, 1175259.878], [2530602.638, 1175260.788], [2530601.598, 1175254.449], [2530605.118, 1175253.698], [2530613.288, 1175252.088]]]}, "properties": {"OBJECTID": 46346452, "EGID": 818565, "NO_COM_FED": 5757, "GENRE_TXT": "b\u00e2timent"}}, {"type": "Feature", "id": 46346489, "geometry": {"type": "Polygon", "coordinates": [[[2530294.609, 1175787.783], [2530302.119, 1175776.205], [2530308.902, 1175780.615], [2530308.594, 1175781.092], [2530312.002, 1175783.29], [2530312.312, 1175782.809], [2530319.091, 1175787.202], [2530318.778, 1175787.679], [2530322.157, 1175789.869], [2530322.472, 1175789.39], [2530329.239, 1175793.814], [2530321.747, 1175805.355], [2530314.924, 1175800.961], [2530315.721, 1175799.7280000001], [2530312.366, 1175797.56], [2530311.569, 1175798.779], [2530304.787, 1175794.371], [2530305.589, 1175793.132], [2530302.225, 1175790.956], [2530301.42, 1175792.172], [2530294.609, 1175787.783]]]}, "properties": {"OBJECTID": 46346489, "EGID": 280053003, "NO_COM_FED": 5757, "GENRE_TXT": "b\u00e2timent"}}, {"type": "Feature", "id": 46346808, "geometry": {"type": "Polygon", "coordinates": [[[2530809.753, 1176561.577], [2530815.383, 1176554.547], [2530821.473, 1176559.447], [2530815.833, 1176566.457], [2530809.753, 1176561.577]]]}, "properties": {"OBJECTID": 46346808, "EGID": 818190, "NO_COM_FED": 5757, "GENRE_TXT": "b\u00e2timent"}}, {"type": "Feature", "id": 46346915, "geometry": {"type": "Polygon", "coordinates": [[[2530671.288, 1175201.606], [2530671.548, 1175206.686], [2530671.778, 1175211.106], [2530671.928, 1175214.376], [2530660.158, 1175215.077], [2530658.908, 1175202.697], [2530671.288, 1175201.606]]]}, "properties": {"OBJECTID": 46346915, "EGID": 280065004, "NO_COM_FED": 5757, "GENRE_TXT": "b\u00e2timent"}}, {"type": "Feature", "id": 46346947, "geometry": {"type": "Polygon", "coordinates": [[[2530810.32, 1176254.024], [2530811.04, 1176258.485], [2530803.03, 1176259.745], [2530802.33, 1176255.265], [2530810.32, 1176254.024]]]}, "properties": {"OBJECTID": 46346947, "EGID": 280025758, "NO_COM_FED": 5757, "GENRE_TXT": "b\u00e2timent"}}, {"type": "Feature", "id": 46346948, "geometry": {"type": "Polygon", "coordinates": [[[2531161.196, 1174920.482], [2531158.796, 1174923.742], [2531153.946, 1174920.212], [2531156.326, 1174916.943], [2531161.196, 1174920.482]]]}, "properties": {"OBJECTID": 46346948, "EGID": 280036987, "NO_COM_FED": 5757, "GENRE_TXT": "b\u00e2timent"}}, {"type": "Feature", "id": 46347002, "geometry": {"type": "Polygon", "coordinates": [[[2530933.589, 1176183.13], [2530937.649, 1176182.96], [2530937.949, 1176190.67], [2530929.489, 1176191.001], [2530929.139, 1176183.321], [2530933.589, 1176183.13]]]}, "properties": {"OBJECTID": 46347002, "EGID": 818257, "NO_COM_FED": 5757, "GENRE_TXT": "b\u00e2timent"}}, {"type": "Feature", "id": 46347059, "geometry": {"type": "Polygon", "coordinates": [[[2530664.006, 1175026.527], [2530661.216, 1175022.987], [2530662.076, 1175022.487], [2530660.106, 1175018.817], [2530661.366, 1175018.067], [2530660.326, 1175016.237], [2530652.446, 1175022.577], [2530646.126, 1175015.797], [2530646.386, 1175015.307], [2530645.746, 1175014.817], [2530646.356, 1175013.637], [2530647.416, 1175012.817], [2530647.946, 1175013.267], [2530652.915, 1175009.097], [2530652.6240878413, 1175008.6074629514], [2530652.4112851466, 1175008.0792665682], [2530652.281576463, 1175007.5247829673], [2530652.238, 1175006.957], [2530652.281576463, 1175006.3892170326], [2530652.411285146, 1175005.834733432], [2530652.6240878413, 1175005.3065370487], [2530652.915, 1175004.817], [2530653.2917452715, 1175004.362068376], [2530653.735786615, 1175003.9725467877], [2530654.2359151486, 1175003.6582678803], [2530654.779506191, 1175003.4271649572], [2530655.3528379397, 1175003.2850717208], [2530655.9414378535, 1175003.2355750133], [2530656.5304479767, 1175003.279924274], [2530657.105, 1175003.417], [2530659.955, 1175001.467], [2530661.295, 1175008.327], [2530660.976, 1175013.237], [2530667.126, 1175024.727], [2530664.006, 1175026.527]]]}, "properties": {"OBJECTID": 46347059, "EGID": 280007041, "NO_COM_FED": 5757, "GENRE_TXT": "b\u00e2timent"}}, {"type": "Feature", "id": 46347150, "geometry": {"type": "Polygon", "coordinates": [[[2531012.644, 1176230.952], [2531014.593, 1176230.53], [2531017.535, 1176229.893], [2531018.245, 1176233.166], [2531015.304, 1176233.804], [2531016.359, 1176238.67], [2531016.401, 1176238.862], [2531009.554, 1176240.348], [2531009.596, 1176240.54], [2531007.648, 1176240.967], [2531006.492, 1176235.648], [2531006.054, 1176233.634], [2531005.875, 1176232.812], [2531005.837, 1176232.635], [2531012.683, 1176231.129], [2531012.644, 1176230.952]]]}, "properties": {"OBJECTID": 46347150, "EGID": 280104399, "NO_COM_FED": 5757, "GENRE_TXT": "b\u00e2timent"}}, {"type": "Feature", "id": 46347397, "geometry": {"type": "Polygon", "coordinates": [[[2530696.877, 1175900.314], [2530698.853, 1175888.986], [2530705.072, 1175890.064], [2530703.093, 1175901.393], [2530696.877, 1175900.314]]]}, "properties": {"OBJECTID": 46347397, "EGID": 280054927, "NO_COM_FED": 5757, "GENRE_TXT": "b\u00e2timent"}}, {"type": "Feature", "id": 46347490, "geometry": {"type": "Polygon", "coordinates": [[[2530843.633, 1174350.959], [2530846.734, 1174351.018], [2530847.234, 1174351.029], [2530847.178, 1174353.619], [2530847.278, 1174353.622], [2530847.274, 1174353.802], [2530843.573, 1174353.721], [2530843.633, 1174350.959]]]}, "properties": {"OBJECTID": 46347490, "EGID": 280122653, "NO_COM_FED": 5757, "GENRE_TXT": "b\u00e2timent"}}, {"type": "Feature", "id": 46347629, "geometry": {"type": "Polygon", "coordinates": [[[2530220.046, 1174394.935], [2530222.361, 1174402.644], [2530218.482, 1174403.809], [2530216.167, 1174396.1], [2530220.046, 1174394.935]]]}, "properties": {"OBJECTID": 46347629, "EGID": 280115490, "NO_COM_FED": 5757, "GENRE_TXT": "b\u00e2timent"}}, {"type": "Feature", "id": 46347993, "geometry": {"type": "Polygon", "coordinates": [[[2530771.096, 1175913.722], [2530769.426, 1175915.902], [2530765.216, 1175912.663], [2530766.876, 1175910.472], [2530771.096, 1175913.722]]]}, "properties": {"OBJECTID": 46347993, "EGID": 280047940, "NO_COM_FED": 5757, "GENRE_TXT": "b\u00e2timent"}}, {"type": "Feature", "id": 46348147, "geometry": {"type": "Polygon", "coordinates": [[[2530856.358, 1176080.7820000001], [2530855.028, 1176074.632], [2530859.598, 1176073.651], [2530859.888, 1176075.001], [2530863.128, 1176074.301], [2530863.628, 1176074.191], [2530864.668, 1176078.981], [2530856.358, 1176080.7820000001]]]}, "properties": {"OBJECTID": 46348147, "EGID": 818233, "NO_COM_FED": 5757, "GENRE_TXT": "b\u00e2timent"}}, {"type": "Feature", "id": 46348446, "geometry": {"type": "Polygon", "coordinates": [[[2530156.25, 1174823.097], [2530159.027, 1174826.214], [2530156.742, 1174828.243], [2530153.97, 1174825.112], [2530156.25, 1174823.097]]]}, "properties": {"OBJECTID": 46348446, "EGID": 280072258, "NO_COM_FED": 5757, "GENRE_TXT": "b\u00e2timent"}}, {"type": "Feature", "id": 46348578, "geometry": {"type": "Polygon", "coordinates": [[[2530982.463, 1176541.922], [2530982.87, 1176541.903], [2530987.353, 1176541.692], [2530987.591, 1176547.487], [2530987.623, 1176548.2719999999], [2530982.743, 1176547.573], [2530982.463, 1176541.922]]]}, "properties": {"OBJECTID": 46348578, "EGID": 280033961, "NO_COM_FED": 5757, "GENRE_TXT": "b\u00e2timent"}}, {"type": "Feature", "id": 46348665, "geometry": {"type": "Polygon", "coordinates": [[[2530800.396, 1175834.811], [2530800.536, 1175843.161], [2530795.406, 1175843.192], [2530795.406, 1175844.572], [2530793.196, 1175844.572], [2530793.166, 1175843.222], [2530792.406, 1175843.232], [2530792.29, 1175836.758], [2530786.72, 1175836.879], [2530786.786, 1175829.804], [2530792.966, 1175829.856], [2530792.971, 1175834.876], [2530800.396, 1175834.811]]]}, "properties": {"OBJECTID": 46348665, "EGID": 818304, "NO_COM_FED": 5757, "GENRE_TXT": "b\u00e2timent"}}, {"type": "Feature", "id": 46348736, "geometry": {"type": "Polygon", "coordinates": [[[2530111.914, 1175811.209], [2530111.554, 1175813.329], [2530109.554, 1175813.009], [2530109.914, 1175810.879], [2530111.914, 1175811.209]]]}, "properties": {"OBJECTID": 46348736, "EGID": 280114502, "NO_COM_FED": 5757, "GENRE_TXT": "b\u00e2timent"}}, {"type": "Feature", "id": 46349026, "geometry": {"type": "Polygon", "coordinates": [[[2530971.805, 1174877.727], [2530969.745, 1174882.057], [2530966.845, 1174880.557], [2530968.945, 1174876.3969999999], [2530971.805, 1174877.727]]]}, "properties": {"OBJECTID": 46349026, "EGID": 280047554, "NO_COM_FED": 5757, "GENRE_TXT": "b\u00e2timent"}}, {"type": "Feature", "id": 46349222, "geometry": {"type": "Polygon", "coordinates": [[[2530548.665, 1175840.12], [2530544.575, 1175840.99], [2530541.325, 1175841.69], [2530539.055, 1175830.9], [2530546.395, 1175829.34], [2530548.665, 1175840.12]]]}, "properties": {"OBJECTID": 46349222, "EGID": 3164006, "NO_COM_FED": 5757, "GENRE_TXT": "b\u00e2timent"}}, {"type": "Feature", "id": 46349259, "geometry": {"type": "Polygon", "coordinates": [[[2530691.047, 1175147.936], [2530687.877, 1175136.576], [2530687.667, 1175136.606], [2530686.467, 1175131.506], [2530686.187, 1175131.576], [2530684.237, 1175125.486], [2530689.417, 1175123.756], [2530695.327, 1175121.856], [2530695.737, 1175122.866], [2530695.187, 1175123.106], [2530701.097, 1175137.155], [2530695.547, 1175139.006], [2530697.067, 1175144.156], [2530697.727, 1175143.996], [2530698.147, 1175146.286], [2530695.707, 1175146.706], [2530695.617, 1175146.376], [2530692.657, 1175147.046], [2530692.767, 1175147.526], [2530691.047, 1175147.936]]]}, "properties": {"OBJECTID": 46349259, "EGID": 818546, "NO_COM_FED": 5757, "GENRE_TXT": "b\u00e2timent"}}, {"type": "Feature", "id": 46349351, "geometry": {"type": "Polygon", "coordinates": [[[2530761.379, 1175477.876], [2530761.483, 1175479.648], [2530758.755, 1175479.808], [2530758.651, 1175478.036], [2530761.379, 1175477.876]]]}, "properties": {"OBJECTID": 46349351, "EGID": 280115265, "NO_COM_FED": 5757, "GENRE_TXT": "b\u00e2timent"}}, {"type": "Feature", "id": 46349989, "geometry": {"type": "Polygon", "coordinates": [[[2530801.236, 1175026.192], [2530803.726, 1175024.692], [2530807.626, 1175031.162], [2530805.116, 1175032.672], [2530801.236, 1175026.192]]]}, "properties": {"OBJECTID": 46349989, "EGID": 280039269, "NO_COM_FED": 5757, "GENRE_TXT": "b\u00e2timent"}}, {"type": "Feature", "id": 46350171, "geometry": {"type": "Polygon", "coordinates": [[[2530927.484, 1175715.3969999999], [2530918.504, 1175718.938], [2530914.244, 1175708.138], [2530923.364, 1175704.528], [2530923.414, 1175704.708], [2530923.664, 1175704.618], [2530924.304, 1175704.798], [2530925.5640000002, 1175707.998], [2530925.324, 1175708.598], [2530924.994, 1175708.7280000001], [2530925.0439999998, 1175708.848], [2530924.924, 1175708.898], [2530927.484, 1175715.3969999999]]]}, "properties": {"OBJECTID": 46350171, "EGID": 818363, "NO_COM_FED": 5757, "GENRE_TXT": "b\u00e2timent"}}, {"type": "Feature", "id": 46350174, "geometry": {"type": "Polygon", "coordinates": [[[2530209.842, 1174374.882], [2530213.722, 1174373.72], [2530216.032, 1174381.431], [2530212.152, 1174382.5929999999], [2530209.842, 1174374.882]]]}, "properties": {"OBJECTID": 46350174, "EGID": 280115489, "NO_COM_FED": 5757, "GENRE_TXT": "b\u00e2timent"}}, {"type": "Feature", "id": 46350184, "geometry": {"type": "Polygon", "coordinates": [[[2530215.35, 1174718.837], [2530206.954, 1174704.114], [2530213.405, 1174700.419], [2530219.832, 1174700.905], [2530218.535, 1174718.167], [2530215.35, 1174718.837]]]}, "properties": {"OBJECTID": 46350184, "EGID": 280103479, "NO_COM_FED": 5757, "GENRE_TXT": "b\u00e2timent"}}, {"type": "Feature", "id": 46350312, "geometry": {"type": "Polygon", "coordinates": [[[2530209.803, 1175746.808], [2530208.113, 1175751.538], [2530205.273, 1175750.508], [2530206.993, 1175745.788], [2530209.803, 1175746.808]]]}, "properties": {"OBJECTID": 46350312, "EGID": 280047920, "NO_COM_FED": 5757, "GENRE_TXT": "b\u00e2timent"}}, {"type": "Feature", "id": 46350585, "geometry": {"type": "Polygon", "coordinates": [[[2531117.049, 1176093.875], [2531120.399, 1176105.895], [2531112.249, 1176108.185], [2531108.879, 1176096.225], [2531117.049, 1176093.875]]]}, "properties": {"OBJECTID": 46350585, "EGID": 280012420, "NO_COM_FED": 5757, "GENRE_TXT": "b\u00e2timent"}}, {"type": "Feature", "id": 46350721, "geometry": {"type": "Polygon", "coordinates": [[[2530628.466, 1175082.418], [2530639.466, 1175083.358], [2530639.6859999998, 1175086.528], [2530617.866, 1175085.408], [2530612.996, 1175085.158], [2530613.066, 1175081.888], [2530628.466, 1175082.418]]]}, "properties": {"OBJECTID": 46350721, "EGID": 818594, "NO_COM_FED": 5757, "GENRE_TXT": "b\u00e2timent"}}, {"type": "Feature", "id": 46350729, "geometry": {"type": "Polygon", "coordinates": [[[2530292.638, 1174384.852], [2530294.95, 1174392.562], [2530291.073, 1174393.734], [2530288.758, 1174386.015], [2530292.638, 1174384.852]]]}, "properties": {"OBJECTID": 46350729, "EGID": 280069979, "NO_COM_FED": 5757, "GENRE_TXT": "b\u00e2timent"}}, {"type": "Feature", "id": 46350782, "geometry": {"type": "Polygon", "coordinates": [[[2530198.322, 1174540.344], [2530198.42, 1174543.013], [2530195.482, 1174543.118], [2530195.384, 1174540.455], [2530198.322, 1174540.344]]]}, "properties": {"OBJECTID": 46350782, "EGID": 280117761, "NO_COM_FED": 5757, "GENRE_TXT": "b\u00e2timent"}}, {"type": "Feature", "id": 46351062, "geometry": {"type": "Polygon", "coordinates": [[[2530444.096, 1175952.193], [2530438.446, 1175954.243], [2530429.976, 1175930.693], [2530435.636, 1175928.673], [2530444.096, 1175952.193]]]}, "properties": {"OBJECTID": 46351062, "EGID": 280009540, "NO_COM_FED": 5757, "GENRE_TXT": "b\u00e2timent"}}, {"type": "Feature", "id": 46351159, "geometry": {"type": "Polygon", "coordinates": [[[2530875.086, 1175988.927], [2530884.052, 1175987.069], [2530885.477, 1175993.993], [2530881.555, 1175994.8], [2530881.726, 1175995.632], [2530877.227, 1175996.558], [2530877.06, 1175995.746], [2530871.417, 1175996.9070000001], [2530869.984, 1175989.985], [2530875.086, 1175988.927]]]}, "properties": {"OBJECTID": 46351159, "EGID": 280079699, "NO_COM_FED": 5757, "GENRE_TXT": "b\u00e2timent"}}, {"type": "Feature", "id": 46351180, "geometry": {"type": "Polygon", "coordinates": [[[2531195.802, 1174792.128], [2531213.712, 1174790.4070000001], [2531220.667, 1174863.72], [2531202.778, 1174865.422], [2531195.802, 1174792.128]]]}, "properties": {"OBJECTID": 46351180, "EGID": 280082551, "NO_COM_FED": 5757, "GENRE_TXT": "b\u00e2timent"}}, {"type": "Feature", "id": 46351192, "geometry": {"type": "Polygon", "coordinates": [[[2530344.045, 1175775.698], [2530348.989, 1175765.865], [2530354.801, 1175768.785], [2530349.861, 1175778.616], [2530344.045, 1175775.698]]]}, "properties": {"OBJECTID": 46351192, "EGID": 280059350, "NO_COM_FED": 5757, "GENRE_TXT": "b\u00e2timent"}}, {"type": "Feature", "id": 46351319, "geometry": {"type": "Polygon", "coordinates": [[[2530726.501, 1175443.344], [2530720.051, 1175443.724], [2530719.151, 1175429.205], [2530725.551, 1175428.794], [2530726.501, 1175443.344]]]}, "properties": {"OBJECTID": 46351319, "EGID": 280013641, "NO_COM_FED": 5757, "GENRE_TXT": "b\u00e2timent"}}, {"type": "Feature", "id": 46351402, "geometry": {"type": "Polygon", "coordinates": [[[2530759.846, 1175853.033], [2530756.906, 1175851.643], [2530759.056, 1175846.913], [2530762.016, 1175848.293], [2530759.846, 1175853.033]]]}, "properties": {"OBJECTID": 46351402, "EGID": 280043500, "NO_COM_FED": 5757, "GENRE_TXT": "b\u00e2timent"}}, {"type": "Feature", "id": 46351772, "geometry": {"type": "Polygon", "coordinates": [[[2530855.587, 1175063.431], [2530859.347, 1175068.76], [2530859.977, 1175068.3], [2530862.907, 1175072.49], [2530858.957, 1175075.22], [2530859.727, 1175076.34], [2530858.057, 1175077.49], [2530857.287, 1175076.411], [2530853.957, 1175078.711], [2530847.287, 1175069.181], [2530855.587, 1175063.431]]]}, "properties": {"OBJECTID": 46351772, "EGID": 818425, "NO_COM_FED": 5757, "GENRE_TXT": "b\u00e2timent"}}, {"type": "Feature", "id": 46351841, "geometry": {"type": "Polygon", "coordinates": [[[2530959.752, 1176529.854], [2530959.664, 1176533.043], [2530959.653, 1176533.443], [2530951.413, 1176533.213], [2530951.723, 1176521.953], [2530959.963, 1176522.193], [2530959.752, 1176529.854]]]}, "properties": {"OBJECTID": 46351841, "EGID": 818161, "NO_COM_FED": 5757, "GENRE_TXT": "b\u00e2timent"}}, {"type": "Feature", "id": 46351936, "geometry": {"type": "Polygon", "coordinates": [[[2531453.3109999998, 1174534.321], [2531460.337, 1174532.639], [2531465.109, 1174552.247], [2531459.216, 1174553.54], [2531455.675, 1174538.885], [2531454.484, 1174539.178], [2531453.3109999998, 1174534.321]]]}, "properties": {"OBJECTID": 46351936, "EGID": 280129657, "NO_COM_FED": 5757, "GENRE_TXT": "b\u00e2timent"}}, {"type": "Feature", "id": 46352157, "geometry": {"type": "Polygon", "coordinates": [[[2531780.518, 1174863.239], [2531779.876, 1174860.618], [2531785.125, 1174859.334], [2531785.766, 1174861.958], [2531780.518, 1174863.239]]]}, "properties": {"OBJECTID": 46352157, "EGID": 280108978, "NO_COM_FED": 5757, "GENRE_TXT": "b\u00e2timent"}}, {"type": "Feature", "id": 46352272, "geometry": {"type": "Polygon", "coordinates": [[[2530371.216, 1174851.62], [2530372.879, 1174853.566], [2530371.286, 1174854.906], [2530369.624, 1174852.93], [2530371.216, 1174851.62]]]}, "properties": {"OBJECTID": 46352272, "EGID": 280118484, "NO_COM_FED": 5757, "GENRE_TXT": "b\u00e2timent"}}, {"type": "Feature", "id": 46352553, "geometry": {"type": "Polygon", "coordinates": [[[2529864.083, 1175708.908], [2529864.033, 1175711.908], [2529859.073, 1175711.818], [2529859.123, 1175708.818], [2529864.083, 1175708.908]]]}, "properties": {"OBJECTID": 46352553, "EGID": 280048849, "NO_COM_FED": 5757, "GENRE_TXT": "b\u00e2timent"}}, {"type": "Feature", "id": 46352632, "geometry": {"type": "Polygon", "coordinates": [[[2530118.898, 1175758.369], [2530119.803, 1175755.748], [2530123.713, 1175757.078], [2530122.813, 1175759.688], [2530118.898, 1175758.369]]]}, "properties": {"OBJECTID": 46352632, "EGID": null, "NO_COM_FED": 5757, "GENRE_TXT": "b\u00e2timent"}}, {"type": "Feature", "id": 46352661, "geometry": {"type": "Polygon", "coordinates": [[[2530817.009, 1176185.544], [2530820.329, 1176198.874], [2530810.649, 1176201.274], [2530807.339, 1176187.944], [2530817.009, 1176185.544]]]}, "properties": {"OBJECTID": 46352661, "EGID": 818204, "NO_COM_FED": 5757, "GENRE_TXT": "b\u00e2timent"}}, {"type": "Feature", "id": 46352678, "geometry": {"type": "Polygon", "coordinates": [[[2530773.768, 1175200.943], [2530766.288, 1175203.823], [2530765.148, 1175200.903], [2530768.788, 1175199.403], [2530769.068, 1175200.133], [2530772.748, 1175198.583], [2530773.768, 1175200.943]]]}, "properties": {"OBJECTID": 46352678, "EGID": 280038885, "NO_COM_FED": 5757, "GENRE_TXT": "b\u00e2timent"}}, {"type": "Feature", "id": 46352683, "geometry": {"type": "Polygon", "coordinates": [[[2530518.274, 1174559.889], [2530514.705, 1174560.785], [2530513.091, 1174554.366], [2530526.976, 1174550.876], [2530528.596, 1174557.299], [2530518.274, 1174559.889]]]}, "properties": {"OBJECTID": 46352683, "EGID": 3163984, "NO_COM_FED": 5757, "GENRE_TXT": "b\u00e2timent"}}, {"type": "Feature", "id": 46352721, "geometry": {"type": "Polygon", "coordinates": [[[2530701.969, 1176213.707], [2530697.339, 1176203.1469999999], [2530702.839, 1176200.717], [2530704.999, 1176205.637], [2530703.589, 1176206.267], [2530706.079, 1176211.9070000001], [2530701.969, 1176213.707]]]}, "properties": {"OBJECTID": 46352721, "EGID": 280018002, "NO_COM_FED": 5757, "GENRE_TXT": "b\u00e2timent"}}, {"type": "Feature", "id": 46352953, "geometry": {"type": "Polygon", "coordinates": [[[2531396.277, 1174818.122], [2531396.537, 1174815.312], [2531400.817, 1174815.702], [2531400.597, 1174818.412], [2531396.277, 1174818.122]]]}, "properties": {"OBJECTID": 46352953, "EGID": 280050658, "NO_COM_FED": 5757, "GENRE_TXT": "b\u00e2timent"}}, {"type": "Feature", "id": 46352971, "geometry": {"type": "Polygon", "coordinates": [[[2530787.637, 1175075.313], [2530786.837, 1175075.783], [2530786.167, 1175075.913], [2530785.617, 1175075.8530000001], [2530780.047, 1175073.873], [2530779.317, 1175073.413], [2530778.737, 1175072.873], [2530778.147, 1175072.303], [2530779.416, 1175068.463], [2530788.827, 1175071.743], [2530787.637, 1175075.313]]]}, "properties": {"OBJECTID": 46352971, "EGID": 280021806, "NO_COM_FED": 5757, "GENRE_TXT": "b\u00e2timent"}}, {"type": "Feature", "id": 46353088, "geometry": {"type": "Polygon", "coordinates": [[[2530612.918, 1174745.012], [2530603.834, 1174738.167], [2530610.687, 1174729.078], [2530619.767, 1174735.943], [2530612.918, 1174745.012]]]}, "properties": {"OBJECTID": 46353088, "EGID": 280097990, "NO_COM_FED": 5757, "GENRE_TXT": "b\u00e2timent"}}, {"type": "Feature", "id": 46353130, "geometry": {"type": "Polygon", "coordinates": [[[2530226.599, 1174391.971], [2530223.4390000002, 1174381.363], [2530235.748, 1174377.648], [2530238.908, 1174388.254], [2530226.599, 1174391.971]]]}, "properties": {"OBJECTID": 46353130, "EGID": 280076362, "NO_COM_FED": 5757, "GENRE_TXT": "b\u00e2timent"}}, {"type": "Feature", "id": 46353252, "geometry": {"type": "Polygon", "coordinates": [[[2531275.114, 1174962.162], [2531277.412, 1174959.721], [2531280.727, 1174962.848], [2531278.421, 1174965.289], [2531275.114, 1174962.162]]]}, "properties": {"OBJECTID": 46353252, "EGID": 280140520, "NO_COM_FED": 5757, "GENRE_TXT": "b\u00e2timent"}}, {"type": "Feature", "id": 46353403, "geometry": {"type": "Polygon", "coordinates": [[[2530542.013, 1174850.29], [2530556.023, 1174843.08], [2530559.103, 1174849.07], [2530561.773, 1174854.24], [2530561.463, 1174854.42], [2530547.894, 1174861.6], [2530546.324, 1174858.64], [2530545.264, 1174859.2], [2530544.123, 1174856.98], [2530545.213, 1174856.46], [2530542.013, 1174850.29]]]}, "properties": {"OBJECTID": 46353403, "EGID": 818867, "NO_COM_FED": 5757, "GENRE_TXT": "b\u00e2timent"}}, {"type": "Feature", "id": 46353405, "geometry": {"type": "Polygon", "coordinates": [[[2530998.035, 1175960.658], [2531002.502, 1175989.264], [2531002.556, 1175989.61], [2530987.338, 1175992.012], [2530982.766, 1175962.682], [2530997.981, 1175960.311], [2530998.035, 1175960.658]]]}, "properties": {"OBJECTID": 46353405, "EGID": 818373, "NO_COM_FED": 5757, "GENRE_TXT": "b\u00e2timent"}}, {"type": "Feature", "id": 46353579, "geometry": {"type": "Polygon", "coordinates": [[[2530731.529, 1175281.174], [2530721.449, 1175281.165], [2530721.639, 1175278.435], [2530731.6890000002, 1175278.374], [2530731.529, 1175281.174]]]}, "properties": {"OBJECTID": 46353579, "EGID": 280032691, "NO_COM_FED": 5757, "GENRE_TXT": "b\u00e2timent"}}, {"type": "Feature", "id": 46353919, "geometry": {"type": "Polygon", "coordinates": [[[2530730.459, 1174392.993], [2530730.019, 1174399.007], [2530732.385, 1174399.18], [2530732.3310000002, 1174399.852], [2530731.858, 1174399.826], [2530731.154, 1174409.965], [2530723.65, 1174409.445], [2530724.114, 1174402.457], [2530719.524, 1174402.124], [2530719.743, 1174398.994], [2530717.672, 1174398.846], [2530717.719, 1174398.17], [2530718.218, 1174398.205], [2530718.662, 1174391.893], [2530727.17, 1174392.486], [2530727.388, 1174389.482], [2530729.801, 1174387.394], [2530733.35, 1174387.634], [2530732.958, 1174393.171], [2530730.459, 1174392.993]]]}, "properties": {"OBJECTID": 46353919, "EGID": 818765, "NO_COM_FED": 5757, "GENRE_TXT": "b\u00e2timent"}}, {"type": "Feature", "id": 46353935, "geometry": {"type": "Polygon", "coordinates": [[[2531055.94, 1176251.938], [2531049.22, 1176253.698], [2531047.29, 1176246.208], [2531055.48, 1176244.118], [2531057.38, 1176251.458], [2531055.91, 1176251.818], [2531055.94, 1176251.938]]]}, "properties": {"OBJECTID": 46353935, "EGID": 818335, "NO_COM_FED": 5757, "GENRE_TXT": "b\u00e2timent"}}, {"type": "Feature", "id": 46353968, "geometry": {"type": "Polygon", "coordinates": [[[2530862.347, 1175118.75], [2530857.727, 1175121.083], [2530857.847, 1175121.333], [2530855.056, 1175122.692], [2530857.178, 1175127.024], [2530844.284, 1175133.313], [2530839.843, 1175124.211], [2530840.103, 1175124.1], [2530835.107, 1175113.917], [2530845.426, 1175108.859], [2530840.441, 1175098.641], [2530845.312, 1175096.185], [2530847.372, 1175095.146], [2530849.667, 1175098.781], [2530862.347, 1175118.75]]]}, "properties": {"OBJECTID": 46353968, "EGID": 280003152, "NO_COM_FED": 5757, "GENRE_TXT": "b\u00e2timent"}}, {"type": "Feature", "id": 46354108, "geometry": {"type": "Polygon", "coordinates": [[[2530169.548, 1174647.17], [2530169.568, 1174648.363], [2530173.663, 1174648.298], [2530173.791, 1174658.261], [2530163.823, 1174658.404], [2530163.692, 1174647.238], [2530169.548, 1174647.17]]]}, "properties": {"OBJECTID": 46354108, "EGID": 190069356, "NO_COM_FED": 5757, "GENRE_TXT": "b\u00e2timent"}}, {"type": "Feature", "id": 46354111, "geometry": {"type": "Polygon", "coordinates": [[[2531515.75, 1175085.296], [2531523.3, 1175092.285], [2531516.35, 1175099.495], [2531508.86, 1175092.656], [2531515.75, 1175085.296]]]}, "properties": {"OBJECTID": 46354111, "EGID": 280012644, "NO_COM_FED": 5757, "GENRE_TXT": "b\u00e2timent"}}, {"type": "Feature", "id": 46354375, "geometry": {"type": "Polygon", "coordinates": [[[2530357.855, 1174559.241], [2530356.582, 1174562.863], [2530356.373, 1174563.458], [2530343.497, 1174558.899], [2530346.383, 1174550.809], [2530359.218, 1174555.362], [2530357.855, 1174559.241]]]}, "properties": {"OBJECTID": 46354375, "EGID": 818832, "NO_COM_FED": 5757, "GENRE_TXT": "b\u00e2timent"}}, {"type": "Feature", "id": 46354483, "geometry": {"type": "Polygon", "coordinates": [[[2530034.223, 1175755.439], [2530028.193, 1175753.619], [2530029.793, 1175748.498], [2530035.793, 1175750.348], [2530034.223, 1175755.439]]]}, "properties": {"OBJECTID": 46354483, "EGID": 280030082, "NO_COM_FED": 5757, "GENRE_TXT": "b\u00e2timent"}}, {"type": "Feature", "id": 46354549, "geometry": {"type": "Polygon", "coordinates": [[[2530519.028, 1174525.424], [2530518.844, 1174518.805], [2530533.161, 1174518.421], [2530533.338, 1174525.034], [2530529.398, 1174525.141], [2530519.028, 1174525.424]]]}, "properties": {"OBJECTID": 46354549, "EGID": 190069375, "NO_COM_FED": 5757, "GENRE_TXT": "b\u00e2timent"}}, {"type": "Feature", "id": 46354663, "geometry": {"type": "Polygon", "coordinates": [[[2530330.531, 1174495.592], [2530330.004, 1174497.649], [2530327.086, 1174496.902], [2530327.613, 1174494.845], [2530330.531, 1174495.592]]]}, "properties": {"OBJECTID": 46354663, "EGID": 280116207, "NO_COM_FED": 5757, "GENRE_TXT": "b\u00e2timent"}}, {"type": "Feature", "id": 46354680, "geometry": {"type": "Polygon", "coordinates": [[[2530778.504, 1174856.303], [2530778.354, 1174856.463], [2530780.274, 1174858.653], [2530776.184, 1174862.243], [2530768.874, 1174853.954], [2530772.834, 1174849.904], [2530778.504, 1174856.303]]]}, "properties": {"OBJECTID": 46354680, "EGID": 280017924, "NO_COM_FED": 5757, "GENRE_TXT": "b\u00e2timent"}}, {"type": "Feature", "id": 46354727, "geometry": {"type": "Polygon", "coordinates": [[[2530914.478, 1175197.329], [2530931.628, 1175193.368], [2530934.178, 1175204.528], [2530924.054, 1175206.811], [2530916.928, 1175208.418], [2530914.478, 1175197.329]]]}, "properties": {"OBJECTID": 46354727, "EGID": 818430, "NO_COM_FED": 5757, "GENRE_TXT": "b\u00e2timent"}}, {"type": "Feature", "id": 46354741, "geometry": {"type": "Polygon", "coordinates": [[[2530319.967, 1176042.667], [2530317.596, 1176006.757], [2530330.586, 1176005.886], [2530332.957, 1176041.836], [2530319.967, 1176042.667]]]}, "properties": {"OBJECTID": 46354741, "EGID": 818078, "NO_COM_FED": 5757, "GENRE_TXT": "b\u00e2timent"}}, {"type": "Feature", "id": 46354921, "geometry": {"type": "Polygon", "coordinates": [[[2530692.733, 1175887.924], [2530698.853, 1175888.986], [2530696.877, 1175900.314], [2530690.558, 1175899.223], [2530690.82, 1175897.7719999999], [2530692.733, 1175887.924]]]}, "properties": {"OBJECTID": 46354921, "EGID": 280054930, "NO_COM_FED": 5757, "GENRE_TXT": "b\u00e2timent"}}, {"type": "Feature", "id": 46355102, "geometry": {"type": "Polygon", "coordinates": [[[2530735.435, 1174995.025], [2530730.745, 1174989.215], [2530730.325, 1174989.545], [2530727.155, 1174985.415], [2530726.035, 1174983.895], [2530722.465, 1174979.205], [2530721.045, 1174977.315], [2530723.265, 1174975.725], [2530724.685, 1174974.485], [2530725.015, 1174974.865], [2530727.165, 1174972.495], [2530727.395, 1174972.815], [2530739.875, 1174989.594], [2530735.435, 1174995.025]]]}, "properties": {"OBJECTID": 46355102, "EGID": 818907, "NO_COM_FED": 5757, "GENRE_TXT": "b\u00e2timent"}}, {"type": "Feature", "id": 46355168, "geometry": {"type": "Polygon", "coordinates": [[[2530529.1859999998, 1176081.002], [2530529.398, 1176084.981], [2530529.578, 1176088.221], [2530530.538, 1176106.121], [2530530.698, 1176109.461], [2530530.818, 1176111.491], [2530524.598, 1176111.791], [2530522.798, 1176076.851], [2530528.948, 1176076.551], [2530529.1859999998, 1176081.002]]]}, "properties": {"OBJECTID": 46355168, "EGID": 280006847, "NO_COM_FED": 5757, "GENRE_TXT": "b\u00e2timent"}}, {"type": "Feature", "id": 46355253, "geometry": {"type": "Polygon", "coordinates": [[[2530829.543, 1176604.237], [2530835.213, 1176597.207], [2530841.303, 1176602.107], [2530838.393, 1176605.707], [2530835.633, 1176609.1469999999], [2530832.773, 1176606.847], [2530829.543, 1176604.237]]]}, "properties": {"OBJECTID": 46355253, "EGID": 818193, "NO_COM_FED": 5757, "GENRE_TXT": "b\u00e2timent"}}, {"type": "Feature", "id": 46355318, "geometry": {"type": "Polygon", "coordinates": [[[2530946.398, 1175200.888], [2530948.398, 1175206.787], [2530942.499, 1175208.748], [2530940.508, 1175202.938], [2530946.398, 1175200.888]]]}, "properties": {"OBJECTID": 46355318, "EGID": 280026112, "NO_COM_FED": 5757, "GENRE_TXT": "b\u00e2timent"}}, {"type": "Feature", "id": 46355331, "geometry": {"type": "Polygon", "coordinates": [[[2530942.499, 1175208.748], [2530948.398, 1175206.787], [2530949.409, 1175209.787], [2530943.519, 1175211.748], [2530942.499, 1175208.748]]]}, "properties": {"OBJECTID": 46355331, "EGID": 280039810, "NO_COM_FED": 5757, "GENRE_TXT": "b\u00e2timent"}}, {"type": "Feature", "id": 46355351, "geometry": {"type": "Polygon", "coordinates": [[[2530929.552, 1176515.174], [2530928.703, 1176526.894], [2530919.983, 1176526.244], [2530920.852, 1176514.564], [2530925.757, 1176514.908], [2530929.552, 1176515.174]]]}, "properties": {"OBJECTID": 46355351, "EGID": 818160, "NO_COM_FED": 5757, "GENRE_TXT": "b\u00e2timent"}}, {"type": "Feature", "id": 46355398, "geometry": {"type": "Polygon", "coordinates": [[[2530311.25, 1174544.539], [2530310.562, 1174546.632], [2530310.395, 1174547.141], [2530300.575, 1174543.917], [2530300.591, 1174543.869], [2530295.781, 1174542.29], [2530297.075, 1174538.406], [2530301.872, 1174540], [2530303.967, 1174533.645], [2530313.766, 1174536.874], [2530311.25, 1174544.539]]]}, "properties": {"OBJECTID": 46355398, "EGID": 818833, "NO_COM_FED": 5757, "GENRE_TXT": "b\u00e2timent"}}, {"type": "Feature", "id": 46355818, "geometry": {"type": "Polygon", "coordinates": [[[2530803.402, 1174564.303], [2530803.4189999998, 1174564.207], [2530794.451, 1174562.606], [2530794.47, 1174562.501], [2530795.483, 1174556.793], [2530806.42, 1174558.707], [2530805.376, 1174564.638], [2530803.402, 1174564.303]]]}, "properties": {"OBJECTID": 46355818, "EGID": 280127260, "NO_COM_FED": 5757, "GENRE_TXT": "b\u00e2timent"}}, {"type": "Feature", "id": 46355846, "geometry": {"type": "Polygon", "coordinates": [[[2530705.541, 1175682.809], [2530707.474, 1175694.625], [2530707.144, 1175694.675], [2530697.7939999998, 1175696.385], [2530697.704, 1175695.845], [2530696.574, 1175696.015], [2530696.384, 1175694.745], [2530697.484, 1175694.555], [2530695.754, 1175683.905], [2530696.836, 1175683.716], [2530705.444, 1175682.215], [2530705.541, 1175682.809]]]}, "properties": {"OBJECTID": 46355846, "EGID": 818290, "NO_COM_FED": 5757, "GENRE_TXT": "b\u00e2timent"}}, {"type": "Feature", "id": 46356067, "geometry": {"type": "Polygon", "coordinates": [[[2530650.625, 1174950.067], [2530651.195, 1174949.497], [2530660.295, 1174959.587], [2530659.855, 1174959.997], [2530655.065, 1174964.497], [2530646.935, 1174955.9070000001], [2530647.145, 1174955.707], [2530646.095, 1174954.597], [2530650.625, 1174950.067]]]}, "properties": {"OBJECTID": 46356067, "EGID": 818668, "NO_COM_FED": 5757, "GENRE_TXT": "b\u00e2timent"}}, {"type": "Feature", "id": 46356202, "geometry": {"type": "Polygon", "coordinates": [[[2530711.007, 1175157.015], [2530721.867, 1175154.895], [2530729.367, 1175152.685], [2530728.627, 1175150.305], [2530730.537, 1175150.275], [2530733.247, 1175149.214], [2530733.957, 1175151.054], [2530734.217, 1175150.944], [2530739.927, 1175148.724], [2530741.987, 1175153.514], [2530736.307, 1175155.734], [2530736.057, 1175155.824], [2530737.027, 1175158.144], [2530735.357, 1175158.744], [2530733.187, 1175159.774], [2530733.047, 1175159.464], [2530725.117, 1175162.795], [2530724.987, 1175162.485], [2530722.007, 1175163.565], [2530722.117, 1175163.905], [2530713.987, 1175166.885], [2530711.007, 1175157.015]]]}, "properties": {"OBJECTID": 46356202, "EGID": 818542, "NO_COM_FED": 5757, "GENRE_TXT": "b\u00e2timent"}}, {"type": "Feature", "id": 46356213, "geometry": {"type": "Polygon", "coordinates": [[[2530861.824, 1175683.68], [2530864.214, 1175683.16], [2530864.914, 1175686.4], [2530865.864, 1175686.16], [2530867.024, 1175690.099], [2530863.724, 1175690.93], [2530862.664, 1175687.32], [2530861.824, 1175683.68]]]}, "properties": {"OBJECTID": 46356213, "EGID": 280039156, "NO_COM_FED": 5757, "GENRE_TXT": "b\u00e2timent"}}, {"type": "Feature", "id": 46356337, "geometry": {"type": "Polygon", "coordinates": [[[2530105.024, 1174653.731], [2530110.902, 1174653.736], [2530110.907, 1174664.856], [2530105.028, 1174664.851], [2530105.024, 1174653.731]]]}, "properties": {"OBJECTID": 46356337, "EGID": 280094786, "NO_COM_FED": 5757, "GENRE_TXT": "b\u00e2timent"}}, {"type": "Feature", "id": 46356421, "geometry": {"type": "Polygon", "coordinates": [[[2530454.287, 1176048.702], [2530460.817, 1176050.922], [2530456.347, 1176061.7719999999], [2530452.047, 1176060.023], [2530452.387, 1176059.183], [2530442.187, 1176055.033], [2530441.847, 1176055.863], [2530437.567, 1176054.123], [2530441.687, 1176043.943], [2530445.527, 1176045.493], [2530445.627, 1176045.233], [2530449.527, 1176046.792], [2530449.417, 1176047.052], [2530452.697, 1176048.372], [2530452.807, 1176048.102], [2530454.287, 1176048.702]]]}, "properties": {"OBJECTID": 46356421, "EGID": 818075, "NO_COM_FED": 5757, "GENRE_TXT": "b\u00e2timent"}}, {"type": "Feature", "id": 46356576, "geometry": {"type": "Polygon", "coordinates": [[[2530950.772, 1175062.242], [2530947.118, 1175064.775], [2530949.824, 1175068.679], [2530940.849, 1175074.901], [2530941.703, 1175076.134], [2530936.872, 1175079.502], [2530931.12, 1175071.244], [2530935.59, 1175068.141], [2530934.73, 1175066.903], [2530935.404, 1175066.435], [2530934.035, 1175064.464], [2530934.198, 1175063.559], [2530936.917, 1175061.671], [2530937.822, 1175061.834], [2530939.191, 1175063.806], [2530943.923, 1175060.521], [2530941.231, 1175056.642], [2530946.094, 1175053.267], [2530944.34, 1175050.741], [2530954.501, 1175043.687], [2530957.353, 1175047.795], [2530958.715, 1175046.85], [2530957.815, 1175045.555], [2530963.039, 1175041.928], [2530965.021, 1175044.783], [2530967.491, 1175043.068], [2530969.769, 1175046.35], [2530967.299, 1175048.065], [2530968.812, 1175050.244], [2530968.008, 1175050.802], [2530974.845, 1175060.651], [2530973.623, 1175061.5], [2530976.998, 1175066.363], [2530968.747, 1175072.085], [2530965.109, 1175066.842], [2530966.338, 1175065.988], [2530959.521, 1175056.177], [2530961.871, 1175054.547], [2530960.783, 1175052.977], [2530962.279, 1175051.94], [2530961.612, 1175050.979], [2530950.451, 1175058.717], [2530952.205, 1175061.247], [2530950.772, 1175062.242]]]}, "properties": {"OBJECTID": 46356576, "EGID": 400001084, "NO_COM_FED": 5757, "GENRE_TXT": "b\u00e2timent"}}, {"type": "Feature", "id": 46356713, "geometry": {"type": "Polygon", "coordinates": [[[2530328.575, 1175896.967], [2530328.875, 1175893.787], [2530334.135, 1175894.276], [2530333.825, 1175897.466], [2530328.575, 1175896.967]]]}, "properties": {"OBJECTID": 46356713, "EGID": 280045911, "NO_COM_FED": 5757, "GENRE_TXT": "b\u00e2timent"}}, {"type": "Feature", "id": 46356770, "geometry": {"type": "Polygon", "coordinates": [[[2530733.335, 1174649.1030000001], [2530734.3, 1174648.32], [2530736.494, 1174648.706], [2530737.152, 1174649.756], [2530736.958, 1174650.902], [2530741.524, 1174651.676], [2530740.224, 1174659.535], [2530731.392, 1174658.052], [2530731.692, 1174656.263], [2530731.277, 1174656.193], [2530731.575, 1174654.347], [2530731.99, 1174654.416], [2530732.511, 1174651.275], [2530731.83, 1174651.162], [2530732.022, 1174650.091], [2530733.144, 1174650.274], [2530733.335, 1174649.1030000001]]]}, "properties": {"OBJECTID": 46356770, "EGID": 818752, "NO_COM_FED": 5757, "GENRE_TXT": "b\u00e2timent"}}, {"type": "Feature", "id": 46356836, "geometry": {"type": "Polygon", "coordinates": [[[2531670.948, 1174743.761], [2531671.288, 1174745.241], [2531652.778, 1174749.741], [2531652.378, 1174748.251], [2531650.328, 1174739.621], [2531668.948, 1174735.111], [2531670.948, 1174743.761]]]}, "properties": {"OBJECTID": 46356836, "EGID": 280007507, "NO_COM_FED": 5757, "GENRE_TXT": "b\u00e2timent"}}, {"type": "Feature", "id": 46356851, "geometry": {"type": "Polygon", "coordinates": [[[2530644.328, 1175194.997], [2530617.498, 1175198.438], [2530616.638, 1175188.958], [2530616.017, 1175178.338], [2530642.787, 1175175.767], [2530643.838, 1175194.977], [2530644.328, 1175194.997]]]}, "properties": {"OBJECTID": 46356851, "EGID": 818587, "NO_COM_FED": 5757, "GENRE_TXT": "b\u00e2timent"}}, {"type": "Feature", "id": 46356853, "geometry": {"type": "Polygon", "coordinates": [[[2530380.823, 1175928.03], [2530380.926, 1175928.725], [2530374.596, 1175929.685], [2530373.396, 1175921.755], [2530379.756, 1175920.845], [2530380.823, 1175928.03]]]}, "properties": {"OBJECTID": 46356853, "EGID": 280021372, "NO_COM_FED": 5757, "GENRE_TXT": "b\u00e2timent"}}, {"type": "Feature", "id": 46356926, "geometry": {"type": "Polygon", "coordinates": [[[2530660.474, 1174886.4070000001], [2530670.354, 1174887.007], [2530670.344, 1174887.417], [2530670.244, 1174890.797], [2530667.694, 1174890.837], [2530667.684, 1174891.1469999999], [2530660.534, 1174891.207], [2530660.484, 1174887.237], [2530660.474, 1174886.4070000001]]]}, "properties": {"OBJECTID": 46356926, "EGID": 280022976, "NO_COM_FED": 5757, "GENRE_TXT": "b\u00e2timent"}}, {"type": "Feature", "id": 46356964, "geometry": {"type": "Polygon", "coordinates": [[[2530661.748, 1175257.737], [2530673.788, 1175257.426], [2530673.788, 1175257.156], [2530687.978, 1175256.756], [2530687.129, 1175262.166], [2530686.509, 1175271.026], [2530662.6689999998, 1175271.697], [2530661.748, 1175257.737]]]}, "properties": {"OBJECTID": 46356964, "EGID": 818553, "NO_COM_FED": 5757, "GENRE_TXT": "b\u00e2timent"}}, {"type": "Feature", "id": 46357104, "geometry": {"type": "Polygon", "coordinates": [[[2530809.753, 1176561.577], [2530803.663, 1176556.688], [2530809.303, 1176549.667], [2530815.383, 1176554.547], [2530809.753, 1176561.577]]]}, "properties": {"OBJECTID": 46357104, "EGID": 818189, "NO_COM_FED": 5757, "GENRE_TXT": "b\u00e2timent"}}, {"type": "Feature", "id": 46357266, "geometry": {"type": "Polygon", "coordinates": [[[2530613.036, 1175100.558], [2530612.9560000002, 1175097.748], [2530612.89, 1175092.834], [2530619.817, 1175093.076], [2530633.0609999998, 1175093.54], [2530640.122, 1175093.402], [2530640.637, 1175099.777], [2530629.766, 1175100.088], [2530628.916, 1175100.108], [2530613.036, 1175100.558]]]}, "properties": {"OBJECTID": 46357266, "EGID": 280059354, "NO_COM_FED": 5757, "GENRE_TXT": "b\u00e2timent"}}, {"type": "Feature", "id": 46357297, "geometry": {"type": "Polygon", "coordinates": [[[2531248.993, 1175512.927], [2531250.123, 1175515.917], [2531247.113, 1175517.007], [2531246.043, 1175514.017], [2531248.993, 1175512.927]]]}, "properties": {"OBJECTID": 46357297, "EGID": 280073151, "NO_COM_FED": 5757, "GENRE_TXT": "b\u00e2timent"}}, {"type": "Feature", "id": 46357324, "geometry": {"type": "Polygon", "coordinates": [[[2530951.141, 1176312.091], [2530949.25, 1176309.821], [2530951.09, 1176308.271], [2530953, 1176310.541], [2530951.141, 1176312.091]]]}, "properties": {"OBJECTID": 46357324, "EGID": 280111604, "NO_COM_FED": 5757, "GENRE_TXT": "b\u00e2timent"}}, {"type": "Feature", "id": 46357350, "geometry": {"type": "Polygon", "coordinates": [[[2530397.026, 1174477.667], [2530397.256, 1174480.667], [2530394.256, 1174480.8969999999], [2530394.02, 1174477.911], [2530397.026, 1174477.667]]]}, "properties": {"OBJECTID": 46357350, "EGID": 280113926, "NO_COM_FED": 5757, "GENRE_TXT": "b\u00e2timent"}}, {"type": "Feature", "id": 46357356, "geometry": {"type": "Polygon", "coordinates": [[[2530970.019, 1176174.509], [2530975.809, 1176173.259], [2530976.409, 1176176.049], [2530970.619, 1176177.309], [2530970.019, 1176174.509]]]}, "properties": {"OBJECTID": 46357356, "EGID": 280043635, "NO_COM_FED": 5757, "GENRE_TXT": "b\u00e2timent"}}, {"type": "Feature", "id": 46357521, "geometry": {"type": "Polygon", "coordinates": [[[2529919.381, 1175593.8969999999], [2529919.821, 1175597.947], [2529914.901, 1175598.3969999999], [2529914.521, 1175594.287], [2529919.381, 1175593.8969999999]]]}, "properties": {"OBJECTID": 46357521, "EGID": 280039641, "NO_COM_FED": 5742, "GENRE_TXT": "b\u00e2timent"}}, {"type": "Feature", "id": 46357591, "geometry": {"type": "Polygon", "coordinates": [[[2530574.994, 1174494.2719999999], [2530573.146, 1174491.969], [2530577.778, 1174488.198], [2530579.654, 1174490.515], [2530574.994, 1174494.2719999999]]]}, "properties": {"OBJECTID": 46357591, "EGID": 280071692, "NO_COM_FED": 5757, "GENRE_TXT": "b\u00e2timent"}}, {"type": "Feature", "id": 46357603, "geometry": {"type": "Polygon", "coordinates": [[[2530423.5, 1174546.4679999999], [2530418.792, 1174546.669], [2530418.395, 1174537.663], [2530429.416, 1174537.201], [2530429.797, 1174546.2], [2530423.5, 1174546.4679999999]]]}, "properties": {"OBJECTID": 46357603, "EGID": 818835, "NO_COM_FED": 5757, "GENRE_TXT": "b\u00e2timent"}}, {"type": "Feature", "id": 46357613, "geometry": {"type": "Polygon", "coordinates": [[[2529892.232, 1175752.52], [2529892.808, 1175750.072], [2529894.738, 1175741.877], [2529909.394, 1175745.271], [2529906.876, 1175755.92], [2529892.232, 1175752.52]]]}, "properties": {"OBJECTID": 46357613, "EGID": 280079869, "NO_COM_FED": 5757, "GENRE_TXT": "b\u00e2timent"}}, {"type": "Feature", "id": 46357676, "geometry": {"type": "Polygon", "coordinates": [[[2531191.325, 1174742.695], [2531190.795, 1174739.436], [2531191.275, 1174739.336], [2531190.875, 1174736.906], [2531194.775, 1174736.296], [2531206.425, 1174734.425], [2531208.205, 1174745.405], [2531201.675, 1174746.455], [2531201.695, 1174746.925], [2531196.895, 1174747.675], [2531196.765, 1174747.285], [2531192.685, 1174748.055], [2531191.975, 1174743.665], [2531191.495, 1174743.765], [2531191.325, 1174742.695]]]}, "properties": {"OBJECTID": 46357676, "EGID": 819015, "NO_COM_FED": 5757, "GENRE_TXT": "b\u00e2timent"}}, {"type": "Feature", "id": 46357791, "geometry": {"type": "Polygon", "coordinates": [[[2530379.445, 1175886.975], [2530379.345, 1175887.965], [2530384.505, 1175888.455], [2530383.745, 1175897.125], [2530374.645, 1175896.245], [2530375.565, 1175886.595], [2530379.445, 1175886.975]]]}, "properties": {"OBJECTID": 46357791, "EGID": 818106, "NO_COM_FED": 5757, "GENRE_TXT": "b\u00e2timent"}}, {"type": "Feature", "id": 46357858, "geometry": {"type": "Polygon", "coordinates": [[[2530739.928, 1174444.096], [2530743.908, 1174448.616], [2530739.722, 1174452.259], [2530735.767, 1174447.764], [2530739.928, 1174444.096]]]}, "properties": {"OBJECTID": 46357858, "EGID": 280073386, "NO_COM_FED": 5757, "GENRE_TXT": "b\u00e2timent"}}, {"type": "Feature", "id": 46357939, "geometry": {"type": "Polygon", "coordinates": [[[2530027.823, 1175735.258], [2530029.993, 1175730.438], [2530031.133, 1175730.958], [2530029.453, 1175734.738], [2530029.103, 1175734.578], [2530028.623, 1175735.608], [2530027.823, 1175735.258]]]}, "properties": {"OBJECTID": 46357939, "EGID": 280118331, "NO_COM_FED": 5757, "GENRE_TXT": "b\u00e2timent"}}, {"type": "Feature", "id": 46357950, "geometry": {"type": "Polygon", "coordinates": [[[2530228.303, 1174417.9070000001], [2530228.355, 1174418.081], [2530223.188, 1174419.645], [2530222.353, 1174416.788], [2530222.537, 1174416.733], [2530226.228, 1174415.635], [2530227.507, 1174415.254], [2530228.303, 1174417.9070000001]]]}, "properties": {"OBJECTID": 46357950, "EGID": 280125114, "NO_COM_FED": 5757, "GENRE_TXT": "b\u00e2timent"}}, {"type": "Feature", "id": 46357963, "geometry": {"type": "Polygon", "coordinates": [[[2530777.359, 1176218.965], [2530783.039, 1176217.235], [2530784.789, 1176222.915], [2530779.099, 1176224.655], [2530777.359, 1176218.965]]]}, "properties": {"OBJECTID": 46357963, "EGID": 280028496, "NO_COM_FED": 5757, "GENRE_TXT": "b\u00e2timent"}}, {"type": "Feature", "id": 46358025, "geometry": {"type": "Polygon", "coordinates": [[[2531715.49, 1174976.766], [2531713.16, 1174967.016], [2531737.42, 1174961.166], [2531739.84, 1174970.866], [2531715.49, 1174976.766]]]}, "properties": {"OBJECTID": 46358025, "EGID": 280006354, "NO_COM_FED": 5757, "GENRE_TXT": "b\u00e2timent"}}, {"type": "Feature", "id": 46358088, "geometry": {"type": "Polygon", "coordinates": [[[2530836.278, 1176081.312], [2530839.658, 1176096.792], [2530833.398, 1176098.202], [2530829.998, 1176082.702], [2530836.278, 1176081.312]]]}, "properties": {"OBJECTID": 46358088, "EGID": 280012695, "NO_COM_FED": 5757, "GENRE_TXT": "b\u00e2timent"}}, {"type": "Feature", "id": 46358237, "geometry": {"type": "Polygon", "coordinates": [[[2531111.7, 1175275.592], [2531118.34, 1175271.222], [2531123.89, 1175279.602], [2531117.26, 1175284.012], [2531111.7, 1175275.592]]]}, "properties": {"OBJECTID": 46358237, "EGID": 280015042, "NO_COM_FED": 5757, "GENRE_TXT": "b\u00e2timent"}}, {"type": "Feature", "id": 46358290, "geometry": {"type": "Polygon", "coordinates": [[[2531242.454, 1174631.567], [2531241.154, 1174625.577], [2531253.434, 1174622.877], [2531254.764, 1174628.8969999999], [2531242.454, 1174631.567]]]}, "properties": {"OBJECTID": 46358290, "EGID": 280015473, "NO_COM_FED": 5757, "GENRE_TXT": "b\u00e2timent"}}, {"type": "Feature", "id": 46358358, "geometry": {"type": "Polygon", "coordinates": [[[2530535.969, 1175344.081], [2530534.849, 1175342.421], [2530531.479, 1175344.691], [2530530.249, 1175342.861], [2530536.589, 1175338.601], [2530538.9390000002, 1175342.09], [2530535.969, 1175344.081]]]}, "properties": {"OBJECTID": 46358358, "EGID": 280036308, "NO_COM_FED": 5757, "GENRE_TXT": "b\u00e2timent"}}, {"type": "Feature", "id": 46358539, "geometry": {"type": "Polygon", "coordinates": [[[2531052.096, 1174992.544], [2531049.666, 1174996.314], [2531042.076, 1174991.495], [2531044.496, 1174987.705], [2531052.096, 1174992.544]]]}, "properties": {"OBJECTID": 46358539, "EGID": 280024694, "NO_COM_FED": 5757, "GENRE_TXT": "b\u00e2timent"}}, {"type": "Feature", "id": 46358691, "geometry": {"type": "Polygon", "coordinates": [[[2530834.551, 1174628.802], [2530835.791, 1174634.752], [2530832.8310000002, 1174635.382], [2530831.5810000002, 1174629.432], [2530834.551, 1174628.802]]]}, "properties": {"OBJECTID": 46358691, "EGID": 280042223, "NO_COM_FED": 5757, "GENRE_TXT": "b\u00e2timent"}}, {"type": "Feature", "id": 46358914, "geometry": {"type": "Polygon", "coordinates": [[[2530739.875, 1174989.594], [2530727.395, 1174972.815], [2530731.315, 1174969.855], [2530742.905, 1174984.174], [2530740.135, 1174989.274], [2530739.875, 1174989.594]]]}, "properties": {"OBJECTID": 46358914, "EGID": 818695, "NO_COM_FED": 5757, "GENRE_TXT": "b\u00e2timent"}}, {"type": "Feature", "id": 46359035, "geometry": {"type": "Polygon", "coordinates": [[[2531553.093, 1175400.809], [2531557.523, 1175396.059], [2531565.383, 1175403.379], [2531560.953, 1175408.119], [2531553.093, 1175400.809]]]}, "properties": {"OBJECTID": 46359035, "EGID": 280016776, "NO_COM_FED": 5757, "GENRE_TXT": "b\u00e2timent"}}, {"type": "Feature", "id": 46359096, "geometry": {"type": "Polygon", "coordinates": [[[2531959.605, 1176215.514], [2531963.445, 1176210.084], [2531967.575, 1176213.014], [2531965.825, 1176215.484], [2531971.636, 1176219.614], [2531969.586, 1176222.484], [2531959.605, 1176215.514]]]}, "properties": {"OBJECTID": 46359096, "EGID": 280018920, "NO_COM_FED": 5757, "GENRE_TXT": "b\u00e2timent"}}, {"type": "Feature", "id": 46359126, "geometry": {"type": "Polygon", "coordinates": [[[2531370.666, 1174781.813], [2531372.566, 1174790.933], [2531369.736, 1174791.583], [2531369.986, 1174793.223], [2531367.826, 1174793.693], [2531367.496, 1174792.043], [2531364.516, 1174792.703], [2531362.636, 1174783.523], [2531370.666, 1174781.813]]]}, "properties": {"OBJECTID": 46359126, "EGID": 818472, "NO_COM_FED": 5757, "GENRE_TXT": "b\u00e2timent"}}, {"type": "Feature", "id": 46359216, "geometry": {"type": "Polygon", "coordinates": [[[2530689.574, 1174899.876], [2530688.364, 1174893.976], [2530696.984, 1174892.696], [2530698.854, 1174898.376], [2530689.574, 1174899.876]]]}, "properties": {"OBJECTID": 46359216, "EGID": 818686, "NO_COM_FED": 5757, "GENRE_TXT": "b\u00e2timent"}}, {"type": "Feature", "id": 46359295, "geometry": {"type": "Polygon", "coordinates": [[[2532093.316, 1176139.633], [2532096.746, 1176134.683], [2532099.126, 1176136.323], [2532095.6859999998, 1176141.273], [2532093.316, 1176139.633]]]}, "properties": {"OBJECTID": 46359295, "EGID": null, "NO_COM_FED": 5757, "GENRE_TXT": "b\u00e2timent"}}, {"type": "Feature", "id": 46359323, "geometry": {"type": "Polygon", "coordinates": [[[2530204.707, 1174738.675], [2530204.582, 1174741.166], [2530200.202, 1174740.873], [2530200.378, 1174738.37], [2530204.707, 1174738.675]]]}, "properties": {"OBJECTID": 46359323, "EGID": 280072414, "NO_COM_FED": 5757, "GENRE_TXT": "b\u00e2timent"}}, {"type": "Feature", "id": 46359327, "geometry": {"type": "Polygon", "coordinates": [[[2530762.821, 1174766.761], [2530762.113, 1174766.644], [2530763.293, 1174759.164], [2530763.583, 1174759.194], [2530764.493, 1174754.084], [2530770.653, 1174755.374], [2530774.763, 1174757.004], [2530774.664, 1174757.624], [2530772.933, 1174768.434], [2530762.821, 1174766.761]]]}, "properties": {"OBJECTID": 46359327, "EGID": 818728, "NO_COM_FED": 5757, "GENRE_TXT": "b\u00e2timent"}}, {"type": "Feature", "id": 46359467, "geometry": {"type": "Polygon", "coordinates": [[[2530777.106, 1175006.833], [2530789.366, 1174999.523], [2530794.306, 1175007.863], [2530783.906, 1175015.713], [2530777.106, 1175006.833]]]}, "properties": {"OBJECTID": 46359467, "EGID": 818648, "NO_COM_FED": 5757, "GENRE_TXT": "b\u00e2timent"}}, {"type": "Feature", "id": 46359564, "geometry": {"type": "Polygon", "coordinates": [[[2530918.776, 1176347.942], [2530911.301, 1176349.303], [2530909.751, 1176340.743], [2530913.871, 1176340.052], [2530913.691, 1176338.982], [2530913.3310000002, 1176339.042], [2530912.641, 1176334.922], [2530919.941, 1176333.582], [2530922.401, 1176347.2820000001], [2530918.776, 1176347.942]]]}, "properties": {"OBJECTID": 46359564, "EGID": 818149, "NO_COM_FED": 5757, "GENRE_TXT": "b\u00e2timent"}}, {"type": "Feature", "id": 46359678, "geometry": {"type": "Polygon", "coordinates": [[[2530858.093, 1175591.67], [2530857.363, 1175588.84], [2530859.593, 1175588.26], [2530860.313, 1175591.1], [2530858.093, 1175591.67]]]}, "properties": {"OBJECTID": 46359678, "EGID": 280111636, "NO_COM_FED": 5757, "GENRE_TXT": "b\u00e2timent"}}, {"type": "Feature", "id": 46359986, "geometry": {"type": "Polygon", "coordinates": [[[2530790.606, 1175898.002], [2530790.006, 1175889.512], [2530793.256, 1175889.312], [2530793.146, 1175887.512], [2530801.966, 1175886.941], [2530802.636, 1175897.221], [2530790.606, 1175898.002]]]}, "properties": {"OBJECTID": 46359986, "EGID": 818301, "NO_COM_FED": 5757, "GENRE_TXT": "b\u00e2timent"}}, {"type": "Feature", "id": 46360079, "geometry": {"type": "Polygon", "coordinates": [[[2530785.821, 1176372.036], [2530787.521, 1176373.076], [2530787.3310000002, 1176376.206], [2530785.571, 1176377.286], [2530783.411, 1176377.156], [2530783.771, 1176371.936], [2530785.821, 1176372.036]]]}, "properties": {"OBJECTID": 46360079, "EGID": 280042947, "NO_COM_FED": 5757, "GENRE_TXT": "b\u00e2timent"}}, {"type": "Feature", "id": 46360163, "geometry": {"type": "Polygon", "coordinates": [[[2531073.7, 1176225.867], [2531075.35, 1176232.297], [2531074.39, 1176232.557], [2531075.21, 1176235.717], [2531073.28, 1176236.227], [2531063.13, 1176238.927], [2531060.65, 1176229.4070000001], [2531061.63, 1176229.1570000001], [2531061.6, 1176229.037], [2531070.79, 1176226.627], [2531071.77, 1176226.377], [2531073.7, 1176225.867]]]}, "properties": {"OBJECTID": 46360163, "EGID": 818330, "NO_COM_FED": 5757, "GENRE_TXT": "b\u00e2timent"}}, {"type": "Feature", "id": 46360472, "geometry": {"type": "Polygon", "coordinates": [[[2530470.351, 1174499.921], [2530467.695, 1174492.376], [2530467.6274203663, 1174492.070389811], [2530467.612522629, 1174491.7577515987], [2530467.6507363594, 1174491.4471001779], [2530467.7409596774, 1174491.1473930753], [2530467.8805910246, 1174490.867272242], [2530468.06560418, 1174490.6148148659], [2530468.2906643525, 1174490.3973004678], [2530468.5492820092, 1174490.2210010013], [2530468.834, 1174490.091], [2530469.108782344, 1174490.016065011], [2530469.3918340798, 1174489.9844058242], [2530469.676381911, 1174489.9967800293], [2530469.955616741, 1174490.0528915175], [2530470.22285661, 1174490.1513975668], [2530470.4717065925, 1174490.2899409735], [2530470.696211824, 1174490.4652064585], [2530470.891, 1174490.673], [2530471.517, 1174489.816], [2530473.542, 1174489.064], [2530474.045, 1174490.504], [2530478.567, 1174488.908], [2530481.026, 1174495.799], [2530482.474, 1174495.238], [2530485.976, 1174504.569], [2530479.677, 1174506.904], [2530476.758, 1174498.743], [2530474.393, 1174499.597], [2530474.031, 1174498.594], [2530470.351, 1174499.921]]]}, "properties": {"OBJECTID": 46360472, "EGID": 818796, "NO_COM_FED": 5757, "GENRE_TXT": "b\u00e2timent"}}, {"type": "Feature", "id": 46360560, "geometry": {"type": "Polygon", "coordinates": [[[2530028.234, 1175790.999], [2530022.8140000002, 1175790.049], [2530023.654, 1175785.119], [2530025.634, 1175785.459], [2530029.094, 1175786.049], [2530028.234, 1175790.999]]]}, "properties": {"OBJECTID": 46360560, "EGID": 280034777, "NO_COM_FED": 5757, "GENRE_TXT": "b\u00e2timent"}}, {"type": "Feature", "id": 46360774, "geometry": {"type": "Polygon", "coordinates": [[[2530685.638, 1175186.446], [2530655.608, 1175187.667], [2530655.608, 1175185.227], [2530657.228, 1175185.207], [2530656.957, 1175176.807], [2530656.727, 1175175.467], [2530685.147, 1175174.996], [2530685.638, 1175186.446]]]}, "properties": {"OBJECTID": 46360774, "EGID": 818986, "NO_COM_FED": 5757, "GENRE_TXT": "b\u00e2timent"}}, {"type": "Feature", "id": 46360796, "geometry": {"type": "Polygon", "coordinates": [[[2530765.255, 1174958.264], [2530753.725, 1174965.154], [2530754.115, 1174959.184], [2530754.375, 1174956.634], [2530754.665, 1174955.514], [2530755.775, 1174954.914], [2530761.375, 1174951.904], [2530765.255, 1174958.264]]]}, "properties": {"OBJECTID": 46360796, "EGID": 818663, "NO_COM_FED": 5757, "GENRE_TXT": "b\u00e2timent"}}, {"type": "Feature", "id": 46361023, "geometry": {"type": "Polygon", "coordinates": [[[2530913.078, 1175153.139], [2530922.558, 1175166.738], [2530915.068, 1175171.949], [2530911.468, 1175166.729], [2530911.188, 1175166.949], [2530908.998, 1175163.799], [2530909.288, 1175163.579], [2530905.648, 1175158.339], [2530913.078, 1175153.139]]]}, "properties": {"OBJECTID": 46361023, "EGID": 818429, "NO_COM_FED": 5757, "GENRE_TXT": "b\u00e2timent"}}, {"type": "Feature", "id": 46361234, "geometry": {"type": "Polygon", "coordinates": [[[2530983.084, 1174940.262], [2530972.188, 1174934.019], [2530983.845, 1174913.697], [2530994.73, 1174919.927], [2530983.084, 1174940.262]]]}, "properties": {"OBJECTID": 46361234, "EGID": 280080205, "NO_COM_FED": 5757, "GENRE_TXT": "b\u00e2timent"}}, {"type": "Feature", "id": 46361277, "geometry": {"type": "Polygon", "coordinates": [[[2530841.893, 1175397.14], [2530841.39, 1175394.901], [2530848.48, 1175393.28], [2530849.43, 1175396.66], [2530850.861, 1175403.01], [2530843.5810000002, 1175404.651], [2530841.893, 1175397.14]]]}, "properties": {"OBJECTID": 46361277, "EGID": 818519, "NO_COM_FED": 5757, "GENRE_TXT": "b\u00e2timent"}}, {"type": "Feature", "id": 46361367, "geometry": {"type": "Polygon", "coordinates": [[[2530436.069, 1176220.264], [2530436.849, 1176224.464], [2530432.449, 1176225.255], [2530431.719, 1176221.045], [2530436.069, 1176220.264]]]}, "properties": {"OBJECTID": 46361367, "EGID": 280043393, "NO_COM_FED": 5757, "GENRE_TXT": "b\u00e2timent"}}, {"type": "Feature", "id": 46361424, "geometry": {"type": "Polygon", "coordinates": [[[2531347.052, 1174924.809], [2531344.582, 1174922.52], [2531346.739, 1174920.305], [2531333.087, 1174907.581], [2531334.5, 1174906.039], [2531332.323, 1174904.044], [2531329.42, 1174907.1469999999], [2531324.927, 1174902.953], [2531324.2060000002, 1174903.7280000001], [2531323.841, 1174903.393], [2531325.8510276605, 1174897.810928942], [2531328.144, 1174892.339], [2531330.7129515624, 1174886.991094582], [2531333.551, 1174881.781], [2531334.151, 1174880.434], [2531344.941, 1174890.659], [2531340.676, 1174895.159], [2531342.707, 1174897.084], [2531344.607, 1174895.011], [2531344.741, 1174895.135], [2531351.137, 1174888.242], [2531357.718, 1174894.432], [2531357.697, 1174892.721], [2531384.577, 1174863.851], [2531386.967, 1174863.771], [2531396.332, 1174872.753], [2531398.646, 1174870.276], [2531393.702, 1174865.654], [2531393.901, 1174865.439], [2531388.057, 1174859.954], [2531391.869, 1174855.89], [2531410.062, 1174873.083], [2531410.51, 1174872.612], [2531409.853, 1174871.987], [2531411.815, 1174869.902], [2531415.678, 1174873.515], [2531413.727, 1174875.611], [2531413.067, 1174874.986], [2531412.614, 1174875.465], [2531420.917, 1174883.25], [2531392.023, 1174914.108], [2531390.482, 1174912.674], [2531386.391, 1174917.051], [2531375.579, 1174906.949], [2531383.494, 1174898.467], [2531380.587, 1174895.691], [2531373.177, 1174903.311], [2531371.037, 1174903.461], [2531369.057, 1174905.261], [2531366.967, 1174903.311], [2531363.367, 1174907.361], [2531360.737, 1174910.041], [2531349.147, 1174922.55], [2531347.052, 1174924.809]]]}, "properties": {"OBJECTID": 46361424, "EGID": 9029626, "NO_COM_FED": 5757, "GENRE_TXT": "b\u00e2timent"}}, {"type": "Feature", "id": 46361442, "geometry": {"type": "Polygon", "coordinates": [[[2530628.466, 1175082.418], [2530613.066, 1175081.888], [2530613.146, 1175078.618], [2530628.6859999998, 1175079.908], [2530628.666, 1175080.158], [2530628.486, 1175082.168], [2530628.466, 1175082.418]]]}, "properties": {"OBJECTID": 46361442, "EGID": 818595, "NO_COM_FED": 5757, "GENRE_TXT": "b\u00e2timent"}}, {"type": "Feature", "id": 46361466, "geometry": {"type": "Polygon", "coordinates": [[[2531030.991, 1175363.745], [2531032.8310000002, 1175372.475], [2531032.481, 1175372.665], [2531032.901, 1175374.885], [2531029.881, 1175376.435], [2531025.601, 1175366.995], [2531030.991, 1175363.745]]]}, "properties": {"OBJECTID": 46361466, "EGID": 280021284, "NO_COM_FED": 5757, "GENRE_TXT": "b\u00e2timent"}}, {"type": "Feature", "id": 46361484, "geometry": {"type": "Polygon", "coordinates": [[[2531072.16, 1176215.887], [2531070.23, 1176216.3969999999], [2531069.26, 1176216.6570000001], [2531060.09, 1176219.077], [2531057.6, 1176209.467], [2531067.78, 1176206.857], [2531070.69, 1176206.117], [2531073.09, 1176215.507], [2531072.13, 1176215.777], [2531072.16, 1176215.887]]]}, "properties": {"OBJECTID": 46361484, "EGID": 818328, "NO_COM_FED": 5757, "GENRE_TXT": "b\u00e2timent"}}, {"type": "Feature", "id": 46361514, "geometry": {"type": "Polygon", "coordinates": [[[2530629.057, 1175106.118], [2530613.177, 1175106.488], [2530613.036, 1175100.558], [2530628.916, 1175100.108], [2530628.9359999998, 1175100.858], [2530629.057, 1175106.118]]]}, "properties": {"OBJECTID": 46361514, "EGID": 818588, "NO_COM_FED": 5757, "GENRE_TXT": "b\u00e2timent"}}, {"type": "Feature", "id": 46361625, "geometry": {"type": "Polygon", "coordinates": [[[2530587.846, 1175105.439], [2530576.366, 1175105.53], [2530576.366, 1175105.75], [2530569.636, 1175105.65], [2530570.126, 1175101.64], [2530571.086, 1175097.74], [2530576.176, 1175097.8], [2530576.176, 1175098.53], [2530580.386, 1175098.479], [2530583.946, 1175098.559], [2530587.716, 1175098.502], [2530587.906, 1175098.499], [2530587.846, 1175105.439]]]}, "properties": {"OBJECTID": 46361625, "EGID": 818703, "NO_COM_FED": 5757, "GENRE_TXT": "b\u00e2timent"}}, {"type": "Feature", "id": 46361667, "geometry": {"type": "Polygon", "coordinates": [[[2530686.069, 1175284.486], [2530686.319, 1175292.476], [2530684.479, 1175292.476], [2530684.959, 1175295.916], [2530677.729, 1175296.086], [2530677.309, 1175292.646], [2530670.899, 1175293.066], [2530670.879, 1175292.616], [2530668.899, 1175292.716], [2530665.409, 1175292.526], [2530664.949, 1175287.956], [2530663.779, 1175288.046], [2530663.649, 1175286.356], [2530664.859, 1175286.236], [2530686.069, 1175284.486]]]}, "properties": {"OBJECTID": 46361667, "EGID": 818559, "NO_COM_FED": 5757, "GENRE_TXT": "b\u00e2timent"}}, {"type": "Feature", "id": 46361843, "geometry": {"type": "Polygon", "coordinates": [[[2530032.584, 1175786.649], [2530029.094, 1175786.049], [2530025.634, 1175785.459], [2530027.283, 1175775.719], [2530034.223, 1175776.899], [2530032.584, 1175786.649]]]}, "properties": {"OBJECTID": 46361843, "EGID": 818115, "NO_COM_FED": 5757, "GENRE_TXT": "b\u00e2timent"}}, {"type": "Feature", "id": 46362046, "geometry": {"type": "Polygon", "coordinates": [[[2530461.416, 1174855.186], [2530467.48, 1174861.118], [2530462.495, 1174866.154], [2530463.435, 1174867.085], [2530462.161, 1174868.396], [2530461.191, 1174867.4679999999], [2530460.467, 1174868.223], [2530456.764, 1174864.67], [2530455.779, 1174865.636], [2530453.416, 1174863.363], [2530461.416, 1174855.186]]]}, "properties": {"OBJECTID": 46362046, "EGID": 818868, "NO_COM_FED": 5757, "GENRE_TXT": "b\u00e2timent"}}, {"type": "Feature", "id": 46362066, "geometry": {"type": "Polygon", "coordinates": [[[2530897.952, 1176490.674], [2530891.323, 1176490.244], [2530889.182, 1176490.105], [2530889.882, 1176478.884], [2530898.682, 1176479.424], [2530897.952, 1176490.674]]]}, "properties": {"OBJECTID": 46362066, "EGID": 818155, "NO_COM_FED": 5757, "GENRE_TXT": "b\u00e2timent"}}, {"type": "Feature", "id": 46362153, "geometry": {"type": "Polygon", "coordinates": [[[2530874.492, 1175556.859], [2530858.322, 1175561.12], [2530853.572, 1175543.18], [2530869.742, 1175538.89], [2530874.492, 1175556.859]]]}, "properties": {"OBJECTID": 46362153, "EGID": 818378, "NO_COM_FED": 5757, "GENRE_TXT": "b\u00e2timent"}}, {"type": "Feature", "id": 46362298, "geometry": {"type": "Polygon", "coordinates": [[[2530500.527, 1175950.46], [2530499.836, 1175950.528], [2530499.274, 1175944.947], [2530499.257, 1175944.778], [2530509.008, 1175943.829], [2530508.991, 1175943.66], [2530509.687, 1175943.591], [2530510.236, 1175949.169], [2530510.252, 1175949.338], [2530500.51, 1175950.291], [2530500.527, 1175950.46]]]}, "properties": {"OBJECTID": 46362298, "EGID": 280102185, "NO_COM_FED": 5757, "GENRE_TXT": "b\u00e2timent"}}, {"type": "Feature", "id": 46362352, "geometry": {"type": "Polygon", "coordinates": [[[2530491.455, 1175850.491], [2530485.395, 1175850.2719999999], [2530485.495, 1175847.292], [2530489.705, 1175847.441], [2530489.715, 1175846.831], [2530491.585, 1175846.891], [2530491.455, 1175850.491]]]}, "properties": {"OBJECTID": 46362352, "EGID": 280042027, "NO_COM_FED": 5757, "GENRE_TXT": "b\u00e2timent"}}, {"type": "Feature", "id": 46362437, "geometry": {"type": "Polygon", "coordinates": [[[2531501.407, 1174499.868], [2531504.839, 1174504.029], [2531502.808, 1174505.755], [2531499.339, 1174501.59], [2531501.407, 1174499.868]]]}, "properties": {"OBJECTID": 46362437, "EGID": 281008096, "NO_COM_FED": 5757, "GENRE_TXT": "b\u00e2timent"}}, {"type": "Feature", "id": 46362481, "geometry": {"type": "Polygon", "coordinates": [[[2530793.467, 1176131.912], [2530793.724, 1176131.832], [2530798.3109999998, 1176146.111], [2530791.585, 1176148.254], [2530787.043, 1176133.935], [2530793.467, 1176131.912]]]}, "properties": {"OBJECTID": 46362481, "EGID": 280059646, "NO_COM_FED": 5757, "GENRE_TXT": "b\u00e2timent"}}, {"type": "Feature", "id": 46362537, "geometry": {"type": "Polygon", "coordinates": [[[2532186.016, 1176078.842], [2532141.506, 1176139.123], [2532129.166, 1176129.803], [2532173.916, 1176069.632], [2532186.016, 1176078.842]]]}, "properties": {"OBJECTID": 46362537, "EGID": 280000734, "NO_COM_FED": 5757, "GENRE_TXT": "b\u00e2timent"}}, {"type": "Feature", "id": 46362730, "geometry": {"type": "Polygon", "coordinates": [[[2530237.968, 1175722.369], [2530232.14, 1175719.441], [2530237.075, 1175709.631], [2530242.903, 1175712.552], [2530237.968, 1175722.369]]]}, "properties": {"OBJECTID": 46362730, "EGID": 280059349, "NO_COM_FED": 5757, "GENRE_TXT": "b\u00e2timent"}}, {"type": "Feature", "id": 46362750, "geometry": {"type": "Polygon", "coordinates": [[[2530361.703, 1176146.077], [2530360.118, 1176149.926], [2530356.768, 1176148.576], [2530356.028, 1176150.436], [2530354.468, 1176149.816], [2530351.318, 1176157.706], [2530326.658, 1176147.797], [2530336.228, 1176123.976], [2530365.958, 1176135.746], [2530361.703, 1176146.077]]]}, "properties": {"OBJECTID": 46362750, "EGID": 280001738, "NO_COM_FED": 5757, "GENRE_TXT": "b\u00e2timent"}}, {"type": "Feature", "id": 46362862, "geometry": {"type": "Polygon", "coordinates": [[[2531774.765, 1176365.286], [2531775.215, 1176368.246], [2531772.235, 1176368.696], [2531771.805, 1176365.736], [2531774.765, 1176365.286]]]}, "properties": {"OBJECTID": 46362862, "EGID": 280113969, "NO_COM_FED": 5757, "GENRE_TXT": "b\u00e2timent"}}, {"type": "Feature", "id": 46362933, "geometry": {"type": "Polygon", "coordinates": [[[2531295.756, 1174851.322], [2531299.026, 1174857.892], [2531282.376, 1174866.382], [2531279.056, 1174859.702], [2531295.756, 1174851.322]]]}, "properties": {"OBJECTID": 46362933, "EGID": 818456, "NO_COM_FED": 5757, "GENRE_TXT": "b\u00e2timent"}}, {"type": "Feature", "id": 46363235, "geometry": {"type": "Polygon", "coordinates": [[[2531096.58, 1176283.987], [2531091.12, 1176284.417], [2531090.88, 1176281.597], [2531096.34, 1176281.167], [2531096.58, 1176283.987]]]}, "properties": {"OBJECTID": 46363235, "EGID": 280045776, "NO_COM_FED": 5757, "GENRE_TXT": "b\u00e2timent"}}, {"type": "Feature", "id": 46363529, "geometry": {"type": "Polygon", "coordinates": [[[2531290.856, 1174786.224], [2531292.106, 1174791.914], [2531288.736, 1174792.594], [2531287.476, 1174786.934], [2531290.856, 1174786.224]]]}, "properties": {"OBJECTID": 46363529, "EGID": 280040130, "NO_COM_FED": 5757, "GENRE_TXT": "b\u00e2timent"}}, {"type": "Feature", "id": 46363575, "geometry": {"type": "Polygon", "coordinates": [[[2530693.759, 1175273.756], [2530693.709, 1175271.236], [2530695.659, 1175270.035], [2530696.789, 1175262.285], [2530715.759, 1175265.685], [2530715.699, 1175265.835], [2530715.499, 1175265.795], [2530709.679, 1175275.435], [2530693.759, 1175273.756]]]}, "properties": {"OBJECTID": 46363575, "EGID": 818503, "NO_COM_FED": 5757, "GENRE_TXT": "b\u00e2timent"}}, {"type": "Feature", "id": 46363888, "geometry": {"type": "Polygon", "coordinates": [[[2530396.379, 1174401.841], [2530384.185, 1174405.467], [2530382.78, 1174400.75], [2530394.975, 1174397.126], [2530396.379, 1174401.841]]]}, "properties": {"OBJECTID": 46363888, "EGID": 3163913, "NO_COM_FED": 5757, "GENRE_TXT": "b\u00e2timent"}}, {"type": "Feature", "id": 46363906, "geometry": {"type": "Polygon", "coordinates": [[[2530261.529, 1174674.668], [2530261.36, 1174667.05], [2530267.001, 1174666.938], [2530267.02, 1174667.877], [2530271.633, 1174667.785], [2530271.53, 1174662.613], [2530276.473, 1174662.515], [2530276.726, 1174674.881], [2530271.84, 1174674.981], [2530271.832, 1174674.501], [2530265.1, 1174674.61], [2530261.529, 1174674.668]]]}, "properties": {"OBJECTID": 46363906, "EGID": 818819, "NO_COM_FED": 5757, "GENRE_TXT": "b\u00e2timent"}}, {"type": "Feature", "id": 46363946, "geometry": {"type": "Polygon", "coordinates": [[[2530869.7, 1176290.003], [2530870.75, 1176294.073], [2530868.34, 1176294.693], [2530867.97, 1176293.233], [2530860.18, 1176295.224], [2530858.17, 1176287.443], [2530865.05, 1176285.663], [2530864.52, 1176283.623], [2530868.54, 1176282.583], [2530869.4, 1176283.213], [2530870.49, 1176287.433], [2530869.14, 1176287.783], [2530869.35, 1176288.6030000001], [2530869.4707297073, 1176288.6465046306], [2530869.5833096956, 1176288.7081005834], [2530869.6850484745, 1176288.786315262], [2530869.7735137395, 1176288.8792787606], [2530869.846590519, 1176288.9847685674], [2530869.9025317417, 1176289.1002627003], [2530869.94, 1176289.223], [2530869.9580378938, 1176289.3637994123], [2530869.951943059, 1176289.505618639], [2530869.921891969, 1176289.644351375], [2530869.868754738, 1176289.7759806833], [2530869.7940699277, 1176289.896695302], [2530869.7, 1176290.003]]]}, "properties": {"OBJECTID": 46363946, "EGID": 818147, "NO_COM_FED": 5757, "GENRE_TXT": "b\u00e2timent"}}, {"type": "Feature", "id": 46364013, "geometry": {"type": "Polygon", "coordinates": [[[2530463.04, 1174460.862], [2530464.269, 1174467.963], [2530462.053, 1174468.347], [2530462.46, 1174470.701], [2530456.152, 1174471.78], [2530455.759, 1174469.444], [2530453.551, 1174469.815], [2530452.306, 1174462.719], [2530463.04, 1174460.862]]]}, "properties": {"OBJECTID": 46364013, "EGID": 400001063, "NO_COM_FED": 5757, "GENRE_TXT": "b\u00e2timent"}}, {"type": "Feature", "id": 46364235, "geometry": {"type": "Polygon", "coordinates": [[[2530748.826, 1175008.904], [2530749.446, 1175009.914], [2530744.676, 1175013.404], [2530738.776, 1175005.494], [2530742.236, 1174999.924], [2530748.826, 1175008.904]]]}, "properties": {"OBJECTID": 46364235, "EGID": 818660, "NO_COM_FED": 5757, "GENRE_TXT": "b\u00e2timent"}}, {"type": "Feature", "id": 46364363, "geometry": {"type": "Polygon", "coordinates": [[[2531242.133, 1175496.368], [2531241.973, 1175495.908], [2531246.733, 1175494.278], [2531250.873, 1175506.987], [2531246.553, 1175509.267], [2531244.983, 1175504.898], [2531243.273, 1175505.508], [2531240.503, 1175496.938], [2531242.133, 1175496.368]]]}, "properties": {"OBJECTID": 46364363, "EGID": 818397, "NO_COM_FED": 5757, "GENRE_TXT": "b\u00e2timent"}}, {"type": "Feature", "id": 46364540, "geometry": {"type": "Polygon", "coordinates": [[[2531062.259, 1176116.666], [2531067.609, 1176115.316], [2531068.299, 1176118.026], [2531062.959, 1176119.376], [2531062.259, 1176116.666]]]}, "properties": {"OBJECTID": 46364540, "EGID": 280048119, "NO_COM_FED": 5757, "GENRE_TXT": "b\u00e2timent"}}, {"type": "Feature", "id": 46364710, "geometry": {"type": "Polygon", "coordinates": [[[2530219.543, 1175702.232], [2530225.59, 1175704.545], [2530221.674, 1175714.836], [2530215.604, 1175712.504], [2530219.543, 1175702.232]]]}, "properties": {"OBJECTID": 46364710, "EGID": 280059343, "NO_COM_FED": 5757, "GENRE_TXT": "b\u00e2timent"}}, {"type": "Feature", "id": 46364749, "geometry": {"type": "Polygon", "coordinates": [[[2530764.198, 1176053.414], [2530769.918, 1176051.494], [2530770.398, 1176052.914], [2530780.428, 1176049.563], [2530783.568, 1176058.873], [2530770.588, 1176063.214], [2530769.371, 1176059.627], [2530768.718, 1176057.704], [2530765.978, 1176058.634], [2530764.198, 1176053.414]]]}, "properties": {"OBJECTID": 46364749, "EGID": 818243, "NO_COM_FED": 5757, "GENRE_TXT": "b\u00e2timent"}}, {"type": "Feature", "id": 46364772, "geometry": {"type": "Polygon", "coordinates": [[[2530377.463, 1176064.245], [2530371.467, 1176079.215], [2530371.077, 1176079.065], [2530359.787, 1176074.545], [2530359.397, 1176074.385], [2530370.527, 1176046.525], [2530370.917, 1176046.685], [2530377.045, 1176049.176], [2530382.207, 1176051.275], [2530382.597, 1176051.425], [2530377.463, 1176064.245]]]}, "properties": {"OBJECTID": 46364772, "EGID": 818088, "NO_COM_FED": 5757, "GENRE_TXT": "b\u00e2timent"}}, {"type": "Feature", "id": 46364870, "geometry": {"type": "Polygon", "coordinates": [[[2530835.579, 1176165.3429999999], [2530834.649, 1176161.993], [2530833.199, 1176162.393], [2530832.379, 1176159.403], [2530833.829, 1176159.003], [2530833.359, 1176157.323], [2530832.759, 1176155.163], [2530840.6689999998, 1176152.963], [2530841.829, 1176157.0929999999], [2530842.389, 1176156.933], [2530842.469, 1176157.203], [2530844.129, 1176162.983], [2530835.579, 1176165.3429999999]]]}, "properties": {"OBJECTID": 46364870, "EGID": 818200, "NO_COM_FED": 5757, "GENRE_TXT": "b\u00e2timent"}}, {"type": "Feature", "id": 46364871, "geometry": {"type": "Polygon", "coordinates": [[[2531271.656, 1174772.104], [2531274.996, 1174785.704], [2531265.736, 1174787.944], [2531264.906, 1174784.414], [2531263.126, 1174784.854], [2531262.586, 1174782.424], [2531264.366, 1174782.004], [2531262.455, 1174774.304], [2531271.656, 1174772.104]]]}, "properties": {"OBJECTID": 46364871, "EGID": 818461, "NO_COM_FED": 5757, "GENRE_TXT": "b\u00e2timent"}}, {"type": "Feature", "id": 46365017, "geometry": {"type": "Polygon", "coordinates": [[[2530679.123, 1174753.367], [2530672.562, 1174750.107], [2530675.222, 1174744.707], [2530681.792, 1174747.947], [2530679.123, 1174753.367]]]}, "properties": {"OBJECTID": 46365017, "EGID": 280023855, "NO_COM_FED": 5757, "GENRE_TXT": "b\u00e2timent"}}, {"type": "Feature", "id": 46365199, "geometry": {"type": "Polygon", "coordinates": [[[2530697.227, 1175962.415], [2530701.357, 1175958.015], [2530705.927, 1175962.345], [2530701.787, 1175966.735], [2530697.227, 1175962.415]]]}, "properties": {"OBJECTID": 46365199, "EGID": 280025818, "NO_COM_FED": 5757, "GENRE_TXT": "b\u00e2timent"}}, {"type": "Feature", "id": 46365344, "geometry": {"type": "Polygon", "coordinates": [[[2530571.925, 1175841.319], [2530564.585, 1175842.869], [2530562.305, 1175832.089], [2530569.645, 1175830.539], [2530571.925, 1175841.319]]]}, "properties": {"OBJECTID": 46365344, "EGID": 190090899, "NO_COM_FED": 5757, "GENRE_TXT": "b\u00e2timent"}}, {"type": "Feature", "id": 46365468, "geometry": {"type": "Polygon", "coordinates": [[[2530790.869, 1176222.145], [2530790.879, 1176222.215], [2530791.559, 1176228.095], [2530785.529, 1176228.775], [2530785.069, 1176224.675], [2530784.859, 1176222.835], [2530790.869, 1176222.145]]]}, "properties": {"OBJECTID": 46365468, "EGID": 280029135, "NO_COM_FED": 5757, "GENRE_TXT": "b\u00e2timent"}}, {"type": "Feature", "id": 46365477, "geometry": {"type": "Polygon", "coordinates": [[[2532315.249, 1176241.623], [2532332.966, 1176253.954], [2532317.437, 1176276.304], [2532299.695, 1176263.97], [2532315.249, 1176241.623]]]}, "properties": {"OBJECTID": 46365477, "EGID": 280091783, "NO_COM_FED": 5757, "GENRE_TXT": "b\u00e2timent"}}, {"type": "Feature", "id": 46365613, "geometry": {"type": "Polygon", "coordinates": [[[2531127.486, 1174963.492], [2531129.626, 1174960.652], [2531133.566, 1174963.822], [2531133.7060000002, 1174963.662], [2531137.695, 1174966.784], [2531139.276, 1174968.0219999999], [2531138.336, 1174969.242], [2531138.486, 1174969.342], [2531134.736, 1174974.302], [2531131.696, 1174971.972], [2531130.496, 1174973.518], [2531128.476, 1174976.122], [2531123.056, 1174971.762], [2531124.996, 1174969.192], [2531123.796, 1174968.392], [2531127.486, 1174963.492]]]}, "properties": {"OBJECTID": 46365613, "EGID": 818452, "NO_COM_FED": 5757, "GENRE_TXT": "b\u00e2timent"}}, {"type": "Feature", "id": 46365710, "geometry": {"type": "Polygon", "coordinates": [[[2530220.308, 1175970.561], [2530220.652, 1175972.911], [2530222.396, 1175984.84], [2530213.827, 1175986.099], [2530212.737, 1175978.577], [2530206.455, 1175979.488], [2530204.315, 1175964.847], [2530210.595, 1175963.937], [2530209.505, 1175956.41], [2530218.056, 1175955.16], [2530220.308, 1175970.561]]]}, "properties": {"OBJECTID": 46365710, "EGID": 190086573, "NO_COM_FED": 5757, "GENRE_TXT": "b\u00e2timent"}}, {"type": "Feature", "id": 46365815, "geometry": {"type": "Polygon", "coordinates": [[[2530785.35, 1175388.852], [2530784.92, 1175384.262], [2530787.58, 1175383.922], [2530788.02, 1175388.5219999999], [2530785.35, 1175388.852]]]}, "properties": {"OBJECTID": 46365815, "EGID": 280050765, "NO_COM_FED": 5757, "GENRE_TXT": "b\u00e2timent"}}, {"type": "Feature", "id": 46366074, "geometry": {"type": "Polygon", "coordinates": [[[2530509.43, 1174592.551], [2530506.156, 1174586.8], [2530518.585, 1174579.721], [2530521.855, 1174585.464], [2530518.569, 1174587.338], [2530509.43, 1174592.551]]]}, "properties": {"OBJECTID": 46366074, "EGID": 190069371, "NO_COM_FED": 5757, "GENRE_TXT": "b\u00e2timent"}}, {"type": "Feature", "id": 46366082, "geometry": {"type": "Polygon", "coordinates": [[[2530799.871, 1175448.822], [2530799.571, 1175445.702], [2530799.301, 1175445.7820000001], [2530798.761, 1175440.472], [2530799.011, 1175440.442], [2530798.711, 1175437.382], [2530807.5810000002, 1175436.432], [2530808.721, 1175447.902], [2530799.871, 1175448.822]]]}, "properties": {"OBJECTID": 46366082, "EGID": 818498, "NO_COM_FED": 5757, "GENRE_TXT": "b\u00e2timent"}}, {"type": "Feature", "id": 46366339, "geometry": {"type": "Polygon", "coordinates": [[[2530710.749, 1175326.615], [2530713.109, 1175326.085], [2530713.729, 1175328.985], [2530711.269, 1175329.175], [2530710.749, 1175326.615]]]}, "properties": {"OBJECTID": 46366339, "EGID": 280123661, "NO_COM_FED": 5757, "GENRE_TXT": "b\u00e2timent"}}, {"type": "Feature", "id": 46366432, "geometry": {"type": "Polygon", "coordinates": [[[2530697.399, 1174465.569], [2530698.368, 1174471.439], [2530695.449, 1174471.917], [2530695.409, 1174471.696], [2530692.852, 1174472.128], [2530692.844, 1174472.208], [2530692.705, 1174472.193], [2530693.333, 1174466.246], [2530697.399, 1174465.569]]]}, "properties": {"OBJECTID": 46366432, "EGID": 280070112, "NO_COM_FED": 5757, "GENRE_TXT": "b\u00e2timent"}}, {"type": "Feature", "id": 46366442, "geometry": {"type": "Polygon", "coordinates": [[[2530664.049, 1175303.466], [2530663.289, 1175296.966], [2530665.499, 1175296.816], [2530665.409, 1175292.526], [2530668.899, 1175292.716], [2530670.879, 1175292.616], [2530670.899, 1175293.066], [2530670.999, 1175296.526], [2530677.729, 1175296.086], [2530684.959, 1175295.916], [2530685.519, 1175300.156], [2530664.049, 1175303.466]]]}, "properties": {"OBJECTID": 46366442, "EGID": 818990, "NO_COM_FED": 5757, "GENRE_TXT": "b\u00e2timent"}}, {"type": "Feature", "id": 46366445, "geometry": {"type": "Polygon", "coordinates": [[[2530829.029, 1174463.836], [2530825.791, 1174462.577], [2530825.045, 1174464.494], [2530821.133, 1174462.975], [2530816.64, 1174461.231], [2530821.354, 1174449.09], [2530829.741, 1174452.371], [2530827.796, 1174457.367], [2530831.053, 1174458.634], [2530829.029, 1174463.836]]]}, "properties": {"OBJECTID": 46366445, "EGID": 818743, "NO_COM_FED": 5757, "GENRE_TXT": "b\u00e2timent"}}, {"type": "Feature", "id": 46366502, "geometry": {"type": "Polygon", "coordinates": [[[2530154.125, 1174689.315], [2530151.8310000002, 1174682.126], [2530168.366, 1174676.864], [2530172.089, 1174688.6030000001], [2530155.576, 1174693.863], [2530154.125, 1174689.315]]]}, "properties": {"OBJECTID": 46366502, "EGID": 818823, "NO_COM_FED": 5757, "GENRE_TXT": "b\u00e2timent"}}, {"type": "Feature", "id": 46366506, "geometry": {"type": "Polygon", "coordinates": [[[2530241.002, 1174702.59], [2530240.764, 1174705.953], [2530240.406, 1174711.007], [2530239.736, 1174710.961], [2530239.548, 1174713.905], [2530234.077, 1174713.528], [2530234.272, 1174710.583], [2530229.423, 1174710.248], [2530230.013, 1174701.827], [2530241.002, 1174702.59]]]}, "properties": {"OBJECTID": 46366506, "EGID": 818813, "NO_COM_FED": 5757, "GENRE_TXT": "b\u00e2timent"}}, {"type": "Feature", "id": 46366672, "geometry": {"type": "Polygon", "coordinates": [[[2530775.305, 1174626.569], [2530771.096, 1174621.245], [2530774.236, 1174618.739], [2530776.709, 1174621.871], [2530786.281, 1174614.314], [2530794.66, 1174624.828], [2530798.395, 1174621.852], [2530803.234, 1174627.925], [2530799.201, 1174631.139], [2530797.425, 1174628.91], [2530793.985, 1174631.702], [2530794.173, 1174631.934], [2530789.065, 1174636.073], [2530785.816, 1174632.064], [2530787.027, 1174631.108], [2530781.518, 1174624.136], [2530780.316, 1174625.085], [2530779.105, 1174623.544], [2530775.305, 1174626.569]]]}, "properties": {"OBJECTID": 46366672, "EGID": 818753, "NO_COM_FED": 5757, "GENRE_TXT": "b\u00e2timent"}}, {"type": "Feature", "id": 46366843, "geometry": {"type": "Polygon", "coordinates": [[[2531537.934, 1175590.258], [2531535.0439999998, 1175584.828], [2531538.762, 1175582.85], [2531542.244, 1175580.998], [2531545.124, 1175586.428], [2531537.934, 1175590.258]]]}, "properties": {"OBJECTID": 46366843, "EGID": 280020662, "NO_COM_FED": 5757, "GENRE_TXT": "b\u00e2timent"}}, {"type": "Feature", "id": 46367166, "geometry": {"type": "Polygon", "coordinates": [[[2530837.817, 1176009.311], [2530837.107, 1176005.961], [2530843.887, 1176004.591], [2530844.597, 1176007.921], [2530837.817, 1176009.311]]]}, "properties": {"OBJECTID": 46367166, "EGID": 280037519, "NO_COM_FED": 5757, "GENRE_TXT": "b\u00e2timent"}}, {"type": "Feature", "id": 46367311, "geometry": {"type": "Polygon", "coordinates": [[[2530717.512, 1174474.971], [2530712.5640000002, 1174465.5], [2530720.053, 1174461.564], [2530725.098, 1174471.154], [2530717.512, 1174474.971]]]}, "properties": {"OBJECTID": 46367311, "EGID": 3163900, "NO_COM_FED": 5757, "GENRE_TXT": "b\u00e2timent"}}, {"type": "Feature", "id": 46367349, "geometry": {"type": "Polygon", "coordinates": [[[2530870.916, 1174403.77], [2530871.117, 1174396.956], [2530877.1, 1174397.0929999999], [2530876.91, 1174403.936], [2530870.916, 1174403.77]]]}, "properties": {"OBJECTID": 46367349, "EGID": 280133137, "NO_COM_FED": 5757, "GENRE_TXT": "b\u00e2timent"}}, {"type": "Feature", "id": 46367641, "geometry": {"type": "Polygon", "coordinates": [[[2530824.753, 1175578.001], [2530823.563, 1175575.571], [2530823.013, 1175575.841], [2530820.412, 1175570.521], [2530820.952, 1175570.261], [2530819.752, 1175567.801], [2530827.002, 1175564.341], [2530831.993, 1175574.451], [2530824.753, 1175578.001]]]}, "properties": {"OBJECTID": 46367641, "EGID": 818356, "NO_COM_FED": 5757, "GENRE_TXT": "b\u00e2timent"}}, {"type": "Feature", "id": 46367897, "geometry": {"type": "Polygon", "coordinates": [[[2530719.645, 1174966.385], [2530718.175, 1174963.495], [2530714.705, 1174957.455], [2530729.235, 1174947.415], [2530733.025, 1174952.945], [2530733.285, 1174953.325], [2530721.725, 1174960.295], [2530723.785, 1174963.565], [2530722.375, 1174964.505], [2530721.405, 1174965.185], [2530719.645, 1174966.385]]]}, "properties": {"OBJECTID": 46367897, "EGID": 818690, "NO_COM_FED": 5757, "GENRE_TXT": "b\u00e2timent"}}, {"type": "Feature", "id": 46368008, "geometry": {"type": "Polygon", "coordinates": [[[2531336.246, 1174787.923], [2531334.986, 1174791.1030000001], [2531329.646, 1174789.023], [2531331.076, 1174785.693], [2531336.246, 1174787.923]]]}, "properties": {"OBJECTID": 46368008, "EGID": 280040237, "NO_COM_FED": 5757, "GENRE_TXT": "b\u00e2timent"}}, {"type": "Feature", "id": 46368129, "geometry": {"type": "Polygon", "coordinates": [[[2530602.243, 1174796.369], [2530600.593, 1174798.139], [2530598.743, 1174796.389], [2530595.423, 1174792.189], [2530598.653, 1174789.609], [2530601.833, 1174793.279], [2530600.463, 1174794.709], [2530602.243, 1174796.369]]]}, "properties": {"OBJECTID": 46368129, "EGID": 280032809, "NO_COM_FED": 5757, "GENRE_TXT": "b\u00e2timent"}}, {"type": "Feature", "id": 46368190, "geometry": {"type": "Polygon", "coordinates": [[[2530946.368, 1175072.563], [2530947.935, 1175071.476], [2530949.022, 1175073.043], [2530947.455, 1175074.13], [2530946.368, 1175072.563]]]}, "properties": {"OBJECTID": 46368190, "EGID": 280112073, "NO_COM_FED": 5757, "GENRE_TXT": "b\u00e2timent"}}, {"type": "Feature", "id": 46368349, "geometry": {"type": "Polygon", "coordinates": [[[2530750.625, 1174932.734], [2530757.075, 1174944.424], [2530753.715, 1174948.024], [2530751.845, 1174949.754], [2530751.695, 1174949.594], [2530743.645, 1174956.434], [2530743.5123222247, 1174956.5217122766], [2530743.3664441635, 1174956.585087563], [2530743.2117861677, 1174956.6222054819], [2530743.053034634, 1174956.631941298], [2530742.895, 1174956.614], [2530742.7496253317, 1174956.5704600445], [2530742.6134041985, 1174956.5035771255], [2530742.490055291, 1174956.4151770752], [2530742.3829459012, 1174956.307673119], [2530742.295, 1174956.184], [2530733.985, 1174943.365], [2530735.345, 1174942.315], [2530735.555, 1174942.725], [2530750.625, 1174932.734]]]}, "properties": {"OBJECTID": 46368349, "EGID": 818848, "NO_COM_FED": 5757, "GENRE_TXT": "b\u00e2timent"}}, {"type": "Feature", "id": 46368442, "geometry": {"type": "Polygon", "coordinates": [[[2530841.042, 1176307.958], [2530844.14, 1176307.444], [2530844.3, 1176308.334], [2530847.15, 1176307.824], [2530848.55, 1176315.954], [2530840.97, 1176317.224], [2530841.08, 1176317.874], [2530836.8, 1176318.594], [2530835.05, 1176308.304], [2530839.33, 1176307.584], [2530839.44, 1176308.224], [2530841.042, 1176307.958]]]}, "properties": {"OBJECTID": 46368442, "EGID": null, "NO_COM_FED": 5757, "GENRE_TXT": "b\u00e2timent"}}, {"type": "Feature", "id": 46368615, "geometry": {"type": "Polygon", "coordinates": [[[2530776.737, 1175955.3429999999], [2530769.257, 1175946.443], [2530772.967, 1175943.333], [2530780.437, 1175952.242], [2530776.737, 1175955.3429999999]]]}, "properties": {"OBJECTID": 46368615, "EGID": 280019838, "NO_COM_FED": 5757, "GENRE_TXT": "b\u00e2timent"}}, {"type": "Feature", "id": 46368740, "geometry": {"type": "Polygon", "coordinates": [[[2530732.986, 1175078.995], [2530732.656, 1175079.865], [2530747.347, 1175088.604], [2530747.607, 1175088.314], [2530752.767, 1175090.624], [2530752.9572251984, 1175090.7198993703], [2530753.130262813, 1175090.844158371], [2530753.281919882, 1175090.9937660203], [2530753.4085215274, 1175091.1650970997], [2530753.507, 1175091.354], [2530753.5751037695, 1175091.562929931], [2530753.6085682074, 1175091.78011642], [2530753.6065145633, 1175091.9998563165], [2530753.5689967647, 1175092.21637942], [2530753.497, 1175092.424], [2530752.207, 1175095.084], [2530749.937, 1175098.824], [2530729.027, 1175086.505], [2530732.396, 1175078.725], [2530732.986, 1175078.995]]]}, "properties": {"OBJECTID": 46368740, "EGID": 818639, "NO_COM_FED": 5757, "GENRE_TXT": "b\u00e2timent"}}, {"type": "Feature", "id": 46368769, "geometry": {"type": "Polygon", "coordinates": [[[2530858.848, 1176040.081], [2530857.958, 1176035.731], [2530857.178, 1176035.741], [2530857.0635615126, 1176035.6735821702], [2530856.9607153907, 1176035.5895345267], [2530856.8718573106, 1176035.4908148588], [2530856.7990571153, 1176035.3797227228], [2530856.744010598, 1176035.258845876], [2530856.708, 1176035.131], [2530855.528, 1176029.301], [2530855.4849953763, 1176029.2352932575], [2530855.453313848, 1176029.16343886], [2530855.433808265, 1176029.0873710883], [2530855.427003707, 1176029.0091376451], [2530855.433083348, 1176028.9308445316], [2530855.4518835284, 1176028.8545993555], [2530855.4828981576, 1176028.7824545952], [2530855.5252923383, 1176028.7163523478], [2530855.5779248425, 1176028.6580720497], [2530855.639378832, 1176028.6091825746], [2530855.708, 1176028.571], [2530856.478, 1176028.221], [2530855.538, 1176023.961], [2530865.898, 1176021.811], [2530865.958, 1176022.021], [2530866.578, 1176022.161], [2530866.6694764025, 1176022.2380280518], [2530866.7487550713, 1176022.3275609817], [2530866.814144378, 1176022.427688358], [2530866.8642490613, 1176022.5362736864], [2530866.898, 1176022.651], [2530867.418, 1176025.031], [2530867.454448479, 1176025.102714487], [2530867.4781315145, 1176025.1795947389], [2530867.488355091, 1176025.2593878326], [2530867.484819613, 1176025.3397554858], [2530867.467628686, 1176025.4183425796], [2530867.4372860785, 1176025.4928461732], [2530867.3946809596, 1176025.5610829897], [2530867.3410618426, 1176025.6210533958], [2530867.278, 1176025.671], [2530866.768, 1176026.011], [2530868.218, 1176033.051], [2530869.118, 1176037.401], [2530869.238, 1176037.971], [2530858.848, 1176040.081]]]}, "properties": {"OBJECTID": 46368769, "EGID": 818231, "NO_COM_FED": 5757, "GENRE_TXT": "b\u00e2timent"}}, {"type": "Feature", "id": 46368893, "geometry": {"type": "Polygon", "coordinates": [[[2530906.259, 1176179.731], [2530900.989, 1176179.941], [2530897.819, 1176180.051], [2530897.349, 1176169.051], [2530905.819, 1176168.711], [2530906.259, 1176179.731]]]}, "properties": {"OBJECTID": 46368893, "EGID": 818259, "NO_COM_FED": 5757, "GENRE_TXT": "b\u00e2timent"}}, {"type": "Feature", "id": 46369087, "geometry": {"type": "Polygon", "coordinates": [[[2530659.066, 1174463.604], [2530649.273, 1174471.578], [2530643.716, 1174464.711], [2530653.528, 1174456.751], [2530656.971, 1174461.011], [2530659.066, 1174463.604]]]}, "properties": {"OBJECTID": 46369087, "EGID": 818785, "NO_COM_FED": 5757, "GENRE_TXT": "b\u00e2timent"}}, {"type": "Feature", "id": 46369211, "geometry": {"type": "Polygon", "coordinates": [[[2530496.9390000002, 1176251.503], [2530494.909, 1176213.253], [2530507.409, 1176212.582], [2530507.999, 1176223.3429999999], [2530508.509, 1176232.953], [2530509.479, 1176250.773], [2530496.9390000002, 1176251.503]]]}, "properties": {"OBJECTID": 46369211, "EGID": 818077, "NO_COM_FED": 5757, "GENRE_TXT": "b\u00e2timent"}}, {"type": "Feature", "id": 46369308, "geometry": {"type": "Polygon", "coordinates": [[[2530852.433, 1175594.97], [2530855.333, 1175593.95], [2530855.543, 1175598.05], [2530852.843, 1175599.07], [2530852.503, 1175598.11], [2530849.783, 1175599.02], [2530842.273, 1175601.97], [2530842.183, 1175601.73], [2530839.313, 1175593.59], [2530846.903, 1175590.95], [2530849.743, 1175589.95], [2530850.113, 1175590.89], [2530850.893, 1175590.63], [2530852.433, 1175594.97]]]}, "properties": {"OBJECTID": 46369308, "EGID": 818357, "NO_COM_FED": 5757, "GENRE_TXT": "b\u00e2timent"}}, {"type": "Feature", "id": 46369439, "geometry": {"type": "Polygon", "coordinates": [[[2530369.092, 1174764.399], [2530362.118, 1174777.257], [2530353.477, 1174772.607], [2530360.447, 1174759.722], [2530369.092, 1174764.399]]]}, "properties": {"OBJECTID": 46369439, "EGID": 3163967, "NO_COM_FED": 5757, "GENRE_TXT": "b\u00e2timent"}}, {"type": "Feature", "id": 46369570, "geometry": {"type": "Polygon", "coordinates": [[[2530364.058, 1174364.2820000001], [2530366.364, 1174371.999], [2530362.455, 1174373.136], [2530360.151, 1174365.422], [2530364.058, 1174364.2820000001]]]}, "properties": {"OBJECTID": 46369570, "EGID": 280069824, "NO_COM_FED": 5757, "GENRE_TXT": "b\u00e2timent"}}, {"type": "Feature", "id": 46369863, "geometry": {"type": "Polygon", "coordinates": [[[2530826.888, 1176143.697], [2530827.5439999998, 1176145.846], [2530828.029, 1176147.433], [2530820.149, 1176149.833], [2530818.729, 1176145.283], [2530816.819, 1176145.883], [2530815.359, 1176141.123], [2530817.289, 1176140.533], [2530816.749, 1176138.743], [2530824.649, 1176136.363], [2530826.888, 1176143.697]]]}, "properties": {"OBJECTID": 46369863, "EGID": 818199, "NO_COM_FED": 5757, "GENRE_TXT": "b\u00e2timent"}}, {"type": "Feature", "id": 46369864, "geometry": {"type": "Polygon", "coordinates": [[[2530667.801, 1174662.187], [2530666.981, 1174665.087], [2530662.901, 1174663.957], [2530663.701, 1174661.047], [2530667.801, 1174662.187]]]}, "properties": {"OBJECTID": 46369864, "EGID": 280051093, "NO_COM_FED": 5757, "GENRE_TXT": "b\u00e2timent"}}, {"type": "Feature", "id": 46369876, "geometry": {"type": "Polygon", "coordinates": [[[2530679.31, 1174428.293], [2530676.056, 1174435.616], [2530680.191, 1174437.454], [2530676.726, 1174445.267], [2530665.239, 1174440.144], [2530671.979, 1174425.01], [2530679.31, 1174428.293]]]}, "properties": {"OBJECTID": 46369876, "EGID": 400001073, "NO_COM_FED": 5757, "GENRE_TXT": "b\u00e2timent"}}, {"type": "Feature", "id": 46369878, "geometry": {"type": "Polygon", "coordinates": [[[2530923.257, 1175999.529], [2530929.627, 1175997.559], [2530930.707, 1176000.999], [2530930.057, 1176001.299], [2530924.607, 1176003.799], [2530923.257, 1175999.529]]]}, "properties": {"OBJECTID": 46369878, "EGID": 280034695, "NO_COM_FED": 5757, "GENRE_TXT": "b\u00e2timent"}}, {"type": "Feature", "id": 46370013, "geometry": {"type": "Polygon", "coordinates": [[[2530852.558, 1176090.662], [2530858.228, 1176089.422], [2530858.448, 1176089.372], [2530859.188, 1176092.762], [2530856.662, 1176093.312], [2530853.308, 1176094.042], [2530852.558, 1176090.662]]]}, "properties": {"OBJECTID": 46370013, "EGID": 280037992, "NO_COM_FED": 5757, "GENRE_TXT": "b\u00e2timent"}}, {"type": "Feature", "id": 46370017, "geometry": {"type": "Polygon", "coordinates": [[[2530363.505, 1175227.755], [2530365.541, 1175247.793], [2530345.31, 1175249.807], [2530342.765, 1175225.091], [2530348.038, 1175224.534], [2530348.514, 1175229.262], [2530363.505, 1175227.755]]]}, "properties": {"OBJECTID": 46370017, "EGID": 280063768, "NO_COM_FED": 5757, "GENRE_TXT": "b\u00e2timent"}}, {"type": "Feature", "id": 46370098, "geometry": {"type": "Polygon", "coordinates": [[[2531693.159, 1174883.578], [2531690.739, 1174873.908], [2531717.949, 1174867.328], [2531720.31, 1174877.068], [2531693.159, 1174883.578]]]}, "properties": {"OBJECTID": 46370098, "EGID": 818892, "NO_COM_FED": 5757, "GENRE_TXT": "b\u00e2timent"}}, {"type": "Feature", "id": 46370143, "geometry": {"type": "Polygon", "coordinates": [[[2530207.734, 1175865.844], [2530207.048, 1175875.338], [2530187.33, 1175873.915], [2530188.507, 1175857.943], [2530194.15, 1175858.37], [2530194.13, 1175858.653], [2530202.52, 1175859.289], [2530202.548, 1175858.991], [2530208.201, 1175859.391], [2530207.984, 1175862.388], [2530207.734, 1175865.844]]]}, "properties": {"OBJECTID": 46370143, "EGID": 280076896, "NO_COM_FED": 5757, "GENRE_TXT": "b\u00e2timent"}}, {"type": "Feature", "id": 46370184, "geometry": {"type": "Polygon", "coordinates": [[[2530698.469, 1175672.944], [2530699.703, 1175672.815], [2530700.393, 1175679.195], [2530696.231, 1175679.624], [2530693.803, 1175679.875], [2530693.213, 1175673.495], [2530698.469, 1175672.944]]]}, "properties": {"OBJECTID": 46370184, "EGID": 280022809, "NO_COM_FED": 5757, "GENRE_TXT": "b\u00e2timent"}}, {"type": "Feature", "id": 46370239, "geometry": {"type": "Polygon", "coordinates": [[[2530968.424, 1174891.357], [2530979.309, 1174897.587], [2530979.071, 1174898.004], [2530967.638, 1174917.9070000001], [2530956.759, 1174911.684], [2530968.424, 1174891.357]]]}, "properties": {"OBJECTID": 46370239, "EGID": 280080207, "NO_COM_FED": 5757, "GENRE_TXT": "b\u00e2timent"}}, {"type": "Feature", "id": 46370278, "geometry": {"type": "Polygon", "coordinates": [[[2531055.94, 1176251.938], [2531057.88, 1176259.398], [2531056.91, 1176259.648], [2531056.94, 1176259.758], [2531049.73, 1176261.638], [2531047.78, 1176254.178], [2531049.25, 1176253.818], [2531049.22, 1176253.698], [2531055.94, 1176251.938]]]}, "properties": {"OBJECTID": 46370278, "EGID": 818336, "NO_COM_FED": 5757, "GENRE_TXT": "b\u00e2timent"}}, {"type": "Feature", "id": 46370309, "geometry": {"type": "Polygon", "coordinates": [[[2530711.007, 1175157.015], [2530709.597, 1175152.675], [2530708.297, 1175147.675], [2530729.237, 1175143.615], [2530734.567, 1175142.584], [2530734.657, 1175143.304], [2530735.567, 1175147.454], [2530730.257, 1175148.685], [2530730.537, 1175150.275], [2530728.627, 1175150.305], [2530729.367, 1175152.685], [2530721.867, 1175154.895], [2530711.007, 1175157.015]]]}, "properties": {"OBJECTID": 46370309, "EGID": 818541, "NO_COM_FED": 5757, "GENRE_TXT": "b\u00e2timent"}}, {"type": "Feature", "id": 46370438, "geometry": {"type": "Polygon", "coordinates": [[[2530132.293, 1174800.856], [2530129.102, 1174795.334], [2530133.408, 1174792.9070000001], [2530129.571, 1174786.099], [2530138.006, 1174781.329], [2530144.549, 1174792.923], [2530137.437, 1174796.973], [2530137.857, 1174797.71], [2530132.293, 1174800.856]]]}, "properties": {"OBJECTID": 46370438, "EGID": 818830, "NO_COM_FED": 5757, "GENRE_TXT": "b\u00e2timent"}}, {"type": "Feature", "id": 46370565, "geometry": {"type": "Polygon", "coordinates": [[[2530731.011, 1175778.292], [2530741.405, 1175783.873], [2530736.875, 1175792.284], [2530733.755, 1175790.604], [2530733.475, 1175791.134], [2530728.105, 1175788.244], [2530728.385, 1175787.724], [2530724.995, 1175785.894], [2530725.155, 1175785.604], [2530725.825, 1175785.964], [2530730.045, 1175778.134], [2530729.375, 1175777.774], [2530729.525, 1175777.494], [2530731.011, 1175778.292]]]}, "properties": {"OBJECTID": 46370565, "EGID": 818288, "NO_COM_FED": 5757, "GENRE_TXT": "b\u00e2timent"}}, {"type": "Feature", "id": 46370780, "geometry": {"type": "Polygon", "coordinates": [[[2530376.508, 1174420.048], [2530380.396, 1174418.889], [2530381.282, 1174421.818], [2530377.393, 1174422.964], [2530376.508, 1174420.048]]]}, "properties": {"OBJECTID": 46370780, "EGID": 280072164, "NO_COM_FED": 5757, "GENRE_TXT": "b\u00e2timent"}}, {"type": "Feature", "id": 46370868, "geometry": {"type": "Polygon", "coordinates": [[[2530418.247, 1176182.627], [2530424.149, 1176184.984], [2530422.599, 1176188.785], [2530431.448, 1176192.297], [2530435.019, 1176193.714], [2530436.679, 1176189.504], [2530447.999, 1176194.044], [2530444.949, 1176201.744], [2530447.089, 1176202.624], [2530443.349, 1176212.044], [2530430.159, 1176206.775], [2530428.239, 1176211.425], [2530404.119, 1176201.755], [2530405.979, 1176197.125], [2530391.149, 1176191.205], [2530396.558, 1176177.695], [2530400.278, 1176179.135], [2530401.538, 1176175.955], [2530405.976, 1176177.7280000001], [2530418.247, 1176182.627]]]}, "properties": {"OBJECTID": 46370868, "EGID": 280000824, "NO_COM_FED": 5757, "GENRE_TXT": "b\u00e2timent"}}, {"type": "Feature", "id": 46371088, "geometry": {"type": "Polygon", "coordinates": [[[2530875.5609999998, 1176365.564], [2530874.861, 1176367.344], [2530872.451, 1176366.474], [2530872.981, 1176364.614], [2530875.5609999998, 1176365.564]]]}, "properties": {"OBJECTID": 46371088, "EGID": 280112948, "NO_COM_FED": 5757, "GENRE_TXT": "b\u00e2timent"}}, {"type": "Feature", "id": 46371207, "geometry": {"type": "Polygon", "coordinates": [[[2530984.2, 1175350.696], [2530973.15, 1175355.446], [2530972.53, 1175355.716], [2530968.87, 1175347.087], [2530969.24, 1175346.927], [2530966.43, 1175340.347], [2530966.06, 1175340.517], [2530962.43, 1175331.957], [2530974.73, 1175326.716], [2530978.37, 1175335.286], [2530978.01, 1175335.446], [2530980.8, 1175342.016], [2530981.18, 1175341.846], [2530984.81, 1175350.436], [2530984.2, 1175350.696]]]}, "properties": {"OBJECTID": 46371207, "EGID": 818408, "NO_COM_FED": 5757, "GENRE_TXT": "b\u00e2timent"}}, {"type": "Feature", "id": 46371299, "geometry": {"type": "Polygon", "coordinates": [[[2531074.589, 1176142.436], [2531069.269, 1176143.796], [2531068.569, 1176141.086], [2531073.889, 1176139.726], [2531074.589, 1176142.436]]]}, "properties": {"OBJECTID": 46371299, "EGID": 280048367, "NO_COM_FED": 5757, "GENRE_TXT": "b\u00e2timent"}}, {"type": "Feature", "id": 46371474, "geometry": {"type": "Polygon", "coordinates": [[[2530858.75, 1176249.243], [2530858.09, 1176245.473], [2530859.06, 1176245.293], [2530858.34, 1176241.163], [2530871.71, 1176238.823], [2530873.11, 1176246.723], [2530858.75, 1176249.243]]]}, "properties": {"OBJECTID": 46371474, "EGID": 818203, "NO_COM_FED": 5757, "GENRE_TXT": "b\u00e2timent"}}, {"type": "Feature", "id": 46371488, "geometry": {"type": "Polygon", "coordinates": [[[2530789.33, 1175341.7719999999], [2530797.67, 1175340.132], [2530799.51, 1175349.852], [2530791.16, 1175351.442], [2530790.62, 1175348.652], [2530790.11, 1175348.752], [2530789.4, 1175344.922], [2530789.89, 1175344.822], [2530789.33, 1175341.7719999999]]]}, "properties": {"OBJECTID": 46371488, "EGID": 818532, "NO_COM_FED": 5757, "GENRE_TXT": "b\u00e2timent"}}, {"type": "Feature", "id": 46371573, "geometry": {"type": "Polygon", "coordinates": [[[2530631.056, 1175036.768], [2530629.396, 1175040.868], [2530624.356, 1175038.808], [2530625.946, 1175034.448], [2530631.056, 1175036.768]]]}, "properties": {"OBJECTID": 46371573, "EGID": 280034540, "NO_COM_FED": 5757, "GENRE_TXT": "b\u00e2timent"}}, {"type": "Feature", "id": 46371715, "geometry": {"type": "Polygon", "coordinates": [[[2531016.083, 1176046.956], [2531016.127, 1176047.248], [2531000.894, 1176049.537], [2530996.474, 1176020.203], [2531011.505, 1176017.94], [2531011.729, 1176017.906], [2531016.083, 1176046.956]]]}, "properties": {"OBJECTID": 46371715, "EGID": 818311, "NO_COM_FED": 5757, "GENRE_TXT": "b\u00e2timent"}}, {"type": "Feature", "id": 46372009, "geometry": {"type": "Polygon", "coordinates": [[[2530765.16, 1174387.881], [2530761.801, 1174387.503], [2530762.47, 1174381.505], [2530765.903, 1174381.892], [2530766.304, 1174378.33], [2530765.709, 1174378.263], [2530766.299, 1174373.024], [2530775.486, 1174374.056], [2530774.908, 1174378.922], [2530776.308, 1174379.088], [2530775.798, 1174383.459], [2530774.807, 1174383.3429999999], [2530773.913, 1174391.005], [2530767.543, 1174390.31], [2530767.775, 1174388.175], [2530765.16, 1174387.881]]]}, "properties": {"OBJECTID": 46372009, "EGID": 818767, "NO_COM_FED": 5757, "GENRE_TXT": "b\u00e2timent"}}, {"type": "Feature", "id": 46372071, "geometry": {"type": "Polygon", "coordinates": [[[2530711.813, 1176057.201], [2530713.624, 1176064.119], [2530708.448, 1176065.474], [2530706.646, 1176058.552], [2530711.813, 1176057.201]]]}, "properties": {"OBJECTID": 46372071, "EGID": 280133033, "NO_COM_FED": 5757, "GENRE_TXT": "b\u00e2timent"}}, {"type": "Feature", "id": 46372145, "geometry": {"type": "Polygon", "coordinates": [[[2530277.107, 1174725.722], [2530277.852, 1174722.198], [2530285.491, 1174723.835], [2530283.604, 1174732.638], [2530279.328, 1174731.72], [2530275.978, 1174731.001], [2530272.849, 1174730.33], [2530273.412, 1174727.687], [2530276.543, 1174728.362], [2530277.107, 1174725.722]]]}, "properties": {"OBJECTID": 46372145, "EGID": 280119422, "NO_COM_FED": 5757, "GENRE_TXT": "b\u00e2timent"}}, {"type": "Feature", "id": 46372227, "geometry": {"type": "Polygon", "coordinates": [[[2530921.092, 1175799.242], [2530925.566, 1175815.597], [2530917.376, 1175817.828], [2530914.535, 1175807.528], [2530914.295, 1175807.588], [2530913.515, 1175804.778], [2530913.765, 1175804.708], [2530910.875, 1175794.2179999999], [2530919.105, 1175791.9780000001], [2530921.092, 1175799.242]]]}, "properties": {"OBJECTID": 46372227, "EGID": 818368, "NO_COM_FED": 5757, "GENRE_TXT": "b\u00e2timent"}}, {"type": "Feature", "id": 46372240, "geometry": {"type": "Polygon", "coordinates": [[[2530799.872, 1174362.712], [2530799.66, 1174355.639], [2530807.753, 1174355.493], [2530807.992, 1174366.013], [2530799.977, 1174366.21], [2530799.872, 1174362.712]]]}, "properties": {"OBJECTID": 46372240, "EGID": 280073719, "NO_COM_FED": 5757, "GENRE_TXT": "b\u00e2timent"}}, {"type": "Feature", "id": 46372418, "geometry": {"type": "Polygon", "coordinates": [[[2530784.469, 1175312.123], [2530790.679, 1175310.967], [2530792.159, 1175310.692], [2530793.799, 1175319.442], [2530786.139, 1175320.8429999999], [2530784.469, 1175312.123]]]}, "properties": {"OBJECTID": 46372418, "EGID": 819011, "NO_COM_FED": 5757, "GENRE_TXT": "b\u00e2timent"}}, {"type": "Feature", "id": 46372496, "geometry": {"type": "Polygon", "coordinates": [[[2530890.084, 1175719.439], [2530893.524, 1175704.669], [2530896.8140000002, 1175705.308], [2530892.894, 1175722.999], [2530890.084, 1175719.439]]]}, "properties": {"OBJECTID": 46372496, "EGID": 280018816, "NO_COM_FED": 5757, "GENRE_TXT": "b\u00e2timent"}}, {"type": "Feature", "id": 46372668, "geometry": {"type": "Polygon", "coordinates": [[[2530743.365, 1174920.554], [2530744.805, 1174922.964], [2530730.245, 1174932.535], [2530730.335, 1174932.715], [2530729.845, 1174932.985], [2530726.855, 1174926.465], [2530741.395, 1174917.434], [2530743.365, 1174920.554]]]}, "properties": {"OBJECTID": 46372668, "EGID": 818852, "NO_COM_FED": 5757, "GENRE_TXT": "b\u00e2timent"}}, {"type": "Feature", "id": 46372694, "geometry": {"type": "Polygon", "coordinates": [[[2530939.739, 1176122.588], [2530927.398, 1176125.498], [2530922.825, 1176116.964], [2530921.005, 1176109.152], [2530933.557, 1176106.23], [2530937.749, 1176114.047], [2530938.447, 1176117.037], [2530939.739, 1176122.588]]]}, "properties": {"OBJECTID": 46372694, "EGID": 280101536, "NO_COM_FED": 5757, "GENRE_TXT": "b\u00e2timent"}}, {"type": "Feature", "id": 46372697, "geometry": {"type": "Polygon", "coordinates": [[[2530913.8310000002, 1174573.892], [2530913.461, 1174578.041], [2530907.051, 1174577.292], [2530907.451, 1174573.352], [2530913.8310000002, 1174573.892]]]}, "properties": {"OBJECTID": 46372697, "EGID": 280035051, "NO_COM_FED": 5757, "GENRE_TXT": "b\u00e2timent"}}, {"type": "Feature", "id": 46372776, "geometry": {"type": "Polygon", "coordinates": [[[2530926.38, 1176278.072], [2530919.51, 1176282.992], [2530915.05, 1176276.572], [2530921.99, 1176271.752], [2530926.38, 1176278.072]]]}, "properties": {"OBJECTID": 46372776, "EGID": 818133, "NO_COM_FED": 5757, "GENRE_TXT": "b\u00e2timent"}}, {"type": "Feature", "id": 46372820, "geometry": {"type": "Polygon", "coordinates": [[[2531087.54, 1176242.857], [2531085.09, 1176233.227], [2531086.83, 1176232.797], [2531086.8, 1176232.677], [2531095.26, 1176230.466], [2531097.72, 1176240.076], [2531096.01, 1176240.507], [2531096.04, 1176240.627], [2531087.54, 1176242.857]]]}, "properties": {"OBJECTID": 46372820, "EGID": 818332, "NO_COM_FED": 5757, "GENRE_TXT": "b\u00e2timent"}}, {"type": "Feature", "id": 46372823, "geometry": {"type": "Polygon", "coordinates": [[[2530820.534, 1176319.264], [2530821.24, 1176323.455], [2530813.35, 1176324.755], [2530811.53, 1176313.915], [2530817.94, 1176312.865], [2530818.93, 1176318.775], [2530820.41, 1176318.525], [2530820.534, 1176319.264]]]}, "properties": {"OBJECTID": 46372823, "EGID": 818208, "NO_COM_FED": 5757, "GENRE_TXT": "b\u00e2timent"}}, {"type": "Feature", "id": 46373056, "geometry": {"type": "Polygon", "coordinates": [[[2530274.256, 1176073.358], [2530243.435, 1176077.885], [2530241.259, 1176062.8530000001], [2530272.062, 1176058.338], [2530274.256, 1176073.358]]]}, "properties": {"OBJECTID": 46373056, "EGID": 280060658, "NO_COM_FED": 5757, "GENRE_TXT": "b\u00e2timent"}}, {"type": "Feature", "id": 46373070, "geometry": {"type": "Polygon", "coordinates": [[[2530674.458, 1175232.936], [2530672.828, 1175232.866], [2530672.488, 1175225.906], [2530676.448, 1175225.876], [2530690.838, 1175225.756], [2530690.198, 1175232.266], [2530686.828, 1175232.416], [2530676.198, 1175232.596], [2530674.488, 1175232.476], [2530674.458, 1175232.936]]]}, "properties": {"OBJECTID": 46373070, "EGID": 818549, "NO_COM_FED": 5757, "GENRE_TXT": "b\u00e2timent"}}, {"type": "Feature", "id": 46373172, "geometry": {"type": "Polygon", "coordinates": [[[2530714.239, 1175279.075], [2530711.809, 1175277.585], [2530717.389, 1175268.345], [2530721.219, 1175268.615], [2530721.239, 1175268.195], [2530726.209, 1175268.235], [2530727.6689999998, 1175267.824], [2530727.869, 1175265.534], [2530724.629, 1175264.515], [2530727.209, 1175259.614], [2530736.489, 1175262.284], [2530735.089, 1175268.454], [2530733.299, 1175278.694], [2530731.6890000002, 1175278.374], [2530721.639, 1175278.435], [2530714.429, 1175278.365], [2530714.239, 1175279.075]]]}, "properties": {"OBJECTID": 46373172, "EGID": 818501, "NO_COM_FED": 5757, "GENRE_TXT": "b\u00e2timent"}}, {"type": "Feature", "id": 46373289, "geometry": {"type": "Polygon", "coordinates": [[[2530871.477, 1174413.381], [2530871.624, 1174407.67], [2530877.592, 1174407.819], [2530877.453, 1174413.537], [2530871.477, 1174413.381]]]}, "properties": {"OBJECTID": 46373289, "EGID": 280132989, "NO_COM_FED": 5757, "GENRE_TXT": "b\u00e2timent"}}, {"type": "Feature", "id": 46373299, "geometry": {"type": "Polygon", "coordinates": [[[2531189.841, 1174678.213], [2531173.912, 1174679.95], [2531163.209, 1174580.07], [2531171.558, 1174579.197], [2531173.673, 1174598.956], [2531181.243, 1174598.146], [2531189.841, 1174678.213]]]}, "properties": {"OBJECTID": 46373299, "EGID": 280121969, "NO_COM_FED": 5757, "GENRE_TXT": "b\u00e2timent"}}, {"type": "Feature", "id": 46373418, "geometry": {"type": "Polygon", "coordinates": [[[2530697.59, 1175395.675], [2530697.73, 1175409.855], [2530679.06, 1175410.176], [2530678.91, 1175397.226], [2530678.9, 1175396.546], [2530679.61, 1175396.516], [2530697.59, 1175395.675]]]}, "properties": {"OBJECTID": 46373418, "EGID": 190093076, "NO_COM_FED": 5757, "GENRE_TXT": "b\u00e2timent"}}, {"type": "Feature", "id": 46373422, "geometry": {"type": "Polygon", "coordinates": [[[2530294.479, 1174443.644], [2530282.266, 1174447.2820000001], [2530275.893, 1174425.908], [2530288.111, 1174422.285], [2530294.479, 1174443.644]]]}, "properties": {"OBJECTID": 46373422, "EGID": 280076367, "NO_COM_FED": 5757, "GENRE_TXT": "b\u00e2timent"}}, {"type": "Feature", "id": 46373496, "geometry": {"type": "Polygon", "coordinates": [[[2530742.405, 1174961.944], [2530747.765, 1174967.464], [2530748.525, 1174972.634], [2530746.405, 1174977.874], [2530736.975, 1174965.965], [2530742.405, 1174961.944]]]}, "properties": {"OBJECTID": 46373496, "EGID": 818693, "NO_COM_FED": 5757, "GENRE_TXT": "b\u00e2timent"}}, {"type": "Feature", "id": 46373511, "geometry": {"type": "Polygon", "coordinates": [[[2531409.38, 1175206.044], [2531408.34, 1175207.194], [2531406.65, 1175205.574], [2531407.68, 1175204.464], [2531409.38, 1175206.044]]]}, "properties": {"OBJECTID": 46373511, "EGID": 280096867, "NO_COM_FED": 5757, "GENRE_TXT": "b\u00e2timent"}}, {"type": "Feature", "id": 46373557, "geometry": {"type": "Polygon", "coordinates": [[[2530870.874, 1174405.197], [2530870.869, 1174405.356], [2530862.623, 1174405.137], [2530862.618, 1174405.302], [2530861.807, 1174405.281], [2530862.033, 1174397.027], [2530862.038, 1174396.852], [2530870.317, 1174397.097], [2530870.322, 1174396.922], [2530871.117, 1174396.956], [2530870.916, 1174403.77], [2530870.874, 1174405.197]]]}, "properties": {"OBJECTID": 46373557, "EGID": 280102384, "NO_COM_FED": 5757, "GENRE_TXT": "b\u00e2timent"}}, {"type": "Feature", "id": 46373696, "geometry": {"type": "Polygon", "coordinates": [[[2532302.29, 1174476.719], [2532304.43, 1174474.789], [2532303.59, 1174473.869], [2532307.02, 1174470.539], [2532311.021, 1174474.839], [2532311.571, 1174474.379], [2532312.451, 1174475.359], [2532311.961, 1174475.809], [2532312.711, 1174476.689], [2532315.281, 1174474.369], [2532314.891, 1174473.899], [2532319.731, 1174469.499], [2532324.771, 1174475.189], [2532319.921, 1174479.619], [2532317.911, 1174477.429], [2532309.971, 1174484.589], [2532302.29, 1174476.719]]]}, "properties": {"OBJECTID": 46373696, "EGID": 818893, "NO_COM_FED": 5757, "GENRE_TXT": "b\u00e2timent"}}, {"type": "Feature", "id": 46373765, "geometry": {"type": "Polygon", "coordinates": [[[2531679.177, 1176471.744], [2531682.941, 1176471.211], [2531683.611, 1176471.108], [2531686.341, 1176491.072], [2531618.252, 1176500.315], [2531615.5609999998, 1176480.613], [2531658.85, 1176474.524], [2531653.533, 1176435.773], [2531667.624, 1176433.847], [2531673.371, 1176433.061], [2531678.699, 1176471.81], [2531679.177, 1176471.744]]]}, "properties": {"OBJECTID": 46373765, "EGID": 280096295, "NO_COM_FED": 5757, "GENRE_TXT": "b\u00e2timent"}}, {"type": "Feature", "id": 46373817, "geometry": {"type": "Polygon", "coordinates": [[[2530748.826, 1175008.904], [2530754.226, 1175005.224], [2530759.866, 1175012.564], [2530755.886, 1175015.944], [2530752.626, 1175011.664], [2530751.196, 1175012.404], [2530749.446, 1175009.914], [2530748.826, 1175008.904]]]}, "properties": {"OBJECTID": 46373817, "EGID": 818656, "NO_COM_FED": 5757, "GENRE_TXT": "b\u00e2timent"}}, {"type": "Feature", "id": 46373877, "geometry": {"type": "Polygon", "coordinates": [[[2530654.381, 1174419.775], [2530656.014, 1174423.997], [2530646.192, 1174427.844], [2530642.124, 1174417.427], [2530650.938, 1174413.99], [2530653.358, 1174420.175], [2530654.381, 1174419.775]]]}, "properties": {"OBJECTID": 46373877, "EGID": 818784, "NO_COM_FED": 5757, "GENRE_TXT": "b\u00e2timent"}}, {"type": "Feature", "id": 46373916, "geometry": {"type": "Polygon", "coordinates": [[[2530832.146, 1174965.7719999999], [2530828.803, 1174960.793], [2530833.735, 1174957.482], [2530837.082, 1174962.453], [2530832.146, 1174965.7719999999]]]}, "properties": {"OBJECTID": 46373916, "EGID": 280093738, "NO_COM_FED": 5757, "GENRE_TXT": "b\u00e2timent"}}, {"type": "Feature", "id": 46374020, "geometry": {"type": "Polygon", "coordinates": [[[2530733.838, 1175204.314], [2530730.458, 1175200.364], [2530748.758, 1175189.614], [2530748.618, 1175189.344], [2530750.808, 1175188.274], [2530751.058, 1175188.754], [2530752.998, 1175192.554], [2530749.778, 1175194.064], [2530750.338, 1175195.184], [2530749.468, 1175195.694], [2530748.728, 1175194.174], [2530733.838, 1175204.314]]]}, "properties": {"OBJECTID": 46374020, "EGID": 818512, "NO_COM_FED": 5757, "GENRE_TXT": "b\u00e2timent"}}, {"type": "Feature", "id": 46374114, "geometry": {"type": "Polygon", "coordinates": [[[2530916.822, 1174179.686], [2530915.658, 1174186.91], [2530909.393, 1174185.915], [2530911.022, 1174175.846], [2530914.19, 1174176.356], [2530913.889, 1174178.222], [2530914.688, 1174178.35], [2530914.533, 1174179.317], [2530916.822, 1174179.686]]]}, "properties": {"OBJECTID": 46374114, "EGID": 280068128, "NO_COM_FED": 5757, "GENRE_TXT": "b\u00e2timent"}}, {"type": "Feature", "id": 46374153, "geometry": {"type": "Polygon", "coordinates": [[[2530639.949, 1175273.957], [2530638.608, 1175264.287], [2530636.778, 1175264.717], [2530635.618, 1175255.727], [2530651.418, 1175253.357], [2530652.548, 1175261.597], [2530651.198, 1175261.797], [2530652.4390000002, 1175271.307], [2530639.949, 1175273.957]]]}, "properties": {"OBJECTID": 46374153, "EGID": 818949, "NO_COM_FED": 5757, "GENRE_TXT": "b\u00e2timent"}}, {"type": "Feature", "id": 46374211, "geometry": {"type": "Polygon", "coordinates": [[[2530919.709, 1175220.868], [2530931.199, 1175219.398], [2530933.859, 1175240.108], [2530932.449, 1175240.258], [2530923.699, 1175241.418], [2530922.349, 1175241.588], [2530919.709, 1175220.868]]]}, "properties": {"OBJECTID": 46374211, "EGID": 818403, "NO_COM_FED": 5757, "GENRE_TXT": "b\u00e2timent"}}, {"type": "Feature", "id": 46374240, "geometry": {"type": "Polygon", "coordinates": [[[2530764.0439999998, 1174883.634], [2530768.484, 1174881.924], [2530770.104, 1174886.484], [2530766.074, 1174887.944], [2530765.214, 1174885.894], [2530764.0439999998, 1174883.634]]]}, "properties": {"OBJECTID": 46374240, "EGID": 280039516, "NO_COM_FED": 5757, "GENRE_TXT": "b\u00e2timent"}}, {"type": "Feature", "id": 46374606, "geometry": {"type": "Polygon", "coordinates": [[[2530895.167, 1175127.519], [2530904.628, 1175141.079], [2530897.188, 1175146.219], [2530893.498, 1175140.969], [2530893.228, 1175141.159], [2530891.018, 1175138.039], [2530891.308, 1175137.819], [2530887.697, 1175132.649], [2530895.167, 1175127.519]]]}, "properties": {"OBJECTID": 46374606, "EGID": 818427, "NO_COM_FED": 5757, "GENRE_TXT": "b\u00e2timent"}}, {"type": "Feature", "id": 46374731, "geometry": {"type": "Polygon", "coordinates": [[[2530817.34, 1174654.304], [2530817.985, 1174650.161], [2530825.548, 1174651.34], [2530824.846, 1174655.848], [2530823.126, 1174655.58], [2530821.932, 1174663.242], [2530819.782, 1174662.922], [2530819.602, 1174664.242], [2530817.072, 1174663.842], [2530817.242, 1174662.512], [2530814.202, 1174662.002], [2530815.402, 1174654.002], [2530817.34, 1174654.304]]]}, "properties": {"OBJECTID": 46374731, "EGID": 818739, "NO_COM_FED": 5757, "GENRE_TXT": "b\u00e2timent"}}, {"type": "Feature", "id": 46374860, "geometry": {"type": "Polygon", "coordinates": [[[2530038.184, 1175790.649], [2530043.604, 1175791.559], [2530043.104, 1175794.529], [2530037.784, 1175793.619], [2530038.184, 1175790.649]]]}, "properties": {"OBJECTID": 46374860, "EGID": 280046940, "NO_COM_FED": 5757, "GENRE_TXT": "b\u00e2timent"}}, {"type": "Feature", "id": 46375007, "geometry": {"type": "Polygon", "coordinates": [[[2530639.69, 1174376.82], [2530639.23, 1174378.79], [2530634.826, 1174377.696], [2530635.319, 1174375.727], [2530639.69, 1174376.82]]]}, "properties": {"OBJECTID": 46375007, "EGID": 280117723, "NO_COM_FED": 5757, "GENRE_TXT": "b\u00e2timent"}}, {"type": "Feature", "id": 46375121, "geometry": {"type": "Polygon", "coordinates": [[[2530713.987, 1175166.885], [2530722.117, 1175163.905], [2530722.007, 1175163.565], [2530724.987, 1175162.485], [2530725.117, 1175162.795], [2530733.047, 1175159.464], [2530733.187, 1175159.774], [2530735.357, 1175158.744], [2530737.167, 1175162.614], [2530736.917, 1175162.744], [2530737.207, 1175163.394], [2530715.738, 1175172.345], [2530715.598, 1175171.935], [2530715.748, 1175171.875], [2530713.987, 1175166.885]]]}, "properties": {"OBJECTID": 46375121, "EGID": 818510, "NO_COM_FED": 5757, "GENRE_TXT": "b\u00e2timent"}}, {"type": "Feature", "id": 46375125, "geometry": {"type": "Polygon", "coordinates": [[[2530364.042, 1174416.586], [2530365.467, 1174421.373], [2530353.266, 1174425.006], [2530351.843, 1174420.219], [2530364.042, 1174416.586]]]}, "properties": {"OBJECTID": 46375125, "EGID": 3163920, "NO_COM_FED": 5757, "GENRE_TXT": "b\u00e2timent"}}, {"type": "Feature", "id": 46375238, "geometry": {"type": "Polygon", "coordinates": [[[2530421.354, 1174884.938], [2530423.7, 1174888.195], [2530420.217, 1174890.6469999999], [2530415.63, 1174884.152], [2530419.06, 1174881.752], [2530421.354, 1174884.938]]]}, "properties": {"OBJECTID": 46375238, "EGID": 280069755, "NO_COM_FED": 5757, "GENRE_TXT": "b\u00e2timent"}}, {"type": "Feature", "id": 46375291, "geometry": {"type": "Polygon", "coordinates": [[[2530856.358, 1176080.7820000001], [2530864.668, 1176078.981], [2530865.698, 1176083.771], [2530861.988, 1176084.591], [2530862.288, 1176085.931], [2530857.698, 1176086.922], [2530856.358, 1176080.7820000001]]]}, "properties": {"OBJECTID": 46375291, "EGID": 818234, "NO_COM_FED": 5757, "GENRE_TXT": "b\u00e2timent"}}, {"type": "Feature", "id": 46375380, "geometry": {"type": "Polygon", "coordinates": [[[2531450.511, 1175040.689], [2531453.141, 1175043.144], [2531455.175, 1175040.964], [2531456.941, 1175042.612], [2531446.556, 1175053.774], [2531442.151, 1175049.642], [2531450.511, 1175040.689]]]}, "properties": {"OBJECTID": 46375380, "EGID": 280106400, "NO_COM_FED": 5757, "GENRE_TXT": "b\u00e2timent"}}, {"type": "Feature", "id": 46375440, "geometry": {"type": "Polygon", "coordinates": [[[2530514.257, 1174540.535], [2530503.835, 1174541.467], [2530499.998, 1174541.81], [2530499.402, 1174535.215], [2530513.672, 1174533.935], [2530514.257, 1174540.535]]]}, "properties": {"OBJECTID": 46375440, "EGID": 190069373, "NO_COM_FED": 5757, "GENRE_TXT": "b\u00e2timent"}}, {"type": "Feature", "id": 46375481, "geometry": {"type": "Polygon", "coordinates": [[[2530593.906, 1175045.339], [2530588.476, 1175043.359], [2530591.376, 1175037.389], [2530596.826, 1175039.309], [2530593.906, 1175045.339]]]}, "properties": {"OBJECTID": 46375481, "EGID": 280003812, "NO_COM_FED": 5757, "GENRE_TXT": "b\u00e2timent"}}, {"type": "Feature", "id": 46375530, "geometry": {"type": "Polygon", "coordinates": [[[2530928.595, 1175761.817], [2530927.825, 1175759.247], [2530932.475, 1175757.867], [2530933.245, 1175760.427], [2530928.595, 1175761.817]]]}, "properties": {"OBJECTID": 46375530, "EGID": 280050364, "NO_COM_FED": 5757, "GENRE_TXT": "b\u00e2timent"}}, {"type": "Feature", "id": 46375684, "geometry": {"type": "Polygon", "coordinates": [[[2530268.254, 1175807.109], [2530276.5640000002, 1175809.568], [2530273.754, 1175819.148], [2530260.384, 1175815.199], [2530262.594, 1175807.529], [2530267.674, 1175809.039], [2530268.254, 1175807.109]]]}, "properties": {"OBJECTID": 46375684, "EGID": 818123, "NO_COM_FED": 5757, "GENRE_TXT": "b\u00e2timent"}}, {"type": "Feature", "id": 46375759, "geometry": {"type": "Polygon", "coordinates": [[[2530751.782, 1174582.106], [2530751.795, 1174580.333], [2530751.816, 1174577.421], [2530764.034, 1174577.505], [2530763.97, 1174586.554], [2530756.87, 1174586.493], [2530755.15, 1174586.4780000001], [2530751.754, 1174586.45], [2530751.751, 1174586.009], [2530750.7939999998, 1174585.641], [2530750.829, 1174582.633], [2530751.781, 1174582.3], [2530751.782, 1174582.106]]]}, "properties": {"OBJECTID": 46375759, "EGID": 3163895, "NO_COM_FED": 5757, "GENRE_TXT": "b\u00e2timent"}}, {"type": "Feature", "id": 46375989, "geometry": {"type": "Polygon", "coordinates": [[[2530992.965, 1174862.046], [2531013.545, 1174877.106], [2531009.265, 1174874.136], [2531005.285, 1174879.886], [2531006.735, 1174881.066], [2531004.295, 1174884.146], [2531005.455, 1174885.076], [2530996.275, 1174896.086], [2530995.115, 1174895.236], [2530993.945, 1174896.066], [2530980.725, 1174882.4070000001], [2530992.965, 1174862.046]]]}, "properties": {"OBJECTID": 46375989, "EGID": 818711, "NO_COM_FED": 5757, "GENRE_TXT": "b\u00e2timent"}}, {"type": "Feature", "id": 46376069, "geometry": {"type": "Polygon", "coordinates": [[[2530977.609, 1176181.639], [2530971.819, 1176182.899], [2530971.219, 1176180.089], [2530977.009, 1176178.849], [2530977.609, 1176181.639]]]}, "properties": {"OBJECTID": 46376069, "EGID": 280045447, "NO_COM_FED": 5757, "GENRE_TXT": "b\u00e2timent"}}, {"type": "Feature", "id": 46376252, "geometry": {"type": "Polygon", "coordinates": [[[2530674.942, 1176535.331], [2530671.912, 1176526.361], [2530689.342, 1176520.48], [2530692.362, 1176529.45], [2530674.942, 1176535.331]]]}, "properties": {"OBJECTID": 46376252, "EGID": 280008487, "NO_COM_FED": 5757, "GENRE_TXT": "b\u00e2timent"}}, {"type": "Feature", "id": 46376331, "geometry": {"type": "Polygon", "coordinates": [[[2530602.715, 1175831.7179999999], [2530603.325, 1175834.618], [2530600.535, 1175835.198], [2530595.985, 1175836.148], [2530593.735, 1175825.398], [2530601.065, 1175823.858], [2530601.695, 1175826.778], [2530602.715, 1175831.7179999999]]]}, "properties": {"OBJECTID": 46376331, "EGID": 190090881, "NO_COM_FED": 5757, "GENRE_TXT": "b\u00e2timent"}}, {"type": "Feature", "id": 46376407, "geometry": {"type": "Polygon", "coordinates": [[[2530978.16, 1176268.23], [2530973.14, 1176262.21], [2530977.1, 1176259.2], [2530979.78, 1176256.96], [2530984.82, 1176262.97], [2530978.16, 1176268.23]]]}, "properties": {"OBJECTID": 46376407, "EGID": 818277, "NO_COM_FED": 5757, "GENRE_TXT": "b\u00e2timent"}}, {"type": "Feature", "id": 46376680, "geometry": {"type": "Polygon", "coordinates": [[[2530686.618, 1174587.675], [2530683.364, 1174596.288], [2530680.573, 1174595.197], [2530683.762, 1174586.632], [2530686.618, 1174587.675]]]}, "properties": {"OBJECTID": 46376680, "EGID": 280072971, "NO_COM_FED": 5757, "GENRE_TXT": "b\u00e2timent"}}, {"type": "Feature", "id": 46376753, "geometry": {"type": "Polygon", "coordinates": [[[2530940.9189999998, 1176396.068], [2530944.889, 1176395.643], [2530945.173, 1176398.308], [2530941.224, 1176398.756], [2530940.9189999998, 1176396.068]]]}, "properties": {"OBJECTID": 46376753, "EGID": 280110050, "NO_COM_FED": 5757, "GENRE_TXT": "b\u00e2timent"}}, {"type": "Feature", "id": 46376921, "geometry": {"type": "Polygon", "coordinates": [[[2530833.595, 1176458.88], [2530832.972, 1176462.476], [2530823.822, 1176460.876], [2530826.432, 1176445.836], [2530835.582, 1176447.416], [2530833.595, 1176458.88]]]}, "properties": {"OBJECTID": 46376921, "EGID": 818186, "NO_COM_FED": 5757, "GENRE_TXT": "b\u00e2timent"}}, {"type": "Feature", "id": 46376922, "geometry": {"type": "Polygon", "coordinates": [[[2530725.7060000002, 1175016.635], [2530724.276, 1175015.515], [2530720.106, 1175008.535], [2530723.646, 1175006.145], [2530726.926, 1175010.795], [2530727.986, 1175011.505], [2530725.7060000002, 1175016.635]]]}, "properties": {"OBJECTID": 46376922, "EGID": 818680, "NO_COM_FED": 5757, "GENRE_TXT": "b\u00e2timent"}}, {"type": "Feature", "id": 46377244, "geometry": {"type": "Polygon", "coordinates": [[[2530761.379, 1175477.876], [2530762.116, 1175477.83], [2530762.125, 1175477.979], [2530765.305, 1175477.78], [2530765.399, 1175479.393], [2530761.483, 1175479.648], [2530761.379, 1175477.876]]]}, "properties": {"OBJECTID": 46377244, "EGID": 280139695, "NO_COM_FED": 5757, "GENRE_TXT": "b\u00e2timent"}}, {"type": "Feature", "id": 46377454, "geometry": {"type": "Polygon", "coordinates": [[[2530922.994, 1176684.445], [2530924.634, 1176678.665], [2530927.541, 1176679.489], [2530927.952, 1176678.053], [2530932.897, 1176679.4679999999], [2530931.934, 1176682.835], [2530934.204, 1176683.485], [2530932.524, 1176689.355], [2530932.824, 1176689.445], [2530930.974, 1176695.875], [2530923.734, 1176693.796], [2530925.874, 1176686.325], [2530925.594, 1176686.245], [2530925.874, 1176685.265], [2530922.994, 1176684.445]]]}, "properties": {"OBJECTID": 46377454, "EGID": 818167, "NO_COM_FED": 5757, "GENRE_TXT": "b\u00e2timent"}}, {"type": "Feature", "id": 46377598, "geometry": {"type": "Polygon", "coordinates": [[[2530888.734, 1174326.442], [2530885.527, 1174326.114], [2530886.01, 1174321.389], [2530889.217, 1174321.717], [2530888.734, 1174326.442]]]}, "properties": {"OBJECTID": 46377598, "EGID": 280071473, "NO_COM_FED": 5757, "GENRE_TXT": "b\u00e2timent"}}, {"type": "Feature", "id": 46377600, "geometry": {"type": "Polygon", "coordinates": [[[2530848.285, 1175811.94], [2530848.385, 1175804.99], [2530861.964, 1175805.192], [2530861.926, 1175809.301], [2530861.066, 1175809.29], [2530861.025, 1175812.13], [2530848.285, 1175811.94]]]}, "properties": {"OBJECTID": 46377600, "EGID": 818302, "NO_COM_FED": 5757, "GENRE_TXT": "b\u00e2timent"}}, {"type": "Feature", "id": 46378010, "geometry": {"type": "Polygon", "coordinates": [[[2530673.154, 1174859.767], [2530677.144, 1174859.467], [2530677.5439999998, 1174866.017], [2530672.554, 1174865.677], [2530673.154, 1174859.767]]]}, "properties": {"OBJECTID": 46378010, "EGID": 280033938, "NO_COM_FED": 5757, "GENRE_TXT": "b\u00e2timent"}}, {"type": "Feature", "id": 46378017, "geometry": {"type": "Polygon", "coordinates": [[[2530921.327, 1174223.054], [2530920.353, 1174222.938], [2530920.8, 1174218.476], [2530921.9, 1174218.606], [2530921.497, 1174221.734], [2530921.327, 1174223.054]]]}, "properties": {"OBJECTID": 46378017, "EGID": 280130227, "NO_COM_FED": 5757, "GENRE_TXT": "b\u00e2timent"}}, {"type": "Feature", "id": 46378066, "geometry": {"type": "Polygon", "coordinates": [[[2531118.156, 1174977.592], [2531115.896, 1174980.902], [2531114.246, 1174979.7719999999], [2531116.516, 1174976.462], [2531118.156, 1174977.592]]]}, "properties": {"OBJECTID": 46378066, "EGID": 280113886, "NO_COM_FED": 5757, "GENRE_TXT": "b\u00e2timent"}}, {"type": "Feature", "id": 46378117, "geometry": {"type": "Polygon", "coordinates": [[[2530035.071, 1175572.707], [2530035.0609999998, 1175575.417], [2530029.951, 1175575.3969999999], [2530029.961, 1175572.697], [2530035.071, 1175572.707]]]}, "properties": {"OBJECTID": 46378117, "EGID": 280049143, "NO_COM_FED": 5757, "GENRE_TXT": "b\u00e2timent"}}, {"type": "Feature", "id": 46378273, "geometry": {"type": "Polygon", "coordinates": [[[2530775.0640000002, 1174897.053], [2530777.624, 1174895.493], [2530779.784, 1174898.903], [2530776.874, 1174900.813], [2530774.714, 1174897.293], [2530775.0640000002, 1174897.053]]]}, "properties": {"OBJECTID": 46378273, "EGID": 280047987, "NO_COM_FED": 5757, "GENRE_TXT": "b\u00e2timent"}}, {"type": "Feature", "id": 46378340, "geometry": {"type": "Polygon", "coordinates": [[[2531336.988, 1175058.818], [2531359.488, 1175034.458], [2531394.829, 1175067.557], [2531395.049, 1175067.287], [2531401.829, 1175073.717], [2531390.629, 1175085.787], [2531390.289, 1175085.587], [2531378.679, 1175097.917], [2531336.988, 1175058.818]]]}, "properties": {"OBJECTID": 46378340, "EGID": 9029613, "NO_COM_FED": 5757, "GENRE_TXT": "b\u00e2timent"}}, {"type": "Feature", "id": 46378393, "geometry": {"type": "Polygon", "coordinates": [[[2530596.996, 1175046.469], [2530599.826, 1175047.499], [2530599.886, 1175047.309], [2530608.576, 1175050.149], [2530605.396, 1175059.359], [2530596.726, 1175056.439], [2530599.236, 1175049.069], [2530596.326, 1175047.979], [2530596.996, 1175046.469]]]}, "properties": {"OBJECTID": 46378393, "EGID": 818606, "NO_COM_FED": 5757, "GENRE_TXT": "b\u00e2timent"}}, {"type": "Feature", "id": 46379134, "geometry": {"type": "Polygon", "coordinates": [[[2530707.886, 1175003.185], [2530703.665, 1174995.756], [2530700.385, 1174988.926], [2530712.525, 1174982.435], [2530715.465, 1174981.375], [2530716.535, 1174981.505], [2530718.025, 1174983.135], [2530719.405, 1174981.965], [2530722.475, 1174985.255], [2530722.585, 1174985.175], [2530726.185, 1174989.325], [2530720.965, 1174994.335], [2530717.745, 1174996.365], [2530717.915, 1174996.675], [2530707.886, 1175003.185]]]}, "properties": {"OBJECTID": 46379134, "EGID": 818700, "NO_COM_FED": 5757, "GENRE_TXT": "b\u00e2timent"}}, {"type": "Feature", "id": 46379161, "geometry": {"type": "Polygon", "coordinates": [[[2531340.834, 1174553.418], [2531341.2939999998, 1174555.118], [2531347.194, 1174553.777], [2531349.154, 1174562.117], [2531337.474, 1174564.807], [2531335.504, 1174556.4679999999], [2531335.824, 1174556.398], [2531335.334, 1174554.688], [2531340.834, 1174553.418]]]}, "properties": {"OBJECTID": 46379161, "EGID": 818480, "NO_COM_FED": 5757, "GENRE_TXT": "b\u00e2timent"}}, {"type": "Feature", "id": 46379289, "geometry": {"type": "Polygon", "coordinates": [[[2530885.177, 1176561.295], [2530880.213, 1176562.255], [2530878.363, 1176552.525], [2530876.463, 1176552.935], [2530875.703, 1176548.975], [2530878.673, 1176548.395], [2530879.323, 1176552.215], [2530892.093, 1176549.825], [2530892.426, 1176551.564], [2530893.963, 1176559.595], [2530885.177, 1176561.295]]]}, "properties": {"OBJECTID": 46379289, "EGID": 818157, "NO_COM_FED": 5757, "GENRE_TXT": "b\u00e2timent"}}, {"type": "Feature", "id": 46379332, "geometry": {"type": "Polygon", "coordinates": [[[2531720.2, 1174996.095], [2531717.77, 1174986.355], [2531742.0609999998, 1174980.535], [2531744.491, 1174990.205], [2531720.2, 1174996.095]]]}, "properties": {"OBJECTID": 46379332, "EGID": 9029630, "NO_COM_FED": 5757, "GENRE_TXT": "b\u00e2timent"}}, {"type": "Feature", "id": 46379371, "geometry": {"type": "Polygon", "coordinates": [[[2530467.265, 1175846.002], [2530467.235, 1175846.652], [2530471.425, 1175846.7820000001], [2530471.335, 1175849.752], [2530465.285, 1175849.5320000001], [2530465.405, 1175845.952], [2530467.265, 1175846.002]]]}, "properties": {"OBJECTID": 46379371, "EGID": 280042895, "NO_COM_FED": 5757, "GENRE_TXT": "b\u00e2timent"}}, {"type": "Feature", "id": 46379372, "geometry": {"type": "Polygon", "coordinates": [[[2531002.148, 1175031.632], [2530997.038, 1175027.804], [2531000.949, 1175022.561], [2531006.057, 1175026.385], [2531002.148, 1175031.632]]]}, "properties": {"OBJECTID": 46379372, "EGID": 280025252, "NO_COM_FED": 5757, "GENRE_TXT": "b\u00e2timent"}}, {"type": "Feature", "id": 46379498, "geometry": {"type": "Polygon", "coordinates": [[[2530777.79, 1175364.673], [2530771.32, 1175365.663], [2530769.43, 1175355.373], [2530775.98, 1175354.203], [2530780.03, 1175352.903], [2530781.97, 1175364.183], [2530777.79, 1175364.673]]]}, "properties": {"OBJECTID": 46379498, "EGID": 280011609, "NO_COM_FED": 5757, "GENRE_TXT": "b\u00e2timent"}}, {"type": "Feature", "id": 46379555, "geometry": {"type": "Polygon", "coordinates": [[[2531232.135, 1174784.034], [2531232.825, 1174787.424], [2531227.565, 1174788.614], [2531226.805, 1174785.244], [2531232.135, 1174784.034]]]}, "properties": {"OBJECTID": 46379555, "EGID": 280042549, "NO_COM_FED": 5757, "GENRE_TXT": "b\u00e2timent"}}, {"type": "Feature", "id": 46379741, "geometry": {"type": "Polygon", "coordinates": [[[2530920.541, 1175384.848], [2530912.73, 1175367.898], [2530919.65, 1175364.778], [2530921.22, 1175369.438], [2530919.42, 1175370.278], [2530921.21, 1175374.108], [2530925.95, 1175371.888], [2530929.95, 1175380.488], [2530920.541, 1175384.848]]]}, "properties": {"OBJECTID": 46379741, "EGID": 818383, "NO_COM_FED": 5757, "GENRE_TXT": "b\u00e2timent"}}, {"type": "Feature", "id": 46379749, "geometry": {"type": "Polygon", "coordinates": [[[2530780.947, 1174288.989], [2530780.307, 1174293.046], [2530780.455, 1174293.07], [2530780.113, 1174295.236], [2530777.08, 1174294.757], [2530778.34, 1174286.467], [2530780.483, 1174286.817], [2530780.16, 1174288.865], [2530780.947, 1174288.989]]]}, "properties": {"OBJECTID": 46379749, "EGID": 280070474, "NO_COM_FED": 5757, "GENRE_TXT": "b\u00e2timent"}}, {"type": "Feature", "id": 46379924, "geometry": {"type": "Polygon", "coordinates": [[[2530686.242, 1174730.276], [2530687.882, 1174728.116], [2530688.072, 1174727.866], [2530692.622, 1174731.306], [2530690.632, 1174733.956], [2530686.052, 1174730.526], [2530686.242, 1174730.276]]]}, "properties": {"OBJECTID": 46379924, "EGID": 280043370, "NO_COM_FED": 5757, "GENRE_TXT": "b\u00e2timent"}}, {"type": "Feature", "id": 46379975, "geometry": {"type": "Polygon", "coordinates": [[[2531492.07, 1175000.568], [2531489.09, 1174997.75], [2531487.262, 1174999.683], [2531494.601, 1175006.625], [2531486.585, 1175015.174], [2531473.383, 1175002.78], [2531481.408, 1174994.217], [2531485.829, 1174998.389], [2531501.075, 1174982.236], [2531505.474, 1174986.399], [2531492.07, 1175000.568]]]}, "properties": {"OBJECTID": 46379975, "EGID": 280105660, "NO_COM_FED": 5757, "GENRE_TXT": "b\u00e2timent"}}, {"type": "Feature", "id": 46380143, "geometry": {"type": "Polygon", "coordinates": [[[2530394.975, 1174397.126], [2530382.78, 1174400.75], [2530381.318, 1174395.842], [2530393.514, 1174392.22], [2530394.975, 1174397.126]]]}, "properties": {"OBJECTID": 46380143, "EGID": 3163912, "NO_COM_FED": 5757, "GENRE_TXT": "b\u00e2timent"}}, {"type": "Feature", "id": 46380301, "geometry": {"type": "Polygon", "coordinates": [[[2530674.907, 1175109.546], [2530676.567, 1175115.296], [2530660.717, 1175118.3969999999], [2530659.677, 1175112.627], [2530674.907, 1175109.546]]]}, "properties": {"OBJECTID": 46380301, "EGID": 818623, "NO_COM_FED": 5757, "GENRE_TXT": "b\u00e2timent"}}, {"type": "Feature", "id": 46380417, "geometry": {"type": "Polygon", "coordinates": [[[2531314.254, 1174541.038], [2531321.484, 1174571.957], [2531313.094, 1174573.877], [2531305.844, 1174542.878], [2531314.254, 1174541.038]]]}, "properties": {"OBJECTID": 46380417, "EGID": 280005597, "NO_COM_FED": 5757, "GENRE_TXT": "b\u00e2timent"}}, {"type": "Feature", "id": 46380511, "geometry": {"type": "Polygon", "coordinates": [[[2531072.069, 1176154.646], [2531071.369, 1176151.926], [2531076.679, 1176150.566], [2531077.379, 1176153.276], [2531072.069, 1176154.646]]]}, "properties": {"OBJECTID": 46380511, "EGID": 280048360, "NO_COM_FED": 5757, "GENRE_TXT": "b\u00e2timent"}}, {"type": "Feature", "id": 46380760, "geometry": {"type": "Polygon", "coordinates": [[[2531506.64, 1175048.517], [2531503.35, 1175045.417], [2531512.027, 1175036.105], [2531515.322, 1175039.201], [2531506.64, 1175048.517]]]}, "properties": {"OBJECTID": 46380760, "EGID": 280083144, "NO_COM_FED": 5757, "GENRE_TXT": "b\u00e2timent"}}, {"type": "Feature", "id": 46380774, "geometry": {"type": "Polygon", "coordinates": [[[2530484.481, 1174463.419], [2530482.559, 1174463.413], [2530482.582, 1174451.469], [2530486.567, 1174451.481], [2530486.559, 1174453.997], [2530495.357, 1174454.024], [2530495.352, 1174455.783], [2530495.329, 1174463.451], [2530484.481, 1174463.419]]]}, "properties": {"OBJECTID": 46380774, "EGID": 400001066, "NO_COM_FED": 5757, "GENRE_TXT": "b\u00e2timent"}}, {"type": "Feature", "id": 46380891, "geometry": {"type": "Polygon", "coordinates": [[[2530680.051, 1176428.21], [2530676.511, 1176400.47], [2530681.671, 1176399.789], [2530685.041, 1176426.22], [2530704.961, 1176425.689], [2530704.871, 1176422.319], [2530740.893, 1176421.369], [2530742.841, 1176421.318], [2530742.961, 1176426.508], [2530680.051, 1176428.21]]]}, "properties": {"OBJECTID": 46380891, "EGID": 280003983, "NO_COM_FED": 5757, "GENRE_TXT": "b\u00e2timent"}}, {"type": "Feature", "id": 46381035, "geometry": {"type": "Polygon", "coordinates": [[[2530470.666, 1175958.452], [2530470.176, 1175955.192], [2530469.176, 1175955.342], [2530468.376, 1175949.592], [2530469.366, 1175949.462], [2530468.916, 1175946.222], [2530476.866, 1175945.102], [2530478.596, 1175957.332], [2530470.666, 1175958.452]]]}, "properties": {"OBJECTID": 46381035, "EGID": 818069, "NO_COM_FED": 5757, "GENRE_TXT": "b\u00e2timent"}}, {"type": "Feature", "id": 46381303, "geometry": {"type": "Polygon", "coordinates": [[[2530703.267, 1175117.425], [2530702.247, 1175117.655], [2530702.087, 1175116.895], [2530686.817, 1175119.816], [2530682.567, 1175109.126], [2530697.837, 1175103.016], [2530703.267, 1175117.425]]]}, "properties": {"OBJECTID": 46381303, "EGID": 818629, "NO_COM_FED": 5757, "GENRE_TXT": "b\u00e2timent"}}, {"type": "Feature", "id": 46381307, "geometry": {"type": "Polygon", "coordinates": [[[2531086.8, 1176232.677], [2531084.33, 1176223.107], [2531094.52, 1176220.426], [2531096.97, 1176229.906], [2531095.23, 1176230.346], [2531095.26, 1176230.466], [2531086.8, 1176232.677]]]}, "properties": {"OBJECTID": 46381307, "EGID": 818331, "NO_COM_FED": 5757, "GENRE_TXT": "b\u00e2timent"}}, {"type": "Feature", "id": 46381419, "geometry": {"type": "Polygon", "coordinates": [[[2530749.996, 1175020.774], [2530750.816, 1175021.694], [2530747.056, 1175025.144], [2530735.966, 1175011.295], [2530738.776, 1175005.494], [2530744.676, 1175013.404], [2530749.996, 1175020.774]]]}, "properties": {"OBJECTID": 46381419, "EGID": 818659, "NO_COM_FED": 5757, "GENRE_TXT": "b\u00e2timent"}}, {"type": "Feature", "id": 46381698, "geometry": {"type": "Polygon", "coordinates": [[[2530904.998, 1174122.077], [2530901.991, 1174122.124], [2530901.962, 1174119.812], [2530904.97, 1174119.775], [2530904.998, 1174122.077]]]}, "properties": {"OBJECTID": 46381698, "EGID": 280111458, "NO_COM_FED": 5757, "GENRE_TXT": "b\u00e2timent"}}, {"type": "Feature", "id": 46381836, "geometry": {"type": "Polygon", "coordinates": [[[2530639.425, 1175115.89], [2530639.597, 1175120.3969999999], [2530626.777, 1175121.068], [2530626.547, 1175113.7280000001], [2530629.027, 1175113.588], [2530630.847, 1175113.4780000001], [2530639.317, 1175112.977], [2530639.327, 1175113.317], [2530639.425, 1175115.89]]]}, "properties": {"OBJECTID": 46381836, "EGID": 818590, "NO_COM_FED": 5757, "GENRE_TXT": "b\u00e2timent"}}, {"type": "Feature", "id": 46381859, "geometry": {"type": "Polygon", "coordinates": [[[2531232.399, 1174773.863], [2531226.44, 1174774.959], [2531225.872, 1174771.083], [2531231.744, 1174770.069], [2531232.399, 1174773.863]]]}, "properties": {"OBJECTID": 46381859, "EGID": 280118946, "NO_COM_FED": 5757, "GENRE_TXT": "b\u00e2timent"}}, {"type": "Feature", "id": 46381861, "geometry": {"type": "Polygon", "coordinates": [[[2530372.459, 1175314.314], [2530370.558, 1175309.884], [2530372.798, 1175308.934], [2530374.708, 1175313.374], [2530372.459, 1175314.314]]]}, "properties": {"OBJECTID": 46381861, "EGID": 280049453, "NO_COM_FED": 5757, "GENRE_TXT": "b\u00e2timent"}}, {"type": "Feature", "id": 46381999, "geometry": {"type": "Polygon", "coordinates": [[[2530383.415, 1174492.381], [2530381.052, 1174493.403], [2530378.307, 1174494.59], [2530373.915, 1174484.469], [2530379.029, 1174482.266], [2530383.415, 1174492.381]]]}, "properties": {"OBJECTID": 46381999, "EGID": 818847, "NO_COM_FED": 5757, "GENRE_TXT": "b\u00e2timent"}}, {"type": "Feature", "id": 46382180, "geometry": {"type": "Polygon", "coordinates": [[[2530237.968, 1175722.369], [2530242.903, 1175712.552], [2530248.694, 1175715.455], [2530243.76, 1175725.279], [2530237.968, 1175722.369]]]}, "properties": {"OBJECTID": 46382180, "EGID": 280059353, "NO_COM_FED": 5757, "GENRE_TXT": "b\u00e2timent"}}, {"type": "Feature", "id": 46382311, "geometry": {"type": "Polygon", "coordinates": [[[2530804.549, 1175243.692], [2530808.179, 1175252.0320000001], [2530802.639, 1175254.442], [2530803.369, 1175256.042], [2530800.769, 1175257.152], [2530800.039, 1175255.572], [2530799.849, 1175255.632], [2530796.299, 1175247.372], [2530804.549, 1175243.692]]]}, "properties": {"OBJECTID": 46382311, "EGID": 818525, "NO_COM_FED": 5757, "GENRE_TXT": "b\u00e2timent"}}, {"type": "Feature", "id": 46382370, "geometry": {"type": "Polygon", "coordinates": [[[2530896.755, 1174473.916], [2530896.34, 1174481.142], [2530892.339, 1174481], [2530892.792, 1174473.717], [2530896.755, 1174473.916]]]}, "properties": {"OBJECTID": 46382370, "EGID": 280070322, "NO_COM_FED": 5757, "GENRE_TXT": "b\u00e2timent"}}, {"type": "Feature", "id": 46382422, "geometry": {"type": "Polygon", "coordinates": [[[2530685.779, 1175277.866], [2530663.789, 1175279.016], [2530662.6689999998, 1175271.697], [2530686.509, 1175271.026], [2530685.779, 1175277.866]]]}, "properties": {"OBJECTID": 46382422, "EGID": 818558, "NO_COM_FED": 5757, "GENRE_TXT": "b\u00e2timent"}}, {"type": "Feature", "id": 46382534, "geometry": {"type": "Polygon", "coordinates": [[[2530595.36, 1174732.997], [2530585.68, 1174727.002], [2530591.668, 1174717.345], [2530601.348, 1174723.311], [2530595.36, 1174732.997]]]}, "properties": {"OBJECTID": 46382534, "EGID": 280097992, "NO_COM_FED": 5757, "GENRE_TXT": "b\u00e2timent"}}, {"type": "Feature", "id": 46382577, "geometry": {"type": "Polygon", "coordinates": [[[2531038.4189999998, 1176192.208], [2531035.929, 1176182.618], [2531036.909, 1176182.368], [2531036.879, 1176182.248], [2531046.059, 1176179.827], [2531047.019, 1176179.567], [2531048.949, 1176179.057], [2531051.4390000002, 1176188.6469999999], [2531050.459, 1176188.9070000001], [2531050.489, 1176189.017], [2531048.559, 1176189.527], [2531047.599, 1176189.787], [2531038.4189999998, 1176192.208]]]}, "properties": {"OBJECTID": 46382577, "EGID": 818322, "NO_COM_FED": 5757, "GENRE_TXT": "b\u00e2timent"}}, {"type": "Feature", "id": 46382616, "geometry": {"type": "Polygon", "coordinates": [[[2530866.83, 1176108.436], [2530866.108, 1176104.463], [2530862.068, 1176105.206], [2530861.172, 1176100.447], [2530873.138, 1176098.26], [2530874.696, 1176106.673], [2530870.616, 1176107.398], [2530870.672, 1176107.713], [2530866.83, 1176108.436]]]}, "properties": {"OBJECTID": 46382616, "EGID": 818236, "NO_COM_FED": 5757, "GENRE_TXT": "b\u00e2timent"}}, {"type": "Feature", "id": 46382625, "geometry": {"type": "Polygon", "coordinates": [[[2530635.834, 1174420.131], [2530633.665, 1174414.616], [2530637.132, 1174413.245], [2530639.304, 1174418.766], [2530638.886, 1174418.93], [2530635.834, 1174420.131]]]}, "properties": {"OBJECTID": 46382625, "EGID": 280070905, "NO_COM_FED": 5757, "GENRE_TXT": "b\u00e2timent"}}, {"type": "Feature", "id": 46382639, "geometry": {"type": "Polygon", "coordinates": [[[2530954.66, 1176227.33], [2530952.75, 1176219.85], [2530960.93, 1176217.77], [2530962.89, 1176225.22], [2530959.75, 1176226.04], [2530954.66, 1176227.33]]]}, "properties": {"OBJECTID": 46382639, "EGID": 818262, "NO_COM_FED": 5757, "GENRE_TXT": "b\u00e2timent"}}, {"type": "Feature", "id": 46382660, "geometry": {"type": "Polygon", "coordinates": [[[2530385.592, 1174410.193], [2530384.185, 1174405.467], [2530396.379, 1174401.841], [2530397.785, 1174406.565], [2530385.592, 1174410.193]]]}, "properties": {"OBJECTID": 46382660, "EGID": 3163914, "NO_COM_FED": 5757, "GENRE_TXT": "b\u00e2timent"}}, {"type": "Feature", "id": 46382806, "geometry": {"type": "Polygon", "coordinates": [[[2530274.031, 1174538.285], [2530273.53, 1174540.109], [2530270.892, 1174539.38], [2530271.416, 1174537.541], [2530274.031, 1174538.285]]]}, "properties": {"OBJECTID": 46382806, "EGID": 280115110, "NO_COM_FED": 5757, "GENRE_TXT": "b\u00e2timent"}}, {"type": "Feature", "id": 46382828, "geometry": {"type": "Polygon", "coordinates": [[[2530301.37, 1174737.128], [2530300.22, 1174742.327], [2530297.434, 1174741.711], [2530298.582, 1174736.517], [2530301.37, 1174737.128]]]}, "properties": {"OBJECTID": 46382828, "EGID": 280109075, "NO_COM_FED": 5757, "GENRE_TXT": "b\u00e2timent"}}, {"type": "Feature", "id": 46382893, "geometry": {"type": "Polygon", "coordinates": [[[2530217.973, 1174619.982], [2530225.321, 1174617.444], [2530228.596, 1174626.945], [2530220.898, 1174628.465], [2530217.973, 1174619.982]]]}, "properties": {"OBJECTID": 46382893, "EGID": 280140482, "NO_COM_FED": 5757, "GENRE_TXT": "b\u00e2timent"}}, {"type": "Feature", "id": 46383243, "geometry": {"type": "Polygon", "coordinates": [[[2530837.1689999998, 1176655.529], [2530846.18, 1176656.714], [2530845.277, 1176663.639], [2530836.247, 1176662.413], [2530837.1689999998, 1176655.529]]]}, "properties": {"OBJECTID": 46383243, "EGID": 280093927, "NO_COM_FED": 5757, "GENRE_TXT": "b\u00e2timent"}}, {"type": "Feature", "id": 46383464, "geometry": {"type": "Polygon", "coordinates": [[[2530580.1859999998, 1175923.318], [2530577.556, 1175928.2179999999], [2530577.026, 1175927.928], [2530575.906, 1175930.029], [2530575.246, 1175929.679], [2530573.356, 1175933.219], [2530562.466, 1175927.369], [2530563.856, 1175924.749], [2530562.976, 1175923.279], [2530564.166, 1175921.029], [2530563.586, 1175920.719], [2530566.9560000002, 1175914.369], [2530567.546, 1175914.679], [2530568.726, 1175912.459], [2530570.446, 1175912.399], [2530571.886, 1175909.769], [2530582.786, 1175915.598], [2530580.906, 1175919.128], [2530581.556, 1175919.488], [2530580.426, 1175921.598], [2530580.966, 1175921.878], [2530580.946, 1175921.908], [2530580.1859999998, 1175923.318]]]}, "properties": {"OBJECTID": 46383464, "EGID": 3163943, "NO_COM_FED": 5757, "GENRE_TXT": "b\u00e2timent"}}, {"type": "Feature", "id": 46383493, "geometry": {"type": "Polygon", "coordinates": [[[2530356.834, 1174481.741], [2530350.918, 1174482.7820000001], [2530350.523, 1174480.538], [2530349.531, 1174474.898], [2530355.442, 1174473.867], [2530356.834, 1174481.741]]]}, "properties": {"OBJECTID": 46383493, "EGID": 280068768, "NO_COM_FED": 5757, "GENRE_TXT": "b\u00e2timent"}}, {"type": "Feature", "id": 46383516, "geometry": {"type": "Polygon", "coordinates": [[[2530491.304, 1175792.041], [2530490.504, 1175789.131], [2530494.354, 1175788.081], [2530495.124, 1175791.001], [2530491.304, 1175792.041]]]}, "properties": {"OBJECTID": 46383516, "EGID": 280050412, "NO_COM_FED": 5757, "GENRE_TXT": "b\u00e2timent"}}, {"type": "Feature", "id": 46383528, "geometry": {"type": "Polygon", "coordinates": [[[2530956.873, 1176603.884], [2530948.213, 1176606.174], [2530945.373, 1176595.464], [2530954.033, 1176593.164], [2530955.877, 1176600.123], [2530956.873, 1176603.884]]]}, "properties": {"OBJECTID": 46383528, "EGID": 818163, "NO_COM_FED": 5757, "GENRE_TXT": "b\u00e2timent"}}, {"type": "Feature", "id": 46383657, "geometry": {"type": "Polygon", "coordinates": [[[2530942.863, 1176010.069], [2530939.83, 1176003.437], [2530946.391, 1176000.432], [2530951.898, 1176012.454], [2530945.319, 1176015.4679999999], [2530944.167, 1176012.917], [2530942.39, 1176013.719], [2530941.094, 1176010.878], [2530942.863, 1176010.069]]]}, "properties": {"OBJECTID": 46383657, "EGID": 280095690, "NO_COM_FED": 5757, "GENRE_TXT": "b\u00e2timent"}}, {"type": "Feature", "id": 46383894, "geometry": {"type": "Polygon", "coordinates": [[[2531016.057, 1175060.545], [2531012.847, 1175066.986], [2531009.827, 1175066.156], [2531007.427, 1175064.266], [2531009.605, 1175059.911], [2531010.657, 1175057.806], [2531016.057, 1175060.545]]]}, "properties": {"OBJECTID": 46383894, "EGID": 280023167, "NO_COM_FED": 5757, "GENRE_TXT": "b\u00e2timent"}}, {"type": "Feature", "id": 46383955, "geometry": {"type": "Polygon", "coordinates": [[[2530631.159, 1175297.128], [2530629.989, 1175288.948], [2530640.719, 1175287.727], [2530641.489, 1175295.167], [2530637.299, 1175296.037], [2530637.259, 1175295.747], [2530631.159, 1175297.128]]]}, "properties": {"OBJECTID": 46383955, "EGID": 818574, "NO_COM_FED": 5757, "GENRE_TXT": "b\u00e2timent"}}, {"type": "Feature", "id": 46384087, "geometry": {"type": "Polygon", "coordinates": [[[2530607.179, 1175308.608], [2530608.739, 1175315.398], [2530604.179, 1175316.238], [2530602.609, 1175309.208], [2530607.179, 1175308.608]]]}, "properties": {"OBJECTID": 46384087, "EGID": 280029344, "NO_COM_FED": 5757, "GENRE_TXT": "b\u00e2timent"}}, {"type": "Feature", "id": 46384228, "geometry": {"type": "Polygon", "coordinates": [[[2530749.087, 1175082.634], [2530738.236, 1175072.414], [2530746.576, 1175066.524], [2530746.816, 1175066.774], [2530755.036, 1175075.444], [2530749.847, 1175081.524], [2530749.087, 1175082.634]]]}, "properties": {"OBJECTID": 46384228, "EGID": 280010594, "NO_COM_FED": 5757, "GENRE_TXT": "b\u00e2timent"}}, {"type": "Feature", "id": 46384242, "geometry": {"type": "Polygon", "coordinates": [[[2531070.028, 1175181.654], [2531073.569, 1175187.273], [2531067.639, 1175190.844], [2531064.159, 1175185.124], [2531058.198, 1175181.174], [2531061.528, 1175176.044], [2531070.028, 1175181.654]]]}, "properties": {"OBJECTID": 46384242, "EGID": 280012991, "NO_COM_FED": 5757, "GENRE_TXT": "b\u00e2timent"}}, {"type": "Feature", "id": 46384425, "geometry": {"type": "Polygon", "coordinates": [[[2530878.71, 1176270.743], [2530866.3, 1176272.913], [2530865.1, 1176266.063], [2530868.41, 1176265.463], [2530868.15, 1176263.893], [2530872.89, 1176263.073], [2530873.52, 1176262.953], [2530877.23, 1176262.293], [2530878.71, 1176270.743]]]}, "properties": {"OBJECTID": 46384425, "EGID": 9029619, "NO_COM_FED": 5757, "GENRE_TXT": "b\u00e2timent"}}, {"type": "Feature", "id": 46384555, "geometry": {"type": "Polygon", "coordinates": [[[2530743.606, 1174601.862], [2530750.905, 1174603.637], [2530748.998, 1174611.427], [2530741.714, 1174609.691], [2530743.606, 1174601.862]]]}, "properties": {"OBJECTID": 46384555, "EGID": 818757, "NO_COM_FED": 5757, "GENRE_TXT": "b\u00e2timent"}}, {"type": "Feature", "id": 46384564, "geometry": {"type": "Polygon", "coordinates": [[[2530537.703, 1174847.76], [2530537.793, 1174851.1], [2530539.063, 1174853.54], [2530541.113, 1174852.57], [2530543.963, 1174857.94], [2530542.914, 1174858.53], [2530543.5640000002, 1174859.87], [2530542.074, 1174860.63], [2530538.553, 1174854.02], [2530535.583, 1174854.76], [2530534.093, 1174848.75], [2530537.703, 1174847.76]]]}, "properties": {"OBJECTID": 46384564, "EGID": 280025573, "NO_COM_FED": 5757, "GENRE_TXT": "b\u00e2timent"}}, {"type": "Feature", "id": 46384652, "geometry": {"type": "Polygon", "coordinates": [[[2531349.494, 1174571.377], [2531347.714, 1174571.757], [2531346.534, 1174566.587], [2531352.404, 1174565.287], [2531354.185, 1174572.597], [2531350.065, 1174573.567], [2531349.494, 1174571.377]]]}, "properties": {"OBJECTID": 46384652, "EGID": 280025369, "NO_COM_FED": 5757, "GENRE_TXT": "b\u00e2timent"}}, {"type": "Feature", "id": 46384737, "geometry": {"type": "Polygon", "coordinates": [[[2530590.937, 1175149.389], [2530579.367, 1175149.709], [2530578.847, 1175149.719], [2530578.417, 1175137.709], [2530578.577, 1175137.703], [2530590.507, 1175137.259], [2530590.937, 1175149.389]]]}, "properties": {"OBJECTID": 46384737, "EGID": 818578, "NO_COM_FED": 5757, "GENRE_TXT": "b\u00e2timent"}}, {"type": "Feature", "id": 46384795, "geometry": {"type": "Polygon", "coordinates": [[[2530325.118, 1174422.885], [2530326.677, 1174428.117], [2530330.336, 1174427.028], [2530332.512, 1174434.32], [2530328.85, 1174435.411], [2530328.299, 1174433.561], [2530316.054, 1174437.21], [2530312.839, 1174426.539], [2530325.118, 1174422.885]]]}, "properties": {"OBJECTID": 46384795, "EGID": 280076368, "NO_COM_FED": 5757, "GENRE_TXT": "b\u00e2timent"}}, {"type": "Feature", "id": 46384844, "geometry": {"type": "Polygon", "coordinates": [[[2530689.574, 1174899.876], [2530698.854, 1174898.376], [2530701.894, 1174907.526], [2530690.004, 1174910.646], [2530682.944, 1174912.416], [2530682.834, 1174911.996], [2530684.644, 1174911.726], [2530682.7939999998, 1174901.566], [2530681.324, 1174901.856], [2530681.284, 1174901.586], [2530689.574, 1174899.876]]]}, "properties": {"OBJECTID": 46384844, "EGID": 818683, "NO_COM_FED": 5757, "GENRE_TXT": "b\u00e2timent"}}, {"type": "Feature", "id": 46385212, "geometry": {"type": "Polygon", "coordinates": [[[2531415.278, 1174994.9679999999], [2531417.778, 1174993.9679999999], [2531419.408, 1174998.428], [2531416.878, 1174999.308], [2531415.278, 1174994.9679999999]]]}, "properties": {"OBJECTID": 46385212, "EGID": 280050019, "NO_COM_FED": 5757, "GENRE_TXT": "b\u00e2timent"}}, {"type": "Feature", "id": 46385403, "geometry": {"type": "Polygon", "coordinates": [[[2530754.978, 1174683.355], [2530762.002, 1174689.759], [2530757.499, 1174694.688], [2530750.497, 1174688.262], [2530754.978, 1174683.355]]]}, "properties": {"OBJECTID": 46385403, "EGID": 280062847, "NO_COM_FED": 5757, "GENRE_TXT": "b\u00e2timent"}}, {"type": "Feature", "id": 46385423, "geometry": {"type": "Polygon", "coordinates": [[[2530776.619, 1176200.445], [2530783.909, 1176198.165], [2530785.099, 1176197.805], [2530786.659, 1176202.945], [2530788.379, 1176208.475], [2530786.926, 1176208.925], [2530779.9189999998, 1176211.095], [2530778.499, 1176206.525], [2530777.179, 1176206.925], [2530776.4189999998, 1176204.495], [2530777.709, 1176204.105], [2530776.619, 1176200.445]]]}, "properties": {"OBJECTID": 46385423, "EGID": 818218, "NO_COM_FED": 5757, "GENRE_TXT": "b\u00e2timent"}}, {"type": "Feature", "id": 46385801, "geometry": {"type": "Polygon", "coordinates": [[[2530512.66, 1174446.9679999999], [2530507.725, 1174446.063], [2530508.993, 1174439.17], [2530509.779, 1174439.304], [2530518.973, 1174441.372], [2530517.764, 1174447.904], [2530512.66, 1174446.9679999999]]]}, "properties": {"OBJECTID": 46385801, "EGID": 280091434, "NO_COM_FED": 5757, "GENRE_TXT": "b\u00e2timent"}}, {"type": "Feature", "id": 46385897, "geometry": {"type": "Polygon", "coordinates": [[[2530745.542, 1176529.979], [2530742.392, 1176523.459], [2530753.272, 1176518.199], [2530756.422, 1176524.709], [2530745.542, 1176529.979]]]}, "properties": {"OBJECTID": 46385897, "EGID": 9029616, "NO_COM_FED": 5757, "GENRE_TXT": "b\u00e2timent"}}, {"type": "Feature", "id": 46385907, "geometry": {"type": "Polygon", "coordinates": [[[2530879.217, 1175095.76], [2530881.127, 1175098.36], [2530876.397, 1175101.87], [2530875.987, 1175101.28], [2530872.357, 1175103.94], [2530870.877, 1175101.9], [2530879.217, 1175095.76]]]}, "properties": {"OBJECTID": 46385907, "EGID": 280032273, "NO_COM_FED": 5757, "GENRE_TXT": "b\u00e2timent"}}, {"type": "Feature", "id": 46385950, "geometry": {"type": "Polygon", "coordinates": [[[2530919.89, 1176215.151], [2530920.88, 1176215.151], [2530928.37, 1176214.841], [2530928.74, 1176222.521], [2530926.6, 1176222.601], [2530920.21, 1176222.861], [2530919.89, 1176215.151]]]}, "properties": {"OBJECTID": 46385950, "EGID": 818273, "NO_COM_FED": 5757, "GENRE_TXT": "b\u00e2timent"}}, {"type": "Feature", "id": 46386243, "geometry": {"type": "Polygon", "coordinates": [[[2530750.4359999998, 1175060.344], [2530753.026, 1175057.514], [2530755.126, 1175059.504], [2530752.696, 1175062.154], [2530750.4359999998, 1175060.344]]]}, "properties": {"OBJECTID": 46386243, "EGID": 280051330, "NO_COM_FED": 5757, "GENRE_TXT": "b\u00e2timent"}}, {"type": "Feature", "id": 46386302, "geometry": {"type": "Polygon", "coordinates": [[[2530859.42, 1176322.474], [2530859.08, 1176320.544], [2530862.03, 1176320.014], [2530862.37, 1176321.984], [2530859.42, 1176322.474]]]}, "properties": {"OBJECTID": 46386302, "EGID": 280112973, "NO_COM_FED": 5757, "GENRE_TXT": "b\u00e2timent"}}, {"type": "Feature", "id": 46386337, "geometry": {"type": "Polygon", "coordinates": [[[2531510.334, 1175542.849], [2531513.504, 1175548.719], [2531490.135, 1175561.358], [2531486.0439999998, 1175563.57], [2531482.864, 1175557.7], [2531510.334, 1175542.849]]]}, "properties": {"OBJECTID": 46386337, "EGID": 280007266, "NO_COM_FED": 5757, "GENRE_TXT": "b\u00e2timent"}}, {"type": "Feature", "id": 46386419, "geometry": {"type": "Polygon", "coordinates": [[[2530504.316, 1175922.131], [2530501.846, 1175905.131], [2530507.796, 1175904.271], [2530511.226, 1175927.661], [2530505.246, 1175928.531], [2530504.316, 1175922.131]]]}, "properties": {"OBJECTID": 46386419, "EGID": 280009956, "NO_COM_FED": 5757, "GENRE_TXT": "b\u00e2timent"}}, {"type": "Feature", "id": 46386487, "geometry": {"type": "Polygon", "coordinates": [[[2531074.898, 1175110.963], [2531082.038, 1175104.453], [2531083.618, 1175106.213], [2531086.078, 1175108.933], [2531088.588, 1175106.523], [2531098.088, 1175116.8429999999], [2531088.168, 1175126.033], [2531087.948, 1175126.213], [2531084.958, 1175123.083], [2531074.898, 1175110.963]]]}, "properties": {"OBJECTID": 46386487, "EGID": 818446, "NO_COM_FED": 5757, "GENRE_TXT": "b\u00e2timent"}}, {"type": "Feature", "id": 46386621, "geometry": {"type": "Polygon", "coordinates": [[[2531666.557, 1176429.145], [2531666.5095394207, 1176429.6874769072], [2531666.368599748, 1176430.213470928], [2531666.1384633617, 1176430.7070000002], [2531665.8261228404, 1176431.1530684927], [2531665.441068493, 1176431.5381228405], [2531664.995, 1176431.8504633615], [2531664.501470928, 1176432.0805997474], [2531663.975476907, 1176432.2215394205], [2531663.433, 1176432.269], [2531662.8905230933, 1176432.2215394205], [2531662.3645290723, 1176432.0805997474], [2531661.8710000003, 1176431.8504633615], [2531661.4249315076, 1176431.5381228405], [2531661.03987716, 1176431.1530684927], [2531660.7275366387, 1176430.707], [2531660.4974002526, 1176430.213470928], [2531660.3564605797, 1176429.6874769072], [2531660.309, 1176429.145], [2531660.3564605797, 1176428.6025230929], [2531660.4974002526, 1176428.0765290721], [2531660.7275366387, 1176427.5829999999], [2531661.03987716, 1176427.1369315074], [2531661.4249315076, 1176426.7518771596], [2531661.8710000003, 1176426.4395366386], [2531662.3645290723, 1176426.2094002527], [2531662.8905230933, 1176426.0684605795], [2531663.433, 1176426.021], [2531663.975476907, 1176426.0684605795], [2531664.501470928, 1176426.2094002527], [2531664.995, 1176426.4395366386], [2531665.441068493, 1176426.7518771596], [2531665.8261228404, 1176427.1369315074], [2531666.1384633617, 1176427.583], [2531666.368599748, 1176428.0765290721], [2531666.5095394207, 1176428.6025230929], [2531666.557, 1176429.145]]]}, "properties": {"OBJECTID": 46386621, "EGID": 280132907, "NO_COM_FED": 5757, "GENRE_TXT": "b\u00e2timent"}}, {"type": "Feature", "id": 46386798, "geometry": {"type": "Polygon", "coordinates": [[[2530703.942, 1174437.158], [2530705.962, 1174441.795], [2530698.634, 1174445.002], [2530695.451, 1174437.726], [2530697.5439999998, 1174430.502], [2530705.236, 1174432.747], [2530703.942, 1174437.158]]]}, "properties": {"OBJECTID": 46386798, "EGID": 280000050, "NO_COM_FED": 5757, "GENRE_TXT": "b\u00e2timent"}}, {"type": "Feature", "id": 46386858, "geometry": {"type": "Polygon", "coordinates": [[[2530797.296, 1174292.1030000001], [2530796.508, 1174303.373], [2530787.4390000002, 1174302.754], [2530788.207, 1174291.419], [2530797.296, 1174292.1030000001]]]}, "properties": {"OBJECTID": 46386858, "EGID": 818768, "NO_COM_FED": 5757, "GENRE_TXT": "b\u00e2timent"}}, {"type": "Feature", "id": 46386863, "geometry": {"type": "Polygon", "coordinates": [[[2530735.123, 1175623.624], [2530734.733, 1175622.014], [2530730.273, 1175622.974], [2530727.373, 1175610.024], [2530726.593, 1175606.634], [2530739.963, 1175603.704], [2530743.953, 1175621.454], [2530739.823, 1175622.374], [2530739.873, 1175622.534], [2530735.123, 1175623.624]]]}, "properties": {"OBJECTID": 46386863, "EGID": 818295, "NO_COM_FED": 5757, "GENRE_TXT": "b\u00e2timent"}}, {"type": "Feature", "id": 46386885, "geometry": {"type": "Polygon", "coordinates": [[[2530845.181, 1175415.711], [2530844.531, 1175412.785], [2530850.117, 1175411.553], [2530850.761, 1175414.48], [2530845.181, 1175415.711]]]}, "properties": {"OBJECTID": 46386885, "EGID": 280125072, "NO_COM_FED": 5757, "GENRE_TXT": "b\u00e2timent"}}, {"type": "Feature", "id": 46386979, "geometry": {"type": "Polygon", "coordinates": [[[2530922.923, 1174777.689], [2530923.133, 1174776.609], [2530924.233, 1174776.889], [2530924.023, 1174777.999], [2530935.073, 1174780.688], [2530936.983, 1174781.238], [2530937.343, 1174779.638], [2530941.363, 1174780.808], [2530940.873, 1174782.338], [2530942.693, 1174782.748], [2530942.963, 1174781.698], [2530944.033, 1174781.9679999999], [2530943.723, 1174783.078], [2530954.264, 1174786.008], [2530950.674, 1174802.808], [2530940.004, 1174800.4679999999], [2530940.164, 1174799.578], [2530931.764, 1174796.258], [2530914.154, 1174789.919], [2530916.883, 1174776.159], [2530922.923, 1174777.689]]]}, "properties": {"OBJECTID": 46386979, "EGID": 818704, "NO_COM_FED": 5757, "GENRE_TXT": "b\u00e2timent"}}, {"type": "Feature", "id": 46387085, "geometry": {"type": "Polygon", "coordinates": [[[2530611.17, 1176317.151], [2530621.37, 1176317.18], [2530621.34, 1176325.67], [2530611.18, 1176325.611], [2530611.17, 1176317.151]]]}, "properties": {"OBJECTID": 46387085, "EGID": 818226, "NO_COM_FED": 5757, "GENRE_TXT": "b\u00e2timent"}}, {"type": "Feature", "id": 46387087, "geometry": {"type": "Polygon", "coordinates": [[[2530467.265, 1175846.002], [2530467.695, 1175835.592], [2530472.005, 1175835.762], [2530472.105, 1175833.452], [2530476.075, 1175833.602], [2530475.945, 1175836.892], [2530481.715, 1175837.112], [2530481.845, 1175833.812], [2530485.805, 1175833.952], [2530485.755, 1175836.242], [2530490.075, 1175836.371], [2530489.715, 1175846.831], [2530489.705, 1175847.441], [2530485.495, 1175847.292], [2530485.515, 1175846.7820000001], [2530479.975, 1175846.552], [2530479.905, 1175848.222], [2530476.985, 1175848.122], [2530477.045, 1175846.462], [2530471.445, 1175846.232], [2530471.425, 1175846.7820000001], [2530467.235, 1175846.652], [2530467.265, 1175846.002]]]}, "properties": {"OBJECTID": 46387087, "EGID": 818103, "NO_COM_FED": 5757, "GENRE_TXT": "b\u00e2timent"}}, {"type": "Feature", "id": 46387234, "geometry": {"type": "Polygon", "coordinates": [[[2530904.893, 1174758.099], [2530904.213, 1174766.429], [2530886.053, 1174765.07], [2530886.573, 1174756.84], [2530904.893, 1174758.099]]]}, "properties": {"OBJECTID": 46387234, "EGID": 280009434, "NO_COM_FED": 5757, "GENRE_TXT": "b\u00e2timent"}}, {"type": "Feature", "id": 46387289, "geometry": {"type": "Polygon", "coordinates": [[[2532081.796, 1176136.503], [2532089.086, 1176142.143], [2532087.106, 1176144.753], [2532088.4359999998, 1176145.773], [2532086.666, 1176148.083], [2532085.336, 1176147.043], [2532083.126, 1176149.893], [2532075.806, 1176144.183], [2532081.796, 1176136.503]]]}, "properties": {"OBJECTID": 46387289, "EGID": 818884, "NO_COM_FED": 5757, "GENRE_TXT": "b\u00e2timent"}}, {"type": "Feature", "id": 46387397, "geometry": {"type": "Polygon", "coordinates": [[[2530938.677, 1175606.438], [2530942.168, 1175604.942], [2530946.615, 1175615.322], [2530943.124, 1175616.818], [2530943.463, 1175617.607], [2530931.523, 1175622.717], [2530929.413, 1175617.788], [2530926.413, 1175610.768], [2530938.343, 1175605.6570000001], [2530938.677, 1175606.438]]]}, "properties": {"OBJECTID": 46387397, "EGID": 190088067, "NO_COM_FED": 5757, "GENRE_TXT": "b\u00e2timent"}}, {"type": "Feature", "id": 46387398, "geometry": {"type": "Polygon", "coordinates": [[[2530738.756, 1175054.684], [2530740.026, 1175056.904], [2530739.736, 1175057.124], [2530740.196, 1175057.984], [2530731.026, 1175064.685], [2530728.276, 1175057.745], [2530737.336, 1175053.074], [2530738.416, 1175054.924], [2530738.756, 1175054.684]]]}, "properties": {"OBJECTID": 46387398, "EGID": 818636, "NO_COM_FED": 5757, "GENRE_TXT": "b\u00e2timent"}}, {"type": "Feature", "id": 46387502, "geometry": {"type": "Polygon", "coordinates": [[[2530977.1, 1176259.2], [2530973.14, 1176262.21], [2530970.46, 1176264.47], [2530963.39, 1176256], [2530969.87, 1176250.56], [2530977.1, 1176259.2]]]}, "properties": {"OBJECTID": 46387502, "EGID": 818271, "NO_COM_FED": 5757, "GENRE_TXT": "b\u00e2timent"}}, {"type": "Feature", "id": 46387605, "geometry": {"type": "Polygon", "coordinates": [[[2530874.453, 1175622.319], [2530877.813, 1175630.029], [2530868.193, 1175634.269], [2530864.783, 1175626.56], [2530874.453, 1175622.319]]]}, "properties": {"OBJECTID": 46387605, "EGID": 818358, "NO_COM_FED": 5757, "GENRE_TXT": "b\u00e2timent"}}, {"type": "Feature", "id": 46387843, "geometry": {"type": "Polygon", "coordinates": [[[2530942.079, 1176015.798], [2530943.7939999998, 1176020.335], [2530941.633, 1176021.151], [2530939.918, 1176016.615], [2530942.079, 1176015.798]]]}, "properties": {"OBJECTID": 46387843, "EGID": 280050388, "NO_COM_FED": 5757, "GENRE_TXT": "b\u00e2timent"}}, {"type": "Feature", "id": 46388130, "geometry": {"type": "Polygon", "coordinates": [[[2530833.644, 1174524.436], [2530833.549, 1174524.896], [2530824.218, 1174522.935], [2530825.858, 1174515.058], [2530835.183, 1174516.983], [2530833.644, 1174524.436]]]}, "properties": {"OBJECTID": 46388130, "EGID": 281010630, "NO_COM_FED": 5757, "GENRE_TXT": "b\u00e2timent"}}, {"type": "Feature", "id": 46388175, "geometry": {"type": "Polygon", "coordinates": [[[2530702.245, 1174946.396], [2530699.065, 1174947.486], [2530696.405, 1174939.086], [2530699.545, 1174937.826], [2530702.245, 1174946.396]]]}, "properties": {"OBJECTID": 46388175, "EGID": 280033535, "NO_COM_FED": 5757, "GENRE_TXT": "b\u00e2timent"}}, {"type": "Feature", "id": 46388372, "geometry": {"type": "Polygon", "coordinates": [[[2530266.095, 1174493.972], [2530265.04, 1174496.856], [2530261.67, 1174495.671], [2530262.73, 1174492.741], [2530266.095, 1174493.972]]]}, "properties": {"OBJECTID": 46388372, "EGID": 280072771, "NO_COM_FED": 5757, "GENRE_TXT": "b\u00e2timent"}}, {"type": "Feature", "id": 46388396, "geometry": {"type": "Polygon", "coordinates": [[[2531005.851, 1175388.955], [2531008.611, 1175387.775], [2531005.991, 1175382.085], [2531006.211, 1175381.965], [2531005.651, 1175380.775], [2531005.861, 1175380.215], [2531009.0609999998, 1175378.715], [2531009.631, 1175378.935], [2531010.201, 1175380.175], [2531014.541, 1175378.245], [2531017.181, 1175383.795], [2531015.691, 1175384.475], [2531017.041, 1175387.335], [2531010.171, 1175390.545], [2531011.271, 1175393.135], [2531008.431, 1175394.435], [2531005.851, 1175388.955]]]}, "properties": {"OBJECTID": 46388396, "EGID": 818412, "NO_COM_FED": 5757, "GENRE_TXT": "b\u00e2timent"}}, {"type": "Feature", "id": 46388414, "geometry": {"type": "Polygon", "coordinates": [[[2531715.49, 1174976.766], [2531739.84, 1174970.866], [2531742.0609999998, 1174980.535], [2531717.77, 1174986.355], [2531715.49, 1174976.766]]]}, "properties": {"OBJECTID": 46388414, "EGID": 9046695, "NO_COM_FED": 5757, "GENRE_TXT": "b\u00e2timent"}}, {"type": "Feature", "id": 46388576, "geometry": {"type": "Polygon", "coordinates": [[[2530678.387, 1175125.406], [2530664.307, 1175127.6469999999], [2530663.657, 1175122.847], [2530677.547, 1175120.656], [2530678.387, 1175125.406]]]}, "properties": {"OBJECTID": 46388576, "EGID": 818621, "NO_COM_FED": 5757, "GENRE_TXT": "b\u00e2timent"}}, {"type": "Feature", "id": 46388635, "geometry": {"type": "Polygon", "coordinates": [[[2530857.874, 1176512.32], [2530858.582, 1176508.496], [2530855.632, 1176507.976], [2530856.722, 1176502.066], [2530859.862, 1176502.655], [2530859.032, 1176507.176], [2530867.452, 1176508.725], [2530865.322, 1176520.245], [2530856.702, 1176518.656], [2530857.874, 1176512.32]]]}, "properties": {"OBJECTID": 46388635, "EGID": 818175, "NO_COM_FED": 5757, "GENRE_TXT": "b\u00e2timent"}}, {"type": "Feature", "id": 46388911, "geometry": {"type": "Polygon", "coordinates": [[[2530521.491, 1174670.588], [2530515.151, 1174676.428], [2530511.911, 1174672.868], [2530510.501, 1174674.108], [2530507.291, 1174670.638], [2530515.011, 1174663.558], [2530521.491, 1174670.588]]]}, "properties": {"OBJECTID": 46388911, "EGID": 818802, "NO_COM_FED": 5757, "GENRE_TXT": "b\u00e2timent"}}, {"type": "Feature", "id": 46388920, "geometry": {"type": "Polygon", "coordinates": [[[2530416.08, 1174853.118], [2530418.417, 1174850.259], [2530430.178, 1174858.985], [2530427.224, 1174863.307], [2530423.358, 1174860.46], [2530424.251, 1174859.221], [2530416.08, 1174853.118]]]}, "properties": {"OBJECTID": 46388920, "EGID": 280068158, "NO_COM_FED": 5757, "GENRE_TXT": "b\u00e2timent"}}, {"type": "Feature", "id": 46389057, "geometry": {"type": "Polygon", "coordinates": [[[2531847.549, 1174684.33], [2531876.959, 1174677.48], [2531879.359, 1174687.689], [2531855.519, 1174693.2], [2531849.879, 1174694.5], [2531847.549, 1174684.33]]]}, "properties": {"OBJECTID": 46389057, "EGID": 190094180, "NO_COM_FED": 5757, "GENRE_TXT": "b\u00e2timent"}}, {"type": "Feature", "id": 46389083, "geometry": {"type": "Polygon", "coordinates": [[[2530519.036, 1175891.39], [2530519.1859999998, 1175888.05], [2530518.805, 1175888.03], [2530519.475, 1175878.45], [2530527.185, 1175878.97], [2530526.496, 1175888.49], [2530525.526, 1175888.43], [2530525.296, 1175891.79], [2530519.036, 1175891.39]]]}, "properties": {"OBJECTID": 46389083, "EGID": 818098, "NO_COM_FED": 5757, "GENRE_TXT": "b\u00e2timent"}}, {"type": "Feature", "id": 46389282, "geometry": {"type": "Polygon", "coordinates": [[[2530382.648, 1174355.6570000001], [2530384.554, 1174362.055], [2530387.906, 1174361.051], [2530389.188, 1174365.368], [2530385.828, 1174366.346], [2530386.166, 1174367.526], [2530373.999, 1174371.152], [2530361.339, 1174328.676], [2530373.523, 1174325.034], [2530381.345, 1174351.285], [2530385.1859999998, 1174350.14], [2530385.984, 1174350.58], [2530386.865, 1174353.723], [2530386.418, 1174354.534], [2530382.648, 1174355.6570000001]]]}, "properties": {"OBJECTID": 46389282, "EGID": 3163971, "NO_COM_FED": 5757, "GENRE_TXT": "b\u00e2timent"}}, {"type": "Feature", "id": 46389417, "geometry": {"type": "Polygon", "coordinates": [[[2530632.816, 1175939.617], [2530629.286, 1175937.727], [2530628.916, 1175938.377], [2530626.886, 1175937.287], [2530626.596, 1175937.867], [2530620.076, 1175934.3969999999], [2530620.376, 1175933.837], [2530617.726, 1175932.417], [2530618.086, 1175931.757], [2530615.146, 1175930.167], [2530620.976, 1175919.262], [2530623.666, 1175920.697], [2530625.136, 1175919.787], [2530627.356, 1175920.977], [2530627.656, 1175920.4070000001], [2530633.996, 1175923.797], [2530633.6859999998, 1175924.377], [2530635.986, 1175925.457], [2530635.986, 1175927.277], [2530638.646, 1175928.697], [2530632.816, 1175939.617]]]}, "properties": {"OBJECTID": 46389417, "EGID": 3163944, "NO_COM_FED": 5757, "GENRE_TXT": "b\u00e2timent"}}, {"type": "Feature", "id": 46389565, "geometry": {"type": "Polygon", "coordinates": [[[2530511.99, 1175134.119], [2530514.827, 1175134.058], [2530514.864, 1175135.827], [2530512.027, 1175135.878], [2530511.99, 1175134.119]]]}, "properties": {"OBJECTID": 46389565, "EGID": 280113108, "NO_COM_FED": 5757, "GENRE_TXT": "b\u00e2timent"}}, {"type": "Feature", "id": 46389687, "geometry": {"type": "Polygon", "coordinates": [[[2530094.478, 1174622.29], [2530100.373, 1174622.29], [2530100.363, 1174633.426], [2530094.473, 1174633.426], [2530094.478, 1174622.29]]]}, "properties": {"OBJECTID": 46389687, "EGID": 280094787, "NO_COM_FED": 5757, "GENRE_TXT": "b\u00e2timent"}}, {"type": "Feature", "id": 46389943, "geometry": {"type": "Polygon", "coordinates": [[[2531060.9189999998, 1176127.616], [2531051.769, 1176129.987], [2531049.289, 1176120.3969999999], [2531059.459, 1176117.746], [2531061.879, 1176127.246], [2531060.899, 1176127.516], [2531060.9189999998, 1176127.616]]]}, "properties": {"OBJECTID": 46389943, "EGID": 818316, "NO_COM_FED": 5757, "GENRE_TXT": "b\u00e2timent"}}, {"type": "Feature", "id": 46390032, "geometry": {"type": "Polygon", "coordinates": [[[2530784.433, 1175554.829], [2530776.072, 1175555.893], [2530774.722, 1175544.983], [2530784.392, 1175543.762], [2530784.718, 1175546.391], [2530785.742, 1175554.662], [2530784.433, 1175554.829]]]}, "properties": {"OBJECTID": 46390032, "EGID": 3163876, "NO_COM_FED": 5757, "GENRE_TXT": "b\u00e2timent"}}, {"type": "Feature", "id": 46390089, "geometry": {"type": "Polygon", "coordinates": [[[2530659.961, 1175502.326], [2530660.511, 1175508.742], [2530660.731, 1175511.316], [2530653.111, 1175512.137], [2530652.621, 1175506.587], [2530650.851, 1175506.747], [2530650.521, 1175503.137], [2530652.3109999998, 1175502.977], [2530659.961, 1175502.326]]]}, "properties": {"OBJECTID": 46390089, "EGID": 818348, "NO_COM_FED": 5757, "GENRE_TXT": "b\u00e2timent"}}, {"type": "Feature", "id": 46390145, "geometry": {"type": "Polygon", "coordinates": [[[2530731.99, 1174429.178], [2530731.231, 1174437.091], [2530722.775, 1174436.296], [2530723.91, 1174424.399], [2530729.798, 1174424.96], [2530729.422, 1174428.935], [2530731.99, 1174429.178]]]}, "properties": {"OBJECTID": 46390145, "EGID": 280000135, "NO_COM_FED": 5757, "GENRE_TXT": "b\u00e2timent"}}, {"type": "Feature", "id": 46390343, "geometry": {"type": "Polygon", "coordinates": [[[2530368.872, 1174376.179], [2530363.9, 1174377.652], [2530363.871, 1174377.477], [2530363.132, 1174374.987], [2530366.915, 1174373.842], [2530368.0640000002, 1174373.498], [2530368.872, 1174376.179]]]}, "properties": {"OBJECTID": 46390343, "EGID": 280072160, "NO_COM_FED": 5757, "GENRE_TXT": "b\u00e2timent"}}, {"type": "Feature", "id": 46390390, "geometry": {"type": "Polygon", "coordinates": [[[2531381.613, 1174503.492], [2531279.344, 1174528.572], [2531273.624, 1174505.262], [2531375.901, 1174480.197], [2531381.613, 1174503.492]]]}, "properties": {"OBJECTID": 46390390, "EGID": 280074957, "NO_COM_FED": 5757, "GENRE_TXT": "b\u00e2timent"}}, {"type": "Feature", "id": 46390587, "geometry": {"type": "Polygon", "coordinates": [[[2530975.209, 1176170.459], [2530975.809, 1176173.259], [2530970.019, 1176174.509], [2530969.4189999998, 1176171.719], [2530975.209, 1176170.459]]]}, "properties": {"OBJECTID": 46390587, "EGID": 280043636, "NO_COM_FED": 5757, "GENRE_TXT": "b\u00e2timent"}}, {"type": "Feature", "id": 46390588, "geometry": {"type": "Polygon", "coordinates": [[[2530949.852, 1176455.953], [2530950.132, 1176461.173], [2530943.942, 1176461.493], [2530943.642, 1176456.303], [2530949.852, 1176455.953]]]}, "properties": {"OBJECTID": 46390588, "EGID": 280031861, "NO_COM_FED": 5757, "GENRE_TXT": "b\u00e2timent"}}, {"type": "Feature", "id": 46390590, "geometry": {"type": "Polygon", "coordinates": [[[2530937.202, 1174749.742], [2530937.218, 1174747.34], [2530942.145, 1174747.448], [2530942.078, 1174749.812], [2530937.202, 1174749.742]]]}, "properties": {"OBJECTID": 46390590, "EGID": 280131681, "NO_COM_FED": 5757, "GENRE_TXT": "b\u00e2timent"}}, {"type": "Feature", "id": 46390624, "geometry": {"type": "Polygon", "coordinates": [[[2530864.944, 1174202.405], [2530864.62, 1174204.35], [2530862.359, 1174203.991], [2530862.703, 1174202.025], [2530864.944, 1174202.405]]]}, "properties": {"OBJECTID": 46390624, "EGID": 280115314, "NO_COM_FED": 5757, "GENRE_TXT": "b\u00e2timent"}}, {"type": "Feature", "id": 46390962, "geometry": {"type": "Polygon", "coordinates": [[[2530973.237, 1175980.577], [2530972.487, 1175978.6570000001], [2530975.317, 1175977.537], [2530976.087, 1175979.457], [2530973.237, 1175980.577]]]}, "properties": {"OBJECTID": 46390962, "EGID": 280116999, "NO_COM_FED": 5757, "GENRE_TXT": "b\u00e2timent"}}, {"type": "Feature", "id": 46391073, "geometry": {"type": "Polygon", "coordinates": [[[2531088.33, 1176253.037], [2531096.78, 1176250.807], [2531099.26, 1176260.447], [2531089.08, 1176263.087], [2531086.63, 1176253.577], [2531088.36, 1176253.1570000001], [2531088.33, 1176253.037]]]}, "properties": {"OBJECTID": 46391073, "EGID": 818334, "NO_COM_FED": 5757, "GENRE_TXT": "b\u00e2timent"}}, {"type": "Feature", "id": 46391075, "geometry": {"type": "Polygon", "coordinates": [[[2531743.712, 1176393.98], [2531743.349, 1176391.668], [2531746.353, 1176391.202], [2531746.715, 1176393.508], [2531743.712, 1176393.98]]]}, "properties": {"OBJECTID": 46391075, "EGID": 280123855, "NO_COM_FED": 5757, "GENRE_TXT": "b\u00e2timent"}}, {"type": "Feature", "id": 46391090, "geometry": {"type": "Polygon", "coordinates": [[[2530897.97, 1176234.092], [2530902.79, 1176232.862], [2530906.24, 1176231.992], [2530908.1, 1176239.452], [2530903.27, 1176240.692], [2530899.9, 1176241.552], [2530897.97, 1176234.092]]]}, "properties": {"OBJECTID": 46391090, "EGID": 818211, "NO_COM_FED": 5757, "GENRE_TXT": "b\u00e2timent"}}, {"type": "Feature", "id": 46391185, "geometry": {"type": "Polygon", "coordinates": [[[2530804.2, 1175404.512], [2530803.81, 1175401.972], [2530806.29, 1175401.582], [2530806.69, 1175404.122], [2530804.2, 1175404.512]]]}, "properties": {"OBJECTID": 46391185, "EGID": 280111091, "NO_COM_FED": 5757, "GENRE_TXT": "b\u00e2timent"}}, {"type": "Feature", "id": 46391187, "geometry": {"type": "Polygon", "coordinates": [[[2530874.701, 1176363.024], [2530871.131, 1176363.674], [2530870.611, 1176360.914], [2530874.201, 1176360.264], [2530874.701, 1176363.024]]]}, "properties": {"OBJECTID": 46391187, "EGID": 280072463, "NO_COM_FED": 5757, "GENRE_TXT": "b\u00e2timent"}}, {"type": "Feature", "id": 46391436, "geometry": {"type": "Polygon", "coordinates": [[[2530908.53, 1176247.292], [2530913.41, 1176246.042], [2530916.86, 1176245.171], [2530918.71, 1176252.632], [2530913.91, 1176253.882], [2530910.51, 1176254.752], [2530908.53, 1176247.292]]]}, "properties": {"OBJECTID": 46391436, "EGID": 818213, "NO_COM_FED": 5757, "GENRE_TXT": "b\u00e2timent"}}, {"type": "Feature", "id": 46391859, "geometry": {"type": "Polygon", "coordinates": [[[2531631.959, 1174944.517], [2531630.549, 1174938.637], [2531636.4390000002, 1174937.257], [2531637.779, 1174943.067], [2531631.959, 1174944.517]]]}, "properties": {"OBJECTID": 46391859, "EGID": 280027872, "NO_COM_FED": 5757, "GENRE_TXT": "b\u00e2timent"}}, {"type": "Feature", "id": 46391924, "geometry": {"type": "Polygon", "coordinates": [[[2530756.506, 1176408.097], [2530756.917722289, 1176408.6102313942], [2530757.23976848, 1176409.1839978604], [2530757.4634303744, 1176409.8027846282], [2530757.5826601055, 1176410.4498595686], [2530757.594233675, 1176411.1077256335], [2530757.4978381316, 1176411.7585939814], [2530757.2960800314, 1176412.38486499], [2530756.9944149577, 1176412.9696041544], [2530756.601, 1176413.497], [2530757.611, 1176414.477], [2530748.381, 1176424.068], [2530744.701, 1176420.528], [2530748.871, 1176416.178], [2530747.0810000002, 1176413.798], [2530746.341, 1176410.838], [2530746.8109999998, 1176407.828], [2530748.431, 1176405.238], [2530750.881, 1176403.448], [2530754.001, 1176402.697], [2530754.221, 1176406.8969999999], [2530754.858791974, 1176407.0514125896], [2530755.4628087636, 1176407.3078995626], [2530756.0168356798, 1176407.6595755864], [2530756.506, 1176408.097]]]}, "properties": {"OBJECTID": 46391924, "EGID": 280009178, "NO_COM_FED": 5757, "GENRE_TXT": "b\u00e2timent"}}, {"type": "Feature", "id": 46391925, "geometry": {"type": "Polygon", "coordinates": [[[2530699.898, 1175248.745], [2530721.1890000002, 1175254.395], [2530717.769, 1175260.235], [2530697.968, 1175256.155], [2530699.898, 1175248.745]]]}, "properties": {"OBJECTID": 46391925, "EGID": 818485, "NO_COM_FED": 5757, "GENRE_TXT": "b\u00e2timent"}}, {"type": "Feature", "id": 46391945, "geometry": {"type": "Polygon", "coordinates": [[[2530982.712, 1175525.286], [2530984.482, 1175529.416], [2530982.162, 1175530.366], [2530980.412, 1175526.226], [2530982.712, 1175525.286]]]}, "properties": {"OBJECTID": 46391945, "EGID": 280051376, "NO_COM_FED": 5757, "GENRE_TXT": "b\u00e2timent"}}, {"type": "Feature", "id": 46391978, "geometry": {"type": "Polygon", "coordinates": [[[2531536.019, 1174550.563], [2531553.477, 1174546.3530000001], [2531548.897, 1174527.362], [2531531.497, 1174531.602], [2531527.099, 1174513.425], [2531525.45, 1174506.609], [2531565.342, 1174496.931], [2531579.175, 1174553.754], [2531539.18, 1174563.452], [2531536.019, 1174550.563]]]}, "properties": {"OBJECTID": 46391978, "EGID": 280127930, "NO_COM_FED": 5757, "GENRE_TXT": "b\u00e2timent"}}, {"type": "Feature", "id": 46391982, "geometry": {"type": "Polygon", "coordinates": [[[2530837.165, 1176281.486], [2530828.992, 1176282.899], [2530827.731, 1176275.605], [2530829.582, 1176275.286], [2530828.46, 1176268.874], [2530836.34, 1176267.504], [2530838.3, 1176267.154], [2530840.11, 1176277.494], [2530838.13, 1176277.844], [2530836.5810000002, 1176278.114], [2530837.165, 1176281.486]]]}, "properties": {"OBJECTID": 46391982, "EGID": 101101053, "NO_COM_FED": 5757, "GENRE_TXT": "b\u00e2timent"}}, {"type": "Feature", "id": 46391997, "geometry": {"type": "Polygon", "coordinates": [[[2531842.325, 1174657.757], [2531840.405, 1174658.209], [2531822.369, 1174581.498], [2531845.71, 1174576.004], [2531863.759, 1174652.714], [2531862.922, 1174652.911], [2531842.325, 1174657.757]]]}, "properties": {"OBJECTID": 46391997, "EGID": 280136029, "NO_COM_FED": 5757, "GENRE_TXT": "b\u00e2timent"}}, {"type": "Feature", "id": 46392285, "geometry": {"type": "Polygon", "coordinates": [[[2530898.695, 1174497.825], [2530898.211, 1174500.879], [2530896.548, 1174500.594], [2530896.377, 1174501.591], [2530894.03, 1174501.189], [2530894.6689999998, 1174497.163], [2530898.695, 1174497.825]]]}, "properties": {"OBJECTID": 46392285, "EGID": 280072842, "NO_COM_FED": 5757, "GENRE_TXT": "b\u00e2timent"}}, {"type": "Feature", "id": 46392287, "geometry": {"type": "Polygon", "coordinates": [[[2530800.367, 1175933.582], [2530802.517, 1175935.692], [2530798.317, 1175939.992], [2530796.157, 1175937.882], [2530800.367, 1175933.582]]]}, "properties": {"OBJECTID": 46392287, "EGID": 280042124, "NO_COM_FED": 5757, "GENRE_TXT": "b\u00e2timent"}}, {"type": "Feature", "id": 46392328, "geometry": {"type": "Polygon", "coordinates": [[[2531296.866, 1174848.382], [2531292.666, 1174834.613], [2531312.116, 1174828.743], [2531316.106, 1174842.332], [2531296.866, 1174848.382]]]}, "properties": {"OBJECTID": 46392328, "EGID": 280005476, "NO_COM_FED": 5757, "GENRE_TXT": "b\u00e2timent"}}, {"type": "Feature", "id": 46392637, "geometry": {"type": "Polygon", "coordinates": [[[2530645.225, 1175836.746], [2530642.035, 1175837.077], [2530642.165, 1175838.357], [2530639.365, 1175838.667], [2530639.235, 1175837.3969999999], [2530637.725, 1175837.537], [2530637.615, 1175836.637], [2530635.125, 1175836.927], [2530634.565, 1175832.1570000001], [2530636.985, 1175831.797], [2530636.785, 1175829.517], [2530644.325, 1175828.746], [2530644.445, 1175829.836], [2530645.685, 1175830.666], [2530645.835, 1175832.236], [2530644.905, 1175833.356], [2530645.225, 1175836.746]]]}, "properties": {"OBJECTID": 46392637, "EGID": 818095, "NO_COM_FED": 5757, "GENRE_TXT": "b\u00e2timent"}}, {"type": "Feature", "id": 46392841, "geometry": {"type": "Polygon", "coordinates": [[[2530690.036, 1175066.136], [2530691.676, 1175069.776], [2530687.476, 1175071.606], [2530685.736, 1175067.906], [2530690.036, 1175066.136]]]}, "properties": {"OBJECTID": 46392841, "EGID": 280043141, "NO_COM_FED": 5757, "GENRE_TXT": "b\u00e2timent"}}, {"type": "Feature", "id": 46393008, "geometry": {"type": "Polygon", "coordinates": [[[2530439.915, 1175865.753], [2530439.735, 1175872.733], [2530432.545, 1175872.553], [2530432.725, 1175865.573], [2530439.915, 1175865.753]]]}, "properties": {"OBJECTID": 46393008, "EGID": 280020525, "NO_COM_FED": 5757, "GENRE_TXT": "b\u00e2timent"}}, {"type": "Feature", "id": 46393078, "geometry": {"type": "Polygon", "coordinates": [[[2530730.335, 1174932.715], [2530730.245, 1174932.535], [2530744.805, 1174922.964], [2530750.625, 1174932.734], [2530735.555, 1174942.725], [2530735.345, 1174942.315], [2530730.335, 1174932.715]]]}, "properties": {"OBJECTID": 46393078, "EGID": 818851, "NO_COM_FED": 5757, "GENRE_TXT": "b\u00e2timent"}}, {"type": "Feature", "id": 46393116, "geometry": {"type": "Polygon", "coordinates": [[[2530721.898, 1175186.155], [2530717.528, 1175188.685], [2530717.618, 1175188.905], [2530716.598, 1175189.365], [2530716.078, 1175188.185], [2530716.248, 1175188.095], [2530712.758, 1175180.635], [2530710.368, 1175174.255], [2530710.228, 1175174.295], [2530709.978, 1175173.445], [2530712.858, 1175172.495], [2530712.968, 1175172.775], [2530715.598, 1175171.935], [2530715.738, 1175172.345], [2530737.207, 1175163.394], [2530739.388, 1175168.504], [2530741.268, 1175167.774], [2530741.438, 1175168.194], [2530744.728, 1175175.004], [2530740.328, 1175177.154], [2530740.228, 1175176.874], [2530721.698, 1175185.795], [2530721.898, 1175186.155]]]}, "properties": {"OBJECTID": 46393116, "EGID": 818509, "NO_COM_FED": 5757, "GENRE_TXT": "b\u00e2timent"}}, {"type": "Feature", "id": 46393126, "geometry": {"type": "Polygon", "coordinates": [[[2530723.646, 1175006.145], [2530720.106, 1175008.535], [2530713.536, 1175012.575], [2530710.666, 1175007.895], [2530720.796, 1175002.025], [2530723.646, 1175006.145]]]}, "properties": {"OBJECTID": 46393126, "EGID": 818673, "NO_COM_FED": 5757, "GENRE_TXT": "b\u00e2timent"}}, {"type": "Feature", "id": 46393478, "geometry": {"type": "Polygon", "coordinates": [[[2531536.08, 1175103.075], [2531538.8, 1175117.335], [2531525.63, 1175119.835], [2531522.79, 1175105.665], [2531536.08, 1175103.075]]]}, "properties": {"OBJECTID": 46393478, "EGID": 280007576, "NO_COM_FED": 5757, "GENRE_TXT": "b\u00e2timent"}}, {"type": "Feature", "id": 46393499, "geometry": {"type": "Polygon", "coordinates": [[[2531051.361, 1176311.508], [2531059.421, 1176309.398], [2531061.541, 1176308.838], [2531062.3109999998, 1176308.638], [2531064.771, 1176318.258], [2531061.891, 1176319.018], [2531051.721, 1176321.698], [2531049.271, 1176312.188], [2531051.391, 1176311.628], [2531051.361, 1176311.508]]]}, "properties": {"OBJECTID": 46393499, "EGID": 818341, "NO_COM_FED": 5757, "GENRE_TXT": "b\u00e2timent"}}, {"type": "Feature", "id": 46393783, "geometry": {"type": "Polygon", "coordinates": [[[2530884.042, 1174507.743], [2530886.363, 1174508.008], [2530885.078, 1174514.875], [2530881.598, 1174514.222], [2530882.848, 1174507.702], [2530884.008, 1174507.923], [2530884.042, 1174507.743]]]}, "properties": {"OBJECTID": 46393783, "EGID": 280070679, "NO_COM_FED": 5757, "GENRE_TXT": "b\u00e2timent"}}, {"type": "Feature", "id": 46393809, "geometry": {"type": "Polygon", "coordinates": [[[2530713.006, 1175079.535], [2530713.036, 1175079.885], [2530723.116, 1175081.195], [2530719.147, 1175094.755], [2530711.037, 1175087.515], [2530710.687, 1175087.715], [2530709.847, 1175086.475], [2530709.457, 1175086.125], [2530708.236, 1175085.035], [2530708.4359999998, 1175084.315], [2530708.816, 1175083.025], [2530709.216, 1175081.745], [2530709.356, 1175081.795], [2530710.056, 1175079.505], [2530711.476, 1175079.645], [2530711.506, 1175079.345], [2530713.006, 1175079.535]]]}, "properties": {"OBJECTID": 46393809, "EGID": 190098250, "NO_COM_FED": 5757, "GENRE_TXT": "b\u00e2timent"}}, {"type": "Feature", "id": 46393922, "geometry": {"type": "Polygon", "coordinates": [[[2530469.671, 1174641.701], [2530465.922, 1174636.99], [2530470.602, 1174633.215], [2530474.381, 1174637.899], [2530469.671, 1174641.701]]]}, "properties": {"OBJECTID": 46393922, "EGID": 280069486, "NO_COM_FED": 5757, "GENRE_TXT": "b\u00e2timent"}}, {"type": "Feature", "id": 46393974, "geometry": {"type": "Polygon", "coordinates": [[[2531774.27, 1174873.447], [2531774.75, 1174875.317], [2531776.7, 1174874.877], [2531776.27, 1174873.047], [2531787.56, 1174870.367], [2531790.09, 1174881.367], [2531778.88, 1174884.177], [2531778.37, 1174881.847], [2531776.27, 1174882.447], [2531776.81, 1174884.617], [2531765.92, 1174887.247], [2531763.22, 1174876.167], [2531774.27, 1174873.447]]]}, "properties": {"OBJECTID": 46393974, "EGID": 9029631, "NO_COM_FED": 5757, "GENRE_TXT": "b\u00e2timent"}}, {"type": "Feature", "id": 46394473, "geometry": {"type": "Polygon", "coordinates": [[[2531096.58, 1176283.987], [2531096.82, 1176286.807], [2531091.36, 1176287.237], [2531091.12, 1176284.417], [2531096.58, 1176283.987]]]}, "properties": {"OBJECTID": 46394473, "EGID": 280045777, "NO_COM_FED": 5757, "GENRE_TXT": "b\u00e2timent"}}, {"type": "Feature", "id": 46394507, "geometry": {"type": "Polygon", "coordinates": [[[2531656.979, 1176427.94], [2531656.4503863845, 1176428.0759229178], [2531655.9063633946, 1176428.120040722], [2531655.362755749, 1176428.0710700988], [2531654.8353760852, 1176427.9304355218], [2531654.339564995, 1176427.7022278155], [2531653.889744794, 1176427.393085161], [2531653.499, 1176427.012], [2531653.1848875503, 1176426.5804402726], [2531652.9468092425, 1176426.102706928], [2531652.791377539, 1176425.5920686855], [2531652.7229094496, 1176425.062708175], [2531652.74330663, 1176424.529328025], [2531652.852002561, 1176424.006742507], [2531653.045978288, 1176423.5094660781], [2531653.319846267, 1176423.0513102536], [2531653.666, 1176422.645], [2531654.085091557, 1176422.2949070293], [2531654.5575806405, 1176422.0211244754], [2531655.069722772, 1176421.8316165397], [2531655.6066199862, 1176421.7318959166], [2531656.152654202, 1176421.7248634303], [2531656.6919415495, 1176421.8107236528], [2531657.208794421, 1176421.9869789516], [2531657.6881778166, 1176422.2485021455], [2531658.116146706, 1176422.5876856516], [2531658.480251681, 1176422.9946627861], [2531658.769901105, 1176423.4575947814], [2531658.9766692165, 1176423.9630151698], [2531659.0945412307, 1176424.4962215174], [2531659.120088309, 1176425.0417031099], [2531659.052567298, 1176425.5835921522], [2531658.893942352, 1176426.1061253545], [2531658.6488277935, 1176426.594102479], [2531658.324353887, 1176427.0333285083], [2531657.9299594196, 1176427.411026569], [2531657.4771171366, 1176427.7162096086], [2531656.979, 1176427.94]]]}, "properties": {"OBJECTID": 46394507, "EGID": 281011448, "NO_COM_FED": 5757, "GENRE_TXT": "b\u00e2timent"}}, {"type": "Feature", "id": 46394700, "geometry": {"type": "Polygon", "coordinates": [[[2530629.057, 1175106.118], [2530629.027, 1175113.178], [2530629.027, 1175113.588], [2530626.547, 1175113.7280000001], [2530613.307, 1175114.518], [2530613.177, 1175106.488], [2530629.057, 1175106.118]]]}, "properties": {"OBJECTID": 46394700, "EGID": 818583, "NO_COM_FED": 5757, "GENRE_TXT": "b\u00e2timent"}}, {"type": "Feature", "id": 46395064, "geometry": {"type": "Polygon", "coordinates": [[[2531149.99, 1175326.861], [2531148.21, 1175324.411], [2531151.86, 1175322.001], [2531151.72, 1175321.791], [2531159.17, 1175317.191], [2531158.09, 1175315.451], [2531162.17, 1175312.93], [2531163.25, 1175314.67], [2531167.01, 1175312.35], [2531179.84, 1175331.14], [2531173.941, 1175334.85], [2531176.431, 1175338.86], [2531176.191, 1175339.02], [2531178.801, 1175343.17], [2531166.371, 1175350.93], [2531159.301, 1175339.63], [2531149.99, 1175326.861]]]}, "properties": {"OBJECTID": 46395064, "EGID": 818392, "NO_COM_FED": 5757, "GENRE_TXT": "b\u00e2timent"}}, {"type": "Feature", "id": 46395087, "geometry": {"type": "Polygon", "coordinates": [[[2530918.71, 1176252.632], [2530922.17, 1176251.761], [2530924.02, 1176259.231], [2530915.81, 1176261.342], [2530913.91, 1176253.882], [2530918.71, 1176252.632]]]}, "properties": {"OBJECTID": 46395087, "EGID": 818214, "NO_COM_FED": 5757, "GENRE_TXT": "b\u00e2timent"}}, {"type": "Feature", "id": 46395151, "geometry": {"type": "Polygon", "coordinates": [[[2530865.374, 1176489.0929999999], [2530866.553, 1176483.239], [2530875.323, 1176484.983], [2530874.151, 1176490.839], [2530865.374, 1176489.0929999999]]]}, "properties": {"OBJECTID": 46395151, "EGID": 280093015, "NO_COM_FED": 5757, "GENRE_TXT": "b\u00e2timent"}}, {"type": "Feature", "id": 46395184, "geometry": {"type": "Polygon", "coordinates": [[[2530295.484, 1175820.508], [2530300.134, 1175821.558], [2530300.324, 1175820.678], [2530301.354, 1175820.867], [2530302.364, 1175821.097], [2530302.894, 1175817.677], [2530308.004, 1175818.547], [2530307.384, 1175822.427], [2530306.144, 1175830.577], [2530299.8140000002, 1175829.598], [2530300.264, 1175826.838], [2530299.584, 1175826.7280000001], [2530299.764, 1175825.878], [2530283.524, 1175822.148], [2530283.628, 1175821.6570000001], [2530284.394, 1175818.038], [2530286.554, 1175818.498], [2530287.024, 1175818.608], [2530295.484, 1175820.508]]]}, "properties": {"OBJECTID": 46395184, "EGID": 3163964, "NO_COM_FED": 5757, "GENRE_TXT": "b\u00e2timent"}}, {"type": "Feature", "id": 46395267, "geometry": {"type": "Polygon", "coordinates": [[[2530703.824, 1175713.615], [2530703.414, 1175711.105], [2530700.974, 1175711.485], [2530700.004, 1175705.805], [2530695.554, 1175706.515], [2530695.304, 1175703.455], [2530699.474, 1175702.725], [2530708.624, 1175701.195], [2530710.094, 1175710.054], [2530709.754, 1175710.104], [2530710.204, 1175712.914], [2530703.824, 1175713.615]]]}, "properties": {"OBJECTID": 46395267, "EGID": 818287, "NO_COM_FED": 5757, "GENRE_TXT": "b\u00e2timent"}}, {"type": "Feature", "id": 46395562, "geometry": {"type": "Polygon", "coordinates": [[[2531681.5, 1174907.767], [2531680.959, 1174905.517], [2531685.99, 1174904.367], [2531686.51, 1174906.6469999999], [2531681.5, 1174907.767]]]}, "properties": {"OBJECTID": 46395562, "EGID": 280050544, "NO_COM_FED": 5757, "GENRE_TXT": "b\u00e2timent"}}, {"type": "Feature", "id": 46395710, "geometry": {"type": "Polygon", "coordinates": [[[2530513.135, 1174856.954], [2530513.343, 1174856.73], [2530517.454, 1174860.89], [2530514.0640000002, 1174864.56], [2530509.904, 1174860.43], [2530513.135, 1174856.954]]]}, "properties": {"OBJECTID": 46395710, "EGID": 280033545, "NO_COM_FED": 5757, "GENRE_TXT": "b\u00e2timent"}}, {"type": "Feature", "id": 46396128, "geometry": {"type": "Polygon", "coordinates": [[[2530863.898, 1176059.676], [2530860.628, 1176060.361], [2530852.318, 1176062.162], [2530850.988, 1176056.012], [2530855.618, 1176055.021], [2530855.898, 1176056.361], [2530858.998, 1176055.701], [2530859.578, 1176055.581], [2530859.699, 1176056.13], [2530862.987, 1176055.425], [2530863.898, 1176059.676]]]}, "properties": {"OBJECTID": 46396128, "EGID": 818232, "NO_COM_FED": 5757, "GENRE_TXT": "b\u00e2timent"}}, {"type": "Feature", "id": 46396253, "geometry": {"type": "Polygon", "coordinates": [[[2530533.77, 1174577.354], [2530530.062, 1174578.805], [2530527.652, 1174572.634], [2530541.001, 1174567.422], [2530543.423, 1174573.576], [2530533.77, 1174577.354]]]}, "properties": {"OBJECTID": 46396253, "EGID": 3163985, "NO_COM_FED": 5757, "GENRE_TXT": "b\u00e2timent"}}, {"type": "Feature", "id": 46396522, "geometry": {"type": "Polygon", "coordinates": [[[2530560.964, 1174874.2], [2530556.404, 1174879.16], [2530555.248, 1174880.349], [2530551.883, 1174877.2280000001], [2530557.664, 1174870.94], [2530561.108, 1174874.044], [2530560.964, 1174874.2]]]}, "properties": {"OBJECTID": 46396522, "EGID": 280028912, "NO_COM_FED": 5757, "GENRE_TXT": "b\u00e2timent"}}, {"type": "Feature", "id": 46396562, "geometry": {"type": "Polygon", "coordinates": [[[2531067.159, 1176135.656], [2531066.459, 1176132.946], [2531071.789, 1176131.586], [2531072.489, 1176134.296], [2531067.159, 1176135.656]]]}, "properties": {"OBJECTID": 46396562, "EGID": 280048250, "NO_COM_FED": 5757, "GENRE_TXT": "b\u00e2timent"}}, {"type": "Feature", "id": 46396696, "geometry": {"type": "Polygon", "coordinates": [[[2530561.463, 1174854.42], [2530561.773, 1174854.24], [2530559.103, 1174849.07], [2530567.153, 1174844.46], [2530568.233, 1174845.43], [2530569.163, 1174846.34], [2530570.373, 1174845.1], [2530574.133, 1174848.85], [2530562.283, 1174855.82], [2530561.463, 1174854.42]]]}, "properties": {"OBJECTID": 46396696, "EGID": 280095302, "NO_COM_FED": 5757, "GENRE_TXT": "b\u00e2timent"}}, {"type": "Feature", "id": 46396741, "geometry": {"type": "Polygon", "coordinates": [[[2531011.845, 1174888.986], [2531015.535, 1174883.226], [2531011.315, 1174880.616], [2531013.545, 1174877.106], [2531013.825, 1174877.306], [2531021.315, 1174881.895], [2531015.375, 1174891.216], [2531011.845, 1174888.986]]]}, "properties": {"OBJECTID": 46396741, "EGID": 280016976, "NO_COM_FED": 5757, "GENRE_TXT": "b\u00e2timent"}}, {"type": "Feature", "id": 46396829, "geometry": {"type": "Polygon", "coordinates": [[[2530675.532, 1175582.156], [2530675.832, 1175584.846], [2530667.252, 1175586.276], [2530666.832, 1175582.616], [2530665.602, 1175572.226], [2530665.422, 1175570.726], [2530670.742, 1175570.016], [2530670.942, 1175571.526], [2530674.812, 1175571.046], [2530676.132, 1175582.086], [2530675.532, 1175582.156]]]}, "properties": {"OBJECTID": 46396829, "EGID": 818297, "NO_COM_FED": 5757, "GENRE_TXT": "b\u00e2timent"}}, {"type": "Feature", "id": 46396948, "geometry": {"type": "Polygon", "coordinates": [[[2530925.868, 1176006.519], [2530924.607, 1176003.799], [2530930.057, 1176001.299], [2530931.317, 1176004.029], [2530925.868, 1176006.519]]]}, "properties": {"OBJECTID": 46396948, "EGID": 280041782, "NO_COM_FED": 5757, "GENRE_TXT": "b\u00e2timent"}}, {"type": "Feature", "id": 46397185, "geometry": {"type": "Polygon", "coordinates": [[[2530370.856, 1175786.886], [2530364.468, 1175785.74], [2530366.391, 1175774.903], [2530372.798, 1175776.05], [2530370.856, 1175786.886]]]}, "properties": {"OBJECTID": 46397185, "EGID": 280059345, "NO_COM_FED": 5757, "GENRE_TXT": "b\u00e2timent"}}, {"type": "Feature", "id": 46397487, "geometry": {"type": "Polygon", "coordinates": [[[2530368.715, 1174521.954], [2530366.022, 1174532.085], [2530364.574, 1174531.693], [2530363.113, 1174530.196], [2530360.005, 1174529.367], [2530362.425, 1174520.285], [2530368.715, 1174521.954]]]}, "properties": {"OBJECTID": 46397487, "EGID": 818839, "NO_COM_FED": 5757, "GENRE_TXT": "b\u00e2timent"}}, {"type": "Feature", "id": 46397542, "geometry": {"type": "Polygon", "coordinates": [[[2530659.913, 1175412.216], [2530659.372, 1175422.515], [2530654.7060000002, 1175422.269], [2530654.77, 1175421.039], [2530650.452, 1175420.813], [2530649.192, 1175418.271], [2530647.805, 1175418.959], [2530646.462, 1175416.301], [2530649.55, 1175414.729], [2530648.302, 1175412.245], [2530644.665, 1175414.072], [2530642.726, 1175410.251], [2530641.488, 1175410.879], [2530637.609, 1175403.153], [2530638.824, 1175402.515], [2530636.192, 1175397.333], [2530634.935, 1175397.954], [2530631.023, 1175390.24], [2530632.253, 1175389.624], [2530630.325, 1175385.775], [2530633.949, 1175383.927], [2530633.4, 1175382.85], [2530638.688, 1175380.153], [2530639.247, 1175381.248], [2530642.746, 1175379.464], [2530646.106, 1175386.114], [2530645.661, 1175386.34], [2530646.67, 1175388.325], [2530647.115, 1175388.099], [2530652.738, 1175399.166], [2530652.29, 1175399.391], [2530653.292, 1175401.388], [2530653.74, 1175401.163], [2530657.094, 1175407.801], [2530653.616, 1175409.561], [2530655.228, 1175412.747], [2530656.591, 1175412.057], [2530659.913, 1175412.216]]]}, "properties": {"OBJECTID": 46397542, "EGID": 280056308, "NO_COM_FED": 5757, "GENRE_TXT": "b\u00e2timent"}}, {"type": "Feature", "id": 46397765, "geometry": {"type": "Polygon", "coordinates": [[[2530421.645, 1174441.787], [2530422.366, 1174450.489], [2530408.778, 1174451.606], [2530408.065, 1174442.893], [2530408.541, 1174442.8530000001], [2530408.245, 1174439.3429999999], [2530409.157, 1174438.266], [2530413.135, 1174437.936], [2530414.212, 1174438.848], [2530414.504, 1174442.379], [2530421.645, 1174441.787]]]}, "properties": {"OBJECTID": 46397765, "EGID": 3163907, "NO_COM_FED": 5757, "GENRE_TXT": "b\u00e2timent"}}, {"type": "Feature", "id": 46397873, "geometry": {"type": "Polygon", "coordinates": [[[2531466.229, 1175094.096], [2531459.269, 1175087.616], [2531469.119, 1175077.026], [2531476.069, 1175083.476], [2531466.229, 1175094.096]]]}, "properties": {"OBJECTID": 46397873, "EGID": 280010243, "NO_COM_FED": 5757, "GENRE_TXT": "b\u00e2timent"}}, {"type": "Feature", "id": 46397955, "geometry": {"type": "Polygon", "coordinates": [[[2530765.132, 1175699.274], [2530760.844, 1175695.283], [2530767.984, 1175687.663], [2530771.004, 1175690.503], [2530771.454, 1175690.023], [2530779.074, 1175697.162], [2530778.634, 1175697.642], [2530781.664, 1175700.482], [2530778.324, 1175704.0320000001], [2530779.5640000002, 1175705.202], [2530776.724, 1175708.2820000001], [2530775.434, 1175707.132], [2530774.5640000002, 1175708.052], [2530765.132, 1175699.274]]]}, "properties": {"OBJECTID": 46397955, "EGID": 818294, "NO_COM_FED": 5757, "GENRE_TXT": "b\u00e2timent"}}, {"type": "Feature", "id": 46398190, "geometry": {"type": "Polygon", "coordinates": [[[2530935.184, 1174173.856], [2530934.652, 1174179.044], [2530931.838, 1174178.73], [2530931.982, 1174177.4780000001], [2530929.047, 1174177.141], [2530929.511, 1174173.19], [2530935.184, 1174173.856]]]}, "properties": {"OBJECTID": 46398190, "EGID": 280070578, "NO_COM_FED": 5757, "GENRE_TXT": "b\u00e2timent"}}, {"type": "Feature", "id": 46398227, "geometry": {"type": "Polygon", "coordinates": [[[2530617.663, 1174659.615], [2530619.46, 1174655.144], [2530622.692, 1174656.436], [2530624.634, 1174655.583], [2530629.26, 1174657.42], [2530625.969, 1174665.761], [2530620.789, 1174663.679], [2530616.691, 1174662.031], [2530617.663, 1174659.615]]]}, "properties": {"OBJECTID": 46398227, "EGID": 3163894, "NO_COM_FED": 5757, "GENRE_TXT": "b\u00e2timent"}}, {"type": "Feature", "id": 46398260, "geometry": {"type": "Polygon", "coordinates": [[[2530469.453, 1174511.175], [2530471.44, 1174517.133], [2530463.575, 1174519.762], [2530464.25, 1174521.779], [2530458.399, 1174523.744], [2530455.682, 1174515.79], [2530469.453, 1174511.175]]]}, "properties": {"OBJECTID": 46398260, "EGID": 280127071, "NO_COM_FED": 5757, "GENRE_TXT": "b\u00e2timent"}}, {"type": "Feature", "id": 46398319, "geometry": {"type": "Polygon", "coordinates": [[[2530196.181, 1174413.254], [2530192.464, 1174414.366], [2530191.258, 1174410.318], [2530194.97, 1174409.213], [2530188.1, 1174386.161], [2530184.389, 1174387.2179999999], [2530183.18, 1174383.203], [2530186.898, 1174382.096], [2530185.341, 1174376.868], [2530197.645, 1174373.178], [2530210.004, 1174414.648], [2530210.348, 1174415.867], [2530203.517, 1174417.931], [2530198.058, 1174419.566], [2530197.733, 1174418.493], [2530196.181, 1174413.254]]]}, "properties": {"OBJECTID": 46398319, "EGID": 280057023, "NO_COM_FED": 5757, "GENRE_TXT": "b\u00e2timent"}}, {"type": "Feature", "id": 46398528, "geometry": {"type": "Polygon", "coordinates": [[[2530849.23, 1176232.153], [2530854.94, 1176231.253], [2530855.83, 1176236.933], [2530850.12, 1176237.833], [2530849.23, 1176232.153]]]}, "properties": {"OBJECTID": 46398528, "EGID": 280029328, "NO_COM_FED": 5757, "GENRE_TXT": "b\u00e2timent"}}, {"type": "Feature", "id": 46398607, "geometry": {"type": "Polygon", "coordinates": [[[2530385.719, 1174781.28], [2530385.177, 1174780.977], [2530377.35, 1174776.597], [2530381.945, 1174768.089], [2530390.338, 1174772.779], [2530385.719, 1174781.28]]]}, "properties": {"OBJECTID": 46398607, "EGID": 818810, "NO_COM_FED": 5757, "GENRE_TXT": "b\u00e2timent"}}, {"type": "Feature", "id": 46398982, "geometry": {"type": "Polygon", "coordinates": [[[2530563.299, 1174637.099], [2530558.901, 1174642.8429999999], [2530553.107, 1174637.964], [2530555.484, 1174633.341], [2530550.713, 1174630.873], [2530556.016, 1174620.554], [2530563.636, 1174624.497], [2530558.485, 1174634.604], [2530563.299, 1174637.099]]]}, "properties": {"OBJECTID": 46398982, "EGID": 818804, "NO_COM_FED": 5757, "GENRE_TXT": "b\u00e2timent"}}, {"type": "Feature", "id": 46399052, "geometry": {"type": "Polygon", "coordinates": [[[2531090.65, 1176278.767], [2531096.1, 1176278.337], [2531096.34, 1176281.167], [2531090.88, 1176281.597], [2531090.65, 1176278.767]]]}, "properties": {"OBJECTID": 46399052, "EGID": 280045527, "NO_COM_FED": 5757, "GENRE_TXT": "b\u00e2timent"}}, {"type": "Feature", "id": 46399103, "geometry": {"type": "Polygon", "coordinates": [[[2530978.151, 1176401.891], [2530981.335, 1176401.156], [2530982.459, 1176406.03], [2530985.87, 1176405.243], [2530987.445, 1176412.065], [2530981.365, 1176413.471], [2530978.678, 1176414.092], [2530975.974, 1176402.393], [2530978.151, 1176401.891]]]}, "properties": {"OBJECTID": 46399103, "EGID": 280081451, "NO_COM_FED": 5757, "GENRE_TXT": "b\u00e2timent"}}, {"type": "Feature", "id": 46399184, "geometry": {"type": "Polygon", "coordinates": [[[2530202.91, 1175489.876], [2530188.68, 1175473.896], [2530192.03, 1175470.846], [2530191.18, 1175469.906], [2530194.09, 1175467.316], [2530209.26, 1175484.306], [2530202.91, 1175489.876]]]}, "properties": {"OBJECTID": 46399184, "EGID": 280007873, "NO_COM_FED": 5757, "GENRE_TXT": "b\u00e2timent"}}, {"type": "Feature", "id": 46399317, "geometry": {"type": "Polygon", "coordinates": [[[2530363.207, 1174361.4], [2530359.3, 1174362.575], [2530357.037, 1174354.854], [2530360.93, 1174353.662], [2530363.207, 1174361.4]]]}, "properties": {"OBJECTID": 46399317, "EGID": 280069826, "NO_COM_FED": 5757, "GENRE_TXT": "b\u00e2timent"}}, {"type": "Feature", "id": 46399332, "geometry": {"type": "Polygon", "coordinates": [[[2531245.145, 1174684.116], [2531241.445, 1174684.916], [2531241.075, 1174683.066], [2531244.025, 1174682.406], [2531243.755, 1174681.196], [2531240.775, 1174681.856], [2531239.015, 1174673.726], [2531247.355, 1174671.956], [2531249.095, 1174680.016], [2531248.135, 1174680.246], [2531248.605, 1174682.636], [2531244.975, 1174683.416], [2531245.145, 1174684.116]]]}, "properties": {"OBJECTID": 46399332, "EGID": 818467, "NO_COM_FED": 5757, "GENRE_TXT": "b\u00e2timent"}}, {"type": "Feature", "id": 46399412, "geometry": {"type": "Polygon", "coordinates": [[[2530988.623, 1176513.922], [2530988.492, 1176509.322], [2530989.462, 1176509.292], [2530989.222, 1176501.672], [2530998.772, 1176501.352], [2530999.022, 1176509.122], [2531000.032, 1176509.092], [2531000.173, 1176513.5219999999], [2530988.623, 1176513.922]]]}, "properties": {"OBJECTID": 46399412, "EGID": 818171, "NO_COM_FED": 5757, "GENRE_TXT": "b\u00e2timent"}}, {"type": "Feature", "id": 46399500, "geometry": {"type": "Polygon", "coordinates": [[[2530401.538, 1176175.955], [2530366.7939999998, 1176162.144], [2530363.916, 1176169.385], [2530353.943, 1176165.411], [2530360.118, 1176149.926], [2530361.703, 1176146.077], [2530378.178, 1176152.675], [2530385.218, 1176134.835], [2530387.878, 1176135.905], [2530394.778, 1176118.815], [2530401.248, 1176121.425], [2530402.218, 1176119.024], [2530405.598, 1176110.664], [2530412.818, 1176113.544], [2530413.878, 1176110.894], [2530421.098, 1176113.764], [2530422.148, 1176111.114], [2530429.348, 1176113.994], [2530430.398, 1176111.354], [2530452.318, 1176120.123], [2530451.258, 1176122.763], [2530458.508, 1176125.653], [2530455.128, 1176134.003], [2530454.158, 1176136.403], [2530462.068, 1176139.563], [2530452.038, 1176164.594], [2530445.488, 1176161.974], [2530443.738, 1176166.354], [2530434.928, 1176162.854], [2530437.908, 1176155.304], [2530439.778, 1176156.054], [2530446.178, 1176139.953], [2530437.538, 1176136.374], [2530436.458, 1176138.974], [2530410.248, 1176128.624], [2530402.622, 1176147.662], [2530415.909, 1176152.953], [2530407.963, 1176172.7719999999], [2530405.976, 1176177.7280000001], [2530401.538, 1176175.955]]]}, "properties": {"OBJECTID": 46399500, "EGID": 9029612, "NO_COM_FED": 5757, "GENRE_TXT": "b\u00e2timent"}}, {"type": "Feature", "id": 46399673, "geometry": {"type": "Polygon", "coordinates": [[[2530958.582, 1176491.233], [2530958.792, 1176498.673], [2530952.402, 1176498.863], [2530952.192, 1176491.433], [2530958.582, 1176491.233]]]}, "properties": {"OBJECTID": 46399673, "EGID": 280021652, "NO_COM_FED": 5757, "GENRE_TXT": "b\u00e2timent"}}, {"type": "Feature", "id": 46399807, "geometry": {"type": "Polygon", "coordinates": [[[2530696.93, 1175386.425], [2530697.59, 1175395.675], [2530679.61, 1175396.516], [2530677.43, 1175386.646], [2530677.31, 1175385.946], [2530676.01, 1175378.556], [2530679.73, 1175378.316], [2530696.22, 1175377.235], [2530696.59, 1175382.125], [2530685.58, 1175382.916], [2530680.72, 1175383.466], [2530681.2, 1175387.876], [2530696.93, 1175386.425]]]}, "properties": {"OBJECTID": 46399807, "EGID": 818497, "NO_COM_FED": 5757, "GENRE_TXT": "b\u00e2timent"}}, {"type": "Feature", "id": 46399910, "geometry": {"type": "Polygon", "coordinates": [[[2530720.356, 1175878.554], [2530712.966, 1175876.554], [2530713.506, 1175874.544], [2530712.076, 1175874.164], [2530712.846, 1175871.324], [2530714.276, 1175871.714], [2530715.056, 1175868.814], [2530718.666, 1175869.764], [2530718.836, 1175869.094], [2530719.856, 1175868.554], [2530721.516, 1175869.024], [2530722.116, 1175870.024], [2530721.966, 1175870.654], [2530722.446, 1175870.804], [2530721.466, 1175874.434], [2530720.356, 1175878.554]]]}, "properties": {"OBJECTID": 46399910, "EGID": 818285, "NO_COM_FED": 5757, "GENRE_TXT": "b\u00e2timent"}}, {"type": "Feature", "id": 46400067, "geometry": {"type": "Polygon", "coordinates": [[[2530964.641, 1176335.031], [2530968.421, 1176339.631], [2530963.781, 1176343.451], [2530960.001, 1176338.861], [2530964.641, 1176335.031]]]}, "properties": {"OBJECTID": 46400067, "EGID": 280028593, "NO_COM_FED": 5757, "GENRE_TXT": "b\u00e2timent"}}, {"type": "Feature", "id": 46400138, "geometry": {"type": "Polygon", "coordinates": [[[2530824.786, 1175009.892], [2530825.666, 1175009.442], [2530835.539, 1175027.406], [2530835.646, 1175027.601], [2530833.946, 1175028.621], [2530833.546, 1175028.871], [2530833.826, 1175029.341], [2530827.257, 1175033.266], [2530826.912, 1175032.637], [2530816.859, 1175014.373], [2530820.826, 1175011.822], [2530824.786, 1175009.892]]]}, "properties": {"OBJECTID": 46400138, "EGID": 280056905, "NO_COM_FED": 5757, "GENRE_TXT": "b\u00e2timent"}}, {"type": "Feature", "id": 46400170, "geometry": {"type": "Polygon", "coordinates": [[[2530582.767, 1174419.119], [2530576.734, 1174419.129], [2530576.728, 1174414.909], [2530582.733, 1174414.9], [2530582.767, 1174419.119]]]}, "properties": {"OBJECTID": 46400170, "EGID": 280070308, "NO_COM_FED": 5757, "GENRE_TXT": "b\u00e2timent"}}, {"type": "Feature", "id": 46400184, "geometry": {"type": "Polygon", "coordinates": [[[2531229.155, 1174703.786], [2531214.785, 1174708.986], [2531204.772, 1174682.036], [2531219.148, 1174676.812], [2531229.155, 1174703.786]]]}, "properties": {"OBJECTID": 46400184, "EGID": 819014, "NO_COM_FED": 5757, "GENRE_TXT": "b\u00e2timent"}}, {"type": "Feature", "id": 46400232, "geometry": {"type": "Polygon", "coordinates": [[[2530383.415, 1174492.381], [2530379.029, 1174482.266], [2530380.107, 1174481.802], [2530378.833, 1174478.844], [2530382.508, 1174477.262], [2530383.768, 1174480.205], [2530384.136, 1174480.047], [2530388.522, 1174490.172], [2530388.094, 1174490.357], [2530383.415, 1174492.381]]]}, "properties": {"OBJECTID": 46400232, "EGID": 818846, "NO_COM_FED": 5757, "GENRE_TXT": "b\u00e2timent"}}, {"type": "Feature", "id": 46400263, "geometry": {"type": "Polygon", "coordinates": [[[2531075.979, 1176147.856], [2531076.679, 1176150.566], [2531071.369, 1176151.926], [2531070.6689999998, 1176149.216], [2531075.979, 1176147.856]]]}, "properties": {"OBJECTID": 46400263, "EGID": 280048488, "NO_COM_FED": 5757, "GENRE_TXT": "b\u00e2timent"}}, {"type": "Feature", "id": 46400624, "geometry": {"type": "Polygon", "coordinates": [[[2530680.694, 1175735.092], [2530677.297, 1175735.238], [2530677.098, 1175730.642], [2530678.106, 1175730.594], [2530677.713, 1175721.512], [2530687.3140000002, 1175721.09], [2530687.896, 1175734.785], [2530680.694, 1175735.092]]]}, "properties": {"OBJECTID": 46400624, "EGID": 400001074, "NO_COM_FED": 5757, "GENRE_TXT": "b\u00e2timent"}}, {"type": "Feature", "id": 46401010, "geometry": {"type": "Polygon", "coordinates": [[[2530652.987, 1175152.057], [2530665.127, 1175150.4070000001], [2530666.587, 1175159.927], [2530654.757, 1175161.127], [2530652.987, 1175152.057]]]}, "properties": {"OBJECTID": 46401010, "EGID": 818939, "NO_COM_FED": 5757, "GENRE_TXT": "b\u00e2timent"}}, {"type": "Feature", "id": 46401109, "geometry": {"type": "Polygon", "coordinates": [[[2530601.065, 1175823.858], [2530599.395, 1175816.028], [2530606.735, 1175814.4679999999], [2530609.015, 1175825.208], [2530601.695, 1175826.778], [2530601.065, 1175823.858]]]}, "properties": {"OBJECTID": 46401109, "EGID": 190090879, "NO_COM_FED": 5757, "GENRE_TXT": "b\u00e2timent"}}, {"type": "Feature", "id": 46401173, "geometry": {"type": "Polygon", "coordinates": [[[2531074.898, 1175110.963], [2531072.118, 1175107.614], [2531071.818, 1175107.904], [2531066.778, 1175102.454], [2531065.458, 1175101.024], [2531072.737, 1175094.114], [2531074.017, 1175095.554], [2531082.038, 1175104.453], [2531074.898, 1175110.963]]]}, "properties": {"OBJECTID": 46401173, "EGID": 818445, "NO_COM_FED": 5757, "GENRE_TXT": "b\u00e2timent"}}, {"type": "Feature", "id": 46401194, "geometry": {"type": "Polygon", "coordinates": [[[2530086.957, 1174607.98], [2530087.155, 1174613.364], [2530080.6859999998, 1174613.629], [2530080.468, 1174608.2179999999], [2530086.957, 1174607.98]]]}, "properties": {"OBJECTID": 46401194, "EGID": 280069538, "NO_COM_FED": 5757, "GENRE_TXT": "b\u00e2timent"}}, {"type": "Feature", "id": 46401445, "geometry": {"type": "Polygon", "coordinates": [[[2530746.698, 1175185.594], [2530748.618, 1175189.344], [2530748.758, 1175189.614], [2530730.458, 1175200.364], [2530727.792, 1175196.242], [2530726.888, 1175194.845], [2530746.538, 1175185.284], [2530746.698, 1175185.594]]]}, "properties": {"OBJECTID": 46401445, "EGID": 818511, "NO_COM_FED": 5757, "GENRE_TXT": "b\u00e2timent"}}, {"type": "Feature", "id": 46401473, "geometry": {"type": "Polygon", "coordinates": [[[2530848.329, 1174791.381], [2530842.1689999998, 1174810.2], [2530841.04, 1174809.804], [2530832.018, 1174835.045], [2530806.7939999998, 1174826.0320000001], [2530804.324, 1174825.163], [2530803.744, 1174824.943], [2530804.0439999998, 1174824.113], [2530790.354, 1174819.213], [2530791.244, 1174816.683], [2530752.633, 1174802.734], [2530758.593, 1174786.134], [2530762.303, 1174787.474], [2530763.523, 1174783.984], [2530761.783, 1174778.994], [2530767.603, 1174777.254], [2530774.003, 1174775.794], [2530774.383, 1174769.207], [2530774.413, 1174768.684], [2530774.433, 1174768.104], [2530775.683, 1174767.954], [2530775.793, 1174768.834], [2530781.963, 1174768.193], [2530782.023, 1174764.823], [2530783.123, 1174764.823], [2530783.423, 1174760.523], [2530783.903, 1174760.543], [2530788.953, 1174762.573], [2530788.953, 1174763.053], [2530791.213, 1174763.1030000001], [2530791.353, 1174755.713], [2530796.913, 1174755.8429999999], [2530796.813, 1174759.313], [2530802.263, 1174759.403], [2530803.663, 1174749.053], [2530814.023, 1174750.432], [2530833.383, 1174753.012], [2530831.733, 1174765.552], [2530818.473, 1174763.812], [2530806.743, 1174794.072], [2530827.843, 1174801.592], [2530837.233, 1174773.692], [2530852.463, 1174778.751], [2530848.329, 1174791.381]]]}, "properties": {"OBJECTID": 46401473, "EGID": null, "NO_COM_FED": 5757, "GENRE_TXT": "b\u00e2timent"}}, {"type": "Feature", "id": 46401647, "geometry": {"type": "Polygon", "coordinates": [[[2530452.135, 1175890.973], [2530452.275, 1175887.883], [2530450.605, 1175887.813], [2530450.765, 1175883.323], [2530452.425, 1175883.383], [2530452.535, 1175880.333], [2530463.825, 1175880.832], [2530463.355, 1175891.462], [2530452.135, 1175890.973]]]}, "properties": {"OBJECTID": 46401647, "EGID": 818129, "NO_COM_FED": 5757, "GENRE_TXT": "b\u00e2timent"}}, {"type": "Feature", "id": 46401804, "geometry": {"type": "Polygon", "coordinates": [[[2530765.255, 1174958.264], [2530767.655, 1174962.574], [2530754.245, 1174970.344], [2530753.725, 1174965.154], [2530765.255, 1174958.264]]]}, "properties": {"OBJECTID": 46401804, "EGID": 818662, "NO_COM_FED": 5757, "GENRE_TXT": "b\u00e2timent"}}, {"type": "Feature", "id": 46401845, "geometry": {"type": "Polygon", "coordinates": [[[2530754.219, 1175260.904], [2530754.819, 1175265.364], [2530754.889, 1175266.464], [2530754.399, 1175266.524], [2530754.249, 1175272.204], [2530751.769, 1175272.064], [2530742.6689999998, 1175271.184], [2530743.019, 1175264.054], [2530745.479, 1175263.884], [2530745.289, 1175262.354], [2530748.279, 1175261.464], [2530750.499, 1175260.694], [2530750.619, 1175261.424], [2530754.219, 1175260.904]]]}, "properties": {"OBJECTID": 46401845, "EGID": 818516, "NO_COM_FED": 5757, "GENRE_TXT": "b\u00e2timent"}}, {"type": "Feature", "id": 46401965, "geometry": {"type": "Polygon", "coordinates": [[[2531136.4560000002, 1174955.232], [2531138.566, 1174952.5320000001], [2531138.886, 1174952.792], [2531139.616, 1174951.742], [2531141.813, 1174953.445], [2531143.486, 1174954.742], [2531142.746, 1174955.712], [2531145.196, 1174957.562], [2531144.756, 1174958.142], [2531140.922, 1174963.197], [2531140.486, 1174963.7719999999], [2531140.2060000002, 1174963.552], [2531133.856, 1174958.722], [2531136.4560000002, 1174955.232]]]}, "properties": {"OBJECTID": 46401965, "EGID": 818453, "NO_COM_FED": 5757, "GENRE_TXT": "b\u00e2timent"}}, {"type": "Feature", "id": 46402015, "geometry": {"type": "Polygon", "coordinates": [[[2530635.925, 1175793.467], [2530635.965, 1175798.967], [2530650.115, 1175799.046], [2530650.125, 1175797.986], [2530651.415, 1175797.996], [2530651.415, 1175799.056], [2530656.975, 1175799.086], [2530662.105, 1175808.746], [2530652.722, 1175808.928], [2530651.285, 1175808.956], [2530651.225, 1175805.436], [2530642.005, 1175805.327], [2530643.825, 1175822.786], [2530633.645, 1175823.767], [2530632.415, 1175812.597], [2530631.985, 1175812.617], [2530629.775, 1175793.387], [2530634.705, 1175793.457], [2530635.925, 1175793.467]]]}, "properties": {"OBJECTID": 46402015, "EGID": 818094, "NO_COM_FED": 5757, "GENRE_TXT": "b\u00e2timent"}}, {"type": "Feature", "id": 46402017, "geometry": {"type": "Polygon", "coordinates": [[[2530609.6689999998, 1176165.359], [2530608.559, 1176165.389], [2530608.899, 1176169.369], [2530606.499, 1176169.429], [2530606.739, 1176173.119], [2530597.4189999998, 1176173.67], [2530597.219, 1176170.08], [2530594.829, 1176167.96], [2530596.1689999998, 1176166.47], [2530587.848, 1176159.02], [2530586.539, 1176160.5], [2530584.118, 1176158.34], [2530580.578, 1176158.53], [2530580.078, 1176149.18], [2530583.728, 1176148.99], [2530583.598, 1176146.66], [2530587.568, 1176146.44], [2530587.518, 1176145.43], [2530594.488, 1176145.049], [2530595.638, 1176143.749], [2530600.918, 1176148.489], [2530600.998, 1176149.769], [2530603.968, 1176152.439], [2530605.198, 1176152.319], [2530610.4390000002, 1176157.099], [2530610.529, 1176157.129], [2530609.309, 1176158.439], [2530609.6689999998, 1176165.359]]]}, "properties": {"OBJECTID": 46402017, "EGID": 818229, "NO_COM_FED": 5757, "GENRE_TXT": "b\u00e2timent"}}, {"type": "Feature", "id": 46402141, "geometry": {"type": "Polygon", "coordinates": [[[2530746.553, 1175607.963], [2530742.623, 1175608.854], [2530741.393, 1175603.354], [2530745.313, 1175602.523], [2530746.553, 1175607.963]]]}, "properties": {"OBJECTID": 46402141, "EGID": 280039353, "NO_COM_FED": 5757, "GENRE_TXT": "b\u00e2timent"}}, {"type": "Feature", "id": 46402151, "geometry": {"type": "Polygon", "coordinates": [[[2530745.522, 1176508.689], [2530734.962, 1176513.189], [2530733.422, 1176509.549], [2530743.992, 1176505.079], [2530745.522, 1176508.689]]]}, "properties": {"OBJECTID": 46402151, "EGID": 280023721, "NO_COM_FED": 5757, "GENRE_TXT": "b\u00e2timent"}}, {"type": "Feature", "id": 46402204, "geometry": {"type": "Polygon", "coordinates": [[[2530386.987, 1174698.826], [2530380.274, 1174681.135], [2530386.109, 1174678.922], [2530390.81, 1174686.885], [2530394.285, 1174696.039], [2530386.987, 1174698.826]]]}, "properties": {"OBJECTID": 46402204, "EGID": 280129122, "NO_COM_FED": 5757, "GENRE_TXT": "b\u00e2timent"}}, {"type": "Feature", "id": 46402273, "geometry": {"type": "Polygon", "coordinates": [[[2530882.481, 1175420.483], [2530879.471, 1175421.369], [2530876.721, 1175412.229], [2530885.861, 1175409.519], [2530886.181, 1175410.6030000001], [2530888.571, 1175418.689], [2530882.481, 1175420.483]]]}, "properties": {"OBJECTID": 46402273, "EGID": 818382, "NO_COM_FED": 5757, "GENRE_TXT": "b\u00e2timent"}}, {"type": "Feature", "id": 46402290, "geometry": {"type": "Polygon", "coordinates": [[[2530599.976, 1174504.584], [2530606.737, 1174511.02], [2530606.472, 1174511.305], [2530607.694, 1174512.442], [2530605.026, 1174515.31], [2530603.816, 1174514.15], [2530600.349, 1174517.765], [2530593.595, 1174511.347], [2530597.244, 1174507.479], [2530599.976, 1174504.584]]]}, "properties": {"OBJECTID": 46402290, "EGID": 818775, "NO_COM_FED": 5757, "GENRE_TXT": "b\u00e2timent"}}, {"type": "Feature", "id": 46402503, "geometry": {"type": "Polygon", "coordinates": [[[2530199.467, 1174558.662], [2530201.963, 1174561.756], [2530196.638, 1174566.033], [2530196.482, 1174566.158], [2530185.781, 1174552.91], [2530191.279, 1174548.512], [2530199.467, 1174558.662]]]}, "properties": {"OBJECTID": 46402503, "EGID": 190069355, "NO_COM_FED": 5757, "GENRE_TXT": "b\u00e2timent"}}, {"type": "Feature", "id": 46402529, "geometry": {"type": "Polygon", "coordinates": [[[2531370.568, 1174965.959], [2531367.608, 1174969.289], [2531361.798, 1174963.82], [2531364.868, 1174960.43], [2531370.568, 1174965.959]]]}, "properties": {"OBJECTID": 46402529, "EGID": 280027748, "NO_COM_FED": 5757, "GENRE_TXT": "b\u00e2timent"}}, {"type": "Feature", "id": 46402712, "geometry": {"type": "Polygon", "coordinates": [[[2530651.888, 1174323.869], [2530651.095, 1174335.294], [2530644.542, 1174334.849], [2530641.076, 1174334.614], [2530641.882, 1174322.886], [2530651.909, 1174323.559], [2530651.888, 1174323.869]]]}, "properties": {"OBJECTID": 46402712, "EGID": 818789, "NO_COM_FED": 5757, "GENRE_TXT": "b\u00e2timent"}}, {"type": "Feature", "id": 46402769, "geometry": {"type": "Polygon", "coordinates": [[[2531044.685, 1174896.855], [2531041.795, 1174894.975], [2531043.965, 1174891.125], [2531047.055, 1174892.775], [2531044.685, 1174896.855]]]}, "properties": {"OBJECTID": 46402769, "EGID": 280045627, "NO_COM_FED": 5757, "GENRE_TXT": "b\u00e2timent"}}, {"type": "Feature", "id": 46402837, "geometry": {"type": "Polygon", "coordinates": [[[2531620.635, 1175210.482], [2531625.97, 1175208.011], [2531627.092, 1175210.444], [2531621.753, 1175212.911], [2531620.635, 1175210.482]]]}, "properties": {"OBJECTID": 46402837, "EGID": 280100905, "NO_COM_FED": 5757, "GENRE_TXT": "b\u00e2timent"}}, {"type": "Feature", "id": 46403050, "geometry": {"type": "Polygon", "coordinates": [[[2530613.307, 1175114.518], [2530626.547, 1175113.7280000001], [2530626.777, 1175121.068], [2530639.597, 1175120.3969999999], [2530639.507, 1175127.1469999999], [2530613.337, 1175128.2179999999], [2530613.307, 1175114.518]]]}, "properties": {"OBJECTID": 46403050, "EGID": 818584, "NO_COM_FED": 5757, "GENRE_TXT": "b\u00e2timent"}}, {"type": "Feature", "id": 46403155, "geometry": {"type": "Polygon", "coordinates": [[[2530755.122, 1174407.902], [2530758.141, 1174407.863], [2530758.23, 1174414.225], [2530755.203, 1174414.269], [2530755.122, 1174407.902]]]}, "properties": {"OBJECTID": 46403155, "EGID": 280071444, "NO_COM_FED": 5757, "GENRE_TXT": "b\u00e2timent"}}, {"type": "Feature", "id": 46403276, "geometry": {"type": "Polygon", "coordinates": [[[2530632.998, 1175235.998], [2530629.318, 1175236.498], [2530622.608, 1175237.258], [2530620.498, 1175223.7179999999], [2530628.368, 1175222.568], [2530628.478, 1175223.388], [2530632.008, 1175222.808], [2530632.528, 1175222.7179999999], [2530633.868, 1175231.788], [2530632.368, 1175232.008], [2530632.998, 1175235.998]]]}, "properties": {"OBJECTID": 46403276, "EGID": 818568, "NO_COM_FED": 5757, "GENRE_TXT": "b\u00e2timent"}}, {"type": "Feature", "id": 46403475, "geometry": {"type": "Polygon", "coordinates": [[[2530975.209, 1176170.459], [2530969.4189999998, 1176171.719], [2530968.809, 1176168.919], [2530974.599, 1176167.659], [2530975.209, 1176170.459]]]}, "properties": {"OBJECTID": 46403475, "EGID": 280045427, "NO_COM_FED": 5757, "GENRE_TXT": "b\u00e2timent"}}, {"type": "Feature", "id": 46403948, "geometry": {"type": "Polygon", "coordinates": [[[2531006.871, 1174764.236], [2530993.435, 1174812.604], [2530976.67, 1174807.947], [2530990.106, 1174759.579], [2531006.871, 1174764.236]]]}, "properties": {"OBJECTID": 46403948, "EGID": 280102855, "NO_COM_FED": 5757, "GENRE_TXT": "b\u00e2timent"}}, {"type": "Feature", "id": 46403983, "geometry": {"type": "Polygon", "coordinates": [[[2530748.874, 1174904.514], [2530746.554, 1174897.854], [2530761.304, 1174896.324], [2530761.244, 1174898.024], [2530760.894, 1174900.874], [2530761.124, 1174901.034], [2530761.244, 1174901.554], [2530748.874, 1174904.514]]]}, "properties": {"OBJECTID": 46403983, "EGID": 818717, "NO_COM_FED": 5757, "GENRE_TXT": "b\u00e2timent"}}, {"type": "Feature", "id": 46404054, "geometry": {"type": "Polygon", "coordinates": [[[2530841.484, 1175675.86], [2530835.714, 1175662.671], [2530838.614, 1175661.39], [2530835.744, 1175654.921], [2530840.543, 1175652.79], [2530843.464, 1175659.37], [2530841.614, 1175660.2], [2530845.244, 1175668.48], [2530847.194, 1175667.63], [2530849.184, 1175672.41], [2530841.484, 1175675.86]]]}, "properties": {"OBJECTID": 46404054, "EGID": 818361, "NO_COM_FED": 5757, "GENRE_TXT": "b\u00e2timent"}}, {"type": "Feature", "id": 46404158, "geometry": {"type": "Polygon", "coordinates": [[[2532264.73, 1176333.536], [2532256.32, 1176345.806], [2532255.78, 1176345.366], [2532196.179, 1176304.025], [2532204.749, 1176291.775], [2532264.73, 1176333.536]]]}, "properties": {"OBJECTID": 46404158, "EGID": 280001043, "NO_COM_FED": 5757, "GENRE_TXT": "b\u00e2timent"}}, {"type": "Feature", "id": 46404181, "geometry": {"type": "Polygon", "coordinates": [[[2530654.619, 1175286.117], [2530640.719, 1175287.727], [2530629.989, 1175288.948], [2530629.229, 1175283.608], [2530637.469, 1175282.437], [2530636.239, 1175274.717], [2530639.949, 1175273.957], [2530652.4390000002, 1175271.307], [2530654.619, 1175286.117]]]}, "properties": {"OBJECTID": 46404181, "EGID": 818575, "NO_COM_FED": 5757, "GENRE_TXT": "b\u00e2timent"}}, {"type": "Feature", "id": 46404247, "geometry": {"type": "Polygon", "coordinates": [[[2530972.799, 1176159.279], [2530973.399, 1176162.069], [2530967.609, 1176163.329], [2530967.009, 1176160.529], [2530972.799, 1176159.279]]]}, "properties": {"OBJECTID": 46404247, "EGID": 280043638, "NO_COM_FED": 5757, "GENRE_TXT": "b\u00e2timent"}}, {"type": "Feature", "id": 46404282, "geometry": {"type": "Polygon", "coordinates": [[[2531710.83, 1174957.476], [2531708.45, 1174947.726], [2531720.63, 1174944.746], [2531722.96, 1174954.536], [2531710.83, 1174957.476]]]}, "properties": {"OBJECTID": 46404282, "EGID": 9031438, "NO_COM_FED": 5757, "GENRE_TXT": "b\u00e2timent"}}, {"type": "Feature", "id": 46404305, "geometry": {"type": "Polygon", "coordinates": [[[2530228.116, 1174436.128], [2530228.053, 1174435.925], [2530233.148, 1174434.418], [2530234, 1174437.275], [2530233.145, 1174437.528], [2530228.91, 1174438.792], [2530228.116, 1174436.128]]]}, "properties": {"OBJECTID": 46404305, "EGID": 280125146, "NO_COM_FED": 5757, "GENRE_TXT": "b\u00e2timent"}}, {"type": "Feature", "id": 46404330, "geometry": {"type": "Polygon", "coordinates": [[[2530357.608, 1174467.209], [2530357.173, 1174464.746], [2530354.701, 1174465.159], [2530354.205, 1174462.185], [2530359.64, 1174461.277], [2530359.973, 1174463.224], [2530360.571, 1174466.715], [2530357.608, 1174467.209]]]}, "properties": {"OBJECTID": 46404330, "EGID": 280070425, "NO_COM_FED": 5757, "GENRE_TXT": "b\u00e2timent"}}, {"type": "Feature", "id": 46404411, "geometry": {"type": "Polygon", "coordinates": [[[2530751.474, 1174864.584], [2530753.114, 1174868.624], [2530754.584, 1174872.204], [2530747.7939999998, 1174872.844], [2530747.724, 1174872.494], [2530744.854, 1174872.694], [2530744.524, 1174872.564], [2530743.634, 1174870.284], [2530743.274, 1174870.404], [2530742.141, 1174867.849], [2530751.339, 1174864.283], [2530751.474, 1174864.584]]]}, "properties": {"OBJECTID": 46404411, "EGID": 818723, "NO_COM_FED": 5757, "GENRE_TXT": "b\u00e2timent"}}, {"type": "Feature", "id": 46404575, "geometry": {"type": "Polygon", "coordinates": [[[2530756.384, 1174881.214], [2530756.534, 1174884.594], [2530742.864, 1174887.314], [2530741.724, 1174882.994], [2530756.384, 1174881.214]]]}, "properties": {"OBJECTID": 46404575, "EGID": 818720, "NO_COM_FED": 5757, "GENRE_TXT": "b\u00e2timent"}}, {"type": "Feature", "id": 46404657, "geometry": {"type": "Polygon", "coordinates": [[[2530673.362, 1174673.427], [2530675.792, 1174674.037], [2530675.822, 1174673.947], [2530683.872, 1174676.1570000001], [2530681.772, 1174683.847], [2530677.462, 1174682.6570000001], [2530677.112, 1174683.927], [2530673.362, 1174682.887], [2530674.192, 1174679.947], [2530671.762, 1174679.207], [2530671.072, 1174677.977], [2530672.132, 1174674.127], [2530673.362, 1174673.427]]]}, "properties": {"OBJECTID": 46404657, "EGID": 818751, "NO_COM_FED": 5757, "GENRE_TXT": "b\u00e2timent"}}, {"type": "Feature", "id": 46404823, "geometry": {"type": "Polygon", "coordinates": [[[2530726.855, 1174926.465], [2530723.875, 1174920.515], [2530738.435, 1174912.235], [2530741.395, 1174917.434], [2530726.855, 1174926.465]]]}, "properties": {"OBJECTID": 46404823, "EGID": 818853, "NO_COM_FED": 5757, "GENRE_TXT": "b\u00e2timent"}}, {"type": "Feature", "id": 46404889, "geometry": {"type": "Polygon", "coordinates": [[[2531373.99, 1174677.931], [2531372.944, 1174673.546], [2531375.897, 1174672.856], [2531376.926, 1174677.261], [2531373.99, 1174677.931]]]}, "properties": {"OBJECTID": 46404889, "EGID": 280109019, "NO_COM_FED": 5757, "GENRE_TXT": "b\u00e2timent"}}, {"type": "Feature", "id": 46404928, "geometry": {"type": "Polygon", "coordinates": [[[2530793.185, 1174903.613], [2530792.935, 1174903.173], [2530795.595, 1174901.633], [2530797.585, 1174905.043], [2530793.385, 1174907.523], [2530791.615, 1174904.553], [2530793.185, 1174903.613]]]}, "properties": {"OBJECTID": 46404928, "EGID": 280041962, "NO_COM_FED": 5757, "GENRE_TXT": "b\u00e2timent"}}, {"type": "Feature", "id": 46404929, "geometry": {"type": "Polygon", "coordinates": [[[2530666.277, 1175133.137], [2530679.327, 1175131.346], [2530680.347, 1175136.036], [2530667.037, 1175138.097], [2530666.277, 1175133.137]]]}, "properties": {"OBJECTID": 46404929, "EGID": 818904, "NO_COM_FED": 5757, "GENRE_TXT": "b\u00e2timent"}}, {"type": "Feature", "id": 46405028, "geometry": {"type": "Polygon", "coordinates": [[[2530473.807, 1175984.902], [2530474.017, 1175987.292], [2530469.707, 1175987.682], [2530469.497, 1175985.2820000001], [2530473.807, 1175984.902]]]}, "properties": {"OBJECTID": 46405028, "EGID": 280072187, "NO_COM_FED": 5757, "GENRE_TXT": "b\u00e2timent"}}, {"type": "Feature", "id": 46405056, "geometry": {"type": "Polygon", "coordinates": [[[2530906.259, 1176179.731], [2530909.469, 1176179.611], [2530909.749, 1176187.301], [2530904.519, 1176187.531], [2530901.309, 1176187.651], [2530900.989, 1176179.941], [2530906.259, 1176179.731]]]}, "properties": {"OBJECTID": 46405056, "EGID": 818269, "NO_COM_FED": 5757, "GENRE_TXT": "b\u00e2timent"}}, {"type": "Feature", "id": 46405225, "geometry": {"type": "Polygon", "coordinates": [[[2530978.219, 1176184.459], [2530972.429, 1176185.719], [2530971.819, 1176182.899], [2530977.609, 1176181.639], [2530978.219, 1176184.459]]]}, "properties": {"OBJECTID": 46405225, "EGID": 280044803, "NO_COM_FED": 5757, "GENRE_TXT": "b\u00e2timent"}}, {"type": "Feature", "id": 46405280, "geometry": {"type": "Polygon", "coordinates": [[[2531073.1890000002, 1176137.006], [2531067.859, 1176138.366], [2531067.159, 1176135.656], [2531072.489, 1176134.296], [2531073.1890000002, 1176137.006]]]}, "properties": {"OBJECTID": 46405280, "EGID": 280048249, "NO_COM_FED": 5757, "GENRE_TXT": "b\u00e2timent"}}, {"type": "Feature", "id": 46405482, "geometry": {"type": "Polygon", "coordinates": [[[2530277.043, 1175742.033], [2530281.994, 1175732.187], [2530287.784, 1175735.096], [2530282.845, 1175744.955], [2530277.043, 1175742.033]]]}, "properties": {"OBJECTID": 46405482, "EGID": 280059352, "NO_COM_FED": 5757, "GENRE_TXT": "b\u00e2timent"}}, {"type": "Feature", "id": 46405589, "geometry": {"type": "Polygon", "coordinates": [[[2530256.257, 1174753.072], [2530255.176, 1174755.923], [2530248.558, 1174753.405], [2530249.648, 1174750.541], [2530256.257, 1174753.072]]]}, "properties": {"OBJECTID": 46405589, "EGID": 280070906, "NO_COM_FED": 5757, "GENRE_TXT": "b\u00e2timent"}}, {"type": "Feature", "id": 46405607, "geometry": {"type": "Polygon", "coordinates": [[[2530704.75, 1175358.195], [2530704.09, 1175352.795], [2530702.129, 1175337.465], [2530711.859, 1175335.375], [2530717.866, 1175334.114], [2530720.471, 1175354.763], [2530715.44, 1175355.895], [2530713.63, 1175356.265], [2530704.75, 1175358.195]]]}, "properties": {"OBJECTID": 46405607, "EGID": 280074956, "NO_COM_FED": 5757, "GENRE_TXT": "b\u00e2timent"}}, {"type": "Feature", "id": 46405729, "geometry": {"type": "Polygon", "coordinates": [[[2530965.949, 1175281.547], [2530970.06, 1175293.6570000001], [2530966.86, 1175294.757], [2530962.739, 1175282.6469999999], [2530965.949, 1175281.547]]]}, "properties": {"OBJECTID": 46405729, "EGID": 280086287, "NO_COM_FED": 5757, "GENRE_TXT": "b\u00e2timent"}}, {"type": "Feature", "id": 46406077, "geometry": {"type": "Polygon", "coordinates": [[[2530442.406, 1174798.18], [2530441.88, 1174798.926], [2530441.194, 1174798.46], [2530439.762, 1174800.569], [2530433.671, 1174796.446], [2530435.111, 1174794.304], [2530434.428, 1174793.844], [2530439.72, 1174786.276], [2530440.077, 1174785.768], [2530440.836, 1174786.305], [2530442.03, 1174784.838], [2530447.66, 1174788.801], [2530446.675, 1174790.434], [2530447.434, 1174790.971], [2530445.447, 1174793.824], [2530446.68, 1174794.683], [2530445.142, 1174796.917], [2530443.909, 1174796.048], [2530442.406, 1174798.18]]]}, "properties": {"OBJECTID": 46406077, "EGID": 818807, "NO_COM_FED": 5757, "GENRE_TXT": "b\u00e2timent"}}, {"type": "Feature", "id": 46406160, "geometry": {"type": "Polygon", "coordinates": [[[2530774.297, 1175132.703], [2530777.267, 1175131.133], [2530778.387, 1175133.313], [2530775.607, 1175135.003], [2530774.297, 1175132.703]]]}, "properties": {"OBJECTID": 46406160, "EGID": 280112191, "NO_COM_FED": 5757, "GENRE_TXT": "b\u00e2timent"}}, {"type": "Feature", "id": 46406201, "geometry": {"type": "Polygon", "coordinates": [[[2530719.645, 1174966.385], [2530717.725, 1174967.545], [2530715.965, 1174964.655], [2530718.175, 1174963.495], [2530719.645, 1174966.385]]]}, "properties": {"OBJECTID": 46406201, "EGID": 280131546, "NO_COM_FED": 5757, "GENRE_TXT": "b\u00e2timent"}}, {"type": "Feature", "id": 46406213, "geometry": {"type": "Polygon", "coordinates": [[[2530692.866, 1174542.0219999999], [2530693.688, 1174545.646], [2530689.242, 1174546.703], [2530688.12, 1174541.747], [2530691.404, 1174540.988], [2530691.712, 1174542.294], [2530692.866, 1174542.0219999999]]]}, "properties": {"OBJECTID": 46406213, "EGID": 280070893, "NO_COM_FED": 5757, "GENRE_TXT": "b\u00e2timent"}}, {"type": "Feature", "id": 46406400, "geometry": {"type": "Polygon", "coordinates": [[[2530952.538, 1176094.899], [2530949.928, 1176084.429], [2530961.778, 1176081.489], [2530964.388, 1176091.959], [2530952.538, 1176094.899]]]}, "properties": {"OBJECTID": 46406400, "EGID": 818255, "NO_COM_FED": 5757, "GENRE_TXT": "b\u00e2timent"}}, {"type": "Feature", "id": 46406491, "geometry": {"type": "Polygon", "coordinates": [[[2530590.047, 1175977.068], [2530584.207, 1175987.963], [2530581.277, 1175986.388], [2530580.927, 1175987.038], [2530578.217, 1175985.588], [2530577.927, 1175986.108], [2530571.597, 1175982.739], [2530571.867, 1175982.189], [2530569.757, 1175981.069], [2530570.107, 1175980.409], [2530566.577, 1175978.539], [2530572.417, 1175967.639], [2530575.097, 1175969.069], [2530576.557, 1175968.158], [2530578.767, 1175969.328], [2530579.067, 1175968.758], [2530585.397, 1175972.148], [2530585.087, 1175972.738], [2530587.287, 1175973.898], [2530587.357, 1175975.618], [2530590.047, 1175977.068]]]}, "properties": {"OBJECTID": 46406491, "EGID": 3163948, "NO_COM_FED": 5757, "GENRE_TXT": "b\u00e2timent"}}, {"type": "Feature", "id": 46406525, "geometry": {"type": "Polygon", "coordinates": [[[2530660.588, 1175220.957], [2530660.158, 1175215.077], [2530671.928, 1175214.376], [2530674.828, 1175214.166], [2530675.128, 1175217.886], [2530676.058, 1175217.736], [2530677.428, 1175217.506], [2530677.618, 1175219.726], [2530691.078, 1175219.196], [2530690.838, 1175225.756], [2530676.448, 1175225.876], [2530672.488, 1175225.906], [2530672.208, 1175219.946], [2530662.038, 1175220.347], [2530661.998, 1175220.677], [2530660.588, 1175220.957]]]}, "properties": {"OBJECTID": 46406525, "EGID": 818548, "NO_COM_FED": 5757, "GENRE_TXT": "b\u00e2timent"}}, {"type": "Feature", "id": 46406725, "geometry": {"type": "Polygon", "coordinates": [[[2530454.287, 1176048.702], [2530453.367, 1176034.612], [2530459.577, 1176034.152], [2530460.817, 1176050.922], [2530454.287, 1176048.702]]]}, "properties": {"OBJECTID": 46406725, "EGID": 280066410, "NO_COM_FED": 5757, "GENRE_TXT": "b\u00e2timent"}}, {"type": "Feature", "id": 46406780, "geometry": {"type": "Polygon", "coordinates": [[[2531282.895, 1174665.606], [2531284.605, 1174672.436], [2531282.085, 1174673.046], [2531282.325, 1174674.246], [2531278.695, 1174675.156], [2531278.435, 1174673.886], [2531277.335, 1174674.176], [2531275.655, 1174667.366], [2531282.895, 1174665.606]]]}, "properties": {"OBJECTID": 46406780, "EGID": 818465, "NO_COM_FED": 5757, "GENRE_TXT": "b\u00e2timent"}}, {"type": "Feature", "id": 46407342, "geometry": {"type": "Polygon", "coordinates": [[[2531708.649, 1174828.429], [2531710.929, 1174837.998], [2531683.679, 1174844.7280000001], [2531681.389, 1174835.119], [2531708.649, 1174828.429]]]}, "properties": {"OBJECTID": 46407342, "EGID": 3163950, "NO_COM_FED": 5757, "GENRE_TXT": "b\u00e2timent"}}, {"type": "Feature", "id": 46407806, "geometry": {"type": "Polygon", "coordinates": [[[2530676.176, 1175087.406], [2530688.946, 1175082.976], [2530689.166, 1175083.536], [2530691.547, 1175089.586], [2530678.427, 1175095.126], [2530676.176, 1175087.406]]]}, "properties": {"OBJECTID": 46407806, "EGID": 818627, "NO_COM_FED": 5757, "GENRE_TXT": "b\u00e2timent"}}, {"type": "Feature", "id": 46407958, "geometry": {"type": "Polygon", "coordinates": [[[2530926.819, 1174121.06], [2530926.702, 1174124.083], [2530923.13, 1174123.945], [2530923.275, 1174119.87], [2530925.862, 1174119.962], [2530925.815, 1174121.015], [2530926.819, 1174121.06]]]}, "properties": {"OBJECTID": 46407958, "EGID": 280072268, "NO_COM_FED": 5757, "GENRE_TXT": "b\u00e2timent"}}, {"type": "Feature", "id": 46408044, "geometry": {"type": "Polygon", "coordinates": [[[2531070.389, 1175231.163], [2531072.839, 1175229.573], [2531074.149, 1175229.543], [2531076.029, 1175232.6030000001], [2531072.589, 1175234.703], [2531070.389, 1175231.163]]]}, "properties": {"OBJECTID": 46408044, "EGID": 280046915, "NO_COM_FED": 5757, "GENRE_TXT": "b\u00e2timent"}}, {"type": "Feature", "id": 46408131, "geometry": {"type": "Polygon", "coordinates": [[[2530694.235, 1174923.734], [2530696.741, 1174922.908], [2530698.875, 1174929.727], [2530696.505, 1174931.216], [2530695.285, 1174928.606], [2530694.235, 1174923.734]]]}, "properties": {"OBJECTID": 46408131, "EGID": 280120373, "NO_COM_FED": 5757, "GENRE_TXT": "b\u00e2timent"}}, {"type": "Feature", "id": 46408359, "geometry": {"type": "Polygon", "coordinates": [[[2530702.486, 1175879.735], [2530703.026, 1175876.345], [2530709.036, 1175877.424], [2530707.9359999998, 1175880.694], [2530702.486, 1175879.735]]]}, "properties": {"OBJECTID": 46408359, "EGID": 280040573, "NO_COM_FED": 5757, "GENRE_TXT": "b\u00e2timent"}}, {"type": "Feature", "id": 46408620, "geometry": {"type": "Polygon", "coordinates": [[[2530614.772, 1175952.052], [2530612.076, 1175950.617], [2530612.036, 1175948.877], [2530609.816, 1175947.707], [2530610.126, 1175947.117], [2530603.786, 1175943.7280000001], [2530603.476, 1175944.308], [2530601.246, 1175943.128], [2530599.786, 1175944.018], [2530597.136, 1175942.608], [2530591.326, 1175953.508], [2530594.866, 1175955.398], [2530594.506, 1175956.068], [2530596.626, 1175957.198], [2530596.337, 1175957.7280000001], [2530602.687, 1175961.118], [2530602.987, 1175960.598], [2530605.657, 1175962.038], [2530606.017, 1175961.378], [2530608.972, 1175962.963], [2530611.927, 1175964.547], [2530611.557, 1175965.187], [2530614.297, 1175966.6469999999], [2530614.007, 1175967.197], [2530617.057, 1175968.817], [2530613.407, 1175975.707], [2530610.097, 1175981.967], [2530607.687, 1175986.518], [2530605.017, 1175985.088], [2530604.947, 1175983.348], [2530602.767, 1175982.178], [2530603.057, 1175981.618], [2530596.727, 1175978.2179999999], [2530596.437, 1175978.798], [2530594.207, 1175977.618], [2530592.737, 1175978.518], [2530590.047, 1175977.068], [2530587.357, 1175975.618], [2530587.287, 1175973.898], [2530585.087, 1175972.738], [2530585.397, 1175972.148], [2530579.067, 1175968.758], [2530578.767, 1175969.328], [2530576.557, 1175968.158], [2530575.097, 1175969.069], [2530572.417, 1175967.639], [2530574.847, 1175963.099], [2530597.506, 1175920.7280000001], [2530601.016, 1175922.608], [2530600.666, 1175923.258], [2530602.696, 1175924.348], [2530602.376, 1175924.928], [2530608.886, 1175928.4070000001], [2530609.196, 1175927.827], [2530611.836, 1175929.257], [2530612.2060000002, 1175928.577], [2530615.146, 1175930.167], [2530618.086, 1175931.757], [2530617.726, 1175932.417], [2530620.376, 1175933.837], [2530620.076, 1175934.3969999999], [2530626.596, 1175937.867], [2530626.886, 1175937.287], [2530628.916, 1175938.377], [2530629.286, 1175937.727], [2530632.816, 1175939.617], [2530630.676, 1175943.567], [2530639.486, 1175948.276], [2530638.907, 1175949.466], [2530637.947, 1175951.227], [2530636.307, 1175954.247], [2530632.407, 1175961.487], [2530629.747, 1175960.077], [2530629.697, 1175958.337], [2530627.487, 1175957.1570000001], [2530627.787, 1175956.567], [2530621.437, 1175953.197], [2530621.157, 1175953.767], [2530618.9359999998, 1175952.577], [2530617.467, 1175953.487], [2530614.772, 1175952.052]]]}, "properties": {"OBJECTID": 46408620, "EGID": 190094219, "NO_COM_FED": 5757, "GENRE_TXT": "b\u00e2timent"}}, {"type": "Feature", "id": 46408650, "geometry": {"type": "Polygon", "coordinates": [[[2530716.948, 1175231.555], [2530716.908, 1175235.155], [2530716.568, 1175238.805], [2530701.778, 1175237.005], [2530702.518, 1175229.905], [2530716.968, 1175231.255], [2530716.948, 1175231.555]]]}, "properties": {"OBJECTID": 46408650, "EGID": 818505, "NO_COM_FED": 5757, "GENRE_TXT": "b\u00e2timent"}}, {"type": "Feature", "id": 46408906, "geometry": {"type": "Polygon", "coordinates": [[[2530988.485, 1176107.688], [2530981.221, 1176109.842], [2530978.654, 1176101.161], [2530985.911, 1176098.997], [2530988.485, 1176107.688]]]}, "properties": {"OBJECTID": 46408906, "EGID": 280094805, "NO_COM_FED": 5757, "GENRE_TXT": "b\u00e2timent"}}, {"type": "Feature", "id": 46408967, "geometry": {"type": "Polygon", "coordinates": [[[2530880.702, 1175482.059], [2530874.232, 1175483.979], [2530869.441, 1175467.69], [2530882.0609999998, 1175463.989], [2530888.301, 1175462.169], [2530893.092, 1175478.489], [2530886.622, 1175480.369], [2530884.755520511, 1175481.2697067268], [2530882.762690351, 1175481.8386058772], [2530880.702, 1175482.059]]]}, "properties": {"OBJECTID": 46408967, "EGID": 818388, "NO_COM_FED": 5757, "GENRE_TXT": "b\u00e2timent"}}, {"type": "Feature", "id": 46408983, "geometry": {"type": "Polygon", "coordinates": [[[2530032.584, 1175786.649], [2530034.223, 1175776.899], [2530035.375, 1175777.094], [2530035.775, 1175774.731], [2530036.543, 1175774.203], [2530040.393, 1175774.854], [2530040.944, 1175775.606], [2530040.5439999998, 1175777.969], [2530041.194, 1175778.079], [2530039.524, 1175787.839], [2530032.584, 1175786.649]]]}, "properties": {"OBJECTID": 46408983, "EGID": 818116, "NO_COM_FED": 5757, "GENRE_TXT": "b\u00e2timent"}}, {"type": "Feature", "id": 46408995, "geometry": {"type": "Polygon", "coordinates": [[[2532203.66, 1176421.027], [2532143.9189999998, 1176379.406], [2532152.289, 1176367.266], [2532211.49, 1176408.677], [2532212.09, 1176409.017], [2532203.66, 1176421.027]]]}, "properties": {"OBJECTID": 46408995, "EGID": 280000763, "NO_COM_FED": 5757, "GENRE_TXT": "b\u00e2timent"}}, {"type": "Feature", "id": 46409135, "geometry": {"type": "Polygon", "coordinates": [[[2530493.154, 1174629.768], [2530499.027, 1174636.643], [2530492.9, 1174641.852], [2530487.037, 1174634.993], [2530493.154, 1174629.768]]]}, "properties": {"OBJECTID": 46409135, "EGID": 818794, "NO_COM_FED": 5757, "GENRE_TXT": "b\u00e2timent"}}, {"type": "Feature", "id": 46409201, "geometry": {"type": "Polygon", "coordinates": [[[2530661.298, 1175251.877], [2530661.288, 1175251.677], [2530660.588, 1175242.837], [2530660.548, 1175242.337], [2530668.808, 1175242.366], [2530669.258, 1175251.866], [2530661.298, 1175251.877]]]}, "properties": {"OBJECTID": 46409201, "EGID": null, "NO_COM_FED": 5757, "GENRE_TXT": "b\u00e2timent"}}, {"type": "Feature", "id": 46409211, "geometry": {"type": "Polygon", "coordinates": [[[2530997.55, 1176272.75], [2531000.22, 1176270.499], [2531007.3, 1176278.969], [2531000.8, 1176284.4], [2530993.57, 1176275.76], [2530997.55, 1176272.75]]]}, "properties": {"OBJECTID": 46409211, "EGID": 818278, "NO_COM_FED": 5757, "GENRE_TXT": "b\u00e2timent"}}, {"type": "Feature", "id": 46409265, "geometry": {"type": "Polygon", "coordinates": [[[2530674.471, 1174658.677], [2530673.871, 1174662.137], [2530668.421, 1174661.217], [2530669.091, 1174657.777], [2530674.471, 1174658.677]]]}, "properties": {"OBJECTID": 46409265, "EGID": 280041915, "NO_COM_FED": 5757, "GENRE_TXT": "b\u00e2timent"}}, {"type": "Feature", "id": 46409298, "geometry": {"type": "Polygon", "coordinates": [[[2531033.003, 1176074.379], [2531033.25, 1176074.339], [2531037.783, 1176103.361], [2531037.832, 1176103.675], [2531022.632, 1176106.08], [2531018.011, 1176076.788], [2531033.003, 1176074.379]]]}, "properties": {"OBJECTID": 46409298, "EGID": 818312, "NO_COM_FED": 5757, "GENRE_TXT": "b\u00e2timent"}}, {"type": "Feature", "id": 46410164, "geometry": {"type": "Polygon", "coordinates": [[[2530824.918, 1174528.903], [2530824.491, 1174534.971], [2530820.808, 1174534.723], [2530821.295, 1174528.6469999999], [2530824.918, 1174528.903]]]}, "properties": {"OBJECTID": 46410164, "EGID": 280070907, "NO_COM_FED": 5757, "GENRE_TXT": "b\u00e2timent"}}, {"type": "Feature", "id": 46410289, "geometry": {"type": "Polygon", "coordinates": [[[2530807.513, 1176213.058], [2530814.219, 1176211.414], [2530815.269, 1176215.644], [2530817.229, 1176215.154], [2530818.759, 1176221.364], [2530811.653, 1176223.122], [2530810.959, 1176223.294], [2530806.079, 1176220.044], [2530804.509, 1176213.794], [2530807.513, 1176213.058]]]}, "properties": {"OBJECTID": 46410289, "EGID": 280011887, "NO_COM_FED": 5757, "GENRE_TXT": "b\u00e2timent"}}, {"type": "Feature", "id": 46410356, "geometry": {"type": "Polygon", "coordinates": [[[2531088.501, 1176296.767], [2531079.731, 1176299.058], [2531077.24, 1176289.327], [2531085.98, 1176287.067], [2531086.01, 1176287.177], [2531087.48, 1176286.777], [2531089.931, 1176296.287], [2531088.471, 1176296.667], [2531088.501, 1176296.767]]]}, "properties": {"OBJECTID": 46410356, "EGID": 818344, "NO_COM_FED": 5757, "GENRE_TXT": "b\u00e2timent"}}, {"type": "Feature", "id": 46410394, "geometry": {"type": "Polygon", "coordinates": [[[2530586.659, 1174637.699], [2530591.166, 1174639.999], [2530584.712, 1174652.463], [2530584.643, 1174652.596], [2530581.5609999998, 1174651.035], [2530580.127, 1174653.866], [2530574.89, 1174651.207], [2530578.469, 1174644.2179999999], [2530580.542, 1174645.276], [2530584.875, 1174636.788], [2530586.659, 1174637.699]]]}, "properties": {"OBJECTID": 46410394, "EGID": 818798, "NO_COM_FED": 5757, "GENRE_TXT": "b\u00e2timent"}}, {"type": "Feature", "id": 46410601, "geometry": {"type": "Polygon", "coordinates": [[[2530652.446, 1175022.577], [2530654.386, 1175024.557], [2530657.726, 1175027.967], [2530657.076, 1175028.557], [2530654.096, 1175031.227], [2530647.516, 1175043.107], [2530646.396, 1175042.477], [2530635.2060000002, 1175036.678], [2530638.966, 1175029.668], [2530637.996, 1175029.2280000001], [2530638.666, 1175027.878], [2530639.646, 1175028.318], [2530641.786, 1175024.068], [2530640.786, 1175023.518], [2530641.4359999998, 1175022.248], [2530642.496, 1175022.727], [2530646.126, 1175015.797], [2530652.446, 1175022.577]]]}, "properties": {"OBJECTID": 46410601, "EGID": 818600, "NO_COM_FED": 5757, "GENRE_TXT": "b\u00e2timent"}}, {"type": "Feature", "id": 46410657, "geometry": {"type": "Polygon", "coordinates": [[[2530800.003, 1174334.375], [2530800.433, 1174330.977], [2530808.98, 1174332.075], [2530807.563, 1174343.102], [2530799.039, 1174341.999], [2530800.003, 1174334.375]]]}, "properties": {"OBJECTID": 46410657, "EGID": 280057665, "NO_COM_FED": 5757, "GENRE_TXT": "b\u00e2timent"}}, {"type": "Feature", "id": 46410879, "geometry": {"type": "Polygon", "coordinates": [[[2530654.214, 1174375.11], [2530652.07, 1174373.731], [2530653.442, 1174371.609], [2530655.579, 1174372.973], [2530654.214, 1174375.11]]]}, "properties": {"OBJECTID": 46410879, "EGID": 280110979, "NO_COM_FED": 5757, "GENRE_TXT": "b\u00e2timent"}}, {"type": "Feature", "id": 46410960, "geometry": {"type": "Polygon", "coordinates": [[[2530835.308, 1174548.308], [2530834.477, 1174553.059], [2530830.639, 1174552.379], [2530830.391, 1174553.776], [2530828.57, 1174553.453], [2530828.82, 1174552.046], [2530826.546, 1174551.643], [2530827.832, 1174544.251], [2530835.785, 1174545.581], [2530835.308, 1174548.308]]]}, "properties": {"OBJECTID": 46410960, "EGID": 818740, "NO_COM_FED": 5757, "GENRE_TXT": "b\u00e2timent"}}, {"type": "Feature", "id": 46410991, "geometry": {"type": "Polygon", "coordinates": [[[2531071.017, 1175063.994], [2531078.307, 1175071.653], [2531071.147, 1175078.494], [2531063.867, 1175070.894], [2531071.017, 1175063.994]]]}, "properties": {"OBJECTID": 46410991, "EGID": 280012348, "NO_COM_FED": 5757, "GENRE_TXT": "b\u00e2timent"}}, {"type": "Feature", "id": 46411006, "geometry": {"type": "Polygon", "coordinates": [[[2531119.438, 1175166.742], [2531132.969, 1175184.042], [2531133.779, 1175183.412], [2531134.629, 1175184.461], [2531133.799, 1175185.102], [2531136.1890000002, 1175188.101], [2531115.979, 1175203.932], [2531099.269, 1175182.513], [2531119.438, 1175166.742]]]}, "properties": {"OBJECTID": 46411006, "EGID": 280001957, "NO_COM_FED": 5757, "GENRE_TXT": "b\u00e2timent"}}, {"type": "Feature", "id": 46411176, "geometry": {"type": "Polygon", "coordinates": [[[2531303.087, 1174967.35], [2531305.537, 1174971.96], [2531300.497, 1174974.66], [2531297.967, 1174970.08], [2531303.087, 1174967.35]]]}, "properties": {"OBJECTID": 46411176, "EGID": 280033118, "NO_COM_FED": 5757, "GENRE_TXT": "b\u00e2timent"}}, {"type": "Feature", "id": 46411247, "geometry": {"type": "Polygon", "coordinates": [[[2530754.182, 1174451.099], [2530754.121, 1174445.084], [2530753.529, 1174445.09], [2530753.474, 1174439.5320000001], [2530759.945, 1174439.467], [2530759.998, 1174444.775], [2530763.91, 1174444.735], [2530763.912, 1174444.905], [2530764.464, 1174444.9], [2530764.535, 1174452.023], [2530770.926, 1174451.959], [2530770.993, 1174458.701], [2530772.398, 1174458.687], [2530772.467, 1174465.63], [2530770.862, 1174465.648], [2530767.14, 1174465.691], [2530767.171, 1174468.395], [2530760.385, 1174468.476], [2530760.3109999998, 1174461.931], [2530761.3, 1174461.92], [2530761.181, 1174451.247], [2530754.183, 1174451.313], [2530754.182, 1174451.099]]]}, "properties": {"OBJECTID": 46411247, "EGID": 818771, "NO_COM_FED": 5757, "GENRE_TXT": "b\u00e2timent"}}, {"type": "Feature", "id": 46411252, "geometry": {"type": "Polygon", "coordinates": [[[2530758.484, 1174890.504], [2530761.514, 1174890.334], [2530761.534, 1174890.704], [2530761.304, 1174896.324], [2530746.554, 1174897.854], [2530744.534, 1174892.674], [2530758.494, 1174890.804], [2530758.484, 1174890.504]]]}, "properties": {"OBJECTID": 46411252, "EGID": 818718, "NO_COM_FED": 5757, "GENRE_TXT": "b\u00e2timent"}}, {"type": "Feature", "id": 46411428, "geometry": {"type": "Polygon", "coordinates": [[[2530935.813, 1175322.375], [2530939.54, 1175330.988], [2530940.218, 1175330.695], [2530941.399, 1175333.426], [2530940.721, 1175333.719], [2530945.1689999998, 1175343.999], [2530934.0810000002, 1175348.844], [2530924.728, 1175327.196], [2530935.813, 1175322.375]]]}, "properties": {"OBJECTID": 46411428, "EGID": 280062985, "NO_COM_FED": 5757, "GENRE_TXT": "b\u00e2timent"}}, {"type": "Feature", "id": 46411546, "geometry": {"type": "Polygon", "coordinates": [[[2530598.4359999998, 1174462.496], [2530599.67, 1174457.144], [2530605.207, 1174458.421], [2530604.264, 1174462.508], [2530607.203, 1174463.186], [2530606.641, 1174465.648], [2530603.657, 1174464.97], [2530603.935, 1174463.787], [2530598.4359999998, 1174462.496]]]}, "properties": {"OBJECTID": 46411546, "EGID": 280069129, "NO_COM_FED": 5757, "GENRE_TXT": "b\u00e2timent"}}, {"type": "Feature", "id": 46411700, "geometry": {"type": "Polygon", "coordinates": [[[2530995.093, 1175029.073], [2530990.371, 1175035.409], [2530981.176, 1175028.582], [2530985.918, 1175022.224], [2530995.093, 1175029.073]]]}, "properties": {"OBJECTID": 46411700, "EGID": 190087722, "NO_COM_FED": 5757, "GENRE_TXT": "b\u00e2timent"}}, {"type": "Feature", "id": 46411706, "geometry": {"type": "Polygon", "coordinates": [[[2531076.029, 1175232.6030000001], [2531079.909, 1175229.923], [2531079.719, 1175229.563], [2531094.129, 1175220.903], [2531095.559, 1175220.033], [2531126.1, 1175259.622], [2531112.04, 1175270.372], [2531088.6890000002, 1175239.683], [2531079.609, 1175246.463], [2531071.906, 1175252.281], [2531063.916, 1175241.544], [2531072.771, 1175235.008], [2531072.589, 1175234.703], [2531076.029, 1175232.6030000001]]]}, "properties": {"OBJECTID": 46411706, "EGID": 818440, "NO_COM_FED": 5757, "GENRE_TXT": "b\u00e2timent"}}, {"type": "Feature", "id": 46411786, "geometry": {"type": "Polygon", "coordinates": [[[2530649.615, 1175443.481], [2530655.063, 1175461.632], [2530658.515, 1175479.885], [2530658.554, 1175480.092], [2530645.208, 1175482.66], [2530644.472, 1175478.799], [2530646.591, 1175478.395], [2530645.933, 1175474.942], [2530643.8140000002, 1175475.346], [2530643.045, 1175471.333], [2530645.184, 1175470.932], [2530644.533, 1175467.456], [2530642.394, 1175467.857], [2530641.8109999998, 1175464.705], [2530640.888, 1175461.636], [2530642.96, 1175461.016], [2530641.95, 1175457.64], [2530639.878, 1175458.26], [2530638.708, 1175454.338], [2530640.777, 1175453.708], [2530639.754, 1175450.346], [2530637.685, 1175450.976], [2530636.5640000002, 1175447.221], [2530641.116, 1175445.861], [2530649.571, 1175443.336], [2530649.615, 1175443.481]]]}, "properties": {"OBJECTID": 46411786, "EGID": 280102079, "NO_COM_FED": 5757, "GENRE_TXT": "b\u00e2timent"}}, {"type": "Feature", "id": 46411790, "geometry": {"type": "Polygon", "coordinates": [[[2530556.005, 1175838.549], [2530554.955, 1175833.649], [2530562.305, 1175832.089], [2530564.585, 1175842.869], [2530560.515, 1175843.719], [2530557.255, 1175844.409], [2530556.005, 1175838.549]]]}, "properties": {"OBJECTID": 46411790, "EGID": 190091592, "NO_COM_FED": 5757, "GENRE_TXT": "b\u00e2timent"}}, {"type": "Feature", "id": 46411830, "geometry": {"type": "Polygon", "coordinates": [[[2531087.53, 1174058.455], [2531087.512, 1174059.017], [2531079.5640000002, 1174058.796], [2531080.082, 1174040.76], [2531088.093, 1174040.98], [2531088.055, 1174042.154], [2531087.53, 1174058.455]]]}, "properties": {"OBJECTID": 46411830, "EGID": 3163955, "NO_COM_FED": 5757, "GENRE_TXT": "b\u00e2timent"}}, {"type": "Feature", "id": 46411875, "geometry": {"type": "Polygon", "coordinates": [[[2530740.449, 1175249.924], [2530738.568, 1175239.854], [2530745.708, 1175238.834], [2530753.408, 1175237.704], [2530759.718, 1175236.533], [2530760.218, 1175235.5929999999], [2530761.338, 1175235.313], [2530762.428, 1175239.8429999999], [2530762.168, 1175239.943], [2530763.359, 1175245.183], [2530764.379, 1175245.063], [2530764.809, 1175248.233], [2530763.159, 1175248.453], [2530748.559, 1175249.224], [2530748.619, 1175249.574], [2530740.449, 1175249.924]]]}, "properties": {"OBJECTID": 46411875, "EGID": 818514, "NO_COM_FED": 5757, "GENRE_TXT": "b\u00e2timent"}}, {"type": "Feature", "id": 46411910, "geometry": {"type": "Polygon", "coordinates": [[[2532290.297, 1176075.302], [2532300.717, 1176061.572], [2532320.887, 1176076.922], [2532317.397, 1176081.502], [2532318.437, 1176082.292], [2532316.007, 1176085.482], [2532314.977, 1176084.692], [2532310.457, 1176090.622], [2532290.297, 1176075.302]]]}, "properties": {"OBJECTID": 46411910, "EGID": 280003081, "NO_COM_FED": 5757, "GENRE_TXT": "b\u00e2timent"}}, {"type": "Feature", "id": 46412153, "geometry": {"type": "Polygon", "coordinates": [[[2530490.834, 1174556.738], [2530480.621, 1174558.428], [2530479.534, 1174551.902], [2530493.659, 1174549.56], [2530494.74, 1174556.092], [2530490.834, 1174556.738]]]}, "properties": {"OBJECTID": 46412153, "EGID": 190069369, "NO_COM_FED": 5757, "GENRE_TXT": "b\u00e2timent"}}, {"type": "Feature", "id": 46412169, "geometry": {"type": "Polygon", "coordinates": [[[2530289.49, 1174374.246], [2530291.8, 1174381.949], [2530287.92, 1174383.111], [2530285.611, 1174375.408], [2530289.49, 1174374.246]]]}, "properties": {"OBJECTID": 46412169, "EGID": 280069980, "NO_COM_FED": 5757, "GENRE_TXT": "b\u00e2timent"}}, {"type": "Feature", "id": 46412170, "geometry": {"type": "Polygon", "coordinates": [[[2530861.474, 1175089.432], [2530861.077, 1175088.86], [2530869.847, 1175082.81], [2530873.127, 1175080.52], [2530881.497, 1175092.61], [2530878.177, 1175094.92], [2530878.367, 1175095.18], [2530869.647, 1175101.19], [2530861.474, 1175089.432]]]}, "properties": {"OBJECTID": 46412170, "EGID": 818426, "NO_COM_FED": 5757, "GENRE_TXT": "b\u00e2timent"}}, {"type": "Feature", "id": 46412263, "geometry": {"type": "Polygon", "coordinates": [[[2530711.104, 1174566.805], [2530708.046, 1174575.758], [2530701.396, 1174573.479], [2530700.798, 1174575.222], [2530698.269, 1174574.355], [2530698.874, 1174572.634], [2530698.751, 1174572.591], [2530701.788, 1174563.624], [2530711.104, 1174566.805]]]}, "properties": {"OBJECTID": 46412263, "EGID": 818759, "NO_COM_FED": 5757, "GENRE_TXT": "b\u00e2timent"}}, {"type": "Feature", "id": 46412410, "geometry": {"type": "Polygon", "coordinates": [[[2530877.205, 1175761.449], [2530877.275, 1175768.269], [2530878.395, 1175768.259], [2530878.455, 1175770.769], [2530873.725, 1175771.369], [2530873.545, 1175761.849], [2530877.205, 1175761.449]]]}, "properties": {"OBJECTID": 46412410, "EGID": 280027323, "NO_COM_FED": 5757, "GENRE_TXT": "b\u00e2timent"}}, {"type": "Feature", "id": 46412502, "geometry": {"type": "Polygon", "coordinates": [[[2531078.069, 1176155.986], [2531072.769, 1176157.356], [2531072.069, 1176154.646], [2531077.379, 1176153.276], [2531078.069, 1176155.986]]]}, "properties": {"OBJECTID": 46412502, "EGID": 280048509, "NO_COM_FED": 5757, "GENRE_TXT": "b\u00e2timent"}}, {"type": "Feature", "id": 46412703, "geometry": {"type": "Polygon", "coordinates": [[[2530992.072, 1176477.732], [2530999.042, 1176478.251], [2530998.782, 1176481.591], [2531000.382, 1176481.711], [2530999.792, 1176489.642], [2530986.702, 1176488.672], [2530987.142, 1176482.802], [2530990.242, 1176483.072], [2530990.392, 1176481.072], [2530991.832, 1176481.172], [2530992.072, 1176477.732]]]}, "properties": {"OBJECTID": 46412703, "EGID": 818170, "NO_COM_FED": 5757, "GENRE_TXT": "b\u00e2timent"}}, {"type": "Feature", "id": 46412723, "geometry": {"type": "Polygon", "coordinates": [[[2530779.0810000002, 1176105.731], [2530787.67, 1176102.971], [2530790.405, 1176111.557], [2530781.82, 1176114.299], [2530779.0810000002, 1176105.731]]]}, "properties": {"OBJECTID": 46412723, "EGID": 280073774, "NO_COM_FED": 5757, "GENRE_TXT": "b\u00e2timent"}}, {"type": "Feature", "id": 46413096, "geometry": {"type": "Polygon", "coordinates": [[[2530403.646, 1174870.548], [2530407.3310000002, 1174875.303], [2530408.3140000002, 1174874.541], [2530410.2, 1174876.973], [2530408.161, 1174878.569], [2530407.462, 1174877.676], [2530405.7, 1174879.056], [2530403.454, 1174876.187], [2530402.972, 1174876.564], [2530402.601, 1174876.09], [2530403.083, 1174875.713], [2530400.788, 1174872.781], [2530403.646, 1174870.548]]]}, "properties": {"OBJECTID": 46413096, "EGID": 819003, "NO_COM_FED": 5757, "GENRE_TXT": "b\u00e2timent"}}, {"type": "Feature", "id": 46413151, "geometry": {"type": "Polygon", "coordinates": [[[2530986.483, 1176554.322], [2530994.723, 1176555.192], [2530993.453, 1176567.362], [2530992.728, 1176567.286], [2530985.233, 1176566.503], [2530986.483, 1176554.322]]]}, "properties": {"OBJECTID": 46413151, "EGID": 818173, "NO_COM_FED": 5757, "GENRE_TXT": "b\u00e2timent"}}, {"type": "Feature", "id": 46413226, "geometry": {"type": "Polygon", "coordinates": [[[2530533.524, 1174931.651], [2530535.658, 1174929.679], [2530538.514, 1174927.04], [2530543.5439999998, 1174932.721], [2530540.494, 1174935.121], [2530538.846, 1174935.005], [2530536.094, 1174934.811], [2530533.524, 1174931.651]]]}, "properties": {"OBJECTID": 46413226, "EGID": 280068799, "NO_COM_FED": 5757, "GENRE_TXT": "b\u00e2timent"}}, {"type": "Feature", "id": 46413248, "geometry": {"type": "Polygon", "coordinates": [[[2531436.099, 1175102.266], [2531436.409, 1175101.946], [2531440.949, 1175106.246], [2531408.259, 1175141.486], [2531391.299, 1175125.926], [2531411.749, 1175103.766], [2531423.839, 1175115.236], [2531436.099, 1175102.266]]]}, "properties": {"OBJECTID": 46413248, "EGID": 280001606, "NO_COM_FED": 5757, "GENRE_TXT": "b\u00e2timent"}}, {"type": "Feature", "id": 46413569, "geometry": {"type": "Polygon", "coordinates": [[[2530247.984, 1175838.38], [2530243.3109999998, 1175837.355], [2530243.746, 1175835.371], [2530241.497, 1175834.878], [2530243.115, 1175827.553], [2530256.805, 1175830.553], [2530255.199, 1175837.881], [2530248.4189999998, 1175836.396], [2530247.984, 1175838.38]]]}, "properties": {"OBJECTID": 46413569, "EGID": 280000137, "NO_COM_FED": 5757, "GENRE_TXT": "b\u00e2timent"}}, {"type": "Feature", "id": 46413670, "geometry": {"type": "Polygon", "coordinates": [[[2531050.6, 1176290.9679999999], [2531048.15, 1176281.338], [2531058.33, 1176278.788], [2531061.22, 1176278.068], [2531063.65, 1176287.428], [2531061.5, 1176287.998], [2531061.53, 1176288.108], [2531060.76, 1176288.308], [2531058.64, 1176288.868], [2531050.6, 1176290.9679999999]]]}, "properties": {"OBJECTID": 46413670, "EGID": 818338, "NO_COM_FED": 5757, "GENRE_TXT": "b\u00e2timent"}}, {"type": "Feature", "id": 46413843, "geometry": {"type": "Polygon", "coordinates": [[[2531029.289, 1176140.917], [2531038.509, 1176138.517], [2531039.469, 1176138.257], [2531041.409, 1176137.757], [2531043.879, 1176147.347], [2531040.979, 1176148.107], [2531030.799, 1176150.777], [2531028.359, 1176141.277], [2531029.319, 1176141.037], [2531029.289, 1176140.917]]]}, "properties": {"OBJECTID": 46413843, "EGID": 818315, "NO_COM_FED": 5757, "GENRE_TXT": "b\u00e2timent"}}, {"type": "Feature", "id": 46413996, "geometry": {"type": "Polygon", "coordinates": [[[2530703.267, 1175117.425], [2530697.837, 1175103.016], [2530694.657, 1175094.316], [2530692.927, 1175088.916], [2530694.1859999998, 1175088.346], [2530701.926, 1175084.966], [2530702.306, 1175084.725], [2530704.787, 1175088.955], [2530705.697, 1175090.865], [2530705.807, 1175091.095], [2530701.227, 1175092.956], [2530709.257, 1175111.815], [2530707.867, 1175114.285], [2530707.727, 1175114.905], [2530703.277, 1175116.485], [2530703.527, 1175117.335], [2530703.267, 1175117.425]]]}, "properties": {"OBJECTID": 46413996, "EGID": 818631, "NO_COM_FED": 5757, "GENRE_TXT": "b\u00e2timent"}}, {"type": "Feature", "id": 46414010, "geometry": {"type": "Polygon", "coordinates": [[[2530711.585, 1174930.325], [2530707.615, 1174924.236], [2530705.245, 1174920.516], [2530710.285, 1174917.365], [2530717.005, 1174927.385], [2530711.585, 1174930.325]]]}, "properties": {"OBJECTID": 46414010, "EGID": 818688, "NO_COM_FED": 5757, "GENRE_TXT": "b\u00e2timent"}}, {"type": "Feature", "id": 46414012, "geometry": {"type": "Polygon", "coordinates": [[[2530825.038, 1176412.456], [2530831.251, 1176412.805], [2530830.971, 1176417.475], [2530832.881, 1176419.675], [2530832.611, 1176424.335], [2530821.401, 1176423.746], [2530821.721, 1176418.096], [2530819.221, 1176417.956], [2530819.531, 1176412.146], [2530825.038, 1176412.456]]]}, "properties": {"OBJECTID": 46414012, "EGID": 3163901, "NO_COM_FED": 5757, "GENRE_TXT": "b\u00e2timent"}}, {"type": "Feature", "id": 46414097, "geometry": {"type": "Polygon", "coordinates": [[[2530278.164, 1174842.871], [2530282.099, 1174845.993], [2530280.211, 1174848.36], [2530276.279, 1174845.24], [2530278.164, 1174842.871]]]}, "properties": {"OBJECTID": 46414097, "EGID": 280072369, "NO_COM_FED": 5757, "GENRE_TXT": "b\u00e2timent"}}, {"type": "Feature", "id": 46414108, "geometry": {"type": "Polygon", "coordinates": [[[2530258.085, 1175973.794], [2530245.926, 1175972.909], [2530246.551, 1175964.331], [2530252.108, 1175964.743], [2530252.692, 1175956.855], [2530271.4390000002, 1175958.219], [2530270.856, 1175966.098], [2530276.471, 1175966.513], [2530275.846, 1175975.088], [2530260.304, 1175973.956], [2530258.085, 1175973.794]]]}, "properties": {"OBJECTID": 46414108, "EGID": 190069396, "NO_COM_FED": 5757, "GENRE_TXT": "b\u00e2timent"}}, {"type": "Feature", "id": 46414313, "geometry": {"type": "Polygon", "coordinates": [[[2530904.736, 1176685.514], [2530903.874, 1176688.946], [2530895.184, 1176686.766], [2530897.364, 1176678.076], [2530906.054, 1176680.266], [2530904.736, 1176685.514]]]}, "properties": {"OBJECTID": 46414313, "EGID": 818166, "NO_COM_FED": 5757, "GENRE_TXT": "b\u00e2timent"}}, {"type": "Feature", "id": 46414345, "geometry": {"type": "Polygon", "coordinates": [[[2530801.79, 1176248.565], [2530799.92, 1176237.225], [2530808.43, 1176235.834], [2530810.28, 1176247.154], [2530804.803, 1176248.064], [2530801.79, 1176248.565]]]}, "properties": {"OBJECTID": 46414345, "EGID": 818205, "NO_COM_FED": 5757, "GENRE_TXT": "b\u00e2timent"}}, {"type": "Feature", "id": 46414379, "geometry": {"type": "Polygon", "coordinates": [[[2530889.758, 1175198.919], [2530889.978, 1175198.829], [2530900.909, 1175224.569], [2530889.909, 1175229.239], [2530878.958, 1175203.5], [2530889.758, 1175198.919]]]}, "properties": {"OBJECTID": 46414379, "EGID": 818420, "NO_COM_FED": 5757, "GENRE_TXT": "b\u00e2timent"}}, {"type": "Feature", "id": 46414393, "geometry": {"type": "Polygon", "coordinates": [[[2531912.536, 1174958.966], [2531932.026, 1174954.26], [2531940.513, 1174989.289], [2531920.985, 1174994.016], [2531912.536, 1174958.966]]]}, "properties": {"OBJECTID": 46414393, "EGID": 280099993, "NO_COM_FED": 5757, "GENRE_TXT": "b\u00e2timent"}}, {"type": "Feature", "id": 46414424, "geometry": {"type": "Polygon", "coordinates": [[[2530806.216, 1175484.951], [2530805.614, 1175479.002], [2530804.852, 1175471.551], [2530829.731, 1175469.018], [2530831.1, 1175482.44], [2530806.216, 1175484.951]]]}, "properties": {"OBJECTID": 46414424, "EGID": 280097575, "NO_COM_FED": 5757, "GENRE_TXT": "b\u00e2timent"}}, {"type": "Feature", "id": 46414479, "geometry": {"type": "Polygon", "coordinates": [[[2531191.883, 1174558.189], [2531195.233, 1174565.529], [2531191.303, 1174567.279], [2531189.083, 1174562.169], [2531187.723, 1174562.819], [2531186.743, 1174560.499], [2531191.883, 1174558.189]]]}, "properties": {"OBJECTID": 46414479, "EGID": 280026130, "NO_COM_FED": 5757, "GENRE_TXT": "b\u00e2timent"}}, {"type": "Feature", "id": 46414489, "geometry": {"type": "Polygon", "coordinates": [[[2531291.255, 1174666.596], [2531292.485, 1174671.706], [2531287.435, 1174672.996], [2531286.155, 1174667.896], [2531291.255, 1174666.596]]]}, "properties": {"OBJECTID": 46414489, "EGID": 280035005, "NO_COM_FED": 5757, "GENRE_TXT": "b\u00e2timent"}}, {"type": "Feature", "id": 46414618, "geometry": {"type": "Polygon", "coordinates": [[[2531312.288, 1174666.569], [2531306.426, 1174667.805], [2531305.192, 1174661.929], [2531308.734, 1174661.184], [2531313.013, 1174660.285], [2531314.245, 1174666.1570000001], [2531312.288, 1174666.569]]]}, "properties": {"OBJECTID": 46414618, "EGID": 280068705, "NO_COM_FED": 5757, "GENRE_TXT": "b\u00e2timent"}}, {"type": "Feature", "id": 46414655, "geometry": {"type": "Polygon", "coordinates": [[[2530827.58, 1174301.97], [2530828.491, 1174296.042], [2530834.422, 1174296.954], [2530833.503, 1174302.887], [2530827.58, 1174301.97]]]}, "properties": {"OBJECTID": 46414655, "EGID": 280092517, "NO_COM_FED": 5757, "GENRE_TXT": "b\u00e2timent"}}, {"type": "Feature", "id": 46414662, "geometry": {"type": "Polygon", "coordinates": [[[2531302.496, 1174790.653], [2531304.356, 1174799.023], [2531295.416, 1174800.993], [2531293.516, 1174792.563], [2531302.496, 1174790.653]]]}, "properties": {"OBJECTID": 46414662, "EGID": 818459, "NO_COM_FED": 5757, "GENRE_TXT": "b\u00e2timent"}}, {"type": "Feature", "id": 46414682, "geometry": {"type": "Polygon", "coordinates": [[[2530556.005, 1175838.549], [2530548.665, 1175840.12], [2530546.395, 1175829.34], [2530553.715, 1175827.779], [2530554.955, 1175833.649], [2530556.005, 1175838.549]]]}, "properties": {"OBJECTID": 46414682, "EGID": 190090900, "NO_COM_FED": 5757, "GENRE_TXT": "b\u00e2timent"}}, {"type": "Feature", "id": 46414702, "geometry": {"type": "Polygon", "coordinates": [[[2530649.973, 1176314.602], [2530650.2, 1176307.649], [2530650.28, 1176307.649], [2530650.41, 1176303.579], [2530655.79, 1176303.749], [2530655.66, 1176307.819], [2530662.03, 1176308.019], [2530661.76, 1176315.989], [2530649.94, 1176315.609], [2530649.973, 1176314.602]]]}, "properties": {"OBJECTID": 46414702, "EGID": 818224, "NO_COM_FED": 5757, "GENRE_TXT": "b\u00e2timent"}}, {"type": "Feature", "id": 46415073, "geometry": {"type": "Polygon", "coordinates": [[[2530928.74, 1176222.521], [2530935.12, 1176222.211], [2530935.37, 1176229.941], [2530926.94, 1176230.301], [2530926.6, 1176222.601], [2530928.74, 1176222.521]]]}, "properties": {"OBJECTID": 46415073, "EGID": 818265, "NO_COM_FED": 5757, "GENRE_TXT": "b\u00e2timent"}}, {"type": "Feature", "id": 46415170, "geometry": {"type": "Polygon", "coordinates": [[[2530805.06, 1175367.402], [2530804.98, 1175366.762], [2530802.68, 1175367.052], [2530801.75, 1175360.432], [2530804.01, 1175360.112], [2530803.92, 1175359.442], [2530810.73, 1175358.432], [2530811.86, 1175366.462], [2530805.06, 1175367.402]]]}, "properties": {"OBJECTID": 46415170, "EGID": 818530, "NO_COM_FED": 5757, "GENRE_TXT": "b\u00e2timent"}}, {"type": "Feature", "id": 46415320, "geometry": {"type": "Polygon", "coordinates": [[[2530617.866, 1175085.408], [2530639.6859999998, 1175086.528], [2530639.826, 1175089.727], [2530640.122, 1175093.402], [2530633.0609999998, 1175093.54], [2530619.817, 1175093.076], [2530619.9560000002, 1175089.4679999999], [2530617.786, 1175089.288], [2530617.866, 1175085.408]]]}, "properties": {"OBJECTID": 46415320, "EGID": 818593, "NO_COM_FED": 5757, "GENRE_TXT": "b\u00e2timent"}}, {"type": "Feature", "id": 46415378, "geometry": {"type": "Polygon", "coordinates": [[[2530486.845, 1175994.139], [2530487.487, 1175999.101], [2530474.467, 1176000.792], [2530473.617, 1175994.332], [2530486.647, 1175992.611], [2530486.845, 1175994.139]]]}, "properties": {"OBJECTID": 46415378, "EGID": 818071, "NO_COM_FED": 5757, "GENRE_TXT": "b\u00e2timent"}}, {"type": "Feature", "id": 46415384, "geometry": {"type": "Polygon", "coordinates": [[[2530483.117, 1176037.941], [2530483.287, 1176038.781], [2530480.647, 1176039.212], [2530479.957, 1176034.482], [2530481.497, 1176034.251], [2530480.977, 1176030.851], [2530488.407, 1176029.821], [2530489.397, 1176036.771], [2530483.117, 1176037.941]]]}, "properties": {"OBJECTID": 46415384, "EGID": 818074, "NO_COM_FED": 5757, "GENRE_TXT": "b\u00e2timent"}}, {"type": "Feature", "id": 46415626, "geometry": {"type": "Polygon", "coordinates": [[[2530482.743, 1174835.62], [2530479.853, 1174832.84], [2530481.853, 1174830.72], [2530475.913, 1174825.15], [2530482.703, 1174817.7], [2530485.543, 1174820.32], [2530488.229, 1174822.8], [2530490.093, 1174824.52], [2530489.173, 1174825.51], [2530490.703, 1174827.01], [2530482.743, 1174835.62]]]}, "properties": {"OBJECTID": 46415626, "EGID": 818862, "NO_COM_FED": 5757, "GENRE_TXT": "b\u00e2timent"}}, {"type": "Feature", "id": 46415633, "geometry": {"type": "Polygon", "coordinates": [[[2530082.61, 1174690.173], [2530082.0810000002, 1174684.0929999999], [2530086.799, 1174683.6469999999], [2530087.304, 1174689.701], [2530082.61, 1174690.173]]]}, "properties": {"OBJECTID": 46415633, "EGID": 280070107, "NO_COM_FED": 5757, "GENRE_TXT": "b\u00e2timent"}}, {"type": "Feature", "id": 46415697, "geometry": {"type": "Polygon", "coordinates": [[[2531278.424, 1174549.338], [2531284.454, 1174573.928], [2531235.414, 1174586.018], [2531229.404, 1174561.379], [2531278.424, 1174549.338]]]}, "properties": {"OBJECTID": 46415697, "EGID": 9029622, "NO_COM_FED": 5757, "GENRE_TXT": "b\u00e2timent"}}, {"type": "Feature", "id": 46415781, "geometry": {"type": "Polygon", "coordinates": [[[2530787.817, 1175946.812], [2530791.467, 1175945.252], [2530792.337, 1175947.332], [2530798.437, 1175944.742], [2530802.617, 1175943.002], [2530802.837, 1175943.5219999999], [2530806.717, 1175941.892], [2530811.457, 1175953.172], [2530811.677, 1175953.682], [2530811.267, 1175953.862], [2530811.047, 1175953.342], [2530807.567, 1175954.812], [2530807.817, 1175955.392], [2530805.263, 1175956.465], [2530803.677, 1175957.132], [2530801.537, 1175952.062], [2530799.247, 1175952.842], [2530798.367, 1175950.7719999999], [2530790.827, 1175953.952], [2530787.817, 1175946.812]]]}, "properties": {"OBJECTID": 46415781, "EGID": 818305, "NO_COM_FED": 5757, "GENRE_TXT": "b\u00e2timent"}}, {"type": "Feature", "id": 46415848, "geometry": {"type": "Polygon", "coordinates": [[[2530453.972, 1174813.57], [2530453.159, 1174812.81], [2530451.112, 1174815.009], [2530449.651, 1174815.062], [2530445.99, 1174811.655], [2530445.938, 1174810.194], [2530447.995, 1174807.984], [2530447.094, 1174807.142], [2530453.481, 1174800.161], [2530460.33, 1174806.627], [2530453.972, 1174813.57]]]}, "properties": {"OBJECTID": 46415848, "EGID": 818864, "NO_COM_FED": 5757, "GENRE_TXT": "b\u00e2timent"}}, {"type": "Feature", "id": 46416002, "geometry": {"type": "Polygon", "coordinates": [[[2531655.966, 1176420.505], [2531655.432124174, 1176420.6435679584], [2531654.8823739346, 1176420.6882798208], [2531654.333122938, 1176420.6378038975], [2531653.8007299704, 1176420.4936435537], [2531653.3010517233, 1176420.2600924335], [2531652.848970518, 1176419.944106579], [2531652.457951055, 1176419.5550972528], [2531652.139639383, 1176419.1046506343], [2531651.9035160374, 1176418.6061827398], [2531651.7566136695, 1176418.074539842], [2531651.703307592, 1176417.525556292], [2531651.745185463, 1176416.9755829105], [2531651.881, 1176416.441], [2531652.099546995, 1176415.9504388296], [2531652.3971417765, 1176415.5033925266], [2531652.765383042, 1176415.1124815121], [2531653.1938750907, 1176414.7887414694], [2531653.6705213003, 1176414.5413117995], [2531654.1818656255, 1176414.3771776105], [2531654.7134724683, 1176414.3009725215], [2531655.250334207, 1176414.3148478544], [2531655.777294869, 1176414.4184118987], [2531656.279477998, 1176414.6087409714], [2531656.742706623, 1176414.8804619533], [2531657.1539034853, 1176415.2259039767], [2531657.501460218, 1176415.6353149787], [2531657.7755650585, 1176416.0971370086], [2531657.968479841, 1176416.598332517], [2531658.074758451, 1176417.1247524142], [2531658.09140057, 1176417.661535509], [2531658.01793638, 1176418.1935280499], [2531657.8564398256, 1176418.7057115266], [2531657.6114700637, 1176419.1836266515], [2531657.2899427568, 1176419.6137815563], [2531656.9009348396, 1176419.9840326754], [2531656.4554282697, 1176420.283927569], [2531655.966, 1176420.505]]]}, "properties": {"OBJECTID": 46416002, "EGID": 281011449, "NO_COM_FED": 5757, "GENRE_TXT": "b\u00e2timent"}}, {"type": "Feature", "id": 46416038, "geometry": {"type": "Polygon", "coordinates": [[[2530755.627, 1176098.266], [2530755.22, 1176092.831], [2530757.297, 1176092.684], [2530757.654, 1176098.125], [2530755.627, 1176098.266]]]}, "properties": {"OBJECTID": 46416038, "EGID": 280051378, "NO_COM_FED": 5757, "GENRE_TXT": "b\u00e2timent"}}, {"type": "Feature", "id": 46416224, "geometry": {"type": "Polygon", "coordinates": [[[2530668.808, 1175242.366], [2530671.608, 1175242.366], [2530677.478, 1175242.356], [2530689.278, 1175242.346], [2530688.388, 1175251.996], [2530673.708, 1175251.896], [2530669.258, 1175251.866], [2530668.808, 1175242.366]]]}, "properties": {"OBJECTID": 46416224, "EGID": 818551, "NO_COM_FED": 5757, "GENRE_TXT": "b\u00e2timent"}}, {"type": "Feature", "id": 46416681, "geometry": {"type": "Polygon", "coordinates": [[[2530724.685, 1174974.485], [2530721.935, 1174969.995], [2530726.695, 1174966.375], [2530728.235, 1174965.155], [2530725.975, 1174961.985], [2530723.785, 1174963.565], [2530721.725, 1174960.295], [2530733.285, 1174953.325], [2530733.025, 1174952.945], [2530733.675, 1174952.705], [2530737.905, 1174957.835], [2530738.025, 1174957.735], [2530738.335, 1174958.004], [2530728.415, 1174965.615], [2530731.315, 1174969.855], [2530727.395, 1174972.815], [2530727.165, 1174972.495], [2530725.015, 1174974.865], [2530724.685, 1174974.485]]]}, "properties": {"OBJECTID": 46416681, "EGID": 818691, "NO_COM_FED": 5757, "GENRE_TXT": "b\u00e2timent"}}, {"type": "Feature", "id": 46416743, "geometry": {"type": "Polygon", "coordinates": [[[2530796.764, 1174873.203], [2530796.614, 1174873.533], [2530792.0439999998, 1174871.193], [2530787.144, 1174868.683], [2530792.854, 1174857.033], [2530801.934, 1174861.6030000001], [2530796.764, 1174873.203]]]}, "properties": {"OBJECTID": 46416743, "EGID": 818725, "NO_COM_FED": 5757, "GENRE_TXT": "b\u00e2timent"}}, {"type": "Feature", "id": 46417366, "geometry": {"type": "Polygon", "coordinates": [[[2530655.37, 1176350.32], [2530659.21, 1176347.43], [2530662.09, 1176351.259], [2530658.26, 1176354.15], [2530655.37, 1176350.32]]]}, "properties": {"OBJECTID": 46417366, "EGID": 280037545, "NO_COM_FED": 5757, "GENRE_TXT": "b\u00e2timent"}}, {"type": "Feature", "id": 46417635, "geometry": {"type": "Polygon", "coordinates": [[[2530855.766, 1175865.89], [2530846.246, 1175868.54], [2530841.286, 1175869.92], [2530840.006, 1175865.29], [2530840.966, 1175865.02], [2530837.106, 1175851.16], [2530836.136, 1175851.43], [2530834.776, 1175846.5], [2530849.256, 1175842.47], [2530855.766, 1175865.89]]]}, "properties": {"OBJECTID": 46417635, "EGID": 3163927, "NO_COM_FED": 5757, "GENRE_TXT": "b\u00e2timent"}}, {"type": "Feature", "id": 46418213, "geometry": {"type": "Polygon", "coordinates": [[[2530844.048, 1176051.362], [2530849.968, 1176050.081], [2530850.688, 1176053.471], [2530844.778, 1176054.732], [2530844.048, 1176051.362]]]}, "properties": {"OBJECTID": 46418213, "EGID": 280037857, "NO_COM_FED": 5757, "GENRE_TXT": "b\u00e2timent"}}, {"type": "Feature", "id": 46418231, "geometry": {"type": "Polygon", "coordinates": [[[2530626.818, 1175266.658], [2530625.568, 1175257.138], [2530632.928, 1175256.078], [2530635.618, 1175255.727], [2530636.778, 1175264.717], [2530626.818, 1175266.658]]]}, "properties": {"OBJECTID": 46418231, "EGID": 818571, "NO_COM_FED": 5757, "GENRE_TXT": "b\u00e2timent"}}, {"type": "Feature", "id": 46418368, "geometry": {"type": "Polygon", "coordinates": [[[2530325.247, 1176074.636], [2530329.907, 1176063.036], [2530330.097, 1176062.566], [2530353.317, 1176071.946], [2530353.107, 1176072.476], [2530348.417, 1176084.006], [2530325.247, 1176074.636]]]}, "properties": {"OBJECTID": 46418368, "EGID": 818080, "NO_COM_FED": 5757, "GENRE_TXT": "b\u00e2timent"}}, {"type": "Feature", "id": 46418441, "geometry": {"type": "Polygon", "coordinates": [[[2530418.478, 1174498.312], [2530421.152, 1174510.44], [2530418.411, 1174511.029], [2530418.129, 1174509.703], [2530415.395, 1174510.288], [2530413.047, 1174499.501], [2530418.478, 1174498.312]]]}, "properties": {"OBJECTID": 46418441, "EGID": 818844, "NO_COM_FED": 5757, "GENRE_TXT": "b\u00e2timent"}}, {"type": "Feature", "id": 46418454, "geometry": {"type": "Polygon", "coordinates": [[[2530717.389, 1175268.345], [2530722.629, 1175259.155], [2530723.969, 1175259.705], [2530724.869, 1175257.725], [2530727.539, 1175258.954], [2530727.209, 1175259.614], [2530724.629, 1175264.515], [2530727.869, 1175265.534], [2530727.6689999998, 1175267.824], [2530726.209, 1175268.235], [2530721.239, 1175268.195], [2530721.219, 1175268.615], [2530717.389, 1175268.345]]]}, "properties": {"OBJECTID": 46418454, "EGID": 190092534, "NO_COM_FED": 5757, "GENRE_TXT": "b\u00e2timent"}}, {"type": "Feature", "id": 46418629, "geometry": {"type": "Polygon", "coordinates": [[[2530769.141, 1175805.372], [2530770.892, 1175806.769], [2530776.088, 1175799.286], [2530784.772, 1175806.306], [2530783.377, 1175808.017], [2530784.901, 1175809.267], [2530782.28, 1175812.52], [2530783.357, 1175813.388], [2530780.685, 1175816.697], [2530773.412, 1175810.806], [2530770.927, 1175814.006], [2530768.76, 1175812.256], [2530768.573, 1175812.477], [2530765.467, 1175809.974], [2530769.141, 1175805.372]]]}, "properties": {"OBJECTID": 46418629, "EGID": 818298, "NO_COM_FED": 5757, "GENRE_TXT": "b\u00e2timent"}}, {"type": "Feature", "id": 46418878, "geometry": {"type": "Polygon", "coordinates": [[[2530607.322, 1174434.734], [2530605.897, 1174445.279], [2530592.283, 1174443.439], [2530593.384, 1174435.29], [2530601.266, 1174436.357], [2530601.591, 1174433.954], [2530601.987, 1174434.018], [2530607.322, 1174434.734]]]}, "properties": {"OBJECTID": 46418878, "EGID": null, "NO_COM_FED": 5757, "GENRE_TXT": "b\u00e2timent"}}, {"type": "Feature", "id": 46418991, "geometry": {"type": "Polygon", "coordinates": [[[2530211.685, 1175911.6469999999], [2530212.031, 1175914.014], [2530214.285, 1175929.43], [2530205.715, 1175930.689], [2530204.618, 1175923.172], [2530198.345, 1175924.088], [2530196.211, 1175909.486], [2530202.491, 1175908.527], [2530201.393, 1175901.001], [2530209.945, 1175899.749], [2530211.685, 1175911.6469999999]]]}, "properties": {"OBJECTID": 46418991, "EGID": 190086319, "NO_COM_FED": 5757, "GENRE_TXT": "b\u00e2timent"}}, {"type": "Feature", "id": 46419314, "geometry": {"type": "Polygon", "coordinates": [[[2530639.507, 1175127.1469999999], [2530639.507, 1175127.367], [2530639.807, 1175127.337], [2530639.827, 1175127.567], [2530642.327, 1175152.837], [2530614.367, 1175155.608], [2530613.687, 1175148.518], [2530613.337, 1175128.488], [2530613.337, 1175128.2179999999], [2530639.507, 1175127.1469999999]]]}, "properties": {"OBJECTID": 46419314, "EGID": 818611, "NO_COM_FED": 5757, "GENRE_TXT": "b\u00e2timent"}}, {"type": "Feature", "id": 46419513, "geometry": {"type": "Polygon", "coordinates": [[[2530923.453, 1176557.064], [2530928.963, 1176557.414], [2530933.943, 1176557.754], [2530933.483, 1176564.474], [2530922.973, 1176563.744], [2530923.453, 1176557.064]]]}, "properties": {"OBJECTID": 46419513, "EGID": 818159, "NO_COM_FED": 5757, "GENRE_TXT": "b\u00e2timent"}}, {"type": "Feature", "id": 46420093, "geometry": {"type": "Polygon", "coordinates": [[[2530809.172, 1176497.417], [2530808.822, 1176500.417], [2530806.332, 1176500.097], [2530806.692, 1176497.117], [2530809.172, 1176497.417]]]}, "properties": {"OBJECTID": 46420093, "EGID": 280111745, "NO_COM_FED": 5757, "GENRE_TXT": "b\u00e2timent"}}, {"type": "Feature", "id": 46420139, "geometry": {"type": "Polygon", "coordinates": [[[2530827.901, 1174568.25], [2530830.037, 1174572.004], [2530823.019, 1174576.049], [2530820.867, 1174572.356], [2530819.149, 1174573.354], [2530817.654, 1174570.75], [2530819.378, 1174569.743], [2530820.6689999998, 1174562.291], [2530828.662, 1174563.692], [2530827.901, 1174568.25]]]}, "properties": {"OBJECTID": 46420139, "EGID": 280082155, "NO_COM_FED": 5757, "GENRE_TXT": "b\u00e2timent"}}, {"type": "Feature", "id": 46420255, "geometry": {"type": "Polygon", "coordinates": [[[2530264.94, 1174628.554], [2530265.066, 1174637.075], [2530258.073, 1174637.181], [2530257.947, 1174628.6570000001], [2530264.94, 1174628.554]]]}, "properties": {"OBJECTID": 46420255, "EGID": 3163910, "NO_COM_FED": 5757, "GENRE_TXT": "b\u00e2timent"}}, {"type": "Feature", "id": 46420364, "geometry": {"type": "Polygon", "coordinates": [[[2530517.863, 1174807.539], [2530518.109, 1174807.22], [2530523.713, 1174799.939], [2530531.113, 1174805.739], [2530527.223, 1174810.749], [2530528.143, 1174811.469], [2530525.563, 1174814.78], [2530524.623, 1174814.03], [2530525.273, 1174813.289], [2530517.863, 1174807.539]]]}, "properties": {"OBJECTID": 46420364, "EGID": 818866, "NO_COM_FED": 5757, "GENRE_TXT": "b\u00e2timent"}}, {"type": "Feature", "id": 46420603, "geometry": {"type": "Polygon", "coordinates": [[[2531784.755, 1176375.687], [2531788.975, 1176375.047], [2531789.555, 1176378.877], [2531785.315, 1176379.517], [2531784.813, 1176376.082], [2531784.755, 1176375.687]]]}, "properties": {"OBJECTID": 46420603, "EGID": 280045683, "NO_COM_FED": 5757, "GENRE_TXT": "b\u00e2timent"}}, {"type": "Feature", "id": 46420609, "geometry": {"type": "Polygon", "coordinates": [[[2530785.226, 1174992.703], [2530772.526, 1175000.273], [2530764.845, 1174988.574], [2530778.325, 1174981.003], [2530785.226, 1174992.703]]]}, "properties": {"OBJECTID": 46420609, "EGID": 818650, "NO_COM_FED": 5757, "GENRE_TXT": "b\u00e2timent"}}, {"type": "Feature", "id": 46420925, "geometry": {"type": "Polygon", "coordinates": [[[2530140.301, 1174685.7], [2530142.894, 1174701.131], [2530134.7, 1174702.518], [2530132.089, 1174687.089], [2530140.301, 1174685.7]]]}, "properties": {"OBJECTID": 46420925, "EGID": 280065537, "NO_COM_FED": 5757, "GENRE_TXT": "b\u00e2timent"}}, {"type": "Feature", "id": 46420992, "geometry": {"type": "Polygon", "coordinates": [[[2530907.198, 1176088.78], [2530907.958, 1176092.91], [2530906.858, 1176093.12], [2530907.388, 1176095.97], [2530908.268, 1176095.8], [2530908.968, 1176099.59], [2530903.838, 1176100.54], [2530903.628, 1176099.39], [2530900.248, 1176100.011], [2530898.438, 1176090.311], [2530907.198, 1176088.78]]]}, "properties": {"OBJECTID": 46420992, "EGID": 818252, "NO_COM_FED": 5757, "GENRE_TXT": "b\u00e2timent"}}, {"type": "Feature", "id": 46421240, "geometry": {"type": "Polygon", "coordinates": [[[2531824.909, 1174756.429], [2531829.65, 1174776.458], [2531790.049, 1174785.959], [2531785.199, 1174765.909], [2531824.909, 1174756.429]]]}, "properties": {"OBJECTID": 46421240, "EGID": 818891, "NO_COM_FED": 5757, "GENRE_TXT": "b\u00e2timent"}}, {"type": "Feature", "id": 46421289, "geometry": {"type": "Polygon", "coordinates": [[[2530696.789, 1175262.285], [2530697.968, 1175256.155], [2530717.769, 1175260.235], [2530716.099, 1175264.415], [2530715.759, 1175265.685], [2530696.789, 1175262.285]]]}, "properties": {"OBJECTID": 46421289, "EGID": 818486, "NO_COM_FED": 5757, "GENRE_TXT": "b\u00e2timent"}}, {"type": "Feature", "id": 46421452, "geometry": {"type": "Polygon", "coordinates": [[[2530666.415, 1175817.376], [2530661.875, 1175822.606], [2530658.745, 1175820.046], [2530664.395, 1175813.546], [2530666.415, 1175817.376]]]}, "properties": {"OBJECTID": 46421452, "EGID": 819017, "NO_COM_FED": 5757, "GENRE_TXT": "b\u00e2timent"}}, {"type": "Feature", "id": 46421453, "geometry": {"type": "Polygon", "coordinates": [[[2530496.9390000002, 1176251.503], [2530509.479, 1176250.773], [2530510.199, 1176264.433], [2530510.719, 1176274.023], [2530511.44, 1176287.333], [2530498.92, 1176288.033], [2530496.9390000002, 1176251.503]]]}, "properties": {"OBJECTID": 46421453, "EGID": 818060, "NO_COM_FED": 5757, "GENRE_TXT": "b\u00e2timent"}}, {"type": "Feature", "id": 46422079, "geometry": {"type": "Polygon", "coordinates": [[[2531485.357, 1174520.404], [2531504.711, 1174522.856], [2531497.341, 1174581.307], [2531497.205, 1174582.389], [2531479.825, 1174580.211], [2531479.914, 1174579.497], [2531481.663, 1174565.517], [2531479.6859999998, 1174565.268], [2531484.152, 1174529.936], [2531481.198, 1174529.563], [2531481.699, 1174525.72], [2531484.639, 1174526.082], [2531485.357, 1174520.404]]]}, "properties": {"OBJECTID": 46422079, "EGID": null, "NO_COM_FED": 5757, "GENRE_TXT": "b\u00e2timent"}}, {"type": "Feature", "id": 46422199, "geometry": {"type": "Polygon", "coordinates": [[[2530749.163, 1176130.437], [2530748.388, 1176120.785], [2530757.668, 1176120.325], [2530758.458, 1176128.465], [2530758.628, 1176128.455], [2530759.058, 1176134.155], [2530749.528, 1176134.975], [2530749.163, 1176130.437]]]}, "properties": {"OBJECTID": 46422199, "EGID": 818216, "NO_COM_FED": 5757, "GENRE_TXT": "b\u00e2timent"}}, {"type": "Feature", "id": 46422439, "geometry": {"type": "Polygon", "coordinates": [[[2530650.464, 1174912.467], [2530644.504, 1174915.318], [2530642.884, 1174912.738], [2530635.114, 1174902.778], [2530640.354, 1174898.688], [2530644.274, 1174903.618], [2530648.704, 1174909.197], [2530650.464, 1174912.467]]]}, "properties": {"OBJECTID": 46422439, "EGID": 280012023, "NO_COM_FED": 5757, "GENRE_TXT": "b\u00e2timent"}}, {"type": "Feature", "id": 46422512, "geometry": {"type": "Polygon", "coordinates": [[[2530724.767, 1175095.845], [2530726.927, 1175091.025], [2530746.577, 1175102.884], [2530741.737, 1175109.294], [2530737.357, 1175106.294], [2530738.617, 1175104.354], [2530736.687, 1175103.074], [2530736.847, 1175102.844], [2530724.767, 1175095.845]]]}, "properties": {"OBJECTID": 46422512, "EGID": 818640, "NO_COM_FED": 5757, "GENRE_TXT": "b\u00e2timent"}}, {"type": "Feature", "id": 46422513, "geometry": {"type": "Polygon", "coordinates": [[[2530449.742, 1175579.003], [2530449.492, 1175576.743], [2530453.192, 1175576.3429999999], [2530453.432, 1175578.6030000001], [2530449.742, 1175579.003]]]}, "properties": {"OBJECTID": 46422513, "EGID": 280113471, "NO_COM_FED": 5757, "GENRE_TXT": "b\u00e2timent"}}, {"type": "Feature", "id": 46422758, "geometry": {"type": "Polygon", "coordinates": [[[2531074.088, 1175138.333], [2531059.168, 1175150.714], [2531047.228, 1175136.384], [2531064.368, 1175122.244], [2531065.448, 1175121.364], [2531073.428, 1175129.574], [2531069.768, 1175132.624], [2531074.088, 1175138.333]]]}, "properties": {"OBJECTID": 46422758, "EGID": 818442, "NO_COM_FED": 5757, "GENRE_TXT": "b\u00e2timent"}}, {"type": "Feature", "id": 46422778, "geometry": {"type": "Polygon", "coordinates": [[[2531040.249, 1175247.204], [2531038.359, 1175248.294], [2531036.429, 1175245.285], [2531038.369, 1175244.115], [2531040.249, 1175247.204]]]}, "properties": {"OBJECTID": 46422778, "EGID": 280114314, "NO_COM_FED": 5757, "GENRE_TXT": "b\u00e2timent"}}, {"type": "Feature", "id": 46422859, "geometry": {"type": "Polygon", "coordinates": [[[2530640.81, 1176270.389], [2530640.41, 1176274.479], [2530639.115, 1176274.347], [2530632.59, 1176273.68], [2530633.03, 1176269.58], [2530640.81, 1176270.389]]]}, "properties": {"OBJECTID": 46422859, "EGID": 280032096, "NO_COM_FED": 5757, "GENRE_TXT": "b\u00e2timent"}}, {"type": "Feature", "id": 46422914, "geometry": {"type": "Polygon", "coordinates": [[[2530608.972, 1175962.963], [2530606.017, 1175961.378], [2530605.657, 1175962.038], [2530602.987, 1175960.598], [2530602.687, 1175961.118], [2530596.337, 1175957.7280000001], [2530596.626, 1175957.198], [2530594.506, 1175956.068], [2530594.866, 1175955.398], [2530591.326, 1175953.508], [2530597.136, 1175942.608], [2530599.786, 1175944.018], [2530601.246, 1175943.128], [2530603.476, 1175944.308], [2530603.786, 1175943.7280000001], [2530610.126, 1175947.117], [2530609.816, 1175947.707], [2530612.036, 1175948.877], [2530612.076, 1175950.617], [2530614.772, 1175952.052], [2530608.972, 1175962.963]]]}, "properties": {"OBJECTID": 46422914, "EGID": 3163946, "NO_COM_FED": 5757, "GENRE_TXT": "b\u00e2timent"}}, {"type": "Feature", "id": 46422950, "geometry": {"type": "Polygon", "coordinates": [[[2531706.349, 1174818.699], [2531678.979, 1174825.289], [2531671.299, 1174793.35], [2531698.569, 1174786.789], [2531706.349, 1174818.699]]]}, "properties": {"OBJECTID": 46422950, "EGID": 818889, "NO_COM_FED": 5757, "GENRE_TXT": "b\u00e2timent"}}, {"type": "Feature", "id": 46423102, "geometry": {"type": "Polygon", "coordinates": [[[2530709.695, 1174623.548], [2530706.739, 1174629.956], [2530702.244, 1174627.8429999999], [2530701.649, 1174629.109], [2530700.092, 1174628.394], [2530698.886, 1174627.814], [2530699.488, 1174626.563], [2530702.521, 1174620.024], [2530706.2, 1174621.742], [2530707.103, 1174619.807], [2530711.724, 1174621.991], [2530710.768, 1174624.043], [2530709.695, 1174623.548]]]}, "properties": {"OBJECTID": 46423102, "EGID": 818756, "NO_COM_FED": 5757, "GENRE_TXT": "b\u00e2timent"}}, {"type": "Feature", "id": 46423105, "geometry": {"type": "Polygon", "coordinates": [[[2530302.286, 1174346.1469999999], [2530314.961, 1174388.84], [2530302.733, 1174392.472], [2530290.007, 1174349.812], [2530302.286, 1174346.1469999999]]]}, "properties": {"OBJECTID": 46423105, "EGID": 280076355, "NO_COM_FED": 5757, "GENRE_TXT": "b\u00e2timent"}}, {"type": "Feature", "id": 46423639, "geometry": {"type": "Polygon", "coordinates": [[[2530338.647, 1174331.155], [2530351.327, 1174373.813], [2530339.109, 1174377.433], [2530334.088, 1174360.558], [2530331.624, 1174361.292], [2530330.566, 1174360.719], [2530329.782, 1174358.082], [2530330.354, 1174357.025], [2530332.818, 1174356.292], [2530326.4189999998, 1174334.786], [2530338.647, 1174331.155]]]}, "properties": {"OBJECTID": 46423639, "EGID": 190093650, "NO_COM_FED": 5757, "GENRE_TXT": "b\u00e2timent"}}, {"type": "Feature", "id": 46423703, "geometry": {"type": "Polygon", "coordinates": [[[2530764.69, 1176237.106], [2530767.95, 1176247.186], [2530764.97, 1176248.156], [2530763.857649565, 1176247.41731865], [2530762.661334665, 1176246.824187733], [2530761.4, 1176246.386], [2530759.85, 1176241.606], [2530760.6142818327, 1176240.510712697], [2530761.2342519523, 1176239.3277426858], [2530761.7, 1176238.076], [2530764.69, 1176237.106]]]}, "properties": {"OBJECTID": 46423703, "EGID": 280019596, "NO_COM_FED": 5757, "GENRE_TXT": "b\u00e2timent"}}, {"type": "Feature", "id": 46423795, "geometry": {"type": "Polygon", "coordinates": [[[2530287.562, 1174710.333], [2530279.994, 1174706.129], [2530285.632, 1174695.974], [2530293.204, 1174700.182], [2530287.562, 1174710.333]]]}, "properties": {"OBJECTID": 46423795, "EGID": 280103551, "NO_COM_FED": 5757, "GENRE_TXT": "b\u00e2timent"}}, {"type": "Feature", "id": 46423890, "geometry": {"type": "Polygon", "coordinates": [[[2530962.034, 1175678.486], [2530960.894, 1175678.976], [2530961.454, 1175680.266], [2530958.324, 1175681.607], [2530954.434, 1175672.517], [2530963.144, 1175668.786], [2530966.494, 1175676.586], [2530962.034, 1175678.486]]]}, "properties": {"OBJECTID": 46423890, "EGID": 3163970, "NO_COM_FED": 5757, "GENRE_TXT": "b\u00e2timent"}}, {"type": "Feature", "id": 46424051, "geometry": {"type": "Polygon", "coordinates": [[[2531430.485, 1175062.428], [2531433.923, 1175058.75], [2531434.322, 1175059.129], [2531437.043, 1175056.279], [2531436.644, 1175055.9], [2531440.772, 1175051.476], [2531442.888, 1175053.486], [2531432.656, 1175064.479], [2531430.485, 1175062.428]]]}, "properties": {"OBJECTID": 46424051, "EGID": 280106403, "NO_COM_FED": 5757, "GENRE_TXT": "b\u00e2timent"}}, {"type": "Feature", "id": 46424110, "geometry": {"type": "Polygon", "coordinates": [[[2530713.989, 1175293.255], [2530716.019, 1175292.575], [2530716.379, 1175293.905], [2530713.749, 1175294.865], [2530715.809, 1175300.695], [2530712.539, 1175301.995], [2530712.409, 1175301.725], [2530698.159, 1175305.685], [2530697.719, 1175298.925], [2530713.279, 1175293.535], [2530713.989, 1175293.255]]]}, "properties": {"OBJECTID": 46424110, "EGID": 818493, "NO_COM_FED": 5757, "GENRE_TXT": "b\u00e2timent"}}, {"type": "Feature", "id": 46424114, "geometry": {"type": "Polygon", "coordinates": [[[2532233.577, 1176143.283], [2532228.347, 1176150.613], [2532215.637, 1176141.283], [2532220.957, 1176134.023], [2532233.577, 1176143.283]]]}, "properties": {"OBJECTID": 46424114, "EGID": 280009986, "NO_COM_FED": 5757, "GENRE_TXT": "b\u00e2timent"}}, {"type": "Feature", "id": 46424193, "geometry": {"type": "Polygon", "coordinates": [[[2530873.138, 1176098.26], [2530881.838, 1176096.67], [2530881.916, 1176097.084], [2530882.733, 1176101.406], [2530881.937, 1176101.555], [2530882.087, 1176102.359], [2530882.679, 1176105.524], [2530878.872, 1176106.197], [2530878.8140000002, 1176105.941], [2530874.696, 1176106.673], [2530873.138, 1176098.26]]]}, "properties": {"OBJECTID": 46424193, "EGID": 818238, "NO_COM_FED": 5757, "GENRE_TXT": "b\u00e2timent"}}, {"type": "Feature", "id": 46424235, "geometry": {"type": "Polygon", "coordinates": [[[2530743.365, 1174920.554], [2530747.625, 1174918.184], [2530752.795, 1174932.024], [2530750.625, 1174932.734], [2530744.805, 1174922.964], [2530743.365, 1174920.554]]]}, "properties": {"OBJECTID": 46424235, "EGID": 818734, "NO_COM_FED": 5757, "GENRE_TXT": "b\u00e2timent"}}, {"type": "Feature", "id": 46424373, "geometry": {"type": "Polygon", "coordinates": [[[2530992.389, 1176196.659], [2530994.009, 1176196.309], [2530994.649, 1176196.169], [2530995.89, 1176202.099], [2530995.26, 1176202.239], [2530985.8, 1176204.269], [2530983.56, 1176204.749], [2530982.269, 1176198.869], [2530991.769, 1176196.799], [2530992.389, 1176196.659]]]}, "properties": {"OBJECTID": 46424373, "EGID": 818246, "NO_COM_FED": 5757, "GENRE_TXT": "b\u00e2timent"}}, {"type": "Feature", "id": 46424391, "geometry": {"type": "Polygon", "coordinates": [[[2530705.478, 1174802.155], [2530700.901, 1174801.111], [2530701.452, 1174798.676], [2530706.047, 1174799.711], [2530705.478, 1174802.155]]]}, "properties": {"OBJECTID": 46424391, "EGID": 280118680, "NO_COM_FED": 5757, "GENRE_TXT": "b\u00e2timent"}}, {"type": "Feature", "id": 46424467, "geometry": {"type": "Polygon", "coordinates": [[[2530879.671, 1176360.074], [2530882.791, 1176359.203], [2530884.301, 1176364.534], [2530881.171, 1176365.424], [2530879.671, 1176360.074]]]}, "properties": {"OBJECTID": 46424467, "EGID": 280041510, "NO_COM_FED": 5757, "GENRE_TXT": "b\u00e2timent"}}, {"type": "Feature", "id": 46424655, "geometry": {"type": "Polygon", "coordinates": [[[2531301.606, 1175019.052], [2531320.066, 1174999.56], [2531348.976, 1175026.926], [2531330.568, 1175046.434], [2531301.606, 1175019.052]]]}, "properties": {"OBJECTID": 46424655, "EGID": 400001138, "NO_COM_FED": 5757, "GENRE_TXT": "b\u00e2timent"}}, {"type": "Feature", "id": 46424733, "geometry": {"type": "Polygon", "coordinates": [[[2530688.388, 1175251.996], [2530687.978, 1175256.756], [2530673.788, 1175257.156], [2530673.708, 1175251.896], [2530688.388, 1175251.996]]]}, "properties": {"OBJECTID": 46424733, "EGID": 818552, "NO_COM_FED": 5757, "GENRE_TXT": "b\u00e2timent"}}, {"type": "Feature", "id": 46424769, "geometry": {"type": "Polygon", "coordinates": [[[2531073.1890000002, 1176137.006], [2531073.889, 1176139.726], [2531068.569, 1176141.086], [2531067.859, 1176138.366], [2531073.1890000002, 1176137.006]]]}, "properties": {"OBJECTID": 46424769, "EGID": 280048003, "NO_COM_FED": 5757, "GENRE_TXT": "b\u00e2timent"}}, {"type": "Feature", "id": 46424809, "geometry": {"type": "Polygon", "coordinates": [[[2530711.585, 1174930.325], [2530717.005, 1174927.385], [2530719.265, 1174931.195], [2530703.245, 1174940.336], [2530701.075, 1174935.656], [2530701.945, 1174935.426], [2530711.585, 1174930.325]]]}, "properties": {"OBJECTID": 46424809, "EGID": 818679, "NO_COM_FED": 5757, "GENRE_TXT": "b\u00e2timent"}}, {"type": "Feature", "id": 46424904, "geometry": {"type": "Polygon", "coordinates": [[[2530502.782, 1176715.383], [2530501.944, 1176711.807], [2530522.614, 1176707.087], [2530524.464, 1176715.037], [2530533.874, 1176712.916], [2530535.614, 1176720.776], [2530505.654, 1176727.637], [2530502.782, 1176715.383]]]}, "properties": {"OBJECTID": 46424904, "EGID": 280003565, "NO_COM_FED": 5757, "GENRE_TXT": "b\u00e2timent"}}, {"type": "Feature", "id": 46424975, "geometry": {"type": "Polygon", "coordinates": [[[2531020.832, 1174784.5929999999], [2531024.431, 1174771.64], [2531027.719, 1174772.551], [2531028.368, 1174770.208], [2531038.539, 1174773.0320000001], [2531037.885, 1174775.374], [2531041.196, 1174776.298], [2531034.994, 1174798.625], [2531032.4359999998, 1174797.915], [2531031.06, 1174802.87], [2531033.617, 1174803.58], [2531031.595, 1174810.86], [2531028.411, 1174822.32], [2531011.645, 1174817.663], [2531015.719, 1174802.999], [2531019.374, 1174789.842], [2531020.832, 1174784.5929999999]]]}, "properties": {"OBJECTID": 46424975, "EGID": 280102856, "NO_COM_FED": 5757, "GENRE_TXT": "b\u00e2timent"}}, {"type": "Feature", "id": 46425093, "geometry": {"type": "Polygon", "coordinates": [[[2530661.298, 1175251.877], [2530669.258, 1175251.866], [2530673.708, 1175251.896], [2530673.788, 1175257.156], [2530673.788, 1175257.426], [2530661.748, 1175257.737], [2530661.298, 1175251.877]]]}, "properties": {"OBJECTID": 46425093, "EGID": null, "NO_COM_FED": 5757, "GENRE_TXT": "b\u00e2timent"}}, {"type": "Feature", "id": 46425118, "geometry": {"type": "Polygon", "coordinates": [[[2531353.695, 1174573.967], [2531354.245, 1174576.517], [2531348.795, 1174577.727], [2531348.155, 1174575.187], [2531353.695, 1174573.967]]]}, "properties": {"OBJECTID": 46425118, "EGID": 280047579, "NO_COM_FED": 5757, "GENRE_TXT": "b\u00e2timent"}}, {"type": "Feature", "id": 46425187, "geometry": {"type": "Polygon", "coordinates": [[[2529896.241, 1175564.517], [2529890.371, 1175571.927], [2529885.071, 1175567.6469999999], [2529891.021, 1175560.417], [2529896.241, 1175564.517]]]}, "properties": {"OBJECTID": 46425187, "EGID": 280017853, "NO_COM_FED": 5742, "GENRE_TXT": "b\u00e2timent"}}, {"type": "Feature", "id": 46425301, "geometry": {"type": "Polygon", "coordinates": [[[2530754.219, 1175260.904], [2530750.619, 1175261.424], [2530750.499, 1175260.694], [2530748.619, 1175249.574], [2530748.559, 1175249.224], [2530763.159, 1175248.453], [2530765.059, 1175258.3530000001], [2530754.219, 1175260.904]]]}, "properties": {"OBJECTID": 46425301, "EGID": 818515, "NO_COM_FED": 5757, "GENRE_TXT": "b\u00e2timent"}}, {"type": "Feature", "id": 46425406, "geometry": {"type": "Polygon", "coordinates": [[[2531710.83, 1174957.476], [2531722.96, 1174954.536], [2531735.15, 1174951.636], [2531737.42, 1174961.166], [2531713.16, 1174967.016], [2531710.83, 1174957.476]]]}, "properties": {"OBJECTID": 46425406, "EGID": 9029632, "NO_COM_FED": 5757, "GENRE_TXT": "b\u00e2timent"}}, {"type": "Feature", "id": 46425436, "geometry": {"type": "Polygon", "coordinates": [[[2530608.9390000002, 1174769.765], [2530600.534, 1174762.133], [2530608.167, 1174753.727], [2530616.594, 1174761.371], [2530608.9390000002, 1174769.765]]]}, "properties": {"OBJECTID": 46425436, "EGID": 280097989, "NO_COM_FED": 5757, "GENRE_TXT": "b\u00e2timent"}}, {"type": "Feature", "id": 46425445, "geometry": {"type": "Polygon", "coordinates": [[[2530486.606, 1174885.49], [2530493.444, 1174878.14], [2530499.904, 1174884.03], [2530492.724, 1174891.79], [2530491.754, 1174890.9], [2530490.864, 1174891.87], [2530489.524, 1174890.63], [2530490.384, 1174889.7], [2530486.234, 1174885.89], [2530486.606, 1174885.49]]]}, "properties": {"OBJECTID": 46425445, "EGID": 818870, "NO_COM_FED": 5757, "GENRE_TXT": "b\u00e2timent"}}, {"type": "Feature", "id": 46425485, "geometry": {"type": "Polygon", "coordinates": [[[2530326.666, 1175754.651], [2530332.474, 1175757.56], [2530327.538, 1175767.378], [2530321.73, 1175764.469], [2530326.666, 1175754.651]]]}, "properties": {"OBJECTID": 46425485, "EGID": 280059344, "NO_COM_FED": 5757, "GENRE_TXT": "b\u00e2timent"}}, {"type": "Feature", "id": 46425554, "geometry": {"type": "Polygon", "coordinates": [[[2531717.571, 1174555.009], [2531717.540330381, 1174554.7818338238], [2531717.549136403, 1174554.5527758594], [2531717.5971563053, 1174554.3286348633], [2531717.6829626956, 1174554.1160734356], [2531717.804004975, 1174553.9214099727], [2531717.9566851575, 1174553.7504308538], [2531718.136464818, 1174553.6082184399], [2531718.338, 1174553.499], [2531718.557261757, 1174553.4254709582], [2531718.785943582, 1174553.3910201073], [2531719.01713638, 1174553.3966883007], [2531719.243855193, 1174553.4423042866], [2531719.459250233, 1174553.5264898832], [2531719.656813836, 1174553.6467016167], [2531719.8305770727, 1174553.7993075664], [2531719.9752900866, 1174553.9796970943], [2531720.0865807068, 1174554.182420147], [2531720.161086544, 1174554.4013519133], [2531720.1965565756, 1174554.6298778749], [2531720.1919191564, 1174554.8610936452], [2531720.1473143953, 1174555.0880135729], [2531720.0640899222, 1174555.303781794], [2531719.9447601736, 1174555.501879369], [2531719.7929304224, 1174555.6763212357], [2531719.6131878556, 1174555.8218370348], [2531719.4109629802, 1174555.9340303412], [2531719.192365556, 1174556.0095114927], [2531718.964, 1174556.046], [2531718.754006633, 1174556.0443052927], [2531718.546894398, 1174556.0095978237], [2531718.3478206303, 1174555.9427418492], [2531718.161742498, 1174555.8454021611], [2531717.9932935624, 1174555.7200026303], [2531717.846668397, 1174555.5696658508], [2531717.72551814, 1174555.398135383], [2531717.6328595723, 1174555.2096825344], [2531717.571, 1174555.009]]]}, "properties": {"OBJECTID": 46425554, "EGID": 281010852, "NO_COM_FED": 5757, "GENRE_TXT": "b\u00e2timent"}}, {"type": "Feature", "id": 46425595, "geometry": {"type": "Polygon", "coordinates": [[[2530280.712, 1174875.934], [2530279.296, 1174878.01], [2530277.618, 1174876.869], [2530279.04, 1174874.778], [2530280.712, 1174875.934]]]}, "properties": {"OBJECTID": 46425595, "EGID": 280115178, "NO_COM_FED": 5757, "GENRE_TXT": "b\u00e2timent"}}, {"type": "Feature", "id": 46425623, "geometry": {"type": "Polygon", "coordinates": [[[2530751.913, 1175851.521], [2530748.254, 1175861.921], [2530740.511, 1175859.196], [2530744.151, 1175848.79], [2530751.913, 1175851.521]]]}, "properties": {"OBJECTID": 46425623, "EGID": 818286, "NO_COM_FED": 5757, "GENRE_TXT": "b\u00e2timent"}}, {"type": "Feature", "id": 46425626, "geometry": {"type": "Polygon", "coordinates": [[[2530983.421, 1176323.63], [2530982.441, 1176324.45], [2530973.0609999998, 1176332.231], [2530973.001, 1176332.161], [2530973.871, 1176331.431], [2530969.531, 1176326.231], [2530971.3310000002, 1176324.721], [2530972.071, 1176325.601], [2530977.711, 1176320.881], [2530979.701, 1176319.2], [2530983.421, 1176323.63]]]}, "properties": {"OBJECTID": 46425626, "EGID": 818143, "NO_COM_FED": 5757, "GENRE_TXT": "b\u00e2timent"}}, {"type": "Feature", "id": 46425670, "geometry": {"type": "Polygon", "coordinates": [[[2531448.224, 1175577.631], [2531442.3140000002, 1175580.751], [2531437.824, 1175572.331], [2531443.734, 1175569.151], [2531446.594, 1175574.371], [2531448.224, 1175577.631]]]}, "properties": {"OBJECTID": 46425670, "EGID": 818398, "NO_COM_FED": 5757, "GENRE_TXT": "b\u00e2timent"}}, {"type": "Feature", "id": 46425680, "geometry": {"type": "Polygon", "coordinates": [[[2530733.838, 1175204.314], [2530748.728, 1175194.174], [2530749.468, 1175195.694], [2530750.338, 1175195.184], [2530750.568, 1175195.014], [2530751.438, 1175196.774], [2530751.758, 1175197.414], [2530750.708, 1175197.944], [2530752.238, 1175201.714], [2530753.218, 1175203.684], [2530755.248, 1175202.924], [2530756.418, 1175206.304], [2530754.828, 1175206.904], [2530754.528, 1175206.104], [2530753.788, 1175206.384], [2530744.158, 1175210.794], [2530736.108, 1175213.834], [2530736.028, 1175213.094], [2530736.558, 1175212.994], [2530735.638, 1175207.804], [2530733.838, 1175204.314]]]}, "properties": {"OBJECTID": 46425680, "EGID": 818513, "NO_COM_FED": 5757, "GENRE_TXT": "b\u00e2timent"}}, {"type": "Feature", "id": 46425791, "geometry": {"type": "Polygon", "coordinates": [[[2531202.772, 1175415.069], [2531206.462, 1175413.259], [2531205.922, 1175412.179], [2531210.611, 1175409.819], [2531216.602, 1175421.869], [2531208.252, 1175426.049], [2531202.772, 1175415.069]]]}, "properties": {"OBJECTID": 46425791, "EGID": 818395, "NO_COM_FED": 5757, "GENRE_TXT": "b\u00e2timent"}}, {"type": "Feature", "id": 46425847, "geometry": {"type": "Polygon", "coordinates": [[[2530098.793, 1174694.141], [2530095.695, 1174694.328], [2530087.732, 1174694.852], [2530087.386, 1174690.558], [2530098.409, 1174689.5320000001], [2530098.793, 1174694.141]]]}, "properties": {"OBJECTID": 46425847, "EGID": 280072837, "NO_COM_FED": 5757, "GENRE_TXT": "b\u00e2timent"}}, {"type": "Feature", "id": 46426005, "geometry": {"type": "Polygon", "coordinates": [[[2530559.512, 1174436.869], [2530550.928, 1174436.878], [2530550.929, 1174438.099], [2530549.514, 1174438.1], [2530549.513, 1174436.874], [2530546.393, 1174436.876], [2530546.379, 1174429.137], [2530559.499, 1174429.137], [2530559.499, 1174432.872], [2530559.512, 1174436.869]]]}, "properties": {"OBJECTID": 46426005, "EGID": 818778, "NO_COM_FED": 5757, "GENRE_TXT": "b\u00e2timent"}}, {"type": "Feature", "id": 46426069, "geometry": {"type": "Polygon", "coordinates": [[[2531688.369, 1174864.208], [2531686.029, 1174854.648], [2531699.699, 1174851.368], [2531702.079, 1174860.928], [2531688.369, 1174864.208]]]}, "properties": {"OBJECTID": 46426069, "EGID": 9029635, "NO_COM_FED": 5757, "GENRE_TXT": "b\u00e2timent"}}, {"type": "Feature", "id": 46426153, "geometry": {"type": "Polygon", "coordinates": [[[2531264.543, 1175515.997], [2531271.333, 1175513.797], [2531271.563, 1175514.3969999999], [2531274.353, 1175523.317], [2531257.143, 1175528.807], [2531254.113, 1175519.6570000001], [2531254.063, 1175519.437], [2531264.543, 1175515.997]]]}, "properties": {"OBJECTID": 46426153, "EGID": 280008278, "NO_COM_FED": 5757, "GENRE_TXT": "b\u00e2timent"}}, {"type": "Feature", "id": 46426407, "geometry": {"type": "Polygon", "coordinates": [[[2530685.638, 1175186.446], [2530685.618, 1175190.016], [2530685.618, 1175190.316], [2530655.978, 1175192.757], [2530655.908, 1175188.097], [2530655.588, 1175188.117], [2530655.608, 1175187.667], [2530685.638, 1175186.446]]]}, "properties": {"OBJECTID": 46426407, "EGID": 818557, "NO_COM_FED": 5757, "GENRE_TXT": "b\u00e2timent"}}, {"type": "Feature", "id": 46426436, "geometry": {"type": "Polygon", "coordinates": [[[2530807.305, 1175797.381], [2530810.955, 1175795.541], [2530812.335, 1175798.151], [2530809.855, 1175799.971], [2530807.305, 1175797.381]]]}, "properties": {"OBJECTID": 46426436, "EGID": 280051773, "NO_COM_FED": 5757, "GENRE_TXT": "b\u00e2timent"}}, {"type": "Feature", "id": 46426732, "geometry": {"type": "Polygon", "coordinates": [[[2530665.287, 1175138.337], [2530667.037, 1175138.097], [2530680.347, 1175136.036], [2530680.567, 1175136.036], [2530681.407, 1175140.906], [2530667.647, 1175142.847], [2530666.037, 1175143.067], [2530665.287, 1175138.337]]]}, "properties": {"OBJECTID": 46426732, "EGID": 818619, "NO_COM_FED": 5757, "GENRE_TXT": "b\u00e2timent"}}, {"type": "Feature", "id": 46426822, "geometry": {"type": "Polygon", "coordinates": [[[2530544.894, 1174502.372], [2530548.222, 1174503.121], [2530556.349, 1174504.95], [2530554.117, 1174514.866], [2530542.665, 1174512.28], [2530544.894, 1174502.372]]]}, "properties": {"OBJECTID": 46426822, "EGID": 818772, "NO_COM_FED": 5757, "GENRE_TXT": "b\u00e2timent"}}, {"type": "Feature", "id": 46426865, "geometry": {"type": "Polygon", "coordinates": [[[2530607.687, 1175986.518], [2530601.847, 1175997.408], [2530598.317, 1175995.498], [2530597.977, 1175996.168], [2530595.857, 1175995.028], [2530595.567, 1175995.568], [2530589.237, 1175992.188], [2530589.517, 1175991.648], [2530586.797, 1175990.188], [2530587.137, 1175989.538], [2530584.207, 1175987.963], [2530590.047, 1175977.068], [2530592.737, 1175978.518], [2530594.207, 1175977.618], [2530596.437, 1175978.798], [2530596.727, 1175978.2179999999], [2530603.057, 1175981.618], [2530602.767, 1175982.178], [2530604.947, 1175983.348], [2530605.017, 1175985.088], [2530607.687, 1175986.518]]]}, "properties": {"OBJECTID": 46426865, "EGID": 3163949, "NO_COM_FED": 5757, "GENRE_TXT": "b\u00e2timent"}}, {"type": "Feature", "id": 46426873, "geometry": {"type": "Polygon", "coordinates": [[[2530720.807, 1175982.904], [2530722.997, 1175980.154], [2530725.367, 1175982.214], [2530725.277, 1175982.314], [2530727.477, 1175984.164], [2530725.907, 1175986.014], [2530726.807, 1175986.784], [2530725.397, 1175988.634], [2530720.807, 1175982.904]]]}, "properties": {"OBJECTID": 46426873, "EGID": 280035825, "NO_COM_FED": 5757, "GENRE_TXT": "b\u00e2timent"}}, {"type": "Feature", "id": 46427199, "geometry": {"type": "Polygon", "coordinates": [[[2530674.769, 1174372.677], [2530674.767, 1174371.46], [2530674.762, 1174366.061], [2530685.262, 1174366.056], [2530685.268, 1174374.06], [2530674.77, 1174374.072], [2530674.769, 1174372.677]]]}, "properties": {"OBJECTID": 46427199, "EGID": 280099299, "NO_COM_FED": 5757, "GENRE_TXT": "b\u00e2timent"}}, {"type": "Feature", "id": 46427311, "geometry": {"type": "Polygon", "coordinates": [[[2530772.589, 1174921.507], [2530772.655, 1174921.613], [2530769.065, 1174923.834], [2530767.705, 1174921.634], [2530757.165, 1174927.364], [2530753.595, 1174919.824], [2530763.275, 1174915.464], [2530766.315, 1174921.504], [2530767.545, 1174920.744], [2530766.705, 1174918.914], [2530769.765, 1174917.254], [2530770.715, 1174918.764], [2530770.845, 1174918.703], [2530772.589, 1174921.507]]]}, "properties": {"OBJECTID": 46427311, "EGID": 818714, "NO_COM_FED": 5757, "GENRE_TXT": "b\u00e2timent"}}, {"type": "Feature", "id": 46427379, "geometry": {"type": "Polygon", "coordinates": [[[2530674.458, 1175232.936], [2530674.488, 1175232.476], [2530676.198, 1175232.596], [2530686.828, 1175232.416], [2530690.198, 1175232.266], [2530690.028, 1175235.836], [2530689.818, 1175235.866], [2530689.278, 1175242.346], [2530677.478, 1175242.356], [2530677.468, 1175241.846], [2530677.348, 1175237.506], [2530674.538, 1175237.716], [2530674.658, 1175239.616], [2530671.498, 1175239.636], [2530671.588, 1175241.846], [2530671.608, 1175242.366], [2530668.808, 1175242.366], [2530660.548, 1175242.337], [2530660.588, 1175242.837], [2530658.918, 1175242.917], [2530658.728, 1175235.6570000001], [2530674.618, 1175235.466], [2530674.458, 1175232.936]]]}, "properties": {"OBJECTID": 46427379, "EGID": 818550, "NO_COM_FED": 5757, "GENRE_TXT": "b\u00e2timent"}}, {"type": "Feature", "id": 46427437, "geometry": {"type": "Polygon", "coordinates": [[[2530242.767, 1174749.413], [2530242.115, 1174751.158], [2530239.414, 1174750.1], [2530240.107, 1174748.331], [2530242.767, 1174749.413]]]}, "properties": {"OBJECTID": 46427437, "EGID": 280114466, "NO_COM_FED": 5757, "GENRE_TXT": "b\u00e2timent"}}, {"type": "Feature", "id": 46427456, "geometry": {"type": "Polygon", "coordinates": [[[2531352.31, 1175246.744], [2531342.82, 1175237.965], [2531346.57, 1175233.925], [2531356.07, 1175242.694], [2531352.31, 1175246.744]]]}, "properties": {"OBJECTID": 46427456, "EGID": 280016091, "NO_COM_FED": 5757, "GENRE_TXT": "b\u00e2timent"}}, {"type": "Feature", "id": 46427674, "geometry": {"type": "Polygon", "coordinates": [[[2531131.768, 1175104.592], [2531133.228, 1175106.132], [2531131.288, 1175107.812], [2531129.918, 1175106.372], [2531131.768, 1175104.592]]]}, "properties": {"OBJECTID": 46427674, "EGID": 280113077, "NO_COM_FED": 5757, "GENRE_TXT": "b\u00e2timent"}}, {"type": "Feature", "id": 46427919, "geometry": {"type": "Polygon", "coordinates": [[[2530699.994, 1174858.106], [2530700.274, 1174861.196], [2530697.56, 1174861.471], [2530697.514, 1174861.476], [2530693.8140000002, 1174861.916], [2530694.464, 1174865.426], [2530693.894, 1174865.546], [2530678.884, 1174867.8969999999], [2530678.394, 1174859.377], [2530685.554, 1174859.176], [2530685.514, 1174857.816], [2530687.804, 1174857.756], [2530687.8140000002, 1174859.116], [2530699.894, 1174858.116], [2530699.994, 1174858.106]]]}, "properties": {"OBJECTID": 46427919, "EGID": 818858, "NO_COM_FED": 5757, "GENRE_TXT": "b\u00e2timent"}}, {"type": "Feature", "id": 46428003, "geometry": {"type": "Polygon", "coordinates": [[[2530905.286, 1176062.911], [2530900.996, 1176063.901], [2530901.975, 1176068.142], [2530894.381, 1176069.894], [2530893.656, 1176066.754], [2530893.328, 1176066.83], [2530892.008, 1176061.1], [2530892.488, 1176060.99], [2530891.808, 1176058], [2530899.098, 1176056.29], [2530899.123, 1176056.396], [2530903.547, 1176055.375], [2530905.286, 1176062.911]]]}, "properties": {"OBJECTID": 46428003, "EGID": 818251, "NO_COM_FED": 5757, "GENRE_TXT": "b\u00e2timent"}}, {"type": "Feature", "id": 46428045, "geometry": {"type": "Polygon", "coordinates": [[[2531085.529, 1176185.626], [2531088.03, 1176195.366], [2531078.83, 1176197.717], [2531078.8, 1176197.607], [2531077.83, 1176197.847], [2531075.339, 1176188.247], [2531085.529, 1176185.626]]]}, "properties": {"OBJECTID": 46428045, "EGID": 818326, "NO_COM_FED": 5757, "GENRE_TXT": "b\u00e2timent"}}, {"type": "Feature", "id": 46428073, "geometry": {"type": "Polygon", "coordinates": [[[2530980.382, 1175391.743], [2530982.92, 1175397.257], [2530973.711, 1175401.502], [2530974.711, 1175403.676], [2530977.101, 1175408.906], [2530965.741, 1175414.047], [2530963.381, 1175408.957], [2530966.161, 1175407.677], [2530963.551, 1175401.987], [2530970.72, 1175398.711], [2530970.315, 1175397.823], [2530972.618, 1175396.757], [2530970.859, 1175392.958], [2530979.182, 1175389.134], [2530980.382, 1175391.743]]]}, "properties": {"OBJECTID": 46428073, "EGID": 818384, "NO_COM_FED": 5757, "GENRE_TXT": "b\u00e2timent"}}, {"type": "Feature", "id": 46428374, "geometry": {"type": "Polygon", "coordinates": [[[2530244.105, 1174962.824], [2530244.383, 1174966.6570000001], [2530240.36, 1174967.089], [2530239.946, 1174963.297], [2530244.105, 1174962.824]]]}, "properties": {"OBJECTID": 46428374, "EGID": 280071744, "NO_COM_FED": 5757, "GENRE_TXT": "b\u00e2timent"}}, {"type": "Feature", "id": 46428529, "geometry": {"type": "Polygon", "coordinates": [[[2530478.892, 1174814.258], [2530475.233, 1174818.31], [2530471.223, 1174814.51], [2530479.323, 1174805.56], [2530484.083, 1174808.51], [2530478.892, 1174814.258]]]}, "properties": {"OBJECTID": 46428529, "EGID": 280016774, "NO_COM_FED": 5757, "GENRE_TXT": "b\u00e2timent"}}, {"type": "Feature", "id": 46428830, "geometry": {"type": "Polygon", "coordinates": [[[2530914.154, 1176694.286], [2530919.724, 1176695.846], [2530918.924, 1176698.736], [2530913.344, 1176697.186], [2530914.154, 1176694.286]]]}, "properties": {"OBJECTID": 46428830, "EGID": 280045272, "NO_COM_FED": 5757, "GENRE_TXT": "b\u00e2timent"}}, {"type": "Feature", "id": 46428870, "geometry": {"type": "Polygon", "coordinates": [[[2530734.404, 1174905.495], [2530738.205, 1174911.865], [2530738.435, 1174912.235], [2530723.875, 1174920.515], [2530719.664, 1174913.265], [2530734.184, 1174905.125], [2530734.404, 1174905.495]]]}, "properties": {"OBJECTID": 46428870, "EGID": 818854, "NO_COM_FED": 5757, "GENRE_TXT": "b\u00e2timent"}}, {"type": "Feature", "id": 46428987, "geometry": {"type": "Polygon", "coordinates": [[[2529849.593, 1175711.588], [2529849.733, 1175713.2280000001], [2529846.103, 1175713.448], [2529846.033, 1175711.698], [2529849.593, 1175711.588]]]}, "properties": {"OBJECTID": 46428987, "EGID": 280117408, "NO_COM_FED": 5757, "GENRE_TXT": "b\u00e2timent"}}, {"type": "Feature", "id": 46429217, "geometry": {"type": "Polygon", "coordinates": [[[2530650.625, 1174950.067], [2530648.975, 1174948.187], [2530655.635, 1174941.517], [2530657.915, 1174943.637], [2530660.215, 1174940.927], [2530660.085, 1174940.797], [2530663.115, 1174937.037], [2530665.535, 1174935.807], [2530665.691, 1174936.127], [2530671.505, 1174948.027], [2530668.535, 1174951.227], [2530668.695, 1174951.417], [2530666.175, 1174954.367], [2530666.055, 1174954.267], [2530662.857, 1174957.869], [2530660.505, 1174960.517], [2530659.855, 1174959.997], [2530660.295, 1174959.587], [2530651.195, 1174949.497], [2530650.625, 1174950.067]]]}, "properties": {"OBJECTID": 46429217, "EGID": 818670, "NO_COM_FED": 5757, "GENRE_TXT": "b\u00e2timent"}}, {"type": "Feature", "id": 46429333, "geometry": {"type": "Polygon", "coordinates": [[[2530135.962, 1174658.562], [2530137.493, 1174668.868], [2530129.094, 1174670.128], [2530127.562, 1174659.82], [2530135.962, 1174658.562]]]}, "properties": {"OBJECTID": 46429333, "EGID": 101101052, "NO_COM_FED": 5757, "GENRE_TXT": "b\u00e2timent"}}, {"type": "Feature", "id": 46429375, "geometry": {"type": "Polygon", "coordinates": [[[2531647.925, 1175324.786], [2531641.293, 1175291.736], [2531651.608, 1175289.65], [2531658.175, 1175322.734], [2531647.925, 1175324.786]]]}, "properties": {"OBJECTID": 46429375, "EGID": 280083252, "NO_COM_FED": 5757, "GENRE_TXT": "b\u00e2timent"}}, {"type": "Feature", "id": 46429429, "geometry": {"type": "Polygon", "coordinates": [[[2530264.94, 1174628.554], [2530274.099, 1174628.422], [2530275.046, 1174629.374], [2530275.109, 1174633.633], [2530274.191, 1174634.59], [2530272.055, 1174634.633], [2530272.088, 1174636.969], [2530265.066, 1174637.075], [2530264.94, 1174628.554]]]}, "properties": {"OBJECTID": 46429429, "EGID": 3163909, "NO_COM_FED": 5757, "GENRE_TXT": "b\u00e2timent"}}, {"type": "Feature", "id": 46429562, "geometry": {"type": "Polygon", "coordinates": [[[2530711.366, 1175024.365], [2530704.076, 1175029.146], [2530704.2060000002, 1175029.386], [2530704.144, 1175029.424], [2530702.076, 1175030.686], [2530701.976, 1175030.516], [2530695.196, 1175019.676], [2530694.946, 1175019.286], [2530691.376, 1175021.716], [2530690.496, 1175020.176], [2530690.356, 1175020.276], [2530690.246, 1175020.106], [2530683.846, 1175024.376], [2530682.1859999998, 1175021.386], [2530681.786, 1175021.576], [2530678.336, 1175015.166], [2530692.1859999998, 1175007.636], [2530692.076, 1175007.416], [2530693.266, 1175006.746], [2530696.576, 1175004.876], [2530698.606, 1175003.786], [2530711.366, 1175024.365]]]}, "properties": {"OBJECTID": 46429562, "EGID": 818914, "NO_COM_FED": 5757, "GENRE_TXT": "b\u00e2timent"}}, {"type": "Feature", "id": 46429689, "geometry": {"type": "Polygon", "coordinates": [[[2531213.484, 1175019.748], [2531216.551, 1175016.459], [2531227.58, 1175026.755], [2531225.534, 1175028.945], [2531221.098, 1175024.805], [2531220.083, 1175025.902], [2531213.484, 1175019.748]]]}, "properties": {"OBJECTID": 46429689, "EGID": 280139690, "NO_COM_FED": 5757, "GENRE_TXT": "b\u00e2timent"}}, {"type": "Feature", "id": 46429781, "geometry": {"type": "Polygon", "coordinates": [[[2530750.136, 1175060.864], [2530749.326, 1175061.684], [2530747.416, 1175066.274], [2530746.816, 1175066.774], [2530746.576, 1175066.524], [2530738.236, 1175072.414], [2530737.556, 1175072.644], [2530731.026, 1175064.685], [2530740.196, 1175057.984], [2530739.736, 1175057.124], [2530740.026, 1175056.904], [2530742.526, 1175055.044], [2530744.886, 1175053.564], [2530748.4359999998, 1175059.034], [2530749.406, 1175060.014], [2530750.136, 1175060.864]]]}, "properties": {"OBJECTID": 46429781, "EGID": 818637, "NO_COM_FED": 5757, "GENRE_TXT": "b\u00e2timent"}}, {"type": "Feature", "id": 46429920, "geometry": {"type": "Polygon", "coordinates": [[[2530651.867, 1175145.187], [2530651.117, 1175140.3969999999], [2530665.287, 1175138.337], [2530666.037, 1175143.067], [2530651.867, 1175145.187]]]}, "properties": {"OBJECTID": 46429920, "EGID": 818612, "NO_COM_FED": 5757, "GENRE_TXT": "b\u00e2timent"}}, {"type": "Feature", "id": 46430070, "geometry": {"type": "Polygon", "coordinates": [[[2531091.841, 1176292.8969999999], [2531091.6, 1176290.067], [2531097.06, 1176289.627], [2531097.301, 1176292.447], [2531091.841, 1176292.8969999999]]]}, "properties": {"OBJECTID": 46430070, "EGID": 280045543, "NO_COM_FED": 5757, "GENRE_TXT": "b\u00e2timent"}}, {"type": "Feature", "id": 46430142, "geometry": {"type": "Polygon", "coordinates": [[[2531327.685, 1174699.935], [2531328.325, 1174702.525], [2531326.055, 1174703.015], [2531325.455, 1174700.525], [2531327.685, 1174699.935]]]}, "properties": {"OBJECTID": 46430142, "EGID": 280112612, "NO_COM_FED": 5757, "GENRE_TXT": "b\u00e2timent"}}, {"type": "Feature", "id": 46430328, "geometry": {"type": "Polygon", "coordinates": [[[2531816.435, 1174827.787], [2531800.88, 1174831.556], [2531799.477, 1174825.739], [2531792.704, 1174797.986], [2531797.852, 1174796.741], [2531798.693, 1174800.2179999999], [2531842.227, 1174789.684], [2531849.525, 1174819.841], [2531816.435, 1174827.787]]]}, "properties": {"OBJECTID": 46430328, "EGID": 280054923, "NO_COM_FED": 5757, "GENRE_TXT": "b\u00e2timent"}}, {"type": "Feature", "id": 46430408, "geometry": {"type": "Polygon", "coordinates": [[[2530734.719, 1174867.547], [2530720.286, 1174871.235], [2530719.359, 1174867.723], [2530717.604, 1174868.167], [2530715.863, 1174864.969], [2530712.914, 1174866.572], [2530709.485, 1174860.239], [2530703.427, 1174860.775], [2530702.385, 1174849.158], [2530708.118, 1174846.046], [2530711.2060000002, 1174851.741], [2530712.5609999998, 1174852.134], [2530713.547, 1174853.955], [2530722.788, 1174849.104], [2530723.894, 1174851.004], [2530728.074, 1174859.155], [2530730.834, 1174858.215], [2530731.884, 1174857.855], [2530734.374, 1174864.875], [2530734.719, 1174867.547]]]}, "properties": {"OBJECTID": 46430408, "EGID": 818857, "NO_COM_FED": 5757, "GENRE_TXT": "b\u00e2timent"}}, {"type": "Feature", "id": 46430793, "geometry": {"type": "Polygon", "coordinates": [[[2530954.461, 1176411.171], [2530955.117, 1176417.533], [2530955.362, 1176419.912], [2530943.412, 1176421.162], [2530942.481, 1176412.202], [2530954.441, 1176410.972], [2530954.461, 1176411.171]]]}, "properties": {"OBJECTID": 46430793, "EGID": 818151, "NO_COM_FED": 5757, "GENRE_TXT": "b\u00e2timent"}}, {"type": "Feature", "id": 46430951, "geometry": {"type": "Polygon", "coordinates": [[[2530001.651, 1175570.197], [2529999.871, 1175565.557], [2530006.721, 1175562.867], [2530008.511, 1175567.567], [2530001.651, 1175570.197]]]}, "properties": {"OBJECTID": 46430951, "EGID": 280027142, "NO_COM_FED": 5757, "GENRE_TXT": "b\u00e2timent"}}, {"type": "Feature", "id": 46431378, "geometry": {"type": "Polygon", "coordinates": [[[2531074.589, 1176142.436], [2531075.279, 1176145.146], [2531069.969, 1176146.506], [2531069.269, 1176143.796], [2531074.589, 1176142.436]]]}, "properties": {"OBJECTID": 46431378, "EGID": 280048481, "NO_COM_FED": 5757, "GENRE_TXT": "b\u00e2timent"}}, {"type": "Feature", "id": 46431424, "geometry": {"type": "Polygon", "coordinates": [[[2531785.325, 1176370.166], [2531785.351586432, 1176369.862115689], [2531785.430537914, 1176369.567464749], [2531785.5594555438, 1176369.291], [2531785.7344222246, 1176369.041121683], [2531785.950121683, 1176368.8254222246], [2531786.2, 1176368.6504555433], [2531786.4764647493, 1176368.5215379137], [2531786.771115689, 1176368.4425864322], [2531787.075, 1176368.416], [2531787.3788843113, 1176368.4425864322], [2531787.673535251, 1176368.5215379137], [2531787.95, 1176368.6504555433], [2531788.1998783173, 1176368.8254222246], [2531788.415577776, 1176369.041121683], [2531788.5905444566, 1176369.291], [2531788.7194620864, 1176369.567464749], [2531788.798413568, 1176369.862115689], [2531788.825, 1176370.166], [2531788.798413568, 1176370.4698843108], [2531788.7194620864, 1176370.7645352508], [2531788.5905444566, 1176371.041], [2531788.415577776, 1176371.2908783169], [2531788.1998783173, 1176371.5065777753], [2531787.95, 1176371.6815444566], [2531787.673535251, 1176371.8104620862], [2531787.3788843113, 1176371.8894135677], [2531787.075, 1176371.916], [2531786.771115689, 1176371.8894135677], [2531786.4764647493, 1176371.8104620862], [2531786.2, 1176371.6815444566], [2531785.950121683, 1176371.5065777753], [2531785.7344222246, 1176371.2908783169], [2531785.5594555438, 1176371.041], [2531785.430537914, 1176370.7645352508], [2531785.351586432, 1176370.4698843108], [2531785.325, 1176370.166]]]}, "properties": {"OBJECTID": 46431424, "EGID": 280131778, "NO_COM_FED": 5757, "GENRE_TXT": "b\u00e2timent"}}, {"type": "Feature", "id": 46431426, "geometry": {"type": "Polygon", "coordinates": [[[2530665.429, 1175324.506], [2530665.179, 1175323.216], [2530666.889, 1175322.856], [2530667.059, 1175323.636], [2530668.529, 1175323.336], [2530668.289, 1175320.976], [2530667.6890000002, 1175317.896], [2530667.609, 1175317.436], [2530687.489, 1175313.616], [2530688.059, 1175317.216], [2530689.599, 1175323.186], [2530668.739, 1175327.196], [2530668.859, 1175327.856], [2530666.199, 1175328.416], [2530665.429, 1175324.506]]]}, "properties": {"OBJECTID": 46431426, "EGID": 818556, "NO_COM_FED": 5757, "GENRE_TXT": "b\u00e2timent"}}, {"type": "Feature", "id": 46431477, "geometry": {"type": "Polygon", "coordinates": [[[2530593.52, 1174469.322], [2530584.431, 1174467.201], [2530587.504, 1174454.074], [2530593.791, 1174455.55], [2530593.113, 1174458.448], [2530597.065, 1174459.372], [2530596.068, 1174463.614], [2530594.663, 1174469.589], [2530593.52, 1174469.322]]]}, "properties": {"OBJECTID": 46431477, "EGID": 818777, "NO_COM_FED": 5757, "GENRE_TXT": "b\u00e2timent"}}, {"type": "Feature", "id": 46431598, "geometry": {"type": "Polygon", "coordinates": [[[2530589.149, 1175905.211], [2530577.562, 1175899.021], [2530578.938, 1175896.308], [2530578.04, 1175894.869], [2530577.459, 1175894.557], [2530583.246, 1175883.819], [2530583.803, 1175884.107], [2530585.545, 1175884.047], [2530586.952, 1175881.398], [2530598.503, 1175887.533], [2530595.517, 1175893.176], [2530596.034, 1175893.45], [2530592.621, 1175899.811], [2530592.141, 1175899.557], [2530589.149, 1175905.211]]]}, "properties": {"OBJECTID": 46431598, "EGID": 190087700, "NO_COM_FED": 5757, "GENRE_TXT": "b\u00e2timent"}}, {"type": "Feature", "id": 46431643, "geometry": {"type": "Polygon", "coordinates": [[[2530637.576, 1175077.168], [2530639.416, 1175077.388], [2530639.416, 1175080.748], [2530628.6859999998, 1175079.908], [2530613.146, 1175078.618], [2530613.306, 1175076.208], [2530620.216, 1175076.928], [2530620.356, 1175075.608], [2530620.406, 1175075.108], [2530624.646, 1175075.618], [2530637.576, 1175077.168]]]}, "properties": {"OBJECTID": 46431643, "EGID": 818582, "NO_COM_FED": 5757, "GENRE_TXT": "b\u00e2timent"}}, {"type": "Feature", "id": 46431888, "geometry": {"type": "Polygon", "coordinates": [[[2530757.559, 1176026.636], [2530756.987, 1176024.794], [2530761.798, 1176023.286], [2530767.167, 1176021.6030000001], [2530769.137, 1176027.914], [2530758.947, 1176031.104], [2530757.559, 1176026.636]]]}, "properties": {"OBJECTID": 46431888, "EGID": 3163921, "NO_COM_FED": 5757, "GENRE_TXT": "b\u00e2timent"}}, {"type": "Feature", "id": 46432152, "geometry": {"type": "Polygon", "coordinates": [[[2530872.003, 1176636.932], [2530871.163, 1176633.91], [2530868.703, 1176625.056], [2530875.293, 1176623.226], [2530875.093, 1176622.536], [2530877.763, 1176621.776], [2530879.083, 1176626.466], [2530878.383, 1176626.656], [2530880.734, 1176635.066], [2530872.154, 1176637.476], [2530872.003, 1176636.932]]]}, "properties": {"OBJECTID": 46432152, "EGID": 818180, "NO_COM_FED": 5757, "GENRE_TXT": "b\u00e2timent"}}, {"type": "Feature", "id": 46432289, "geometry": {"type": "Polygon", "coordinates": [[[2530844.365, 1176628.561], [2530843.993, 1176635.523], [2530834.925, 1176635.044], [2530835.2939999998, 1176628.056], [2530844.365, 1176628.561]]]}, "properties": {"OBJECTID": 46432289, "EGID": 280093926, "NO_COM_FED": 5757, "GENRE_TXT": "b\u00e2timent"}}, {"type": "Feature", "id": 46432371, "geometry": {"type": "Polygon", "coordinates": [[[2530411.946, 1174772.551], [2530409.799, 1174776.3530000001], [2530411.372, 1174777.242], [2530409.947, 1174779.695], [2530408.438, 1174778.852], [2530406.278, 1174782.719], [2530398.027, 1174778.122], [2530403.678, 1174767.935], [2530404.966, 1174768.645], [2530406.503, 1174767.149], [2530410.998, 1174769.726], [2530410.573, 1174771.786], [2530411.946, 1174772.551]]]}, "properties": {"OBJECTID": 46432371, "EGID": 818809, "NO_COM_FED": 5757, "GENRE_TXT": "b\u00e2timent"}}, {"type": "Feature", "id": 46432433, "geometry": {"type": "Polygon", "coordinates": [[[2530867.883, 1176131.96], [2530865.476, 1176121.758], [2530877.5439999998, 1176118.889], [2530883.961, 1176146.178], [2530871.908, 1176149.015], [2530868.731, 1176135.553], [2530867.883, 1176131.96]]]}, "properties": {"OBJECTID": 46432433, "EGID": 280104201, "NO_COM_FED": 5757, "GENRE_TXT": "b\u00e2timent"}}, {"type": "Feature", "id": 46432507, "geometry": {"type": "Polygon", "coordinates": [[[2530141.603, 1174598.744], [2530135.6890000002, 1174599.017], [2530135.631, 1174597.882], [2530134.216, 1174597.954], [2530134.454, 1174602.586], [2530128.089, 1174602.912], [2530127.847, 1174598.191], [2530130.94, 1174598.048], [2530130.874, 1174596.631], [2530127.8109999998, 1174596.773], [2530127.417, 1174588.263], [2530130.472, 1174588.106], [2530130.448, 1174587.637], [2530135.4189999998, 1174587.418], [2530135.467, 1174588.517], [2530141.084, 1174588.271], [2530141.603, 1174598.744]]]}, "properties": {"OBJECTID": 46432507, "EGID": 818828, "NO_COM_FED": 5757, "GENRE_TXT": "b\u00e2timent"}}, {"type": "Feature", "id": 46432537, "geometry": {"type": "Polygon", "coordinates": [[[2530887.753, 1176601.776], [2530887.493, 1176595.916], [2530887.993, 1176595.896], [2530887.653, 1176587.966], [2530895.123, 1176587.685], [2530895.303, 1176591.975], [2530899.243, 1176591.825], [2530899.383, 1176595.565], [2530896.773, 1176595.665], [2530896.883, 1176598.825], [2530896.033, 1176598.875], [2530896.173, 1176602.345], [2530891.183, 1176602.546], [2530891.133, 1176601.666], [2530887.753, 1176601.776]]]}, "properties": {"OBJECTID": 46432537, "EGID": 818178, "NO_COM_FED": 5757, "GENRE_TXT": "b\u00e2timent"}}, {"type": "Feature", "id": 46432650, "geometry": {"type": "Polygon", "coordinates": [[[2530729.245, 1175822.824], [2530738.495, 1175805.623], [2530750.975, 1175812.383], [2530748.655, 1175816.563], [2530748.815, 1175816.653], [2530745.705, 1175822.283], [2530745.525, 1175822.183], [2530743.275, 1175826.263], [2530742.875, 1175826.043], [2530741.435, 1175828.643], [2530740.455, 1175828.873], [2530729.245, 1175822.824]]]}, "properties": {"OBJECTID": 46432650, "EGID": 818292, "NO_COM_FED": 5757, "GENRE_TXT": "b\u00e2timent"}}, {"type": "Feature", "id": 46432677, "geometry": {"type": "Polygon", "coordinates": [[[2531029.289, 1176140.917], [2531026.829, 1176131.297], [2531027.779, 1176131.057], [2531027.749, 1176130.937], [2531036.959, 1176128.527], [2531037.9189999998, 1176128.277], [2531039.859, 1176127.767], [2531042.349, 1176137.387], [2531041.379, 1176137.637], [2531041.409, 1176137.757], [2531039.469, 1176138.257], [2531038.509, 1176138.517], [2531029.289, 1176140.917]]]}, "properties": {"OBJECTID": 46432677, "EGID": 818314, "NO_COM_FED": 5757, "GENRE_TXT": "b\u00e2timent"}}, {"type": "Feature", "id": 46432785, "geometry": {"type": "Polygon", "coordinates": [[[2530135.484, 1175811.969], [2530134.334, 1175811.589], [2530136.014, 1175806.429], [2530141.734, 1175808.299], [2530145.664, 1175808.879], [2530146.014, 1175806.399], [2530146.784, 1175800.799], [2530161.874, 1175802.859], [2530160.474, 1175813.049], [2530155.894, 1175812.409], [2530156.124, 1175810.749], [2530153.154, 1175810.329], [2530145.594, 1175809.269], [2530145.624, 1175809.019], [2530141.674, 1175808.459], [2530140.0640000002, 1175813.469], [2530138.484, 1175812.949], [2530135.484, 1175811.969]]]}, "properties": {"OBJECTID": 46432785, "EGID": 818111, "NO_COM_FED": 5757, "GENRE_TXT": "b\u00e2timent"}}, {"type": "Feature", "id": 46432789, "geometry": {"type": "Polygon", "coordinates": [[[2529945.833, 1175770.849], [2529941.943, 1175769.929], [2529943.423, 1175763.859], [2529943.803, 1175763.949], [2529945.863, 1175755.449], [2529946.093, 1175754.489], [2529950.463, 1175755.559], [2529950.233, 1175756.499], [2529956.223, 1175757.959], [2529953.413, 1175769.449], [2529946.573, 1175767.799], [2529945.833, 1175770.849]]]}, "properties": {"OBJECTID": 46432789, "EGID": 818119, "NO_COM_FED": 5757, "GENRE_TXT": "b\u00e2timent"}}, {"type": "Feature", "id": 46432815, "geometry": {"type": "Polygon", "coordinates": [[[2530843.633, 1174350.959], [2530835.8310000002, 1174350.812], [2530835.952, 1174343.415], [2530846.857, 1174343.604], [2530846.825, 1174345.558], [2530847.125, 1174345.563], [2530847.824, 1174346.2719999999], [2530847.813, 1174348.371], [2530847.092, 1174349.078], [2530846.759, 1174349.078], [2530846.734, 1174351.018], [2530843.633, 1174350.959]]]}, "properties": {"OBJECTID": 46432815, "EGID": 190069437, "NO_COM_FED": 5757, "GENRE_TXT": "b\u00e2timent"}}, {"type": "Feature", "id": 46433216, "geometry": {"type": "Polygon", "coordinates": [[[2531058.651, 1175381.944], [2531058.498825783, 1175383.6939129308], [2531058.0925855846, 1175385.4028076495], [2531057.441, 1175387.034], [2531056.573427011, 1175388.530691245], [2531055.499290801, 1175389.88678821], [2531054.241, 1175391.074], [2531050.8109999998, 1175388.684], [2531051.62548956, 1175387.9749657575], [2531052.328287164, 1175387.1550887374], [2531052.904469751, 1175386.2417780415], [2531053.3418027763, 1175385.254426723], [2531053.631, 1175384.214], [2531053.7637086096, 1175383.1704595601], [2531053.7472359473, 1175382.1186435702], [2531053.58191432, 1175381.0797706307], [2531053.271078812, 1175380.0747982373], [2531052.821, 1175379.124], [2531057.481, 1175376.914], [2531057.951, 1175378.074], [2531058.4610104095, 1175379.9800575485], [2531058.651, 1175381.944]]]}, "properties": {"OBJECTID": 46433216, "EGID": 280018570, "NO_COM_FED": 5757, "GENRE_TXT": "b\u00e2timent"}}, {"type": "Feature", "id": 46433269, "geometry": {"type": "Polygon", "coordinates": [[[2530722.507, 1175100.865], [2530735.417, 1175108.604], [2530732.337, 1175113.154], [2530732.167, 1175113.405], [2530721.907, 1175105.795], [2530721.067, 1175105.425], [2530722.887, 1175101.315], [2530722.427, 1175101.085], [2530722.507, 1175100.865]]]}, "properties": {"OBJECTID": 46433269, "EGID": 818974, "NO_COM_FED": 5757, "GENRE_TXT": "b\u00e2timent"}}, {"type": "Feature", "id": 46433337, "geometry": {"type": "Polygon", "coordinates": [[[2530290.09, 1174761.393], [2530291.786, 1174752.55], [2530303.084, 1174754.721], [2530303.059, 1174754.848], [2530306.832, 1174755.573], [2530305.196, 1174764.16], [2530301.44, 1174763.442], [2530301.418, 1174763.561], [2530290.09, 1174761.393]]]}, "properties": {"OBJECTID": 46433337, "EGID": 818812, "NO_COM_FED": 5757, "GENRE_TXT": "b\u00e2timent"}}, {"type": "Feature", "id": 46433396, "geometry": {"type": "Polygon", "coordinates": [[[2530594.519, 1175318.969], [2530583.119, 1175325.279], [2530562.139, 1175287.55], [2530575.138, 1175280.309], [2530582.524, 1175293.633], [2530588.519, 1175304.449], [2530586.979, 1175305.309], [2530594.519, 1175318.969]]]}, "properties": {"OBJECTID": 46433396, "EGID": 190094158, "NO_COM_FED": 5757, "GENRE_TXT": "b\u00e2timent"}}, {"type": "Feature", "id": 46433498, "geometry": {"type": "Polygon", "coordinates": [[[2530792.04, 1175370.5219999999], [2530791.65, 1175367.262], [2530790.68, 1175367.382], [2530790.21, 1175363.382], [2530791.18, 1175363.2820000001], [2530790.79, 1175360.0320000001], [2530795.79, 1175359.452], [2530797.04, 1175369.882], [2530792.04, 1175370.5219999999]]]}, "properties": {"OBJECTID": 46433498, "EGID": 818531, "NO_COM_FED": 5757, "GENRE_TXT": "b\u00e2timent"}}, {"type": "Feature", "id": 46433824, "geometry": {"type": "Polygon", "coordinates": [[[2530712.766, 1175077.115], [2530723.836, 1175076.875], [2530723.116, 1175081.195], [2530713.036, 1175079.885], [2530713.006, 1175079.535], [2530712.766, 1175077.115]]]}, "properties": {"OBJECTID": 46433824, "EGID": 818634, "NO_COM_FED": 5757, "GENRE_TXT": "b\u00e2timent"}}, {"type": "Feature", "id": 46433873, "geometry": {"type": "Polygon", "coordinates": [[[2530344.045, 1175775.698], [2530338.221, 1175772.776], [2530343.187, 1175762.951], [2530348.989, 1175765.865], [2530344.045, 1175775.698]]]}, "properties": {"OBJECTID": 46433873, "EGID": 280059346, "NO_COM_FED": 5757, "GENRE_TXT": "b\u00e2timent"}}, {"type": "Feature", "id": 46433903, "geometry": {"type": "Polygon", "coordinates": [[[2530446.418, 1174656.771], [2530447.053, 1174659.364], [2530448.365, 1174659.052], [2530449.376, 1174663.26], [2530448.051, 1174663.574], [2530449.082, 1174667.919], [2530445.301, 1174668.835], [2530439.948, 1174670.132], [2530436.805, 1174656.977], [2530445.937, 1174654.808], [2530446.418, 1174656.771]]]}, "properties": {"OBJECTID": 46433903, "EGID": 280062981, "NO_COM_FED": 5757, "GENRE_TXT": "b\u00e2timent"}}, {"type": "Feature", "id": 46433974, "geometry": {"type": "Polygon", "coordinates": [[[2530956.3109999998, 1175405.537], [2530957.661, 1175408.467], [2530958.941, 1175407.877], [2530960.121, 1175410.367], [2530958.751, 1175411.007], [2530961.201, 1175416.217], [2530954.091, 1175419.517], [2530951.641, 1175414.287], [2530951.571, 1175414.337], [2530949.011, 1175408.867], [2530956.3109999998, 1175405.537]]]}, "properties": {"OBJECTID": 46433974, "EGID": 818385, "NO_COM_FED": 5757, "GENRE_TXT": "b\u00e2timent"}}, {"type": "Feature", "id": 46434211, "geometry": {"type": "Polygon", "coordinates": [[[2530525.943, 1174819.93], [2530524.643, 1174822.69], [2530518.913, 1174819.37], [2530520.423, 1174816.75], [2530525.943, 1174819.93]]]}, "properties": {"OBJECTID": 46434211, "EGID": 280039790, "NO_COM_FED": 5757, "GENRE_TXT": "b\u00e2timent"}}, {"type": "Feature", "id": 46434445, "geometry": {"type": "Polygon", "coordinates": [[[2530876.086, 1174372.088], [2530867.819, 1174370.535], [2530869.74, 1174360.3], [2530878.004, 1174361.861], [2530876.086, 1174372.088]]]}, "properties": {"OBJECTID": 46434445, "EGID": 280062777, "NO_COM_FED": 5757, "GENRE_TXT": "b\u00e2timent"}}, {"type": "Feature", "id": 46434469, "geometry": {"type": "Polygon", "coordinates": [[[2531718.062, 1174544.747], [2531720.953, 1174544.028], [2531722.838, 1174551.706], [2531714.046, 1174553.865], [2531712.738, 1174548.547], [2531718.64, 1174547.092], [2531718.062, 1174544.747]]]}, "properties": {"OBJECTID": 46434469, "EGID": 281010850, "NO_COM_FED": 5757, "GENRE_TXT": "b\u00e2timent"}}, {"type": "Feature", "id": 46434597, "geometry": {"type": "Polygon", "coordinates": [[[2530549.965, 1174297.585], [2530516.851, 1174308.933], [2530513.662, 1174299.418], [2530549.644, 1174287.0929999999], [2530550.5439999998, 1174289.982], [2530547.732, 1174290.927], [2530549.965, 1174297.585]]]}, "properties": {"OBJECTID": 46434597, "EGID": 280063643, "NO_COM_FED": 5757, "GENRE_TXT": "b\u00e2timent"}}, {"type": "Feature", "id": 46434793, "geometry": {"type": "Polygon", "coordinates": [[[2531171.446, 1174890.223], [2531168.556, 1174895.263], [2531162.216, 1174893.503], [2531165.136, 1174888.443], [2531171.446, 1174890.223]]]}, "properties": {"OBJECTID": 46434793, "EGID": 280026369, "NO_COM_FED": 5757, "GENRE_TXT": "b\u00e2timent"}}, {"type": "Feature", "id": 46434840, "geometry": {"type": "Polygon", "coordinates": [[[2530708.577, 1176019.18], [2530730.08, 1176013.597], [2530741.363, 1176057.154], [2530719.885, 1176062.737], [2530708.577, 1176019.18]]]}, "properties": {"OBJECTID": 46434840, "EGID": 280103480, "NO_COM_FED": 5757, "GENRE_TXT": "b\u00e2timent"}}, {"type": "Feature", "id": 46434924, "geometry": {"type": "Polygon", "coordinates": [[[2530500.527, 1175950.46], [2530500.51, 1175950.291], [2530510.252, 1175949.338], [2530510.236, 1175949.169], [2530510.963, 1175949.097], [2530511.524, 1175954.989], [2530503.359, 1175955.776], [2530501.07, 1175955.997], [2530500.527, 1175950.46]]]}, "properties": {"OBJECTID": 46434924, "EGID": 280102184, "NO_COM_FED": 5757, "GENRE_TXT": "b\u00e2timent"}}, {"type": "Feature", "id": 46435162, "geometry": {"type": "Polygon", "coordinates": [[[2530846.867, 1175988.671], [2530848.027, 1175994.511], [2530849.517, 1175994.221], [2530850.487, 1175999.051], [2530840.807, 1176001.021], [2530838.607, 1175990.361], [2530846.867, 1175988.671]]]}, "properties": {"OBJECTID": 46435162, "EGID": 818230, "NO_COM_FED": 5757, "GENRE_TXT": "b\u00e2timent"}}, {"type": "Feature", "id": 46435251, "geometry": {"type": "Polygon", "coordinates": [[[2530384.423, 1176381.019], [2530383.781, 1176379.8429999999], [2530390.964, 1176375.93], [2530394.726, 1176382.851], [2530387.56, 1176386.764], [2530384.423, 1176381.019]]]}, "properties": {"OBJECTID": 46435251, "EGID": 818062, "NO_COM_FED": 5757, "GENRE_TXT": "b\u00e2timent"}}, {"type": "Feature", "id": 46435457, "geometry": {"type": "Polygon", "coordinates": [[[2530944.125, 1175801.368], [2530938.865, 1175802.847], [2530937.775, 1175798.971], [2530936.745, 1175795.307], [2530935.931, 1175792.423], [2530940.94, 1175791.009], [2530941.754, 1175793.894], [2530947.695, 1175792.217], [2530949.855, 1175799.757], [2530944.125, 1175801.368]]]}, "properties": {"OBJECTID": 46435457, "EGID": 818367, "NO_COM_FED": 5757, "GENRE_TXT": "b\u00e2timent"}}, {"type": "Feature", "id": 46435798, "geometry": {"type": "Polygon", "coordinates": [[[2530707.378, 1174538.868], [2530708.624, 1174535.223], [2530716.346, 1174537.774], [2530715.245, 1174541.055], [2530715.648, 1174541.195], [2530714.259, 1174545.289], [2530713.838, 1174545.154], [2530712.777, 1174548.463], [2530705.001, 1174545.82], [2530707.378, 1174538.868]]]}, "properties": {"OBJECTID": 46435798, "EGID": 818761, "NO_COM_FED": 5757, "GENRE_TXT": "b\u00e2timent"}}, {"type": "Feature", "id": 46435817, "geometry": {"type": "Polygon", "coordinates": [[[2530225.527, 1174413.278], [2530221.626, 1174414.4070000001], [2530219.334, 1174406.708], [2530223.235, 1174405.579], [2530225.527, 1174413.278]]]}, "properties": {"OBJECTID": 46435817, "EGID": 280106767, "NO_COM_FED": 5757, "GENRE_TXT": "b\u00e2timent"}}, {"type": "Feature", "id": 46435839, "geometry": {"type": "Polygon", "coordinates": [[[2531264.254, 1174636.487], [2531261.054, 1174621.877], [2531280.624, 1174617.567], [2531280.264, 1174615.9070000001], [2531282.674, 1174615.387], [2531283.534, 1174619.337], [2531281.124, 1174619.857], [2531281.774, 1174622.847], [2531284.194, 1174622.327], [2531285.504, 1174628.387], [2531283.094, 1174628.9070000001], [2531283.815, 1174632.227], [2531264.254, 1174636.487]]]}, "properties": {"OBJECTID": 46435839, "EGID": 9072266, "NO_COM_FED": 5757, "GENRE_TXT": "b\u00e2timent"}}, {"type": "Feature", "id": 46435914, "geometry": {"type": "Polygon", "coordinates": [[[2530985.86, 1176272], [2530989.85, 1176268.98], [2530992.51, 1176266.74], [2530997.55, 1176272.75], [2530993.57, 1176275.76], [2530990.91, 1176278], [2530985.86, 1176272]]]}, "properties": {"OBJECTID": 46435914, "EGID": 818267, "NO_COM_FED": 5757, "GENRE_TXT": "b\u00e2timent"}}, {"type": "Feature", "id": 46435931, "geometry": {"type": "Polygon", "coordinates": [[[2531826.526, 1176349.071], [2531837.015, 1176345.056], [2531834.965, 1176339.706], [2531834.465, 1176339.896], [2531827.235, 1176321.006], [2531835.715, 1176317.756], [2531842.955, 1176336.676], [2531842.445, 1176336.876], [2531844.645, 1176342.566], [2531842.775, 1176343.456], [2531846.046, 1176350.316], [2531847.916, 1176349.426], [2531848.306, 1176350.416], [2531848.016, 1176350.526], [2531848.4560000002, 1176351.646], [2531843.806, 1176353.456], [2531843.386, 1176352.326], [2531825.795, 1176359.036], [2531822.465, 1176350.626], [2531826.526, 1176349.071]]]}, "properties": {"OBJECTID": 46435931, "EGID": 280003015, "NO_COM_FED": 5757, "GENRE_TXT": "b\u00e2timent"}}, {"type": "Feature", "id": 46436061, "geometry": {"type": "Polygon", "coordinates": [[[2530413.409, 1175367.024], [2530415.579, 1175375.024], [2530413.399, 1175375.624], [2530414.179, 1175378.494], [2530413.474, 1175378.687], [2530408.909, 1175379.935], [2530408.119, 1175377.045], [2530408.099, 1175377.045], [2530405.9390000002, 1175369.075], [2530413.409, 1175367.024]]]}, "properties": {"OBJECTID": 46436061, "EGID": 818872, "NO_COM_FED": 5757, "GENRE_TXT": "b\u00e2timent"}}, {"type": "Feature", "id": 46436306, "geometry": {"type": "Polygon", "coordinates": [[[2530968.809, 1176168.919], [2530968.209, 1176166.119], [2530973.999, 1176164.869], [2530974.599, 1176167.659], [2530968.809, 1176168.919]]]}, "properties": {"OBJECTID": 46436306, "EGID": 280043637, "NO_COM_FED": 5757, "GENRE_TXT": "b\u00e2timent"}}, {"type": "Feature", "id": 46436336, "geometry": {"type": "Polygon", "coordinates": [[[2531127.486, 1174963.492], [2531123.796, 1174968.392], [2531106.696, 1174956.903], [2531109.946, 1174951.813], [2531127.486, 1174963.492]]]}, "properties": {"OBJECTID": 46436336, "EGID": 280010912, "NO_COM_FED": 5757, "GENRE_TXT": "b\u00e2timent"}}, {"type": "Feature", "id": 46436391, "geometry": {"type": "Polygon", "coordinates": [[[2530564.026, 1175952.279], [2530563.736, 1175952.809], [2530564.276, 1175953.099], [2530560.876, 1175959.409], [2530560.346, 1175959.129], [2530559.226, 1175961.239], [2530558.566, 1175960.889], [2530556.666, 1175964.429], [2530545.756, 1175958.589], [2530547.176, 1175955.939], [2530546.286, 1175954.459], [2530547.486, 1175952.219], [2530546.916, 1175951.919], [2530550.296, 1175945.599], [2530550.876, 1175945.909], [2530552.066, 1175943.699], [2530553.786, 1175943.609], [2530555.2060000002, 1175940.979], [2530566.106, 1175946.819], [2530564.216, 1175950.349], [2530564.876, 1175950.699], [2530564.776, 1175950.869], [2530564.026, 1175952.279]]]}, "properties": {"OBJECTID": 46436391, "EGID": 3163945, "NO_COM_FED": 5757, "GENRE_TXT": "b\u00e2timent"}}, {"type": "Feature", "id": 46436460, "geometry": {"type": "Polygon", "coordinates": [[[2531719.711, 1174782.509], [2531735.504, 1174778.754], [2531742.266, 1174807.189], [2531745.344, 1174806.469], [2531751.026, 1174829.893], [2531747.948, 1174830.622], [2531754.828, 1174859.047], [2531739.031, 1174862.864], [2531730.07, 1174825.615], [2531731.032, 1174825.379], [2531729.641, 1174819.506], [2531728.66, 1174819.738], [2531719.711, 1174782.509]]]}, "properties": {"OBJECTID": 46436460, "EGID": 280086286, "NO_COM_FED": 5757, "GENRE_TXT": "b\u00e2timent"}}, {"type": "Feature", "id": 46436497, "geometry": {"type": "Polygon", "coordinates": [[[2530941.733, 1174736.658], [2530941.433, 1174745.988], [2530932.413, 1174745.709], [2530932.713, 1174736.429], [2530941.733, 1174736.658]]]}, "properties": {"OBJECTID": 46436497, "EGID": 818709, "NO_COM_FED": 5757, "GENRE_TXT": "b\u00e2timent"}}, {"type": "Feature", "id": 46436517, "geometry": {"type": "Polygon", "coordinates": [[[2531458.27, 1175042.315], [2531453.866, 1175038.267], [2531457.954, 1175033.836], [2531462.334, 1175037.872], [2531458.27, 1175042.315]]]}, "properties": {"OBJECTID": 46436517, "EGID": 280107471, "NO_COM_FED": 5757, "GENRE_TXT": "b\u00e2timent"}}, {"type": "Feature", "id": 46436614, "geometry": {"type": "Polygon", "coordinates": [[[2529875.423, 1175747.749], [2529870.423, 1175746.599], [2529870.693, 1175745.419], [2529867.193, 1175744.619], [2529866.433, 1175747.919], [2529861.363, 1175746.749], [2529862.173, 1175743.239], [2529862.903, 1175743.409], [2529864.713, 1175735.579], [2529864.883, 1175734.829], [2529864.993, 1175734.379], [2529868.013, 1175735.079], [2529867.743, 1175736.269], [2529877.553, 1175738.569], [2529875.423, 1175747.749]]]}, "properties": {"OBJECTID": 46436614, "EGID": 818121, "NO_COM_FED": 5757, "GENRE_TXT": "b\u00e2timent"}}, {"type": "Feature", "id": 46436696, "geometry": {"type": "Polygon", "coordinates": [[[2530683.523, 1174466.525], [2530686.971, 1174466.893], [2530686.762, 1174468.822], [2530684.252, 1174468.538], [2530683.335, 1174477.358], [2530682.808, 1174482.421], [2530683.396, 1174482.487], [2530683.383, 1174482.86], [2530684.354, 1174482.938], [2530683.923, 1174487.15], [2530671.741, 1174485.886], [2530672.188, 1174481.667], [2530673.834, 1174481.841], [2530675.197, 1174468.905], [2530675.538, 1174465.673], [2530683.523, 1174466.525]]]}, "properties": {"OBJECTID": 46436696, "EGID": 818786, "NO_COM_FED": 5757, "GENRE_TXT": "b\u00e2timent"}}, {"type": "Feature", "id": 46436869, "geometry": {"type": "Polygon", "coordinates": [[[2530663.657, 1175122.847], [2530660.927, 1175123.327], [2530660.147, 1175118.537], [2530660.717, 1175118.3969999999], [2530676.567, 1175115.296], [2530677.547, 1175120.656], [2530663.657, 1175122.847]]]}, "properties": {"OBJECTID": 46436869, "EGID": 818622, "NO_COM_FED": 5757, "GENRE_TXT": "b\u00e2timent"}}, {"type": "Feature", "id": 46437102, "geometry": {"type": "Polygon", "coordinates": [[[2530659.891, 1175490.246], [2530660.661, 1175495.156], [2530659.681, 1175495.326], [2530659.517, 1175495.354], [2530653.611, 1175496.377], [2530652.881, 1175491.437], [2530659.891, 1175490.246]]]}, "properties": {"OBJECTID": 46437102, "EGID": 280069812, "NO_COM_FED": 5757, "GENRE_TXT": "b\u00e2timent"}}, {"type": "Feature", "id": 46437220, "geometry": {"type": "Polygon", "coordinates": [[[2530345.553, 1176303.181], [2530345.875, 1176305.38], [2530347.583, 1176317.056], [2530339.0810000002, 1176318.303], [2530338.326, 1176313.1570000001], [2530330.844, 1176314.255], [2530328.109, 1176295.628], [2530335.588, 1176294.538], [2530334.843, 1176289.426], [2530343.359, 1176288.178], [2530345.553, 1176303.181]]]}, "properties": {"OBJECTID": 46437220, "EGID": 280076326, "NO_COM_FED": 5757, "GENRE_TXT": "b\u00e2timent"}}, {"type": "Feature", "id": 46437553, "geometry": {"type": "Polygon", "coordinates": [[[2530643.552, 1174749.068], [2530639.122, 1174744.408], [2530642.382, 1174741.348], [2530646.762, 1174746.058], [2530645.815, 1174746.946], [2530643.552, 1174749.068]]]}, "properties": {"OBJECTID": 46437553, "EGID": 280034207, "NO_COM_FED": 5757, "GENRE_TXT": "b\u00e2timent"}}, {"type": "Feature", "id": 46437604, "geometry": {"type": "Polygon", "coordinates": [[[2531056.796, 1174984.364], [2531052.855, 1174990.863], [2531047.866, 1174987.755], [2531051.826, 1174981.274], [2531056.796, 1174984.364]]]}, "properties": {"OBJECTID": 46437604, "EGID": 280023284, "NO_COM_FED": 5757, "GENRE_TXT": "b\u00e2timent"}}, {"type": "Feature", "id": 46437644, "geometry": {"type": "Polygon", "coordinates": [[[2530967.208, 1175119.557], [2530968.408, 1175121.207], [2530965.508, 1175123.207], [2530966.428, 1175124.477], [2530960.258, 1175128.877], [2530958.238, 1175125.987], [2530967.208, 1175119.557]]]}, "properties": {"OBJECTID": 46437644, "EGID": 280029737, "NO_COM_FED": 5757, "GENRE_TXT": "b\u00e2timent"}}, {"type": "Feature", "id": 46437831, "geometry": {"type": "Polygon", "coordinates": [[[2530219.194, 1174392.039], [2530215.3140000002, 1174393.2], [2530213.006, 1174385.488], [2530216.886, 1174384.327], [2530219.194, 1174392.039]]]}, "properties": {"OBJECTID": 46437831, "EGID": 280107278, "NO_COM_FED": 5757, "GENRE_TXT": "b\u00e2timent"}}, {"type": "Feature", "id": 46437862, "geometry": {"type": "Polygon", "coordinates": [[[2530400.749, 1175349.544], [2530400.729, 1175349.484], [2530398.909, 1175349.954], [2530398.199, 1175347.104], [2530400.029, 1175346.614], [2530398.899, 1175342.184], [2530405.069, 1175340.684], [2530406.9390000002, 1175347.934], [2530400.749, 1175349.544]]]}, "properties": {"OBJECTID": 46437862, "EGID": 280019687, "NO_COM_FED": 5757, "GENRE_TXT": "b\u00e2timent"}}, {"type": "Feature", "id": 46437926, "geometry": {"type": "Polygon", "coordinates": [[[2530881.72, 1174273.028], [2530881.248, 1174276.908], [2530882.118, 1174278.019], [2530881.513, 1174282.984], [2530872.565, 1174281.895], [2530873.787, 1174271.943], [2530881.73, 1174272.944], [2530881.72, 1174273.028]]]}, "properties": {"OBJECTID": 46437926, "EGID": 190069359, "NO_COM_FED": 5757, "GENRE_TXT": "b\u00e2timent"}}, {"type": "Feature", "id": 46438243, "geometry": {"type": "Polygon", "coordinates": [[[2530429.191, 1174839.009], [2530423.168, 1174833.658], [2530429.008, 1174827.173], [2530431.145, 1174829.081], [2530432.115, 1174827.994], [2530434.207, 1174829.862], [2530433.222, 1174830.967], [2530435.016, 1174832.566], [2530429.191, 1174839.009]]]}, "properties": {"OBJECTID": 46438243, "EGID": 818869, "NO_COM_FED": 5757, "GENRE_TXT": "b\u00e2timent"}}, {"type": "Feature", "id": 46438368, "geometry": {"type": "Polygon", "coordinates": [[[2530967.898, 1175139.377], [2530962.508, 1175131.957], [2530970.128, 1175126.617], [2530975.438, 1175133.967], [2530967.898, 1175139.377]]]}, "properties": {"OBJECTID": 46438368, "EGID": 818448, "NO_COM_FED": 5757, "GENRE_TXT": "b\u00e2timent"}}, {"type": "Feature", "id": 46438442, "geometry": {"type": "Polygon", "coordinates": [[[2531088.501, 1176296.767], [2531090.991, 1176306.387], [2531089.531, 1176306.767], [2531089.5609999998, 1176306.867], [2531080.801, 1176309.148], [2531078.301, 1176299.528], [2531079.761, 1176299.158], [2531079.731, 1176299.058], [2531088.501, 1176296.767]]]}, "properties": {"OBJECTID": 46438442, "EGID": 818345, "NO_COM_FED": 5757, "GENRE_TXT": "b\u00e2timent"}}, {"type": "Feature", "id": 46438451, "geometry": {"type": "Polygon", "coordinates": [[[2530761.755, 1174983.044], [2530758.145, 1174976.624], [2530771.185, 1174968.653], [2530774.855, 1174975.023], [2530761.755, 1174983.044]]]}, "properties": {"OBJECTID": 46438451, "EGID": 818667, "NO_COM_FED": 5757, "GENRE_TXT": "b\u00e2timent"}}, {"type": "Feature", "id": 46438710, "geometry": {"type": "Polygon", "coordinates": [[[2531125.427, 1175012.602], [2531122.027, 1175017.232], [2531117.957, 1175014.212], [2531121.307, 1175009.572], [2531125.427, 1175012.602]]]}, "properties": {"OBJECTID": 46438710, "EGID": 280034084, "NO_COM_FED": 5757, "GENRE_TXT": "b\u00e2timent"}}, {"type": "Feature", "id": 46438737, "geometry": {"type": "Polygon", "coordinates": [[[2530194.539, 1174650.678], [2530194.784, 1174656.969], [2530189.472, 1174657.17], [2530189.244, 1174650.884], [2530194.539, 1174650.678]]]}, "properties": {"OBJECTID": 46438737, "EGID": 280069882, "NO_COM_FED": 5757, "GENRE_TXT": "b\u00e2timent"}}, {"type": "Feature", "id": 46438746, "geometry": {"type": "Polygon", "coordinates": [[[2530727.914, 1174894.385], [2530713.414, 1174903.035], [2530710.194, 1174897.565], [2530724.684, 1174888.965], [2530727.914, 1174894.385]]]}, "properties": {"OBJECTID": 46438746, "EGID": 818855, "NO_COM_FED": 5757, "GENRE_TXT": "b\u00e2timent"}}, {"type": "Feature", "id": 46438822, "geometry": {"type": "Polygon", "coordinates": [[[2531708.862, 1175022.026], [2531721.609, 1175018.979], [2531725.725, 1175036.077], [2531712.998, 1175039.141], [2531708.862, 1175022.026]]]}, "properties": {"OBJECTID": 46438822, "EGID": 280006756, "NO_COM_FED": 5757, "GENRE_TXT": "b\u00e2timent"}}, {"type": "Feature", "id": 46438893, "geometry": {"type": "Polygon", "coordinates": [[[2530782.154, 1174593.414], [2530787.56, 1174580.698], [2530794.988, 1174583.753], [2530793.527, 1174587.205], [2530792.638, 1174586.855], [2530790.496, 1174591.731], [2530789.7060000002, 1174591.399], [2530788.942, 1174593.125], [2530790.019, 1174593.602], [2530788.889, 1174596.278], [2530782.154, 1174593.414]]]}, "properties": {"OBJECTID": 46438893, "EGID": 280127259, "NO_COM_FED": 5757, "GENRE_TXT": "b\u00e2timent"}}, {"type": "Feature", "id": 46439026, "geometry": {"type": "Polygon", "coordinates": [[[2530633.765, 1175786.357], [2530633.884, 1175778.307], [2530653.395, 1175778.496], [2530653.305, 1175786.476], [2530633.765, 1175786.357]]]}, "properties": {"OBJECTID": 46439026, "EGID": 818093, "NO_COM_FED": 5757, "GENRE_TXT": "b\u00e2timent"}}, {"type": "Feature", "id": 46439103, "geometry": {"type": "Polygon", "coordinates": [[[2530887.238, 1175116.581], [2530890.697, 1175114.119], [2530892.555, 1175116.792], [2530893.604, 1175116.062], [2530897.566, 1175121.763], [2530896.487, 1175122.449], [2530894.017, 1175124.159], [2530884.877, 1175130.32], [2530884.002, 1175129.064], [2530879.217, 1175122.19], [2530887.238, 1175116.581]]]}, "properties": {"OBJECTID": 46439103, "EGID": 818428, "NO_COM_FED": 5757, "GENRE_TXT": "b\u00e2timent"}}, {"type": "Feature", "id": 46439112, "geometry": {"type": "Polygon", "coordinates": [[[2530459.661, 1176292.572], [2530467.08, 1176292.174], [2530468.71, 1176321.925], [2530472.29, 1176321.744], [2530473.7939999998, 1176349.726], [2530459.988, 1176350.457], [2530456.176, 1176350.659], [2530456.141, 1176350], [2530456.335, 1176349.989], [2530456.022, 1176344.167], [2530453.26, 1176292.915], [2530459.661, 1176292.572]]]}, "properties": {"OBJECTID": 46439112, "EGID": 818064, "NO_COM_FED": 5757, "GENRE_TXT": "b\u00e2timent"}}, {"type": "Feature", "id": 46439150, "geometry": {"type": "Polygon", "coordinates": [[[2530840.508, 1174266.075], [2530839.529, 1174265.92], [2530840.59, 1174259.03], [2530850.045, 1174260.469], [2530849.022, 1174267.316], [2530840.508, 1174266.075]]]}, "properties": {"OBJECTID": 46439150, "EGID": 280099472, "NO_COM_FED": 5757, "GENRE_TXT": "b\u00e2timent"}}, {"type": "Feature", "id": 46439264, "geometry": {"type": "Polygon", "coordinates": [[[2530758.6859999998, 1175043.604], [2530751.896, 1175034.014], [2530758.086, 1175029.964], [2530755.716, 1175026.614], [2530767.786, 1175017.203], [2530777.966, 1175030.033], [2530761.766, 1175047.954], [2530758.6859999998, 1175043.604]]]}, "properties": {"OBJECTID": 46439264, "EGID": 818647, "NO_COM_FED": 5757, "GENRE_TXT": "b\u00e2timent"}}, {"type": "Feature", "id": 46439335, "geometry": {"type": "Polygon", "coordinates": [[[2530911.032, 1175641.75], [2530910.271, 1175642.076], [2530907.433, 1175635.45], [2530905.041, 1175629.866], [2530917.261, 1175624.632], [2530922.489, 1175636.844], [2530911.032, 1175641.75]]]}, "properties": {"OBJECTID": 46439335, "EGID": 818381, "NO_COM_FED": 5757, "GENRE_TXT": "b\u00e2timent"}}, {"type": "Feature", "id": 46439471, "geometry": {"type": "Polygon", "coordinates": [[[2530092.004, 1175799.319], [2530092.7939999998, 1175795.039], [2530092.964, 1175795.069], [2530092.774, 1175796.049], [2530098.214, 1175797.069], [2530099.174, 1175792.019], [2530102.0439999998, 1175792.569], [2530102.334, 1175791.089], [2530109.764, 1175792.509], [2530107.984, 1175801.949], [2530100.514, 1175800.549], [2530100.444, 1175800.929], [2530092.004, 1175799.319]]]}, "properties": {"OBJECTID": 46439471, "EGID": 818112, "NO_COM_FED": 5757, "GENRE_TXT": "b\u00e2timent"}}, {"type": "Feature", "id": 46439546, "geometry": {"type": "Polygon", "coordinates": [[[2530655.926, 1174372.469], [2530653.799, 1174371.07], [2530655.174, 1174368.954], [2530657.325, 1174370.342], [2530655.926, 1174372.469]]]}, "properties": {"OBJECTID": 46439546, "EGID": 280110978, "NO_COM_FED": 5757, "GENRE_TXT": "b\u00e2timent"}}, {"type": "Feature", "id": 46439763, "geometry": {"type": "Polygon", "coordinates": [[[2529799.749, 1175536.096], [2529803.358, 1175533.921], [2529806.108, 1175538.45], [2529802.477, 1175540.655], [2529799.749, 1175536.096]]]}, "properties": {"OBJECTID": 46439763, "EGID": 280107281, "NO_COM_FED": 5742, "GENRE_TXT": "b\u00e2timent"}}, {"type": "Feature", "id": 46439789, "geometry": {"type": "Polygon", "coordinates": [[[2530919.89, 1176215.151], [2530912.42, 1176215.471], [2530912.059, 1176207.761], [2530915.539, 1176207.651], [2530920.559, 1176207.431], [2530920.88, 1176215.151], [2530919.89, 1176215.151]]]}, "properties": {"OBJECTID": 46439789, "EGID": 818264, "NO_COM_FED": 5757, "GENRE_TXT": "b\u00e2timent"}}, {"type": "Feature", "id": 46440006, "geometry": {"type": "Polygon", "coordinates": [[[2530845.216, 1174458.415], [2530842.165, 1174466.018], [2530839.108, 1174464.783], [2530842.178, 1174457.187], [2530845.216, 1174458.415]]]}, "properties": {"OBJECTID": 46440006, "EGID": 280139691, "NO_COM_FED": 5757, "GENRE_TXT": "b\u00e2timent"}}, {"type": "Feature", "id": 46440025, "geometry": {"type": "Polygon", "coordinates": [[[2530992.389, 1176196.659], [2530991.769, 1176196.799], [2530982.269, 1176198.869], [2530980.049, 1176199.349], [2530978.759, 1176193.269], [2530990.449, 1176190.739], [2530991.079, 1176190.599], [2530992.389, 1176196.659]]]}, "properties": {"OBJECTID": 46440025, "EGID": 818245, "NO_COM_FED": 5757, "GENRE_TXT": "b\u00e2timent"}}, {"type": "Feature", "id": 46440171, "geometry": {"type": "Polygon", "coordinates": [[[2530771.758, 1175235.523], [2530771.098, 1175232.383], [2530773.248, 1175231.993], [2530773.848, 1175235.223], [2530771.758, 1175235.523]]]}, "properties": {"OBJECTID": 46440171, "EGID": 280124467, "NO_COM_FED": 5757, "GENRE_TXT": "b\u00e2timent"}}, {"type": "Feature", "id": 46440182, "geometry": {"type": "Polygon", "coordinates": [[[2530619.945, 1175793.067], [2530621.015, 1175798.1469999999], [2530613.785, 1175799.667], [2530610.085, 1175800.448], [2530608.435, 1175792.628], [2530613.389, 1175791.59], [2530612.98, 1175789.639], [2530613.546, 1175789.521], [2530612.849, 1175786.195], [2530618.261, 1175785.061], [2530619.365, 1175790.327], [2530619.945, 1175793.067]]]}, "properties": {"OBJECTID": 46440182, "EGID": 3164001, "NO_COM_FED": 5757, "GENRE_TXT": "b\u00e2timent"}}, {"type": "Feature", "id": 46440210, "geometry": {"type": "Polygon", "coordinates": [[[2530938.249, 1176198.34], [2530933.779, 1176198.531], [2530929.799, 1176198.701], [2530929.529, 1176191.951], [2530929.489, 1176191.001], [2530937.949, 1176190.67], [2530938.249, 1176198.34]]]}, "properties": {"OBJECTID": 46440210, "EGID": 818279, "NO_COM_FED": 5757, "GENRE_TXT": "b\u00e2timent"}}, {"type": "Feature", "id": 46440459, "geometry": {"type": "Polygon", "coordinates": [[[2531215.901, 1175391.889], [2531218.791, 1175391.529], [2531221.521, 1175389.148], [2531225.141, 1175394.068], [2531221.861, 1175395.298], [2531222.0609999998, 1175395.828], [2531217.381, 1175397.859], [2531215.901, 1175391.889]]]}, "properties": {"OBJECTID": 46440459, "EGID": 280025157, "NO_COM_FED": 5757, "GENRE_TXT": "b\u00e2timent"}}, {"type": "Feature", "id": 46440463, "geometry": {"type": "Polygon", "coordinates": [[[2531275.918, 1174695.062], [2531276.603, 1174698.004], [2531272.723, 1174698.896], [2531271.758, 1174694.721], [2531271.298, 1174692.729], [2531275.167, 1174691.833], [2531275.918, 1174695.062]]]}, "properties": {"OBJECTID": 46440463, "EGID": 280046113, "NO_COM_FED": 5757, "GENRE_TXT": "b\u00e2timent"}}, {"type": "Feature", "id": 46440491, "geometry": {"type": "Polygon", "coordinates": [[[2530399.192, 1174411.29], [2530400.613, 1174416.062], [2530388.423, 1174419.694], [2530387, 1174414.92], [2530399.192, 1174411.29]]]}, "properties": {"OBJECTID": 46440491, "EGID": 3163916, "NO_COM_FED": 5757, "GENRE_TXT": "b\u00e2timent"}}, {"type": "Feature", "id": 46441140, "geometry": {"type": "Polygon", "coordinates": [[[2530884.042, 1174507.743], [2530885.063, 1174503.919], [2530887.548, 1174504.589], [2530886.699, 1174507.916], [2530886.363, 1174508.008], [2530884.042, 1174507.743]]]}, "properties": {"OBJECTID": 46441140, "EGID": 280124812, "NO_COM_FED": 5757, "GENRE_TXT": "b\u00e2timent"}}, {"type": "Feature", "id": 46441190, "geometry": {"type": "Polygon", "coordinates": [[[2530308.096, 1174712.725], [2530309.004, 1174708.466], [2530314.9390000002, 1174709.725], [2530316.655, 1174706.619], [2530319.68, 1174709.291], [2530317.795, 1174718.127], [2530307.4189999998, 1174715.9], [2530308.096, 1174712.725]]]}, "properties": {"OBJECTID": 46441190, "EGID": 400001059, "NO_COM_FED": 5757, "GENRE_TXT": "b\u00e2timent"}}, {"type": "Feature", "id": 46441404, "geometry": {"type": "Polygon", "coordinates": [[[2530587.724, 1174586.761], [2530585.239, 1174590.459], [2530580.44, 1174587.208], [2530582.929, 1174583.516], [2530587.724, 1174586.761]]]}, "properties": {"OBJECTID": 46441404, "EGID": 280070457, "NO_COM_FED": 5757, "GENRE_TXT": "b\u00e2timent"}}, {"type": "Feature", "id": 46441559, "geometry": {"type": "Polygon", "coordinates": [[[2530721.088, 1176098.475], [2530719.528, 1176092.675], [2530724.868, 1176091.235], [2530726.438, 1176097.045], [2530721.088, 1176098.475]]]}, "properties": {"OBJECTID": 46441559, "EGID": 280030970, "NO_COM_FED": 5757, "GENRE_TXT": "b\u00e2timent"}}, {"type": "Feature", "id": 46441699, "geometry": {"type": "Polygon", "coordinates": [[[2530735.824, 1174550.991], [2530735.7939999998, 1174545.002], [2530741.853, 1174544.971], [2530747.926, 1174544.924], [2530748.726, 1174544.918], [2530750.841, 1174548.209], [2530747.954, 1174548.53], [2530747.962, 1174549.55], [2530747.972, 1174550.917], [2530741.899, 1174550.964], [2530735.824, 1174550.991]]]}, "properties": {"OBJECTID": 46441699, "EGID": 280069570, "NO_COM_FED": 5757, "GENRE_TXT": "b\u00e2timent"}}, {"type": "Feature", "id": 46441752, "geometry": {"type": "Polygon", "coordinates": [[[2530443.918, 1174886.588], [2530443.541, 1174887.075], [2530417.416, 1174867.35], [2530417.774, 1174866.869], [2530414.565, 1174864.479], [2530417.413, 1174860.707], [2530436.391, 1174875.053], [2530438.624, 1174876.761], [2530435.793, 1174880.461], [2530443.918, 1174886.588]]]}, "properties": {"OBJECTID": 46441752, "EGID": 280065135, "NO_COM_FED": 5757, "GENRE_TXT": "b\u00e2timent"}}, {"type": "Feature", "id": 46442007, "geometry": {"type": "Polygon", "coordinates": [[[2531370.755, 1174566.737], [2531362.765, 1174568.597], [2531361.315, 1174562.377], [2531369.325, 1174560.517], [2531370.755, 1174566.737]]]}, "properties": {"OBJECTID": 46442007, "EGID": 280020954, "NO_COM_FED": 5757, "GENRE_TXT": "b\u00e2timent"}}, {"type": "Feature", "id": 46442015, "geometry": {"type": "Polygon", "coordinates": [[[2531237.296, 1174834.763], [2531237.976, 1174838.133], [2531232.926, 1174839.213], [2531232.256, 1174835.783], [2531237.296, 1174834.763]]]}, "properties": {"OBJECTID": 46442015, "EGID": 280043677, "NO_COM_FED": 5757, "GENRE_TXT": "b\u00e2timent"}}, {"type": "Feature", "id": 46442044, "geometry": {"type": "Polygon", "coordinates": [[[2530553.932, 1174688.638], [2530548.932, 1174684.758], [2530550.902, 1174682.288], [2530555.832, 1174686.288], [2530553.932, 1174688.638]]]}, "properties": {"OBJECTID": 46442044, "EGID": 280040283, "NO_COM_FED": 5757, "GENRE_TXT": "b\u00e2timent"}}, {"type": "Feature", "id": 46442099, "geometry": {"type": "Polygon", "coordinates": [[[2530689.574, 1174899.876], [2530681.284, 1174901.586], [2530680.374, 1174895.276], [2530688.364, 1174893.976], [2530689.574, 1174899.876]]]}, "properties": {"OBJECTID": 46442099, "EGID": 818684, "NO_COM_FED": 5757, "GENRE_TXT": "b\u00e2timent"}}, {"type": "Feature", "id": 46442373, "geometry": {"type": "Polygon", "coordinates": [[[2531372.369, 1174689.324], [2531372.089, 1174688.2179999999], [2531367.18, 1174689.367], [2531365.455, 1174681.9679999999], [2531375.434, 1174679.625], [2531377.147, 1174686.983], [2531377.922, 1174686.786], [2531379.6890000002, 1174693.775], [2531373.856, 1174695.2], [2531372.369, 1174689.324]]]}, "properties": {"OBJECTID": 46442373, "EGID": 818475, "NO_COM_FED": 5757, "GENRE_TXT": "b\u00e2timent"}}, {"type": "Feature", "id": 46442460, "geometry": {"type": "Polygon", "coordinates": [[[2530936.611, 1176370.5320000001], [2530937.991, 1176377.912], [2530925.901, 1176380.193], [2530924.511, 1176372.822], [2530936.611, 1176370.5320000001]]]}, "properties": {"OBJECTID": 46442460, "EGID": 818150, "NO_COM_FED": 5757, "GENRE_TXT": "b\u00e2timent"}}, {"type": "Feature", "id": 46442466, "geometry": {"type": "Polygon", "coordinates": [[[2530684.293, 1174781.666], [2530680.853, 1174779.557], [2530683.973, 1174774.406], [2530687.443, 1174776.506], [2530684.293, 1174781.666]]]}, "properties": {"OBJECTID": 46442466, "EGID": 280036729, "NO_COM_FED": 5757, "GENRE_TXT": "b\u00e2timent"}}, {"type": "Feature", "id": 46442506, "geometry": {"type": "Polygon", "coordinates": [[[2530942.804, 1175652.4070000001], [2530943.354, 1175653.697], [2530948.954, 1175651.307], [2530952.3140000002, 1175659.087], [2530943.614, 1175662.847], [2530942.524, 1175660.307], [2530939.694, 1175653.747], [2530942.804, 1175652.4070000001]]]}, "properties": {"OBJECTID": 46442506, "EGID": 101101061, "NO_COM_FED": 5757, "GENRE_TXT": "b\u00e2timent"}}, {"type": "Feature", "id": 46442548, "geometry": {"type": "Polygon", "coordinates": [[[2530418.164, 1174843.497], [2530420.404, 1174845.257], [2530419.128, 1174846.847], [2530416.89, 1174845.119], [2530418.164, 1174843.497]]]}, "properties": {"OBJECTID": 46442548, "EGID": 280112465, "NO_COM_FED": 5757, "GENRE_TXT": "b\u00e2timent"}}, {"type": "Feature", "id": 46442561, "geometry": {"type": "Polygon", "coordinates": [[[2530826.611, 1176248.868], [2530827.66, 1176248.684], [2530828.61, 1176254.124], [2530823.19, 1176255.074], [2530822.24, 1176249.634], [2530826.611, 1176248.868]]]}, "properties": {"OBJECTID": 46442561, "EGID": 280032173, "NO_COM_FED": 5757, "GENRE_TXT": "b\u00e2timent"}}, {"type": "Feature", "id": 46442747, "geometry": {"type": "Polygon", "coordinates": [[[2530105.024, 1174653.731], [2530105.028, 1174664.851], [2530099.149, 1174664.845], [2530099.146, 1174653.726], [2530105.024, 1174653.731]]]}, "properties": {"OBJECTID": 46442747, "EGID": 280094783, "NO_COM_FED": 5757, "GENRE_TXT": "b\u00e2timent"}}, {"type": "Feature", "id": 46442760, "geometry": {"type": "Polygon", "coordinates": [[[2531093.741, 1176315.547], [2531093.501, 1176312.717], [2531098.981, 1176312.257], [2531099.221, 1176315.087], [2531093.741, 1176315.547]]]}, "properties": {"OBJECTID": 46442760, "EGID": 280047021, "NO_COM_FED": 5757, "GENRE_TXT": "b\u00e2timent"}}, {"type": "Feature", "id": 46442859, "geometry": {"type": "Polygon", "coordinates": [[[2530716.385, 1174941.315], [2530715.265, 1174939.425], [2530711.075, 1174941.835], [2530711.235, 1174942.175], [2530705.785, 1174945.026], [2530703.245, 1174940.336], [2530719.265, 1174931.195], [2530723.175, 1174938.015], [2530716.635, 1174941.745], [2530716.385, 1174941.315]]]}, "properties": {"OBJECTID": 46442859, "EGID": 818534, "NO_COM_FED": 5757, "GENRE_TXT": "b\u00e2timent"}}, {"type": "Feature", "id": 46442956, "geometry": {"type": "Polygon", "coordinates": [[[2530718.813, 1174790.105], [2530725.893, 1174780.815], [2530724.763, 1174779.975], [2530725.733, 1174778.755], [2530736.993, 1174786.585], [2530726.933, 1174796.475], [2530725.913, 1174795.705], [2530718.483, 1174790.545], [2530718.813, 1174790.105]]]}, "properties": {"OBJECTID": 46442956, "EGID": 818702, "NO_COM_FED": 5757, "GENRE_TXT": "b\u00e2timent"}}, {"type": "Feature", "id": 46443098, "geometry": {"type": "Polygon", "coordinates": [[[2530623.056, 1175065.118], [2530626.356, 1175065.858], [2530624.646, 1175075.618], [2530620.406, 1175075.108], [2530620.356, 1175075.608], [2530613.406, 1175074.858], [2530615.826, 1175063.498], [2530623.056, 1175065.118]]]}, "properties": {"OBJECTID": 46443098, "EGID": 818581, "NO_COM_FED": 5757, "GENRE_TXT": "b\u00e2timent"}}, {"type": "Feature", "id": 46443351, "geometry": {"type": "Polygon", "coordinates": [[[2530638.815, 1174357.404], [2530637.433, 1174359.542], [2530636.916, 1174360.341], [2530627.363, 1174354.129], [2530632.852, 1174345.688], [2530636.287, 1174347.921], [2530637.994, 1174345.297], [2530643.862, 1174349.075], [2530642.152, 1174351.697], [2530642.399, 1174351.86], [2530638.815, 1174357.404]]]}, "properties": {"OBJECTID": 46443351, "EGID": 818788, "NO_COM_FED": 5757, "GENRE_TXT": "b\u00e2timent"}}, {"type": "Feature", "id": 46443437, "geometry": {"type": "Polygon", "coordinates": [[[2530650.464, 1174912.467], [2530650.724, 1174912.317], [2530660.625, 1174932.437], [2530656.715, 1174937.587], [2530660.085, 1174940.797], [2530660.215, 1174940.927], [2530657.915, 1174943.637], [2530655.635, 1174941.517], [2530648.975, 1174948.187], [2530648.815, 1174948.037], [2530644.265, 1174943.368], [2530639.975, 1174939.928], [2530642.405, 1174931.658], [2530639.615, 1174931.028], [2530639.115, 1174930.058], [2530634.374, 1174920.138], [2530644.504, 1174915.318], [2530650.464, 1174912.467]]]}, "properties": {"OBJECTID": 46443437, "EGID": 818669, "NO_COM_FED": 5757, "GENRE_TXT": "b\u00e2timent"}}, {"type": "Feature", "id": 46443452, "geometry": {"type": "Polygon", "coordinates": [[[2530399.445, 1175864.664], [2530399.585, 1175870.564], [2530393.085, 1175870.714], [2530392.955, 1175864.814], [2530399.445, 1175864.664]]]}, "properties": {"OBJECTID": 46443452, "EGID": 280026636, "NO_COM_FED": 5757, "GENRE_TXT": "b\u00e2timent"}}, {"type": "Feature", "id": 46443589, "geometry": {"type": "Polygon", "coordinates": [[[2530324.938, 1175844.421], [2530325.048, 1175841.807], [2530326.196, 1175841.856], [2530326.719, 1175829.545], [2530333.263, 1175829.822], [2530332.754, 1175842.25], [2530332.652, 1175844.738], [2530326.085, 1175844.47], [2530324.938, 1175844.421]]]}, "properties": {"OBJECTID": 46443589, "EGID": 190088059, "NO_COM_FED": 5757, "GENRE_TXT": "b\u00e2timent"}}, {"type": "Feature", "id": 46443839, "geometry": {"type": "Polygon", "coordinates": [[[2530769.982, 1175575.153], [2530769.797, 1175571.584], [2530769.782, 1175571.293], [2530775.412, 1175571.433], [2530775.812, 1175574.863], [2530769.982, 1175575.153]]]}, "properties": {"OBJECTID": 46443839, "EGID": 280037866, "NO_COM_FED": 5757, "GENRE_TXT": "b\u00e2timent"}}, {"type": "Feature", "id": 46443916, "geometry": {"type": "Polygon", "coordinates": [[[2530337.296, 1176248.073], [2530337.606, 1176250.188], [2530339.313, 1176261.87], [2530330.808, 1176263.104], [2530330.097, 1176258.025], [2530322.558, 1176259.046], [2530319.845, 1176240.462], [2530327.333, 1176239.328], [2530326.579, 1176234.21], [2530335.089, 1176232.97], [2530337.296, 1176248.073]]]}, "properties": {"OBJECTID": 46443916, "EGID": 280076327, "NO_COM_FED": 5757, "GENRE_TXT": "b\u00e2timent"}}, {"type": "Feature", "id": 46443950, "geometry": {"type": "Polygon", "coordinates": [[[2530659.951, 1175511.946], [2530661.961, 1175511.786], [2530662.351, 1175515.246], [2530660.391, 1175515.446], [2530659.951, 1175511.946]]]}, "properties": {"OBJECTID": 46443950, "EGID": 280111299, "NO_COM_FED": 5757, "GENRE_TXT": "b\u00e2timent"}}, {"type": "Feature", "id": 46444148, "geometry": {"type": "Polygon", "coordinates": [[[2530151.882, 1174595.23], [2530146.042, 1174596.033], [2530145.247, 1174590.174], [2530151.108, 1174589.385], [2530151.882, 1174595.23]]]}, "properties": {"OBJECTID": 46444148, "EGID": 280069905, "NO_COM_FED": 5757, "GENRE_TXT": "b\u00e2timent"}}, {"type": "Feature", "id": 46444240, "geometry": {"type": "Polygon", "coordinates": [[[2530929.14, 1176285.542], [2530933.61, 1176291.981], [2530926.73, 1176296.902], [2530922.33, 1176290.562], [2530923.97, 1176289.422], [2530929.14, 1176285.542]]]}, "properties": {"OBJECTID": 46444240, "EGID": 818135, "NO_COM_FED": 5757, "GENRE_TXT": "b\u00e2timent"}}, {"type": "Feature", "id": 46444529, "geometry": {"type": "Polygon", "coordinates": [[[2530634.467, 1175421.309], [2530634.367, 1175421.107], [2530639.104, 1175418.716], [2530640.416, 1175421.324], [2530636.127, 1175423.499], [2530635.465, 1175422.21], [2530635.024, 1175422.437], [2530634.467, 1175421.309]]]}, "properties": {"OBJECTID": 46444529, "EGID": 280072352, "NO_COM_FED": 5757, "GENRE_TXT": "b\u00e2timent"}}, {"type": "Feature", "id": 46444893, "geometry": {"type": "Polygon", "coordinates": [[[2530792.766, 1175011.883], [2530794.326, 1175011.923], [2530795.9560000002, 1175014.063], [2530791.756, 1175017.673], [2530789.7060000002, 1175015.323], [2530792.766, 1175011.883]]]}, "properties": {"OBJECTID": 46444893, "EGID": 280042875, "NO_COM_FED": 5757, "GENRE_TXT": "b\u00e2timent"}}, {"type": "Feature", "id": 46444943, "geometry": {"type": "Polygon", "coordinates": [[[2530843.881, 1175409.861], [2530849.471, 1175408.62], [2530850.117, 1175411.553], [2530844.531, 1175412.785], [2530843.881, 1175409.861]]]}, "properties": {"OBJECTID": 46444943, "EGID": 280069461, "NO_COM_FED": 5757, "GENRE_TXT": "b\u00e2timent"}}, {"type": "Feature", "id": 46445024, "geometry": {"type": "Polygon", "coordinates": [[[2530813.534, 1176114.333], [2530807.431, 1176115.921], [2530805.004, 1176106.682], [2530835.574, 1176098.733], [2530837.941, 1176107.962], [2530830.549, 1176109.905], [2530830.602, 1176110.189], [2530830.454, 1176110.2280000001], [2530827.312, 1176111.069], [2530827.237, 1176110.778], [2530818.161, 1176113.113], [2530818.236, 1176113.404], [2530814.941, 1176114.267], [2530814.8310000002, 1176113.982], [2530813.534, 1176114.333]]]}, "properties": {"OBJECTID": 46445024, "EGID": 818241, "NO_COM_FED": 5757, "GENRE_TXT": "b\u00e2timent"}}, {"type": "Feature", "id": 46445052, "geometry": {"type": "Polygon", "coordinates": [[[2530353.881, 1174704.558], [2530365.792, 1174706.238], [2530364.483, 1174715.177], [2530352.603, 1174713.49], [2530352.89, 1174711.481], [2530353.881, 1174704.558]]]}, "properties": {"OBJECTID": 46445052, "EGID": 818816, "NO_COM_FED": 5757, "GENRE_TXT": "b\u00e2timent"}}, {"type": "Feature", "id": 46445206, "geometry": {"type": "Polygon", "coordinates": [[[2530869.175, 1175753.739], [2530867.705, 1175756.929], [2530865.615, 1175756.099], [2530867.165, 1175752.789], [2530869.175, 1175753.739]]]}, "properties": {"OBJECTID": 46445206, "EGID": 280117686, "NO_COM_FED": 5757, "GENRE_TXT": "b\u00e2timent"}}, {"type": "Feature", "id": 46445220, "geometry": {"type": "Polygon", "coordinates": [[[2530633.863, 1176290.723], [2530633.773, 1176293.361], [2530633.62, 1176297.89], [2530621.82, 1176297.46], [2530622.14, 1176289.56], [2530633.89, 1176289.92], [2530633.863, 1176290.723]]]}, "properties": {"OBJECTID": 46445220, "EGID": 818227, "NO_COM_FED": 5757, "GENRE_TXT": "b\u00e2timent"}}, {"type": "Feature", "id": 46445300, "geometry": {"type": "Polygon", "coordinates": [[[2530775.377, 1175934.322], [2530779.797, 1175929.882], [2530787.097, 1175937.142], [2530782.657, 1175941.582], [2530775.377, 1175934.322]]]}, "properties": {"OBJECTID": 46445300, "EGID": 280017461, "NO_COM_FED": 5757, "GENRE_TXT": "b\u00e2timent"}}, {"type": "Feature", "id": 46445461, "geometry": {"type": "Polygon", "coordinates": [[[2532096.558, 1176295.765], [2532093.148, 1176300.635], [2532090.398, 1176298.805], [2532087.798, 1176302.385], [2532083.408, 1176299.355], [2532085.958, 1176295.745], [2532085.568, 1176295.415], [2532088.908, 1176290.485], [2532096.558, 1176295.765]]]}, "properties": {"OBJECTID": 46445461, "EGID": 280015253, "NO_COM_FED": 5757, "GENRE_TXT": "b\u00e2timent"}}, {"type": "Feature", "id": 46445521, "geometry": {"type": "Polygon", "coordinates": [[[2530242.92, 1174504.554], [2530241.269, 1174507.071], [2530238.752, 1174505.42], [2530240.397, 1174502.881], [2530242.92, 1174504.554]]]}, "properties": {"OBJECTID": 46445521, "EGID": 280114086, "NO_COM_FED": 5757, "GENRE_TXT": "b\u00e2timent"}}, {"type": "Feature", "id": 46445561, "geometry": {"type": "Polygon", "coordinates": [[[2531253.426, 1175464.217], [2531252.132, 1175461.607], [2531256.042, 1175459.627], [2531260.272, 1175468.027], [2531256.272, 1175469.957], [2531253.426, 1175464.217]]]}, "properties": {"OBJECTID": 46445561, "EGID": 280024490, "NO_COM_FED": 5757, "GENRE_TXT": "b\u00e2timent"}}, {"type": "Feature", "id": 46445718, "geometry": {"type": "Polygon", "coordinates": [[[2530082.67, 1174695.328], [2530087.732, 1174694.852], [2530095.695, 1174694.328], [2530095.484, 1174695.691], [2530096.368, 1174706.703], [2530089.825, 1174707.255], [2530089.304, 1174700.264], [2530083.029, 1174700.709], [2530082.67, 1174695.328]]]}, "properties": {"OBJECTID": 46445718, "EGID": 818824, "NO_COM_FED": 5757, "GENRE_TXT": "b\u00e2timent"}}, {"type": "Feature", "id": 46445904, "geometry": {"type": "Polygon", "coordinates": [[[2530405.699, 1174480.41], [2530404.762, 1174472.679], [2530404.881, 1174472.665], [2530404.52, 1174469.681], [2530409.178, 1174469.117], [2530409.54, 1174472.1], [2530419.461, 1174470.898], [2530420.414, 1174478.664], [2530420.245, 1174478.685], [2530420.441, 1174480.274], [2530415.972, 1174480.822], [2530415.769, 1174479.174], [2530405.699, 1174480.41]]]}, "properties": {"OBJECTID": 46445904, "EGID": 818845, "NO_COM_FED": 5757, "GENRE_TXT": "b\u00e2timent"}}, {"type": "Feature", "id": 46446082, "geometry": {"type": "Polygon", "coordinates": [[[2530699.994, 1174858.106], [2530701.255, 1174857.97], [2530701.43, 1174861.047], [2530700.274, 1174861.196], [2530699.994, 1174858.106]]]}, "properties": {"OBJECTID": 46446082, "EGID": 280130408, "NO_COM_FED": 5757, "GENRE_TXT": "b\u00e2timent"}}, {"type": "Feature", "id": 46446185, "geometry": {"type": "Polygon", "coordinates": [[[2530742.952, 1175567.154], [2530748.982, 1175568.473], [2530749.192, 1175569.653], [2530750.742, 1175569.363], [2530753.912, 1175585.033], [2530756.562, 1175584.433], [2530756.482, 1175584.063], [2530756.902, 1175583.963], [2530758.993, 1175594.063], [2530754.023, 1175595.073], [2530753.697038946, 1175595.515625362], [2530753.304113024, 1175595.900043155], [2530752.85445918, 1175596.2162380954], [2530752.3597923, 1175596.4559723188], [2530751.833, 1175596.613], [2530751.2798166904, 1175596.6836855402], [2530750.72250901, 1175596.6632804063], [2530750.175976073, 1175596.552330111], [2530749.654828938, 1175596.3538008088], [2530749.173, 1175596.073], [2530747.573, 1175596.373], [2530746.573, 1175591.743], [2530743.703, 1175592.364], [2530743.673, 1175592.204], [2530741.953, 1175592.574], [2530743.483, 1175599.654], [2530731.613, 1175602.164], [2530730.173, 1175595.434], [2530730.073, 1175595.444], [2530729.523, 1175594.744], [2530729.123, 1175592.884], [2530729.343, 1175592.014], [2530729.443, 1175591.994], [2530729.212, 1175590.954], [2530729.272, 1175590.944], [2530728.912, 1175589.184], [2530737.468, 1175587.374], [2530739.172, 1175587.014], [2530739.452, 1175587.904], [2530745.322, 1175586.674], [2530742.162, 1175571.074], [2530743.702, 1175570.764], [2530742.952, 1175567.154]]]}, "properties": {"OBJECTID": 46446185, "EGID": 818308, "NO_COM_FED": 5757, "GENRE_TXT": "b\u00e2timent"}}, {"type": "Feature", "id": 46446264, "geometry": {"type": "Polygon", "coordinates": [[[2530337.684, 1174540.823], [2530343.056, 1174542.735], [2530341.092, 1174548.2820000001], [2530335.707, 1174546.373], [2530337.684, 1174540.823]]]}, "properties": {"OBJECTID": 46446264, "EGID": 280102941, "NO_COM_FED": 5757, "GENRE_TXT": "b\u00e2timent"}}, {"type": "Feature", "id": 46446276, "geometry": {"type": "Polygon", "coordinates": [[[2530272.27, 1174603.739], [2530282.266, 1174603.557], [2530282.48, 1174610.797], [2530282.566, 1174613.73], [2530272.721, 1174613.866], [2530272.533, 1174607.401], [2530272.359, 1174607.405], [2530272.27, 1174603.739]]]}, "properties": {"OBJECTID": 46446276, "EGID": 3163896, "NO_COM_FED": 5757, "GENRE_TXT": "b\u00e2timent"}}, {"type": "Feature", "id": 46446362, "geometry": {"type": "Polygon", "coordinates": [[[2530844.2, 1176251.044], [2530833.04, 1176252.954], [2530832.14, 1176247.914], [2530830.16, 1176248.274], [2530829.61, 1176245.094], [2530831.57, 1176244.744], [2530831.05, 1176241.794], [2530836.59, 1176240.834], [2530837.54, 1176239.444], [2530840.82, 1176238.864], [2530842.25, 1176239.8429999999], [2530844.2, 1176251.044]]]}, "properties": {"OBJECTID": 46446362, "EGID": 101101054, "NO_COM_FED": 5757, "GENRE_TXT": "b\u00e2timent"}}, {"type": "Feature", "id": 46446429, "geometry": {"type": "Polygon", "coordinates": [[[2530808.362, 1174696.893], [2530812.792, 1174697.802], [2530819.022, 1174699.092], [2530819.132, 1174698.602], [2530825.792, 1174699.992], [2530825.692, 1174700.502], [2530831.982, 1174701.752], [2530829.712, 1174713.422], [2530822.232, 1174711.912], [2530822.042, 1174712.922], [2530821.552, 1174712.82], [2530817.582, 1174711.992], [2530817.792, 1174710.982], [2530810.342, 1174709.492], [2530806.052, 1174708.633], [2530808.362, 1174696.893]]]}, "properties": {"OBJECTID": 46446429, "EGID": 818738, "NO_COM_FED": 5757, "GENRE_TXT": "b\u00e2timent"}}, {"type": "Feature", "id": 46446563, "geometry": {"type": "Polygon", "coordinates": [[[2530701.969, 1176213.707], [2530706.079, 1176211.9070000001], [2530707.479, 1176211.297], [2530708.259, 1176213.097], [2530702.759, 1176215.527], [2530701.969, 1176213.707]]]}, "properties": {"OBJECTID": 46446563, "EGID": 280051028, "NO_COM_FED": 5757, "GENRE_TXT": "b\u00e2timent"}}, {"type": "Feature", "id": 46446723, "geometry": {"type": "Polygon", "coordinates": [[[2530679.817, 1175100.376], [2530694.657, 1175094.316], [2530697.837, 1175103.016], [2530682.567, 1175109.126], [2530679.817, 1175100.376]]]}, "properties": {"OBJECTID": 46446723, "EGID": 818628, "NO_COM_FED": 5757, "GENRE_TXT": "b\u00e2timent"}}, {"type": "Feature", "id": 46446770, "geometry": {"type": "Polygon", "coordinates": [[[2531732.79, 1174941.826], [2531735.15, 1174951.636], [2531722.96, 1174954.536], [2531720.63, 1174944.746], [2531732.79, 1174941.826]]]}, "properties": {"OBJECTID": 46446770, "EGID": 9029633, "NO_COM_FED": 5757, "GENRE_TXT": "b\u00e2timent"}}, {"type": "Feature", "id": 46446970, "geometry": {"type": "Polygon", "coordinates": [[[2530784.989, 1175267.473], [2530782.089, 1175259.053], [2530789.909, 1175256.432], [2530790.819, 1175259.122], [2530791.239, 1175258.972], [2530791.319, 1175259.132], [2530791.799, 1175258.942], [2530793.719, 1175264.562], [2530784.989, 1175267.473]]]}, "properties": {"OBJECTID": 46446970, "EGID": 818527, "NO_COM_FED": 5757, "GENRE_TXT": "b\u00e2timent"}}, {"type": "Feature", "id": 46447076, "geometry": {"type": "Polygon", "coordinates": [[[2530745.838, 1174396.999], [2530739.863, 1174396.857], [2530739.868, 1174396.6570000001], [2530740.005, 1174390.896], [2530745.963, 1174391.028], [2530745.838, 1174396.999]]]}, "properties": {"OBJECTID": 46447076, "EGID": 281004422, "NO_COM_FED": 5757, "GENRE_TXT": "b\u00e2timent"}}, {"type": "Feature", "id": 46447169, "geometry": {"type": "Polygon", "coordinates": [[[2531052.897, 1175091.134], [2531047.577, 1175085.784], [2531052.327, 1175080.924], [2531057.707, 1175086.284], [2531052.897, 1175091.134]]]}, "properties": {"OBJECTID": 46447169, "EGID": 818444, "NO_COM_FED": 5757, "GENRE_TXT": "b\u00e2timent"}}, {"type": "Feature", "id": 46447193, "geometry": {"type": "Polygon", "coordinates": [[[2530990.338, 1176073.238], [2530990.878, 1176076.848], [2530986.818, 1176077.398], [2530986.328, 1176073.778], [2530990.338, 1176073.238]]]}, "properties": {"OBJECTID": 46447193, "EGID": 280048868, "NO_COM_FED": 5757, "GENRE_TXT": "b\u00e2timent"}}, {"type": "Feature", "id": 46447278, "geometry": {"type": "Polygon", "coordinates": [[[2530288.943, 1176218.81], [2530291.043, 1176233.172], [2530284.399, 1176234.144], [2530281.925, 1176234.505], [2530271.9359999998, 1176235.966], [2530269.857, 1176221.584], [2530288.943, 1176218.81]]]}, "properties": {"OBJECTID": 46447278, "EGID": 280073721, "NO_COM_FED": 5757, "GENRE_TXT": "b\u00e2timent"}}, {"type": "Feature", "id": 46447383, "geometry": {"type": "Polygon", "coordinates": [[[2531056.94, 1176259.758], [2531058.88, 1176267.258], [2531050.7, 1176269.348], [2531048.78, 1176261.998], [2531049.76, 1176261.748], [2531049.73, 1176261.638], [2531056.94, 1176259.758]]]}, "properties": {"OBJECTID": 46447383, "EGID": 818337, "NO_COM_FED": 5757, "GENRE_TXT": "b\u00e2timent"}}, {"type": "Feature", "id": 46447450, "geometry": {"type": "Polygon", "coordinates": [[[2530640.788, 1174531.052], [2530633.618, 1174536.638], [2530628.147, 1174529.672], [2530640.422, 1174520.082], [2530645.889, 1174527.079], [2530645.829, 1174527.125], [2530640.788, 1174531.052]]]}, "properties": {"OBJECTID": 46447450, "EGID": 818806, "NO_COM_FED": 5757, "GENRE_TXT": "b\u00e2timent"}}, {"type": "Feature", "id": 46447510, "geometry": {"type": "Polygon", "coordinates": [[[2530611.066, 1174608.51], [2530610.095, 1174610.724], [2530608.497, 1174610.836], [2530606.241, 1174615.873], [2530595.968, 1174611.401], [2530597.222, 1174608.501], [2530594.977, 1174607.479], [2530596.665, 1174603.649], [2530598.949, 1174604.652], [2530600.21, 1174601.781], [2530610.523, 1174606.314], [2530610.054, 1174607.361], [2530611.066, 1174608.51]]]}, "properties": {"OBJECTID": 46447510, "EGID": 818799, "NO_COM_FED": 5757, "GENRE_TXT": "b\u00e2timent"}}, {"type": "Feature", "id": 46447641, "geometry": {"type": "Polygon", "coordinates": [[[2530190.888, 1174445.841], [2530192.915, 1174448.732], [2530191.217, 1174449.922], [2530189.199, 1174447.025], [2530190.888, 1174445.841]]]}, "properties": {"OBJECTID": 46447641, "EGID": 280110507, "NO_COM_FED": 5757, "GENRE_TXT": "b\u00e2timent"}}, {"type": "Feature", "id": 46447691, "geometry": {"type": "Polygon", "coordinates": [[[2530628.739, 1175848.047], [2530628.892, 1175849.335], [2530626.388, 1175849.55], [2530626.405, 1175849.737], [2530624.435, 1175849.967], [2530624.265, 1175848.517], [2530618.815, 1175849.127], [2530617.985, 1175841.417], [2530628.195, 1175840.327], [2530629.015, 1175848.017], [2530628.739, 1175848.047]]]}, "properties": {"OBJECTID": 46447691, "EGID": 818096, "NO_COM_FED": 5757, "GENRE_TXT": "b\u00e2timent"}}, {"type": "Feature", "id": 46447775, "geometry": {"type": "Polygon", "coordinates": [[[2530098.82, 1174742.387], [2530101.22, 1174741.153], [2530102.945, 1174744.528], [2530100.547, 1174745.753], [2530098.82, 1174742.387]]]}, "properties": {"OBJECTID": 46447775, "EGID": 280110077, "NO_COM_FED": 5757, "GENRE_TXT": "b\u00e2timent"}}, {"type": "Feature", "id": 46447911, "geometry": {"type": "Polygon", "coordinates": [[[2532190.406, 1175641.736], [2532266.329, 1175623.375], [2532271.036, 1175642.837], [2532195.194, 1175661.173], [2532190.406, 1175641.736]]]}, "properties": {"OBJECTID": 46447911, "EGID": 280080185, "NO_COM_FED": 5757, "GENRE_TXT": "b\u00e2timent"}}, {"type": "Feature", "id": 46448173, "geometry": {"type": "Polygon", "coordinates": [[[2530615.896, 1175028.918], [2530612.716, 1175038.128], [2530604.016, 1175035.199], [2530607.216, 1175025.949], [2530615.896, 1175028.918]]]}, "properties": {"OBJECTID": 46448173, "EGID": 818610, "NO_COM_FED": 5757, "GENRE_TXT": "b\u00e2timent"}}, {"type": "Feature", "id": 46448294, "geometry": {"type": "Polygon", "coordinates": [[[2530563.937, 1175177.78], [2530564.047, 1175189.89], [2530555.947, 1175189.93], [2530555.817, 1175177.86], [2530563.937, 1175177.78]]]}, "properties": {"OBJECTID": 46448294, "EGID": 818561, "NO_COM_FED": 5757, "GENRE_TXT": "b\u00e2timent"}}, {"type": "Feature", "id": 46448470, "geometry": {"type": "Polygon", "coordinates": [[[2531773.692, 1174604.354], [2531778.937, 1174625.965], [2531783, 1174624.977], [2531786.459, 1174639.079], [2531782.363, 1174640.08], [2531786.77, 1174658.233], [2531765.392, 1174663.413], [2531766.241, 1174666.998], [2531758.739, 1174668.842], [2531747.393, 1174622.55], [2531736.71, 1174625.158], [2531734.013, 1174614.081], [2531773.692, 1174604.354]]]}, "properties": {"OBJECTID": 46448470, "EGID": 280061798, "NO_COM_FED": 5757, "GENRE_TXT": "b\u00e2timent"}}, {"type": "Feature", "id": 46448635, "geometry": {"type": "Polygon", "coordinates": [[[2530674.435, 1175806.77], [2530669.637, 1175802.632], [2530671.857, 1175799.962], [2530668.403, 1175797.09], [2530671.096, 1175794.134], [2530670.476, 1175793.569], [2530678.817, 1175783.9], [2530679.432, 1175784.436], [2530682.024, 1175781.371], [2530690.062, 1175788.2280000001], [2530684.428, 1175794.913], [2530685.347, 1175795.687], [2530683.13, 1175798.299], [2530682.209, 1175797.547], [2530674.435, 1175806.77]]]}, "properties": {"OBJECTID": 46448635, "EGID": 818092, "NO_COM_FED": 5757, "GENRE_TXT": "b\u00e2timent"}}, {"type": "Feature", "id": 46448904, "geometry": {"type": "Polygon", "coordinates": [[[2530074.77, 1175499.786], [2530073.28, 1175492.506], [2530079.79, 1175491.186], [2530081.24, 1175498.436], [2530074.77, 1175499.786]]]}, "properties": {"OBJECTID": 46448904, "EGID": 280021927, "NO_COM_FED": 5757, "GENRE_TXT": "b\u00e2timent"}}, {"type": "Feature", "id": 46448926, "geometry": {"type": "Polygon", "coordinates": [[[2530879, 1176304.943], [2530879.93, 1176308.513], [2530874.15, 1176310.023], [2530873.22, 1176306.453], [2530879, 1176304.943]]]}, "properties": {"OBJECTID": 46448926, "EGID": 280039272, "NO_COM_FED": 5757, "GENRE_TXT": "b\u00e2timent"}}, {"type": "Feature", "id": 46449006, "geometry": {"type": "Polygon", "coordinates": [[[2530999.03, 1176220.056], [2530998.372, 1176217.01], [2531007.163, 1176215.097], [2531010.111, 1176214.456], [2531010.822, 1176217.727], [2531007.873, 1176218.367], [2531008.923, 1176223.2], [2531008.966, 1176223.393], [2531002.119, 1176224.881], [2531002.161, 1176225.075], [2531000.207, 1176225.497], [2530999.03, 1176220.056]]]}, "properties": {"OBJECTID": 46449006, "EGID": 280104400, "NO_COM_FED": 5757, "GENRE_TXT": "b\u00e2timent"}}, {"type": "Feature", "id": 46449121, "geometry": {"type": "Polygon", "coordinates": [[[2530716.948, 1175231.555], [2530716.968, 1175231.255], [2530702.518, 1175229.905], [2530702.638, 1175225.125], [2530723.238, 1175227.595], [2530722.648, 1175231.445], [2530722.588, 1175232.145], [2530716.948, 1175231.555]]]}, "properties": {"OBJECTID": 46449121, "EGID": 818492, "NO_COM_FED": 5757, "GENRE_TXT": "b\u00e2timent"}}, {"type": "Feature", "id": 46449345, "geometry": {"type": "Polygon", "coordinates": [[[2530628.86, 1176321.88], [2530627.23, 1176325.59], [2530625.35, 1176324.77], [2530627.02, 1176321.02], [2530628.86, 1176321.88]]]}, "properties": {"OBJECTID": 46449345, "EGID": 280113677, "NO_COM_FED": 5757, "GENRE_TXT": "b\u00e2timent"}}, {"type": "Feature", "id": 46449480, "geometry": {"type": "Polygon", "coordinates": [[[2531654.654, 1174913.987], [2531654.076, 1174911.508], [2531665.92, 1174908.746], [2531666.495, 1174911.226], [2531654.654, 1174913.987]]]}, "properties": {"OBJECTID": 46449480, "EGID": 280134989, "NO_COM_FED": 5757, "GENRE_TXT": "b\u00e2timent"}}, {"type": "Feature", "id": 46449677, "geometry": {"type": "Polygon", "coordinates": [[[2532164.147, 1175629.549], [2532156.769, 1175631.314], [2532154.665, 1175622.458], [2532147.406, 1175624.199], [2532145.0439999998, 1175614.338], [2532150.446, 1175613.05], [2532149.785, 1175610.276], [2532161.629, 1175607.418], [2532164.664, 1175620.061], [2532162.035, 1175620.688], [2532164.147, 1175629.549]]]}, "properties": {"OBJECTID": 46449677, "EGID": 280097760, "NO_COM_FED": 5757, "GENRE_TXT": "b\u00e2timent"}}, {"type": "Feature", "id": 46449695, "geometry": {"type": "Polygon", "coordinates": [[[2531458.214, 1175580.051], [2531453.454, 1175570.611], [2531466.914, 1175563.27], [2531471.684, 1175572.72], [2531458.214, 1175580.051]]]}, "properties": {"OBJECTID": 46449695, "EGID": 280008786, "NO_COM_FED": 5757, "GENRE_TXT": "b\u00e2timent"}}, {"type": "Feature", "id": 46449835, "geometry": {"type": "Polygon", "coordinates": [[[2531069.778, 1175153.514], [2531073.528, 1175158.373], [2531070.618, 1175160.614], [2531066.888, 1175155.744], [2531069.778, 1175153.514]]]}, "properties": {"OBJECTID": 46449835, "EGID": 280039487, "NO_COM_FED": 5757, "GENRE_TXT": "b\u00e2timent"}}, {"type": "Feature", "id": 46449950, "geometry": {"type": "Polygon", "coordinates": [[[2530679.098, 1175206.336], [2530678.658, 1175206.356], [2530677.668, 1175207.156], [2530677.698, 1175207.726], [2530673.068, 1175207.936], [2530673.038, 1175207.366], [2530671.988, 1175206.666], [2530671.548, 1175206.686], [2530671.288, 1175201.606], [2530678.778, 1175200.936], [2530679.098, 1175206.336]]]}, "properties": {"OBJECTID": 46449950, "EGID": 280068393, "NO_COM_FED": 5757, "GENRE_TXT": "b\u00e2timent"}}, {"type": "Feature", "id": 46450711, "geometry": {"type": "Polygon", "coordinates": [[[2531650.199, 1176435.99], [2531649.28, 1176429.005], [2531653.352, 1176428.453], [2531654.303, 1176435.431], [2531650.199, 1176435.99]]]}, "properties": {"OBJECTID": 46450711, "EGID": 280136589, "NO_COM_FED": 5757, "GENRE_TXT": "b\u00e2timent"}}, {"type": "Feature", "id": 46450837, "geometry": {"type": "Polygon", "coordinates": [[[2530165.367, 1174635.937], [2530157.199, 1174636.569], [2530156.084, 1174621.806], [2530163.849, 1174621.183], [2530164.481, 1174629.538], [2530164.88, 1174629.508], [2530165.367, 1174635.937]]]}, "properties": {"OBJECTID": 46450837, "EGID": 818827, "NO_COM_FED": 5757, "GENRE_TXT": "b\u00e2timent"}}, {"type": "Feature", "id": 46450923, "geometry": {"type": "Polygon", "coordinates": [[[2530704.124, 1174911.576], [2530704.444, 1174912.506], [2530692.004, 1174916.656], [2530690.004, 1174910.646], [2530701.894, 1174907.526], [2530703.354, 1174911.906], [2530704.124, 1174911.576]]]}, "properties": {"OBJECTID": 46450923, "EGID": 818687, "NO_COM_FED": 5757, "GENRE_TXT": "b\u00e2timent"}}, {"type": "Feature", "id": 46450938, "geometry": {"type": "Polygon", "coordinates": [[[2530797.114, 1175815.239], [2530798.925, 1175817.977], [2530800.495, 1175820.351], [2530797.915, 1175822.0320000001], [2530798.685, 1175823.201], [2530795.855, 1175825.0320000001], [2530795.075, 1175823.872], [2530792.225, 1175825.7820000001], [2530787.335, 1175818.382], [2530795.615, 1175812.972], [2530797.114, 1175815.239]]]}, "properties": {"OBJECTID": 46450938, "EGID": 818299, "NO_COM_FED": 5757, "GENRE_TXT": "b\u00e2timent"}}, {"type": "Feature", "id": 46451034, "geometry": {"type": "Polygon", "coordinates": [[[2530360.856, 1175844.821], [2530353.129, 1175845.548], [2530352.386, 1175837.553], [2530364.966, 1175836.374], [2530365.039, 1175837.15], [2530369.235, 1175836.773], [2530369.596, 1175840.795], [2530365.417, 1175841.187], [2530365.431, 1175841.336], [2530365.714, 1175844.362], [2530360.856, 1175844.821]]]}, "properties": {"OBJECTID": 46451034, "EGID": 190069357, "NO_COM_FED": 5757, "GENRE_TXT": "b\u00e2timent"}}, {"type": "Feature", "id": 46451162, "geometry": {"type": "Polygon", "coordinates": [[[2530097.338, 1174607.551], [2530097.256, 1174605.597], [2530095.373, 1174605.677], [2530095.358, 1174605.319], [2530094.948, 1174595.598], [2530100.815, 1174595.358], [2530100.806, 1174595.158], [2530106.445, 1174594.927], [2530106.961, 1174607.144], [2530097.338, 1174607.551]]]}, "properties": {"OBJECTID": 46451162, "EGID": 818825, "NO_COM_FED": 5757, "GENRE_TXT": "b\u00e2timent"}}, {"type": "Feature", "id": 46451205, "geometry": {"type": "Polygon", "coordinates": [[[2530815.077, 1175515.212], [2530813.707, 1175501.988], [2530813.6859999998, 1175501.789], [2530845.374, 1175498.577], [2530846.769, 1175511.993], [2530815.077, 1175515.212]]]}, "properties": {"OBJECTID": 46451205, "EGID": 280102474, "NO_COM_FED": 5757, "GENRE_TXT": "b\u00e2timent"}}, {"type": "Feature", "id": 46451274, "geometry": {"type": "Polygon", "coordinates": [[[2531763.855, 1176369.036], [2531747.225, 1176371.557], [2531746.205, 1176364.836], [2531762.835, 1176362.306], [2531763.855, 1176369.036]]]}, "properties": {"OBJECTID": 46451274, "EGID": 280011672, "NO_COM_FED": 5757, "GENRE_TXT": "b\u00e2timent"}}, {"type": "Feature", "id": 46451278, "geometry": {"type": "Polygon", "coordinates": [[[2530971.589, 1176153.679], [2530965.799, 1176154.929], [2530965.199, 1176152.129], [2530970.989, 1176150.879], [2530971.589, 1176153.679]]]}, "properties": {"OBJECTID": 46451278, "EGID": 280045446, "NO_COM_FED": 5757, "GENRE_TXT": "b\u00e2timent"}}, {"type": "Feature", "id": 46451285, "geometry": {"type": "Polygon", "coordinates": [[[2530651.021, 1174658.198], [2530647.401, 1174665.398], [2530644.671, 1174664.018], [2530648.251, 1174656.788], [2530651.021, 1174658.198]]]}, "properties": {"OBJECTID": 46451285, "EGID": 280036820, "NO_COM_FED": 5757, "GENRE_TXT": "b\u00e2timent"}}, {"type": "Feature", "id": 46451423, "geometry": {"type": "Polygon", "coordinates": [[[2531277.873, 1175528.846], [2531271.723, 1175533.967], [2531270.173, 1175534.837], [2531266.703, 1175530.457], [2531276.163, 1175523.737], [2531277.873, 1175528.846]]]}, "properties": {"OBJECTID": 46451423, "EGID": 280019316, "NO_COM_FED": 5757, "GENRE_TXT": "b\u00e2timent"}}, {"type": "Feature", "id": 46451453, "geometry": {"type": "Polygon", "coordinates": [[[2530777.92, 1174861.52], [2530780.002, 1174859.6570000001], [2530781.534, 1174861.369], [2530779.442, 1174863.2280000001], [2530777.92, 1174861.52]]]}, "properties": {"OBJECTID": 46451453, "EGID": 280111721, "NO_COM_FED": 5757, "GENRE_TXT": "b\u00e2timent"}}, {"type": "Feature", "id": 46451565, "geometry": {"type": "Polygon", "coordinates": [[[2530286.347, 1174363.639], [2530288.642, 1174371.339], [2530284.761, 1174372.496], [2530282.466, 1174364.795], [2530286.347, 1174363.639]]]}, "properties": {"OBJECTID": 46451565, "EGID": 280069981, "NO_COM_FED": 5757, "GENRE_TXT": "b\u00e2timent"}}, {"type": "Feature", "id": 46451567, "geometry": {"type": "Polygon", "coordinates": [[[2531283.259, 1175145.097], [2531274.859, 1175154.017], [2531271.289, 1175150.697], [2531270.619, 1175151.457], [2531259.808, 1175141.418], [2531295.048, 1175103.648], [2531305.988, 1175113.867], [2531303.438, 1175116.537], [2531306.469, 1175119.437], [2531299.139, 1175127.377], [2531296.019, 1175124.427], [2531279.529, 1175141.917], [2531283.259, 1175145.097]]]}, "properties": {"OBJECTID": 46451567, "EGID": 280001382, "NO_COM_FED": 5757, "GENRE_TXT": "b\u00e2timent"}}, {"type": "Feature", "id": 46451587, "geometry": {"type": "Polygon", "coordinates": [[[2530706.235, 1174961.516], [2530708.235, 1174965.995], [2530705.515, 1174967.256], [2530710.165, 1174977.305], [2530700.275, 1174982.226], [2530692.515, 1174965.406], [2530701.095, 1174962.006], [2530704.715, 1174960.566], [2530705.325, 1174961.946], [2530706.235, 1174961.516]]]}, "properties": {"OBJECTID": 46451587, "EGID": 818675, "NO_COM_FED": 5757, "GENRE_TXT": "b\u00e2timent"}}, {"type": "Feature", "id": 46451594, "geometry": {"type": "Polygon", "coordinates": [[[2531368.515, 1174650.445], [2531370.475, 1174658.865], [2531367.245, 1174659.585], [2531367.515, 1174660.825], [2531362.695, 1174661.955], [2531360.425, 1174652.355], [2531368.515, 1174650.445]]]}, "properties": {"OBJECTID": 46451594, "EGID": 818476, "NO_COM_FED": 5757, "GENRE_TXT": "b\u00e2timent"}}, {"type": "Feature", "id": 46451634, "geometry": {"type": "Polygon", "coordinates": [[[2531494.351, 1175579.269], [2531498.214, 1175586.519], [2531502.124, 1175594.879], [2531500.774, 1175595.599], [2531500.944, 1175595.919], [2531498.164, 1175597.049], [2531495.684, 1175597.879], [2531493.154, 1175592.299], [2531491.164, 1175588.84], [2531487.2939999998, 1175581.01], [2531484.824, 1175576.02], [2531488.954, 1175573.82], [2531491.5640000002, 1175578.72], [2531493.504, 1175577.679], [2531494.351, 1175579.269]]]}, "properties": {"OBJECTID": 46451634, "EGID": 818399, "NO_COM_FED": 5757, "GENRE_TXT": "b\u00e2timent"}}, {"type": "Feature", "id": 46451725, "geometry": {"type": "Polygon", "coordinates": [[[2530998.371, 1176316.7], [2530991.181, 1176308.07], [2530997.66, 1176302.64], [2531004.731, 1176311.11], [2531002.801, 1176312.7], [2530998.371, 1176316.7]]]}, "properties": {"OBJECTID": 46451725, "EGID": 818275, "NO_COM_FED": 5757, "GENRE_TXT": "b\u00e2timent"}}, {"type": "Feature", "id": 46451858, "geometry": {"type": "Polygon", "coordinates": [[[2530393.636, 1175965.404], [2530393.376, 1175960.134], [2530393.046, 1175960.144], [2530392.736, 1175954.134], [2530393.066, 1175954.124], [2530392.916, 1175951.224], [2530392.586, 1175951.234], [2530392.256, 1175944.654], [2530392.586, 1175944.644], [2530392.4359999998, 1175941.764], [2530392.106, 1175941.774], [2530391.806, 1175935.724], [2530392.136, 1175935.704], [2530391.866, 1175930.474], [2530404.426, 1175929.834], [2530404.687, 1175934.955], [2530404.9, 1175939.137], [2530405.725, 1175955.321], [2530405.935, 1175959.437], [2530406.2060000002, 1175964.764], [2530393.636, 1175965.404]]]}, "properties": {"OBJECTID": 46451858, "EGID": 818089, "NO_COM_FED": 5757, "GENRE_TXT": "b\u00e2timent"}}, {"type": "Feature", "id": 46452012, "geometry": {"type": "Polygon", "coordinates": [[[2530619.9189999998, 1175294.438], [2530620.599, 1175299.758], [2530615.489, 1175300.408], [2530614.979, 1175298.278], [2530613.009, 1175298.708], [2530612.479, 1175296.308], [2530612.4390000002, 1175296.108], [2530612.389, 1175295.918], [2530619.9189999998, 1175294.438]]]}, "properties": {"OBJECTID": 46452012, "EGID": 280029747, "NO_COM_FED": 5757, "GENRE_TXT": "b\u00e2timent"}}, {"type": "Feature", "id": 46452077, "geometry": {"type": "Polygon", "coordinates": [[[2531182.701, 1175393.83], [2531174.851, 1175379.73], [2531179.031, 1175377.37], [2531176.131, 1175372.08], [2531177.691, 1175371.23], [2531176.991, 1175369.89], [2531178.011, 1175368.83], [2531178.981, 1175368.31], [2531179.621, 1175369.46], [2531193.971, 1175361.569], [2531196.9, 1175366.93], [2531206.301, 1175384.139], [2531193.751, 1175391.019], [2531193.001, 1175389.609], [2531188.721, 1175392.029], [2531188.0609999998, 1175390.87], [2531182.701, 1175393.83]]]}, "properties": {"OBJECTID": 46452077, "EGID": 818393, "NO_COM_FED": 5757, "GENRE_TXT": "b\u00e2timent"}}, {"type": "Feature", "id": 46452106, "geometry": {"type": "Polygon", "coordinates": [[[2530513.933, 1174804.009], [2530518.123, 1174798.499], [2530521.573, 1174801.159], [2530517.353, 1174806.639], [2530513.933, 1174804.009]]]}, "properties": {"OBJECTID": 46452106, "EGID": 280033512, "NO_COM_FED": 5757, "GENRE_TXT": "b\u00e2timent"}}, {"type": "Feature", "id": 46452442, "geometry": {"type": "Polygon", "coordinates": [[[2530695.239, 1174378.717], [2530695.242, 1174373.747], [2530705.752, 1174373.741], [2530705.756, 1174381.758], [2530695.238, 1174381.748], [2530695.239, 1174380.377], [2530695.239, 1174378.717]]]}, "properties": {"OBJECTID": 46452442, "EGID": 280099300, "NO_COM_FED": 5757, "GENRE_TXT": "b\u00e2timent"}}, {"type": "Feature", "id": 46452548, "geometry": {"type": "Polygon", "coordinates": [[[2531447.955, 1175038.575], [2531444.232, 1175035.131], [2531448.317, 1175030.7280000001], [2531452.059, 1175034.191], [2531447.955, 1175038.575]]]}, "properties": {"OBJECTID": 46452548, "EGID": 280107998, "NO_COM_FED": 5757, "GENRE_TXT": "b\u00e2timent"}}, {"type": "Feature", "id": 46452718, "geometry": {"type": "Polygon", "coordinates": [[[2531099.461, 1176317.9070000001], [2531093.981, 1176318.377], [2531093.741, 1176315.547], [2531099.221, 1176315.087], [2531099.461, 1176317.9070000001]]]}, "properties": {"OBJECTID": 46452718, "EGID": 280047155, "NO_COM_FED": 5757, "GENRE_TXT": "b\u00e2timent"}}, {"type": "Feature", "id": 46453013, "geometry": {"type": "Polygon", "coordinates": [[[2530732.236, 1175020.065], [2530735.966, 1175011.295], [2530747.056, 1175025.144], [2530744.036, 1175027.774], [2530744.166, 1175027.894], [2530742.626, 1175029.224], [2530741.786, 1175028.254], [2530741.9359999998, 1175028.124], [2530732.236, 1175020.065]]]}, "properties": {"OBJECTID": 46453013, "EGID": 818658, "NO_COM_FED": 5757, "GENRE_TXT": "b\u00e2timent"}}, {"type": "Feature", "id": 46453020, "geometry": {"type": "Polygon", "coordinates": [[[2531029.687, 1175048.995], [2531034.637, 1175039.525], [2531050.907, 1175048.114], [2531049.817, 1175050.191], [2531047.867, 1175053.904], [2531045.917, 1175057.604], [2531029.687, 1175048.995]]]}, "properties": {"OBJECTID": 46453020, "EGID": 3163965, "NO_COM_FED": 5757, "GENRE_TXT": "b\u00e2timent"}}, {"type": "Feature", "id": 46453054, "geometry": {"type": "Polygon", "coordinates": [[[2530471.863, 1174598.497], [2530473.303, 1174600.389], [2530471.355, 1174601.871], [2530469.922, 1174599.979], [2530471.863, 1174598.497]]]}, "properties": {"OBJECTID": 46453054, "EGID": 280113145, "NO_COM_FED": 5757, "GENRE_TXT": "b\u00e2timent"}}, {"type": "Feature", "id": 46453064, "geometry": {"type": "Polygon", "coordinates": [[[2531073.7, 1176225.867], [2531071.77, 1176226.377], [2531070.79, 1176226.627], [2531061.6, 1176229.037], [2531059.14, 1176219.447], [2531060.12, 1176219.187], [2531060.09, 1176219.077], [2531069.26, 1176216.6570000001], [2531070.23, 1176216.3969999999], [2531072.16, 1176215.887], [2531074.64, 1176225.487], [2531073.67, 1176225.747], [2531073.7, 1176225.867]]]}, "properties": {"OBJECTID": 46453064, "EGID": 818329, "NO_COM_FED": 5757, "GENRE_TXT": "b\u00e2timent"}}, {"type": "Feature", "id": 46453145, "geometry": {"type": "Polygon", "coordinates": [[[2531080.523, 1174876.956], [2531081.185, 1174877.254], [2531078.695, 1174882.904], [2531076.675, 1174882.024], [2531075.925, 1174883.724], [2531068.985, 1174880.684], [2531069.725, 1174878.994], [2531067.975, 1174878.244], [2531064.455, 1174886.364], [2531052.325, 1174881.044], [2531058.375, 1174867.134], [2531068.006, 1174871.352], [2531070.545, 1174872.464], [2531080.523, 1174876.956]]]}, "properties": {"OBJECTID": 46453145, "EGID": 818707, "NO_COM_FED": 5757, "GENRE_TXT": "b\u00e2timent"}}, {"type": "Feature", "id": 46453218, "geometry": {"type": "Polygon", "coordinates": [[[2531071.765, 1174917.834], [2531074.985, 1174919.434], [2531071.665, 1174926.114], [2531075.766, 1174928.174], [2531068.546, 1174942.794], [2531068.256, 1174943.374], [2531054.416, 1174936.514], [2531061.885, 1174921.284], [2531068.485, 1174924.544], [2531071.765, 1174917.834]]]}, "properties": {"OBJECTID": 46453218, "EGID": 280005459, "NO_COM_FED": 5757, "GENRE_TXT": "b\u00e2timent"}}, {"type": "Feature", "id": 46453240, "geometry": {"type": "Polygon", "coordinates": [[[2530583.048, 1176412.799], [2530582.678, 1176414.115], [2530579.943, 1176413.346], [2530578.541, 1176412.952], [2530574.8310000002, 1176411.902], [2530575.991, 1176407.822], [2530576.131, 1176407.862], [2530577.501, 1176403.052], [2530581.091, 1176404.062], [2530585.18, 1176405.211], [2530583.048, 1176412.799]]]}, "properties": {"OBJECTID": 46453240, "EGID": 280027703, "NO_COM_FED": 5757, "GENRE_TXT": "b\u00e2timent"}}, {"type": "Feature", "id": 46453365, "geometry": {"type": "Polygon", "coordinates": [[[2530299.388, 1175753.26], [2530304.333, 1175743.425], [2530310.134, 1175746.329], [2530305.185, 1175756.175], [2530299.388, 1175753.26]]]}, "properties": {"OBJECTID": 46453365, "EGID": 280059347, "NO_COM_FED": 5757, "GENRE_TXT": "b\u00e2timent"}}, {"type": "Feature", "id": 46453474, "geometry": {"type": "Polygon", "coordinates": [[[2530748.322, 1175557.3429999999], [2530752.222, 1175557.913], [2530758.022, 1175558.913], [2530757.582, 1175562.433], [2530749.752, 1175561.793], [2530743.932, 1175560.464], [2530744.452, 1175556.944], [2530748.322, 1175557.3429999999]]]}, "properties": {"OBJECTID": 46453474, "EGID": 280019626, "NO_COM_FED": 5757, "GENRE_TXT": "b\u00e2timent"}}, {"type": "Feature", "id": 46453763, "geometry": {"type": "Polygon", "coordinates": [[[2532181.158, 1175603.073], [2532239.49, 1175588.945], [2532243.838, 1175606.834], [2532235.072, 1175608.934], [2532234.251, 1175605.505], [2532184.585, 1175617.402], [2532181.158, 1175603.073]]]}, "properties": {"OBJECTID": 46453763, "EGID": 280080187, "NO_COM_FED": 5757, "GENRE_TXT": "b\u00e2timent"}}, {"type": "Feature", "id": 46453809, "geometry": {"type": "Polygon", "coordinates": [[[2530314.524, 1174732.986], [2530312.668, 1174741.4780000001], [2530302.339, 1174739.192], [2530302.728, 1174737.427], [2530304.093, 1174731.236], [2530307.461, 1174731.9780000001], [2530312.741, 1174731.355], [2530314.524, 1174732.986]]]}, "properties": {"OBJECTID": 46453809, "EGID": 280052935, "NO_COM_FED": 5757, "GENRE_TXT": "b\u00e2timent"}}, {"type": "Feature", "id": 46454047, "geometry": {"type": "Polygon", "coordinates": [[[2530908.53, 1176247.292], [2530905.22, 1176248.152], [2530903.27, 1176240.692], [2530908.1, 1176239.452], [2530911.54, 1176238.572], [2530913.41, 1176246.042], [2530908.53, 1176247.292]]]}, "properties": {"OBJECTID": 46454047, "EGID": 818212, "NO_COM_FED": 5757, "GENRE_TXT": "b\u00e2timent"}}, {"type": "Feature", "id": 46454107, "geometry": {"type": "Polygon", "coordinates": [[[2530823.0439999998, 1176483.047], [2530821.622, 1176481.706], [2530828.282, 1176474.686], [2530830.942, 1176477.226], [2530833.432, 1176474.566], [2530836.842, 1176477.826], [2530834.322, 1176480.446], [2530834.392, 1176480.536], [2530833.042, 1176481.996], [2530835.292, 1176484.156], [2530830.362, 1176489.376], [2530832.532, 1176491.436], [2530829.782, 1176494.376], [2530825.132, 1176489.936], [2530825.655, 1176489.384], [2530827.592, 1176487.336], [2530823.0439999998, 1176483.047]]]}, "properties": {"OBJECTID": 46454107, "EGID": 818188, "NO_COM_FED": 5757, "GENRE_TXT": "b\u00e2timent"}}, {"type": "Feature", "id": 46454190, "geometry": {"type": "Polygon", "coordinates": [[[2530962.417, 1174354.388], [2530961.088, 1174360.216], [2530955.236, 1174358.895], [2530956.585, 1174353.046], [2530962.417, 1174354.388]]]}, "properties": {"OBJECTID": 46454190, "EGID": 280069498, "NO_COM_FED": 5757, "GENRE_TXT": "b\u00e2timent"}}, {"type": "Feature", "id": 46454446, "geometry": {"type": "Polygon", "coordinates": [[[2532222.567, 1176158.363], [2532217.027, 1176165.963], [2532204.457, 1176156.613], [2532209.947, 1176149.0929999999], [2532222.567, 1176158.363]]]}, "properties": {"OBJECTID": 46454446, "EGID": 280009708, "NO_COM_FED": 5757, "GENRE_TXT": "b\u00e2timent"}}, {"type": "Feature", "id": 46454512, "geometry": {"type": "Polygon", "coordinates": [[[2530730.961, 1174703.143], [2530731.492, 1174703.525], [2530727.192, 1174709.525], [2530722.882, 1174706.445], [2530721.962, 1174707.715], [2530718.762, 1174705.475], [2530724.022, 1174698.145], [2530730.961, 1174703.143]]]}, "properties": {"OBJECTID": 46454512, "EGID": 818750, "NO_COM_FED": 5757, "GENRE_TXT": "b\u00e2timent"}}, {"type": "Feature", "id": 46454723, "geometry": {"type": "Polygon", "coordinates": [[[2530820.261, 1175370.075], [2530820.76, 1175372.341], [2530817.84, 1175372.871], [2530816.74, 1175367.411], [2530819.63, 1175367.211], [2530820.261, 1175370.075]]]}, "properties": {"OBJECTID": 46454723, "EGID": 280046015, "NO_COM_FED": 5757, "GENRE_TXT": "b\u00e2timent"}}, {"type": "Feature", "id": 46454751, "geometry": {"type": "Polygon", "coordinates": [[[2530224.542, 1175830.615], [2530223.512, 1175830.508], [2530223.305, 1175832.482], [2530218.627, 1175831.993], [2530218.823, 1175829.977], [2530212.888, 1175829.426], [2530213.578, 1175822.952], [2530227.906, 1175824.419], [2530227.243, 1175830.8969999999], [2530224.542, 1175830.615]]]}, "properties": {"OBJECTID": 46454751, "EGID": 400001051, "NO_COM_FED": 5757, "GENRE_TXT": "b\u00e2timent"}}, {"type": "Feature", "id": 46454864, "geometry": {"type": "Polygon", "coordinates": [[[2530282.224, 1174526.419], [2530281.352, 1174529.1469999999], [2530275.886, 1174527.4], [2530276.755, 1174524.681], [2530282.224, 1174526.419]]]}, "properties": {"OBJECTID": 46454864, "EGID": 280071780, "NO_COM_FED": 5757, "GENRE_TXT": "b\u00e2timent"}}, {"type": "Feature", "id": 46455199, "geometry": {"type": "Polygon", "coordinates": [[[2530517.815, 1174403.116], [2530525.72, 1174408.205], [2530522.343, 1174413.941], [2530517.872, 1174411.289], [2530513.577, 1174408.74], [2530517.118, 1174402.704], [2530517.815, 1174403.116]]]}, "properties": {"OBJECTID": 46455199, "EGID": 280091433, "NO_COM_FED": 5757, "GENRE_TXT": "b\u00e2timent"}}, {"type": "Feature", "id": 46455264, "geometry": {"type": "Polygon", "coordinates": [[[2530759.866, 1175012.564], [2530754.226, 1175005.224], [2530745.296, 1174993.704], [2530752.875, 1174983.314], [2530754.095, 1174983.364], [2530767.586, 1175005.163], [2530759.866, 1175012.564]]]}, "properties": {"OBJECTID": 46455264, "EGID": 818657, "NO_COM_FED": 5757, "GENRE_TXT": "b\u00e2timent"}}, {"type": "Feature", "id": 46455447, "geometry": {"type": "Polygon", "coordinates": [[[2530609.015, 1175825.208], [2530606.735, 1175814.4679999999], [2530614.055, 1175812.9070000001], [2530615.575, 1175819.947], [2530616.365, 1175823.6469999999], [2530609.015, 1175825.208]]]}, "properties": {"OBJECTID": 46455447, "EGID": 3163997, "NO_COM_FED": 5757, "GENRE_TXT": "b\u00e2timent"}}, {"type": "Feature", "id": 46455947, "geometry": {"type": "Polygon", "coordinates": [[[2530268.991, 1174598.276], [2530268.913, 1174595.675], [2530272.068, 1174595.585], [2530272.121, 1174598.181], [2530268.991, 1174598.276]]]}, "properties": {"OBJECTID": 46455947, "EGID": 280111938, "NO_COM_FED": 5757, "GENRE_TXT": "b\u00e2timent"}}, {"type": "Feature", "id": 46455960, "geometry": {"type": "Polygon", "coordinates": [[[2530316.909, 1174654.862], [2530316.949, 1174656.443], [2530314.209, 1174656.509], [2530314.172, 1174654.925], [2530316.909, 1174654.862]]]}, "properties": {"OBJECTID": 46455960, "EGID": 280115165, "NO_COM_FED": 5757, "GENRE_TXT": "b\u00e2timent"}}, {"type": "Feature", "id": 46455967, "geometry": {"type": "Polygon", "coordinates": [[[2529981.418, 1175569.112], [2529993.616, 1175564.7280000001], [2529995.648, 1175570.358], [2529983.441, 1175574.747], [2529981.418, 1175569.112]]]}, "properties": {"OBJECTID": 46455967, "EGID": 280127483, "NO_COM_FED": 5742, "GENRE_TXT": "b\u00e2timent"}}, {"type": "Feature", "id": 46456027, "geometry": {"type": "Polygon", "coordinates": [[[2530978.16, 1176268.23], [2530984.82, 1176262.97], [2530989.85, 1176268.98], [2530985.86, 1176272], [2530983.18, 1176274.24], [2530978.16, 1176268.23]]]}, "properties": {"OBJECTID": 46456027, "EGID": 818276, "NO_COM_FED": 5757, "GENRE_TXT": "b\u00e2timent"}}, {"type": "Feature", "id": 46456183, "geometry": {"type": "Polygon", "coordinates": [[[2530905.664, 1176641.956], [2530903.3140000002, 1176631.815], [2530910.484, 1176630.165], [2530911.394, 1176634.105], [2530912.684, 1176633.805], [2530914.124, 1176639.985], [2530905.664, 1176641.956]]]}, "properties": {"OBJECTID": 46456183, "EGID": 818179, "NO_COM_FED": 5757, "GENRE_TXT": "b\u00e2timent"}}, {"type": "Feature", "id": 46456198, "geometry": {"type": "Polygon", "coordinates": [[[2530709.389, 1175317.435], [2530709.499, 1175317.765], [2530715.359, 1175316.305], [2530717.989, 1175324.985], [2530713.109, 1175326.085], [2530710.749, 1175326.615], [2530708.389, 1175327.145], [2530708.249, 1175326.405], [2530705.619, 1175326.955], [2530700.929, 1175327.945], [2530699.379, 1175328.275], [2530697.889, 1175320.055], [2530703.449, 1175318.815], [2530703.359, 1175318.325], [2530705.519, 1175317.905], [2530706.269, 1175318.485], [2530709.389, 1175317.435]]]}, "properties": {"OBJECTID": 46456198, "EGID": 818495, "NO_COM_FED": 5757, "GENRE_TXT": "b\u00e2timent"}}, {"type": "Feature", "id": 46456478, "geometry": {"type": "Polygon", "coordinates": [[[2530923.453, 1176557.064], [2530918.463, 1176556.694], [2530918.913, 1176549.994], [2530929.423, 1176550.734], [2530928.963, 1176557.414], [2530923.453, 1176557.064]]]}, "properties": {"OBJECTID": 46456478, "EGID": 818158, "NO_COM_FED": 5757, "GENRE_TXT": "b\u00e2timent"}}, {"type": "Feature", "id": 46456692, "geometry": {"type": "Polygon", "coordinates": [[[2530204.31, 1175778.021], [2530205.374, 1175774.528], [2530205.644, 1175773.648], [2530215.464, 1175776.638], [2530215.204, 1175777.518], [2530212.704, 1175785.698], [2530202.874, 1175782.738], [2530204.31, 1175778.021]]]}, "properties": {"OBJECTID": 46456692, "EGID": 818124, "NO_COM_FED": 5757, "GENRE_TXT": "b\u00e2timent"}}, {"type": "Feature", "id": 46456749, "geometry": {"type": "Polygon", "coordinates": [[[2530896.494, 1175441.402], [2530896.821, 1175442.509], [2530895.821, 1175442.809], [2530897.5810000002, 1175448.709], [2530885.411, 1175452.309], [2530883.871, 1175446.999], [2530888.271, 1175445.769], [2530885.951, 1175438.029], [2530890.984, 1175436.505], [2530893.681, 1175435.689], [2530895.011, 1175440.109], [2530896.021, 1175439.799], [2530896.494, 1175441.402]]]}, "properties": {"OBJECTID": 46456749, "EGID": 818387, "NO_COM_FED": 5757, "GENRE_TXT": "b\u00e2timent"}}, {"type": "Feature", "id": 46456919, "geometry": {"type": "Polygon", "coordinates": [[[2530718.248, 1175213.005], [2530718.208, 1175213.745], [2530717.878, 1175217.885], [2530719.138, 1175218.195], [2530719.108, 1175218.485], [2530722.898, 1175219.065], [2530723.428, 1175219.065], [2530723.468, 1175218.575], [2530724.468, 1175218.685], [2530724.158, 1175220.975], [2530723.238, 1175227.595], [2530702.638, 1175225.125], [2530702.448, 1175212.235], [2530718.248, 1175213.005]]]}, "properties": {"OBJECTID": 46456919, "EGID": 818491, "NO_COM_FED": 5757, "GENRE_TXT": "b\u00e2timent"}}, {"type": "Feature", "id": 46456946, "geometry": {"type": "Polygon", "coordinates": [[[2532232.687, 1176102.402], [2532229.377, 1176106.8429999999], [2532222.017, 1176101.402], [2532225.247, 1176096.892], [2532232.687, 1176102.402]]]}, "properties": {"OBJECTID": 46456946, "EGID": 280020581, "NO_COM_FED": 5757, "GENRE_TXT": "b\u00e2timent"}}, {"type": "Feature", "id": 46456980, "geometry": {"type": "Polygon", "coordinates": [[[2530720.356, 1175878.554], [2530721.466, 1175874.434], [2530726.356, 1175875.744], [2530725.246, 1175879.864], [2530720.356, 1175878.554]]]}, "properties": {"OBJECTID": 46456980, "EGID": 280038948, "NO_COM_FED": 5757, "GENRE_TXT": "b\u00e2timent"}}, {"type": "Feature", "id": 46456999, "geometry": {"type": "Polygon", "coordinates": [[[2530678.387, 1175125.406], [2530679.327, 1175131.346], [2530666.277, 1175133.137], [2530661.397, 1175133.877], [2530660.517, 1175128.247], [2530664.307, 1175127.6469999999], [2530678.387, 1175125.406]]]}, "properties": {"OBJECTID": 46456999, "EGID": 818620, "NO_COM_FED": 5757, "GENRE_TXT": "b\u00e2timent"}}, {"type": "Feature", "id": 46457046, "geometry": {"type": "Polygon", "coordinates": [[[2530750.4359999998, 1175060.344], [2530749.246, 1175058.884], [2530745.606, 1175053.124], [2530744.406, 1175050.794], [2530742.906, 1175051.774], [2530734.996, 1175039.085], [2530739.796, 1175035.914], [2530743.946, 1175033.294], [2530744.586, 1175034.054], [2530744.696, 1175033.994], [2530745.116, 1175034.564], [2530745.026, 1175034.664], [2530747.406, 1175037.574], [2530753.806, 1175047.024], [2530757.286, 1175052.834], [2530753.026, 1175057.514], [2530750.4359999998, 1175060.344]]]}, "properties": {"OBJECTID": 46457046, "EGID": 818646, "NO_COM_FED": 5757, "GENRE_TXT": "b\u00e2timent"}}, {"type": "Feature", "id": 46457053, "geometry": {"type": "Polygon", "coordinates": [[[2530888.469, 1175302.686], [2530891.937, 1175322.768], [2530883.024, 1175324.307], [2530881.598, 1175315.994], [2530880.616, 1175316.148], [2530880.01, 1175312.655], [2530880.992, 1175312.479], [2530879.563, 1175304.196], [2530888.469, 1175302.686]]]}, "properties": {"OBJECTID": 46457053, "EGID": 280052761, "NO_COM_FED": 5757, "GENRE_TXT": "b\u00e2timent"}}, {"type": "Feature", "id": 46457203, "geometry": {"type": "Polygon", "coordinates": [[[2530770.174, 1174838.154], [2530770.434, 1174837.884], [2530771.204, 1174838.604], [2530776.404, 1174843.493], [2530778.774, 1174841.933], [2530802.384, 1174826.413], [2530804.324, 1174825.163], [2530806.7939999998, 1174826.0320000001], [2530804.724, 1174827.333], [2530780.964, 1174843.053], [2530778.884, 1174844.423], [2530784.594, 1174850.953], [2530778.504, 1174856.303], [2530772.834, 1174849.904], [2530768.874, 1174853.954], [2530755.904, 1174865.454], [2530754.274, 1174863.334], [2530751.474, 1174864.584], [2530751.339, 1174864.283], [2530742.141, 1174867.849], [2530739.754, 1174862.465], [2530738.554, 1174859.105], [2530734.994, 1174851.075], [2530733.574, 1174848.375], [2530727.324, 1174835.715], [2530727.554, 1174835.285], [2530730.0439999998, 1174830.595], [2530740.084, 1174835.875], [2530747.024, 1174830.274], [2530752.624, 1174834.914], [2530756.884, 1174839.184], [2530758.854, 1174842.554], [2530764.884, 1174836.094], [2530768.694, 1174839.714], [2530770.174, 1174838.154]]]}, "properties": {"OBJECTID": 46457203, "EGID": 818724, "NO_COM_FED": 5757, "GENRE_TXT": "b\u00e2timent"}}, {"type": "Feature", "id": 46457281, "geometry": {"type": "Polygon", "coordinates": [[[2530679.098, 1175206.336], [2530678.778, 1175200.936], [2530690.918, 1175199.866], [2530691.058, 1175213.216], [2530679.648, 1175213.926], [2530679.388, 1175210.746], [2530679.098, 1175206.336]]]}, "properties": {"OBJECTID": 46457281, "EGID": 818544, "NO_COM_FED": 5757, "GENRE_TXT": "b\u00e2timent"}}, {"type": "Feature", "id": 46457570, "geometry": {"type": "Polygon", "coordinates": [[[2530998.201, 1175386.046], [2531000.821, 1175391.476], [2531002.571, 1175395.115], [2530993.901, 1175399.166], [2530992.221, 1175395.516], [2530989.621, 1175389.846], [2530996.911, 1175386.446], [2530996.991, 1175386.616], [2530998.201, 1175386.046]]]}, "properties": {"OBJECTID": 46457570, "EGID": 818413, "NO_COM_FED": 5757, "GENRE_TXT": "b\u00e2timent"}}, {"type": "Feature", "id": 46457665, "geometry": {"type": "Polygon", "coordinates": [[[2530226.599, 1174391.971], [2530238.908, 1174388.254], [2530242.075, 1174398.881], [2530229.758, 1174402.579], [2530226.599, 1174391.971]]]}, "properties": {"OBJECTID": 46457665, "EGID": 280076361, "NO_COM_FED": 5757, "GENRE_TXT": "b\u00e2timent"}}, {"type": "Feature", "id": 46457836, "geometry": {"type": "Polygon", "coordinates": [[[2530190.363, 1175742.078], [2530198.903, 1175744.788], [2530195.413, 1175755.788], [2530189.233, 1175753.838], [2530190.743, 1175749.068], [2530185.273, 1175747.338], [2530179.01, 1175745.334], [2530181.367, 1175737.779], [2530187.852, 1175739.851], [2530187.4390000002, 1175741.153], [2530190.363, 1175742.078]]]}, "properties": {"OBJECTID": 46457836, "EGID": 818125, "NO_COM_FED": 5757, "GENRE_TXT": "b\u00e2timent"}}, {"type": "Feature", "id": 46457891, "geometry": {"type": "Polygon", "coordinates": [[[2531984.156, 1176214.284], [2531976.986, 1176209.324], [2531979.356, 1176205.914], [2531971.715, 1176200.604], [2531978.575, 1176190.744], [2531979.855, 1176191.634], [2531980.745, 1176190.364], [2531994.266, 1176199.764], [2531984.156, 1176214.284]]]}, "properties": {"OBJECTID": 46457891, "EGID": 818895, "NO_COM_FED": 5757, "GENRE_TXT": "b\u00e2timent"}}, {"type": "Feature", "id": 46457913, "geometry": {"type": "Polygon", "coordinates": [[[2530736.178, 1175214.844], [2530736.908, 1175214.924], [2530740.248, 1175214.414], [2530744.888, 1175213.064], [2530755.728, 1175209.934], [2530757.308, 1175215.234], [2530757.688, 1175217.414], [2530768.088, 1175215.693], [2530770.198, 1175226.783], [2530759.778, 1175228.993], [2530760.868, 1175234.253], [2530753.248, 1175235.334], [2530752.528, 1175235.614], [2530751.648, 1175235.804], [2530750.608, 1175236.344], [2530745.208, 1175237.714], [2530744.658, 1175235.054], [2530737.728, 1175236.824], [2530736.698, 1175223.344], [2530736.557672123, 1175223.2032917135], [2530736.4427088103, 1175223.041198618], [2530736.3563142763, 1175222.8622385124], [2530736.3008964784, 1175222.6713993063], [2530736.278, 1175222.474], [2530736.2869635536, 1175222.2852123552], [2530736.325792869, 1175222.1002436972], [2530736.393502516, 1175221.923788253], [2530736.488374126, 1175221.7603241967], [2530736.608, 1175221.614], [2530736.178, 1175214.844]]]}, "properties": {"OBJECTID": 46457913, "EGID": 280001854, "NO_COM_FED": 5757, "GENRE_TXT": "b\u00e2timent"}}, {"type": "Feature", "id": 46458494, "geometry": {"type": "Polygon", "coordinates": [[[2531235.663, 1175537.028], [2531238.023, 1175542.308], [2531238.943, 1175541.838], [2531240.333, 1175544.628], [2531239.363, 1175545.048], [2531239.423, 1175545.288], [2531231.583, 1175548.818], [2531227.743, 1175540.578], [2531235.663, 1175537.028]]]}, "properties": {"OBJECTID": 46458494, "EGID": 818391, "NO_COM_FED": 5757, "GENRE_TXT": "b\u00e2timent"}}, {"type": "Feature", "id": 46458911, "geometry": {"type": "Polygon", "coordinates": [[[2531096.466, 1174944.243], [2531093.746, 1174949.243], [2531093.306, 1174949.003], [2531091.776, 1174951.813], [2531087.116, 1174949.323], [2531091.306, 1174941.463], [2531096.466, 1174944.243]]]}, "properties": {"OBJECTID": 46458911, "EGID": 280020528, "NO_COM_FED": 5757, "GENRE_TXT": "b\u00e2timent"}}, {"type": "Feature", "id": 46458917, "geometry": {"type": "Polygon", "coordinates": [[[2530810.26, 1175321.962], [2530811.81, 1175330.872], [2530806.82, 1175331.812], [2530805.84, 1175326.432], [2530804.25, 1175326.722], [2530803.61, 1175323.212], [2530810.26, 1175321.962]]]}, "properties": {"OBJECTID": 46458917, "EGID": 818529, "NO_COM_FED": 5757, "GENRE_TXT": "b\u00e2timent"}}, {"type": "Feature", "id": 46458986, "geometry": {"type": "Polygon", "coordinates": [[[2530626.818, 1175266.658], [2530636.778, 1175264.717], [2530638.608, 1175264.287], [2530639.949, 1175273.957], [2530636.239, 1175274.717], [2530628.129, 1175276.298], [2530626.818, 1175266.658]]]}, "properties": {"OBJECTID": 46458986, "EGID": 818572, "NO_COM_FED": 5757, "GENRE_TXT": "b\u00e2timent"}}, {"type": "Feature", "id": 46459310, "geometry": {"type": "Polygon", "coordinates": [[[2530941.992, 1176449.563], [2530942.343, 1176456.37], [2530942.362, 1176456.743], [2530930.792, 1176457.303], [2530930.222, 1176445.373], [2530936.072, 1176445.033], [2530936.302, 1176449.833], [2530941.992, 1176449.563]]]}, "properties": {"OBJECTID": 46459310, "EGID": 818152, "NO_COM_FED": 5757, "GENRE_TXT": "b\u00e2timent"}}, {"type": "Feature", "id": 46459743, "geometry": {"type": "Polygon", "coordinates": [[[2530350.447, 1174415.529], [2530347.717, 1174416.34], [2530346.894, 1174415.895], [2530345.84, 1174412.348], [2530346.3140000002, 1174411.621], [2530349.041, 1174410.799], [2530361.239, 1174407.166], [2530362.646, 1174411.895], [2530350.447, 1174415.529]]]}, "properties": {"OBJECTID": 46459743, "EGID": 3163918, "NO_COM_FED": 5757, "GENRE_TXT": "b\u00e2timent"}}, {"type": "Feature", "id": 46459856, "geometry": {"type": "Polygon", "coordinates": [[[2530571.089, 1174738.826], [2530560.772, 1174734.044], [2530565.554, 1174723.727], [2530575.882, 1174728.497], [2530571.089, 1174738.826]]]}, "properties": {"OBJECTID": 46459856, "EGID": 280097988, "NO_COM_FED": 5757, "GENRE_TXT": "b\u00e2timent"}}, {"type": "Feature", "id": 46459951, "geometry": {"type": "Polygon", "coordinates": [[[2530897.97, 1176234.092], [2530894.59, 1176234.952], [2530891.87, 1176224.2719999999], [2530900.06, 1176222.182], [2530902.79, 1176232.862], [2530897.97, 1176234.092]]]}, "properties": {"OBJECTID": 46459951, "EGID": 818210, "NO_COM_FED": 5757, "GENRE_TXT": "b\u00e2timent"}}, {"type": "Feature", "id": 46459965, "geometry": {"type": "Polygon", "coordinates": [[[2530860.026, 1175881.3], [2530861.376, 1175886.18], [2530860.4359999998, 1175886.47], [2530861.856, 1175891.7], [2530862.846, 1175891.43], [2530866.756, 1175905.61], [2530867.716, 1175905.34], [2530868.996, 1175909.96], [2530854.546, 1175913.95], [2530849.396, 1175895.44], [2530848.4359999998, 1175895.7], [2530845.546, 1175885.33], [2530850.486, 1175883.95], [2530860.026, 1175881.3]]]}, "properties": {"OBJECTID": 46459965, "EGID": 3163935, "NO_COM_FED": 5757, "GENRE_TXT": "b\u00e2timent"}}, {"type": "Feature", "id": 46460135, "geometry": {"type": "Polygon", "coordinates": [[[2530730.284, 1175450.491], [2530734.449, 1175447.662], [2530736.145, 1175450.159], [2530731.98, 1175452.988], [2530730.284, 1175450.491]]]}, "properties": {"OBJECTID": 46460135, "EGID": 280127364, "NO_COM_FED": 5757, "GENRE_TXT": "b\u00e2timent"}}, {"type": "Feature", "id": 46460192, "geometry": {"type": "Polygon", "coordinates": [[[2530765.399, 1175479.393], [2530765.305, 1175477.78], [2530765.2, 1175475.988], [2530769.742, 1175475.714], [2530769.923, 1175479.155], [2530765.399, 1175479.393]]]}, "properties": {"OBJECTID": 46460192, "EGID": 280109129, "NO_COM_FED": 5757, "GENRE_TXT": "b\u00e2timent"}}, {"type": "Feature", "id": 46460261, "geometry": {"type": "Polygon", "coordinates": [[[2531252.106, 1174824.973], [2531253.466, 1174831.003], [2531249.806, 1174831.863], [2531250.076, 1174832.903], [2531245.7060000002, 1174833.8530000001], [2531246.076, 1174835.643], [2531242.9359999998, 1174836.313], [2531240.896, 1174827.523], [2531252.106, 1174824.973]]]}, "properties": {"OBJECTID": 46460261, "EGID": 818460, "NO_COM_FED": 5757, "GENRE_TXT": "b\u00e2timent"}}, {"type": "Feature", "id": 46460318, "geometry": {"type": "Polygon", "coordinates": [[[2530273.628, 1174704.959], [2530279.302, 1174706.927], [2530277.498, 1174712.128], [2530271.828, 1174710.161], [2530273.628, 1174704.959]]]}, "properties": {"OBJECTID": 46460318, "EGID": 280126015, "NO_COM_FED": 5757, "GENRE_TXT": "b\u00e2timent"}}, {"type": "Feature", "id": 46460372, "geometry": {"type": "Polygon", "coordinates": [[[2530634.451, 1175837.047], [2530631.301, 1175837.428], [2530630.541, 1175830.901], [2530633.71, 1175830.5320000001], [2530634.451, 1175837.047]]]}, "properties": {"OBJECTID": 46460372, "EGID": 280116465, "NO_COM_FED": 5757, "GENRE_TXT": "b\u00e2timent"}}, {"type": "Feature", "id": 46460461, "geometry": {"type": "Polygon", "coordinates": [[[2530758.484, 1174890.504], [2530758.494, 1174890.804], [2530744.534, 1174892.674], [2530742.864, 1174887.314], [2530756.534, 1174884.594], [2530757.604, 1174890.274], [2530758.454, 1174890.194], [2530758.484, 1174890.504]]]}, "properties": {"OBJECTID": 46460461, "EGID": 818719, "NO_COM_FED": 5757, "GENRE_TXT": "b\u00e2timent"}}, {"type": "Feature", "id": 46460600, "geometry": {"type": "Polygon", "coordinates": [[[2531235.384, 1174654.997], [2531234.5439999998, 1174651.1469999999], [2531241.124, 1174649.707], [2531242.094, 1174653.437], [2531244.244, 1174652.937], [2531246.324, 1174662.166], [2531237.494, 1174664.166], [2531235.384, 1174654.997]]]}, "properties": {"OBJECTID": 46460600, "EGID": 818469, "NO_COM_FED": 5757, "GENRE_TXT": "b\u00e2timent"}}, {"type": "Feature", "id": 46460715, "geometry": {"type": "Polygon", "coordinates": [[[2531006.427, 1175096.526], [2531014.407, 1175106.955], [2530998.728, 1175118.926], [2530990.777, 1175108.516], [2531006.427, 1175096.526]]]}, "properties": {"OBJECTID": 46460715, "EGID": 9029614, "NO_COM_FED": 5757, "GENRE_TXT": "b\u00e2timent"}}, {"type": "Feature", "id": 46460747, "geometry": {"type": "Polygon", "coordinates": [[[2530926.655, 1176605.789], [2530926.553, 1176611.595], [2530926.055, 1176611.587], [2530916.413, 1176611.425], [2530916.633, 1176600.165], [2530921.315, 1176600.263], [2530921.372, 1176597.284], [2530925.815, 1176597.37], [2530926.596, 1176598.14], [2530926.534, 1176601.331], [2530926.733, 1176601.335], [2530926.655, 1176605.789]]]}, "properties": {"OBJECTID": 46460747, "EGID": 818164, "NO_COM_FED": 5757, "GENRE_TXT": "b\u00e2timent"}}, {"type": "Feature", "id": 46460939, "geometry": {"type": "Polygon", "coordinates": [[[2530732.093, 1174773.215], [2530734.223, 1174769.695], [2530737.013, 1174764.565], [2530743.223, 1174753.155], [2530756.153, 1174759.254], [2530745.633, 1174778.974], [2530732.093, 1174773.215]]]}, "properties": {"OBJECTID": 46460939, "EGID": 819007, "NO_COM_FED": 5757, "GENRE_TXT": "b\u00e2timent"}}, {"type": "Feature", "id": 46461001, "geometry": {"type": "Polygon", "coordinates": [[[2530350.447, 1174415.529], [2530362.646, 1174411.895], [2530364.042, 1174416.586], [2530351.843, 1174420.219], [2530350.447, 1174415.529]]]}, "properties": {"OBJECTID": 46461001, "EGID": 3163919, "NO_COM_FED": 5757, "GENRE_TXT": "b\u00e2timent"}}, {"type": "Feature", "id": 46461225, "geometry": {"type": "Polygon", "coordinates": [[[2530878.857, 1175103.16], [2530883.397, 1175109.65], [2530875.467, 1175115.15], [2530870.957, 1175108.64], [2530878.857, 1175103.16]]]}, "properties": {"OBJECTID": 46461225, "EGID": 818434, "NO_COM_FED": 5757, "GENRE_TXT": "b\u00e2timent"}}, {"type": "Feature", "id": 46461297, "geometry": {"type": "Polygon", "coordinates": [[[2530223.4390000002, 1174381.363], [2530220.245, 1174370.637], [2530232.557, 1174366.94], [2530235.748, 1174377.648], [2530223.4390000002, 1174381.363]]]}, "properties": {"OBJECTID": 46461297, "EGID": 280076363, "NO_COM_FED": 5757, "GENRE_TXT": "b\u00e2timent"}}, {"type": "Feature", "id": 46461338, "geometry": {"type": "Polygon", "coordinates": [[[2530632.998, 1175235.998], [2530650.458, 1175233.3969999999], [2530650.478, 1175233.6469999999], [2530648.338, 1175233.977], [2530648.508, 1175235.497], [2530650.118, 1175235.367], [2530650.598, 1175240.177], [2530649.018, 1175240.367], [2530649.328, 1175242.227], [2530634.958, 1175243.557], [2530623.518, 1175244.818], [2530622.608, 1175237.258], [2530629.318, 1175236.498], [2530632.998, 1175235.998]]]}, "properties": {"OBJECTID": 46461338, "EGID": 818569, "NO_COM_FED": 5757, "GENRE_TXT": "b\u00e2timent"}}, {"type": "Feature", "id": 46461487, "geometry": {"type": "Polygon", "coordinates": [[[2530644.328, 1175194.997], [2530645.458, 1175203.6570000001], [2530629.908, 1175205.898], [2530618.488, 1175207.538], [2530617.498, 1175198.438], [2530644.328, 1175194.997]]]}, "properties": {"OBJECTID": 46461487, "EGID": 818923, "NO_COM_FED": 5757, "GENRE_TXT": "b\u00e2timent"}}, {"type": "Feature", "id": 46461630, "geometry": {"type": "Polygon", "coordinates": [[[2530530.546, 1175153.814], [2530530.137, 1175153.811], [2530530.327, 1175136.601], [2530534.967, 1175136.621], [2530534.777, 1175153.841], [2530530.546, 1175153.814]]]}, "properties": {"OBJECTID": 46461630, "EGID": 280015202, "NO_COM_FED": 5757, "GENRE_TXT": "b\u00e2timent"}}, {"type": "Feature", "id": 46461696, "geometry": {"type": "Polygon", "coordinates": [[[2530611.17, 1176317.151], [2530611.17, 1176318.161], [2530608.69, 1176318.141], [2530608.7, 1176312.631], [2530612.35, 1176312.64], [2530612.38, 1176317.141], [2530611.17, 1176317.151]]]}, "properties": {"OBJECTID": 46461696, "EGID": 280132340, "NO_COM_FED": 5757, "GENRE_TXT": "b\u00e2timent"}}, {"type": "Feature", "id": 46461742, "geometry": {"type": "Polygon", "coordinates": [[[2531098.261, 1176303.767], [2531098.501, 1176306.597], [2531093.031, 1176307.057], [2531092.791, 1176304.217], [2531098.261, 1176303.767]]]}, "properties": {"OBJECTID": 46461742, "EGID": 280047029, "NO_COM_FED": 5757, "GENRE_TXT": "b\u00e2timent"}}, {"type": "Feature", "id": 46461947, "geometry": {"type": "Polygon", "coordinates": [[[2530715.359, 1175316.305], [2530709.499, 1175317.765], [2530709.389, 1175317.435], [2530708.599, 1175314.135], [2530702.809, 1175315.485], [2530703.359, 1175318.325], [2530703.449, 1175318.815], [2530697.889, 1175320.055], [2530697.299, 1175310.255], [2530697.799, 1175310.245], [2530698.159, 1175305.685], [2530712.409, 1175301.725], [2530712.539, 1175301.995], [2530714.729, 1175306.445], [2530712.109, 1175307.495], [2530715.249, 1175316.015], [2530715.359, 1175316.305]]]}, "properties": {"OBJECTID": 46461947, "EGID": 818494, "NO_COM_FED": 5757, "GENRE_TXT": "b\u00e2timent"}}, {"type": "Feature", "id": 46462035, "geometry": {"type": "Polygon", "coordinates": [[[2530262.992, 1174640.671], [2530262.978, 1174643.173], [2530260.685, 1174643.16], [2530260.699, 1174640.658], [2530262.992, 1174640.671]]]}, "properties": {"OBJECTID": 46462035, "EGID": 280117406, "NO_COM_FED": 5757, "GENRE_TXT": "b\u00e2timent"}}, {"type": "Feature", "id": 46462089, "geometry": {"type": "Polygon", "coordinates": [[[2531060.9189999998, 1176127.616], [2531063.429, 1176137.226], [2531062.499, 1176137.446], [2531062.519, 1176137.556], [2531053.309, 1176139.967], [2531050.819, 1176130.337], [2531051.799, 1176130.087], [2531051.769, 1176129.987], [2531060.9189999998, 1176127.616]]]}, "properties": {"OBJECTID": 46462089, "EGID": 818317, "NO_COM_FED": 5757, "GENRE_TXT": "b\u00e2timent"}}, {"type": "Feature", "id": 46462152, "geometry": {"type": "Polygon", "coordinates": [[[2531075.786, 1174996.924], [2531070.446, 1175005.544], [2531060.156, 1174999.114], [2531065.486, 1174990.554], [2531075.786, 1174996.924]]]}, "properties": {"OBJECTID": 46462152, "EGID": 818712, "NO_COM_FED": 5757, "GENRE_TXT": "b\u00e2timent"}}, {"type": "Feature", "id": 46462319, "geometry": {"type": "Polygon", "coordinates": [[[2530591.653, 1174470.427], [2530591.21, 1174472.287], [2530588.851, 1174471.725], [2530588.823, 1174471.842], [2530588.373, 1174471.735], [2530588.109, 1174472.841], [2530584.954, 1174472.123], [2530585.646, 1174469.026], [2530591.653, 1174470.427]]]}, "properties": {"OBJECTID": 46462319, "EGID": 280071601, "NO_COM_FED": 5757, "GENRE_TXT": "b\u00e2timent"}}, {"type": "Feature", "id": 46462325, "geometry": {"type": "Polygon", "coordinates": [[[2530834.896, 1174508.726], [2530836.805, 1174509.124], [2530835.183, 1174516.983], [2530825.858, 1174515.058], [2530827.497, 1174507.181], [2530834.896, 1174508.726]]]}, "properties": {"OBJECTID": 46462325, "EGID": null, "NO_COM_FED": 5757, "GENRE_TXT": "b\u00e2timent"}}, {"type": "Feature", "id": 46462356, "geometry": {"type": "Polygon", "coordinates": [[[2530695.36, 1175959.752], [2530689.922, 1175954.602], [2530697.676, 1175946.507], [2530703.082, 1175951.616], [2530695.36, 1175959.752]]]}, "properties": {"OBJECTID": 46462356, "EGID": 280096373, "NO_COM_FED": 5757, "GENRE_TXT": "b\u00e2timent"}}, {"type": "Feature", "id": 46462400, "geometry": {"type": "Polygon", "coordinates": [[[2530670.273, 1174754.227], [2530668.703, 1174757.377], [2530666.923, 1174756.507], [2530668.632, 1174753.437], [2530668.858, 1174753.546], [2530670.273, 1174754.227]]]}, "properties": {"OBJECTID": 46462400, "EGID": 280123378, "NO_COM_FED": 5757, "GENRE_TXT": "b\u00e2timent"}}, {"type": "Feature", "id": 46462861, "geometry": {"type": "Polygon", "coordinates": [[[2530749.996, 1175020.774], [2530744.676, 1175013.404], [2530749.446, 1175009.914], [2530751.196, 1175012.404], [2530752.626, 1175011.664], [2530755.886, 1175015.944], [2530749.996, 1175020.774]]]}, "properties": {"OBJECTID": 46462861, "EGID": 818655, "NO_COM_FED": 5757, "GENRE_TXT": "b\u00e2timent"}}, {"type": "Feature", "id": 46462891, "geometry": {"type": "Polygon", "coordinates": [[[2530532.759, 1175354.671], [2530540.489, 1175349.49], [2530548.869, 1175361.93], [2530549.479, 1175361.53], [2530550.259, 1175362.69], [2530549.649, 1175363.09], [2530557.23, 1175374.34], [2530557.84, 1175373.94], [2530558.62, 1175375.09], [2530558.01, 1175375.5], [2530566.39, 1175387.939], [2530574.35, 1175382.909], [2530579.81, 1175391.079], [2530572.431, 1175396.011], [2530564.31, 1175401.44], [2530558.69, 1175393.13], [2530550.019, 1175398.986], [2530542.55, 1175404.03], [2530534.21, 1175391.661], [2530533.61, 1175392.071], [2530532.83, 1175390.901], [2530533.43, 1175390.491], [2530525.81, 1175379.201], [2530525.22, 1175379.611], [2530524.43, 1175378.441], [2530525.03, 1175378.041], [2530516.609, 1175365.571], [2530524.016, 1175360.572], [2530527.332, 1175358.334], [2530532.759, 1175354.671]]]}, "properties": {"OBJECTID": 46462891, "EGID": 280000830, "NO_COM_FED": 5757, "GENRE_TXT": "b\u00e2timent"}}, {"type": "Feature", "id": 46462904, "geometry": {"type": "Polygon", "coordinates": [[[2530878.371, 1174567.762], [2530877.651, 1174573.082], [2530874.5810000002, 1174572.632], [2530875.121, 1174567.422], [2530878.371, 1174567.762]]]}, "properties": {"OBJECTID": 46462904, "EGID": 280045917, "NO_COM_FED": 5757, "GENRE_TXT": "b\u00e2timent"}}, {"type": "Feature", "id": 46462936, "geometry": {"type": "Polygon", "coordinates": [[[2531345.428, 1174972.87], [2531334.778, 1174984.259], [2531320.037, 1174970.4], [2531330.647, 1174959.07], [2531345.428, 1174972.87]]]}, "properties": {"OBJECTID": 46462936, "EGID": 280004767, "NO_COM_FED": 5757, "GENRE_TXT": "b\u00e2timent"}}, {"type": "Feature", "id": 46463063, "geometry": {"type": "Polygon", "coordinates": [[[2530487.868, 1174492.775], [2530494.623, 1174493.904], [2530493.653, 1174499.732], [2530489.553, 1174499.674], [2530486.804, 1174499.2719999999], [2530487.868, 1174492.775]]]}, "properties": {"OBJECTID": 46463063, "EGID": 280070686, "NO_COM_FED": 5757, "GENRE_TXT": "b\u00e2timent"}}, {"type": "Feature", "id": 46463298, "geometry": {"type": "Polygon", "coordinates": [[[2530739.847, 1174326.151], [2530739.784, 1174313.134], [2530747.821, 1174313.095], [2530747.861, 1174326.124], [2530739.847, 1174326.151]]]}, "properties": {"OBJECTID": 46463298, "EGID": 280078886, "NO_COM_FED": 5757, "GENRE_TXT": "b\u00e2timent"}}, {"type": "Feature", "id": 46463410, "geometry": {"type": "Polygon", "coordinates": [[[2530873.829, 1174335.694], [2530874.674, 1174345.182], [2530866.181, 1174345.933], [2530865.338, 1174336.457], [2530873.829, 1174335.694]]]}, "properties": {"OBJECTID": 46463410, "EGID": 818745, "NO_COM_FED": 5757, "GENRE_TXT": "b\u00e2timent"}}, {"type": "Feature", "id": 46463500, "geometry": {"type": "Polygon", "coordinates": [[[2530494.785, 1175891.011], [2530488.695, 1175890.671], [2530488.815, 1175888.591], [2530488.03, 1175888.541], [2530488.286, 1175882.716], [2530489.075, 1175882.761], [2530489.225, 1175880.181], [2530495.355, 1175880.511], [2530494.785, 1175891.011]]]}, "properties": {"OBJECTID": 46463500, "EGID": 818100, "NO_COM_FED": 5757, "GENRE_TXT": "b\u00e2timent"}}, {"type": "Feature", "id": 46463598, "geometry": {"type": "Polygon", "coordinates": [[[2530471.474, 1174930.18], [2530476.966, 1174935.961], [2530473.934, 1174938.932], [2530467.435, 1174931.791], [2530468.203, 1174931.119], [2530467.819, 1174930.68], [2530469.268, 1174929.386], [2530470.642, 1174930.923], [2530471.474, 1174930.18]]]}, "properties": {"OBJECTID": 46463598, "EGID": 280069240, "NO_COM_FED": 5757, "GENRE_TXT": "b\u00e2timent"}}, {"type": "Feature", "id": 46463776, "geometry": {"type": "Polygon", "coordinates": [[[2530724.138, 1175238.595], [2530724.478, 1175231.475], [2530727.238, 1175231.615], [2530731.518, 1175231.994], [2530729.488, 1175240.544], [2530724.138, 1175238.595]]]}, "properties": {"OBJECTID": 46463776, "EGID": 818502, "NO_COM_FED": 5757, "GENRE_TXT": "b\u00e2timent"}}, {"type": "Feature", "id": 46463916, "geometry": {"type": "Polygon", "coordinates": [[[2531091.36, 1176287.237], [2531096.82, 1176286.807], [2531097.06, 1176289.627], [2531091.6, 1176290.067], [2531091.36, 1176287.237]]]}, "properties": {"OBJECTID": 46463916, "EGID": 280045544, "NO_COM_FED": 5757, "GENRE_TXT": "b\u00e2timent"}}, {"type": "Feature", "id": 46464015, "geometry": {"type": "Polygon", "coordinates": [[[2530870.712, 1176473.865], [2530862.612, 1176472.395], [2530865.912, 1176454.315], [2530874.022, 1176455.785], [2530870.712, 1176473.865]]]}, "properties": {"OBJECTID": 46464015, "EGID": 818187, "NO_COM_FED": 5757, "GENRE_TXT": "b\u00e2timent"}}, {"type": "Feature", "id": 46464103, "geometry": {"type": "Polygon", "coordinates": [[[2530849.762, 1176506.796], [2530850.412, 1176503.236], [2530850.832, 1176500.936], [2530852.412, 1176501.226], [2530851.362, 1176507.086], [2530849.762, 1176506.796]]]}, "properties": {"OBJECTID": 46464103, "EGID": 280109803, "NO_COM_FED": 5757, "GENRE_TXT": "b\u00e2timent"}}, {"type": "Feature", "id": 46464482, "geometry": {"type": "Polygon", "coordinates": [[[2530863.36, 1174205.499], [2530862.903, 1174209.572], [2530860.932, 1174209.341], [2530861.479, 1174204.352], [2530862.573, 1174204.462], [2530862.448, 1174205.374], [2530863.36, 1174205.499]]]}, "properties": {"OBJECTID": 46464482, "EGID": 280118356, "NO_COM_FED": 5757, "GENRE_TXT": "b\u00e2timent"}}, {"type": "Feature", "id": 46464530, "geometry": {"type": "Polygon", "coordinates": [[[2530194.775, 1174678.384], [2530194.449, 1174678.234], [2530197.7, 1174671.26], [2530204.13, 1174674.257], [2530205.076, 1174672.229], [2530209.541, 1174674.31], [2530205.304, 1174683.559], [2530200.708, 1174681.444], [2530200.834, 1174681.172], [2530197.79, 1174679.747], [2530194.775, 1174678.384]]]}, "properties": {"OBJECTID": 46464530, "EGID": 818822, "NO_COM_FED": 5757, "GENRE_TXT": "b\u00e2timent"}}, {"type": "Feature", "id": 46464536, "geometry": {"type": "Polygon", "coordinates": [[[2530689.921, 1174615.896], [2530688.903, 1174618.196], [2530681.971, 1174615.188], [2530686.048, 1174605.884], [2530693.005, 1174608.933], [2530689.921, 1174615.896]]]}, "properties": {"OBJECTID": 46464536, "EGID": 818755, "NO_COM_FED": 5757, "GENRE_TXT": "b\u00e2timent"}}, {"type": "Feature", "id": 46465097, "geometry": {"type": "Polygon", "coordinates": [[[2530715.239, 1174350.796], [2530714.321, 1174350.759], [2530711.601, 1174350.6469999999], [2530711.97, 1174341.537], [2530717.052, 1174341.752], [2530718, 1174342.786], [2530722.034, 1174342.966], [2530721.6859999998, 1174351.061], [2530715.239, 1174350.796]]]}, "properties": {"OBJECTID": 46465097, "EGID": 280078977, "NO_COM_FED": 5757, "GENRE_TXT": "b\u00e2timent"}}, {"type": "Feature", "id": 46465162, "geometry": {"type": "Polygon", "coordinates": [[[2530547.875, 1175799.32], [2530548.485, 1175801.77], [2530546.055, 1175802.42], [2530545.405, 1175799.97], [2530547.875, 1175799.32]]]}, "properties": {"OBJECTID": 46465162, "EGID": 280111720, "NO_COM_FED": 5757, "GENRE_TXT": "b\u00e2timent"}}, {"type": "Feature", "id": 46465326, "geometry": {"type": "Polygon", "coordinates": [[[2530649.527, 1175130.287], [2530649.057, 1175125.687], [2530660.927, 1175123.327], [2530663.657, 1175122.847], [2530664.307, 1175127.6469999999], [2530660.517, 1175128.247], [2530649.527, 1175130.287]]]}, "properties": {"OBJECTID": 46465326, "EGID": 818614, "NO_COM_FED": 5757, "GENRE_TXT": "b\u00e2timent"}}, {"type": "Feature", "id": 46465397, "geometry": {"type": "Polygon", "coordinates": [[[2530138.879, 1174623.38], [2530140.799, 1174623.275], [2530140.902, 1174625.395], [2530144.185, 1174625.22], [2530144.198, 1174625.456], [2530144.531, 1174631.672], [2530142.894, 1174631.755], [2530143.126, 1174636.328], [2530133.749, 1174636.848], [2530133.567, 1174633.524], [2530131.71, 1174633.626], [2530131.193, 1174623.799], [2530138.879, 1174623.38]]]}, "properties": {"OBJECTID": 46465397, "EGID": 818829, "NO_COM_FED": 5757, "GENRE_TXT": "b\u00e2timent"}}, {"type": "Feature", "id": 46465524, "geometry": {"type": "Polygon", "coordinates": [[[2531780.855, 1176370.816], [2531780.881738355, 1176370.5103792073], [2531780.9611409875, 1176370.2140445479], [2531781.0907952897, 1176369.936], [2531781.2667617803, 1176369.684693807], [2531781.4836938074, 1176369.4677617801], [2531781.7350000003, 1176369.2917952894], [2531782.0130445478, 1176369.1621409876], [2531782.3093792074, 1176369.0827383548], [2531782.615, 1176369.056], [2531782.920620793, 1176369.0827383548], [2531783.2169554527, 1176369.1621409876], [2531783.495, 1176369.2917952894], [2531783.746306193, 1176369.4677617801], [2531783.96323822, 1176369.684693807], [2531784.1392047107, 1176369.9360000002], [2531784.268859013, 1176370.2140445479], [2531784.3482616455, 1176370.5103792073], [2531784.375, 1176370.816], [2531784.3482616455, 1176371.121620793], [2531784.268859013, 1176371.4179554523], [2531784.1392047107, 1176371.6960000002], [2531783.96323822, 1176371.9473061932], [2531783.746306193, 1176372.16423822], [2531783.495, 1176372.3402047108], [2531783.2169554527, 1176372.4698590126], [2531782.920620793, 1176372.5492616454], [2531782.615, 1176372.5760000001], [2531782.3093792074, 1176372.5492616454], [2531782.0130445478, 1176372.4698590126], [2531781.7350000003, 1176372.3402047108], [2531781.4836938074, 1176372.16423822], [2531781.2667617803, 1176371.9473061932], [2531781.0907952897, 1176371.696], [2531780.9611409875, 1176371.4179554523], [2531780.881738355, 1176371.121620793], [2531780.855, 1176370.816]]]}, "properties": {"OBJECTID": 46465524, "EGID": 280131988, "NO_COM_FED": 5757, "GENRE_TXT": "b\u00e2timent"}}, {"type": "Feature", "id": 46465532, "geometry": {"type": "Polygon", "coordinates": [[[2531360.539, 1175152.026], [2531364.069, 1175155.306], [2531358.749, 1175161.056], [2531368.129, 1175169.776], [2531370.219, 1175167.536], [2531377.779, 1175174.575], [2531375.699, 1175176.805], [2531378.272, 1175179.199], [2531389.66, 1175189.795], [2531394.998, 1175184.048], [2531395.37, 1175183.655], [2531398.96, 1175186.945], [2531389.05, 1175197.625], [2531385.61, 1175194.425], [2531356.55, 1175225.665], [2531338.369, 1175208.775], [2531346.529, 1175199.985], [2531333.369, 1175187.726], [2531345.769, 1175174.396], [2531342.749, 1175171.596], [2531355.289, 1175158.116], [2531354.959, 1175157.806], [2531360.429, 1175151.926], [2531360.539, 1175152.026]]]}, "properties": {"OBJECTID": 46465532, "EGID": 190094169, "NO_COM_FED": 5757, "GENRE_TXT": "b\u00e2timent"}}, {"type": "Feature", "id": 46465560, "geometry": {"type": "Polygon", "coordinates": [[[2530879, 1176304.943], [2530873.22, 1176306.453], [2530872.29, 1176302.903], [2530878.08, 1176301.403], [2530879, 1176304.943]]]}, "properties": {"OBJECTID": 46465560, "EGID": 280037909, "NO_COM_FED": 5757, "GENRE_TXT": "b\u00e2timent"}}, {"type": "Feature", "id": 46465675, "geometry": {"type": "Polygon", "coordinates": [[[2530621.529, 1175306.2280000001], [2530622.009, 1175310.138], [2530618.079, 1175310.788], [2530617.539, 1175306.9780000001], [2530617.529, 1175306.758], [2530621.529, 1175306.2280000001]]]}, "properties": {"OBJECTID": 46465675, "EGID": 280046585, "NO_COM_FED": 5757, "GENRE_TXT": "b\u00e2timent"}}, {"type": "Feature", "id": 46465714, "geometry": {"type": "Polygon", "coordinates": [[[2531250.066, 1174853.253], [2531250.496, 1174855.293], [2531258.396, 1174853.533], [2531260.196, 1174862.312], [2531257.026, 1174863.023], [2531257.346, 1174864.542], [2531252.916, 1174865.473], [2531252.586, 1174863.8530000001], [2531247.736, 1174864.883], [2531245.556, 1174854.283], [2531250.066, 1174853.253]]]}, "properties": {"OBJECTID": 46465714, "EGID": 818458, "NO_COM_FED": 5757, "GENRE_TXT": "b\u00e2timent"}}, {"type": "Feature", "id": 46465718, "geometry": {"type": "Polygon", "coordinates": [[[2530550.902, 1174682.288], [2530549.862, 1174681.438], [2530550.942, 1174680.078], [2530550.682, 1174679.858], [2530551.851, 1174678.398], [2530552.131, 1174678.618], [2530555.731, 1174674.148], [2530557.191, 1174673.848], [2530559.0810000002, 1174675.398], [2530559.101, 1174676.818], [2530559.801, 1174677.388], [2530558.901, 1174678.488], [2530561.892, 1174680.938], [2530556.912, 1174687.118], [2530555.832, 1174686.288], [2530550.902, 1174682.288]]]}, "properties": {"OBJECTID": 46465718, "EGID": 818797, "NO_COM_FED": 5757, "GENRE_TXT": "b\u00e2timent"}}, {"type": "Feature", "id": 46465796, "geometry": {"type": "Polygon", "coordinates": [[[2530308.394, 1175890.089], [2530311.525, 1175890.3969999999], [2530310.975, 1175896.077], [2530305.465, 1175895.557], [2530306.035, 1175889.857], [2530308.394, 1175890.089]]]}, "properties": {"OBJECTID": 46465796, "EGID": 280032225, "NO_COM_FED": 5757, "GENRE_TXT": "b\u00e2timent"}}, {"type": "Feature", "id": 46465994, "geometry": {"type": "Polygon", "coordinates": [[[2530393.696, 1176253.575], [2530378.649, 1176255.7820000001], [2530376.357, 1176240.405], [2530391.719, 1176238.18], [2530393.98, 1176253.533], [2530393.696, 1176253.575]]]}, "properties": {"OBJECTID": 46465994, "EGID": 280102381, "NO_COM_FED": 5757, "GENRE_TXT": "b\u00e2timent"}}, {"type": "Feature", "id": 46466051, "geometry": {"type": "Polygon", "coordinates": [[[2530398.625, 1174576.738], [2530384.162, 1174571.9070000001], [2530386.841, 1174563.846], [2530394.801, 1174566.509], [2530395.285, 1174565.085], [2530401.774, 1174567.235], [2530400.808, 1174570.151], [2530398.625, 1174576.738]]]}, "properties": {"OBJECTID": 46466051, "EGID": 818831, "NO_COM_FED": 5757, "GENRE_TXT": "b\u00e2timent"}}, {"type": "Feature", "id": 46466075, "geometry": {"type": "Polygon", "coordinates": [[[2531583.822, 1175231.096], [2531609.662, 1175225.93], [2531611.532, 1175235.464], [2531608.197, 1175236.153], [2531619.996, 1175294.733], [2531598.211, 1175299.113], [2531586.428, 1175240.509], [2531585.742, 1175240.646], [2531583.822, 1175231.096]]]}, "properties": {"OBJECTID": 46466075, "EGID": 280081791, "NO_COM_FED": 5757, "GENRE_TXT": "b\u00e2timent"}}, {"type": "Feature", "id": 46466130, "geometry": {"type": "Polygon", "coordinates": [[[2530891.992, 1175517.509], [2530875.862, 1175521.779], [2530871.112, 1175503.87], [2530887.272, 1175499.579], [2530891.992, 1175517.509]]]}, "properties": {"OBJECTID": 46466130, "EGID": 818374, "NO_COM_FED": 5757, "GENRE_TXT": "b\u00e2timent"}}, {"type": "Feature", "id": 46466252, "geometry": {"type": "Polygon", "coordinates": [[[2530135.484, 1175811.969], [2530138.484, 1175812.949], [2530138.024, 1175814.379], [2530135.014, 1175813.389], [2530135.484, 1175811.969]]]}, "properties": {"OBJECTID": 46466252, "EGID": 280130675, "NO_COM_FED": 5757, "GENRE_TXT": "b\u00e2timent"}}, {"type": "Feature", "id": 46466720, "geometry": {"type": "Polygon", "coordinates": [[[2530837.1689999998, 1176655.529], [2530838.098, 1176648.59], [2530847.086, 1176649.773], [2530846.18, 1176656.714], [2530837.1689999998, 1176655.529]]]}, "properties": {"OBJECTID": 46466720, "EGID": 280093016, "NO_COM_FED": 5757, "GENRE_TXT": "b\u00e2timent"}}, {"type": "Feature", "id": 46466861, "geometry": {"type": "Polygon", "coordinates": [[[2530304.578, 1174630.111], [2530305.671, 1174630.24], [2530306.257, 1174625.2719999999], [2530314.664, 1174626.253], [2530313.623, 1174635.143], [2530305.237, 1174634.178], [2530305.566, 1174631.386], [2530304.443, 1174631.254], [2530304.578, 1174630.111]]]}, "properties": {"OBJECTID": 46466861, "EGID": 818818, "NO_COM_FED": 5757, "GENRE_TXT": "b\u00e2timent"}}, {"type": "Feature", "id": 46466936, "geometry": {"type": "Polygon", "coordinates": [[[2530219.543, 1175702.232], [2530215.604, 1175712.504], [2530209.524, 1175710.169], [2530213.469, 1175699.909], [2530219.543, 1175702.232]]]}, "properties": {"OBJECTID": 46466936, "EGID": 280059339, "NO_COM_FED": 5757, "GENRE_TXT": "b\u00e2timent"}}, {"type": "Feature", "id": 46466992, "geometry": {"type": "Polygon", "coordinates": [[[2530953.47, 1176235.59], [2530958.53, 1176234.28], [2530960.4, 1176241.65], [2530952.23, 1176243.76], [2530950.36, 1176236.39], [2530953.47, 1176235.59]]]}, "properties": {"OBJECTID": 46466992, "EGID": 818260, "NO_COM_FED": 5757, "GENRE_TXT": "b\u00e2timent"}}, {"type": "Feature", "id": 46467083, "geometry": {"type": "Polygon", "coordinates": [[[2531162.096, 1174940.902], [2531153.606, 1174935.2719999999], [2531158.646, 1174927.732], [2531167.126, 1174933.392], [2531165.326, 1174936.082], [2531162.096, 1174940.902]]]}, "properties": {"OBJECTID": 46467083, "EGID": 818454, "NO_COM_FED": 5757, "GENRE_TXT": "b\u00e2timent"}}, {"type": "Feature", "id": 46467103, "geometry": {"type": "Polygon", "coordinates": [[[2530403.276, 1175974.164], [2530410.336, 1175976.984], [2530410.786, 1175975.854], [2530419.906, 1175979.463], [2530419.446, 1175980.5929999999], [2530426.516, 1175983.433], [2530422.547, 1175993.443], [2530399.266, 1175984.224], [2530403.276, 1175974.164]]]}, "properties": {"OBJECTID": 46467103, "EGID": 818085, "NO_COM_FED": 5757, "GENRE_TXT": "b\u00e2timent"}}, {"type": "Feature", "id": 46467344, "geometry": {"type": "Polygon", "coordinates": [[[2530901.07, 1176306.112], [2530901.63, 1176308.2820000001], [2530899.24, 1176308.913], [2530898.66, 1176309.983], [2530897.57, 1176309.3429999999], [2530891.47, 1176310.943], [2530889.44, 1176303.223], [2530893.31, 1176302.203], [2530896.82, 1176301.273], [2530899.59, 1176300.542], [2530900.68, 1176304.582], [2530900.81208039, 1176304.594916063], [2530900.940355722, 1176304.628938014], [2530901.0614760993, 1176304.6831773734], [2530901.1722784764, 1176304.756217686], [2530901.26986926, 1176304.8461515117], [2530901.3516998766, 1176304.9506302376], [2530901.4156333283, 1176305.0669254125], [2530901.46, 1176305.192], [2530901.4828316486, 1176305.3241605165], [2530901.4838555926, 1176305.458274788], [2530901.463044543, 1176305.5907685105], [2530901.420953138, 1176305.7181105693], [2530901.358703164, 1176305.8369071477], [2530901.2779536564, 1176305.9439921763], [2530901.180856685, 1176306.036511712], [2530901.07, 1176306.112]]]}, "properties": {"OBJECTID": 46467344, "EGID": 818145, "NO_COM_FED": 5757, "GENRE_TXT": "b\u00e2timent"}}, {"type": "Feature", "id": 46467559, "geometry": {"type": "Polygon", "coordinates": [[[2530939.545, 1175745.367], [2530941.595, 1175752.827], [2530931.765, 1175755.507], [2530929.725, 1175748.057], [2530939.545, 1175745.367]]]}, "properties": {"OBJECTID": 46467559, "EGID": 818364, "NO_COM_FED": 5757, "GENRE_TXT": "b\u00e2timent"}}, {"type": "Feature", "id": 46467987, "geometry": {"type": "Polygon", "coordinates": [[[2530240.548, 1174465.7], [2530240.824, 1174465.882], [2530240.05, 1174467.083], [2530247.701, 1174470.274], [2530242.718, 1174482.204], [2530234.65, 1174478.842], [2530235.684, 1174476.398], [2530232.941, 1174475.253], [2530232.511, 1174475.904], [2530225.247, 1174471.1030000001], [2530226.708, 1174468.882], [2530224.262, 1174467.274], [2530223.579, 1174467.948], [2530217.315, 1174461.871], [2530219.16, 1174459.966], [2530217.059, 1174457.9070000001], [2530216.41, 1174458.345], [2530211.405, 1174451.231], [2530213.579, 1174449.701], [2530211.715, 1174447.025], [2530221.253, 1174442.725], [2530226.096, 1174449.5929999999], [2530227.655, 1174451.804], [2530227.841, 1174452.068], [2530226.674, 1174452.909], [2530232.61, 1174458.675], [2530231.566, 1174459.765], [2530238.351, 1174464.248], [2530240.548, 1174465.7]]]}, "properties": {"OBJECTID": 46467987, "EGID": 280057024, "NO_COM_FED": 5757, "GENRE_TXT": "b\u00e2timent"}}, {"type": "Feature", "id": 46468011, "geometry": {"type": "Polygon", "coordinates": [[[2530757.068, 1175178.904], [2530763.458, 1175176.143], [2530764.468, 1175178.423], [2530764.908, 1175179.453], [2530768.918, 1175177.693], [2530772.398, 1175186.153], [2530772.008, 1175186.313], [2530773.447, 1175189.491], [2530769.376, 1175191.084], [2530768.108, 1175187.8429999999], [2530763.418, 1175189.723], [2530759.798, 1175180.634], [2530758.138, 1175181.324], [2530757.068, 1175178.904]]]}, "properties": {"OBJECTID": 46468011, "EGID": 818518, "NO_COM_FED": 5757, "GENRE_TXT": "b\u00e2timent"}}, {"type": "Feature", "id": 46468296, "geometry": {"type": "Polygon", "coordinates": [[[2531459.862, 1174710.114], [2531460.431, 1174712.745], [2531455.159, 1174713.886], [2531454.694, 1174711.745], [2531454.587, 1174711.253], [2531459.862, 1174710.114]]]}, "properties": {"OBJECTID": 46468296, "EGID": 280116715, "NO_COM_FED": 5757, "GENRE_TXT": "b\u00e2timent"}}, {"type": "Feature", "id": 46468334, "geometry": {"type": "Polygon", "coordinates": [[[2530581.1859999998, 1174778.971], [2530580.027, 1174777.729], [2530574.793, 1174782.745], [2530574.752, 1174783.955], [2530574.245, 1174784.386], [2530572.899, 1174784.322], [2530572.493, 1174783.873], [2530572.509, 1174782.708], [2530566.94, 1174776.837], [2530573.394, 1174770.755], [2530573.32, 1174770.677], [2530577.637, 1174766.583], [2530585.467, 1174774.835], [2530581.1859999998, 1174778.971]]]}, "properties": {"OBJECTID": 46468334, "EGID": 818791, "NO_COM_FED": 5757, "GENRE_TXT": "b\u00e2timent"}}, {"type": "Feature", "id": 46468351, "geometry": {"type": "Polygon", "coordinates": [[[2530638.966, 1175062.508], [2530624.966, 1175058.448], [2530627.716, 1175050.628], [2530639.856, 1175055.828], [2530638.966, 1175062.508]]]}, "properties": {"OBJECTID": 46468351, "EGID": 818597, "NO_COM_FED": 5757, "GENRE_TXT": "b\u00e2timent"}}, {"type": "Feature", "id": 46468365, "geometry": {"type": "Polygon", "coordinates": [[[2530743.975, 1174908.754], [2530747.625, 1174918.184], [2530743.365, 1174920.554], [2530741.395, 1174917.434], [2530738.435, 1174912.235], [2530738.205, 1174911.865], [2530743.975, 1174908.754]]]}, "properties": {"OBJECTID": 46468365, "EGID": 818733, "NO_COM_FED": 5757, "GENRE_TXT": "b\u00e2timent"}}, {"type": "Feature", "id": 46468764, "geometry": {"type": "Polygon", "coordinates": [[[2530803.402, 1174564.303], [2530802.389, 1174569.9780000001], [2530791.444, 1174568.095], [2530792.499, 1174562.151], [2530794.47, 1174562.501], [2530794.451, 1174562.606], [2530803.4189999998, 1174564.207], [2530803.402, 1174564.303]]]}, "properties": {"OBJECTID": 46468764, "EGID": 280127262, "NO_COM_FED": 5757, "GENRE_TXT": "b\u00e2timent"}}, {"type": "Feature", "id": 46468856, "geometry": {"type": "Polygon", "coordinates": [[[2530643.832, 1175526.837], [2530644.432, 1175533.577], [2530641.272, 1175533.877], [2530640.502, 1175527.1469999999], [2530643.832, 1175526.837]]]}, "properties": {"OBJECTID": 46468856, "EGID": 280039166, "NO_COM_FED": 5757, "GENRE_TXT": "b\u00e2timent"}}, {"type": "Feature", "id": 46469017, "geometry": {"type": "Polygon", "coordinates": [[[2531207.053, 1174572.719], [2531207.394, 1174577.888], [2531200.283, 1174578.329], [2531200.293, 1174578.559], [2531198.353, 1174578.689], [2531197.993, 1174573.449], [2531207.053, 1174572.719]]]}, "properties": {"OBJECTID": 46469017, "EGID": 280021451, "NO_COM_FED": 5757, "GENRE_TXT": "b\u00e2timent"}}, {"type": "Feature", "id": 46469117, "geometry": {"type": "Polygon", "coordinates": [[[2531182.306, 1174823.455], [2531184.617, 1174850.308], [2531174.803, 1174851.118], [2531174.454, 1174847.039], [2531173.458, 1174846.749], [2531172.144, 1174851.337], [2531168.019, 1174866.191], [2531080.38, 1174841.8429999999], [2531092.428, 1174798.486], [2531182.306, 1174823.455]]]}, "properties": {"OBJECTID": 46469117, "EGID": 280102857, "NO_COM_FED": 5757, "GENRE_TXT": "b\u00e2timent"}}, {"type": "Feature", "id": 46469125, "geometry": {"type": "Polygon", "coordinates": [[[2530576.725, 1174407.8530000001], [2530576.732, 1174411.958], [2530563.602, 1174411.984], [2530563.597, 1174404.255], [2530576.72, 1174404.242], [2530576.725, 1174407.8530000001]]]}, "properties": {"OBJECTID": 46469125, "EGID": 818781, "NO_COM_FED": 5757, "GENRE_TXT": "b\u00e2timent"}}, {"type": "Feature", "id": 46469135, "geometry": {"type": "Polygon", "coordinates": [[[2530234.315, 1174594.025], [2530230.33, 1174589.925], [2530232.459, 1174587.856], [2530236.437, 1174591.934], [2530234.315, 1174594.025]]]}, "properties": {"OBJECTID": 46469135, "EGID": 280073235, "NO_COM_FED": 5757, "GENRE_TXT": "b\u00e2timent"}}, {"type": "Feature", "id": 46469314, "geometry": {"type": "Polygon", "coordinates": [[[2530867.915, 1175133.488], [2530866.907, 1175134.142], [2530866.374, 1175133.329], [2530865.782, 1175132.426], [2530867.513, 1175131.327], [2530868.605, 1175133.04], [2530867.915, 1175133.488]]]}, "properties": {"OBJECTID": 46469314, "EGID": 280113180, "NO_COM_FED": 5757, "GENRE_TXT": "b\u00e2timent"}}, {"type": "Feature", "id": 46469414, "geometry": {"type": "Polygon", "coordinates": [[[2530551.506, 1174596.893], [2530539.107, 1174604.071], [2530535.792, 1174598.338], [2530548.182, 1174591.173], [2530551.506, 1174596.893]]]}, "properties": {"OBJECTID": 46469414, "EGID": 190069374, "NO_COM_FED": 5757, "GENRE_TXT": "b\u00e2timent"}}, {"type": "Feature", "id": 46469450, "geometry": {"type": "Polygon", "coordinates": [[[2531082.911, 1174146.538], [2531082.888, 1174161.684], [2531084.622, 1174161.687], [2531084.582, 1174165.553], [2531080.557, 1174165.518], [2531080.579, 1174146.555], [2531082.911, 1174146.538]]]}, "properties": {"OBJECTID": 46469450, "EGID": 280068468, "NO_COM_FED": 5757, "GENRE_TXT": "b\u00e2timent"}}, {"type": "Feature", "id": 46469653, "geometry": {"type": "Polygon", "coordinates": [[[2531068.999, 1176120.736], [2531063.659, 1176122.086], [2531062.959, 1176119.376], [2531068.299, 1176118.026], [2531068.999, 1176120.736]]]}, "properties": {"OBJECTID": 46469653, "EGID": 280048132, "NO_COM_FED": 5757, "GENRE_TXT": "b\u00e2timent"}}, {"type": "Feature", "id": 46469904, "geometry": {"type": "Polygon", "coordinates": [[[2530348.815, 1175898.866], [2530342.795, 1175898.266], [2530344.345, 1175883.276], [2530355.735, 1175884.456], [2530354.805, 1175893.656], [2530352.795, 1175893.446], [2530352.485, 1175896.286], [2530349.135, 1175895.926], [2530348.815, 1175898.866]]]}, "properties": {"OBJECTID": 46469904, "EGID": 818107, "NO_COM_FED": 5757, "GENRE_TXT": "b\u00e2timent"}}, {"type": "Feature", "id": 46470158, "geometry": {"type": "Polygon", "coordinates": [[[2531088.33, 1176253.037], [2531085.86, 1176243.417], [2531087.57, 1176242.967], [2531087.54, 1176242.857], [2531096.04, 1176240.627], [2531098.5, 1176250.237], [2531096.75, 1176250.687], [2531096.78, 1176250.807], [2531088.33, 1176253.037]]]}, "properties": {"OBJECTID": 46470158, "EGID": 818333, "NO_COM_FED": 5757, "GENRE_TXT": "b\u00e2timent"}}, {"type": "Feature", "id": 46470316, "geometry": {"type": "Polygon", "coordinates": [[[2530334.88, 1174404.265], [2530335.538, 1174406.47], [2530332.864, 1174407.283], [2530332.194, 1174405.074], [2530334.88, 1174404.265]]]}, "properties": {"OBJECTID": 46470316, "EGID": 280123675, "NO_COM_FED": 5757, "GENRE_TXT": "b\u00e2timent"}}, {"type": "Feature", "id": 46470569, "geometry": {"type": "Polygon", "coordinates": [[[2530911.316, 1175557.171], [2530894.853, 1175561.51], [2530889.933, 1175542.939], [2530906.393, 1175538.6], [2530906.703, 1175538.518], [2530911.613, 1175557.0929999999], [2530911.316, 1175557.171]]]}, "properties": {"OBJECTID": 46470569, "EGID": 818377, "NO_COM_FED": 5757, "GENRE_TXT": "b\u00e2timent"}}, {"type": "Feature", "id": 46470576, "geometry": {"type": "Polygon", "coordinates": [[[2530748.279, 1175261.464], [2530745.289, 1175262.354], [2530745.479, 1175263.884], [2530743.019, 1175264.054], [2530742.099, 1175264.114], [2530741.859, 1175257.764], [2530745.119, 1175257.404], [2530746.109, 1175259.274], [2530746.969, 1175258.854], [2530748.279, 1175261.464]]]}, "properties": {"OBJECTID": 46470576, "EGID": 280033169, "NO_COM_FED": 5757, "GENRE_TXT": "b\u00e2timent"}}, {"type": "Feature", "id": 46470577, "geometry": {"type": "Polygon", "coordinates": [[[2531019.583, 1176511.651], [2531019.113, 1176515.691], [2531016.073, 1176515.331], [2531016.553, 1176511.291], [2531019.583, 1176511.651]]]}, "properties": {"OBJECTID": 46470577, "EGID": 280050627, "NO_COM_FED": 5757, "GENRE_TXT": "b\u00e2timent"}}, {"type": "Feature", "id": 46470647, "geometry": {"type": "Polygon", "coordinates": [[[2530592.199, 1176239.708], [2530592.379, 1176242.73], [2530591.759, 1176242.76], [2530592.509, 1176255.291], [2530588.379, 1176259.891], [2530587.949, 1176259.491], [2530581.78, 1176266.231], [2530581.03, 1176265.561], [2530578.709, 1176268.1469999999], [2530569.059, 1176259.541], [2530573.059, 1176255.041], [2530572.329, 1176254.371], [2530576.499, 1176249.691], [2530576.759, 1176249.691], [2530576.744, 1176249.417], [2530576.409, 1176243.491], [2530575.399, 1176243.541], [2530575.119, 1176238.631], [2530575.119, 1176238.561], [2530581.709, 1176238.181], [2530588.299, 1176237.81], [2530588.339, 1176238.41], [2530592.109, 1176238.2], [2530592.199, 1176239.708]]]}, "properties": {"OBJECTID": 46470647, "EGID": 818066, "NO_COM_FED": 5757, "GENRE_TXT": "b\u00e2timent"}}, {"type": "Feature", "id": 46470650, "geometry": {"type": "Polygon", "coordinates": [[[2530736.449, 1175259.464], [2530728.6890000002, 1175256.254], [2530728.139, 1175256.024], [2530729.448, 1175251.224], [2530730.038, 1175248.914], [2530736.338, 1175248.974], [2530736.449, 1175259.464]]]}, "properties": {"OBJECTID": 46470650, "EGID": 818490, "NO_COM_FED": 5757, "GENRE_TXT": "b\u00e2timent"}}, {"type": "Feature", "id": 46470829, "geometry": {"type": "Polygon", "coordinates": [[[2531079.719, 1175229.563], [2531075.449, 1175222.873], [2531069.859, 1175226.234], [2531063.399, 1175215.714], [2531062.429, 1175215.444], [2531061.499, 1175213.844], [2531060.1890000002, 1175214.634], [2531049.829, 1175196.724], [2531062.159, 1175189.514], [2531074.239, 1175210.723], [2531074.719, 1175210.443], [2531077.269, 1175215.123], [2531086.499, 1175209.183], [2531094.129, 1175220.903], [2531079.719, 1175229.563]]]}, "properties": {"OBJECTID": 46470829, "EGID": 818439, "NO_COM_FED": 5757, "GENRE_TXT": "b\u00e2timent"}}, {"type": "Feature", "id": 46470862, "geometry": {"type": "Polygon", "coordinates": [[[2530752.87, 1174552.528], [2530758.406, 1174552.416], [2530758.515, 1174559.087], [2530756.123, 1174559.12], [2530756.177, 1174563.001], [2530756.216, 1174565.805], [2530748.127, 1174565.909], [2530748.02, 1174554.9], [2530752.896, 1174554.846], [2530752.87, 1174552.528]]]}, "properties": {"OBJECTID": 46470862, "EGID": 818760, "NO_COM_FED": 5757, "GENRE_TXT": "b\u00e2timent"}}, {"type": "Feature", "id": 46470865, "geometry": {"type": "Polygon", "coordinates": [[[2530866.81, 1174466.894], [2530866.74, 1174467.014], [2530861.252, 1174478.675], [2530852.165, 1174474.398], [2530857.739, 1174462.64], [2530866.81, 1174466.894]]]}, "properties": {"OBJECTID": 46470865, "EGID": 818742, "NO_COM_FED": 5757, "GENRE_TXT": "b\u00e2timent"}}, {"type": "Feature", "id": 46470910, "geometry": {"type": "Polygon", "coordinates": [[[2530835.154, 1175704.19], [2530833.028, 1175710.055], [2530828.274, 1175723.171], [2530822.624, 1175721.121], [2530822.284, 1175722.081], [2530822.464, 1175722.151], [2530820.084, 1175728.741], [2530819.894, 1175728.671], [2530819.514, 1175729.721], [2530837.774, 1175736.3], [2530848.975, 1175740.2], [2530847.635, 1175744.24], [2530842.265, 1175759.25], [2530824.895, 1175753.011], [2530816.425, 1175749.951], [2530817.265, 1175747.651], [2530815.0640000002, 1175746.856], [2530812.145, 1175754.921], [2530811.515, 1175756.701], [2530817.295, 1175758.781], [2530826.585, 1175762.141], [2530825.785, 1175764.401], [2530810.675, 1175759.021], [2530808.645, 1175764.671], [2530804.255, 1175763.101], [2530798.015, 1175760.862], [2530793.595, 1175759.2719999999], [2530797.095, 1175749.482], [2530799.555, 1175750.372], [2530802.464, 1175742.301], [2530788.914, 1175737.422], [2530792.374, 1175727.712], [2530790.144, 1175726.872], [2530792.154, 1175721.292], [2530797.614, 1175723.2719999999], [2530798.0640000002, 1175722.042], [2530812.644, 1175727.331], [2530813.024, 1175726.291], [2530812.834, 1175726.221], [2530815.224, 1175719.641], [2530815.414, 1175719.701], [2530815.764, 1175718.741], [2530809.334, 1175716.401], [2530811.7939999998, 1175709.431], [2530813.634, 1175704.351], [2530816.144, 1175697.381], [2530816.481, 1175697.502], [2530822.116, 1175699.52], [2530835.154, 1175704.19]]]}, "properties": {"OBJECTID": 46470910, "EGID": 818875, "NO_COM_FED": 5757, "GENRE_TXT": "b\u00e2timent"}}, {"type": "Feature", "id": 46471083, "geometry": {"type": "Polygon", "coordinates": [[[2530246.969, 1174786.033], [2530247.672, 1174789.056], [2530242.748, 1174790.237], [2530242.015, 1174787.204], [2530246.969, 1174786.033]]]}, "properties": {"OBJECTID": 46471083, "EGID": 280071649, "NO_COM_FED": 5757, "GENRE_TXT": "b\u00e2timent"}}, {"type": "Feature", "id": 46471229, "geometry": {"type": "Polygon", "coordinates": [[[2531798.509, 1174848.519], [2531804.473, 1174847.059], [2531805.085, 1174849.559], [2531800.68, 1174850.626], [2531800.3, 1174849.1030000001], [2531798.741, 1174849.461], [2531798.509, 1174848.519]]]}, "properties": {"OBJECTID": 46471229, "EGID": 280139692, "NO_COM_FED": 5757, "GENRE_TXT": "b\u00e2timent"}}, {"type": "Feature", "id": 46471245, "geometry": {"type": "Polygon", "coordinates": [[[2530617.057, 1175968.817], [2530614.007, 1175967.197], [2530614.297, 1175966.6469999999], [2530611.557, 1175965.187], [2530611.927, 1175964.547], [2530608.972, 1175962.963], [2530614.772, 1175952.052], [2530617.467, 1175953.487], [2530618.9359999998, 1175952.577], [2530621.157, 1175953.767], [2530621.437, 1175953.197], [2530627.787, 1175956.567], [2530627.487, 1175957.1570000001], [2530629.697, 1175958.337], [2530629.747, 1175960.077], [2530632.407, 1175961.487], [2530626.607, 1175972.4070000001], [2530623.077, 1175970.507], [2530622.727, 1175971.167], [2530620.627, 1175970.047], [2530620.357, 1175970.587], [2530617.057, 1175968.817]]]}, "properties": {"OBJECTID": 46471245, "EGID": 280134327, "NO_COM_FED": 5757, "GENRE_TXT": "b\u00e2timent"}}, {"type": "Feature", "id": 46471343, "geometry": {"type": "Polygon", "coordinates": [[[2530535.313, 1174545.405], [2530534.198, 1174538.888], [2530548.307, 1174536.474], [2530549.421, 1174542.996], [2530545.673, 1174543.636], [2530535.313, 1174545.405]]]}, "properties": {"OBJECTID": 46471343, "EGID": 190069376, "NO_COM_FED": 5757, "GENRE_TXT": "b\u00e2timent"}}, {"type": "Feature", "id": 46471628, "geometry": {"type": "Polygon", "coordinates": [[[2531362.266, 1174768.873], [2531363.9359999998, 1174776.453], [2531358.876, 1174777.613], [2531357.236, 1174770.033], [2531362.266, 1174768.873]]]}, "properties": {"OBJECTID": 46471628, "EGID": 280025305, "NO_COM_FED": 5757, "GENRE_TXT": "b\u00e2timent"}}, {"type": "Feature", "id": 46471664, "geometry": {"type": "Polygon", "coordinates": [[[2530831.012, 1176511.226], [2530824.288, 1176518.305], [2530819.622, 1176523.217], [2530816.142, 1176519.927], [2530817.372, 1176518.637], [2530815.752, 1176517.107], [2530814.582, 1176518.347], [2530811.162, 1176515.087], [2530822.602, 1176503.167], [2530831.012, 1176511.226]]]}, "properties": {"OBJECTID": 46471664, "EGID": 818174, "NO_COM_FED": 5757, "GENRE_TXT": "b\u00e2timent"}}, {"type": "Feature", "id": 46471692, "geometry": {"type": "Polygon", "coordinates": [[[2530852.368, 1174496.574], [2530853.897, 1174489.295], [2530863.747, 1174491.342], [2530863.653, 1174491.792], [2530862.229, 1174498.628], [2530852.368, 1174496.574]]]}, "properties": {"OBJECTID": 46471692, "EGID": null, "NO_COM_FED": 5757, "GENRE_TXT": "b\u00e2timent"}}, {"type": "Feature", "id": 46471779, "geometry": {"type": "Polygon", "coordinates": [[[2530890.749, 1175831.385], [2530875.756, 1175830.852], [2530876.019, 1175823.337], [2530891.017, 1175823.854], [2530890.749, 1175831.385]]]}, "properties": {"OBJECTID": 46471779, "EGID": 190090906, "NO_COM_FED": 5757, "GENRE_TXT": "b\u00e2timent"}}, {"type": "Feature", "id": 46471937, "geometry": {"type": "Polygon", "coordinates": [[[2530717.512, 1174474.971], [2530725.098, 1174471.154], [2530727.495, 1174475.712], [2530719.988, 1174479.669], [2530717.512, 1174474.971]]]}, "properties": {"OBJECTID": 46471937, "EGID": 280068902, "NO_COM_FED": 5757, "GENRE_TXT": "b\u00e2timent"}}, {"type": "Feature", "id": 46472057, "geometry": {"type": "Polygon", "coordinates": [[[2530821.746, 1175003.222], [2530825.076, 1175001.202], [2530826.176, 1175002.962], [2530831.4359999998, 1174999.701], [2530834.256, 1175004.411], [2530831.306, 1175006.091], [2530831.166, 1175005.861], [2530825.576, 1175009.292], [2530821.746, 1175003.222]]]}, "properties": {"OBJECTID": 46472057, "EGID": 280068002, "NO_COM_FED": 5757, "GENRE_TXT": "b\u00e2timent"}}, {"type": "Feature", "id": 46472411, "geometry": {"type": "Polygon", "coordinates": [[[2530701.549, 1175287.265], [2530701.349, 1175287.125], [2530699.149, 1175288.535], [2530695.759, 1175290.595], [2530694.109, 1175290.956], [2530693.9189999998, 1175280.606], [2530705.999, 1175281.105], [2530701.549, 1175287.265]]]}, "properties": {"OBJECTID": 46472411, "EGID": 818897, "NO_COM_FED": 5757, "GENRE_TXT": "b\u00e2timent"}}, {"type": "Feature", "id": 46472429, "geometry": {"type": "Polygon", "coordinates": [[[2529975.593, 1175776.079], [2529969.003, 1175774.669], [2529969.863, 1175770.639], [2529970.353, 1175770.739], [2529970.833, 1175768.489], [2529964.593, 1175767.159], [2529964.623, 1175767.009], [2529966.163, 1175759.659], [2529966.373, 1175759.709], [2529966.263, 1175760.199], [2529970.423, 1175761.089], [2529970.493, 1175760.749], [2529971.353, 1175760.929], [2529971.543, 1175760.009], [2529983.683, 1175762.579], [2529982.323, 1175768.889], [2529977.363, 1175767.829], [2529976.213, 1175767.579], [2529975.313, 1175771.799], [2529976.453, 1175772.049], [2529975.593, 1175776.079]]]}, "properties": {"OBJECTID": 46472429, "EGID": 818118, "NO_COM_FED": 5757, "GENRE_TXT": "b\u00e2timent"}}, {"type": "Feature", "id": 46472532, "geometry": {"type": "Polygon", "coordinates": [[[2530881.73, 1174272.944], [2530882.521, 1174267.106], [2530886.067, 1174267.557], [2530885.303, 1174273.501], [2530881.72, 1174273.028], [2530881.73, 1174272.944]]]}, "properties": {"OBJECTID": 46472532, "EGID": 280070961, "NO_COM_FED": 5757, "GENRE_TXT": "b\u00e2timent"}}, {"type": "Feature", "id": 46472548, "geometry": {"type": "Polygon", "coordinates": [[[2530651.617, 1174740.37], [2530648.342, 1174743.308], [2530639.342, 1174733.268], [2530645.652, 1174727.608], [2530654.652, 1174737.6469999999], [2530654.247, 1174738.011], [2530651.617, 1174740.37]]]}, "properties": {"OBJECTID": 46472548, "EGID": 818747, "NO_COM_FED": 5757, "GENRE_TXT": "b\u00e2timent"}}, {"type": "Feature", "id": 46472676, "geometry": {"type": "Polygon", "coordinates": [[[2531414.11, 1175184.045], [2531409.5, 1175179.875], [2531412.77, 1175176.255], [2531417.38, 1175180.425], [2531414.11, 1175184.045]]]}, "properties": {"OBJECTID": 46472676, "EGID": 280032380, "NO_COM_FED": 5757, "GENRE_TXT": "b\u00e2timent"}}, {"type": "Feature", "id": 46472695, "geometry": {"type": "Polygon", "coordinates": [[[2530562.632, 1174498.48], [2530568.2939999998, 1174500.41], [2530567.32, 1174503.237], [2530561.648, 1174501.283], [2530562.632, 1174498.48]]]}, "properties": {"OBJECTID": 46472695, "EGID": 280071347, "NO_COM_FED": 5757, "GENRE_TXT": "b\u00e2timent"}}, {"type": "Feature", "id": 46472757, "geometry": {"type": "Polygon", "coordinates": [[[2530818.04, 1174307.5], [2530816.376, 1174318.423], [2530807.233, 1174317.018], [2530808.902, 1174306.081], [2530813.054, 1174306.726], [2530818.04, 1174307.5]]]}, "properties": {"OBJECTID": 46472757, "EGID": 280091431, "NO_COM_FED": 5757, "GENRE_TXT": "b\u00e2timent"}}, {"type": "Feature", "id": 46472770, "geometry": {"type": "Polygon", "coordinates": [[[2530525.2, 1175810.704], [2530525.083, 1175810.115], [2530536.893, 1175807.757], [2530538.524, 1175815.929], [2530537.264, 1175816.179], [2530526.709, 1175818.273], [2530525.2, 1175810.704]]]}, "properties": {"OBJECTID": 46472770, "EGID": 400001070, "NO_COM_FED": 5757, "GENRE_TXT": "b\u00e2timent"}}, {"type": "Feature", "id": 46472859, "geometry": {"type": "Polygon", "coordinates": [[[2530730.264, 1174898.705], [2530735.774, 1174896.625], [2530735.0640000002, 1174892.375], [2530738.584, 1174891.035], [2530741.354, 1174901.464], [2530741.484, 1174901.784], [2530734.404, 1174905.495], [2530734.184, 1174905.125], [2530730.264, 1174898.705]]]}, "properties": {"OBJECTID": 46472859, "EGID": 818731, "NO_COM_FED": 5757, "GENRE_TXT": "b\u00e2timent"}}, {"type": "Feature", "id": 46472917, "geometry": {"type": "Polygon", "coordinates": [[[2530673.154, 1174859.767], [2530672.554, 1174865.677], [2530672.224, 1174868.947], [2530670.824, 1174882.837], [2530671.404, 1174882.997], [2530671.344, 1174887.067], [2530670.354, 1174887.007], [2530660.474, 1174886.4070000001], [2530654.214, 1174886.027], [2530655.074, 1174881.757], [2530659.354, 1174860.817], [2530673.154, 1174859.767]]]}, "properties": {"OBJECTID": 46472917, "EGID": 818859, "NO_COM_FED": 5757, "GENRE_TXT": "b\u00e2timent"}}, {"type": "Feature", "id": 46472978, "geometry": {"type": "Polygon", "coordinates": [[[2530899.757, 1175054.389], [2530903.317, 1175059.729], [2530898.137, 1175063.169], [2530894.587, 1175057.849], [2530899.757, 1175054.389]]]}, "properties": {"OBJECTID": 46472978, "EGID": 280024623, "NO_COM_FED": 5757, "GENRE_TXT": "b\u00e2timent"}}, {"type": "Feature", "id": 46472979, "geometry": {"type": "Polygon", "coordinates": [[[2530753.307, 1176012.994], [2530761.527, 1176010.114], [2530763.417, 1176009.523], [2530765.417, 1176015.873], [2530759.997, 1176017.553], [2530755.187, 1176019.044], [2530753.307, 1176012.994]]]}, "properties": {"OBJECTID": 46472979, "EGID": 3163925, "NO_COM_FED": 5757, "GENRE_TXT": "b\u00e2timent"}}, {"type": "Feature", "id": 46473015, "geometry": {"type": "Polygon", "coordinates": [[[2530785.226, 1174992.703], [2530789.366, 1174999.523], [2530777.106, 1175006.833], [2530772.526, 1175000.273], [2530785.226, 1174992.703]]]}, "properties": {"OBJECTID": 46473015, "EGID": 818649, "NO_COM_FED": 5757, "GENRE_TXT": "b\u00e2timent"}}, {"type": "Feature", "id": 46473212, "geometry": {"type": "Polygon", "coordinates": [[[2530299.388, 1175753.26], [2530293.575, 1175750.335], [2530298.503, 1175740.508], [2530304.333, 1175743.425], [2530299.388, 1175753.26]]]}, "properties": {"OBJECTID": 46473212, "EGID": 280059348, "NO_COM_FED": 5757, "GENRE_TXT": "b\u00e2timent"}}, {"type": "Feature", "id": 46473244, "geometry": {"type": "Polygon", "coordinates": [[[2532309.31, 1176294.305], [2532303.85, 1176290.485], [2532310.69, 1176280.745], [2532316.11, 1176284.615], [2532309.31, 1176294.305]]]}, "properties": {"OBJECTID": 46473244, "EGID": 280015285, "NO_COM_FED": 5757, "GENRE_TXT": "b\u00e2timent"}}, {"type": "Feature", "id": 46473456, "geometry": {"type": "Polygon", "coordinates": [[[2530685.801, 1174308.495], [2530685.683, 1174310.149], [2530686.761, 1174310.2280000001], [2530686.115, 1174319.057], [2530684.978, 1174318.973], [2530684.425, 1174326.525], [2530678.958, 1174326.119], [2530673.994, 1174325.75], [2530674.78, 1174315.488], [2530668.753, 1174315.0320000001], [2530669.146, 1174309.039], [2530675.153, 1174309.479], [2530675.267, 1174307.65], [2530685.801, 1174308.495]]]}, "properties": {"OBJECTID": 46473456, "EGID": 818790, "NO_COM_FED": 5757, "GENRE_TXT": "b\u00e2timent"}}, {"type": "Feature", "id": 46473627, "geometry": {"type": "Polygon", "coordinates": [[[2530730.835, 1175945.232], [2530737.308, 1175951.301], [2530728.926, 1175960.271], [2530728.58, 1175960.641], [2530725.626, 1175957.875], [2530722.104, 1175954.578], [2530730.835, 1175945.232]]]}, "properties": {"OBJECTID": 46473627, "EGID": 280012269, "NO_COM_FED": 5757, "GENRE_TXT": "b\u00e2timent"}}, {"type": "Feature", "id": 46473997, "geometry": {"type": "Polygon", "coordinates": [[[2531809.216, 1176403.8969999999], [2531808.3635919667, 1176404.1312672847], [2531807.484355729, 1176404.223051023], [2531806.6019421625, 1176404.1698822922], [2531805.7400876107, 1176403.9731912964], [2531804.9219753933, 1176403.6382688938], [2531804.1696121898, 1176403.1741242765], [2531803.5032360745, 1176402.5932426285], [2531802.9407721255, 1176401.9112492835], [2531802.497350253, 1176401.1464894132], [2531802.1848982135, 1176400.3195345541], [2531802.0118207596, 1176399.4526292472], [2531801.9827735624, 1176398.5690926737], [2531802.0985379713, 1176397.6926913857], [2531802.356, 1176396.847], [2531794.396, 1176398.037], [2531792.525, 1176385.667], [2531800.495, 1176384.437], [2531799.9920021784, 1176383.6836697038], [2531799.6222203416, 1176382.8567629757], [2531799.396092033, 1176381.979620267], [2531799.32, 1176381.077], [2531799.396092033, 1176380.174379733], [2531799.6222203416, 1176379.2972370242], [2531799.9920021784, 1176378.470330296], [2531800.495, 1176377.717], [2531801.116847979, 1176377.058335367], [2531801.8402352324, 1176376.5131336716], [2531802.644722565, 1176376.0967995042], [2531803.507579311, 1176375.8210963234], [2531804.4044255842, 1176375.69381408], [2531805.309921131, 1176375.7185491144], [2531806.1984813134, 1176375.8946025418], [2531807.045, 1176376.217], [2531806.945, 1176375.567], [2531817.9359999998, 1176373.917], [2531821.316, 1176376.427], [2531822.796, 1176386.047], [2531808.996, 1176388.107], [2531809.896, 1176394.087], [2531810.6381681818, 1176394.566263461], [2531811.2920746678, 1176395.1603285938], [2531811.8401512317, 1176395.8532349037], [2531812.267672934, 1176396.6263663727], [2531812.563153732, 1176397.458951607], [2531812.718655069, 1176398.3286218944], [2531812.729999156, 1176399.2120121738], [2531812.596881218, 1176400.085388776], [2531812.3228776758, 1176400.9252870635], [2531811.9153500674, 1176401.7091418477], [2531811.385247262, 1176402.415893636], [2531810.7468113066, 1176403.02655443], [2531810.0171947875, 1176403.524717866], [2531809.216, 1176403.8969999999]]]}, "properties": {"OBJECTID": 46473997, "EGID": 280002437, "NO_COM_FED": 5757, "GENRE_TXT": "b\u00e2timent"}}, {"type": "Feature", "id": 46474086, "geometry": {"type": "Polygon", "coordinates": [[[2531722.656, 1175622.497], [2531715.536, 1175630.357], [2531705.4359999998, 1175621.207], [2531712.576, 1175613.347], [2531722.656, 1175622.497]]]}, "properties": {"OBJECTID": 46474086, "EGID": 280009924, "NO_COM_FED": 5757, "GENRE_TXT": "b\u00e2timent"}}, {"type": "Feature", "id": 46474413, "geometry": {"type": "Polygon", "coordinates": [[[2530806.511, 1174384.184], [2530817.182, 1174385.959], [2530817.151, 1174386.169], [2530817.362, 1174386.21], [2530815.409, 1174397.88], [2530804.516, 1174396.05], [2530806.511, 1174384.184]]]}, "properties": {"OBJECTID": 46474413, "EGID": 280083141, "NO_COM_FED": 5757, "GENRE_TXT": "b\u00e2timent"}}, {"type": "Feature", "id": 46474646, "geometry": {"type": "Polygon", "coordinates": [[[2530828.743, 1174318.253], [2530827.84, 1174324.175], [2530821.918, 1174323.2719999999], [2530822.813, 1174317.342], [2530828.743, 1174318.253]]]}, "properties": {"OBJECTID": 46474646, "EGID": 280092516, "NO_COM_FED": 5757, "GENRE_TXT": "b\u00e2timent"}}, {"type": "Feature", "id": 46475072, "geometry": {"type": "Polygon", "coordinates": [[[2530898.915, 1175750.118], [2530899.325, 1175753.018], [2530897.615, 1175753.298], [2530898.535, 1175759.7280000001], [2530888.805, 1175761.139], [2530887.295, 1175750.939], [2530897.055, 1175749.538], [2530897.175, 1175750.358], [2530898.915, 1175750.118]]]}, "properties": {"OBJECTID": 46475072, "EGID": 818362, "NO_COM_FED": 5757, "GENRE_TXT": "b\u00e2timent"}}, {"type": "Feature", "id": 46475186, "geometry": {"type": "Polygon", "coordinates": [[[2530762.589, 1174534.528], [2530762.679, 1174534.526], [2530762.513, 1174525.416], [2530773.404, 1174525.2719999999], [2530773.695, 1174541], [2530762.843, 1174541.226], [2530762.827, 1174540.355], [2530762.719, 1174540.35], [2530762.589, 1174534.528]]]}, "properties": {"OBJECTID": 46475186, "EGID": 818764, "NO_COM_FED": 5757, "GENRE_TXT": "b\u00e2timent"}}, {"type": "Feature", "id": 46475312, "geometry": {"type": "Polygon", "coordinates": [[[2530903.046, 1175276.828], [2530894.68, 1175279.89], [2530894.865, 1175280.396], [2530891.863, 1175281.494], [2530891.678, 1175280.988], [2530880.42, 1175285.106], [2530876.486, 1175274.311], [2530899.225, 1175265.96], [2530899.274, 1175266.081], [2530903.188, 1175276.777], [2530903.046, 1175276.828]]]}, "properties": {"OBJECTID": 46475312, "EGID": 280062984, "NO_COM_FED": 5757, "GENRE_TXT": "b\u00e2timent"}}, {"type": "Feature", "id": 46475457, "geometry": {"type": "Polygon", "coordinates": [[[2531050.961, 1176301.238], [2531048.51, 1176291.628], [2531050.63, 1176291.078], [2531050.6, 1176290.9679999999], [2531058.64, 1176288.868], [2531060.76, 1176288.308], [2531061.53, 1176288.108], [2531064.031, 1176297.698], [2531061.901, 1176298.268], [2531061.931, 1176298.388], [2531061.161, 1176298.588], [2531059.031, 1176299.138], [2531050.961, 1176301.238]]]}, "properties": {"OBJECTID": 46475457, "EGID": 818339, "NO_COM_FED": 5757, "GENRE_TXT": "b\u00e2timent"}}, {"type": "Feature", "id": 46475569, "geometry": {"type": "Polygon", "coordinates": [[[2530858.671, 1174348.119], [2530858.516, 1174350.332], [2530856.31, 1174350.1570000001], [2530856.438, 1174347.962], [2530858.671, 1174348.119]]]}, "properties": {"OBJECTID": 46475569, "EGID": 280115014, "NO_COM_FED": 5757, "GENRE_TXT": "b\u00e2timent"}}, {"type": "Feature", "id": 46475617, "geometry": {"type": "Polygon", "coordinates": [[[2531064.029, 1176147.557], [2531066.509, 1176157.1570000001], [2531056.339, 1176159.837], [2531053.879, 1176150.297], [2531054.869, 1176150.057], [2531054.839, 1176149.957], [2531064.029, 1176147.557]]]}, "properties": {"OBJECTID": 46475617, "EGID": 818319, "NO_COM_FED": 5757, "GENRE_TXT": "b\u00e2timent"}}, {"type": "Feature", "id": 46475650, "geometry": {"type": "Polygon", "coordinates": [[[2530591.999, 1174386.933], [2530594.534, 1174388.083], [2530592.59, 1174392.361], [2530592.139, 1174393.3530000001], [2530591.999, 1174393.289], [2530589.607, 1174392.204], [2530591.999, 1174386.933]]]}, "properties": {"OBJECTID": 46475650, "EGID": 280072100, "NO_COM_FED": 5757, "GENRE_TXT": "b\u00e2timent"}}, {"type": "Feature", "id": 46475937, "geometry": {"type": "Polygon", "coordinates": [[[2530726.508, 1175247.405], [2530721.1890000002, 1175254.395], [2530699.898, 1175248.745], [2530701.138, 1175242.095], [2530726.508, 1175247.405]]]}, "properties": {"OBJECTID": 46475937, "EGID": 818484, "NO_COM_FED": 5757, "GENRE_TXT": "b\u00e2timent"}}, {"type": "Feature", "id": 46476022, "geometry": {"type": "Polygon", "coordinates": [[[2530684.506, 1175033.466], [2530683.726, 1175034.356], [2530682.306, 1175035.206], [2530678.676, 1175029.666], [2530685.296, 1175025.326], [2530685.736, 1175026.046], [2530679.736, 1175030.166], [2530682.326, 1175034.106], [2530684.226, 1175033.026], [2530684.506, 1175033.466]]]}, "properties": {"OBJECTID": 46476022, "EGID": 280050025, "NO_COM_FED": 5757, "GENRE_TXT": "b\u00e2timent"}}, {"type": "Feature", "id": 46476199, "geometry": {"type": "Polygon", "coordinates": [[[2530717.285, 1174308.193], [2530717.334, 1174310.515], [2530715.574, 1174310.521], [2530715.56, 1174308.204], [2530717.285, 1174308.193]]]}, "properties": {"OBJECTID": 46476199, "EGID": 280117643, "NO_COM_FED": 5757, "GENRE_TXT": "b\u00e2timent"}}, {"type": "Feature", "id": 46476233, "geometry": {"type": "Polygon", "coordinates": [[[2530488.971, 1174657.4679999999], [2530492.921, 1174655.258], [2530495.301, 1174659.458], [2530491.401, 1174661.698], [2530488.971, 1174657.4679999999]]]}, "properties": {"OBJECTID": 46476233, "EGID": 280037911, "NO_COM_FED": 5757, "GENRE_TXT": "b\u00e2timent"}}, {"type": "Feature", "id": 46476337, "geometry": {"type": "Polygon", "coordinates": [[[2530879.93, 1176308.513], [2530880.89, 1176312.183], [2530875.12, 1176313.713], [2530874.15, 1176310.023], [2530879.93, 1176308.513]]]}, "properties": {"OBJECTID": 46476337, "EGID": 280038536, "NO_COM_FED": 5757, "GENRE_TXT": "b\u00e2timent"}}, {"type": "Feature", "id": 46476400, "geometry": {"type": "Polygon", "coordinates": [[[2531119.076, 1175001.252], [2531114.577, 1175006.662], [2531111.826, 1175004.382], [2531116.286, 1174998.992], [2531119.076, 1175001.252]]]}, "properties": {"OBJECTID": 46476400, "EGID": 280035987, "NO_COM_FED": 5757, "GENRE_TXT": "b\u00e2timent"}}, {"type": "Feature", "id": 46476552, "geometry": {"type": "Polygon", "coordinates": [[[2530718.813, 1174790.105], [2530718.483, 1174790.545], [2530725.913, 1174795.705], [2530721.773, 1174801.745], [2530714.603, 1174796.937], [2530708.293, 1174792.706], [2530700.403, 1174787.376], [2530702.423, 1174784.366], [2530703.483, 1174785.086], [2530704.423, 1174783.786], [2530705.583, 1174784.596], [2530707.283, 1174782.056], [2530708.033, 1174782.586], [2530718.813, 1174790.105]]]}, "properties": {"OBJECTID": 46476552, "EGID": 818701, "NO_COM_FED": 5757, "GENRE_TXT": "b\u00e2timent"}}, {"type": "Feature", "id": 46476715, "geometry": {"type": "Polygon", "coordinates": [[[2530544.6689999998, 1176175.481], [2530543.839, 1176174.741], [2530542.589, 1176176.121], [2530542.649, 1176177.221], [2530543.899, 1176177.151], [2530543.917, 1176177.488], [2530544.409, 1176186.451], [2530532.659, 1176187.092], [2530532.659, 1176186.992], [2530531.749, 1176170.411], [2530533.479, 1176170.321], [2530553.758, 1176147.751], [2530553.658, 1176146.021], [2530570.238, 1176145.13], [2530570.338, 1176145.12], [2530570.978, 1176156.87], [2530562.004, 1176157.342], [2530561.668, 1176157.36], [2530561.598, 1176156.11], [2530560.488, 1176156.17], [2530559.238, 1176157.58], [2530560.078, 1176158.33], [2530544.895, 1176175.23], [2530544.6689999998, 1176175.481]]]}, "properties": {"OBJECTID": 46476715, "EGID": 190091631, "NO_COM_FED": 5757, "GENRE_TXT": "b\u00e2timent"}}, {"type": "Feature", "id": 46476772, "geometry": {"type": "Polygon", "coordinates": [[[2530247.306, 1176022.459], [2530245.212, 1176008.179], [2530247.1890000002, 1176007.889], [2530264.31, 1176005.376], [2530266.406, 1176019.668], [2530247.306, 1176022.459]]]}, "properties": {"OBJECTID": 46476772, "EGID": 190086723, "NO_COM_FED": 5757, "GENRE_TXT": "b\u00e2timent"}}, {"type": "Feature", "id": 46476780, "geometry": {"type": "Polygon", "coordinates": [[[2530923.567, 1175043.048], [2530925.817, 1175046.348], [2530923.007, 1175048.288], [2530920.747, 1175044.969], [2530923.567, 1175043.048]]]}, "properties": {"OBJECTID": 46476780, "EGID": 280047775, "NO_COM_FED": 5757, "GENRE_TXT": "b\u00e2timent"}}, {"type": "Feature", "id": 46476849, "geometry": {"type": "Polygon", "coordinates": [[[2531729.898, 1174701.771], [2531728.598, 1174696.671], [2531730.868, 1174696.101], [2531732.168, 1174701.201], [2531729.898, 1174701.771]]]}, "properties": {"OBJECTID": 46476849, "EGID": 280051020, "NO_COM_FED": 5757, "GENRE_TXT": "b\u00e2timent"}}, {"type": "Feature", "id": 46476884, "geometry": {"type": "Polygon", "coordinates": [[[2530724.776, 1174999.685], [2530729.1859999998, 1175005.945], [2530729.986, 1175006.635], [2530727.986, 1175011.505], [2530726.926, 1175010.795], [2530723.646, 1175006.145], [2530720.796, 1175002.025], [2530724.776, 1174999.685]]]}, "properties": {"OBJECTID": 46476884, "EGID": 818698, "NO_COM_FED": 5757, "GENRE_TXT": "b\u00e2timent"}}, {"type": "Feature", "id": 46476909, "geometry": {"type": "Polygon", "coordinates": [[[2530938.249, 1176198.34], [2530942.299, 1176198.17], [2530942.549, 1176205.89], [2530934.109, 1176206.261], [2530933.779, 1176198.531], [2530938.249, 1176198.34]]]}, "properties": {"OBJECTID": 46476909, "EGID": 818263, "NO_COM_FED": 5757, "GENRE_TXT": "b\u00e2timent"}}, {"type": "Feature", "id": 46476956, "geometry": {"type": "Polygon", "coordinates": [[[2530948.4390000002, 1176159.69], [2530943.209, 1176159.86], [2530943.129, 1176157.62], [2530948.359, 1176157.42], [2530948.4390000002, 1176159.69]]]}, "properties": {"OBJECTID": 46476956, "EGID": 280051155, "NO_COM_FED": 5757, "GENRE_TXT": "b\u00e2timent"}}, {"type": "Feature", "id": 46477081, "geometry": {"type": "Polygon", "coordinates": [[[2531114.268, 1175147.612], [2531117.248, 1175150.992], [2531113.518, 1175154.152], [2531110.628, 1175150.712], [2531114.268, 1175147.612]]]}, "properties": {"OBJECTID": 46477081, "EGID": 280038370, "NO_COM_FED": 5757, "GENRE_TXT": "b\u00e2timent"}}, {"type": "Feature", "id": 46477112, "geometry": {"type": "Polygon", "coordinates": [[[2530873.188, 1176056.071], [2530875.908, 1176055.521], [2530876.248, 1176057.131], [2530873.518, 1176057.691], [2530873.188, 1176056.071]]]}, "properties": {"OBJECTID": 46477112, "EGID": 280130095, "NO_COM_FED": 5757, "GENRE_TXT": "b\u00e2timent"}}, {"type": "Feature", "id": 46477316, "geometry": {"type": "Polygon", "coordinates": [[[2531404.928, 1174946.349], [2531396.708, 1174955.449], [2531390.558, 1174961.829], [2531386.048, 1174957.749], [2531392.108, 1174951.249], [2531389.508, 1174948.77], [2531389.608, 1174948.66], [2531385.039, 1174944.582], [2531383.082, 1174946.737], [2531378.997, 1174943.027], [2531360.438, 1174962.78], [2531345.855, 1174949.134], [2531344.041, 1174951.181], [2531340.068, 1174947.438], [2531341.87, 1174945.405], [2531334.417, 1174938.43], [2531331.634, 1174935.378], [2531341.352, 1174925.017], [2531344.313, 1174927.761], [2531347.052, 1174924.809], [2531349.147, 1174922.55], [2531360.737, 1174910.041], [2531363.367, 1174907.361], [2531397.368, 1174939.16], [2531397.468, 1174938.98], [2531401.118, 1174942.4], [2531400.928, 1174942.58], [2531404.928, 1174946.349]]]}, "properties": {"OBJECTID": 46477316, "EGID": 280000480, "NO_COM_FED": 5757, "GENRE_TXT": "b\u00e2timent"}}, {"type": "Feature", "id": 46477424, "geometry": {"type": "Polygon", "coordinates": [[[2530532.759, 1175354.671], [2530527.332, 1175358.334], [2530523.424, 1175352.512], [2530528.849, 1175348.871], [2530532.759, 1175354.671]]]}, "properties": {"OBJECTID": 46477424, "EGID": 280099687, "NO_COM_FED": 5757, "GENRE_TXT": "b\u00e2timent"}}, {"type": "Feature", "id": 46477525, "geometry": {"type": "Polygon", "coordinates": [[[2530710.671, 1175987.859], [2530712.82, 1175996.085], [2530712.429, 1175996.188], [2530713.125, 1175998.883], [2530713.502, 1175998.786], [2530715.641, 1176007.009], [2530704.219, 1176009.974], [2530704.106, 1176009.538], [2530699.232, 1175990.82], [2530710.671, 1175987.859]]]}, "properties": {"OBJECTID": 46477525, "EGID": 280103481, "NO_COM_FED": 5757, "GENRE_TXT": "b\u00e2timent"}}, {"type": "Feature", "id": 46477855, "geometry": {"type": "Polygon", "coordinates": [[[2530947.728, 1175188.737], [2530950.508, 1175197.3969999999], [2530940.938, 1175200.378], [2530938.258, 1175191.768], [2530947.728, 1175188.737]]]}, "properties": {"OBJECTID": 46477855, "EGID": 818431, "NO_COM_FED": 5757, "GENRE_TXT": "b\u00e2timent"}}, {"type": "Feature", "id": 46477895, "geometry": {"type": "Polygon", "coordinates": [[[2530326.666, 1175754.651], [2530321.73, 1175764.469], [2530315.909, 1175761.553], [2530320.839, 1175751.731], [2530326.666, 1175754.651]]]}, "properties": {"OBJECTID": 46477895, "EGID": 280059338, "NO_COM_FED": 5757, "GENRE_TXT": "b\u00e2timent"}}, {"type": "Feature", "id": 46478056, "geometry": {"type": "Polygon", "coordinates": [[[2530429.682, 1176301.668], [2530431.207, 1176327.766], [2530429.357, 1176327.886], [2530430.202, 1176341.608], [2530414.1, 1176342.612], [2530413.978, 1176340.669], [2530390.265, 1176342.155], [2530388.77, 1176318.277], [2530390.711, 1176318.144], [2530389.718, 1176302.206], [2530405.829, 1176301.19], [2530405.949, 1176303.134], [2530429.682, 1176301.668]], [[2530399.446, 1176321.872], [2530399.87, 1176328.737], [2530411.8109999998, 1176328.01], [2530412.0609999998, 1176332.301], [2530421.117, 1176331.731], [2530420.094, 1176315.054], [2530412.049, 1176315.557], [2530411.785, 1176311.247], [2530404.765, 1176311.676], [2530405.385, 1176321.504], [2530399.446, 1176321.872]]]}, "properties": {"OBJECTID": 46478056, "EGID": 280102380, "NO_COM_FED": 5757, "GENRE_TXT": "b\u00e2timent"}}, {"type": "Feature", "id": 46478112, "geometry": {"type": "Polygon", "coordinates": [[[2531194.746, 1174904.542], [2531192.426, 1174909.652], [2531189.926, 1174908.552], [2531192.236, 1174903.432], [2531194.746, 1174904.542]]]}, "properties": {"OBJECTID": 46478112, "EGID": 280048362, "NO_COM_FED": 5757, "GENRE_TXT": "b\u00e2timent"}}, {"type": "Feature", "id": 46478118, "geometry": {"type": "Polygon", "coordinates": [[[2531242.005, 1174776.864], [2531243.075, 1174782.944], [2531239.819, 1174783.619], [2531240.222, 1174785.643], [2531235.67, 1174786.551], [2531235.262, 1174784.502], [2531235.155, 1174784.524], [2531233.905, 1174778.434], [2531242.005, 1174776.864]]]}, "properties": {"OBJECTID": 46478118, "EGID": 818464, "NO_COM_FED": 5757, "GENRE_TXT": "b\u00e2timent"}}, {"type": "Feature", "id": 46478141, "geometry": {"type": "Polygon", "coordinates": [[[2531275.918, 1174695.062], [2531284.368, 1174693], [2531284.971, 1174695.404], [2531283.463, 1174695.778], [2531283.619, 1174696.404], [2531276.603, 1174698.004], [2531275.918, 1174695.062]]]}, "properties": {"OBJECTID": 46478141, "EGID": 280130808, "NO_COM_FED": 5757, "GENRE_TXT": "b\u00e2timent"}}, {"type": "Feature", "id": 46478204, "geometry": {"type": "Polygon", "coordinates": [[[2530817.666, 1175904.561], [2530812.196, 1175904.861], [2530812.016, 1175901.581], [2530817.506, 1175901.221], [2530817.666, 1175904.561]]]}, "properties": {"OBJECTID": 46478204, "EGID": 280041756, "NO_COM_FED": 5757, "GENRE_TXT": "b\u00e2timent"}}, {"type": "Feature", "id": 46478261, "geometry": {"type": "Polygon", "coordinates": [[[2530292.545, 1176033.929], [2530292.834, 1176035.908], [2530295.063, 1176051.16], [2530286.538, 1176052.404], [2530285.788, 1176047.263], [2530278.299, 1176048.355], [2530275.591, 1176029.733], [2530283.077, 1176028.637], [2530282.325, 1176023.496], [2530290.837, 1176022.248], [2530292.545, 1176033.929]]]}, "properties": {"OBJECTID": 46478261, "EGID": 190098200, "NO_COM_FED": 5757, "GENRE_TXT": "b\u00e2timent"}}, {"type": "Feature", "id": 46478294, "geometry": {"type": "Polygon", "coordinates": [[[2530661.836, 1175069.447], [2530646.876, 1175074.177], [2530646.886, 1175065.277], [2530660.586, 1175061.6570000001], [2530662.656, 1175069.217], [2530661.836, 1175069.447]]]}, "properties": {"OBJECTID": 46478294, "EGID": 818602, "NO_COM_FED": 5757, "GENRE_TXT": "b\u00e2timent"}}, {"type": "Feature", "id": 46478339, "geometry": {"type": "Polygon", "coordinates": [[[2530693.3310000002, 1175438.205], [2530693.421, 1175447.155], [2530692.661, 1175455.685], [2530681.191, 1175456.756], [2530680.666, 1175456.804], [2530680.917, 1175458.727], [2530669.238, 1175460.011], [2530668.029, 1175449.125], [2530666.274, 1175449.268], [2530665.721, 1175443.106], [2530677.551, 1175442.046], [2530678.121, 1175448.296], [2530682.871, 1175447.936], [2530682.491, 1175438.646], [2530693.3310000002, 1175438.205]]]}, "properties": {"OBJECTID": 46478339, "EGID": 818481, "NO_COM_FED": 5757, "GENRE_TXT": "b\u00e2timent"}}, {"type": "Feature", "id": 46478441, "geometry": {"type": "Polygon", "coordinates": [[[2530692.131, 1174536.274], [2530692.885, 1174539.4679999999], [2530688.412, 1174540.525], [2530687.658, 1174537.331], [2530692.131, 1174536.274]]]}, "properties": {"OBJECTID": 46478441, "EGID": 280072259, "NO_COM_FED": 5757, "GENRE_TXT": "b\u00e2timent"}}, {"type": "Feature", "id": 46478587, "geometry": {"type": "Polygon", "coordinates": [[[2531903.722, 1175009.753], [2531907.992, 1175025.363], [2531881.202, 1175032.003], [2531877.572, 1175016.253], [2531903.722, 1175009.753]]]}, "properties": {"OBJECTID": 46478587, "EGID": 280003104, "NO_COM_FED": 5757, "GENRE_TXT": "b\u00e2timent"}}, {"type": "Feature", "id": 46478963, "geometry": {"type": "Polygon", "coordinates": [[[2530720.457, 1175963.814], [2530716.677, 1175967.814], [2530715.277, 1175969.294], [2530708.857, 1175963.185], [2530714.027, 1175957.714], [2530720.187, 1175963.574], [2530720.457, 1175963.814]]]}, "properties": {"OBJECTID": 46478963, "EGID": 818281, "NO_COM_FED": 5757, "GENRE_TXT": "b\u00e2timent"}}, {"type": "Feature", "id": 46479585, "geometry": {"type": "Polygon", "coordinates": [[[2530967.526, 1175878.837], [2530968.276, 1175881.507], [2530963.416, 1175882.837], [2530962.606, 1175879.917], [2530964.026, 1175879.527], [2530961.256, 1175869.387], [2530969.546, 1175867.116], [2530972.446, 1175877.456], [2530967.526, 1175878.837]]]}, "properties": {"OBJECTID": 46479585, "EGID": 818369, "NO_COM_FED": 5757, "GENRE_TXT": "b\u00e2timent"}}, {"type": "Feature", "id": 46479821, "geometry": {"type": "Polygon", "coordinates": [[[2530211.307, 1174538.458], [2530206.123, 1174541.414], [2530201.459, 1174533.291], [2530213.488, 1174526.404], [2530218.139, 1174534.527], [2530213.812, 1174537.018], [2530213.7012141156, 1174537.32229231], [2530213.5440015546, 1174537.6054027705], [2530213.3442662824, 1174537.86030107], [2530213.106968204, 1174538.0806574724], [2530212.838, 1174538.261], [2530212.551284597, 1174538.3941102452], [2530212.2476022667, 1174538.4818661688], [2530211.9340794417, 1174538.5222084266], [2530211.618073477, 1174538.5141903174], [2530211.307, 1174538.458]]]}, "properties": {"OBJECTID": 46479821, "EGID": 3163905, "NO_COM_FED": 5757, "GENRE_TXT": "b\u00e2timent"}}, {"type": "Feature", "id": 46479972, "geometry": {"type": "Polygon", "coordinates": [[[2531663.7939999998, 1176408.986], [2531663.746387498, 1176409.5302133888], [2531663.6049966738, 1176410.057891129], [2531663.3741236157, 1176410.553], [2531663.0607832847, 1176411.0004963686], [2531662.674496369, 1176411.3867832846], [2531662.227, 1176411.7001236153], [2531661.731891129, 1176411.9309966734], [2531661.2042133887, 1176412.0723874979], [2531660.66, 1176412.1199999999], [2531660.1157866116, 1176412.0723874979], [2531659.588108871, 1176411.9309966734], [2531659.0930000003, 1176411.7001236153], [2531658.6455036313, 1176411.3867832846], [2531658.2592167156, 1176411.0004963686], [2531657.9458763846, 1176410.5529999998], [2531657.7150033265, 1176410.057891129], [2531657.5736125023, 1176409.5302133888], [2531657.526, 1176408.986], [2531657.5736125023, 1176408.4417866112], [2531657.7150033265, 1176407.914108871], [2531657.9458763846, 1176407.419], [2531658.2592167156, 1176406.9715036314], [2531658.6455036313, 1176406.5852167155], [2531659.0930000003, 1176406.2718763847], [2531659.588108871, 1176406.0410033267], [2531660.1157866116, 1176405.8996125022], [2531660.66, 1176405.8520000002], [2531661.2042133887, 1176405.8996125022], [2531661.731891129, 1176406.0410033267], [2531662.227, 1176406.2718763847], [2531662.674496369, 1176406.5852167155], [2531663.0607832847, 1176406.9715036314], [2531663.3741236157, 1176407.4190000002], [2531663.6049966738, 1176407.914108871], [2531663.746387498, 1176408.4417866112], [2531663.7939999998, 1176408.986]]]}, "properties": {"OBJECTID": 46479972, "EGID": 280132742, "NO_COM_FED": 5757, "GENRE_TXT": "b\u00e2timent"}}, {"type": "Feature", "id": 46480056, "geometry": {"type": "Polygon", "coordinates": [[[2530370.856, 1175786.886], [2530372.798, 1175776.05], [2530379.204, 1175777.196], [2530377.273, 1175788.037], [2530370.856, 1175786.886]]]}, "properties": {"OBJECTID": 46480056, "EGID": 280059351, "NO_COM_FED": 5757, "GENRE_TXT": "b\u00e2timent"}}, {"type": "Feature", "id": 46480104, "geometry": {"type": "Polygon", "coordinates": [[[2530800.797, 1175989.692], [2530806.49, 1175988.361], [2530806.787, 1175988.292], [2530808.247, 1175994.5320000001], [2530802.257, 1175995.942], [2530800.797, 1175989.692]]]}, "properties": {"OBJECTID": 46480104, "EGID": 280025446, "NO_COM_FED": 5757, "GENRE_TXT": "b\u00e2timent"}}, {"type": "Feature", "id": 46480117, "geometry": {"type": "Polygon", "coordinates": [[[2531106.446, 1174988.183], [2531104.266, 1174991.973], [2531099.766, 1174989.363], [2531101.9560000002, 1174985.633], [2531106.446, 1174988.183]]]}, "properties": {"OBJECTID": 46480117, "EGID": 280039251, "NO_COM_FED": 5757, "GENRE_TXT": "b\u00e2timent"}}, {"type": "Feature", "id": 46480140, "geometry": {"type": "Polygon", "coordinates": [[[2530795.466, 1174990.713], [2530790.345, 1174981.983], [2530794.884, 1174979.1], [2530794.975, 1174979.043], [2530798.291, 1174977.036], [2530798.395, 1174976.973], [2530798.825, 1174977.573], [2530803.876, 1174985.642], [2530795.466, 1174990.713]]]}, "properties": {"OBJECTID": 46480140, "EGID": 818665, "NO_COM_FED": 5757, "GENRE_TXT": "b\u00e2timent"}}, {"type": "Feature", "id": 46480294, "geometry": {"type": "Polygon", "coordinates": [[[2530713.566, 1175930.169], [2530711.466, 1175932.404], [2530711.766, 1175932.694], [2530710.026, 1175934.554], [2530709.726, 1175934.264], [2530703.067, 1175941.375], [2530698.746, 1175937.315], [2530703.606, 1175932.144], [2530698.056, 1175926.925], [2530703.486, 1175921.144], [2530710.556, 1175927.794], [2530712.126, 1175926.114], [2530714.906, 1175928.744], [2530713.566, 1175930.169]]]}, "properties": {"OBJECTID": 46480294, "EGID": 818280, "NO_COM_FED": 5757, "GENRE_TXT": "b\u00e2timent"}}, {"type": "Feature", "id": 46480383, "geometry": {"type": "Polygon", "coordinates": [[[2530927.192, 1176490.449], [2530925.672, 1176490.454], [2530925.672, 1176489.904], [2530920.042, 1176489.944], [2530920.002, 1176482.884], [2530925.622, 1176482.863], [2530925.622, 1176482.303], [2530932.542, 1176482.283], [2530932.572, 1176490.433], [2530927.192, 1176490.449]]]}, "properties": {"OBJECTID": 46480383, "EGID": 818154, "NO_COM_FED": 5757, "GENRE_TXT": "b\u00e2timent"}}, {"type": "Feature", "id": 46480671, "geometry": {"type": "Polygon", "coordinates": [[[2531058.651, 1175381.944], [2531058.4610104095, 1175379.9800575485], [2531057.951, 1175378.074], [2531066.801, 1175373.963], [2531068.471, 1175377.6030000001], [2531058.651, 1175381.944]]]}, "properties": {"OBJECTID": 46480671, "EGID": 280025055, "NO_COM_FED": 5757, "GENRE_TXT": "b\u00e2timent"}}, {"type": "Feature", "id": 46480733, "geometry": {"type": "Polygon", "coordinates": [[[2530079.357, 1174660.18], [2530079.352, 1174649.036], [2530085.24, 1174649.034], [2530085.244, 1174660.178], [2530079.357, 1174660.18]]]}, "properties": {"OBJECTID": 46480733, "EGID": 280094785, "NO_COM_FED": 5757, "GENRE_TXT": "b\u00e2timent"}}, {"type": "Feature", "id": 46480902, "geometry": {"type": "Polygon", "coordinates": [[[2530985.635, 1175041.763], [2530976.4359999998, 1175034.939], [2530981.176, 1175028.582], [2530990.371, 1175035.409], [2530985.635, 1175041.763]]]}, "properties": {"OBJECTID": 46480902, "EGID": 190087721, "NO_COM_FED": 5757, "GENRE_TXT": "b\u00e2timent"}}, {"type": "Feature", "id": 46480968, "geometry": {"type": "Polygon", "coordinates": [[[2530913.651, 1176028.817], [2530913.698, 1176029.036], [2530900.479, 1176031.802], [2530899.502, 1176027.155], [2530898.146, 1176027.443], [2530895.5439999998, 1176014.941], [2530896.667, 1176014.704], [2530895.017, 1176006.881], [2530902.715, 1176002.988], [2530903.7, 1176004.929], [2530907.698, 1176002.9], [2530911.02, 1176009.455], [2530914.753, 1176016.82], [2530912.758, 1176017.811], [2530914.224, 1176024.802], [2530912.857, 1176025.084], [2530913.651, 1176028.817]]]}, "properties": {"OBJECTID": 46480968, "EGID": 280102457, "NO_COM_FED": 5757, "GENRE_TXT": "b\u00e2timent"}}, {"type": "Feature", "id": 46481020, "geometry": {"type": "Polygon", "coordinates": [[[2530407.082, 1175917.408], [2530407.042, 1175917.919], [2530401.053, 1175917.453], [2530401.518, 1175911.461], [2530407.521, 1175911.899], [2530407.082, 1175917.408]]]}, "properties": {"OBJECTID": 46481020, "EGID": 280027484, "NO_COM_FED": 5757, "GENRE_TXT": "b\u00e2timent"}}, {"type": "Feature", "id": 46481107, "geometry": {"type": "Polygon", "coordinates": [[[2530348.447, 1174480.909], [2530349.9, 1174489.2820000001], [2530340.568, 1174490.92], [2530339.89, 1174491.039], [2530338.418, 1174482.701], [2530348.447, 1174480.909]]]}, "properties": {"OBJECTID": 46481107, "EGID": 818842, "NO_COM_FED": 5757, "GENRE_TXT": "b\u00e2timent"}}, {"type": "Feature", "id": 46481116, "geometry": {"type": "Polygon", "coordinates": [[[2530622.917, 1176035.438], [2530628.527, 1176035.1469999999], [2530628.627, 1176036.967], [2530641.287, 1176036.277], [2530641.287, 1176036.167], [2530643.147, 1176036.067], [2530643.137, 1176035.837], [2530646.947, 1176035.637], [2530647.337, 1176042.607], [2530646.597, 1176042.6469999999], [2530646.837, 1176046.917], [2530643.737, 1176047.097], [2530644.291, 1176057.515], [2530646.928, 1176107.148], [2530632.338, 1176107.918], [2530632.438, 1176109.618], [2530626.828, 1176109.928], [2530626.028, 1176093.138], [2530631.038, 1176092.878], [2530628.818, 1176051.9780000001], [2530623.828, 1176052.248], [2530622.917, 1176035.438]]]}, "properties": {"OBJECTID": 46481116, "EGID": 818978, "NO_COM_FED": 5757, "GENRE_TXT": "b\u00e2timent"}}, {"type": "Feature", "id": 46481269, "geometry": {"type": "Polygon", "coordinates": [[[2530637.576, 1175077.168], [2530624.646, 1175075.618], [2530626.356, 1175065.858], [2530638.216, 1175068.538], [2530637.606, 1175076.798], [2530637.576, 1175077.168]]]}, "properties": {"OBJECTID": 46481269, "EGID": 818596, "NO_COM_FED": 5757, "GENRE_TXT": "b\u00e2timent"}}, {"type": "Feature", "id": 46481290, "geometry": {"type": "Polygon", "coordinates": [[[2531084.342, 1175348.612], [2531088.509, 1175357.691], [2531079.888, 1175361.666], [2531077.375, 1175356.216], [2531076.83, 1175356.467], [2531073.018, 1175348.201], [2531082.208, 1175343.964], [2531084.342, 1175348.612]]]}, "properties": {"OBJECTID": 46481290, "EGID": null, "NO_COM_FED": 5757, "GENRE_TXT": "b\u00e2timent"}}, {"type": "Feature", "id": 46481579, "geometry": {"type": "Polygon", "coordinates": [[[2530949.218, 1176070.239], [2530947.212, 1176062.072], [2530946.148, 1176057.739], [2530953.518, 1176055.939], [2530954.638, 1176055.669], [2530955.788, 1176060.339], [2530954.668, 1176060.609], [2530956.598, 1176068.439], [2530949.218, 1176070.239]]]}, "properties": {"OBJECTID": 46481579, "EGID": 818254, "NO_COM_FED": 5757, "GENRE_TXT": "b\u00e2timent"}}, {"type": "Feature", "id": 46481633, "geometry": {"type": "Polygon", "coordinates": [[[2531049.902, 1174815.566], [2531051.8310000002, 1174808.621], [2531060.057, 1174779.011], [2531076.822, 1174783.669], [2531063.385, 1174832.037], [2531046.62, 1174827.38], [2531049.902, 1174815.566]]]}, "properties": {"OBJECTID": 46481633, "EGID": 280102859, "NO_COM_FED": 5757, "GENRE_TXT": "b\u00e2timent"}}, {"type": "Feature", "id": 46481757, "geometry": {"type": "Polygon", "coordinates": [[[2530637.698, 1175221.877], [2530632.528, 1175222.7179999999], [2530632.008, 1175222.808], [2530628.478, 1175223.388], [2530628.368, 1175222.568], [2530620.498, 1175223.7179999999], [2530618.488, 1175207.538], [2530629.908, 1175205.898], [2530629.958, 1175206.268], [2530630.978, 1175214.548], [2530637.038, 1175213.937], [2530637.698, 1175221.877]]]}, "properties": {"OBJECTID": 46481757, "EGID": 818567, "NO_COM_FED": 5757, "GENRE_TXT": "b\u00e2timent"}}, {"type": "Feature", "id": 46481820, "geometry": {"type": "Polygon", "coordinates": [[[2530443.918, 1174886.588], [2530435.793, 1174880.461], [2530438.624, 1174876.761], [2530436.391, 1174875.053], [2530441.942, 1174867.839], [2530452.346, 1174875.687], [2530443.918, 1174886.588]]]}, "properties": {"OBJECTID": 46481820, "EGID": 190087727, "NO_COM_FED": 5757, "GENRE_TXT": "b\u00e2timent"}}, {"type": "Feature", "id": 46481846, "geometry": {"type": "Polygon", "coordinates": [[[2530660.586, 1175061.6570000001], [2530646.886, 1175065.277], [2530646.976, 1175057.867], [2530658.836, 1175055.287], [2530660.586, 1175061.6570000001]]]}, "properties": {"OBJECTID": 46481846, "EGID": 818603, "NO_COM_FED": 5757, "GENRE_TXT": "b\u00e2timent"}}, {"type": "Feature", "id": 46481893, "geometry": {"type": "Polygon", "coordinates": [[[2530833.466, 1176381.655], [2530833.411, 1176390.035], [2530831.211, 1176390.025], [2530831.201, 1176392.225], [2530830.341, 1176393.065], [2530826.571, 1176393.045], [2530825.731, 1176392.195], [2530825.741, 1176390.005], [2530823.541, 1176389.995], [2530823.571, 1176384.315], [2530822.5609999998, 1176384.295], [2530822.5810000002, 1176381.595], [2530833.466, 1176381.655]]]}, "properties": {"OBJECTID": 46481893, "EGID": 3163902, "NO_COM_FED": 5757, "GENRE_TXT": "b\u00e2timent"}}, {"type": "Feature", "id": 46482042, "geometry": {"type": "Polygon", "coordinates": [[[2530924.9, 1175398.705], [2530927.653, 1175397.485], [2530929.454, 1175401.578], [2530926.762, 1175402.812], [2530924.9, 1175398.705]]]}, "properties": {"OBJECTID": 46482042, "EGID": 281011649, "NO_COM_FED": 5757, "GENRE_TXT": "b\u00e2timent"}}, {"type": "Feature", "id": 46482082, "geometry": {"type": "Polygon", "coordinates": [[[2530719.381, 1175424.855], [2530708.87, 1175422.365], [2530708.19, 1175412.625], [2530709.81, 1175410.785], [2530721.55, 1175413.754], [2530719.381, 1175424.855]]]}, "properties": {"OBJECTID": 46482082, "EGID": 818482, "NO_COM_FED": 5757, "GENRE_TXT": "b\u00e2timent"}}, {"type": "Feature", "id": 46482205, "geometry": {"type": "Polygon", "coordinates": [[[2531289.906, 1174831.043], [2531279.196, 1174837.253], [2531274.036, 1174838.203], [2531273.516, 1174835.273], [2531272.746, 1174835.3530000001], [2531269.736, 1174817.0929999999], [2531287.286, 1174814.243], [2531289.496, 1174828.433], [2531289.906, 1174831.043]]]}, "properties": {"OBJECTID": 46482205, "EGID": 819016, "NO_COM_FED": 5757, "GENRE_TXT": "b\u00e2timent"}}, {"type": "Feature", "id": 46482251, "geometry": {"type": "Polygon", "coordinates": [[[2530970.3109999998, 1176385.611], [2530966.8310000002, 1176375.361], [2530974.411, 1176372.771], [2530976.441, 1176378.751], [2530977.381, 1176378.421], [2530978.8310000002, 1176382.691], [2530970.3109999998, 1176385.611]]]}, "properties": {"OBJECTID": 46482251, "EGID": 818169, "NO_COM_FED": 5757, "GENRE_TXT": "b\u00e2timent"}}, {"type": "Feature", "id": 46482263, "geometry": {"type": "Polygon", "coordinates": [[[2530672.565, 1175494.158], [2530672.5, 1175493.351], [2530679.868, 1175492.848], [2530684.101, 1175492.565], [2530684.909, 1175504.823], [2530686.191, 1175504.736], [2530686.531, 1175509.945], [2530680.151, 1175510.336], [2530679.845, 1175505.602], [2530673.355, 1175506.054], [2530672.565, 1175494.158]]]}, "properties": {"OBJECTID": 46482263, "EGID": 818349, "NO_COM_FED": 5757, "GENRE_TXT": "b\u00e2timent"}}, {"type": "Feature", "id": 46482274, "geometry": {"type": "Polygon", "coordinates": [[[2530738.361, 1175501.664], [2530722.721, 1175502.154], [2530722.411, 1175490.994], [2530738.041, 1175490.544], [2530738.361, 1175501.664]]]}, "properties": {"OBJECTID": 46482274, "EGID": 818351, "NO_COM_FED": 5757, "GENRE_TXT": "b\u00e2timent"}}, {"type": "Feature", "id": 46482452, "geometry": {"type": "Polygon", "coordinates": [[[2531038.4189999998, 1176192.208], [2531047.599, 1176189.787], [2531048.559, 1176189.527], [2531050.489, 1176189.017], [2531052.15, 1176195.457], [2531050.22, 1176195.967], [2531051.1, 1176199.127], [2531050.13, 1176199.387], [2531039.92, 1176202.078], [2531037.459, 1176192.568], [2531038.449, 1176192.328], [2531038.4189999998, 1176192.208]]]}, "properties": {"OBJECTID": 46482452, "EGID": 818323, "NO_COM_FED": 5757, "GENRE_TXT": "b\u00e2timent"}}, {"type": "Feature", "id": 46482496, "geometry": {"type": "Polygon", "coordinates": [[[2532313.379, 1176199.824], [2532306.639, 1176208.894], [2532301.057, 1176204.735], [2532299.553, 1176206.751], [2532293.758, 1176202.426], [2532295.258, 1176200.414], [2532301.868, 1176191.454], [2532313.379, 1176199.824]]]}, "properties": {"OBJECTID": 46482496, "EGID": 280009082, "NO_COM_FED": 5757, "GENRE_TXT": "b\u00e2timent"}}, {"type": "Feature", "id": 46482688, "geometry": {"type": "Polygon", "coordinates": [[[2530131.25, 1175462.956], [2530136.54, 1175463.646], [2530135.72, 1175469.886], [2530130.44, 1175469.196], [2530131.25, 1175462.956]]]}, "properties": {"OBJECTID": 46482688, "EGID": 280030292, "NO_COM_FED": 5757, "GENRE_TXT": "b\u00e2timent"}}, {"type": "Feature", "id": 46482708, "geometry": {"type": "Polygon", "coordinates": [[[2531459.844, 1175558.851], [2531462.234, 1175562.95], [2531459.424, 1175564.591], [2531457.074, 1175560.471], [2531459.844, 1175558.851]]]}, "properties": {"OBJECTID": 46482708, "EGID": 280048506, "NO_COM_FED": 5757, "GENRE_TXT": "b\u00e2timent"}}, {"type": "Feature", "id": 46482719, "geometry": {"type": "Polygon", "coordinates": [[[2530684.757, 1174819.307], [2530686.838, 1174811.524], [2530689.471, 1174812.055], [2530692.334, 1174812.635], [2530696.237, 1174813.299], [2530707.222, 1174814.711], [2530709.449, 1174819.869], [2530715.252, 1174820.582], [2530714.647, 1174825.299], [2530714.3, 1174827.884], [2530705.187, 1174825.431], [2530702.323, 1174824.659], [2530702.375, 1174824.465], [2530697.444, 1174823.138], [2530697.296, 1174823.688], [2530696.882, 1174823.577], [2530696.57, 1174824.736], [2530693.509, 1174823.895], [2530693.603, 1174823.553], [2530685.773, 1174821.444], [2530685.977, 1174820.69], [2530684.523, 1174820.396], [2530684.757, 1174819.307]]]}, "properties": {"OBJECTID": 46482719, "EGID": 280095265, "NO_COM_FED": 5757, "GENRE_TXT": "b\u00e2timent"}}, {"type": "Feature", "id": 46482811, "geometry": {"type": "Polygon", "coordinates": [[[2530746.698, 1175185.594], [2530746.538, 1175185.284], [2530726.888, 1175194.845], [2530723.848, 1175189.585], [2530741.208, 1175179.524], [2530741.108, 1175179.244], [2530747.578, 1175176.404], [2530747.748, 1175176.724], [2530752.288, 1175174.664], [2530755.448, 1175180.854], [2530751.258, 1175182.884], [2530751.408, 1175183.224], [2530746.698, 1175185.594]]]}, "properties": {"OBJECTID": 46482811, "EGID": 818507, "NO_COM_FED": 5757, "GENRE_TXT": "b\u00e2timent"}}, {"type": "Feature", "id": 46482820, "geometry": {"type": "Polygon", "coordinates": [[[2530972.837, 1175176.248], [2530970.363, 1175170.567], [2530977.033, 1175167.621], [2530977.898, 1175169.564], [2530979.496, 1175168.865], [2530983.51, 1175167.11], [2530986.685, 1175174.27], [2530977.595, 1175178.285], [2530976.245, 1175175.259], [2530973.023, 1175176.676], [2530972.837, 1175176.248]]]}, "properties": {"OBJECTID": 46482820, "EGID": 818432, "NO_COM_FED": 5757, "GENRE_TXT": "b\u00e2timent"}}, {"type": "Feature", "id": 46482868, "geometry": {"type": "Polygon", "coordinates": [[[2530843.265, 1174375.358], [2530842.066, 1174389.288], [2530832.125, 1174388.465], [2530833.299, 1174374.51], [2530843.265, 1174375.358]]]}, "properties": {"OBJECTID": 46482868, "EGID": 280052919, "NO_COM_FED": 5757, "GENRE_TXT": "b\u00e2timent"}}, {"type": "Feature", "id": 46482909, "geometry": {"type": "Polygon", "coordinates": [[[2530708.816, 1175083.025], [2530706.996, 1175082.455], [2530706.856, 1175082.415], [2530707.106, 1175081.615], [2530706.066, 1175080.045], [2530705.866, 1175080.175], [2530694.896, 1175064.066], [2530700.526, 1175061.346], [2530704.896, 1175068.345], [2530708.306, 1175073.095], [2530710.216, 1175075.005], [2530710.976, 1175076.395], [2530711.506, 1175079.345], [2530711.476, 1175079.645], [2530710.056, 1175079.505], [2530709.356, 1175081.795], [2530709.216, 1175081.745], [2530708.816, 1175083.025]]]}, "properties": {"OBJECTID": 46482909, "EGID": 818973, "NO_COM_FED": 5757, "GENRE_TXT": "b\u00e2timent"}}, {"type": "Feature", "id": 46482930, "geometry": {"type": "Polygon", "coordinates": [[[2530712.766, 1175077.115], [2530710.826, 1175072.245], [2530723.726, 1175066.475], [2530723.816, 1175066.835], [2530722.9359999998, 1175067.055], [2530723.836, 1175076.875], [2530712.766, 1175077.115]]]}, "properties": {"OBJECTID": 46482930, "EGID": 818635, "NO_COM_FED": 5757, "GENRE_TXT": "b\u00e2timent"}}, {"type": "Feature", "id": 46483132, "geometry": {"type": "Polygon", "coordinates": [[[2530579.327, 1174348.307], [2530580.0810000002, 1174344.348], [2530580.425, 1174344.413], [2530580.959, 1174341.604], [2530588.92, 1174343.127], [2530589.423, 1174340.5], [2530593.155, 1174341.203], [2530592.46, 1174344.977], [2530593.038, 1174345.084], [2530591.305, 1174354.242], [2530585.902, 1174353.223], [2530585.646, 1174354.578], [2530585.351, 1174354.523], [2530585.368, 1174354.434], [2530584.022, 1174354.18], [2530584.261, 1174352.913], [2530578.652, 1174351.855], [2530579.327, 1174348.307]]]}, "properties": {"OBJECTID": 46483132, "EGID": 818779, "NO_COM_FED": 5757, "GENRE_TXT": "b\u00e2timent"}}, {"type": "Feature", "id": 46483248, "geometry": {"type": "Polygon", "coordinates": [[[2530663.823, 1174653.01], [2530664.493, 1174651.393], [2530664.196, 1174651.27], [2530667.4560000002, 1174643.6], [2530676.12, 1174647.277], [2530673.559, 1174653.367], [2530672.887, 1174654.966], [2530668.931, 1174653.2719999999], [2530668.238, 1174654.89], [2530663.823, 1174653.01]]]}, "properties": {"OBJECTID": 46483248, "EGID": 818754, "NO_COM_FED": 5757, "GENRE_TXT": "b\u00e2timent"}}, {"type": "Feature", "id": 46483290, "geometry": {"type": "Polygon", "coordinates": [[[2530731.4390000002, 1174290.512], [2530731.445, 1174290.703], [2530720.618, 1174291.01], [2530720.462, 1174284.9070000001], [2530720.75, 1174284.895], [2530720.606, 1174279.514], [2530723.063, 1174279.454], [2530723.008, 1174276.638], [2530723.979, 1174275.621], [2530728.466, 1174275.52], [2530729.47, 1174276.489], [2530729.546, 1174279.303], [2530729.925, 1174279.293], [2530730.112, 1174286.027], [2530731.292, 1174286.006], [2530731.324, 1174286.989], [2530731.4390000002, 1174290.512]]]}, "properties": {"OBJECTID": 46483290, "EGID": 818770, "NO_COM_FED": 5757, "GENRE_TXT": "b\u00e2timent"}}, {"type": "Feature", "id": 46483326, "geometry": {"type": "Polygon", "coordinates": [[[2530427.312, 1175841.297], [2530415.372, 1175842.266], [2530414.579, 1175833.188], [2530421.368, 1175832.661], [2530421.227, 1175830.851], [2530426.431, 1175830.449], [2530427.312, 1175841.297]]]}, "properties": {"OBJECTID": 46483326, "EGID": 818105, "NO_COM_FED": 5757, "GENRE_TXT": "b\u00e2timent"}}, {"type": "Feature", "id": 46483435, "geometry": {"type": "Polygon", "coordinates": [[[2530731.177, 1175120.695], [2530731.037, 1175120.495], [2530728.977, 1175120.975], [2530729.347, 1175121.955], [2530727.937, 1175122.945], [2530725.457, 1175123.715], [2530724.857, 1175122.535], [2530717.917, 1175124.825], [2530716.317, 1175121.545], [2530714.207, 1175117.875], [2530718.837, 1175111.785], [2530723.397, 1175118.415], [2530725.097, 1175116.905], [2530727.547, 1175118.475], [2530729.607, 1175119.265], [2530732.587, 1175119.664], [2530731.177, 1175120.695]]]}, "properties": {"OBJECTID": 46483435, "EGID": 818975, "NO_COM_FED": 5757, "GENRE_TXT": "b\u00e2timent"}}, {"type": "Feature", "id": 46483843, "geometry": {"type": "Polygon", "coordinates": [[[2531351.407, 1174623.156], [2531356.532, 1174621.986], [2531355.655, 1174618.229], [2531355.859, 1174618.183], [2531355.173, 1174615.175], [2531361.227, 1174613.797], [2531361.907, 1174616.817], [2531362.102, 1174616.773], [2531365.045, 1174629.868], [2531358.705, 1174631.291], [2531358.979, 1174632.512], [2531356.202, 1174633.126], [2531355.924, 1174631.835], [2531353.501, 1174632.369], [2531351.407, 1174623.156]]]}, "properties": {"OBJECTID": 46483843, "EGID": 818477, "NO_COM_FED": 5757, "GENRE_TXT": "b\u00e2timent"}}, {"type": "Feature", "id": 46483887, "geometry": {"type": "Polygon", "coordinates": [[[2530926.168, 1176069.52], [2530918.558, 1176071.26], [2530916.118, 1176060.54], [2530923.718, 1176058.81], [2530924.348, 1176061.52], [2530925.548, 1176062.28], [2530926.318, 1176065.63], [2530925.558, 1176066.82], [2530926.168, 1176069.52]]]}, "properties": {"OBJECTID": 46483887, "EGID": 3163886, "NO_COM_FED": 5757, "GENRE_TXT": "b\u00e2timent"}}, {"type": "Feature", "id": 46483890, "geometry": {"type": "Polygon", "coordinates": [[[2530493.854, 1174607.364], [2530490.632, 1174609.266], [2530487.277, 1174603.561], [2530499.592, 1174596.303], [2530502.943, 1174601.999], [2530493.854, 1174607.364]]]}, "properties": {"OBJECTID": 46483890, "EGID": 190069368, "NO_COM_FED": 5757, "GENRE_TXT": "b\u00e2timent"}}, {"type": "Feature", "id": 46483929, "geometry": {"type": "Polygon", "coordinates": [[[2530676.166, 1175068.616], [2530671.856, 1175070.496], [2530669.666, 1175062.507], [2530674.056, 1175061.046], [2530676.166, 1175068.616]]]}, "properties": {"OBJECTID": 46483929, "EGID": 818699, "NO_COM_FED": 5757, "GENRE_TXT": "b\u00e2timent"}}, {"type": "Feature", "id": 46483931, "geometry": {"type": "Polygon", "coordinates": [[[2530680.774, 1174920.076], [2530679.784, 1174912.476], [2530682.834, 1174911.996], [2530682.944, 1174912.416], [2530690.004, 1174910.646], [2530692.004, 1174916.656], [2530680.774, 1174920.076]]]}, "properties": {"OBJECTID": 46483931, "EGID": 818682, "NO_COM_FED": 5757, "GENRE_TXT": "b\u00e2timent"}}, {"type": "Feature", "id": 46483972, "geometry": {"type": "Polygon", "coordinates": [[[2530763.356, 1175839.473], [2530760.526, 1175844.5929999999], [2530759.816, 1175844.823], [2530740.985, 1175834.873], [2530742.975, 1175831.223], [2530743.465, 1175830.933], [2530745.875, 1175832.223], [2530746.695, 1175830.673], [2530763.356, 1175839.473]]]}, "properties": {"OBJECTID": 46483972, "EGID": 280010476, "NO_COM_FED": 5757, "GENRE_TXT": "b\u00e2timent"}}, {"type": "Feature", "id": 46484139, "geometry": {"type": "Polygon", "coordinates": [[[2531078.83, 1176197.717], [2531088.03, 1176195.366], [2531088.06, 1176195.486], [2531089.03, 1176195.196], [2531091.5, 1176204.696], [2531081.31, 1176207.327], [2531078.83, 1176197.717]]]}, "properties": {"OBJECTID": 46484139, "EGID": 818327, "NO_COM_FED": 5757, "GENRE_TXT": "b\u00e2timent"}}, {"type": "Feature", "id": 46484259, "geometry": {"type": "Polygon", "coordinates": [[[2531195.368, 1175098.8], [2531166.687, 1175071.621], [2531171.657, 1175066.38], [2531172.987, 1175067.63], [2531174.187, 1175066.34], [2531144.487, 1175038.201], [2531243.929, 1174933.185], [2531241.904, 1174931.252], [2531246.727, 1174926.143], [2531262.735, 1174941.303], [2531257.996, 1174946.302], [2531270.667, 1174958.311], [2531229.277, 1175002.02], [2531229.567, 1175002.29], [2531216.977, 1175015.6], [2531216.687, 1175015.32], [2531212.937, 1175019.3], [2531260.848, 1175064.692], [2531252.704, 1175073.294], [2531252.905, 1175073.486], [2531238.769, 1175088.373], [2531238.589, 1175088.202], [2531219.042, 1175108.849], [2531201.558, 1175092.269], [2531195.368, 1175098.8]]]}, "properties": {"OBJECTID": 46484259, "EGID": 190094163, "NO_COM_FED": 5757, "GENRE_TXT": "b\u00e2timent"}}, {"type": "Feature", "id": 46484422, "geometry": {"type": "Polygon", "coordinates": [[[2530794.884, 1174979.1], [2530783.694, 1174960.382], [2530797.217, 1174951.748], [2530807.664, 1174969.221], [2530798.381, 1174974.797], [2530799.196, 1174976.141], [2530798.135, 1174976.784], [2530798.291, 1174977.036], [2530794.975, 1174979.043], [2530794.884, 1174979.1]]]}, "properties": {"OBJECTID": 46484422, "EGID": 280099872, "NO_COM_FED": 5757, "GENRE_TXT": "b\u00e2timent"}}, {"type": "Feature", "id": 46484439, "geometry": {"type": "Polygon", "coordinates": [[[2530438.113, 1175846.998], [2530438.235, 1175842.693], [2530436.835, 1175842.653], [2530437.035, 1175835.503], [2530437.255, 1175835.503], [2530437.235, 1175836.303], [2530444.745, 1175836.513], [2530453.345, 1175836.743], [2530453.365, 1175835.943], [2530453.585, 1175835.953], [2530453.385, 1175843.0929999999], [2530458.275, 1175843.252], [2530458.105, 1175849.292], [2530438.065, 1175848.703], [2530438.113, 1175846.998]]]}, "properties": {"OBJECTID": 46484439, "EGID": 818104, "NO_COM_FED": 5757, "GENRE_TXT": "b\u00e2timent"}}, {"type": "Feature", "id": 46484633, "geometry": {"type": "Polygon", "coordinates": [[[2530690.194, 1175768.715], [2530692.394, 1175764.535], [2530691.384, 1175764.085], [2530695.344, 1175756.575], [2530696.334, 1175757.095], [2530698.494, 1175752.995], [2530702.5640000002, 1175755.115], [2530702.954, 1175754.365], [2530706.674, 1175756.345], [2530706.324, 1175757.085], [2530709.514, 1175758.774], [2530706.154, 1175765.205], [2530707.135, 1175765.705], [2530705.635, 1175768.585], [2530704.635, 1175768.065], [2530701.235, 1175774.545], [2530690.194, 1175768.715]]]}, "properties": {"OBJECTID": 46484633, "EGID": 818091, "NO_COM_FED": 5757, "GENRE_TXT": "b\u00e2timent"}}, {"type": "Feature", "id": 46484683, "geometry": {"type": "Polygon", "coordinates": [[[2530669.422, 1175546.276], [2530669.062, 1175542.086], [2530677.632, 1175541.376], [2530677.762, 1175542.086], [2530677.892, 1175542.046], [2530678.752, 1175542.786], [2530678.902, 1175544.786], [2530678.192, 1175545.676], [2530678.002, 1175545.686], [2530678.392, 1175550.396], [2530676.902, 1175550.546], [2530677.072, 1175552.136], [2530669.962, 1175552.876], [2530669.922, 1175552.526], [2530665.582, 1175552.886], [2530665.162, 1175546.646], [2530669.422, 1175546.276]]]}, "properties": {"OBJECTID": 46484683, "EGID": 818289, "NO_COM_FED": 5757, "GENRE_TXT": "b\u00e2timent"}}, {"type": "Feature", "id": 46484708, "geometry": {"type": "Polygon", "coordinates": [[[2530277.043, 1175742.033], [2530271.229, 1175739.105], [2530276.178, 1175729.264], [2530281.994, 1175732.187], [2530277.043, 1175742.033]]]}, "properties": {"OBJECTID": 46484708, "EGID": 280059342, "NO_COM_FED": 5757, "GENRE_TXT": "b\u00e2timent"}}, {"type": "Feature", "id": 46484907, "geometry": {"type": "Polygon", "coordinates": [[[2530630.847, 1175113.4780000001], [2530630.837, 1175113.158], [2530630.557, 1175105.868], [2530633.417, 1175105.758], [2530633.427, 1175106.058], [2530640.977, 1175105.757], [2530641.457, 1175113.297], [2530639.327, 1175113.317], [2530639.317, 1175112.977], [2530630.847, 1175113.4780000001]]]}, "properties": {"OBJECTID": 46484907, "EGID": 818591, "NO_COM_FED": 5757, "GENRE_TXT": "b\u00e2timent"}}, {"type": "Feature", "id": 46484987, "geometry": {"type": "Polygon", "coordinates": [[[2530542.216, 1175993.163], [2530530.658, 1175986.988], [2530532.0810000002, 1175984.324], [2530531.154, 1175982.866], [2530530.571, 1175982.556], [2530536.312, 1175971.753], [2530536.886, 1175972.058], [2530538.653, 1175972.036], [2530540.069, 1175969.391], [2530551.591, 1175975.561], [2530548.597, 1175981.183], [2530549.142, 1175981.473], [2530545.774, 1175987.811], [2530545.223, 1175987.517], [2530542.216, 1175993.163]]]}, "properties": {"OBJECTID": 46484987, "EGID": 280000140, "NO_COM_FED": 5757, "GENRE_TXT": "b\u00e2timent"}}, {"type": "Feature", "id": 46485164, "geometry": {"type": "Polygon", "coordinates": [[[2530658.85, 1175392.667], [2530665.413, 1175390.54], [2530677.43, 1175386.646], [2530679.61, 1175396.516], [2530678.9, 1175396.546], [2530678.91, 1175397.226], [2530664.41, 1175401.436], [2530658.85, 1175392.667]]]}, "properties": {"OBJECTID": 46485164, "EGID": 3163966, "NO_COM_FED": 5757, "GENRE_TXT": "b\u00e2timent"}}, {"type": "Feature", "id": 46485171, "geometry": {"type": "Polygon", "coordinates": [[[2530806.148, 1176049.019], [2530805.957, 1176049.086], [2530803.744, 1176042.747], [2530803.176, 1176042.946], [2530801.478, 1176038.083], [2530808.367, 1176035.693], [2530808.066, 1176034.825], [2530815.636, 1176032.219], [2530815.945, 1176033.045], [2530822.843, 1176030.681], [2530824.537, 1176035.548], [2530823.983, 1176035.74], [2530826.15, 1176042.066], [2530816.038, 1176045.578], [2530815.694, 1176044.58], [2530813.612, 1176045.298], [2530813.947, 1176046.297], [2530806.148, 1176049.019]]]}, "properties": {"OBJECTID": 46485171, "EGID": 280104395, "NO_COM_FED": 5757, "GENRE_TXT": "b\u00e2timent"}}, {"type": "Feature", "id": 46485209, "geometry": {"type": "Polygon", "coordinates": [[[2530883.119, 1176174.642], [2530877.319, 1176176.082], [2530876.599, 1176173.172], [2530882.399, 1176171.722], [2530883.119, 1176174.642]]]}, "properties": {"OBJECTID": 46485209, "EGID": 280044548, "NO_COM_FED": 5757, "GENRE_TXT": "b\u00e2timent"}}, {"type": "Feature", "id": 46485246, "geometry": {"type": "Polygon", "coordinates": [[[2530614.99, 1174386.306], [2530613.721, 1174385.517], [2530609.222, 1174392.573], [2530609.558, 1174392.787], [2530609.376, 1174393.073], [2530602.64, 1174388.768], [2530607.312, 1174381.423], [2530606.822, 1174381.106], [2530609.596, 1174376.746], [2530617.766, 1174381.932], [2530614.99, 1174386.306]]]}, "properties": {"OBJECTID": 46485246, "EGID": 818782, "NO_COM_FED": 5757, "GENRE_TXT": "b\u00e2timent"}}, {"type": "Feature", "id": 46485283, "geometry": {"type": "Polygon", "coordinates": [[[2530487.734, 1174897.66], [2530490.074, 1174895.06], [2530491.0640000002, 1174895.95], [2530493.054, 1174893.75], [2530494.174, 1174894.76], [2530498.774, 1174889.66], [2530500.994, 1174891.74], [2530492.194, 1174901.76], [2530487.734, 1174897.66]]]}, "properties": {"OBJECTID": 46485283, "EGID": 280019775, "NO_COM_FED": 5757, "GENRE_TXT": "b\u00e2timent"}}, {"type": "Feature", "id": 46485457, "geometry": {"type": "Polygon", "coordinates": [[[2530634.958, 1175243.557], [2530635.828, 1175248.067], [2530632.018, 1175248.668], [2530632.928, 1175256.078], [2530625.568, 1175257.138], [2530623.518, 1175244.818], [2530634.958, 1175243.557]]]}, "properties": {"OBJECTID": 46485457, "EGID": 818570, "NO_COM_FED": 5757, "GENRE_TXT": "b\u00e2timent"}}, {"type": "Feature", "id": 46485477, "geometry": {"type": "Polygon", "coordinates": [[[2530652.987, 1175152.057], [2530651.867, 1175145.187], [2530666.037, 1175143.067], [2530667.647, 1175142.847], [2530668.987, 1175148.906], [2530681.817, 1175146.656], [2530683.277, 1175158.486], [2530670.527, 1175159.806], [2530670.517, 1175159.576], [2530666.587, 1175159.927], [2530665.127, 1175150.4070000001], [2530652.987, 1175152.057]]]}, "properties": {"OBJECTID": 46485477, "EGID": 818617, "NO_COM_FED": 5757, "GENRE_TXT": "b\u00e2timent"}}, {"type": "Feature", "id": 46485679, "geometry": {"type": "Polygon", "coordinates": [[[2530883.291, 1175423.179], [2530886.441, 1175422.209], [2530888.281, 1175428.369], [2530882.091, 1175430.259], [2530881.141, 1175427.079], [2530884.171, 1175426.109], [2530883.291, 1175423.179]]]}, "properties": {"OBJECTID": 46485679, "EGID": 280031778, "NO_COM_FED": 5757, "GENRE_TXT": "b\u00e2timent"}}, {"type": "Feature", "id": 46485802, "geometry": {"type": "Polygon", "coordinates": [[[2530743.274, 1174870.404], [2530743.634, 1174870.284], [2530744.524, 1174872.564], [2530744.854, 1174872.694], [2530747.724, 1174872.494], [2530747.7939999998, 1174872.844], [2530748.654, 1174876.884], [2530748.684, 1174877.264], [2530740.2939999998, 1174877.915], [2530739.384, 1174871.665], [2530743.274, 1174870.404]]]}, "properties": {"OBJECTID": 46485802, "EGID": 818722, "NO_COM_FED": 5757, "GENRE_TXT": "b\u00e2timent"}}, {"type": "Feature", "id": 46485973, "geometry": {"type": "Polygon", "coordinates": [[[2530623.062, 1174724.328], [2530620.312, 1174722.509], [2530620.112, 1174722.809], [2530618.592, 1174721.829], [2530618.792, 1174721.479], [2530617.502, 1174720.679], [2530615.742, 1174719.539], [2530620.192, 1174712.668], [2530624.562, 1174715.528], [2530625.132, 1174714.638], [2530626.392, 1174713.9679999999], [2530628.322, 1174715.2280000001], [2530628.222, 1174716.648], [2530628.112, 1174716.838], [2530630.082, 1174718.138], [2530624.712, 1174726.388], [2530622.632, 1174724.998], [2530623.062, 1174724.328]]]}, "properties": {"OBJECTID": 46485973, "EGID": 818746, "NO_COM_FED": 5757, "GENRE_TXT": "b\u00e2timent"}}, {"type": "Feature", "id": 46485983, "geometry": {"type": "Polygon", "coordinates": [[[2530701.015, 1175784.915], [2530696.165, 1175781.215], [2530693.435, 1175784.805], [2530691.115, 1175784.535], [2530686.185, 1175780.245], [2530691.245, 1175770.595], [2530700.475, 1175775.545], [2530700.005, 1175776.145], [2530704.825, 1175779.835], [2530701.015, 1175784.915]]]}, "properties": {"OBJECTID": 46485983, "EGID": 280009489, "NO_COM_FED": 5757, "GENRE_TXT": "b\u00e2timent"}}, {"type": "Feature", "id": 46486028, "geometry": {"type": "Polygon", "coordinates": [[[2530688.364, 1174893.976], [2530680.374, 1174895.276], [2530678.554, 1174883.287], [2530678.354, 1174879.617], [2530681.214, 1174879.196], [2530681.8140000002, 1174882.506], [2530693.114, 1174880.076], [2530696.984, 1174892.696], [2530688.364, 1174893.976]]]}, "properties": {"OBJECTID": 46486028, "EGID": 818685, "NO_COM_FED": 5757, "GENRE_TXT": "b\u00e2timent"}}, {"type": "Feature", "id": 46486159, "geometry": {"type": "Polygon", "coordinates": [[[2531369.104, 1174533.138], [2531368.5640000002, 1174530.908], [2531371.2939999998, 1174530.248], [2531371.824, 1174532.488], [2531369.104, 1174533.138]]]}, "properties": {"OBJECTID": 46486159, "EGID": 280110854, "NO_COM_FED": 5757, "GENRE_TXT": "b\u00e2timent"}}, {"type": "Feature", "id": 46486510, "geometry": {"type": "Polygon", "coordinates": [[[2531404.928, 1174946.349], [2531405.118, 1174946.169], [2531425.348, 1174965.069], [2531400.178, 1174991.959], [2531396.009, 1174996.078], [2531375.714, 1174977.025], [2531380.018, 1174973.049], [2531390.558, 1174961.829], [2531396.708, 1174955.449], [2531404.928, 1174946.349]]]}, "properties": {"OBJECTID": 46486510, "EGID": 280000743, "NO_COM_FED": 5757, "GENRE_TXT": "b\u00e2timent"}}, {"type": "Feature", "id": 46486578, "geometry": {"type": "Polygon", "coordinates": [[[2530450.498, 1174851.906], [2530447.34, 1174855.131], [2530441.769, 1174849.68], [2530450.798, 1174840.471], [2530456.358, 1174845.921], [2530450.498, 1174851.906]]]}, "properties": {"OBJECTID": 46486578, "EGID": 280103892, "NO_COM_FED": 5757, "GENRE_TXT": "b\u00e2timent"}}, {"type": "Feature", "id": 46486822, "geometry": {"type": "Polygon", "coordinates": [[[2530868.913, 1176597.286], [2530864.293, 1176598.156], [2530862.903, 1176590.886], [2530863.653, 1176590.746], [2530863.243, 1176588.576], [2530862.493, 1176588.716], [2530861.733, 1176584.736], [2530859.733, 1176585.136], [2530858.913, 1176580.716], [2530864.283, 1176579.686], [2530865.103, 1176584.036], [2530868.823, 1176583.336], [2530869.363, 1176586.106], [2530870.533, 1176585.876], [2530872.583, 1176596.586], [2530868.913, 1176597.286]]]}, "properties": {"OBJECTID": 46486822, "EGID": 818177, "NO_COM_FED": 5757, "GENRE_TXT": "b\u00e2timent"}}, {"type": "Feature", "id": 46486855, "geometry": {"type": "Polygon", "coordinates": [[[2530964.651, 1176488.515], [2530958.503, 1176488.706], [2530955.712, 1176488.793], [2530955.392, 1176477.3429999999], [2530955.282, 1176473.663], [2530959.962, 1176473.5219999999], [2530960.062, 1176477.212], [2530961.912, 1176477.162], [2530961.962, 1176478.392], [2530964.772, 1176478.322], [2530965.062, 1176488.502], [2530964.651, 1176488.515]]]}, "properties": {"OBJECTID": 46486855, "EGID": 818153, "NO_COM_FED": 5757, "GENRE_TXT": "b\u00e2timent"}}, {"type": "Feature", "id": 46486977, "geometry": {"type": "Polygon", "coordinates": [[[2531077.24, 1176289.327], [2531077.21, 1176289.217], [2531075.74, 1176289.568], [2531073.28, 1176279.9679999999], [2531082.5, 1176277.577], [2531082.53, 1176277.697], [2531083.51, 1176277.437], [2531086.01, 1176287.177], [2531085.98, 1176287.067], [2531077.24, 1176289.327]]]}, "properties": {"OBJECTID": 46486977, "EGID": 818343, "NO_COM_FED": 5757, "GENRE_TXT": "b\u00e2timent"}}, {"type": "Feature", "id": 46487002, "geometry": {"type": "Polygon", "coordinates": [[[2530692.927, 1175088.916], [2530694.657, 1175094.316], [2530679.817, 1175100.376], [2530679.667, 1175099.856], [2530678.427, 1175095.126], [2530691.547, 1175089.586], [2530692.927, 1175088.916]]]}, "properties": {"OBJECTID": 46487002, "EGID": 818905, "NO_COM_FED": 5757, "GENRE_TXT": "b\u00e2timent"}}, {"type": "Feature", "id": 46487224, "geometry": {"type": "Polygon", "coordinates": [[[2530312.915, 1175937.426], [2530313.21, 1175937.393], [2530312.707, 1175929.617], [2530312.411, 1175929.626], [2530311.49, 1175915.38], [2530324.804, 1175914.512], [2530327.157, 1175950.768], [2530313.852, 1175951.65], [2530312.915, 1175937.426]]]}, "properties": {"OBJECTID": 46487224, "EGID": 818082, "NO_COM_FED": 5757, "GENRE_TXT": "b\u00e2timent"}}, {"type": "Feature", "id": 46487246, "geometry": {"type": "Polygon", "coordinates": [[[2530279.932, 1174753.692], [2530274.53, 1174757.007], [2530269.577, 1174755.083], [2530270.3109999998, 1174747.222], [2530277.604, 1174746.544], [2530279.932, 1174753.692]]]}, "properties": {"OBJECTID": 46487246, "EGID": 280073775, "NO_COM_FED": 5757, "GENRE_TXT": "b\u00e2timent"}}, {"type": "Feature", "id": 46487312, "geometry": {"type": "Polygon", "coordinates": [[[2530879.479, 1176184.852], [2530885.279, 1176183.422], [2530885.999, 1176186.352], [2530880.209, 1176187.7820000001], [2530879.479, 1176184.852]]]}, "properties": {"OBJECTID": 46487312, "EGID": 280043361, "NO_COM_FED": 5757, "GENRE_TXT": "b\u00e2timent"}}, {"type": "Feature", "id": 46487403, "geometry": {"type": "Polygon", "coordinates": [[[2531131.327, 1175070.112], [2531133.547, 1175067.672], [2531141.237, 1175074.661], [2531138.997, 1175077.091], [2531131.327, 1175070.112]]]}, "properties": {"OBJECTID": 46487403, "EGID": 280030160, "NO_COM_FED": 5757, "GENRE_TXT": "b\u00e2timent"}}, {"type": "Feature", "id": 46487487, "geometry": {"type": "Polygon", "coordinates": [[[2530726.4560000002, 1175052.385], [2530725.766, 1175043.915], [2530730.326, 1175040.835], [2530730.756, 1175041.495], [2530730.546, 1175041.655], [2530734.156, 1175047.675], [2530726.4560000002, 1175052.385]]]}, "properties": {"OBJECTID": 46487487, "EGID": 818645, "NO_COM_FED": 5757, "GENRE_TXT": "b\u00e2timent"}}, {"type": "Feature", "id": 46487522, "geometry": {"type": "Polygon", "coordinates": [[[2530726.508, 1175247.405], [2530701.138, 1175242.095], [2530701.778, 1175237.005], [2530716.568, 1175238.805], [2530719.288, 1175239.065], [2530719.468, 1175237.015], [2530721.068, 1175237.205], [2530720.948, 1175238.135], [2530724.138, 1175238.595], [2530729.488, 1175240.544], [2530726.508, 1175247.405]]]}, "properties": {"OBJECTID": 46487522, "EGID": 818483, "NO_COM_FED": 5757, "GENRE_TXT": "b\u00e2timent"}}, {"type": "Feature", "id": 46487575, "geometry": {"type": "Polygon", "coordinates": [[[2530688.74, 1174398.384], [2530688.738, 1174397.14], [2530688.733, 1174391.763], [2530699.257, 1174391.756], [2530699.257, 1174399.768], [2530688.741, 1174399.767], [2530688.74, 1174398.384]]]}, "properties": {"OBJECTID": 46487575, "EGID": 280098649, "NO_COM_FED": 5757, "GENRE_TXT": "b\u00e2timent"}}, {"type": "Feature", "id": 46487737, "geometry": {"type": "Polygon", "coordinates": [[[2530471.504, 1174439.454], [2530472.531, 1174445.36], [2530469.519, 1174445.881], [2530469.716, 1174447.017], [2530464.81, 1174447.877], [2530464.617, 1174446.754], [2530454.7939999998, 1174448.445], [2530453.696, 1174442.075], [2530457.387, 1174441.433], [2530457.183, 1174440.262], [2530458.118, 1174440.099], [2530458.324, 1174441.28], [2530463.501, 1174440.38], [2530463.1689999998, 1174438.47], [2530468.091, 1174437.614], [2530468.502, 1174439.976], [2530471.504, 1174439.454]]]}, "properties": {"OBJECTID": 46487737, "EGID": 400001062, "NO_COM_FED": 5757, "GENRE_TXT": "b\u00e2timent"}}, {"type": "Feature", "id": 46487764, "geometry": {"type": "Polygon", "coordinates": [[[2530700.0810000002, 1175958.833], [2530697.374, 1175961.6570000001], [2530695.619, 1175959.974], [2530698.326, 1175957.14], [2530700.0810000002, 1175958.833]]]}, "properties": {"OBJECTID": 46487764, "EGID": 280124236, "NO_COM_FED": 5757, "GENRE_TXT": "b\u00e2timent"}}, {"type": "Feature", "id": 46488074, "geometry": {"type": "Polygon", "coordinates": [[[2531365.7939999998, 1174545.3969999999], [2531357.8140000002, 1174547.247], [2531356.354, 1174541.038], [2531364.324, 1174539.168], [2531365.7939999998, 1174545.3969999999]]]}, "properties": {"OBJECTID": 46488074, "EGID": 280021144, "NO_COM_FED": 5757, "GENRE_TXT": "b\u00e2timent"}}, {"type": "Feature", "id": 46488192, "geometry": {"type": "Polygon", "coordinates": [[[2530761.797, 1175101.154], [2530763.397, 1175103.594], [2530760.907, 1175105.154], [2530759.377, 1175102.674], [2530761.797, 1175101.154]]]}, "properties": {"OBJECTID": 46488192, "EGID": 280113477, "NO_COM_FED": 5757, "GENRE_TXT": "b\u00e2timent"}}, {"type": "Feature", "id": 46488223, "geometry": {"type": "Polygon", "coordinates": [[[2530801.44, 1175350.662], [2530801.14, 1175348.492], [2530803.3, 1175348.202], [2530803.61, 1175350.372], [2530801.44, 1175350.662]]]}, "properties": {"OBJECTID": 46488223, "EGID": 280114421, "NO_COM_FED": 5757, "GENRE_TXT": "b\u00e2timent"}}, {"type": "Feature", "id": 46488370, "geometry": {"type": "Polygon", "coordinates": [[[2530730.264, 1174898.705], [2530734.184, 1174905.125], [2530719.664, 1174913.265], [2530713.414, 1174903.035], [2530727.914, 1174894.385], [2530730.264, 1174898.705]]]}, "properties": {"OBJECTID": 46488370, "EGID": 280007329, "NO_COM_FED": 5757, "GENRE_TXT": "b\u00e2timent"}}, {"type": "Feature", "id": 46488379, "geometry": {"type": "Polygon", "coordinates": [[[2530618.789, 1175287.818], [2530605.889, 1175291.238], [2530604.579, 1175285.158], [2530598.959, 1175286.639], [2530597.609, 1175280.919], [2530609.1689999998, 1175278.088], [2530607.818, 1175272.7179999999], [2530616.058, 1175270.848], [2530618.149, 1175282.768], [2530618.789, 1175287.818]]]}, "properties": {"OBJECTID": 46488379, "EGID": 818566, "NO_COM_FED": 5757, "GENRE_TXT": "b\u00e2timent"}}, {"type": "Feature", "id": 46488534, "geometry": {"type": "Polygon", "coordinates": [[[2531822.785, 1176340.006], [2531816.445, 1176340.946], [2531816.005, 1176338.046], [2531798.095, 1176340.706], [2531795.685, 1176324.746], [2531807.493, 1176322.975], [2531819.885, 1176321.116], [2531822.785, 1176340.006]]]}, "properties": {"OBJECTID": 46488534, "EGID": 280003572, "NO_COM_FED": 5757, "GENRE_TXT": "b\u00e2timent"}}, {"type": "Feature", "id": 46488610, "geometry": {"type": "Polygon", "coordinates": [[[2530948.187, 1175095.368], [2530954.067, 1175103.607], [2530948.537, 1175107.538], [2530948.597, 1175107.618], [2530946.267, 1175109.278], [2530940.337, 1175100.948], [2530948.187, 1175095.368]]]}, "properties": {"OBJECTID": 46488610, "EGID": 818450, "NO_COM_FED": 5757, "GENRE_TXT": "b\u00e2timent"}}, {"type": "Feature", "id": 46488638, "geometry": {"type": "Polygon", "coordinates": [[[2530613.288, 1175252.088], [2530605.118, 1175253.698], [2530604.046, 1175247.702], [2530604.018, 1175247.548], [2530603.948, 1175247.158], [2530610.338, 1175245.428], [2530611.608, 1175245.168], [2530612.088, 1175245.048], [2530613.288, 1175252.088]]]}, "properties": {"OBJECTID": 46488638, "EGID": 818564, "NO_COM_FED": 5757, "GENRE_TXT": "b\u00e2timent"}}, {"type": "Feature", "id": 46488725, "geometry": {"type": "Polygon", "coordinates": [[[2530929.309, 1176175.61], [2530924.829, 1176175.781], [2530920.859, 1176175.941], [2530920.409, 1176164.931], [2530928.849, 1176164.57], [2530929.309, 1176175.61]]]}, "properties": {"OBJECTID": 46488725, "EGID": 818266, "NO_COM_FED": 5757, "GENRE_TXT": "b\u00e2timent"}}, {"type": "Feature", "id": 46488732, "geometry": {"type": "Polygon", "coordinates": [[[2530541.348, 1174660.882], [2530538.014, 1174657.678], [2530537.806, 1174657.896], [2530534.665, 1174654.902], [2530534.872, 1174654.684], [2530532.623, 1174652.541], [2530536.077, 1174648.938], [2530537.349, 1174650.139], [2530540.576, 1174646.746], [2530546.858, 1174652.7179999999], [2530543.627, 1174656.08], [2530544.861, 1174657.265], [2530544.617, 1174657.516], [2530541.348, 1174660.882]]]}, "properties": {"OBJECTID": 46488732, "EGID": 818803, "NO_COM_FED": 5757, "GENRE_TXT": "b\u00e2timent"}}, {"type": "Feature", "id": 46488820, "geometry": {"type": "Polygon", "coordinates": [[[2531245.256, 1174793.854], [2531246.476, 1174799.924], [2531242.746, 1174800.654], [2531242.946, 1174801.694], [2531241.646, 1174801.944], [2531242.116, 1174804.314], [2531236.796, 1174805.364], [2531234.935, 1174795.884], [2531245.256, 1174793.854]]]}, "properties": {"OBJECTID": 46488820, "EGID": 818462, "NO_COM_FED": 5757, "GENRE_TXT": "b\u00e2timent"}}, {"type": "Feature", "id": 46489014, "geometry": {"type": "Polygon", "coordinates": [[[2530838.699, 1174761.82], [2530844.006, 1174762.789], [2530843.516, 1174765.445], [2530838.211, 1174764.4679999999], [2530838.699, 1174761.82]]]}, "properties": {"OBJECTID": 46489014, "EGID": 280072224, "NO_COM_FED": 5757, "GENRE_TXT": "b\u00e2timent"}}, {"type": "Feature", "id": 46489020, "geometry": {"type": "Polygon", "coordinates": [[[2531422.352, 1175413.082], [2531418.942, 1175408.252], [2531425.492, 1175403.592], [2531426.962, 1175402.542], [2531430.292, 1175407.212], [2531430.412, 1175407.132], [2531436.892, 1175416.261], [2531435.402, 1175417.332], [2531429.632, 1175421.462], [2531423.232, 1175412.452], [2531422.352, 1175413.082]]]}, "properties": {"OBJECTID": 46489020, "EGID": 280012908, "NO_COM_FED": 5757, "GENRE_TXT": "b\u00e2timent"}}, {"type": "Feature", "id": 46489063, "geometry": {"type": "Polygon", "coordinates": [[[2530688.982, 1174703.516], [2530683.932, 1174700.207], [2530687.292, 1174695.136], [2530692.362, 1174698.476], [2530688.982, 1174703.516]]]}, "properties": {"OBJECTID": 46489063, "EGID": 280027125, "NO_COM_FED": 5757, "GENRE_TXT": "b\u00e2timent"}}, {"type": "Feature", "id": 46489359, "geometry": {"type": "Polygon", "coordinates": [[[2531269.524, 1175580.297], [2531280.944, 1175576.346], [2531283.204, 1175583.056], [2531271.7939999998, 1175586.877], [2531269.524, 1175580.297]]]}, "properties": {"OBJECTID": 46489359, "EGID": 280014479, "NO_COM_FED": 5757, "GENRE_TXT": "b\u00e2timent"}}, {"type": "Feature", "id": 46489384, "geometry": {"type": "Polygon", "coordinates": [[[2530380.201, 1176425.278], [2530397.121, 1176425.187], [2530397.171, 1176427.227], [2530412.931, 1176427.167], [2530412.901, 1176435.3969999999], [2530412.5810000002, 1176435.3969999999], [2530412.541, 1176447.807], [2530412.861, 1176447.807], [2530412.8310000002, 1176456.247], [2530406.511, 1176456.308], [2530406.511, 1176456.628], [2530398.881, 1176456.7280000001], [2530398.881, 1176456.398], [2530392.641, 1176456.448], [2530392.651, 1176460.278], [2530388.031, 1176460.308], [2530387.991, 1176456.298], [2530384.781, 1176456.388], [2530384.861, 1176465.428], [2530370.631, 1176465.709], [2530371.589, 1176437.6469999999], [2530371.664, 1176435.446], [2530371.941, 1176427.338], [2530380.201, 1176427.338], [2530380.201, 1176425.278]], [[2530379.501, 1176443.4679999999], [2530378.481, 1176443.438], [2530378.031, 1176456.018], [2530381.951, 1176455.918], [2530381.901, 1176453.788], [2530391.751, 1176453.748], [2530391.721, 1176447.928], [2530396.391, 1176447.918], [2530396.471, 1176433.078], [2530379.8310000002, 1176432.988], [2530379.501, 1176443.4679999999]]]}, "properties": {"OBJECTID": 46489384, "EGID": 818063, "NO_COM_FED": 5757, "GENRE_TXT": "b\u00e2timent"}}, {"type": "Feature", "id": 46489388, "geometry": {"type": "Polygon", "coordinates": [[[2530665.287, 1175138.337], [2530651.117, 1175140.3969999999], [2530649.527, 1175130.287], [2530660.517, 1175128.247], [2530661.397, 1175133.877], [2530666.277, 1175133.137], [2530667.037, 1175138.097], [2530665.287, 1175138.337]]]}, "properties": {"OBJECTID": 46489388, "EGID": 818613, "NO_COM_FED": 5757, "GENRE_TXT": "b\u00e2timent"}}, {"type": "Feature", "id": 46489603, "geometry": {"type": "Polygon", "coordinates": [[[2530735.856, 1175033.424], [2530728.356, 1175028.785], [2530732.236, 1175020.065], [2530741.9359999998, 1175028.124], [2530741.786, 1175028.254], [2530735.856, 1175033.424]]]}, "properties": {"OBJECTID": 46489603, "EGID": 818654, "NO_COM_FED": 5757, "GENRE_TXT": "b\u00e2timent"}}, {"type": "Feature", "id": 46489620, "geometry": {"type": "Polygon", "coordinates": [[[2530721.907, 1175105.795], [2530732.167, 1175113.405], [2530732.337, 1175113.154], [2530736.857, 1175116.334], [2530732.587, 1175119.664], [2530729.607, 1175119.265], [2530727.547, 1175118.475], [2530725.097, 1175116.905], [2530723.397, 1175118.415], [2530718.837, 1175111.785], [2530721.907, 1175105.795]]]}, "properties": {"OBJECTID": 46489620, "EGID": 818642, "NO_COM_FED": 5757, "GENRE_TXT": "b\u00e2timent"}}, {"type": "Feature", "id": 46489687, "geometry": {"type": "Polygon", "coordinates": [[[2530894.876, 1175843.548], [2530896.216, 1175848.458], [2530895.266, 1175848.7179999999], [2530898.236, 1175859.438], [2530899.196, 1175859.168], [2530900.556, 1175864.068], [2530886.096, 1175868.079], [2530880.406, 1175847.549], [2530894.876, 1175843.548]]]}, "properties": {"OBJECTID": 46489687, "EGID": 3163939, "NO_COM_FED": 5757, "GENRE_TXT": "b\u00e2timent"}}, {"type": "Feature", "id": 46489693, "geometry": {"type": "Polygon", "coordinates": [[[2530934.348, 1176025.749], [2530942.288, 1176022.309], [2530943.748, 1176026.099], [2530948.758, 1176038.059], [2530946.898, 1176038.769], [2530948.668, 1176043.349], [2530942.638, 1176045.479], [2530935.958, 1176029.579], [2530934.348, 1176025.749]]]}, "properties": {"OBJECTID": 46489693, "EGID": 818253, "NO_COM_FED": 5757, "GENRE_TXT": "b\u00e2timent"}}, {"type": "Feature", "id": 46489714, "geometry": {"type": "Polygon", "coordinates": [[[2531042.437, 1175067.935], [2531038.797, 1175070.565], [2531033.557, 1175063.285], [2531037.217, 1175060.635], [2531042.437, 1175067.935]]]}, "properties": {"OBJECTID": 46489714, "EGID": 280086288, "NO_COM_FED": 5757, "GENRE_TXT": "b\u00e2timent"}}, {"type": "Feature", "id": 46489771, "geometry": {"type": "Polygon", "coordinates": [[[2531182.5, 1175286.2], [2531189.74, 1175295.81], [2531183.33, 1175300.67], [2531176.09, 1175291.05], [2531182.5, 1175286.2]]]}, "properties": {"OBJECTID": 46489771, "EGID": 280013361, "NO_COM_FED": 5757, "GENRE_TXT": "b\u00e2timent"}}, {"type": "Feature", "id": 46489828, "geometry": {"type": "Polygon", "coordinates": [[[2531032.237, 1175102.795], [2531028.457, 1175105.705], [2531028.027, 1175105.985], [2531013.307, 1175086.675], [2531013.747, 1175086.295], [2531005.164, 1175074.932], [2531007.71, 1175072.964], [2531008.03, 1175073.061], [2531010.773, 1175076.484], [2531017.097, 1175074], [2531017.197, 1175072.755], [2531019.247, 1175067.825], [2531020.337, 1175067.115], [2531026.967, 1175076.575], [2531028.364, 1175078.638], [2531027.2060000002, 1175079.422], [2531030.497, 1175084.125], [2531035.867, 1175080.355], [2531034.197, 1175077.965], [2531038.497, 1175074.865], [2531044.667, 1175082.484], [2531047.577, 1175085.784], [2531052.897, 1175091.134], [2531055.017, 1175093.284], [2531044.707, 1175102.964], [2531039.427, 1175097.245], [2531034.687, 1175100.905], [2531032.237, 1175102.795]]]}, "properties": {"OBJECTID": 46489828, "EGID": 818441, "NO_COM_FED": 5757, "GENRE_TXT": "b\u00e2timent"}}, {"type": "Feature", "id": 46489924, "geometry": {"type": "Polygon", "coordinates": [[[2530770.386, 1175917.162], [2530772.036, 1175915.232], [2530782.516, 1175924.062], [2530780.837, 1175926.132], [2530770.386, 1175917.162]]]}, "properties": {"OBJECTID": 46489924, "EGID": 280028729, "NO_COM_FED": 5757, "GENRE_TXT": "b\u00e2timent"}}, {"type": "Feature", "id": 46489935, "geometry": {"type": "Polygon", "coordinates": [[[2530656.038, 1174384.292], [2530656.535, 1174383.201], [2530658.727, 1174378.391], [2530668.283, 1174382.746], [2530664.964, 1174390.0320000001], [2530655.411, 1174385.669], [2530656.038, 1174384.292]]]}, "properties": {"OBJECTID": 46489935, "EGID": 280098651, "NO_COM_FED": 5757, "GENRE_TXT": "b\u00e2timent"}}, {"type": "Feature", "id": 46490224, "geometry": {"type": "Polygon", "coordinates": [[[2530947.883, 1175572.667], [2530951.033, 1175584.757], [2530912.713, 1175594.798], [2530909.543, 1175582.7179999999], [2530947.883, 1175572.667]]]}, "properties": {"OBJECTID": 46490224, "EGID": 818379, "NO_COM_FED": 5757, "GENRE_TXT": "b\u00e2timent"}}, {"type": "Feature", "id": 46490282, "geometry": {"type": "Polygon", "coordinates": [[[2530777.739, 1175308.453], [2530775.119, 1175309.045], [2530774.4189999998, 1175309.203], [2530773.049, 1175302.813], [2530774.289, 1175302.503], [2530776.279, 1175302.033], [2530777.739, 1175308.453]]]}, "properties": {"OBJECTID": 46490282, "EGID": 280039155, "NO_COM_FED": 5757, "GENRE_TXT": "b\u00e2timent"}}, {"type": "Feature", "id": 46490466, "geometry": {"type": "Polygon", "coordinates": [[[2530944.961, 1175282.941], [2530950.369, 1175280.577], [2530958.74, 1175299.757], [2530948.14, 1175304.417], [2530939.729, 1175285.2280000001], [2530944.961, 1175282.941]]]}, "properties": {"OBJECTID": 46490466, "EGID": 818406, "NO_COM_FED": 5757, "GENRE_TXT": "b\u00e2timent"}}, {"type": "Feature", "id": 46490532, "geometry": {"type": "Polygon", "coordinates": [[[2530827.257, 1175033.266], [2530833.826, 1175029.341], [2530833.546, 1175028.871], [2530833.946, 1175028.621], [2530840.296, 1175039.371], [2530841.606, 1175041.411], [2530832.776, 1175046.471], [2530831.676, 1175044.601], [2530825.506, 1175034.312], [2530827.257, 1175033.266]]]}, "properties": {"OBJECTID": 46490532, "EGID": 818424, "NO_COM_FED": 5757, "GENRE_TXT": "b\u00e2timent"}}, {"type": "Feature", "id": 46490633, "geometry": {"type": "Polygon", "coordinates": [[[2531299.66, 1174661.742], [2531297.438, 1174650.9780000001], [2531306.236, 1174649.161], [2531308.47, 1174659.929], [2531299.66, 1174661.742]]]}, "properties": {"OBJECTID": 46490633, "EGID": 400001137, "NO_COM_FED": 5757, "GENRE_TXT": "b\u00e2timent"}}, {"type": "Feature", "id": 46490783, "geometry": {"type": "Polygon", "coordinates": [[[2530761.093, 1175714.179], [2530762.994, 1175714.8530000001], [2530763.454, 1175717.123], [2530761.614, 1175718.713], [2530759.494, 1175717.973], [2530759.034, 1175715.5929999999], [2530760.824, 1175714.083], [2530761.093, 1175714.179]]]}, "properties": {"OBJECTID": 46490783, "EGID": 280049234, "NO_COM_FED": 5757, "GENRE_TXT": "b\u00e2timent"}}, {"type": "Feature", "id": 46490796, "geometry": {"type": "Polygon", "coordinates": [[[2530531.313, 1174820.01], [2530529.263, 1174824.57], [2530527.223, 1174824.28], [2530525.713, 1174823.19], [2530527.833, 1174818.49], [2530531.313, 1174820.01]]]}, "properties": {"OBJECTID": 46490796, "EGID": 280041124, "NO_COM_FED": 5757, "GENRE_TXT": "b\u00e2timent"}}, {"type": "Feature", "id": 46490955, "geometry": {"type": "Polygon", "coordinates": [[[2530718.08, 1174292.132], [2530718.284, 1174295.45], [2530715.28, 1174295.444], [2530715.223, 1174292.221], [2530718.08, 1174292.132]]]}, "properties": {"OBJECTID": 46490955, "EGID": 280110147, "NO_COM_FED": 5757, "GENRE_TXT": "b\u00e2timent"}}, {"type": "Feature", "id": 46491037, "geometry": {"type": "Polygon", "coordinates": [[[2530833.466, 1176381.655], [2530822.5810000002, 1176381.595], [2530822.601, 1176378.895], [2530823.601, 1176378.895], [2530823.641, 1176373.215], [2530833.521, 1176373.275], [2530833.466, 1176381.655]]]}, "properties": {"OBJECTID": 46491037, "EGID": 3163903, "NO_COM_FED": 5757, "GENRE_TXT": "b\u00e2timent"}}, {"type": "Feature", "id": 46491071, "geometry": {"type": "Polygon", "coordinates": [[[2530872.39, 1175364.7], [2530870.95, 1175365.1], [2530870.25, 1175362.62], [2530871.7, 1175362.21], [2530869.21, 1175353.31], [2530881.88, 1175349.779], [2530893.191, 1175390.239], [2530880.501, 1175393.779], [2530878.03, 1175384.909], [2530876.58, 1175385.32], [2530875.89, 1175382.83], [2530877.33, 1175382.43], [2530872.39, 1175364.7]]]}, "properties": {"OBJECTID": 46491071, "EGID": 818401, "NO_COM_FED": 5757, "GENRE_TXT": "b\u00e2timent"}}, {"type": "Feature", "id": 46491169, "geometry": {"type": "Polygon", "coordinates": [[[2530282.875, 1175873.188], [2530282.455, 1175877.338], [2530284.335, 1175877.528], [2530283.815, 1175882.658], [2530273.895, 1175881.588], [2530274.295, 1175877.648], [2530273.495, 1175877.578], [2530274.005, 1175872.318], [2530282.875, 1175873.188]]]}, "properties": {"OBJECTID": 46491169, "EGID": 818083, "NO_COM_FED": 5757, "GENRE_TXT": "b\u00e2timent"}}, {"type": "Feature", "id": 46491190, "geometry": {"type": "Polygon", "coordinates": [[[2530762.786, 1175854.363], [2530759.846, 1175853.033], [2530762.016, 1175848.293], [2530759.056, 1175846.913], [2530759.746, 1175845.403], [2530768.046, 1175843.242], [2530762.786, 1175854.363]]]}, "properties": {"OBJECTID": 46491190, "EGID": 280021463, "NO_COM_FED": 5757, "GENRE_TXT": "b\u00e2timent"}}, {"type": "Feature", "id": 46491384, "geometry": {"type": "Polygon", "coordinates": [[[2531203.015, 1174710.796], [2531204.415, 1174720.626], [2531201.625, 1174720.996], [2531201.715, 1174722.346], [2531198.985, 1174722.646], [2531198.795, 1174721.326], [2531194.365, 1174721.976], [2531193.165, 1174711.916], [2531203.015, 1174710.796]]]}, "properties": {"OBJECTID": 46491384, "EGID": 818470, "NO_COM_FED": 5757, "GENRE_TXT": "b\u00e2timent"}}, {"type": "Feature", "id": 46491561, "geometry": {"type": "Polygon", "coordinates": [[[2530969.013, 1176577.973], [2530968.693, 1176581.673], [2530966.413, 1176581.473], [2530966.763, 1176577.773], [2530969.013, 1176577.973]]]}, "properties": {"OBJECTID": 46491561, "EGID": 280113809, "NO_COM_FED": 5757, "GENRE_TXT": "b\u00e2timent"}}, {"type": "Feature", "id": 46491755, "geometry": {"type": "Polygon", "coordinates": [[[2530745.917, 1175156.404], [2530742.907, 1175150.714], [2530742.837, 1175150.364], [2530744.717, 1175149.544], [2530747.687, 1175155.634], [2530745.917, 1175156.404]]]}, "properties": {"OBJECTID": 46491755, "EGID": 280049250, "NO_COM_FED": 5757, "GENRE_TXT": "b\u00e2timent"}}, {"type": "Feature", "id": 46491929, "geometry": {"type": "Polygon", "coordinates": [[[2531074.088, 1175138.333], [2531069.768, 1175132.624], [2531073.428, 1175129.574], [2531065.448, 1175121.364], [2531061.778, 1175117.584], [2531071.818, 1175107.904], [2531072.118, 1175107.614], [2531074.898, 1175110.963], [2531084.958, 1175123.083], [2531082.738, 1175125.113], [2531082.358, 1175124.703], [2531080.598, 1175126.3429999999], [2531083.958, 1175130.333], [2531074.088, 1175138.333]]]}, "properties": {"OBJECTID": 46491929, "EGID": 818443, "NO_COM_FED": 5757, "GENRE_TXT": "b\u00e2timent"}}, {"type": "Feature", "id": 46491947, "geometry": {"type": "Polygon", "coordinates": [[[2530335.636, 1174745.841], [2530335.676, 1174745.7179999999], [2530332.637, 1174744.816], [2530336.455, 1174732.814], [2530336.813, 1174731.689], [2530345.017, 1174734.336], [2530344.65, 1174735.48], [2530340.839, 1174747.363], [2530336.526, 1174745.979], [2530336.48, 1174746.122], [2530335.636, 1174745.841]]]}, "properties": {"OBJECTID": 46491947, "EGID": 818811, "NO_COM_FED": 5757, "GENRE_TXT": "b\u00e2timent"}}, {"type": "Feature", "id": 46492083, "geometry": {"type": "Polygon", "coordinates": [[[2531124.962, 1174979.626], [2531121.325, 1174984.786], [2531117.108, 1174981.786], [2531120.734, 1174976.644], [2531124.962, 1174979.626]]]}, "properties": {"OBJECTID": 46492083, "EGID": 280121779, "NO_COM_FED": 5757, "GENRE_TXT": "b\u00e2timent"}}, {"type": "Feature", "id": 46492086, "geometry": {"type": "Polygon", "coordinates": [[[2530779.997, 1176001.563], [2530778.077, 1176002.163], [2530776.097, 1175995.803], [2530782.755, 1175993.708], [2530786.297, 1175992.5929999999], [2530788.237, 1175998.673], [2530779.997, 1176001.563]]]}, "properties": {"OBJECTID": 46492086, "EGID": 3163924, "NO_COM_FED": 5757, "GENRE_TXT": "b\u00e2timent"}}, {"type": "Feature", "id": 46492099, "geometry": {"type": "Polygon", "coordinates": [[[2530426.577, 1176055.213], [2530421.757, 1176067.213], [2530414.067, 1176064.114], [2530414.327, 1176063.464], [2530413.587, 1176063.164], [2530413.327, 1176063.814], [2530396.857, 1176057.194], [2530397.117, 1176056.544], [2530396.377, 1176056.244], [2530396.117, 1176056.894], [2530388.427, 1176053.794], [2530393.237, 1176041.794], [2530426.577, 1176055.213]]]}, "properties": {"OBJECTID": 46492099, "EGID": 818086, "NO_COM_FED": 5757, "GENRE_TXT": "b\u00e2timent"}}, {"type": "Feature", "id": 46492138, "geometry": {"type": "Polygon", "coordinates": [[[2530418.386, 1175910.199], [2530418.133, 1175910.27], [2530418.198, 1175910.502], [2530407.952, 1175909.742], [2530408.572, 1175901.743], [2530415.946, 1175902.316], [2530416.009, 1175902.546], [2530417.112, 1175902.244], [2530417.248, 1175901.705], [2530423.35, 1175899.993], [2530425.637, 1175908.173], [2530418.386, 1175910.199]]]}, "properties": {"OBJECTID": 46492138, "EGID": 190069358, "NO_COM_FED": 5757, "GENRE_TXT": "b\u00e2timent"}}, {"type": "Feature", "id": 46492235, "geometry": {"type": "Polygon", "coordinates": [[[2530269.065, 1175884.578], [2530268.375, 1175890.088], [2530265.175, 1175889.689], [2530265.855, 1175884.179], [2530269.065, 1175884.578]]]}, "properties": {"OBJECTID": 46492235, "EGID": 280044697, "NO_COM_FED": 5757, "GENRE_TXT": "b\u00e2timent"}}, {"type": "Feature", "id": 46492648, "geometry": {"type": "Polygon", "coordinates": [[[2530738.584, 1174891.035], [2530735.0640000002, 1174892.375], [2530734.394, 1174892.575], [2530732.504, 1174885.205], [2530737.284, 1174884.195], [2530738.584, 1174891.035]]]}, "properties": {"OBJECTID": 46492648, "EGID": 818730, "NO_COM_FED": 5757, "GENRE_TXT": "b\u00e2timent"}}, {"type": "Feature", "id": 46492692, "geometry": {"type": "Polygon", "coordinates": [[[2530707.399, 1174531.918], [2530707.431, 1174534.18], [2530706.17, 1174534.834], [2530703.5810000002, 1174534.908], [2530704.536, 1174532.026], [2530707.399, 1174531.918]]]}, "properties": {"OBJECTID": 46492692, "EGID": 280113318, "NO_COM_FED": 5757, "GENRE_TXT": "b\u00e2timent"}}, {"type": "Feature", "id": 46493385, "geometry": {"type": "Polygon", "coordinates": [[[2530562.586, 1174432.862], [2530562.565, 1174426.457], [2530566.262, 1174426.445], [2530566.304, 1174432.86], [2530562.586, 1174432.862]]]}, "properties": {"OBJECTID": 46493385, "EGID": 280070423, "NO_COM_FED": 5757, "GENRE_TXT": "b\u00e2timent"}}, {"type": "Feature", "id": 46493467, "geometry": {"type": "Polygon", "coordinates": [[[2531692.968, 1174687.481], [2531677.788, 1174691.141], [2531675.208, 1174679.922], [2531616.517, 1174694.0219999999], [2531601.351, 1174631.064], [2531590.949, 1174633.569], [2531588.144, 1174621.919], [2531598.5439999998, 1174619.414], [2531590.016, 1174584.014], [2531678.507, 1174562.584], [2531705.248, 1174672.502], [2531708.01, 1174683.854], [2531700.135, 1174685.753], [2531692.968, 1174687.481]]]}, "properties": {"OBJECTID": 46493467, "EGID": 818883, "NO_COM_FED": 5757, "GENRE_TXT": "b\u00e2timent"}}, {"type": "Feature", "id": 46493567, "geometry": {"type": "Polygon", "coordinates": [[[2532309.31, 1176294.305], [2532306.12, 1176298.845], [2532300.83, 1176295.135], [2532303.85, 1176290.485], [2532309.31, 1176294.305]]]}, "properties": {"OBJECTID": 46493567, "EGID": 280028421, "NO_COM_FED": 5757, "GENRE_TXT": "b\u00e2timent"}}, {"type": "Feature", "id": 46493616, "geometry": {"type": "Polygon", "coordinates": [[[2530345.357, 1175211.635], [2530344.874, 1175206.487], [2530345.027, 1175206.457], [2530344.162, 1175197.336], [2530347.832, 1175197.005], [2530347.549, 1175194.352], [2530344.095, 1175194.63], [2530343.714, 1175190.131], [2530347.173, 1175189.8], [2530357.502, 1175188.913], [2530357.666, 1175190.555], [2530359.196, 1175205.833], [2530365.776, 1175205.105], [2530370.356, 1175204.619], [2530370.464, 1175206.001], [2530373.569, 1175205.759], [2530374.025, 1175209.686], [2530373.955, 1175209.713], [2530374.066, 1175211.736], [2530371.212, 1175211.892], [2530371.386, 1175215.065], [2530368.443, 1175215.329], [2530368.319, 1175213.825], [2530359.567, 1175214.585], [2530359.251, 1175210.526], [2530345.366, 1175211.735], [2530345.357, 1175211.635]]]}, "properties": {"OBJECTID": 46493616, "EGID": 818871, "NO_COM_FED": 5757, "GENRE_TXT": "b\u00e2timent"}}, {"type": "Feature", "id": 46493918, "geometry": {"type": "Polygon", "coordinates": [[[2532301.459, 1176232.064], [2532280.069, 1176263.015], [2532264.269, 1176252.174], [2532285.909, 1176221.144], [2532301.459, 1176232.064]]]}, "properties": {"OBJECTID": 46493918, "EGID": 280001686, "NO_COM_FED": 5757, "GENRE_TXT": "b\u00e2timent"}}, {"type": "Feature", "id": 46493975, "geometry": {"type": "Polygon", "coordinates": [[[2531264.475, 1174689.026], [2531266.14, 1174696.069], [2531266.575, 1174697.906], [2531257.415, 1174699.966], [2531257.005, 1174698.206], [2531255.285, 1174698.586], [2531254.115, 1174693.376], [2531255.685, 1174692.956], [2531255.325, 1174691.186], [2531264.475, 1174689.026]]]}, "properties": {"OBJECTID": 46493975, "EGID": 818463, "NO_COM_FED": 5757, "GENRE_TXT": "b\u00e2timent"}}, {"type": "Feature", "id": 46494056, "geometry": {"type": "Polygon", "coordinates": [[[2530842.06, 1175328.631], [2530831.95, 1175331.801], [2530831.602, 1175330.633], [2530829.97, 1175325.151], [2530840.08, 1175322.011], [2530842.06, 1175328.631]]]}, "properties": {"OBJECTID": 46494056, "EGID": 818520, "NO_COM_FED": 5757, "GENRE_TXT": "b\u00e2timent"}}, {"type": "Feature", "id": 46494204, "geometry": {"type": "Polygon", "coordinates": [[[2530094.406, 1175733.406], [2530091.031, 1175743.868], [2530083.14, 1175741.327], [2530086.504, 1175730.881], [2530094.406, 1175733.406]]]}, "properties": {"OBJECTID": 46494204, "EGID": 400001041, "NO_COM_FED": 5757, "GENRE_TXT": "b\u00e2timent"}}, {"type": "Feature", "id": 46494256, "geometry": {"type": "Polygon", "coordinates": [[[2530397.443, 1174917.078], [2530398.362, 1174920.97], [2530395.425, 1174921.696], [2530394.526, 1174917.758], [2530397.443, 1174917.078]]]}, "properties": {"OBJECTID": 46494256, "EGID": 280072845, "NO_COM_FED": 5757, "GENRE_TXT": "b\u00e2timent"}}, {"type": "Feature", "id": 46494316, "geometry": {"type": "Polygon", "coordinates": [[[2530616.336, 1175914.327], [2530616.026, 1175914.9070000001], [2530618.246, 1175916.087], [2530618.286, 1175917.827], [2530620.976, 1175919.262], [2530615.146, 1175930.167], [2530612.2060000002, 1175928.577], [2530611.836, 1175929.257], [2530609.196, 1175927.827], [2530608.886, 1175928.4070000001], [2530602.376, 1175924.928], [2530602.696, 1175924.348], [2530600.666, 1175923.258], [2530601.016, 1175922.608], [2530597.506, 1175920.7280000001], [2530603.336, 1175909.808], [2530605.986, 1175911.2179999999], [2530607.446, 1175910.328], [2530609.666, 1175911.507], [2530609.976, 1175910.937], [2530616.336, 1175914.327]]]}, "properties": {"OBJECTID": 46494316, "EGID": null, "NO_COM_FED": 5757, "GENRE_TXT": "b\u00e2timent"}}, {"type": "Feature", "id": 46494416, "geometry": {"type": "Polygon", "coordinates": [[[2530878.039, 1176179.002], [2530883.839, 1176177.572], [2530884.559, 1176180.492], [2530878.759, 1176181.932], [2530878.039, 1176179.002]]]}, "properties": {"OBJECTID": 46494416, "EGID": 280041664, "NO_COM_FED": 5757, "GENRE_TXT": "b\u00e2timent"}}, {"type": "Feature", "id": 46494455, "geometry": {"type": "Polygon", "coordinates": [[[2530349.474, 1174664.156], [2530352.19, 1174674.14], [2530345.586, 1174675.928], [2530344.122, 1174670.518], [2530340.974, 1174671.37], [2530339.733, 1174666.872], [2530349.474, 1174664.156]]]}, "properties": {"OBJECTID": 46494455, "EGID": 818817, "NO_COM_FED": 5757, "GENRE_TXT": "b\u00e2timent"}}, {"type": "Feature", "id": 46494567, "geometry": {"type": "Polygon", "coordinates": [[[2530750.549, 1175280.694], [2530749.359, 1175289.824], [2530741.763, 1175287.546], [2530741.499, 1175288.426], [2530738.789, 1175288.184], [2530736.649, 1175287.884], [2530737.839, 1175278.364], [2530741.569, 1175278.714], [2530741.499, 1175279.164], [2530750.549, 1175280.694]]]}, "properties": {"OBJECTID": 46494567, "EGID": 280059337, "NO_COM_FED": 5757, "GENRE_TXT": "b\u00e2timent"}}, {"type": "Feature", "id": 46494641, "geometry": {"type": "Polygon", "coordinates": [[[2530166.093, 1175761.828], [2530165.733, 1175762.9780000001], [2530162.354, 1175773.848], [2530152.793, 1175770.868], [2530156.173, 1175760.008], [2530156.543, 1175758.858], [2530159.489, 1175759.774], [2530166.093, 1175761.828]]]}, "properties": {"OBJECTID": 46494641, "EGID": 818126, "NO_COM_FED": 5757, "GENRE_TXT": "b\u00e2timent"}}, {"type": "Feature", "id": 46494674, "geometry": {"type": "Polygon", "coordinates": [[[2530688.096, 1174446.4780000001], [2530689.791, 1174440.699], [2530692.754, 1174441.609], [2530691.058, 1174447.351], [2530688.096, 1174446.4780000001]]]}, "properties": {"OBJECTID": 46494674, "EGID": 280083139, "NO_COM_FED": 5757, "GENRE_TXT": "b\u00e2timent"}}, {"type": "Feature", "id": 46494805, "geometry": {"type": "Polygon", "coordinates": [[[2530763.547, 1174284.326], [2530763.788, 1174282.75], [2530766.592, 1174283.172], [2530765.76, 1174288.624], [2530762.9560000002, 1174288.193], [2530763.547, 1174284.326]]]}, "properties": {"OBJECTID": 46494805, "EGID": 280072893, "NO_COM_FED": 5757, "GENRE_TXT": "b\u00e2timent"}}, {"type": "Feature", "id": 46494841, "geometry": {"type": "Polygon", "coordinates": [[[2530181.329, 1174646.01], [2530181.41, 1174651.988], [2530175.427, 1174652.067], [2530175.341, 1174646.079], [2530181.329, 1174646.01]]]}, "properties": {"OBJECTID": 46494841, "EGID": 280069880, "NO_COM_FED": 5757, "GENRE_TXT": "b\u00e2timent"}}, {"type": "Feature", "id": 46494845, "geometry": {"type": "Polygon", "coordinates": [[[2530665.429, 1175324.506], [2530666.199, 1175328.416], [2530668.859, 1175327.856], [2530670.1689999998, 1175335.116], [2530673.509, 1175334.466], [2530677.75, 1175351.626], [2530679.73, 1175378.316], [2530676.01, 1175378.556], [2530675, 1175373.456], [2530673.77, 1175373.796], [2530672.67, 1175369.366], [2530665.62, 1175371.076], [2530661.32, 1175353.466], [2530658.64, 1175354.117], [2530654.389, 1175337.107], [2530653.739, 1175337.337], [2530651.769, 1175329.187], [2530664.1890000002, 1175326.176], [2530663.869, 1175324.856], [2530665.429, 1175324.506]]]}, "properties": {"OBJECTID": 46494845, "EGID": 280001502, "NO_COM_FED": 5757, "GENRE_TXT": "b\u00e2timent"}}, {"type": "Feature", "id": 46494981, "geometry": {"type": "Polygon", "coordinates": [[[2530196.997, 1175694.259], [2530193.608, 1175704.704], [2530187.403, 1175702.687], [2530190.798, 1175692.25], [2530196.997, 1175694.259]]]}, "properties": {"OBJECTID": 46494981, "EGID": 280059340, "NO_COM_FED": 5757, "GENRE_TXT": "b\u00e2timent"}}, {"type": "Feature", "id": 46495281, "geometry": {"type": "Polygon", "coordinates": [[[2530967.898, 1175139.377], [2530975.438, 1175133.967], [2530976.378, 1175135.297], [2530977.778, 1175137.207], [2530978.048, 1175136.997], [2530983.428, 1175144.606], [2530975.658, 1175150.167], [2530973.658, 1175147.3969999999], [2530972.768, 1175148.017], [2530971.358, 1175146.027], [2530972.248, 1175145.387], [2530967.898, 1175139.377]]]}, "properties": {"OBJECTID": 46495281, "EGID": 818447, "NO_COM_FED": 5757, "GENRE_TXT": "b\u00e2timent"}}, {"type": "Feature", "id": 46495313, "geometry": {"type": "Polygon", "coordinates": [[[2530867.374, 1175697.709], [2530867.104, 1175696.159], [2530869.654, 1175695.709], [2530869.934, 1175697.279], [2530873.504, 1175696.639], [2530874.674, 1175704.219], [2530867.254, 1175705.449], [2530866.074, 1175697.939], [2530867.374, 1175697.709]]]}, "properties": {"OBJECTID": 46495313, "EGID": 818360, "NO_COM_FED": 5757, "GENRE_TXT": "b\u00e2timent"}}, {"type": "Feature", "id": 46495449, "geometry": {"type": "Polygon", "coordinates": [[[2530251.129, 1175924.151], [2530239.015, 1175923.269], [2530239.642, 1175914.674], [2530245.219, 1175915.082], [2530245.793, 1175907.225], [2530264.5640000002, 1175908.5929999999], [2530263.973, 1175916.459], [2530269.56, 1175916.877], [2530268.935, 1175925.448], [2530253.352, 1175924.313], [2530251.129, 1175924.151]]]}, "properties": {"OBJECTID": 46495449, "EGID": 190069395, "NO_COM_FED": 5757, "GENRE_TXT": "b\u00e2timent"}}, {"type": "Feature", "id": 46495613, "geometry": {"type": "Polygon", "coordinates": [[[2530293.376, 1176288.281], [2530286.292, 1176289.322], [2530284.099, 1176274.297], [2530315.5810000002, 1176269.685], [2530315.73, 1176270.704], [2530316.386, 1176275.208], [2530317.769, 1176284.697], [2530310.716, 1176285.733], [2530308.616, 1176286.042], [2530295.468, 1176287.974], [2530293.376, 1176288.281]]]}, "properties": {"OBJECTID": 46495613, "EGID": 280076325, "NO_COM_FED": 5757, "GENRE_TXT": "b\u00e2timent"}}, {"type": "Feature", "id": 46495616, "geometry": {"type": "Polygon", "coordinates": [[[2531753.205, 1176414.947], [2531749.375, 1176389.637], [2531758.245, 1176388.317], [2531762.065, 1176413.597], [2531753.205, 1176414.947]]]}, "properties": {"OBJECTID": 46495616, "EGID": 190024254, "NO_COM_FED": 5757, "GENRE_TXT": "b\u00e2timent"}}, {"type": "Feature", "id": 46495650, "geometry": {"type": "Polygon", "coordinates": [[[2530709.779, 1175280.635], [2530711.049, 1175278.655], [2530711.809, 1175277.585], [2530714.239, 1175279.075], [2530712.959, 1175282.575], [2530709.779, 1175280.635]]]}, "properties": {"OBJECTID": 46495650, "EGID": 280049942, "NO_COM_FED": 5757, "GENRE_TXT": "b\u00e2timent"}}, {"type": "Feature", "id": 46495799, "geometry": {"type": "Polygon", "coordinates": [[[2530656.727, 1175175.467], [2530656.357, 1175172.677], [2530655.017, 1175172.837], [2530654.497, 1175168.997], [2530655.797, 1175168.827], [2530655.337, 1175165.6570000001], [2530683.187, 1175162.496], [2530684.867, 1175174.586], [2530685.107, 1175174.576], [2530685.147, 1175174.996], [2530656.727, 1175175.467]]]}, "properties": {"OBJECTID": 46495799, "EGID": 818545, "NO_COM_FED": 5757, "GENRE_TXT": "b\u00e2timent"}}, {"type": "Feature", "id": 46495901, "geometry": {"type": "Polygon", "coordinates": [[[2530623.056, 1175065.118], [2530624.966, 1175058.448], [2530638.966, 1175062.508], [2530638.216, 1175068.538], [2530626.356, 1175065.858], [2530623.056, 1175065.118]]]}, "properties": {"OBJECTID": 46495901, "EGID": 818580, "NO_COM_FED": 5757, "GENRE_TXT": "b\u00e2timent"}}, {"type": "Feature", "id": 46496031, "geometry": {"type": "Polygon", "coordinates": [[[2530094.478, 1174622.29], [2530094.473, 1174633.426], [2530088.584, 1174633.425], [2530088.584, 1174622.29], [2530094.478, 1174622.29]]]}, "properties": {"OBJECTID": 46496031, "EGID": 280094782, "NO_COM_FED": 5757, "GENRE_TXT": "b\u00e2timent"}}, {"type": "Feature", "id": 46496054, "geometry": {"type": "Polygon", "coordinates": [[[2530918.23, 1175313.138], [2530907.71, 1175317.309], [2530903, 1175305.349], [2530921.98, 1175297.848], [2530926.69, 1175309.788], [2530918.23, 1175313.138]]]}, "properties": {"OBJECTID": 46496054, "EGID": 818409, "NO_COM_FED": 5757, "GENRE_TXT": "b\u00e2timent"}}, {"type": "Feature", "id": 46496116, "geometry": {"type": "Polygon", "coordinates": [[[2530916.949, 1176144.701], [2530907.599, 1176146.361], [2530906.789, 1176141.831], [2530904.749, 1176142.191], [2530903.389, 1176141.231], [2530902.959, 1176138.821], [2530903.899, 1176137.431], [2530905.949, 1176137.091], [2530905.139, 1176132.561], [2530912.069, 1176131.331], [2530914.529, 1176130.9], [2530916.389, 1176133.13], [2530915.519, 1176135.49], [2530916.329, 1176140.021], [2530917.9390000002, 1176141.94], [2530916.949, 1176144.701]]]}, "properties": {"OBJECTID": 46496116, "EGID": 818244, "NO_COM_FED": 5757, "GENRE_TXT": "b\u00e2timent"}}, {"type": "Feature", "id": 46496195, "geometry": {"type": "Polygon", "coordinates": [[[2531012.644, 1176230.952], [2531012.683, 1176231.129], [2531005.837, 1176232.635], [2531005.875, 1176232.812], [2531003.921, 1176233.237], [2531002.7060000002, 1176227.604], [2531002.337, 1176225.893], [2531002.161, 1176225.075], [2531002.119, 1176224.881], [2531008.966, 1176223.393], [2531008.923, 1176223.2], [2531010.846, 1176222.783], [2531013.795, 1176222.142], [2531014.518, 1176225.422], [2531011.57, 1176226.071], [2531012.644, 1176230.952]]]}, "properties": {"OBJECTID": 46496195, "EGID": 280104398, "NO_COM_FED": 5757, "GENRE_TXT": "b\u00e2timent"}}, {"type": "Feature", "id": 46496242, "geometry": {"type": "Polygon", "coordinates": [[[2529923.923, 1175762.109], [2529923.223, 1175761.939], [2529925.583, 1175751.959], [2529935.383, 1175754.329], [2529935.293, 1175754.699], [2529938.223, 1175755.419], [2529936.273, 1175763.289], [2529933.383, 1175762.579], [2529933.313, 1175762.869], [2529930.183, 1175762.099], [2529929.823, 1175763.539], [2529926.557, 1175762.747], [2529923.923, 1175762.109]]]}, "properties": {"OBJECTID": 46496242, "EGID": 818120, "NO_COM_FED": 5757, "GENRE_TXT": "b\u00e2timent"}}, {"type": "Feature", "id": 46496357, "geometry": {"type": "Polygon", "coordinates": [[[2531048.296, 1174959.195], [2531057.696, 1174964.794], [2531050.526, 1174976.934], [2531048.106, 1174981.035], [2531039.219, 1174975.746], [2531038.646, 1174975.405], [2531022.626, 1174965.875], [2531029.123, 1174954.883], [2531032.236, 1174949.615], [2531048.296, 1174959.195]]]}, "properties": {"OBJECTID": 46496357, "EGID": 280002386, "NO_COM_FED": 5757, "GENRE_TXT": "b\u00e2timent"}}, {"type": "Feature", "id": 46496368, "geometry": {"type": "Polygon", "coordinates": [[[2530688.122, 1175039.21], [2530689.806, 1175038.276], [2530693.586, 1175045.396], [2530695.9560000002, 1175049.776], [2530694.1859999998, 1175050.676], [2530688.126, 1175053.646], [2530687.6859999998, 1175053.786], [2530686.966, 1175052.316], [2530684.336, 1175053.606], [2530683.366, 1175051.666], [2530680.316, 1175053.166], [2530675.996, 1175044.466], [2530682.046, 1175041.486], [2530682.236, 1175041.886], [2530682.716, 1175041.636], [2530682.9560000002, 1175042.076], [2530688.122, 1175039.21]]]}, "properties": {"OBJECTID": 46496368, "EGID": 9082193, "NO_COM_FED": 5757, "GENRE_TXT": "b\u00e2timent"}}, {"type": "Feature", "id": 46496425, "geometry": {"type": "Polygon", "coordinates": [[[2530436.213, 1175882.731], [2530435.975, 1175887.34], [2530434.791, 1175887.269], [2530434.607, 1175890.655], [2530425.482, 1175890.18], [2530425.492, 1175889.939], [2530423.528, 1175889.854], [2530423.714, 1175886.368], [2530422.136, 1175886.285], [2530422.434, 1175880.692], [2530426.569, 1175880.903], [2530427.122, 1175881.506], [2530427.073, 1175882.2], [2530436.213, 1175882.731]]]}, "properties": {"OBJECTID": 46496425, "EGID": 818128, "NO_COM_FED": 5757, "GENRE_TXT": "b\u00e2timent"}}, {"type": "Feature", "id": 46496437, "geometry": {"type": "Polygon", "coordinates": [[[2530375.006, 1174415.083], [2530378.9, 1174413.922], [2530379.774, 1174416.854], [2530375.889, 1174418.002], [2530375.006, 1174415.083]]]}, "properties": {"OBJECTID": 46496437, "EGID": 280072163, "NO_COM_FED": 5757, "GENRE_TXT": "b\u00e2timent"}}, {"type": "Feature", "id": 46496455, "geometry": {"type": "Polygon", "coordinates": [[[2530130.775, 1174681.735], [2530129.908, 1174676.499], [2530136.129, 1174675.432], [2530137.034, 1174680.674], [2530130.775, 1174681.735]]]}, "properties": {"OBJECTID": 46496455, "EGID": 280069996, "NO_COM_FED": 5757, "GENRE_TXT": "b\u00e2timent"}}, {"type": "Feature", "id": 46496474, "geometry": {"type": "Polygon", "coordinates": [[[2530331.199, 1174519.372], [2530327.862, 1174518.205], [2530331.133, 1174508.941], [2530343.512, 1174513.275], [2530340.268, 1174522.543], [2530331.199, 1174519.372]]]}, "properties": {"OBJECTID": 46496474, "EGID": 818840, "NO_COM_FED": 5757, "GENRE_TXT": "b\u00e2timent"}}, {"type": "Feature", "id": 46496717, "geometry": {"type": "Polygon", "coordinates": [[[2530850.987, 1175057.111], [2530854.917, 1175062.581], [2530852.467, 1175064.351], [2530848.547, 1175058.841], [2530850.987, 1175057.111]]]}, "properties": {"OBJECTID": 46496717, "EGID": 280040661, "NO_COM_FED": 5757, "GENRE_TXT": "b\u00e2timent"}}, {"type": "Feature", "id": 46496726, "geometry": {"type": "Polygon", "coordinates": [[[2531256.954, 1175055.351], [2531258.25, 1175053.972], [2531259.259, 1175054.91], [2531257.942, 1175056.274], [2531256.954, 1175055.351]]]}, "properties": {"OBJECTID": 46496726, "EGID": 280112688, "NO_COM_FED": 5757, "GENRE_TXT": "b\u00e2timent"}}, {"type": "Feature", "id": 46496796, "geometry": {"type": "Polygon", "coordinates": [[[2530450.275, 1175892.383], [2530456.675, 1175892.652], [2530456.525, 1175896.072], [2530450.105, 1175895.813], [2530450.275, 1175892.383]]]}, "properties": {"OBJECTID": 46496796, "EGID": 280039397, "NO_COM_FED": 5757, "GENRE_TXT": "b\u00e2timent"}}, {"type": "Feature", "id": 46496836, "geometry": {"type": "Polygon", "coordinates": [[[2530624.9359999998, 1174452.6], [2530627.179, 1174454.493], [2530625.87, 1174456.052], [2530623.622, 1174454.167], [2530624.9359999998, 1174452.6]]]}, "properties": {"OBJECTID": 46496836, "EGID": 280115312, "NO_COM_FED": 5757, "GENRE_TXT": "b\u00e2timent"}}, {"type": "Feature", "id": 46496900, "geometry": {"type": "Polygon", "coordinates": [[[2531249.991, 1175377.798], [2531254.261, 1175376.227], [2531255.921, 1175380.757], [2531246.5810000002, 1175384.258], [2531245.071, 1175380.118], [2531244.931, 1175379.7280000001], [2531249.991, 1175377.798]]]}, "properties": {"OBJECTID": 46496900, "EGID": 280022028, "NO_COM_FED": 5757, "GENRE_TXT": "b\u00e2timent"}}, {"type": "Feature", "id": 46496947, "geometry": {"type": "Polygon", "coordinates": [[[2530586.157, 1174574.373], [2530590.645, 1174577.403], [2530585.942, 1174584.325], [2530582.705, 1174582.136], [2530581.478, 1174583.95], [2530580.205, 1174583.089], [2530578.899, 1174585.02], [2530576.563, 1174583.4070000001], [2530579.067, 1174579.691], [2530578.976, 1174579.63], [2530583.699, 1174572.688], [2530583.798, 1174572.755], [2530586.622, 1174568.617], [2530588.974, 1174570.2], [2530586.157, 1174574.373]]]}, "properties": {"OBJECTID": 46496947, "EGID": 280056159, "NO_COM_FED": 5757, "GENRE_TXT": "b\u00e2timent"}}, {"type": "Feature", "id": 46496992, "geometry": {"type": "Polygon", "coordinates": [[[2530395.853, 1174467.346], [2530396.388, 1174470.227], [2530393.767, 1174470.712], [2530393.235, 1174467.831], [2530395.853, 1174467.346]]]}, "properties": {"OBJECTID": 46496992, "EGID": 280110894, "NO_COM_FED": 5757, "GENRE_TXT": "b\u00e2timent"}}, {"type": "Feature", "id": 46497061, "geometry": {"type": "Polygon", "coordinates": [[[2530325.118, 1174422.885], [2530312.839, 1174426.539], [2530309.984, 1174417.064], [2530309.685, 1174415.846], [2530321.916, 1174412.221], [2530322.256, 1174413.283], [2530325.118, 1174422.885]]]}, "properties": {"OBJECTID": 46497061, "EGID": 400001057, "NO_COM_FED": 5757, "GENRE_TXT": "b\u00e2timent"}}, {"type": "Feature", "id": 46497175, "geometry": {"type": "Polygon", "coordinates": [[[2530604.308, 1175211.448], [2530593.088, 1175212.759], [2530593.0640000002, 1175212.573], [2530592.698, 1175209.759], [2530592.028, 1175209.849], [2530591.158, 1175202.849], [2530591.468, 1175202.769], [2530589.247, 1175184.989], [2530588.867, 1175185.099], [2530588.847, 1175184.789], [2530586.767, 1175185.029], [2530585.977, 1175178.589], [2530588.037, 1175178.329], [2530588.017, 1175178.049], [2530588.297, 1175177.999], [2530588.227, 1175177.289], [2530588.2199792913, 1175177.1405897262], [2530588.2383681, 1175176.9931558375], [2530588.281627799, 1175176.8510168274], [2530588.348491266, 1175176.7183360956], [2530588.437, 1175176.599], [2530588.5283713825, 1175176.5105867325], [2530588.631657819, 1175176.4364412834], [2530588.7446515686, 1175176.378148506], [2530588.8649374004, 1175176.336954403], [2530588.9899442145, 1175176.3137394956], [2530589.117, 1175176.309], [2530587.737, 1175165.269], [2530589.077, 1175163.519], [2530595.897, 1175162.679], [2530597.707, 1175164.109], [2530599.317, 1175176.669], [2530600.657, 1175176.509], [2530600.837, 1175177.979], [2530602.037, 1175177.829], [2530602.517, 1175181.899], [2530601.337, 1175182.039], [2530601.517, 1175183.509], [2530601.217, 1175183.549], [2530603.408, 1175201.369], [2530603.748, 1175201.379], [2530604.618, 1175208.368], [2530603.978, 1175208.439], [2530604.308, 1175211.448]]]}, "properties": {"OBJECTID": 46497175, "EGID": 280002331, "NO_COM_FED": 5757, "GENRE_TXT": "b\u00e2timent"}}, {"type": "Feature", "id": 46497188, "geometry": {"type": "Polygon", "coordinates": [[[2530822.059, 1175298.781], [2530820.049, 1175292.101], [2530830.259, 1175289.081], [2530832.269, 1175295.751], [2530822.059, 1175298.781]]]}, "properties": {"OBJECTID": 46497188, "EGID": 818523, "NO_COM_FED": 5757, "GENRE_TXT": "b\u00e2timent"}}, {"type": "Feature", "id": 46497246, "geometry": {"type": "Polygon", "coordinates": [[[2530523.132, 1174725.469], [2530520.842, 1174722.799], [2530520.602, 1174722.969], [2530518.352, 1174720.279], [2530518.582, 1174720.069], [2530515.422, 1174716.279], [2530525.682, 1174707.629], [2530526.654, 1174708.796], [2530532.112, 1174715.349], [2530532.2348866696, 1174715.4697636745], [2530532.3723180685, 1174715.57367522], [2530532.522, 1174715.659], [2530532.695182094, 1174715.7279561125], [2530532.876409856, 1174715.7715850181], [2530533.062, 1174715.789], [2530535.642, 1174716.029], [2530535.332, 1174720.009], [2530532.462, 1174719.789], [2530532.3143026168, 1174719.8120938265], [2530532.1703125276, 1174719.852277107], [2530532.032, 1174719.909], [2530531.8520785198, 1174720.0149445697], [2530531.692, 1174720.149], [2530530.632, 1174721.029], [2530530.942, 1174721.419], [2530528.062, 1174723.829], [2530527.742, 1174723.469], [2530525.082, 1174725.649], [2530523.132, 1174725.469]]]}, "properties": {"OBJECTID": 46497246, "EGID": 818792, "NO_COM_FED": 5757, "GENRE_TXT": "b\u00e2timent"}}, {"type": "Feature", "id": 46497321, "geometry": {"type": "Polygon", "coordinates": [[[2530109.07, 1175749.019], [2530101.702, 1175746.63], [2530106.163, 1175732.837], [2530111.96, 1175734.712], [2530110.726, 1175738.53], [2530112.719, 1175739.123], [2530112.116, 1175741.047], [2530111.925, 1175740.988], [2530109.26, 1175749.081], [2530109.07, 1175749.019]]]}, "properties": {"OBJECTID": 46497321, "EGID": 280102182, "NO_COM_FED": 5757, "GENRE_TXT": "b\u00e2timent"}}, {"type": "Feature", "id": 46497479, "geometry": {"type": "Polygon", "coordinates": [[[2530919.431, 1176362.423], [2530918.441, 1176359.543], [2530920.711, 1176358.762], [2530921.681, 1176361.652], [2530919.431, 1176362.423]]]}, "properties": {"OBJECTID": 46497479, "EGID": 280110660, "NO_COM_FED": 5757, "GENRE_TXT": "b\u00e2timent"}}, {"type": "Feature", "id": 46497679, "geometry": {"type": "Polygon", "coordinates": [[[2530549.103, 1174824.14], [2530546.493, 1174822.98], [2530546.043, 1174823.98], [2530530.183, 1174817.01], [2530531.123, 1174814.79], [2530533.023, 1174815.6], [2530535.953, 1174808.919], [2530549.963, 1174815.039], [2530548.643, 1174818.019], [2530551.503, 1174819.23], [2530549.383, 1174823.98], [2530549.273, 1174824.22], [2530549.103, 1174824.14]]]}, "properties": {"OBJECTID": 46497679, "EGID": 818865, "NO_COM_FED": 5757, "GENRE_TXT": "b\u00e2timent"}}, {"type": "Feature", "id": 46498193, "geometry": {"type": "Polygon", "coordinates": [[[2531091.841, 1176292.8969999999], [2531097.301, 1176292.447], [2531097.541, 1176295.277], [2531092.071, 1176295.727], [2531091.841, 1176292.8969999999]]]}, "properties": {"OBJECTID": 46498193, "EGID": 280047272, "NO_COM_FED": 5757, "GENRE_TXT": "b\u00e2timent"}}, {"type": "Feature", "id": 46498221, "geometry": {"type": "Polygon", "coordinates": [[[2530782.997, 1175523.997], [2530773.067, 1175525.243], [2530772.182, 1175518.303], [2530782.112, 1175517.052], [2530782.997, 1175523.997]]]}, "properties": {"OBJECTID": 46498221, "EGID": 3163877, "NO_COM_FED": 5757, "GENRE_TXT": "b\u00e2timent"}}, {"type": "Feature", "id": 46498245, "geometry": {"type": "Polygon", "coordinates": [[[2530530.907, 1175113.852], [2530531.037, 1175104.058], [2530534.726, 1175104.139], [2530534.731, 1175103.904], [2530546.386, 1175104.25], [2530546.376, 1175104.73], [2530546.096, 1175104.73], [2530545.677, 1175133.76], [2530545.977, 1175133.76], [2530545.977, 1175134.24], [2530534.995, 1175134.097], [2530534.567, 1175134.091], [2530530.638, 1175134.059], [2530530.907, 1175113.852]]]}, "properties": {"OBJECTID": 46498245, "EGID": 280004520, "NO_COM_FED": 5757, "GENRE_TXT": "b\u00e2timent"}}, {"type": "Feature", "id": 46498444, "geometry": {"type": "Polygon", "coordinates": [[[2531051.621, 1175376.424], [2531042.651, 1175380.794], [2531038.711, 1175372.624], [2531035.621, 1175366.214], [2531039.5810000002, 1175364.364], [2531037.681, 1175360.524], [2531052.17, 1175353.654], [2531053.911, 1175357.424], [2531063.89, 1175352.644], [2531067.961, 1175360.993], [2531062.3109999998, 1175363.704], [2531061.611, 1175365.164], [2531065.271, 1175372.273], [2531061.471, 1175374.094], [2531060.501, 1175372.094], [2531051.621, 1175376.424]]]}, "properties": {"OBJECTID": 46498444, "EGID": 818411, "NO_COM_FED": 5757, "GENRE_TXT": "b\u00e2timent"}}, {"type": "Feature", "id": 46498679, "geometry": {"type": "Polygon", "coordinates": [[[2530490.477, 1176044.881], [2530491.317, 1176050.471], [2530482.337, 1176051.7719999999], [2530481.537, 1176046.132], [2530490.477, 1176044.881]]]}, "properties": {"OBJECTID": 46498679, "EGID": 280021235, "NO_COM_FED": 5757, "GENRE_TXT": "b\u00e2timent"}}, {"type": "Feature", "id": 46499158, "geometry": {"type": "Polygon", "coordinates": [[[2530983.421, 1176323.63], [2530987.181, 1176328.11], [2530986.211, 1176328.95], [2530977.731, 1176336.031], [2530975.421, 1176333.261], [2530974.531, 1176334.001], [2530973.0609999998, 1176332.231], [2530982.441, 1176324.45], [2530983.421, 1176323.63]]]}, "properties": {"OBJECTID": 46499158, "EGID": 818144, "NO_COM_FED": 5757, "GENRE_TXT": "b\u00e2timent"}}, {"type": "Feature", "id": 46499232, "geometry": {"type": "Polygon", "coordinates": [[[2530915.539, 1176207.651], [2530912.059, 1176207.761], [2530907.079, 1176207.951], [2530906.759, 1176200.361], [2530915.209, 1176200.021], [2530915.539, 1176207.651]]]}, "properties": {"OBJECTID": 46499232, "EGID": 818258, "NO_COM_FED": 5757, "GENRE_TXT": "b\u00e2timent"}}, {"type": "Feature", "id": 46499243, "geometry": {"type": "Polygon", "coordinates": [[[2532132.349, 1176354.006], [2532150.469, 1176327.716], [2532134.188, 1176316.416], [2532132.118, 1176319.496], [2532121.498, 1176311.985], [2532133.828, 1176294.175], [2532144.848, 1176301.845], [2532142.728, 1176304.825], [2532158.829, 1176315.935], [2532176.9189999998, 1176289.875], [2532188.259, 1176297.885], [2532143.739, 1176361.926], [2532132.349, 1176354.006]]]}, "properties": {"OBJECTID": 46499243, "EGID": 818877, "NO_COM_FED": 5757, "GENRE_TXT": "b\u00e2timent"}}, {"type": "Feature", "id": 46499467, "geometry": {"type": "Polygon", "coordinates": [[[2530949.578, 1175136.017], [2530961.568, 1175152.757], [2530953.328, 1175158.587], [2530941.308, 1175141.838], [2530949.578, 1175136.017]]]}, "properties": {"OBJECTID": 46499467, "EGID": 818435, "NO_COM_FED": 5757, "GENRE_TXT": "b\u00e2timent"}}, {"type": "Feature", "id": 46499559, "geometry": {"type": "Polygon", "coordinates": [[[2530698.537, 1174462.551], [2530701.494, 1174462.089], [2530701.91, 1174464.764], [2530702.414, 1174468.009], [2530699.48, 1174468.481], [2530698.537, 1174462.551]]]}, "properties": {"OBJECTID": 46499559, "EGID": 280071349, "NO_COM_FED": 5757, "GENRE_TXT": "b\u00e2timent"}}, {"type": "Feature", "id": 46499607, "geometry": {"type": "Polygon", "coordinates": [[[2530633.996, 1175923.797], [2530639.636, 1175926.806], [2530638.646, 1175928.697], [2530635.986, 1175927.277], [2530635.986, 1175925.457], [2530633.6859999998, 1175924.377], [2530633.996, 1175923.797]]]}, "properties": {"OBJECTID": 46499607, "EGID": 280123692, "NO_COM_FED": 5757, "GENRE_TXT": "b\u00e2timent"}}, {"type": "Feature", "id": 46499840, "geometry": {"type": "Polygon", "coordinates": [[[2531459.637, 1175278.735], [2531465.072, 1175272.884], [2531484.398, 1175290.837], [2531478.947, 1175296.684], [2531459.637, 1175278.735]]]}, "properties": {"OBJECTID": 46499840, "EGID": 280129438, "NO_COM_FED": 5757, "GENRE_TXT": "b\u00e2timent"}}, {"type": "Feature", "id": 46499857, "geometry": {"type": "Polygon", "coordinates": [[[2530721.405, 1174965.185], [2530722.375, 1174964.505], [2530723.545, 1174966.295], [2530722.535, 1174966.935], [2530721.405, 1174965.185]]]}, "properties": {"OBJECTID": 46499857, "EGID": 280130412, "NO_COM_FED": 5757, "GENRE_TXT": "b\u00e2timent"}}, {"type": "Feature", "id": 46500088, "geometry": {"type": "Polygon", "coordinates": [[[2532203.66, 1176421.027], [2532212.09, 1176409.017], [2532211.49, 1176408.677], [2532255.78, 1176345.366], [2532256.32, 1176345.806], [2532264.73, 1176333.536], [2532274.55, 1176340.436], [2532213.651, 1176428.067], [2532203.66, 1176421.027]]]}, "properties": {"OBJECTID": 46500088, "EGID": 280000831, "NO_COM_FED": 5757, "GENRE_TXT": "b\u00e2timent"}}, {"type": "Feature", "id": 46500631, "geometry": {"type": "Polygon", "coordinates": [[[2530877.11, 1176297.683], [2530878.08, 1176301.403], [2530872.29, 1176302.903], [2530871.33, 1176299.203], [2530877.11, 1176297.683]]]}, "properties": {"OBJECTID": 46500631, "EGID": 280036114, "NO_COM_FED": 5757, "GENRE_TXT": "b\u00e2timent"}}, {"type": "Feature", "id": 46500651, "geometry": {"type": "Polygon", "coordinates": [[[2530765.115, 1174594.054], [2530764.596, 1174597.127], [2530758.662, 1174596.054], [2530759.198, 1174593.012], [2530765.115, 1174594.054]]]}, "properties": {"OBJECTID": 46500651, "EGID": 280071409, "NO_COM_FED": 5757, "GENRE_TXT": "b\u00e2timent"}}, {"type": "Feature", "id": 46500805, "geometry": {"type": "Polygon", "coordinates": [[[2531009.596, 1176240.54], [2531009.554, 1176240.348], [2531016.401, 1176238.862], [2531016.359, 1176238.67], [2531018.306, 1176238.246], [2531021.258, 1176237.604], [2531021.974, 1176240.879], [2531019.022, 1176241.524], [2531020.078, 1176246.354], [2531020.168, 1176246.764], [2531011.376, 1176248.663], [2531010.197, 1176243.283], [2531009.768, 1176241.323], [2531009.596, 1176240.54]]]}, "properties": {"OBJECTID": 46500805, "EGID": 280104401, "NO_COM_FED": 5757, "GENRE_TXT": "b\u00e2timent"}}, {"type": "Feature", "id": 46500995, "geometry": {"type": "Polygon", "coordinates": [[[2530810.333, 1174422.856], [2530807.142, 1174430.877], [2530799.125, 1174427.678], [2530803.738, 1174416.035], [2530811.793, 1174419.188], [2530810.333, 1174422.856]]]}, "properties": {"OBJECTID": 46500995, "EGID": 280100051, "NO_COM_FED": 5757, "GENRE_TXT": "b\u00e2timent"}}, {"type": "Feature", "id": 46501073, "geometry": {"type": "Polygon", "coordinates": [[[2531232.051, 1175391.038], [2531229.691, 1175392.328], [2531229.551, 1175392.408], [2531226.381, 1175393.598], [2531225.141, 1175394.068], [2531221.521, 1175389.148], [2531218.941, 1175385.639], [2531224.821, 1175381.408], [2531232.051, 1175391.038]]]}, "properties": {"OBJECTID": 46501073, "EGID": 280014710, "NO_COM_FED": 5757, "GENRE_TXT": "b\u00e2timent"}}, {"type": "Feature", "id": 46501229, "geometry": {"type": "Polygon", "coordinates": [[[2530973.861, 1176339.251], [2530972.291, 1176337.381], [2530974.5810000002, 1176335.471], [2530976.151, 1176337.341], [2530973.861, 1176339.251]]]}, "properties": {"OBJECTID": 46501229, "EGID": 280115678, "NO_COM_FED": 5757, "GENRE_TXT": "b\u00e2timent"}}, {"type": "Feature", "id": 46501279, "geometry": {"type": "Polygon", "coordinates": [[[2530580.386, 1175098.479], [2530580.366, 1175097.389], [2530579.846, 1175097.389], [2530579.846, 1175096.959], [2530577.216, 1175096.99], [2530577.196, 1175088.46], [2530577.1859999998, 1175084.92], [2530582.166, 1175084.889], [2530582.196, 1175085.509], [2530587.876, 1175085.479], [2530587.946, 1175096.949], [2530587.7060000002, 1175096.953], [2530587.716, 1175098.502], [2530583.946, 1175098.559], [2530580.386, 1175098.479]]]}, "properties": {"OBJECTID": 46501279, "EGID": 818579, "NO_COM_FED": 5757, "GENRE_TXT": "b\u00e2timent"}}, {"type": "Feature", "id": 46501287, "geometry": {"type": "Polygon", "coordinates": [[[2530258.508, 1175190.9679999999], [2530259.116, 1175194.515], [2530256.825, 1175195.008], [2530256.097, 1175191.393], [2530258.508, 1175190.9679999999]]]}, "properties": {"OBJECTID": 46501287, "EGID": 280113994, "NO_COM_FED": 5757, "GENRE_TXT": "b\u00e2timent"}}, {"type": "Feature", "id": 46501352, "geometry": {"type": "Polygon", "coordinates": [[[2530398.165, 1174528.321], [2530396.28, 1174535.063], [2530395.882, 1174536.492], [2530387.42, 1174534.129], [2530389.698, 1174525.953], [2530398.165, 1174528.321]]]}, "properties": {"OBJECTID": 46501352, "EGID": 818836, "NO_COM_FED": 5757, "GENRE_TXT": "b\u00e2timent"}}, {"type": "Feature", "id": 46501407, "geometry": {"type": "Polygon", "coordinates": [[[2531394.998, 1175184.048], [2531389.66, 1175189.795], [2531378.272, 1175179.199], [2531383.602, 1175173.458], [2531394.998, 1175184.048]]]}, "properties": {"OBJECTID": 46501407, "EGID": 280139689, "NO_COM_FED": 5757, "GENRE_TXT": "b\u00e2timent"}}, {"type": "Feature", "id": 46501449, "geometry": {"type": "Polygon", "coordinates": [[[2531295.184, 1175535.887], [2531294.554, 1175531.5320000001], [2531300.174, 1175530.669], [2531300.782, 1175535.068], [2531295.184, 1175535.887]]]}, "properties": {"OBJECTID": 46501449, "EGID": 280034433, "NO_COM_FED": 5757, "GENRE_TXT": "b\u00e2timent"}}, {"type": "Feature", "id": 46501476, "geometry": {"type": "Polygon", "coordinates": [[[2530637.52, 1175370.284], [2530634.849, 1175371.31], [2530635.29, 1175372.459], [2530625.176, 1175376.3969999999], [2530623.991, 1175373.473], [2530622.525, 1175374.059], [2530620.225, 1175368.214], [2530617.084, 1175360.231], [2530618.574, 1175359.658], [2530617.445, 1175356.724], [2530627.537, 1175352.756], [2530627.97, 1175353.87], [2530630.662, 1175352.837], [2530637.52, 1175370.284]]]}, "properties": {"OBJECTID": 46501476, "EGID": 280056307, "NO_COM_FED": 5757, "GENRE_TXT": "b\u00e2timent"}}, {"type": "Feature", "id": 46501534, "geometry": {"type": "Polygon", "coordinates": [[[2530638.55, 1176315.59], [2530641.22, 1176316.62], [2530639.24, 1176321.75], [2530636.58, 1176320.71], [2530638.55, 1176315.59]]]}, "properties": {"OBJECTID": 46501534, "EGID": 280046507, "NO_COM_FED": 5757, "GENRE_TXT": "b\u00e2timent"}}, {"type": "Feature", "id": 46501615, "geometry": {"type": "Polygon", "coordinates": [[[2530661.836, 1175069.447], [2530661.946, 1175069.787], [2530664.466, 1175077.327], [2530647.576, 1175082.237], [2530646.876, 1175074.177], [2530661.836, 1175069.447]]]}, "properties": {"OBJECTID": 46501615, "EGID": 818601, "NO_COM_FED": 5757, "GENRE_TXT": "b\u00e2timent"}}, {"type": "Feature", "id": 46501720, "geometry": {"type": "Polygon", "coordinates": [[[2530391.594, 1175816.125], [2530397.844, 1175814.674], [2530398.614, 1175817.994], [2530392.354, 1175819.435], [2530391.594, 1175816.125]]]}, "properties": {"OBJECTID": 46501720, "EGID": 280038042, "NO_COM_FED": 5757, "GENRE_TXT": "b\u00e2timent"}}, {"type": "Feature", "id": 46502150, "geometry": {"type": "Polygon", "coordinates": [[[2531360.539, 1175152.026], [2531387.789, 1175122.636], [2531391.299, 1175125.926], [2531382.969, 1175134.856], [2531426.18, 1175175.015], [2531421.39, 1175180.215], [2531413.02, 1175172.475], [2531408.49, 1175177.345], [2531408.96, 1175177.775], [2531407.79, 1175179.075], [2531437.99, 1175206.344], [2531432.74, 1175212.074], [2531429.51, 1175209.124], [2531426.25, 1175212.704], [2531398.98, 1175187.385], [2531399.2, 1175187.165], [2531398.96, 1175186.945], [2531395.37, 1175183.655], [2531394.998, 1175184.048], [2531383.602, 1175173.458], [2531364.069, 1175155.306], [2531360.539, 1175152.026]]]}, "properties": {"OBJECTID": 46502150, "EGID": 280000463, "NO_COM_FED": 5757, "GENRE_TXT": "b\u00e2timent"}}, {"type": "Feature", "id": 46502339, "geometry": {"type": "Polygon", "coordinates": [[[2530398.165, 1174528.321], [2530404.997, 1174530.231], [2530403.116, 1174536.958], [2530396.28, 1174535.063], [2530398.165, 1174528.321]]]}, "properties": {"OBJECTID": 46502339, "EGID": 818837, "NO_COM_FED": 5757, "GENRE_TXT": "b\u00e2timent"}}, {"type": "Feature", "id": 46502451, "geometry": {"type": "Polygon", "coordinates": [[[2530582.3310000002, 1174385.128], [2530578.649, 1174383.464], [2530578.027, 1174384.84], [2530570.841, 1174381.575], [2530572.357, 1174378.249], [2530576.882, 1174380.319], [2530579.739, 1174374.075], [2530592.04, 1174379.64], [2530589.295, 1174385.706], [2530588.33, 1174387.84], [2530582.3310000002, 1174385.128]]]}, "properties": {"OBJECTID": 46502451, "EGID": 818780, "NO_COM_FED": 5757, "GENRE_TXT": "b\u00e2timent"}}, {"type": "Feature", "id": 46502555, "geometry": {"type": "Polygon", "coordinates": [[[2530425.389, 1174754.639], [2530418.371, 1174756.525], [2530413.819, 1174739.557], [2530420.829, 1174737.677], [2530421.411, 1174737.523], [2530425.962, 1174754.489], [2530425.389, 1174754.639]]]}, "properties": {"OBJECTID": 46502555, "EGID": 280129123, "NO_COM_FED": 5757, "GENRE_TXT": "b\u00e2timent"}}, {"type": "Feature", "id": 46502790, "geometry": {"type": "Polygon", "coordinates": [[[2530511.27, 1176328.373], [2530510.99, 1176328.333], [2530510.42, 1176317.3530000001], [2530536.41, 1176315.953], [2530536.97, 1176326.973], [2530526.06, 1176327.533], [2530526.18, 1176329.783], [2530522.15, 1176329.513], [2530522.05, 1176327.753], [2530511.27, 1176328.373]]]}, "properties": {"OBJECTID": 46502790, "EGID": 818061, "NO_COM_FED": 5757, "GENRE_TXT": "b\u00e2timent"}}, {"type": "Feature", "id": 46502884, "geometry": {"type": "Polygon", "coordinates": [[[2530280.01, 1174395.0219999999], [2530267.805, 1174398.667], [2530255.052, 1174355.997], [2530267.334, 1174352.345], [2530280.01, 1174395.0219999999]]]}, "properties": {"OBJECTID": 46502884, "EGID": 280076358, "NO_COM_FED": 5757, "GENRE_TXT": "b\u00e2timent"}}, {"type": "Feature", "id": 46502904, "geometry": {"type": "Polygon", "coordinates": [[[2530671.217, 1174524.041], [2530676.488, 1174522.604], [2530677.301, 1174525.584], [2530672.119, 1174526.997], [2530672.068, 1174527.011], [2530671.217, 1174524.041]]]}, "properties": {"OBJECTID": 46502904, "EGID": 280071474, "NO_COM_FED": 5757, "GENRE_TXT": "b\u00e2timent"}}, {"type": "Feature", "id": 46503009, "geometry": {"type": "Polygon", "coordinates": [[[2530177.224, 1174543.963], [2530175.111, 1174545.834], [2530173.78, 1174544.33], [2530175.887, 1174542.471], [2530177.224, 1174543.963]]]}, "properties": {"OBJECTID": 46503009, "EGID": 280112872, "NO_COM_FED": 5757, "GENRE_TXT": "b\u00e2timent"}}, {"type": "Feature", "id": 46503017, "geometry": {"type": "Polygon", "coordinates": [[[2531260.326, 1174870.212], [2531261.636, 1174876.942], [2531255.326, 1174878.402], [2531255.616, 1174880.212], [2531252.6859999998, 1174880.842], [2531250.986, 1174872.2719999999], [2531260.326, 1174870.212]]]}, "properties": {"OBJECTID": 46503017, "EGID": 818457, "NO_COM_FED": 5757, "GENRE_TXT": "b\u00e2timent"}}, {"type": "Feature", "id": 46503049, "geometry": {"type": "Polygon", "coordinates": [[[2530648.746, 1175051.167], [2530656.886, 1175048.817], [2530658.836, 1175055.287], [2530646.976, 1175057.867], [2530648.746, 1175051.167]]]}, "properties": {"OBJECTID": 46503049, "EGID": 818604, "NO_COM_FED": 5757, "GENRE_TXT": "b\u00e2timent"}}, {"type": "Feature", "id": 46503192, "geometry": {"type": "Polygon", "coordinates": [[[2530944.914, 1174736.975], [2530945.011, 1174735.01], [2530948.279, 1174735.172], [2530948.213, 1174737.153], [2530944.914, 1174736.975]]]}, "properties": {"OBJECTID": 46503192, "EGID": 280131183, "NO_COM_FED": 5757, "GENRE_TXT": "b\u00e2timent"}}, {"type": "Feature", "id": 46503276, "geometry": {"type": "Polygon", "coordinates": [[[2530521.636, 1175909.68], [2530522.846, 1175900.19], [2530530.546, 1175901.07], [2530533.897, 1175901.51], [2530533.375, 1175905.492], [2530530.025, 1175905.088], [2530529.306, 1175910.63], [2530521.636, 1175909.68]]]}, "properties": {"OBJECTID": 46503276, "EGID": 818099, "NO_COM_FED": 5757, "GENRE_TXT": "b\u00e2timent"}}, {"type": "Feature", "id": 46503337, "geometry": {"type": "Polygon", "coordinates": [[[2530534.571, 1174456.533], [2530535.692, 1174447.498], [2530540.74, 1174448.108], [2530541.596, 1174449.209], [2530545.589, 1174449.711], [2530545.0640000002, 1174454.285], [2530541.236, 1174457.329], [2530534.571, 1174456.533]]]}, "properties": {"OBJECTID": 46503337, "EGID": 280076383, "NO_COM_FED": 5757, "GENRE_TXT": "b\u00e2timent"}}, {"type": "Feature", "id": 46503429, "geometry": {"type": "Polygon", "coordinates": [[[2531026.345, 1174853.205], [2531036.315, 1174857.555], [2531033.825, 1174863.215], [2531034.765, 1174863.635], [2531033.645, 1174866.055], [2531022.815, 1174861.325], [2531022.425, 1174861.095], [2531026.345, 1174853.205]]]}, "properties": {"OBJECTID": 46503429, "EGID": 818736, "NO_COM_FED": 5757, "GENRE_TXT": "b\u00e2timent"}}, {"type": "Feature", "id": 46503498, "geometry": {"type": "Polygon", "coordinates": [[[2530760.365, 1175800.923], [2530746.285, 1175793.723], [2530750.735, 1175785.0929999999], [2530759.265, 1175789.463], [2530757.905, 1175791.873], [2530763.435, 1175794.983], [2530760.365, 1175800.923]]]}, "properties": {"OBJECTID": 46503498, "EGID": 280010337, "NO_COM_FED": 5757, "GENRE_TXT": "b\u00e2timent"}}, {"type": "Feature", "id": 46503587, "geometry": {"type": "Polygon", "coordinates": [[[2531557.57, 1175201.578], [2531563.652, 1175195.024], [2531574.959, 1175205.491], [2531568.881, 1175212.031], [2531557.57, 1175201.578]]]}, "properties": {"OBJECTID": 46503587, "EGID": 281003486, "NO_COM_FED": 5757, "GENRE_TXT": "b\u00e2timent"}}, {"type": "Feature", "id": 46503626, "geometry": {"type": "Polygon", "coordinates": [[[2530779.997, 1176001.563], [2530788.237, 1175998.673], [2530790.127, 1175998.073], [2530792.117, 1176004.433], [2530786.668, 1176006.125], [2530781.877, 1176007.613], [2530779.997, 1176001.563]]]}, "properties": {"OBJECTID": 46503626, "EGID": 3163922, "NO_COM_FED": 5757, "GENRE_TXT": "b\u00e2timent"}}, {"type": "Feature", "id": 46503656, "geometry": {"type": "Polygon", "coordinates": [[[2530688.532, 1174704.196], [2530685.092, 1174709.387], [2530680.752, 1174706.567], [2530684.192, 1174701.367], [2530688.532, 1174704.196]]]}, "properties": {"OBJECTID": 46503656, "EGID": 280032179, "NO_COM_FED": 5757, "GENRE_TXT": "b\u00e2timent"}}, {"type": "Feature", "id": 46503687, "geometry": {"type": "Polygon", "coordinates": [[[2530863.898, 1176059.676], [2530864.799, 1176063.875], [2530861.511, 1176064.58], [2530861.628, 1176065.141], [2530861.038, 1176065.271], [2530857.958, 1176065.941], [2530858.248, 1176067.301], [2530853.648, 1176068.302], [2530852.318, 1176062.162], [2530860.628, 1176060.361], [2530863.898, 1176059.676]]]}, "properties": {"OBJECTID": 46503687, "EGID": 819012, "NO_COM_FED": 5757, "GENRE_TXT": "b\u00e2timent"}}, {"type": "Feature", "id": 46503745, "geometry": {"type": "Polygon", "coordinates": [[[2530153.216, 1174367.418], [2530154.596, 1174373.263], [2530144.819, 1174375.573], [2530143.446, 1174369.698], [2530153.216, 1174367.418]]]}, "properties": {"OBJECTID": 46503745, "EGID": 280068164, "NO_COM_FED": 5757, "GENRE_TXT": "b\u00e2timent"}}, {"type": "Feature", "id": 46503856, "geometry": {"type": "Polygon", "coordinates": [[[2531406.316, 1175025.241], [2531414.829, 1175033.178], [2531410.369, 1175037.9780000001], [2531414.769, 1175042.067], [2531439.469, 1175015.558], [2531437.969, 1175014.158], [2531439.659, 1175012.328], [2531441.1689999998, 1175013.7179999999], [2531443.579, 1175011.158], [2531444.565, 1175012.074], [2531448.853, 1175007.4679999999], [2531457.916, 1175015.876], [2531453.622, 1175020.487], [2531454.989, 1175021.757], [2531425.999, 1175052.937], [2531421.4390000002, 1175048.707], [2531419.829, 1175050.427], [2531422.1689999998, 1175052.617], [2531417.459, 1175057.677], [2531374.928, 1175018.058], [2531385.878, 1175006.188], [2531406.316, 1175025.241]]]}, "properties": {"OBJECTID": 46503856, "EGID": 280000658, "NO_COM_FED": 5757, "GENRE_TXT": "b\u00e2timent"}}, {"type": "Feature", "id": 46503943, "geometry": {"type": "Polygon", "coordinates": [[[2531338.365, 1174648.336], [2531338.485, 1174648.806], [2531338.185, 1174648.876], [2531339.285, 1174653.196], [2531339.545, 1174653.096], [2531341.685, 1174661.965], [2531334.325, 1174663.836], [2531331.105, 1174650.106], [2531338.365, 1174648.336]]]}, "properties": {"OBJECTID": 46503943, "EGID": 818478, "NO_COM_FED": 5757, "GENRE_TXT": "b\u00e2timent"}}, {"type": "Feature", "id": 46504173, "geometry": {"type": "Polygon", "coordinates": [[[2530661.746, 1174653.414], [2530661.118, 1174656.09], [2530648.451, 1174652.973], [2530649.5609999998, 1174650.4679999999], [2530661.746, 1174653.414]]]}, "properties": {"OBJECTID": 46504173, "EGID": 280070064, "NO_COM_FED": 5757, "GENRE_TXT": "b\u00e2timent"}}, {"type": "Feature", "id": 46504235, "geometry": {"type": "Polygon", "coordinates": [[[2530369.511, 1174396.659], [2530368.768, 1174394.159], [2530368.713, 1174393.975], [2530372.908, 1174392.729], [2530373.725, 1174395.391], [2530369.511, 1174396.659]]]}, "properties": {"OBJECTID": 46504235, "EGID": 280072166, "NO_COM_FED": 5757, "GENRE_TXT": "b\u00e2timent"}}, {"type": "Feature", "id": 46504520, "geometry": {"type": "Polygon", "coordinates": [[[2530713.584, 1175730.794], [2530704.434, 1175732.375], [2530702.614, 1175721.485], [2530711.27, 1175719.982], [2530711.774, 1175719.894], [2530713.584, 1175730.794]]]}, "properties": {"OBJECTID": 46504520, "EGID": 818291, "NO_COM_FED": 5757, "GENRE_TXT": "b\u00e2timent"}}, {"type": "Feature", "id": 46504715, "geometry": {"type": "Polygon", "coordinates": [[[2530220.898, 1174628.465], [2530228.596, 1174626.945], [2530229.353, 1174636.9070000001], [2530221.596, 1174637.495], [2530220.898, 1174628.465]]]}, "properties": {"OBJECTID": 46504715, "EGID": 280129808, "NO_COM_FED": 5757, "GENRE_TXT": "b\u00e2timent"}}, {"type": "Feature", "id": 46504815, "geometry": {"type": "Polygon", "coordinates": [[[2531075.325, 1174052.8530000001], [2531071.829, 1174052.953], [2531071.71, 1174048.797], [2531075.244, 1174048.669], [2531075.325, 1174052.8530000001]]]}, "properties": {"OBJECTID": 46504815, "EGID": 280071596, "NO_COM_FED": 5757, "GENRE_TXT": "b\u00e2timent"}}, {"type": "Feature", "id": 46504941, "geometry": {"type": "Polygon", "coordinates": [[[2530810.26, 1175321.962], [2530803.61, 1175323.212], [2530802.499, 1175317.342], [2530804.079, 1175317.0320000001], [2530803.509, 1175314.062], [2530808.479, 1175313.082], [2530810.26, 1175321.962]]]}, "properties": {"OBJECTID": 46504941, "EGID": 818528, "NO_COM_FED": 5757, "GENRE_TXT": "b\u00e2timent"}}, {"type": "Feature", "id": 46505296, "geometry": {"type": "Polygon", "coordinates": [[[2530277.107, 1174725.722], [2530276.543, 1174728.362], [2530273.412, 1174727.687], [2530272.849, 1174730.33], [2530272.43, 1174732.284], [2530264.788, 1174730.646], [2530265.043, 1174729.46], [2530266.682, 1174721.8429999999], [2530274.313, 1174723.4780000001], [2530273.974, 1174725.044], [2530277.107, 1174725.722]]]}, "properties": {"OBJECTID": 46505296, "EGID": 280103941, "NO_COM_FED": 5757, "GENRE_TXT": "b\u00e2timent"}}, {"type": "Feature", "id": 46505480, "geometry": {"type": "Polygon", "coordinates": [[[2530754.512, 1175538.483], [2530755.522, 1175553.323], [2530743.102, 1175554.194], [2530742.062, 1175539.304], [2530754.512, 1175538.483]]]}, "properties": {"OBJECTID": 46505480, "EGID": 818353, "NO_COM_FED": 5757, "GENRE_TXT": "b\u00e2timent"}}, {"type": "Feature", "id": 46505885, "geometry": {"type": "Polygon", "coordinates": [[[2531152.746, 1174909.903], [2531144.836, 1174905.313], [2531149.656, 1174897.033], [2531142.296, 1174892.903], [2531147.876, 1174883.573], [2531165.136, 1174888.443], [2531162.216, 1174893.503], [2531152.746, 1174909.903]]]}, "properties": {"OBJECTID": 46505885, "EGID": 818708, "NO_COM_FED": 5757, "GENRE_TXT": "b\u00e2timent"}}, {"type": "Feature", "id": 46505925, "geometry": {"type": "Polygon", "coordinates": [[[2531264.543, 1175515.997], [2531263.783, 1175513.757], [2531270.493, 1175511.377], [2531271.333, 1175513.797], [2531264.543, 1175515.997]]]}, "properties": {"OBJECTID": 46505925, "EGID": 280044341, "NO_COM_FED": 5757, "GENRE_TXT": "b\u00e2timent"}}, {"type": "Feature", "id": 46505968, "geometry": {"type": "Polygon", "coordinates": [[[2531070.399, 1176126.156], [2531065.059, 1176127.506], [2531064.359, 1176124.796], [2531069.699, 1176123.446], [2531070.399, 1176126.156]]]}, "properties": {"OBJECTID": 46505968, "EGID": 280048134, "NO_COM_FED": 5757, "GENRE_TXT": "b\u00e2timent"}}, {"type": "Feature", "id": 46506053, "geometry": {"type": "Polygon", "coordinates": [[[2530616.336, 1175914.327], [2530620.066, 1175916.4070000001], [2530620.876, 1175914.8969999999], [2530624.666, 1175916.917], [2530623.796, 1175918.487], [2530627.656, 1175920.4070000001], [2530627.356, 1175920.977], [2530625.136, 1175919.787], [2530623.666, 1175920.697], [2530620.976, 1175919.262], [2530618.286, 1175917.827], [2530618.246, 1175916.087], [2530616.026, 1175914.9070000001], [2530616.336, 1175914.327]]]}, "properties": {"OBJECTID": 46506053, "EGID": 280035085, "NO_COM_FED": 5757, "GENRE_TXT": "b\u00e2timent"}}, {"type": "Feature", "id": 46506055, "geometry": {"type": "Polygon", "coordinates": [[[2530800.683, 1176583.638], [2530806.363, 1176576.548], [2530812.453, 1176581.4780000001], [2530806.803, 1176588.488], [2530800.683, 1176583.638]]]}, "properties": {"OBJECTID": 46506055, "EGID": 818191, "NO_COM_FED": 5757, "GENRE_TXT": "b\u00e2timent"}}, {"type": "Feature", "id": 46506172, "geometry": {"type": "Polygon", "coordinates": [[[2530678.495, 1175895.566], [2530680.45, 1175884.23], [2530686.6689999998, 1175885.309], [2530684.741, 1175896.669], [2530678.495, 1175895.566]]]}, "properties": {"OBJECTID": 46506172, "EGID": 280054922, "NO_COM_FED": 5757, "GENRE_TXT": "b\u00e2timent"}}, {"type": "Feature", "id": 46506250, "geometry": {"type": "Polygon", "coordinates": [[[2531035.309, 1176172.268], [2531032.819, 1176162.648], [2531043.009, 1176160.067], [2531045.909, 1176159.327], [2531048.339, 1176168.707], [2531047.379, 1176168.947], [2531047.409, 1176169.067], [2531045.469, 1176169.577], [2531044.499, 1176169.837], [2531035.309, 1176172.268]]]}, "properties": {"OBJECTID": 46506250, "EGID": 818320, "NO_COM_FED": 5757, "GENRE_TXT": "b\u00e2timent"}}, {"type": "Feature", "id": 46506695, "geometry": {"type": "Polygon", "coordinates": [[[2530883.119, 1176174.642], [2530883.839, 1176177.572], [2530878.039, 1176179.002], [2530877.319, 1176176.082], [2530883.119, 1176174.642]]]}, "properties": {"OBJECTID": 46506695, "EGID": 280041663, "NO_COM_FED": 5757, "GENRE_TXT": "b\u00e2timent"}}, {"type": "Feature", "id": 46506698, "geometry": {"type": "Polygon", "coordinates": [[[2530720.632, 1174316.674], [2530720.644, 1174320.161], [2530718.583, 1174320.18], [2530718.59, 1174320.844], [2530715.588, 1174320.872], [2530715.543, 1174316.067], [2530718.43, 1174316.056], [2530718.429, 1174316.006], [2530718.599, 1174316.005], [2530718.601, 1174316.682], [2530720.632, 1174316.674]]]}, "properties": {"OBJECTID": 46506698, "EGID": 280070844, "NO_COM_FED": 5757, "GENRE_TXT": "b\u00e2timent"}}, {"type": "Feature", "id": 46506847, "geometry": {"type": "Polygon", "coordinates": [[[2530852.368, 1174496.574], [2530862.229, 1174498.628], [2530860.806, 1174505.462], [2530860.712, 1174505.912], [2530850.84, 1174503.8530000001], [2530852.368, 1174496.574]]]}, "properties": {"OBJECTID": 46506847, "EGID": 281010649, "NO_COM_FED": 5757, "GENRE_TXT": "b\u00e2timent"}}, {"type": "Feature", "id": 46506872, "geometry": {"type": "Polygon", "coordinates": [[[2530829.543, 1176604.237], [2530826.323, 1176601.6570000001], [2530823.473, 1176599.357], [2530826.243, 1176595.927], [2530829.143, 1176592.317], [2530835.213, 1176597.207], [2530829.543, 1176604.237]]]}, "properties": {"OBJECTID": 46506872, "EGID": 818194, "NO_COM_FED": 5757, "GENRE_TXT": "b\u00e2timent"}}, {"type": "Feature", "id": 46506897, "geometry": {"type": "Polygon", "coordinates": [[[2530798.938, 1174277.0320000001], [2530796.8, 1174276.803], [2530796.449, 1174280.082], [2530786.855, 1174279.019], [2530783.545, 1174275.801], [2530784.447, 1174271.308], [2530793.351, 1174263.734], [2530799.634, 1174271.041], [2530798.938, 1174277.0320000001]]]}, "properties": {"OBJECTID": 46506897, "EGID": 280127362, "NO_COM_FED": 5757, "GENRE_TXT": "b\u00e2timent"}}, {"type": "Feature", "id": 46507013, "geometry": {"type": "Polygon", "coordinates": [[[2530672.132, 1175528.546], [2530671.642, 1175523.496], [2530671.482, 1175523.516], [2530670.932, 1175518.616], [2530671.142, 1175518.636], [2530671.011, 1175517.526], [2530681.762, 1175516.366], [2530682.302, 1175521.666], [2530681.942, 1175521.736], [2530682.542, 1175527.486], [2530672.132, 1175528.546]]]}, "properties": {"OBJECTID": 46507013, "EGID": 818350, "NO_COM_FED": 5757, "GENRE_TXT": "b\u00e2timent"}}, {"type": "Feature", "id": 46507071, "geometry": {"type": "Polygon", "coordinates": [[[2530664.006, 1175026.527], [2530658.166, 1175029.877], [2530657.076, 1175028.557], [2530657.726, 1175027.967], [2530654.386, 1175024.557], [2530659.586, 1175020.917], [2530661.216, 1175022.987], [2530664.006, 1175026.527]]]}, "properties": {"OBJECTID": 46507071, "EGID": 280023045, "NO_COM_FED": 5757, "GENRE_TXT": "b\u00e2timent"}}, {"type": "Feature", "id": 46507222, "geometry": {"type": "Polygon", "coordinates": [[[2530892.633, 1176529.535], [2530883.083, 1176528.955], [2530883.722, 1176517.715], [2530892.282, 1176518.275], [2530892.022, 1176522.795], [2530893.002, 1176522.855], [2530892.972, 1176523.399], [2530892.633, 1176529.535]]]}, "properties": {"OBJECTID": 46507222, "EGID": 818156, "NO_COM_FED": 5757, "GENRE_TXT": "b\u00e2timent"}}, {"type": "Feature", "id": 46507228, "geometry": {"type": "Polygon", "coordinates": [[[2530591.455, 1175837.098], [2530588.635, 1175837.688], [2530586.385, 1175826.948], [2530593.735, 1175825.398], [2530595.985, 1175836.148], [2530591.455, 1175837.098]]]}, "properties": {"OBJECTID": 46507228, "EGID": 190090882, "NO_COM_FED": 5757, "GENRE_TXT": "b\u00e2timent"}}, {"type": "Feature", "id": 46507248, "geometry": {"type": "Polygon", "coordinates": [[[2531054.241, 1175391.074], [2531072.941, 1175383.893], [2531075.261, 1175390.143], [2531056.411, 1175397.154], [2531054.241, 1175391.074]]]}, "properties": {"OBJECTID": 46507248, "EGID": 280010433, "NO_COM_FED": 5757, "GENRE_TXT": "b\u00e2timent"}}, {"type": "Feature", "id": 46507333, "geometry": {"type": "Polygon", "coordinates": [[[2531367.454, 1174552.517], [2531359.464, 1174554.367], [2531358.014, 1174548.137], [2531366.004, 1174546.287], [2531367.454, 1174552.517]]]}, "properties": {"OBJECTID": 46507333, "EGID": 280020898, "NO_COM_FED": 5757, "GENRE_TXT": "b\u00e2timent"}}, {"type": "Feature", "id": 46507565, "geometry": {"type": "Polygon", "coordinates": [[[2530750.549, 1175280.694], [2530741.499, 1175279.164], [2530741.569, 1175278.714], [2530742.6689999998, 1175271.184], [2530751.769, 1175272.064], [2530750.549, 1175280.694]]]}, "properties": {"OBJECTID": 46507565, "EGID": 818517, "NO_COM_FED": 5757, "GENRE_TXT": "b\u00e2timent"}}, {"type": "Feature", "id": 46507732, "geometry": {"type": "Polygon", "coordinates": [[[2530659.891, 1175490.246], [2530659.341, 1175486.416], [2530663.99, 1175485.334], [2530665.741, 1175484.926], [2530668.771, 1175484.586], [2530668.791, 1175488.476], [2530668.8109999998, 1175488.746], [2530668.221, 1175488.807], [2530665.261, 1175489.116], [2530666.0810000002, 1175494.226], [2530667.341, 1175495.216], [2530666.53, 1175496.592], [2530665.202, 1175497.516], [2530661.835, 1175498.102], [2530660.053, 1175498.405], [2530659.517, 1175495.354], [2530659.681, 1175495.326], [2530660.661, 1175495.156], [2530659.891, 1175490.246]]]}, "properties": {"OBJECTID": 46507732, "EGID": 818354, "NO_COM_FED": 5757, "GENRE_TXT": "b\u00e2timent"}}, {"type": "Feature", "id": 46507817, "geometry": {"type": "Polygon", "coordinates": [[[2530754.931, 1175490.723], [2530754.961, 1175491.943], [2530757.091, 1175491.863], [2530757.271, 1175496.703], [2530755.151, 1175496.733], [2530755.292, 1175501.203], [2530743.161, 1175501.554], [2530742.791, 1175491.154], [2530754.931, 1175490.723]]]}, "properties": {"OBJECTID": 46507817, "EGID": 3163884, "NO_COM_FED": 5757, "GENRE_TXT": "b\u00e2timent"}}, {"type": "Feature", "id": 46507864, "geometry": {"type": "Polygon", "coordinates": [[[2530790.732, 1174687.183], [2530805.142, 1174668.113], [2530807.492, 1174669.903], [2530792.662, 1174689.223], [2530790.352, 1174687.553], [2530790.732, 1174687.183]]]}, "properties": {"OBJECTID": 46507864, "EGID": 280016719, "NO_COM_FED": 5757, "GENRE_TXT": "b\u00e2timent"}}, {"type": "Feature", "id": 46507990, "geometry": {"type": "Polygon", "coordinates": [[[2531071.089, 1176128.866], [2531071.789, 1176131.586], [2531066.459, 1176132.946], [2531065.759, 1176130.226], [2531071.089, 1176128.866]]]}, "properties": {"OBJECTID": 46507990, "EGID": 280047906, "NO_COM_FED": 5757, "GENRE_TXT": "b\u00e2timent"}}, {"type": "Feature", "id": 46508044, "geometry": {"type": "Polygon", "coordinates": [[[2530295.655, 1174394.915], [2530296.931, 1174394.533], [2530297.727, 1174397.2], [2530297.786, 1174397.396], [2530292.624, 1174398.924], [2530292.569, 1174398.738], [2530291.785, 1174396.075], [2530295.655, 1174394.915]]]}, "properties": {"OBJECTID": 46508044, "EGID": 280072098, "NO_COM_FED": 5757, "GENRE_TXT": "b\u00e2timent"}}, {"type": "Feature", "id": 46508094, "geometry": {"type": "Polygon", "coordinates": [[[2531364.144, 1174538.268], [2531356.194, 1174540.138], [2531354.704, 1174533.918], [2531362.684, 1174532.038], [2531364.144, 1174538.268]]]}, "properties": {"OBJECTID": 46508094, "EGID": 280021087, "NO_COM_FED": 5757, "GENRE_TXT": "b\u00e2timent"}}, {"type": "Feature", "id": 46508298, "geometry": {"type": "Polygon", "coordinates": [[[2531458.622, 1175051.605], [2531475.736, 1175033.17], [2531480.857, 1175037.939], [2531484.558204032, 1175042.7143582823], [2531487.817348156, 1175047.8016893696], [2531490.6082949047, 1175053.1601942226], [2531492.9086616286, 1175058.7468990607], [2531494.7, 1175064.517], [2531484.429, 1175075.567], [2531458.622, 1175051.605]]]}, "properties": {"OBJECTID": 46508298, "EGID": 280012358, "NO_COM_FED": 5757, "GENRE_TXT": "b\u00e2timent"}}, {"type": "Feature", "id": 46508299, "geometry": {"type": "Polygon", "coordinates": [[[2529953.301, 1175597.517], [2529925.241, 1175600.577], [2529923.611, 1175586.737], [2529951.281, 1175583.617], [2529951.091, 1175581.177], [2529955.511, 1175580.6570000001], [2529956.001, 1175584.287], [2529951.5810000002, 1175584.817], [2529953.301, 1175597.517]]]}, "properties": {"OBJECTID": 46508299, "EGID": 280003510, "NO_COM_FED": 5742, "GENRE_TXT": "b\u00e2timent"}}, {"type": "Feature", "id": 46508337, "geometry": {"type": "Polygon", "coordinates": [[[2530837.704, 1174252.686], [2530838.591, 1174252.826], [2530837.666, 1174258.749], [2530831.737, 1174257.83], [2530832.64, 1174252.062], [2530832.667, 1174251.888], [2530837.704, 1174252.686]]]}, "properties": {"OBJECTID": 46508337, "EGID": 280119506, "NO_COM_FED": 5757, "GENRE_TXT": "b\u00e2timent"}}, {"type": "Feature", "id": 46508445, "geometry": {"type": "Polygon", "coordinates": [[[2530604.308, 1175211.448], [2530604.488, 1175211.418], [2530606.578, 1175223.448], [2530607.158, 1175223.358], [2530610.108, 1175240.338], [2530609.488, 1175240.428], [2530610.338, 1175245.428], [2530603.948, 1175247.158], [2530604.018, 1175247.548], [2530604.046, 1175247.702], [2530599.58, 1175248.771], [2530597.319, 1175249.312], [2530597.292, 1175249.156], [2530585.688, 1175251.919], [2530581.608, 1175217.089], [2530585.803, 1175216.618], [2530585.78, 1175216.41], [2530591.52, 1175215.754], [2530591.119, 1175212.807], [2530593.0640000002, 1175212.573], [2530593.088, 1175212.759], [2530604.308, 1175211.448]]]}, "properties": {"OBJECTID": 46508445, "EGID": 818562, "NO_COM_FED": 5757, "GENRE_TXT": "b\u00e2timent"}}, {"type": "Feature", "id": 46508534, "geometry": {"type": "Polygon", "coordinates": [[[2530850.349, 1176641.672], [2530847.321, 1176641.518], [2530847.422, 1176639.485], [2530850.457, 1176639.635], [2530850.349, 1176641.672]]]}, "properties": {"OBJECTID": 46508534, "EGID": 280110369, "NO_COM_FED": 5757, "GENRE_TXT": "b\u00e2timent"}}, {"type": "Feature", "id": 46508539, "geometry": {"type": "Polygon", "coordinates": [[[2531068.999, 1176120.736], [2531069.699, 1176123.446], [2531064.359, 1176124.796], [2531063.659, 1176122.086], [2531068.999, 1176120.736]]]}, "properties": {"OBJECTID": 46508539, "EGID": 280048133, "NO_COM_FED": 5757, "GENRE_TXT": "b\u00e2timent"}}, {"type": "Feature", "id": 46508561, "geometry": {"type": "Polygon", "coordinates": [[[2531039.859, 1176127.767], [2531037.9189999998, 1176128.277], [2531036.959, 1176128.527], [2531027.749, 1176130.937], [2531025.279, 1176121.347], [2531035.479, 1176118.767], [2531038.389, 1176118.037], [2531040.789, 1176127.4070000001], [2531039.829, 1176127.6570000001], [2531039.859, 1176127.767]]]}, "properties": {"OBJECTID": 46508561, "EGID": 818313, "NO_COM_FED": 5757, "GENRE_TXT": "b\u00e2timent"}}, {"type": "Feature", "id": 46508660, "geometry": {"type": "Polygon", "coordinates": [[[2530684.506, 1175033.466], [2530684.226, 1175033.026], [2530682.326, 1175034.106], [2530679.736, 1175030.166], [2530685.736, 1175026.046], [2530688.7060000002, 1175030.866], [2530684.506, 1175033.466]]]}, "properties": {"OBJECTID": 46508660, "EGID": 280026854, "NO_COM_FED": 5757, "GENRE_TXT": "b\u00e2timent"}}, {"type": "Feature", "id": 46508767, "geometry": {"type": "Polygon", "coordinates": [[[2530771.185, 1174968.653], [2530758.145, 1174976.624], [2530754.245, 1174970.344], [2530767.655, 1174962.574], [2530771.185, 1174968.653]]]}, "properties": {"OBJECTID": 46508767, "EGID": 818653, "NO_COM_FED": 5757, "GENRE_TXT": "b\u00e2timent"}}, {"type": "Feature", "id": 46508812, "geometry": {"type": "Polygon", "coordinates": [[[2530861.04, 1174516.73], [2530859.592, 1174523.588], [2530849.701, 1174521.488], [2530851.231, 1174514.201], [2530861.131, 1174516.299], [2530861.04, 1174516.73]]]}, "properties": {"OBJECTID": 46508812, "EGID": null, "NO_COM_FED": 5757, "GENRE_TXT": "b\u00e2timent"}}, {"type": "Feature", "id": 46508984, "geometry": {"type": "Polygon", "coordinates": [[[2530756.098, 1176005.158], [2530759.627, 1176004.064], [2530761.527, 1176010.114], [2530753.307, 1176012.994], [2530751.377, 1176013.594], [2530749.417, 1176007.224], [2530750.367, 1176006.934], [2530756.098, 1176005.158]]]}, "properties": {"OBJECTID": 46508984, "EGID": 3163926, "NO_COM_FED": 5757, "GENRE_TXT": "b\u00e2timent"}}, {"type": "Feature", "id": 46509055, "geometry": {"type": "Polygon", "coordinates": [[[2530652.363, 1174894.438], [2530652.554, 1174893.967], [2530652.694, 1174893.117], [2530655.654, 1174893.477], [2530655.764, 1174891.4070000001], [2530656.764, 1174890.517], [2530658.094, 1174890.577], [2530659.014, 1174891.567], [2530658.944, 1174893.667], [2530671.154, 1174893.837], [2530670.824, 1174904.167], [2530659.104, 1174903.917], [2530658.574, 1174903.927], [2530652.2939999998, 1174894.607], [2530652.363, 1174894.438]]]}, "properties": {"OBJECTID": 46509055, "EGID": 818681, "NO_COM_FED": 5757, "GENRE_TXT": "b\u00e2timent"}}, {"type": "Feature", "id": 46509088, "geometry": {"type": "Polygon", "coordinates": [[[2530980.839, 1176429.318], [2530980.438, 1176427.775], [2530988.363, 1176425.715], [2530991.734, 1176438.605], [2530983.795, 1176440.681], [2530980.839, 1176429.318]]]}, "properties": {"OBJECTID": 46509088, "EGID": 280078759, "NO_COM_FED": 5757, "GENRE_TXT": "b\u00e2timent"}}, {"type": "Feature", "id": 46509116, "geometry": {"type": "Polygon", "coordinates": [[[2530668.01, 1176252.188], [2530663.119, 1176250.469], [2530661.19, 1176255.949], [2530655.55, 1176253.919], [2530658.719, 1176245.059], [2530659.519, 1176242.819], [2530653.369, 1176240.619], [2530656.499, 1176232.319], [2530667.819, 1176236.4679999999], [2530664.309, 1176245.908], [2530668.569, 1176247.498], [2530668.01, 1176252.188]]]}, "properties": {"OBJECTID": 46509116, "EGID": 818222, "NO_COM_FED": 5757, "GENRE_TXT": "b\u00e2timent"}}, {"type": "Feature", "id": 46509341, "geometry": {"type": "Polygon", "coordinates": [[[2530820.043, 1174284.067], [2530820.25, 1174284.098], [2530818.726, 1174294.028], [2530810.787, 1174292.814], [2530812.306, 1174282.894], [2530820.043, 1174284.067]]]}, "properties": {"OBJECTID": 46509341, "EGID": 280093019, "NO_COM_FED": 5757, "GENRE_TXT": "b\u00e2timent"}}, {"type": "Feature", "id": 46509419, "geometry": {"type": "Polygon", "coordinates": [[[2530840.508, 1174266.075], [2530849.022, 1174267.316], [2530849.988, 1174267.476], [2530848.974, 1174274.065], [2530839.517, 1174272.609], [2530840.508, 1174266.075]]]}, "properties": {"OBJECTID": 46509419, "EGID": 280099471, "NO_COM_FED": 5757, "GENRE_TXT": "b\u00e2timent"}}, {"type": "Feature", "id": 46509605, "geometry": {"type": "Polygon", "coordinates": [[[2530848.48, 1175393.28], [2530847.07, 1175386.97], [2530854.35, 1175385.32], [2530856.55, 1175395.06], [2530849.43, 1175396.66], [2530848.48, 1175393.28]]]}, "properties": {"OBJECTID": 46509605, "EGID": 818538, "NO_COM_FED": 5757, "GENRE_TXT": "b\u00e2timent"}}, {"type": "Feature", "id": 46509673, "geometry": {"type": "Polygon", "coordinates": [[[2530972.799, 1176159.279], [2530967.009, 1176160.529], [2530966.409, 1176157.729], [2530972.1890000002, 1176156.479], [2530972.799, 1176159.279]]]}, "properties": {"OBJECTID": 46509673, "EGID": 280043506, "NO_COM_FED": 5757, "GENRE_TXT": "b\u00e2timent"}}, {"type": "Feature", "id": 46509771, "geometry": {"type": "Polygon", "coordinates": [[[2530424.21, 1175382.152], [2530426.259, 1175389.444], [2530427.548, 1175394.404], [2530422.232, 1175395.865], [2530421.1890000002, 1175392.294], [2530417.389, 1175393.434], [2530416.729, 1175391.534], [2530414.469, 1175382.614], [2530423.519, 1175379.694], [2530424.21, 1175382.152]]]}, "properties": {"OBJECTID": 46509771, "EGID": 818873, "NO_COM_FED": 5757, "GENRE_TXT": "b\u00e2timent"}}, {"type": "Feature", "id": 46509937, "geometry": {"type": "Polygon", "coordinates": [[[2530707.144, 1175694.675], [2530707.974, 1175699.465], [2530698.784, 1175701.045], [2530698.354, 1175698.975], [2530696.254, 1175699.305], [2530695.754, 1175696.105], [2530696.574, 1175696.015], [2530697.704, 1175695.845], [2530697.7939999998, 1175696.385], [2530707.144, 1175694.675]]]}, "properties": {"OBJECTID": 46509937, "EGID": 818296, "NO_COM_FED": 5757, "GENRE_TXT": "b\u00e2timent"}}, {"type": "Feature", "id": 46510068, "geometry": {"type": "Polygon", "coordinates": [[[2530418.55, 1175438.774], [2530419.09, 1175440.064], [2530421.58, 1175439.354], [2530422.33, 1175441.394], [2530417.64, 1175442.924], [2530416.38, 1175439.584], [2530418.55, 1175438.774]]]}, "properties": {"OBJECTID": 46510068, "EGID": 280047496, "NO_COM_FED": 5757, "GENRE_TXT": "b\u00e2timent"}}, {"type": "Feature", "id": 46510114, "geometry": {"type": "Polygon", "coordinates": [[[2531722.868, 1174866.181], [2531717.949, 1174867.328], [2531690.739, 1174873.908], [2531675.078, 1174877.707], [2531673.619, 1174871.627], [2531683.432, 1174869.26], [2531684.84, 1174870.151], [2531689.553, 1174869.052], [2531688.369, 1174864.208], [2531702.079, 1174860.928], [2531715.629, 1174857.608], [2531716.788, 1174862.463], [2531721.695, 1174861.287], [2531722.868, 1174866.181]]]}, "properties": {"OBJECTID": 46510114, "EGID": 818887, "NO_COM_FED": 5757, "GENRE_TXT": "b\u00e2timent"}}, {"type": "Feature", "id": 46510121, "geometry": {"type": "Polygon", "coordinates": [[[2531097.781, 1176298.107], [2531092.3109999998, 1176298.557], [2531092.071, 1176295.727], [2531097.541, 1176295.277], [2531097.781, 1176298.107]]]}, "properties": {"OBJECTID": 46510121, "EGID": 280047252, "NO_COM_FED": 5757, "GENRE_TXT": "b\u00e2timent"}}, {"type": "Feature", "id": 46510540, "geometry": {"type": "Polygon", "coordinates": [[[2530772.447, 1176192.486], [2530764.825, 1176184.542], [2530766.856, 1176182.601], [2530774.479, 1176190.551], [2530772.447, 1176192.486]]]}, "properties": {"OBJECTID": 46510540, "EGID": 280098175, "NO_COM_FED": 5757, "GENRE_TXT": "b\u00e2timent"}}, {"type": "Feature", "id": 46510653, "geometry": {"type": "Polygon", "coordinates": [[[2530855.3140000002, 1175005.988], [2530852.136, 1175000.927], [2530857.18, 1174997.76], [2530860.352, 1175002.836], [2530855.3140000002, 1175005.988]]]}, "properties": {"OBJECTID": 46510653, "EGID": 280056904, "NO_COM_FED": 5757, "GENRE_TXT": "b\u00e2timent"}}, {"type": "Feature", "id": 46510658, "geometry": {"type": "Polygon", "coordinates": [[[2530533.766, 1175923.16], [2530532.386, 1175932.69], [2530524.6859999998, 1175931.54], [2530526.076, 1175922.01], [2530533.766, 1175923.16]]]}, "properties": {"OBJECTID": 46510658, "EGID": 818880, "NO_COM_FED": 5757, "GENRE_TXT": "b\u00e2timent"}}, {"type": "Feature", "id": 46510917, "geometry": {"type": "Polygon", "coordinates": [[[2530756.447, 1175930.633], [2530750.4560000002, 1175925.033], [2530758.976, 1175915.883], [2530764.966, 1175921.473], [2530763.9560000002, 1175922.543], [2530767.596, 1175925.983], [2530763.507, 1175930.393], [2530759.886, 1175926.983], [2530756.447, 1175930.633]]]}, "properties": {"OBJECTID": 46510917, "EGID": 818282, "NO_COM_FED": 5757, "GENRE_TXT": "b\u00e2timent"}}, {"type": "Feature", "id": 46510920, "geometry": {"type": "Polygon", "coordinates": [[[2530649.328, 1175242.227], [2530649.228, 1175242.487], [2530651.418, 1175253.357], [2530635.618, 1175255.727], [2530632.928, 1175256.078], [2530632.018, 1175248.668], [2530635.828, 1175248.067], [2530634.958, 1175243.557], [2530649.328, 1175242.227]]]}, "properties": {"OBJECTID": 46510920, "EGID": 280007341, "NO_COM_FED": 5757, "GENRE_TXT": "b\u00e2timent"}}, {"type": "Feature", "id": 46510938, "geometry": {"type": "Polygon", "coordinates": [[[2530772.749, 1176139.694], [2530773.199, 1176141.704], [2530768.289, 1176142.815], [2530767.819, 1176140.785], [2530772.749, 1176139.694]]]}, "properties": {"OBJECTID": 46510938, "EGID": 280072887, "NO_COM_FED": 5757, "GENRE_TXT": "b\u00e2timent"}}, {"type": "Feature", "id": 46511001, "geometry": {"type": "Polygon", "coordinates": [[[2530828.875, 1175777.481], [2530831.195, 1175770.651], [2530833.295, 1175771.33], [2530833.975, 1175769.26], [2530840.325, 1175771.42], [2530837.295, 1175780.35], [2530828.875, 1175777.481]]]}, "properties": {"OBJECTID": 46511001, "EGID": 280015307, "NO_COM_FED": 5757, "GENRE_TXT": "b\u00e2timent"}}, {"type": "Feature", "id": 46511025, "geometry": {"type": "Polygon", "coordinates": [[[2531464.434, 1175035.575], [2531460.031, 1175031.544], [2531466.097, 1175024.904], [2531470.5, 1175028.924], [2531464.434, 1175035.575]]]}, "properties": {"OBJECTID": 46511025, "EGID": 280106402, "NO_COM_FED": 5757, "GENRE_TXT": "b\u00e2timent"}}, {"type": "Feature", "id": 46511103, "geometry": {"type": "Polygon", "coordinates": [[[2531221.763, 1174518.099], [2531239.713, 1174513.679], [2531238.673, 1174509.379], [2531246.193, 1174507.549], [2531248.223, 1174515.929], [2531252.643, 1174514.829], [2531256.233, 1174529.649], [2531251.873, 1174530.749], [2531250.923, 1174527.079], [2531225.573, 1174533.369], [2531221.763, 1174518.099]]]}, "properties": {"OBJECTID": 46511103, "EGID": 819013, "NO_COM_FED": 5757, "GENRE_TXT": "b\u00e2timent"}}, {"type": "Feature", "id": 46511163, "geometry": {"type": "Polygon", "coordinates": [[[2531651.199, 1176411.769], [2531650.9614369827, 1176411.318395662], [2531650.7984601343, 1176410.835778833], [2531650.71420724, 1176410.333402573], [2531650.71081738, 1176409.82402161], [2531650.788376618, 1176409.3205685124], [2531650.944915819, 1176408.8358253483], [2531651.176460641, 1176408.3820991619], [2531651.47713244, 1176407.9709095147], [2531651.839297522, 1176407.6126960162], [2531652.2537609506, 1176407.3165532756], [2531652.71, 1176407.09], [2531653.2422987167, 1176406.9287544845], [2531653.7944873837, 1176406.8621983735], [2531654.349854981, 1176406.892345871], [2531654.891594284, 1176407.0182846158], [2531655.4033105047, 1176407.2362032933], [2531655.8695174493, 1176407.5395069772], [2531656.2761061843, 1176407.9190167142], [2531656.610772016, 1176408.3632473089], [2531656.86338687, 1176408.8587549026], [2531657.026305802, 1176409.3905438285], [2531657.0945983566, 1176409.9425204284], [2531657.06619778, 1176410.4979801006], [2531656.941963565, 1176411.0401128333], [2531656.7256554426, 1176411.5525119316], [2531656.423819598, 1176412.0196705372], [2531656.0455905623, 1176412.4274509153], [2531655.6024147733, 1176412.7635123087], [2531655.107704168, 1176413.01768441], [2531654.5764302937, 1176413.182275147], [2531654.0246712216, 1176413.25230347], [2531653.46912497, 1176413.2256500947], [2531652.926604171, 1176413.103121639], [2531652.4135272633, 1176412.888426211], [2531651.9454216184, 1176412.588061191], [2531651.5364536312, 1176412.2111165987], [2531651.199, 1176411.769]]]}, "properties": {"OBJECTID": 46511163, "EGID": 281011450, "NO_COM_FED": 5757, "GENRE_TXT": "b\u00e2timent"}}, {"type": "Feature", "id": 46511179, "geometry": {"type": "Polygon", "coordinates": [[[2530924.933, 1175531.513], [2530924.692, 1175531.578], [2530913.902, 1175491.198], [2530926.262, 1175487.878], [2530937.072, 1175528.247], [2530924.933, 1175531.513]]]}, "properties": {"OBJECTID": 46511179, "EGID": 818375, "NO_COM_FED": 5757, "GENRE_TXT": "b\u00e2timent"}}, {"type": "Feature", "id": 46511393, "geometry": {"type": "Polygon", "coordinates": [[[2530670.097, 1175093.817], [2530648.537, 1175097.967], [2530649.046, 1175093.807], [2530648.396, 1175088.427], [2530657.046, 1175085.857], [2530658.386, 1175090.717], [2530668.226, 1175088.177], [2530670.097, 1175093.817]]]}, "properties": {"OBJECTID": 46511393, "EGID": 818624, "NO_COM_FED": 5757, "GENRE_TXT": "b\u00e2timent"}}, {"type": "Feature", "id": 46511441, "geometry": {"type": "Polygon", "coordinates": [[[2530644.142, 1174559.854], [2530647.344, 1174553.1570000001], [2530653.489, 1174556.065], [2530652.714, 1174557.686], [2530658.001, 1174560.213], [2530658.14, 1174559.923], [2530663.92, 1174562.686], [2530661.95, 1174566.849], [2530659.859, 1174565.86], [2530657.087, 1174571.717], [2530652.196, 1174569.401], [2530650.609, 1174572.752], [2530645.378, 1174570.271], [2530646.8109999998, 1174567.22], [2530646.896234604, 1174567.0935340105], [2530647.000776644, 1174566.982495521], [2530647.1218807804, 1174566.8898004706], [2530647.2563667446, 1174566.817883089], [2530647.400702851, 1174566.7686319712], [2530647.551098745, 1174566.7433404818], [2530647.703604936, 1174566.7426727912], [2530647.854216519, 1174566.7666464332], [2530647.9989783387, 1174566.814631845], [2530648.134088861, 1174566.8853689004], [2530648.256, 1174566.977], [2530650.249, 1174562.699], [2530644.142, 1174559.854]]]}, "properties": {"OBJECTID": 46511441, "EGID": 818801, "NO_COM_FED": 5757, "GENRE_TXT": "b\u00e2timent"}}, {"type": "Feature", "id": 46511470, "geometry": {"type": "Polygon", "coordinates": [[[2530477.168, 1176172.743], [2530477.258, 1176172.523], [2530484.9189999998, 1176175.6030000001], [2530484.2060000002, 1176177.378], [2530480.639, 1176186.253], [2530472.989, 1176183.193], [2530477.168, 1176172.743]]]}, "properties": {"OBJECTID": 46511470, "EGID": 280013243, "NO_COM_FED": 5757, "GENRE_TXT": "b\u00e2timent"}}, {"type": "Feature", "id": 46511501, "geometry": {"type": "Polygon", "coordinates": [[[2531560.421, 1175070.012], [2531546.867, 1175003.939], [2531536.736, 1175006.026], [2531530.048, 1174973.458], [2531564.32, 1174966.413], [2531564.405, 1174966.629], [2531566.224, 1174966.264], [2531563.928, 1174955.037], [2531546.215, 1174958.659], [2531545.543, 1174955.392], [2531540.636, 1174956.401], [2531539.454, 1174950.604], [2531538.422, 1174950.802], [2531537.839, 1174947.825], [2531520.684, 1174951.268], [2531520.1890000002, 1174948.858], [2531509.698, 1174897.7719999999], [2531525.663, 1174894.495], [2531525.76, 1174894.983], [2531526.918, 1174894.745], [2531523.34, 1174877.311], [2531529.253, 1174876.044], [2531568.897, 1174867.898], [2531575.664, 1174900.886], [2531576.684, 1174905.854], [2531585.854, 1174950.554], [2531570.357, 1174953.723], [2531572.663, 1174964.925], [2531588.275, 1174961.712], [2531598.087, 1175009.51], [2531599.082, 1175014.358], [2531601.692, 1175027.07], [2531602.918, 1175033.043], [2531576.192, 1175038.502], [2531581.755, 1175065.633], [2531560.421, 1175070.012]]]}, "properties": {"OBJECTID": 46511501, "EGID": 280062765, "NO_COM_FED": 5757, "GENRE_TXT": "b\u00e2timent"}}, {"type": "Feature", "id": 46511664, "geometry": {"type": "Polygon", "coordinates": [[[2530893.741, 1174800.783], [2530930.904, 1174818.56], [2530929.72, 1174821.0219999999], [2530903.982, 1174874.543], [2530884.204, 1174865.1], [2530895.641, 1174829.457], [2530895.443, 1174820.702], [2530888.105, 1174817.213], [2530886.302, 1174819.658], [2530872.059, 1174852.514], [2530851.892, 1174843.7719999999], [2530861.065, 1174811.2179999999], [2530862.0439999998, 1174811.936], [2530865.101, 1174813.277], [2530874.376, 1174791.896], [2530883.6689999998, 1174795.965], [2530893.741, 1174800.783]]]}, "properties": {"OBJECTID": 46511664, "EGID": 280120011, "NO_COM_FED": 5757, "GENRE_TXT": "b\u00e2timent"}}, {"type": "Feature", "id": 46511842, "geometry": {"type": "Polygon", "coordinates": [[[2530896.4560000002, 1175881.819], [2530897.806, 1175886.719], [2530896.846, 1175886.979], [2530899.506, 1175896.539], [2530900.466, 1175896.269], [2530901.746, 1175900.889], [2530887.286, 1175904.899], [2530881.996, 1175885.809], [2530896.4560000002, 1175881.819]]]}, "properties": {"OBJECTID": 46511842, "EGID": 3163929, "NO_COM_FED": 5757, "GENRE_TXT": "b\u00e2timent"}}, {"type": "Feature", "id": 46512455, "geometry": {"type": "Polygon", "coordinates": [[[2530985.412, 1176465.192], [2530985.732, 1176459.892], [2530988.822, 1176460.072], [2530988.932, 1176458.252], [2530998.792, 1176458.821], [2530998.362, 1176465.951], [2530987.612, 1176465.322], [2530985.412, 1176465.192]]]}, "properties": {"OBJECTID": 46512455, "EGID": 101101063, "NO_COM_FED": 5757, "GENRE_TXT": "b\u00e2timent"}}, {"type": "Feature", "id": 46512514, "geometry": {"type": "Polygon", "coordinates": [[[2530724.244, 1175904.296], [2530734.624, 1175909.305], [2530730.281, 1175918.361], [2530723.812, 1175915.246], [2530719.888, 1175913.357], [2530724.244, 1175904.296]]]}, "properties": {"OBJECTID": 46512514, "EGID": 280054928, "NO_COM_FED": 5757, "GENRE_TXT": "b\u00e2timent"}}, {"type": "Feature", "id": 46512619, "geometry": {"type": "Polygon", "coordinates": [[[2530769.699, 1174418.0929999999], [2530769.74, 1174421.286], [2530768.473, 1174421.302], [2530768.559, 1174427.886], [2530759.924, 1174428.001], [2530759.818, 1174421.082], [2530762.64, 1174421.046], [2530762.551, 1174413.966], [2530770.941, 1174413.857], [2530770.995, 1174418.076], [2530769.699, 1174418.0929999999]]]}, "properties": {"OBJECTID": 46512619, "EGID": 818766, "NO_COM_FED": 5757, "GENRE_TXT": "b\u00e2timent"}}, {"type": "Feature", "id": 46512682, "geometry": {"type": "Polygon", "coordinates": [[[2530640.959, 1176268.865], [2530633.18, 1176268.12], [2530634.11, 1176258.349], [2530642.088, 1176259.113], [2530643.3, 1176259.229], [2530642.36, 1176268.999], [2530640.959, 1176268.865]]]}, "properties": {"OBJECTID": 46512682, "EGID": 818228, "NO_COM_FED": 5757, "GENRE_TXT": "b\u00e2timent"}}, {"type": "Feature", "id": 46512793, "geometry": {"type": "Polygon", "coordinates": [[[2530955.78, 1176281.001], [2530960.24, 1176287.451], [2530953.31, 1176292.281], [2530948.98, 1176286.031], [2530950.62, 1176284.891], [2530955.78, 1176281.001]]]}, "properties": {"OBJECTID": 46512793, "EGID": 818139, "NO_COM_FED": 5757, "GENRE_TXT": "b\u00e2timent"}}, {"type": "Feature", "id": 46512811, "geometry": {"type": "Polygon", "coordinates": [[[2530789.33, 1175341.7719999999], [2530788.73, 1175338.622], [2530788.23, 1175338.722], [2530787.52, 1175334.892], [2530788.02, 1175334.802], [2530787.5, 1175331.972], [2530795.83, 1175330.402], [2530797.67, 1175340.132], [2530789.33, 1175341.7719999999]]]}, "properties": {"OBJECTID": 46512811, "EGID": 818533, "NO_COM_FED": 5757, "GENRE_TXT": "b\u00e2timent"}}, {"type": "Feature", "id": 46512864, "geometry": {"type": "Polygon", "coordinates": [[[2530999.56, 1174960.805], [2530988.674, 1174954.557], [2531000.318, 1174934.229], [2531011.204, 1174940.46], [2530999.56, 1174960.805]]]}, "properties": {"OBJECTID": 46512864, "EGID": 280080206, "NO_COM_FED": 5757, "GENRE_TXT": "b\u00e2timent"}}, {"type": "Feature", "id": 46512886, "geometry": {"type": "Polygon", "coordinates": [[[2530697.56, 1174861.471], [2530698.304, 1174864.681], [2530694.506, 1174865.516], [2530694.464, 1174865.426], [2530693.8140000002, 1174861.916], [2530697.514, 1174861.476], [2530697.56, 1174861.471]]]}, "properties": {"OBJECTID": 46512886, "EGID": 280049893, "NO_COM_FED": 5757, "GENRE_TXT": "b\u00e2timent"}}, {"type": "Feature", "id": 46513205, "geometry": {"type": "Polygon", "coordinates": [[[2530834.333, 1176739.85], [2530841.813, 1176734.849], [2530846.104, 1176741.215], [2530838.475, 1176746.269], [2530834.333, 1176739.85]]]}, "properties": {"OBJECTID": 46513205, "EGID": 818184, "NO_COM_FED": 5757, "GENRE_TXT": "b\u00e2timent"}}, {"type": "Feature", "id": 46513383, "geometry": {"type": "Polygon", "coordinates": [[[2530913.291, 1176714.573], [2530913.979, 1176711.399], [2530917.996, 1176712.403], [2530917.302, 1176715.436], [2530913.291, 1176714.573]]]}, "properties": {"OBJECTID": 46513383, "EGID": 280123145, "NO_COM_FED": 5757, "GENRE_TXT": "b\u00e2timent"}}, {"type": "Feature", "id": 46513394, "geometry": {"type": "Polygon", "coordinates": [[[2530917.996, 1176712.403], [2530919.621, 1176705.682], [2530927.626, 1176707.438], [2530925.106, 1176717.146], [2530920.892, 1176716.346], [2530917.302, 1176715.436], [2530917.996, 1176712.403]]]}, "properties": {"OBJECTID": 46513394, "EGID": 3163892, "NO_COM_FED": 5757, "GENRE_TXT": "b\u00e2timent"}}, {"type": "Feature", "id": 46513487, "geometry": {"type": "Polygon", "coordinates": [[[2530810.823, 1176684.561], [2530803.935, 1176679.614], [2530809.046, 1176672.207], [2530815.96, 1176677.178], [2530810.823, 1176684.561]]]}, "properties": {"OBJECTID": 46513487, "EGID": 3163888, "NO_COM_FED": 5757, "GENRE_TXT": "b\u00e2timent"}}, {"type": "Feature", "id": 46513667, "geometry": {"type": "Polygon", "coordinates": [[[2529837.105, 1175702.026], [2529838.662, 1175702.72], [2529840.785, 1175703.666], [2529839.295, 1175706.936], [2529837.654, 1175706.151], [2529835.635, 1175705.186], [2529837.105, 1175702.026]]]}, "properties": {"OBJECTID": 46513667, "EGID": 280105441, "NO_COM_FED": 5756, "GENRE_TXT": "b\u00e2timent"}}, {"type": "Feature", "id": 46513812, "geometry": {"type": "Polygon", "coordinates": [[[2530834.333, 1176739.85], [2530830.092, 1176733.458], [2530837.42, 1176728.335], [2530838.11, 1176729.197], [2530842.39, 1176729.545], [2530841.272, 1176733.96], [2530841.813, 1176734.849], [2530834.333, 1176739.85]]]}, "properties": {"OBJECTID": 46513812, "EGID": 818183, "NO_COM_FED": 5757, "GENRE_TXT": "b\u00e2timent"}}, {"type": "Feature", "id": 46513857, "geometry": {"type": "Polygon", "coordinates": [[[2530870.9359999998, 1176709.564], [2530878.503, 1176705.211], [2530882.253, 1176712.061], [2530883.514, 1176714.036], [2530883.528, 1176716.183], [2530881.549, 1176717.267], [2530880.145, 1176716.992], [2530878.616, 1176714.048], [2530874.482, 1176716.193], [2530870.9359999998, 1176709.564]]]}, "properties": {"OBJECTID": 46513857, "EGID": 3163890, "NO_COM_FED": 5757, "GENRE_TXT": "b\u00e2timent"}}, {"type": "Feature", "id": 46514012, "geometry": {"type": "Polygon", "coordinates": [[[2530810.823, 1176684.561], [2530815.96, 1176677.178], [2530823.148, 1176682.07], [2530817.815, 1176689.705], [2530810.823, 1176684.561]]]}, "properties": {"OBJECTID": 46514012, "EGID": 3163887, "NO_COM_FED": 5757, "GENRE_TXT": "b\u00e2timent"}}, {"type": "Feature", "id": 46514018, "geometry": {"type": "Polygon", "coordinates": [[[2530913.291, 1176714.573], [2530917.302, 1176715.436], [2530920.892, 1176716.346], [2530918.6689999998, 1176725.874], [2530911.086, 1176723.96], [2530913.291, 1176714.573]]]}, "properties": {"OBJECTID": 46514018, "EGID": 3163893, "NO_COM_FED": 5757, "GENRE_TXT": "b\u00e2timent"}}, {"type": "Feature", "id": 46514154, "geometry": {"type": "Polygon", "coordinates": [[[2530861.812, 1176728.741], [2530870.448, 1176730.361], [2530868.797, 1176739.167], [2530860.171, 1176737.558], [2530861.812, 1176728.741]]]}, "properties": {"OBJECTID": 46514154, "EGID": 280096115, "NO_COM_FED": 5757, "GENRE_TXT": "b\u00e2timent"}}, {"type": "Feature", "id": 46514172, "geometry": {"type": "Polygon", "coordinates": [[[2530807.747, 1176706.163], [2530808.411, 1176710.996], [2530812.774, 1176710.444], [2530814.216, 1176720.881], [2530805.991, 1176722.05], [2530804.535, 1176712.213], [2530801.15, 1176712.947], [2530800.393, 1176707.117], [2530807.747, 1176706.163]]]}, "properties": {"OBJECTID": 46514172, "EGID": 818196, "NO_COM_FED": 5757, "GENRE_TXT": "b\u00e2timent"}}, {"type": "Feature", "id": 46514239, "geometry": {"type": "Polygon", "coordinates": [[[2530870.9359999998, 1176709.564], [2530866.963, 1176702.818], [2530874.68, 1176698.437], [2530878.503, 1176705.211], [2530870.9359999998, 1176709.564]]]}, "properties": {"OBJECTID": 46514239, "EGID": 3163889, "NO_COM_FED": 5757, "GENRE_TXT": "b\u00e2timent"}}, {"type": "Feature", "id": 46514351, "geometry": {"type": "Polygon", "coordinates": [[[2530836.574, 1176697.339], [2530845.521, 1176698.704], [2530843.387, 1176710.401], [2530834.636, 1176708.808], [2530836.574, 1176697.339]]]}, "properties": {"OBJECTID": 46514351, "EGID": 818182, "NO_COM_FED": 5757, "GENRE_TXT": "b\u00e2timent"}}, {"type": "Feature", "id": 46516704, "geometry": {"type": "Polygon", "coordinates": [[[2530641.8109999998, 1175464.705], [2530642.394, 1175467.857], [2530644.533, 1175467.456], [2530645.184, 1175470.932], [2530643.045, 1175471.333], [2530643.8140000002, 1175475.346], [2530645.933, 1175474.942], [2530646.591, 1175478.395], [2530644.472, 1175478.799], [2530645.161, 1175482.414], [2530640.432, 1175483.335], [2530637.087, 1175465.731], [2530632.024, 1175448.823], [2530636.627, 1175447.431], [2530637.685, 1175450.976], [2530639.754, 1175450.346], [2530640.777, 1175453.708], [2530638.708, 1175454.338], [2530639.878, 1175458.26], [2530641.95, 1175457.64], [2530642.96, 1175461.016], [2530640.888, 1175461.636], [2530641.8109999998, 1175464.705]]]}, "properties": {"OBJECTID": 46516704, "EGID": null, "NO_COM_FED": 5757, "GENRE_TXT": "b\u00e2timent s-sol"}}, {"type": "Feature", "id": 46517664, "geometry": {"type": "Polygon", "coordinates": [[[2530665.179, 1175323.216], [2530665.429, 1175324.506], [2530663.869, 1175324.856], [2530664.1890000002, 1175326.176], [2530651.769, 1175329.187], [2530653.739, 1175337.337], [2530652.089, 1175337.747], [2530648.779, 1175324.077], [2530648.683, 1175324.097], [2530648.487, 1175323.224], [2530661.239, 1175320.767], [2530664.699, 1175320.866], [2530665.179, 1175323.216]]]}, "properties": {"OBJECTID": 46517664, "EGID": null, "NO_COM_FED": 5757, "GENRE_TXT": "b\u00e2timent s-sol"}}, {"type": "Feature", "id": 46517665, "geometry": {"type": "Polygon", "coordinates": [[[2530694.22, 1175350.405], [2530677.75, 1175351.626], [2530673.509, 1175334.466], [2530673.759, 1175334.426], [2530683.009, 1175339.156], [2530693.209, 1175337.225], [2530694.11, 1175348.895], [2530694.22, 1175350.405]]]}, "properties": {"OBJECTID": 46517665, "EGID": null, "NO_COM_FED": 5757, "GENRE_TXT": "b\u00e2timent s-sol"}}, {"type": "Feature", "id": 46517854, "geometry": {"type": "Polygon", "coordinates": [[[2531191.325, 1174742.695], [2531186.365, 1174743.526], [2531185.885, 1174740.446], [2531185.805, 1174740.446], [2531184.635, 1174732.976], [2531194.015, 1174731.486], [2531194.775, 1174736.296], [2531190.875, 1174736.906], [2531191.275, 1174739.336], [2531190.795, 1174739.436], [2531191.325, 1174742.695]]]}, "properties": {"OBJECTID": 46517854, "EGID": null, "NO_COM_FED": 5757, "GENRE_TXT": "b\u00e2timent s-sol"}}, {"type": "Feature", "id": 46517855, "geometry": {"type": "Polygon", "coordinates": [[[2530548.049, 1175324.12], [2530539.319, 1175328.76], [2530534.539, 1175331.301], [2530534.269, 1175331.441], [2530531.999, 1175327.161], [2530529.759, 1175322.961], [2530548.049, 1175324.12]]]}, "properties": {"OBJECTID": 46517855, "EGID": null, "NO_COM_FED": 5757, "GENRE_TXT": "b\u00e2timent s-sol"}}, {"type": "Feature", "id": 46517933, "geometry": {"type": "Polygon", "coordinates": [[[2530942.9189999998, 1176164.59], [2530937.409, 1176164.82], [2530936.979, 1176164.87], [2530936.839, 1176161.87], [2530942.779, 1176161.59], [2530942.9189999998, 1176164.59]]]}, "properties": {"OBJECTID": 46517933, "EGID": null, "NO_COM_FED": 5757, "GENRE_TXT": "b\u00e2timent s-sol"}}, {"type": "Feature", "id": 46517934, "geometry": {"type": "Polygon", "coordinates": [[[2530719.381, 1175424.855], [2530721.55, 1175413.754], [2530724.92, 1175414.594], [2530729.02, 1175415.964], [2530726.511, 1175426.544], [2530719.381, 1175424.855]]]}, "properties": {"OBJECTID": 46517934, "EGID": null, "NO_COM_FED": 5757, "GENRE_TXT": "b\u00e2timent s-sol"}}, {"type": "Feature", "id": 46518060, "geometry": {"type": "Polygon", "coordinates": [[[2530610.4390000002, 1176157.099], [2530605.198, 1176152.319], [2530603.968, 1176152.439], [2530600.998, 1176149.769], [2530600.918, 1176148.489], [2530595.638, 1176143.749], [2530594.488, 1176145.049], [2530587.518, 1176145.43], [2530587.568, 1176146.44], [2530583.598, 1176146.66], [2530583.728, 1176148.99], [2530580.078, 1176149.18], [2530579.788, 1176141.78], [2530581.788, 1176141.7], [2530581.708, 1176140.76], [2530581.618, 1176138.73], [2530581.528, 1176137.21], [2530604.298, 1176135.979], [2530618.168, 1176148.449], [2530610.4390000002, 1176157.099]]]}, "properties": {"OBJECTID": 46518060, "EGID": null, "NO_COM_FED": 5757, "GENRE_TXT": "b\u00e2timent s-sol"}}, {"type": "Feature", "id": 46518061, "geometry": {"type": "Polygon", "coordinates": [[[2530626.607, 1175972.4070000001], [2530624.267, 1175976.767], [2530618.277, 1175973.547], [2530616.287, 1175977.247], [2530613.407, 1175975.707], [2530617.057, 1175968.817], [2530620.357, 1175970.587], [2530620.627, 1175970.047], [2530622.727, 1175971.167], [2530623.077, 1175970.507], [2530626.607, 1175972.4070000001]]]}, "properties": {"OBJECTID": 46518061, "EGID": null, "NO_COM_FED": 5757, "GENRE_TXT": "b\u00e2timent s-sol"}}, {"type": "Feature", "id": 46518077, "geometry": {"type": "Polygon", "coordinates": [[[2530705.699, 1175369.717], [2530705.21, 1175360.535], [2530710.79, 1175360.265], [2530711.278, 1175369.42], [2530705.699, 1175369.717]]]}, "properties": {"OBJECTID": 46518077, "EGID": null, "NO_COM_FED": 5757, "GENRE_TXT": "b\u00e2timent s-sol"}}, {"type": "Feature", "id": 46518078, "geometry": {"type": "Polygon", "coordinates": [[[2530839.313, 1175593.59], [2530842.183, 1175601.73], [2530839.463, 1175602.71], [2530834.733, 1175595.131], [2530839.313, 1175593.59]]]}, "properties": {"OBJECTID": 46518078, "EGID": null, "NO_COM_FED": 5757, "GENRE_TXT": "b\u00e2timent s-sol"}}, {"type": "Feature", "id": 46518232, "geometry": {"type": "Polygon", "coordinates": [[[2531013.951, 1176311.479], [2531015.871, 1176313.779], [2531013.601, 1176315.659], [2531011.261, 1176317.66], [2531009.341, 1176315.37], [2531013.951, 1176311.479]]]}, "properties": {"OBJECTID": 46518232, "EGID": null, "NO_COM_FED": 5757, "GENRE_TXT": "b\u00e2timent s-sol"}}, {"type": "Feature", "id": 46518233, "geometry": {"type": "Polygon", "coordinates": [[[2531012.031, 1176309.199], [2531007.421, 1176313.08], [2531005.501, 1176310.78], [2531007.411, 1176309.18], [2531010.091, 1176306.889], [2531012.031, 1176309.199]]]}, "properties": {"OBJECTID": 46518233, "EGID": null, "NO_COM_FED": 5757, "GENRE_TXT": "b\u00e2timent s-sol"}}, {"type": "Feature", "id": 46518234, "geometry": {"type": "Polygon", "coordinates": [[[2531010.091, 1176306.889], [2531007.411, 1176309.18], [2531005.491, 1176306.89], [2531010.0810000002, 1176303.009], [2531011.981, 1176305.289], [2531010.091, 1176306.889]]]}, "properties": {"OBJECTID": 46518234, "EGID": null, "NO_COM_FED": 5757, "GENRE_TXT": "b\u00e2timent s-sol"}}, {"type": "Feature", "id": 46518400, "geometry": {"type": "Polygon", "coordinates": [[[2530681.329, 1176188.987], [2530680.769, 1176194.608], [2530675.089, 1176194.048], [2530674.999, 1176194.038], [2530675.559, 1176188.408], [2530675.709, 1176188.428], [2530681.329, 1176188.987]]]}, "properties": {"OBJECTID": 46518400, "EGID": null, "NO_COM_FED": 5757, "GENRE_TXT": "b\u00e2timent s-sol"}}, {"type": "Feature", "id": 46518401, "geometry": {"type": "Polygon", "coordinates": [[[2530500.368, 1176146.592], [2530506.358, 1176146.2820000001], [2530508.969, 1176196.902], [2530502.979, 1176197.212], [2530500.368, 1176146.592]]]}, "properties": {"OBJECTID": 46518401, "EGID": null, "NO_COM_FED": 5757, "GENRE_TXT": "b\u00e2timent s-sol"}}, {"type": "Feature", "id": 46518402, "geometry": {"type": "Polygon", "coordinates": [[[2530575.119, 1176238.631], [2530575.399, 1176243.541], [2530576.409, 1176243.491], [2530576.759, 1176249.691], [2530576.499, 1176249.691], [2530572.329, 1176254.371], [2530573.059, 1176255.041], [2530565.059, 1176264.041], [2530564.299, 1176263.361], [2530560.12, 1176268.0320000001], [2530560.14, 1176268.2719999999], [2530553.93, 1176268.622], [2530553.879, 1176267.622], [2530552.179, 1176267.712], [2530552.049, 1176265.362], [2530547.579, 1176261.342], [2530545.429, 1176259.402], [2530563.4189999998, 1176239.311], [2530567.599, 1176239.071], [2530575.119, 1176238.631]]]}, "properties": {"OBJECTID": 46518402, "EGID": null, "NO_COM_FED": 5757, "GENRE_TXT": "b\u00e2timent s-sol"}}, {"type": "Feature", "id": 46518516, "geometry": {"type": "Polygon", "coordinates": [[[2530882.843, 1175612.599], [2530877.023, 1175614.139], [2530869.173, 1175584.92], [2530874.973, 1175583.309], [2530882.843, 1175612.599]]]}, "properties": {"OBJECTID": 46518516, "EGID": null, "NO_COM_FED": 5757, "GENRE_TXT": "b\u00e2timent s-sol"}}, {"type": "Feature", "id": 46518517, "geometry": {"type": "Polygon", "coordinates": [[[2530890.782, 1175499.239], [2530896.602, 1175497.719], [2530903.132, 1175522.529], [2530897.302, 1175524.069], [2530890.782, 1175499.239]]]}, "properties": {"OBJECTID": 46518517, "EGID": null, "NO_COM_FED": 5757, "GENRE_TXT": "b\u00e2timent s-sol"}}, {"type": "Feature", "id": 46518518, "geometry": {"type": "Polygon", "coordinates": [[[2530880.661, 1175459.199], [2530915.8109999998, 1175448.868], [2530916.681, 1175451.828], [2530912.711, 1175452.988], [2530917.442, 1175469.328], [2530921.412, 1175468.168], [2530922.372, 1175471.428], [2530919.022, 1175472.408], [2530920.262, 1175476.618], [2530915.642, 1175477.9780000001], [2530912.172, 1175476.088], [2530911.312, 1175473.128], [2530893.092, 1175478.489], [2530888.301, 1175462.169], [2530882.0609999998, 1175463.989], [2530880.661, 1175459.199]]]}, "properties": {"OBJECTID": 46518518, "EGID": null, "NO_COM_FED": 5757, "GENRE_TXT": "b\u00e2timent s-sol"}}, {"type": "Feature", "id": 46518617, "geometry": {"type": "Polygon", "coordinates": [[[2530945.409, 1176176.58], [2530939.9390000002, 1176176.82], [2530939.4390000002, 1176176.83], [2530939.319, 1176173.82], [2530944.789, 1176173.6], [2530945.279, 1176173.57], [2530945.409, 1176176.58]]]}, "properties": {"OBJECTID": 46518617, "EGID": null, "NO_COM_FED": 5757, "GENRE_TXT": "b\u00e2timent s-sol"}}, {"type": "Feature", "id": 46518618, "geometry": {"type": "Polygon", "coordinates": [[[2530934.991, 1176319.722], [2530939.611, 1176315.912], [2530941.531, 1176318.251], [2530936.921, 1176322.062], [2530934.991, 1176319.722]]]}, "properties": {"OBJECTID": 46518618, "EGID": null, "NO_COM_FED": 5757, "GENRE_TXT": "b\u00e2timent s-sol"}}, {"type": "Feature", "id": 46518619, "geometry": {"type": "Polygon", "coordinates": [[[2530868.996, 1175909.96], [2530867.716, 1175905.34], [2530866.756, 1175905.61], [2530862.846, 1175891.43], [2530861.856, 1175891.7], [2530860.4359999998, 1175886.47], [2530861.376, 1175886.18], [2530860.026, 1175881.3], [2530850.486, 1175883.95], [2530846.246, 1175868.54], [2530855.766, 1175865.89], [2530849.256, 1175842.47], [2530855.976, 1175840.62], [2530862.466, 1175864.009], [2530861.316, 1175864.339], [2530862.306, 1175867.959], [2530863.446, 1175867.619], [2530865.756, 1175875.829], [2530864.576, 1175876.159], [2530865.586, 1175879.749], [2530866.566, 1175879.509], [2530874.576, 1175908.429], [2530868.996, 1175909.96]]]}, "properties": {"OBJECTID": 46518619, "EGID": null, "NO_COM_FED": 5757, "GENRE_TXT": "b\u00e2timent s-sol"}}, {"type": "Feature", "id": 46518620, "geometry": {"type": "Polygon", "coordinates": [[[2530864.293, 1176598.156], [2530868.913, 1176597.286], [2530869.753, 1176601.626], [2530865.113, 1176602.476], [2530864.293, 1176598.156]]]}, "properties": {"OBJECTID": 46518620, "EGID": null, "NO_COM_FED": 5757, "GENRE_TXT": "b\u00e2timent s-sol"}}, {"type": "Feature", "id": 46518746, "geometry": {"type": "Polygon", "coordinates": [[[2530569.598, 1176138.37], [2530569.868, 1176138.35], [2530570.238, 1176145.13], [2530553.658, 1176146.021], [2530553.758, 1176147.751], [2530533.479, 1176170.321], [2530531.749, 1176170.411], [2530532.659, 1176186.992], [2530524.229, 1176187.442], [2530523.008, 1176165.252], [2530535.958, 1176150.841], [2530546.038, 1176139.631], [2530566.408, 1176138.54], [2530569.598, 1176138.37]]]}, "properties": {"OBJECTID": 46518746, "EGID": null, "NO_COM_FED": 5757, "GENRE_TXT": "b\u00e2timent s-sol"}}, {"type": "Feature", "id": 46518752, "geometry": {"type": "Polygon", "coordinates": [[[2530985.412, 1176465.192], [2530987.612, 1176465.322], [2530987.442, 1176468.342], [2530985.242, 1176468.202], [2530985.412, 1176465.192]]]}, "properties": {"OBJECTID": 46518752, "EGID": null, "NO_COM_FED": 5757, "GENRE_TXT": "b\u00e2timent s-sol"}}, {"type": "Feature", "id": 46518759, "geometry": {"type": "Polygon", "coordinates": [[[2530696.576, 1175004.876], [2530693.266, 1175006.746], [2530691.746, 1175004.046], [2530695.195, 1175002.136], [2530696.576, 1175004.876]]]}, "properties": {"OBJECTID": 46518759, "EGID": null, "NO_COM_FED": 5757, "GENRE_TXT": "b\u00e2timent s-sol"}}, {"type": "Feature", "id": 46519044, "geometry": {"type": "Polygon", "coordinates": [[[2530935.959, 1175250.9679999999], [2530926.749, 1175254.958], [2530924.469, 1175248.068], [2530925.759, 1175247.658], [2530923.699, 1175241.418], [2530932.449, 1175240.258], [2530935.959, 1175250.9679999999]]]}, "properties": {"OBJECTID": 46519044, "EGID": null, "NO_COM_FED": 5757, "GENRE_TXT": "b\u00e2timent s-sol"}}, {"type": "Feature", "id": 46519408, "geometry": {"type": "Polygon", "coordinates": [[[2530876.54, 1176258.333], [2530879.52, 1176257.813], [2530880.077, 1176261], [2530873.384, 1176262.17], [2530872.83, 1176258.983], [2530876.54, 1176258.333]]]}, "properties": {"OBJECTID": 46519408, "EGID": null, "NO_COM_FED": 5757, "GENRE_TXT": "b\u00e2timent s-sol"}}, {"type": "Feature", "id": 46519410, "geometry": {"type": "Polygon", "coordinates": [[[2530510.99, 1176328.333], [2530511.27, 1176328.373], [2530512.23, 1176348.114], [2530506.58, 1176348.384], [2530505.61, 1176328.604], [2530510.99, 1176328.333]]]}, "properties": {"OBJECTID": 46519410, "EGID": null, "NO_COM_FED": 5757, "GENRE_TXT": "b\u00e2timent s-sol"}}, {"type": "Feature", "id": 46519411, "geometry": {"type": "Polygon", "coordinates": [[[2531010.891, 1176321.87], [2531015.501, 1176317.989], [2531017.401, 1176320.319], [2531012.8109999998, 1176324.16], [2531010.891, 1176321.87]]]}, "properties": {"OBJECTID": 46519411, "EGID": null, "NO_COM_FED": 5757, "GENRE_TXT": "b\u00e2timent s-sol"}}, {"type": "Feature", "id": 46519413, "geometry": {"type": "Polygon", "coordinates": [[[2530936.921, 1176322.062], [2530941.531, 1176318.251], [2530943.461, 1176320.581], [2530938.851, 1176324.392], [2530936.921, 1176322.062]]]}, "properties": {"OBJECTID": 46519413, "EGID": null, "NO_COM_FED": 5757, "GENRE_TXT": "b\u00e2timent s-sol"}}, {"type": "Feature", "id": 46519457, "geometry": {"type": "Polygon", "coordinates": [[[2530945.479, 1176203.7], [2530950.979, 1176203.5], [2530951.469, 1176203.48], [2530951.599, 1176206.46], [2530945.589, 1176206.73], [2530945.479, 1176203.7]]]}, "properties": {"OBJECTID": 46519457, "EGID": null, "NO_COM_FED": 5757, "GENRE_TXT": "b\u00e2timent s-sol"}}, {"type": "Feature", "id": 46519634, "geometry": {"type": "Polygon", "coordinates": [[[2530940.771, 1176326.722], [2530945.391, 1176322.921], [2530947.3109999998, 1176325.251], [2530942.701, 1176329.062], [2530940.771, 1176326.722]]]}, "properties": {"OBJECTID": 46519634, "EGID": null, "NO_COM_FED": 5757, "GENRE_TXT": "b\u00e2timent s-sol"}}, {"type": "Feature", "id": 46519635, "geometry": {"type": "Polygon", "coordinates": [[[2530916.389, 1176133.13], [2530914.529, 1176130.9], [2530912.069, 1176131.331], [2530912.269, 1176128.211], [2530913.6689999998, 1176124.86], [2530917.789, 1176129.76], [2530916.389, 1176133.13]]]}, "properties": {"OBJECTID": 46519635, "EGID": null, "NO_COM_FED": 5757, "GENRE_TXT": "b\u00e2timent s-sol"}}, {"type": "Feature", "id": 46519647, "geometry": {"type": "Polygon", "coordinates": [[[2530925.149, 1176183.491], [2530929.139, 1176183.321], [2530929.489, 1176191.001], [2530929.529, 1176191.951], [2530925.489, 1176192.111], [2530925.469, 1176190.701], [2530925.149, 1176183.491]]]}, "properties": {"OBJECTID": 46519647, "EGID": null, "NO_COM_FED": 5757, "GENRE_TXT": "b\u00e2timent s-sol"}}, {"type": "Feature", "id": 46519648, "geometry": {"type": "Polygon", "coordinates": [[[2531011.261, 1176317.66], [2531013.601, 1176315.659], [2531015.501, 1176317.989], [2531010.891, 1176321.87], [2531008.971, 1176319.58], [2531011.261, 1176317.66]]]}, "properties": {"OBJECTID": 46519648, "EGID": null, "NO_COM_FED": 5757, "GENRE_TXT": "b\u00e2timent s-sol"}}, {"type": "Feature", "id": 46519806, "geometry": {"type": "Polygon", "coordinates": [[[2530949.119, 1176194.52], [2530943.649, 1176194.75], [2530943.149, 1176194.78], [2530943.029, 1176191.77], [2530948.499, 1176191.53], [2530948.989, 1176191.51], [2530949.119, 1176194.52]]]}, "properties": {"OBJECTID": 46519806, "EGID": null, "NO_COM_FED": 5757, "GENRE_TXT": "b\u00e2timent s-sol"}}, {"type": "Feature", "id": 46519809, "geometry": {"type": "Polygon", "coordinates": [[[2530878.6859999998, 1175877.589], [2530872.896, 1175879.189], [2530864.756, 1175849.809], [2530870.516, 1175848.209], [2530878.6859999998, 1175877.589]]]}, "properties": {"OBJECTID": 46519809, "EGID": null, "NO_COM_FED": 5757, "GENRE_TXT": "b\u00e2timent s-sol"}}, {"type": "Feature", "id": 46519810, "geometry": {"type": "Polygon", "coordinates": [[[2530582.207, 1175164.709], [2530580.097, 1175165.229], [2530579.437, 1175165.389], [2530578.247, 1175160.559], [2530578.947, 1175160.389], [2530581.017, 1175159.879], [2530582.207, 1175164.709]]]}, "properties": {"OBJECTID": 46519810, "EGID": null, "NO_COM_FED": 5757, "GENRE_TXT": "b\u00e2timent s-sol"}}, {"type": "Feature", "id": 46519842, "geometry": {"type": "Polygon", "coordinates": [[[2530644.274, 1174903.618], [2530640.354, 1174898.688], [2530641.734, 1174897.668], [2530642.924, 1174896.788], [2530646.744, 1174901.688], [2530644.274, 1174903.618]]]}, "properties": {"OBJECTID": 46519842, "EGID": null, "NO_COM_FED": 5757, "GENRE_TXT": "b\u00e2timent s-sol"}}, {"type": "Feature", "id": 46519919, "geometry": {"type": "Polygon", "coordinates": [[[2530583.217, 1175173.769], [2530581.577, 1175173.969], [2530580.687, 1175174.079], [2530580.087, 1175169.229], [2530581.017, 1175169.119], [2530582.517, 1175168.929], [2530583.217, 1175173.769]]]}, "properties": {"OBJECTID": 46519919, "EGID": null, "NO_COM_FED": 5757, "GENRE_TXT": "b\u00e2timent s-sol"}}, {"type": "Feature", "id": 46519920, "geometry": {"type": "Polygon", "coordinates": [[[2530579.367, 1175149.709], [2530590.937, 1175149.389], [2530591.017, 1175151.379], [2530579.497, 1175153.959], [2530579.367, 1175149.709]]]}, "properties": {"OBJECTID": 46519920, "EGID": null, "NO_COM_FED": 5757, "GENRE_TXT": "b\u00e2timent s-sol"}}, {"type": "Feature", "id": 46519922, "geometry": {"type": "Polygon", "coordinates": [[[2530949.729, 1176197.51], [2530944.249, 1176197.75], [2530943.779, 1176197.76], [2530943.649, 1176194.75], [2530949.119, 1176194.52], [2530949.609, 1176194.5], [2530949.729, 1176197.51]]]}, "properties": {"OBJECTID": 46519922, "EGID": null, "NO_COM_FED": 5757, "GENRE_TXT": "b\u00e2timent s-sol"}}, {"type": "Feature", "id": 46520027, "geometry": {"type": "Polygon", "coordinates": [[[2530557.083, 1174791.029], [2530560.853, 1174788.149], [2530564.253, 1174792.599], [2530560.483, 1174795.479], [2530557.083, 1174791.029]]]}, "properties": {"OBJECTID": 46520027, "EGID": null, "NO_COM_FED": 5757, "GENRE_TXT": "b\u00e2timent s-sol"}}, {"type": "Feature", "id": 46520107, "geometry": {"type": "Polygon", "coordinates": [[[2530950.349, 1176200.5], [2530944.869, 1176200.75], [2530944.379, 1176200.76], [2530944.249, 1176197.75], [2530949.729, 1176197.51], [2530950.219, 1176197.49], [2530950.349, 1176200.5]]]}, "properties": {"OBJECTID": 46520107, "EGID": null, "NO_COM_FED": 5757, "GENRE_TXT": "b\u00e2timent s-sol"}}, {"type": "Feature", "id": 46520241, "geometry": {"type": "Polygon", "coordinates": [[[2530878.71, 1176270.743], [2530877.627, 1176264.559], [2530880.608, 1176264.038], [2530881.69, 1176270.223], [2530878.71, 1176270.743]]]}, "properties": {"OBJECTID": 46520241, "EGID": null, "NO_COM_FED": 5757, "GENRE_TXT": "b\u00e2timent s-sol"}}, {"type": "Feature", "id": 46520242, "geometry": {"type": "Polygon", "coordinates": [[[2530573.359, 1176207.571], [2530574.079, 1176220.691], [2530574.6890000002, 1176220.651], [2530574.959, 1176224.481], [2530575.229, 1176224.471], [2530575.519, 1176230.421], [2530575.759, 1176235.441], [2530570.599, 1176235.731], [2530544.309, 1176237.132], [2530543.739, 1176226.632], [2530542.539, 1176226.712], [2530542.209, 1176220.312], [2530557.379, 1176219.501], [2530556.799, 1176208.551], [2530573.359, 1176207.571]]]}, "properties": {"OBJECTID": 46520242, "EGID": null, "NO_COM_FED": 5757, "GENRE_TXT": "b\u00e2timent s-sol"}}, {"type": "Feature", "id": 46520415, "geometry": {"type": "Polygon", "coordinates": [[[2530944.159, 1176170.58], [2530938.649, 1176170.84], [2530938.1890000002, 1176170.84], [2530938.059, 1176167.83], [2530943.539, 1176167.59], [2530944.029, 1176167.57], [2530944.159, 1176170.58]]]}, "properties": {"OBJECTID": 46520415, "EGID": null, "NO_COM_FED": 5757, "GENRE_TXT": "b\u00e2timent s-sol"}}, {"type": "Feature", "id": 46520416, "geometry": {"type": "Polygon", "coordinates": [[[2531008.14, 1176300.729], [2531003.5609999998, 1176304.6], [2531001.64, 1176302.31], [2531006.23, 1176298.47], [2531008.14, 1176300.729]]]}, "properties": {"OBJECTID": 46520416, "EGID": null, "NO_COM_FED": 5757, "GENRE_TXT": "b\u00e2timent s-sol"}}, {"type": "Feature", "id": 46520480, "geometry": {"type": "Polygon", "coordinates": [[[2530548.049, 1175324.12], [2530529.759, 1175322.961], [2530525.349, 1175325.311], [2530510.879, 1175298.061], [2530512.699, 1175297.081], [2530510.588, 1175293.111], [2530508.588, 1175294.181], [2530505.188, 1175287.7719999999], [2530523.548, 1175278.021], [2530548.049, 1175324.12]]]}, "properties": {"OBJECTID": 46520480, "EGID": null, "NO_COM_FED": 5757, "GENRE_TXT": "b\u00e2timent s-sol"}}, {"type": "Feature", "id": 46520482, "geometry": {"type": "Polygon", "coordinates": [[[2530986.252, 1176450.922], [2530986.422, 1176447.901], [2530988.622, 1176448.041], [2530988.442, 1176451.051], [2530986.252, 1176450.922]]]}, "properties": {"OBJECTID": 46520482, "EGID": null, "NO_COM_FED": 5757, "GENRE_TXT": "b\u00e2timent s-sol"}}, {"type": "Feature", "id": 46520483, "geometry": {"type": "Polygon", "coordinates": [[[2530820.627, 1175987.862], [2530823.737, 1176017.632], [2530818.207, 1176019.062], [2530815.037, 1175988.442], [2530820.627, 1175987.862]]]}, "properties": {"OBJECTID": 46520483, "EGID": null, "NO_COM_FED": 5757, "GENRE_TXT": "b\u00e2timent s-sol"}}, {"type": "Feature", "id": 46520504, "geometry": {"type": "Polygon", "coordinates": [[[2530943.539, 1176167.59], [2530938.059, 1176167.83], [2530937.539, 1176167.84], [2530937.409, 1176164.82], [2530942.9189999998, 1176164.59], [2530943.409, 1176164.57], [2530943.539, 1176167.59]]]}, "properties": {"OBJECTID": 46520504, "EGID": null, "NO_COM_FED": 5757, "GENRE_TXT": "b\u00e2timent s-sol"}}, {"type": "Feature", "id": 46520505, "geometry": {"type": "Polygon", "coordinates": [[[2530922.348, 1175636.514], [2530933.603, 1175631.677], [2530934.273, 1175633.237], [2530917.264, 1175640.538], [2530916.738, 1175639.307], [2530922.489, 1175636.844], [2530922.348, 1175636.514]]]}, "properties": {"OBJECTID": 46520505, "EGID": null, "NO_COM_FED": 5757, "GENRE_TXT": "b\u00e2timent s-sol"}}, {"type": "Feature", "id": 46520541, "geometry": {"type": "Polygon", "coordinates": [[[2530143.243, 1175747.018], [2530149.533, 1175749.098], [2530147.623, 1175754.788], [2530144.813, 1175753.848], [2530141.383, 1175752.708], [2530143.243, 1175747.018]]]}, "properties": {"OBJECTID": 46520541, "EGID": null, "NO_COM_FED": 5757, "GENRE_TXT": "b\u00e2timent s-sol"}}, {"type": "Feature", "id": 46520542, "geometry": {"type": "Polygon", "coordinates": [[[2530613.337, 1175128.488], [2530613.687, 1175148.518], [2530614.367, 1175155.608], [2530642.327, 1175152.837], [2530639.827, 1175127.567], [2530644.737, 1175127.087], [2530647.717, 1175157.257], [2530644.417, 1175157.587], [2530642.627, 1175157.757], [2530614.747, 1175160.518], [2530605.297, 1175161.449], [2530599.707, 1175156.869], [2530597.067, 1175130.099], [2530599.217, 1175129.889], [2530603.597, 1175129.459], [2530613.337, 1175128.488]]]}, "properties": {"OBJECTID": 46520542, "EGID": null, "NO_COM_FED": 5757, "GENRE_TXT": "b\u00e2timent s-sol"}}, {"type": "Feature", "id": 46520543, "geometry": {"type": "Polygon", "coordinates": [[[2530602.75, 1175402.888], [2530611.29, 1175404.278], [2530608.67, 1175420.298], [2530600.11, 1175418.908], [2530602.75, 1175402.888]]]}, "properties": {"OBJECTID": 46520543, "EGID": null, "NO_COM_FED": 5757, "GENRE_TXT": "b\u00e2timent s-sol"}}, {"type": "Feature", "id": 46520546, "geometry": {"type": "Polygon", "coordinates": [[[2530946.639, 1176182.56], [2530941.1689999998, 1176182.8], [2530940.6689999998, 1176182.8], [2530940.539, 1176179.79], [2530946.029, 1176179.57], [2530946.519, 1176179.55], [2530946.639, 1176182.56]]]}, "properties": {"OBJECTID": 46520546, "EGID": null, "NO_COM_FED": 5757, "GENRE_TXT": "b\u00e2timent s-sol"}}, {"type": "Feature", "id": 46520547, "geometry": {"type": "Polygon", "coordinates": [[[2530577.216, 1175096.99], [2530571.296, 1175097.14], [2530574.656, 1175088.46], [2530577.196, 1175088.46], [2530577.216, 1175096.99]]]}, "properties": {"OBJECTID": 46520547, "EGID": null, "NO_COM_FED": 5757, "GENRE_TXT": "b\u00e2timent s-sol"}}, {"type": "Feature", "id": 46520571, "geometry": {"type": "Polygon", "coordinates": [[[2530673.77, 1175373.796], [2530671.39, 1175374.446], [2530662.25, 1175376.946], [2530661.08, 1175372.186], [2530665.62, 1175371.076], [2530672.67, 1175369.366], [2530673.77, 1175373.796]]]}, "properties": {"OBJECTID": 46520571, "EGID": null, "NO_COM_FED": 5757, "GENRE_TXT": "b\u00e2timent s-sol"}}, {"type": "Feature", "id": 46521097, "geometry": {"type": "Polygon", "coordinates": [[[2530934.273, 1175633.237], [2530933.603, 1175631.677], [2530927.923, 1175618.428], [2530929.413, 1175617.788], [2530931.523, 1175622.717], [2530943.463, 1175617.607], [2530943.124, 1175616.818], [2530946.615, 1175615.322], [2530944.84, 1175611.178], [2530948.573, 1175609.577], [2530950.603, 1175614.317], [2530955.143, 1175612.377], [2530958.743, 1175620.787], [2530954.333, 1175622.677], [2530957.303, 1175629.607], [2530936.534, 1175638.507], [2530934.273, 1175633.237]]]}, "properties": {"OBJECTID": 46521097, "EGID": null, "NO_COM_FED": 5757, "GENRE_TXT": "b\u00e2timent s-sol"}}, {"type": "Feature", "id": 46521723, "geometry": {"type": "Polygon", "coordinates": [[[2530830.129, 1175309.481], [2530827.959, 1175312.161], [2530825.859, 1175315.341], [2530822.639, 1175309.961], [2530826.589, 1175305.581], [2530830.129, 1175309.481]]]}, "properties": {"OBJECTID": 46521723, "EGID": null, "NO_COM_FED": 5757, "GENRE_TXT": "b\u00e2timent s-sol"}}, {"type": "Feature", "id": 46521745, "geometry": {"type": "Polygon", "coordinates": [[[2530279.49, 1176067.362], [2530296.107, 1176064.932], [2530298.105, 1176078.599], [2530290.556, 1176079.694], [2530291.301, 1176084.833], [2530283.839, 1176085.916], [2530283.908, 1176086.391], [2530282.317, 1176086.625], [2530279.49, 1176067.362]]]}, "properties": {"OBJECTID": 46521745, "EGID": null, "NO_COM_FED": 5757, "GENRE_TXT": "b\u00e2timent s-sol"}}, {"type": "Feature", "id": 46521746, "geometry": {"type": "Polygon", "coordinates": [[[2530294.115, 1176051.301], [2530296.107, 1176064.932], [2530279.49, 1176067.362], [2530276.664, 1176048.11], [2530278.23, 1176047.88], [2530278.299, 1176048.355], [2530285.788, 1176047.263], [2530286.538, 1176052.404], [2530294.115, 1176051.301]]]}, "properties": {"OBJECTID": 46521746, "EGID": null, "NO_COM_FED": 5757, "GENRE_TXT": "b\u00e2timent s-sol"}}, {"type": "Feature", "id": 46521811, "geometry": {"type": "Polygon", "coordinates": [[[2530938.851, 1176324.392], [2530943.461, 1176320.581], [2530945.391, 1176322.921], [2530940.771, 1176326.722], [2530938.851, 1176324.392]]]}, "properties": {"OBJECTID": 46521811, "EGID": null, "NO_COM_FED": 5757, "GENRE_TXT": "b\u00e2timent s-sol"}}, {"type": "Feature", "id": 46523057, "geometry": {"type": "Polygon", "coordinates": [[[2530187.403, 1175702.687], [2530185.25, 1175701.986], [2530186.88, 1175690.976], [2530190.798, 1175692.25], [2530187.403, 1175702.687]]]}, "properties": {"OBJECTID": 46523057, "EGID": null, "NO_COM_FED": 5757, "GENRE_TXT": "b\u00e2timent s-sol"}}, {"type": "Feature", "id": 46523058, "geometry": {"type": "Polygon", "coordinates": [[[2530315.909, 1175761.553], [2530312.329, 1175759.76], [2530315.148, 1175754.151], [2530318.723, 1175755.946], [2530315.909, 1175761.553]]]}, "properties": {"OBJECTID": 46523058, "EGID": null, "NO_COM_FED": 5757, "GENRE_TXT": "b\u00e2timent s-sol"}}, {"type": "Feature", "id": 46523059, "geometry": {"type": "Polygon", "coordinates": [[[2530364.468, 1175785.74], [2530359.513, 1175784.852], [2530360.75, 1175777.976], [2530365.701, 1175778.793], [2530364.468, 1175785.74]]]}, "properties": {"OBJECTID": 46523059, "EGID": null, "NO_COM_FED": 5757, "GENRE_TXT": "b\u00e2timent s-sol"}}, {"type": "Feature", "id": 46523129, "geometry": {"type": "Polygon", "coordinates": [[[2531291.647, 1174996.74], [2531281.497, 1175007.799], [2531271.957, 1174998.95], [2531282.177, 1174987.97], [2531291.647, 1174996.74]]]}, "properties": {"OBJECTID": 46523129, "EGID": null, "NO_COM_FED": 5757, "GENRE_TXT": "b\u00e2timent s-sol"}}, {"type": "Feature", "id": 46523365, "geometry": {"type": "Polygon", "coordinates": [[[2530571.597, 1175982.739], [2530577.077, 1175985.658], [2530575.337, 1175988.928], [2530578.317, 1175990.518], [2530574.217, 1175998.219], [2530570.687, 1175996.329], [2530567.557, 1176002.189], [2530560.917, 1176003.239], [2530557.337, 1176001.329], [2530555.827, 1176004.149], [2530543.057, 1175997.309], [2530543.797, 1175995.919], [2530549.964, 1175984.348], [2530548.131, 1175983.371], [2530548.884, 1175981.959], [2530550.717, 1175982.936], [2530554.787, 1175975.299], [2530558.907, 1175967.559], [2530566.376, 1175953.539], [2530564.026, 1175952.279], [2530564.776, 1175950.869], [2530567.136, 1175952.119], [2530569.906, 1175946.919], [2530575.546, 1175936.329], [2530581.966, 1175924.268], [2530580.1859999998, 1175923.318], [2530580.946, 1175921.908], [2530582.716, 1175922.858], [2530590.676, 1175907.928], [2530597.076, 1175895.914], [2530595.237, 1175894.935], [2530595.994, 1175893.525], [2530597.828, 1175894.502], [2530600.296, 1175889.868], [2530606.2060000002, 1175893.048], [2530608.696, 1175899.828], [2530643.886, 1175918.676], [2530639.636, 1175926.806], [2530633.996, 1175923.797], [2530627.656, 1175920.4070000001], [2530623.796, 1175918.487], [2530624.666, 1175916.917], [2530620.876, 1175914.8969999999], [2530620.066, 1175916.4070000001], [2530616.336, 1175914.327], [2530609.976, 1175910.937], [2530604.366, 1175907.928], [2530603.336, 1175909.808], [2530597.506, 1175920.7280000001], [2530574.847, 1175963.099], [2530572.417, 1175967.639], [2530566.577, 1175978.539], [2530570.107, 1175980.409], [2530569.757, 1175981.069], [2530571.867, 1175982.189], [2530571.597, 1175982.739]]]}, "properties": {"OBJECTID": 46523365, "EGID": null, "NO_COM_FED": 5757, "GENRE_TXT": "b\u00e2timent s-sol"}}, {"type": "Feature", "id": 46523366, "geometry": {"type": "Polygon", "coordinates": [[[2530959.201, 1176339.501], [2530954.861, 1176343.121], [2530945.601, 1176332.002], [2530949.941, 1176328.391], [2530959.201, 1176339.501]]]}, "properties": {"OBJECTID": 46523366, "EGID": null, "NO_COM_FED": 5757, "GENRE_TXT": "b\u00e2timent s-sol"}}, {"type": "Feature", "id": 46523622, "geometry": {"type": "Polygon", "coordinates": [[[2530570.053, 1174596.644], [2530576.318, 1174584.455], [2530580.034, 1174586.937], [2530577.829, 1174591.206], [2530574.782, 1174589.632], [2530570.942, 1174597.101], [2530570.053, 1174596.644]]]}, "properties": {"OBJECTID": 46523622, "EGID": null, "NO_COM_FED": 5757, "GENRE_TXT": "b\u00e2timent s-sol"}}, {"type": "Feature", "id": 46523917, "geometry": {"type": "Polygon", "coordinates": [[[2530903.046, 1175276.828], [2530903.521, 1175278.161], [2530871.3, 1175289.274], [2530869.357, 1175284.368], [2530868.604, 1175284.638], [2530866.38, 1175279.0219999999], [2530867.124, 1175278.7280000001], [2530865.155, 1175273.755], [2530906.733, 1175256.469], [2530907.047, 1175257.316], [2530908.859, 1175262.195], [2530899.274, 1175266.081], [2530899.225, 1175265.96], [2530876.486, 1175274.311], [2530880.42, 1175285.106], [2530891.678, 1175280.988], [2530891.863, 1175281.494], [2530894.865, 1175280.396], [2530894.68, 1175279.89], [2530903.046, 1175276.828]]]}, "properties": {"OBJECTID": 46523917, "EGID": null, "NO_COM_FED": 5757, "GENRE_TXT": "b\u00e2timent s-sol"}}, {"type": "Feature", "id": 46523975, "geometry": {"type": "Polygon", "coordinates": [[[2530950.979, 1176203.5], [2530945.479, 1176203.7], [2530945.009, 1176203.76], [2530944.869, 1176200.75], [2530950.349, 1176200.5], [2530950.839, 1176200.48], [2530950.979, 1176203.5]]]}, "properties": {"OBJECTID": 46523975, "EGID": null, "NO_COM_FED": 5757, "GENRE_TXT": "b\u00e2timent s-sol"}}, {"type": "Feature", "id": 46524385, "geometry": {"type": "Polygon", "coordinates": [[[2530755.728, 1175209.934], [2530744.888, 1175213.064], [2530744.158, 1175210.794], [2530753.788, 1175206.384], [2530754.528, 1175206.104], [2530754.828, 1175206.904], [2530755.728, 1175209.934]]]}, "properties": {"OBJECTID": 46524385, "EGID": null, "NO_COM_FED": 5757, "GENRE_TXT": "b\u00e2timent s-sol"}}, {"type": "Feature", "id": 46525194, "geometry": {"type": "Polygon", "coordinates": [[[2530653.338, 1175627.948], [2530654.777, 1175636.073], [2530637.764, 1175639.082], [2530636.333, 1175630.986], [2530633.626, 1175631.465], [2530628.42, 1175601.912], [2530633.698, 1175600.956], [2530638.951, 1175630.54], [2530653.338, 1175627.948]]]}, "properties": {"OBJECTID": 46525194, "EGID": null, "NO_COM_FED": 5757, "GENRE_TXT": "b\u00e2timent s-sol"}}, {"type": "Feature", "id": 46525195, "geometry": {"type": "Polygon", "coordinates": [[[2530652.332, 1175690.364], [2530648.455, 1175691.058], [2530647.001, 1175691.319], [2530645.806, 1175684.563], [2530639.191, 1175647.148], [2530637.764, 1175639.082], [2530654.777, 1175636.073], [2530656.215, 1175644.197], [2530644.515, 1175646.28], [2530652.332, 1175690.364]]]}, "properties": {"OBJECTID": 46525195, "EGID": null, "NO_COM_FED": 5757, "GENRE_TXT": "b\u00e2timent s-sol"}}, {"type": "Feature", "id": 46525196, "geometry": {"type": "Polygon", "coordinates": [[[2530652.209, 1175616.447], [2530651.324, 1175616.6030000001], [2530650.114, 1175609.755], [2530650.999, 1175609.596], [2530652.209, 1175616.447]]]}, "properties": {"OBJECTID": 46525196, "EGID": null, "NO_COM_FED": 5757, "GENRE_TXT": "b\u00e2timent s-sol"}}, {"type": "Feature", "id": 46525519, "geometry": {"type": "Polygon", "coordinates": [[[2530631.023, 1175390.24], [2530634.935, 1175397.954], [2530636.192, 1175397.333], [2530638.824, 1175402.515], [2530637.609, 1175403.153], [2530641.488, 1175410.879], [2530642.726, 1175410.251], [2530644.665, 1175414.072], [2530644.965, 1175413.921], [2530645.785, 1175415.554], [2530639.199, 1175418.903], [2530639.104, 1175418.716], [2530634.367, 1175421.107], [2530634.466, 1175421.309], [2530629.651, 1175423.758], [2530604.798, 1175374.749], [2530609.022, 1175372.607], [2530620.232, 1175368.211], [2530622.525, 1175374.059], [2530623.991, 1175373.473], [2530625.176, 1175376.3969999999], [2530624.496, 1175376.669], [2530629.394, 1175386.327], [2530630.325, 1175385.775], [2530632.253, 1175389.624], [2530631.023, 1175390.24]]]}, "properties": {"OBJECTID": 46525519, "EGID": null, "NO_COM_FED": 5757, "GENRE_TXT": "b\u00e2timent s-sol"}}, {"type": "Feature", "id": 46525721, "geometry": {"type": "Polygon", "coordinates": [[[2530948.499, 1176191.53], [2530943.029, 1176191.77], [2530942.529, 1176191.78], [2530942.399, 1176188.77], [2530947.879, 1176188.54], [2530948.369, 1176188.52], [2530948.499, 1176191.53]]]}, "properties": {"OBJECTID": 46525721, "EGID": null, "NO_COM_FED": 5757, "GENRE_TXT": "b\u00e2timent s-sol"}}, {"type": "Feature", "id": 46525722, "geometry": {"type": "Polygon", "coordinates": [[[2530947.879, 1176188.54], [2530942.399, 1176188.77], [2530941.9390000002, 1176188.79], [2530941.809, 1176185.79], [2530947.259, 1176185.56], [2530947.749, 1176185.54], [2530947.879, 1176188.54]]]}, "properties": {"OBJECTID": 46525722, "EGID": null, "NO_COM_FED": 5757, "GENRE_TXT": "b\u00e2timent s-sol"}}, {"type": "Feature", "id": 46525723, "geometry": {"type": "Polygon", "coordinates": [[[2530947.259, 1176185.56], [2530941.809, 1176185.79], [2530941.299, 1176185.81], [2530941.1689999998, 1176182.8], [2530946.639, 1176182.56], [2530947.139, 1176182.54], [2530947.259, 1176185.56]]]}, "properties": {"OBJECTID": 46525723, "EGID": null, "NO_COM_FED": 5757, "GENRE_TXT": "b\u00e2timent s-sol"}}, {"type": "Feature", "id": 46525724, "geometry": {"type": "Polygon", "coordinates": [[[2530946.029, 1176179.57], [2530940.539, 1176179.79], [2530940.069, 1176179.83], [2530939.9390000002, 1176176.82], [2530945.409, 1176176.58], [2530945.899, 1176176.56], [2530946.029, 1176179.57]]]}, "properties": {"OBJECTID": 46525724, "EGID": null, "NO_COM_FED": 5757, "GENRE_TXT": "b\u00e2timent s-sol"}}, {"type": "Feature", "id": 46525725, "geometry": {"type": "Polygon", "coordinates": [[[2530944.789, 1176173.6], [2530939.319, 1176173.82], [2530938.789, 1176173.87], [2530938.649, 1176170.84], [2530944.159, 1176170.58], [2530944.649, 1176170.56], [2530944.789, 1176173.6]]]}, "properties": {"OBJECTID": 46525725, "EGID": null, "NO_COM_FED": 5757, "GENRE_TXT": "b\u00e2timent s-sol"}}, {"type": "Feature", "id": 46526475, "geometry": {"type": "Polygon", "coordinates": [[[2530942.701, 1176329.062], [2530947.3109999998, 1176325.251], [2530949.241, 1176327.591], [2530944.621, 1176331.392], [2530942.701, 1176329.062]]]}, "properties": {"OBJECTID": 46526475, "EGID": null, "NO_COM_FED": 5757, "GENRE_TXT": "b\u00e2timent s-sol"}}, {"type": "Feature", "id": 46526479, "geometry": {"type": "Polygon", "coordinates": [[[2530944.391, 1175050.815], [2530946.094, 1175053.267], [2530941.305, 1175056.591], [2530939.603, 1175054.139], [2530944.391, 1175050.815]]]}, "properties": {"OBJECTID": 46526479, "EGID": null, "NO_COM_FED": 5757, "GENRE_TXT": "b\u00e2timent s-sol"}}, {"type": "Feature", "id": 46526484, "geometry": {"type": "Polygon", "coordinates": [[[2530966.338, 1175065.988], [2530965.109, 1175066.842], [2530968.747, 1175072.085], [2530973.38, 1175068.872], [2530975.1689999998, 1175071.451], [2530961.421, 1175080.516], [2530959.457, 1175080.162], [2530958.051, 1175081.084], [2530950.357, 1175069.991], [2530948.03, 1175071.613], [2530947.935, 1175071.476], [2530946.368, 1175072.563], [2530946.466, 1175072.704], [2530941.652, 1175076.06], [2530940.849, 1175074.901], [2530949.824, 1175068.679], [2530947.118, 1175064.775], [2530952.205, 1175061.247], [2530950.451, 1175058.717], [2530961.612, 1175050.979], [2530962.279, 1175051.94], [2530960.783, 1175052.977], [2530961.871, 1175054.547], [2530959.521, 1175056.177], [2530966.338, 1175065.988]]]}, "properties": {"OBJECTID": 46526484, "EGID": null, "NO_COM_FED": 5757, "GENRE_TXT": "b\u00e2timent s-sol"}}, {"type": "Feature", "id": 46526865, "geometry": {"type": "Polygon", "coordinates": [[[2530196.396, 1175924.097], [2530198.306, 1175923.82], [2530198.345, 1175924.088], [2530204.618, 1175923.172], [2530205.715, 1175930.689], [2530214.164, 1175929.448], [2530214.942, 1175934.742], [2530198.293, 1175937.16], [2530196.396, 1175924.097]]]}, "properties": {"OBJECTID": 46526865, "EGID": null, "NO_COM_FED": 5757, "GENRE_TXT": "b\u00e2timent s-sol"}}, {"type": "Feature", "id": 46526866, "geometry": {"type": "Polygon", "coordinates": [[[2530202.434, 1175965.427], [2530200.527, 1175952.335], [2530217.158, 1175949.913], [2530217.925, 1175955.179], [2530209.505, 1175956.41], [2530210.595, 1175963.937], [2530204.315, 1175964.847], [2530204.359, 1175965.1469999999], [2530202.434, 1175965.427]]]}, "properties": {"OBJECTID": 46526866, "EGID": null, "NO_COM_FED": 5757, "GENRE_TXT": "b\u00e2timent s-sol"}}, {"type": "Feature", "id": 46526867, "geometry": {"type": "Polygon", "coordinates": [[[2530238.49, 1176023.75], [2530247.306, 1176022.459], [2530249.469, 1176037.195], [2530240.653, 1176038.488], [2530238.49, 1176023.75]]]}, "properties": {"OBJECTID": 46526867, "EGID": null, "NO_COM_FED": 5757, "GENRE_TXT": "b\u00e2timent s-sol"}}, {"type": "Feature", "id": 46526868, "geometry": {"type": "Polygon", "coordinates": [[[2530247.306, 1176022.459], [2530256.696, 1176021.087], [2530258.859, 1176035.817], [2530249.469, 1176037.195], [2530247.306, 1176022.459]]]}, "properties": {"OBJECTID": 46526868, "EGID": null, "NO_COM_FED": 5757, "GENRE_TXT": "b\u00e2timent s-sol"}}, {"type": "Feature", "id": 46526869, "geometry": {"type": "Polygon", "coordinates": [[[2530291.096, 1175975.2179999999], [2530275.917, 1175974.111], [2530276.471, 1175966.513], [2530270.856, 1175966.098], [2530271.4390000002, 1175958.219], [2530271.275, 1175958.207], [2530271.371, 1175956.924], [2530288.862, 1175958.198], [2530288.638, 1175961.215], [2530292.053, 1175961.479], [2530291.908, 1175963.462], [2530297.648, 1175963.88], [2530297.148, 1175970.741], [2530291.453, 1175970.327], [2530291.096, 1175975.2179999999]]]}, "properties": {"OBJECTID": 46526869, "EGID": null, "NO_COM_FED": 5757, "GENRE_TXT": "b\u00e2timent s-sol"}}, {"type": "Feature", "id": 46526870, "geometry": {"type": "Polygon", "coordinates": [[[2530269.004, 1175924.497], [2530269.56, 1175916.877], [2530263.973, 1175916.459], [2530264.5640000002, 1175908.5929999999], [2530264.364, 1175908.579], [2530264.448, 1175907.449], [2530285.359, 1175908.994], [2530285.006, 1175913.766], [2530290.681, 1175914.186], [2530290.174, 1175921.04], [2530284.49, 1175920.626], [2530284.352, 1175922.607], [2530280.961, 1175922.371], [2530280.727, 1175925.364], [2530269.004, 1175924.497]]]}, "properties": {"OBJECTID": 46526870, "EGID": null, "NO_COM_FED": 5757, "GENRE_TXT": "b\u00e2timent s-sol"}}, {"type": "Feature", "id": 46526932, "geometry": {"type": "Polygon", "coordinates": [[[2530574.35, 1175382.909], [2530566.39, 1175387.939], [2530558.01, 1175375.5], [2530558.62, 1175375.09], [2530557.84, 1175373.94], [2530557.23, 1175374.34], [2530549.649, 1175363.09], [2530550.259, 1175362.69], [2530549.479, 1175361.53], [2530548.869, 1175361.93], [2530540.489, 1175349.49], [2530532.759, 1175354.671], [2530528.849, 1175348.871], [2530535.969, 1175344.081], [2530538.9390000002, 1175342.09], [2530547.4189999998, 1175336.39], [2530578.43, 1175382.199], [2530576.17, 1175383.739], [2530575.22, 1175382.319], [2530574.35, 1175382.909]]]}, "properties": {"OBJECTID": 46526932, "EGID": null, "NO_COM_FED": 5757, "GENRE_TXT": "b\u00e2timent s-sol"}}, {"type": "Feature", "id": 46526933, "geometry": {"type": "Polygon", "coordinates": [[[2531010.0810000002, 1176303.009], [2531005.491, 1176306.89], [2531003.5609999998, 1176304.6], [2531008.14, 1176300.729], [2531010.0810000002, 1176303.009]]]}, "properties": {"OBJECTID": 46526933, "EGID": null, "NO_COM_FED": 5757, "GENRE_TXT": "b\u00e2timent s-sol"}}, {"type": "Feature", "id": 46526934, "geometry": {"type": "Polygon", "coordinates": [[[2531013.951, 1176311.479], [2531009.341, 1176315.37], [2531007.421, 1176313.08], [2531012.031, 1176309.199], [2531013.951, 1176311.479]]]}, "properties": {"OBJECTID": 46526934, "EGID": null, "NO_COM_FED": 5757, "GENRE_TXT": "b\u00e2timent s-sol"}}, {"type": "Feature", "id": 46527049, "geometry": {"type": "Polygon", "coordinates": [[[2530939.611, 1176315.912], [2530934.991, 1176319.722], [2530933.071, 1176317.392], [2530937.68, 1176313.582], [2530939.611, 1176315.912]]]}, "properties": {"OBJECTID": 46527049, "EGID": null, "NO_COM_FED": 5757, "GENRE_TXT": "b\u00e2timent s-sol"}}, {"type": "Feature", "id": 46527438, "geometry": {"type": "Polygon", "coordinates": [[[2530957.719, 1176410.861], [2530957.462, 1176408.164], [2530962.829, 1176407.654], [2530963.634, 1176410.283], [2530957.719, 1176410.861]]]}, "properties": {"OBJECTID": 46527438, "EGID": null, "NO_COM_FED": 5757, "GENRE_TXT": "b\u00e2timent s-sol"}}, {"type": "Feature", "id": 46527761, "geometry": {"type": "Polygon", "coordinates": [[[2530706.946, 1175395.1570000001], [2530706.24, 1175380.305], [2530706.049, 1175376.509], [2530705.947, 1175374.454], [2530705.81, 1175371.795], [2530705.699, 1175369.717], [2530711.278, 1175369.42], [2530710.79, 1175360.265], [2530705.21, 1175360.535], [2530705.08, 1175358.665], [2530705.041, 1175358.132], [2530713.63, 1175356.265], [2530715.44, 1175355.895], [2530720.471, 1175354.763], [2530717.866, 1175334.114], [2530711.859, 1175335.375], [2530711.751, 1175334.385], [2530721.408, 1175332.311], [2530724.737, 1175353.526], [2530726.912, 1175353.475], [2530726.921, 1175353.651], [2530727.002, 1175355.187], [2530727.131, 1175357.604], [2530727.849, 1175371.064], [2530727.978, 1175373.481], [2530728.43, 1175381.945], [2530726.318, 1175382.08], [2530726.296, 1175382.411], [2530726.103411638, 1175383.5388485864], [2530725.7345909355, 1175384.6219478433], [2530725.1988519505, 1175385.6329455934], [2530724.5097240317, 1175386.5463104832], [2530723.6846101535, 1175387.338976743], [2530722.744347429, 1175387.9909266797], [2530721.712680896, 1175388.4856961973], [2530720.6156638693, 1175388.810790574], [2530719.481, 1175388.958], [2530712.663, 1175389.296], [2530711.7667754493, 1175389.3744350793], [2530710.89474091, 1175389.5956279107], [2530710.069484485, 1175389.953848989], [2530709.312382597, 1175390.439819398], [2530708.6430462766, 1175391.0409511616], [2530708.078813184, 1175391.7416733063], [2530707.6342985146, 1175392.5238351924], [2530707.321016427, 1175393.367176666], [2530707.1470817933, 1175394.2498528524], [2530707.117, 1175395.149], [2530706.946, 1175395.1570000001]]]}, "properties": {"OBJECTID": 46527761, "EGID": null, "NO_COM_FED": 5757, "GENRE_TXT": "b\u00e2timent s-sol"}}, {"type": "Feature", "id": 46527770, "geometry": {"type": "Polygon", "coordinates": [[[2530721.53, 1174870.917], [2530724.187, 1174879.908], [2530717.688, 1174882.567], [2530717.088120124, 1174883.6858492442], [2530716.3050333275, 1174884.6850762293], [2530715.3620008756, 1174885.5349993384], [2530714.2870351486, 1174886.2103719641], [2530713.112067551, 1174886.6911324472], [2530711.872, 1174886.963], [2530710.7621752494, 1174887.0231636986], [2530709.6559140645, 1174886.9158471634], [2530708.578346773, 1174886.6434882449], [2530707.55395188, 1174886.2122739712], [2530706.606, 1174885.632], [2530705.946, 1174885.869], [2530705.763, 1174885.434], [2530705.23, 1174885.659], [2530702.903, 1174880.134], [2530703.438, 1174879.909], [2530702.784, 1174878.356], [2530702.171, 1174877.298], [2530703.1890000002, 1174876.8], [2530700.931, 1174871.685], [2530698.545, 1174872.759], [2530696.593, 1174868.485], [2530699.043, 1174867.408], [2530697.88, 1174864.774], [2530698.304, 1174864.681], [2530698.259, 1174864.487], [2530703.531, 1174861.936], [2530703.427, 1174860.775], [2530709.485, 1174860.239], [2530712.914, 1174866.572], [2530715.863, 1174864.969], [2530717.604, 1174868.167], [2530719.359, 1174867.723], [2530720.286, 1174871.235], [2530721.53, 1174870.917]]]}, "properties": {"OBJECTID": 46527770, "EGID": null, "NO_COM_FED": 5757, "GENRE_TXT": "b\u00e2timent s-sol"}}, {"type": "Feature", "id": 46527851, "geometry": {"type": "Polygon", "coordinates": [[[2530924.728, 1175327.196], [2530934.0810000002, 1175348.844], [2530945.1689999998, 1175343.999], [2530946.333, 1175346.69], [2530942.034, 1175348.576], [2530941.038, 1175348.214], [2530940.74, 1175347.539], [2530935.086, 1175350.035], [2530937.688, 1175355.989], [2530931.796, 1175358.546], [2530929.023, 1175352.164], [2530929.911, 1175351.776], [2530920.14, 1175329.191], [2530924.728, 1175327.196]]]}, "properties": {"OBJECTID": 46527851, "EGID": null, "NO_COM_FED": 5757, "GENRE_TXT": "b\u00e2timent s-sol"}}, {"type": "Feature", "id": 46527933, "geometry": {"type": "Polygon", "coordinates": [[[2530786.834, 1176130.857], [2530792.5810000002, 1176129.042], [2530793.467, 1176131.912], [2530787.722, 1176133.721], [2530786.834, 1176130.857]]]}, "properties": {"OBJECTID": 46527933, "EGID": null, "NO_COM_FED": 5757, "GENRE_TXT": "b\u00e2timent s-sol"}}, {"type": "Feature", "id": 46527938, "geometry": {"type": "Polygon", "coordinates": [[[2530287.23, 1176207.096], [2530288.511, 1176215.854], [2530288.943, 1176218.81], [2530274.041, 1176220.976], [2530272.3310000002, 1176209.2719999999], [2530287.23, 1176207.096]]]}, "properties": {"OBJECTID": 46527938, "EGID": null, "NO_COM_FED": 5757, "GENRE_TXT": "b\u00e2timent s-sol"}}, {"type": "Feature", "id": 46527939, "geometry": {"type": "Polygon", "coordinates": [[[2530302.112, 1176204.924], [2530303.848, 1176216.643], [2530288.943, 1176218.81], [2530288.511, 1176215.854], [2530287.23, 1176207.096], [2530302.112, 1176204.924]]]}, "properties": {"OBJECTID": 46527939, "EGID": null, "NO_COM_FED": 5757, "GENRE_TXT": "b\u00e2timent s-sol"}}, {"type": "Feature", "id": 46527940, "geometry": {"type": "Polygon", "coordinates": [[[2530332.576, 1176217.179], [2530334.88, 1176233.001], [2530326.579, 1176234.21], [2530327.333, 1176239.328], [2530319.845, 1176240.462], [2530319.903, 1176240.859], [2530319.098, 1176240.976], [2530315.961, 1176219.608], [2530332.576, 1176217.179]]]}, "properties": {"OBJECTID": 46527940, "EGID": null, "NO_COM_FED": 5757, "GENRE_TXT": "b\u00e2timent s-sol"}}, {"type": "Feature", "id": 46527941, "geometry": {"type": "Polygon", "coordinates": [[[2530340.865, 1176272.369], [2530343.174, 1176288.205], [2530334.843, 1176289.426], [2530335.588, 1176294.538], [2530328.109, 1176295.628], [2530328.164, 1176296.014], [2530327.372, 1176296.127], [2530324.28, 1176274.845], [2530340.865, 1176272.369]]]}, "properties": {"OBJECTID": 46527941, "EGID": null, "NO_COM_FED": 5757, "GENRE_TXT": "b\u00e2timent s-sol"}}, {"type": "Feature", "id": 46527942, "geometry": {"type": "Polygon", "coordinates": [[[2530312.055, 1176248.899], [2530315.113, 1176269.754], [2530297.539, 1176272.329], [2530294.481, 1176251.477], [2530312.055, 1176248.899]]]}, "properties": {"OBJECTID": 46527942, "EGID": null, "NO_COM_FED": 5757, "GENRE_TXT": "b\u00e2timent s-sol"}}, {"type": "Feature", "id": 46527960, "geometry": {"type": "Polygon", "coordinates": [[[2530301.42, 1175792.172], [2530302.225, 1175790.956], [2530305.589, 1175793.132], [2530304.787, 1175794.371], [2530301.42, 1175792.172]]]}, "properties": {"OBJECTID": 46527960, "EGID": null, "NO_COM_FED": 5757, "GENRE_TXT": "b\u00e2timent s-sol"}}, {"type": "Feature", "id": 46527961, "geometry": {"type": "Polygon", "coordinates": [[[2530311.569, 1175798.779], [2530312.366, 1175797.56], [2530315.721, 1175799.7280000001], [2530314.924, 1175800.961], [2530311.569, 1175798.779]]]}, "properties": {"OBJECTID": 46527961, "EGID": null, "NO_COM_FED": 5757, "GENRE_TXT": "b\u00e2timent s-sol"}}, {"type": "Feature", "id": 46528331, "geometry": {"type": "Polygon", "coordinates": [[[2530321.747, 1175805.355], [2530329.239, 1175793.814], [2530322.472, 1175789.39], [2530322.157, 1175789.869], [2530318.778, 1175787.679], [2530319.091, 1175787.202], [2530312.312, 1175782.809], [2530312.002, 1175783.29], [2530308.594, 1175781.092], [2530308.902, 1175780.615], [2530302.119, 1175776.205], [2530294.609, 1175787.783], [2530291.652, 1175785.877], [2530299.964, 1175769.748], [2530305.094, 1175769.082], [2530346.225, 1175789.78], [2530361.051, 1175795.102], [2530360.855, 1175797.752], [2530352.913, 1175797.178], [2530352.894, 1175797.745], [2530348.857, 1175797.441], [2530348.9, 1175796.87], [2530340.797, 1175796.319], [2530339.816, 1175809.901], [2530327.494, 1175809.016], [2530321.747, 1175805.355]]]}, "properties": {"OBJECTID": 46528331, "EGID": null, "NO_COM_FED": 5757, "GENRE_TXT": "b\u00e2timent s-sol"}}, {"type": "Feature", "id": 46528332, "geometry": {"type": "Polygon", "coordinates": [[[2530347.918, 1175810.484], [2530348.027, 1175809.013], [2530352.028, 1175809.308], [2530351.92, 1175810.7719999999], [2530347.918, 1175810.484]]]}, "properties": {"OBJECTID": 46528332, "EGID": null, "NO_COM_FED": 5757, "GENRE_TXT": "b\u00e2timent s-sol"}}, {"type": "Feature", "id": 46528447, "geometry": {"type": "Polygon", "coordinates": [[[2530830.59, 1174573.32], [2530829.776, 1174567.323], [2530835.745, 1174566.512], [2530836.529, 1174572.558], [2530830.59, 1174573.32]]]}, "properties": {"OBJECTID": 46528447, "EGID": null, "NO_COM_FED": 5757, "GENRE_TXT": "b\u00e2timent s-sol"}}, {"type": "Feature", "id": 46528473, "geometry": {"type": "Polygon", "coordinates": [[[2530837.412, 1175458.462], [2530836.3, 1175452.873], [2530831.798, 1175453.769], [2530830.0640000002, 1175445.06], [2530840.026, 1175443.097], [2530840.678, 1175446.359], [2530839.994, 1175446.496], [2530841.534, 1175454.165], [2530842.22, 1175454.036], [2530842.887, 1175457.374], [2530837.412, 1175458.462]]]}, "properties": {"OBJECTID": 46528473, "EGID": null, "NO_COM_FED": 5757, "GENRE_TXT": "b\u00e2timent s-sol"}}, {"type": "Feature", "id": 46528474, "geometry": {"type": "Polygon", "coordinates": [[[2530841.085, 1175442.672], [2530840.504, 1175439.846], [2530841.692, 1175438.062], [2530840.587, 1175432.531], [2530838.832, 1175431.313], [2530838.234, 1175428.409], [2530850.298, 1175426.01], [2530853.015, 1175439.685], [2530853.182, 1175439.652], [2530853.303, 1175440.26], [2530841.085, 1175442.672]]]}, "properties": {"OBJECTID": 46528474, "EGID": null, "NO_COM_FED": 5757, "GENRE_TXT": "b\u00e2timent s-sol"}}, {"type": "Feature", "id": 46528510, "geometry": {"type": "Polygon", "coordinates": [[[2530818.04, 1174307.5], [2530813.054, 1174306.726], [2530813.957, 1174300.813], [2530819.932, 1174301.731], [2530819.853, 1174302.242], [2530819.099, 1174307.167], [2530819.022, 1174307.672], [2530818.04, 1174307.5]]]}, "properties": {"OBJECTID": 46528510, "EGID": null, "NO_COM_FED": 5757, "GENRE_TXT": "b\u00e2timent s-sol"}}, {"type": "Feature", "id": 46528796, "geometry": {"type": "Polygon", "coordinates": [[[2530879.049, 1175301.375], [2530887.973, 1175299.859], [2530888.469, 1175302.686], [2530879.563, 1175304.196], [2530879.049, 1175301.375]]]}, "properties": {"OBJECTID": 46528796, "EGID": null, "NO_COM_FED": 5757, "GENRE_TXT": "b\u00e2timent s-sol"}}, {"type": "Feature", "id": 46528877, "geometry": {"type": "Polygon", "coordinates": [[[2530914.06, 1175347.298], [2530906.716, 1175350.849], [2530905.557, 1175348.424], [2530912.891, 1175344.872], [2530914.06, 1175347.298]]]}, "properties": {"OBJECTID": 46528877, "EGID": null, "NO_COM_FED": 5757, "GENRE_TXT": "b\u00e2timent s-sol"}}, {"type": "Feature", "id": 46528919, "geometry": {"type": "Polygon", "coordinates": [[[2530748.574, 1174320.15], [2530748.599, 1174325.908], [2530747.864, 1174325.914], [2530747.845, 1174320.153], [2530748.574, 1174320.15]]]}, "properties": {"OBJECTID": 46528919, "EGID": null, "NO_COM_FED": 5757, "GENRE_TXT": "b\u00e2timent s-sol"}}, {"type": "Feature", "id": 46529502, "geometry": {"type": "Polygon", "coordinates": [[[2530876.907, 1174367.712], [2530877.94, 1174362.204], [2530883.512, 1174363.249], [2530882.492, 1174368.759], [2530876.907, 1174367.712]]]}, "properties": {"OBJECTID": 46529502, "EGID": null, "NO_COM_FED": 5757, "GENRE_TXT": "b\u00e2timent s-sol"}}, {"type": "Feature", "id": 46529726, "geometry": {"type": "Polygon", "coordinates": [[[2530203.385, 1175875.074], [2530203.145, 1175878.38], [2530194.59, 1175877.76], [2530194.83, 1175874.456], [2530203.385, 1175875.074]]]}, "properties": {"OBJECTID": 46529726, "EGID": null, "NO_COM_FED": 5757, "GENRE_TXT": "b\u00e2timent s-sol"}}, {"type": "Feature", "id": 46529727, "geometry": {"type": "Polygon", "coordinates": [[[2530188.374, 1175859.759], [2530187.922, 1175865.882], [2530184.354, 1175865.604], [2530183.685, 1175862.472], [2530183.905, 1175859.429], [2530188.374, 1175859.759]]]}, "properties": {"OBJECTID": 46529727, "EGID": null, "NO_COM_FED": 5757, "GENRE_TXT": "b\u00e2timent s-sol"}}, {"type": "Feature", "id": 46529728, "geometry": {"type": "Polygon", "coordinates": [[[2530208.236, 1175855.96], [2530207.989, 1175859.376], [2530202.548, 1175858.991], [2530202.52, 1175859.289], [2530194.13, 1175858.653], [2530194.15, 1175858.37], [2530188.7, 1175857.958], [2530188.947, 1175854.561], [2530208.236, 1175855.96]]]}, "properties": {"OBJECTID": 46529728, "EGID": null, "NO_COM_FED": 5757, "GENRE_TXT": "b\u00e2timent s-sol"}}, {"type": "Feature", "id": 46530565, "geometry": {"type": "Polygon", "coordinates": [[[2530433.671, 1174796.446], [2530439.762, 1174800.569], [2530441.194, 1174798.46], [2530441.88, 1174798.926], [2530442.406, 1174798.18], [2530445.692, 1174800.492], [2530442.108, 1174804.436], [2530426.978, 1174794.08], [2530434.941, 1174782.888], [2530439.72, 1174786.276], [2530434.428, 1174793.844], [2530435.111, 1174794.304], [2530433.671, 1174796.446]]]}, "properties": {"OBJECTID": 46530565, "EGID": null, "NO_COM_FED": 5757, "GENRE_TXT": "b\u00e2timent s-sol"}}, {"type": "Feature", "id": 46530566, "geometry": {"type": "Polygon", "coordinates": [[[2530673.36, 1174537.223], [2530674.12, 1174540.422], [2530668.612, 1174542.141], [2530668.521, 1174541.849], [2530666.461, 1174539.376], [2530673.36, 1174537.223]]]}, "properties": {"OBJECTID": 46530566, "EGID": null, "NO_COM_FED": 5757, "GENRE_TXT": "b\u00e2timent s-sol"}}, {"type": "Feature", "id": 46530567, "geometry": {"type": "Polygon", "coordinates": [[[2530692.021, 1174480.226], [2530691.611, 1174484.583], [2530687.916, 1174487.586], [2530685.382, 1174487.337], [2530686.197, 1174479.58], [2530692.021, 1174480.226]]]}, "properties": {"OBJECTID": 46530567, "EGID": null, "NO_COM_FED": 5757, "GENRE_TXT": "b\u00e2timent s-sol"}}, {"type": "Feature", "id": 46530568, "geometry": {"type": "Polygon", "coordinates": [[[2530631.099, 1174488.3429999999], [2530633.99, 1174490.075], [2530633.517, 1174490.865], [2530630.626, 1174489.132], [2530631.099, 1174488.3429999999]]]}, "properties": {"OBJECTID": 46530568, "EGID": null, "NO_COM_FED": 5757, "GENRE_TXT": "b\u00e2timent s-sol"}}, {"type": "Feature", "id": 46530569, "geometry": {"type": "Polygon", "coordinates": [[[2530885.084, 1174345.506], [2530884.813, 1174349.4679999999], [2530878.778, 1174349.067], [2530879.051, 1174345.092], [2530885.084, 1174345.506]]]}, "properties": {"OBJECTID": 46530569, "EGID": null, "NO_COM_FED": 5757, "GENRE_TXT": "b\u00e2timent s-sol"}}, {"type": "Feature", "id": 46530570, "geometry": {"type": "Polygon", "coordinates": [[[2530747.199, 1174469.888], [2530747.364, 1174482.046], [2530737.464, 1174482.146], [2530737.278, 1174463.631], [2530747.241, 1174463.471], [2530750.318, 1174460.309], [2530753.034, 1174462.952], [2530751.619, 1174464.402], [2530751.942, 1174464.715], [2530749.072, 1174467.675], [2530748.785, 1174467.3969999999], [2530748.479, 1174467.714], [2530747.199, 1174469.888]]]}, "properties": {"OBJECTID": 46530570, "EGID": null, "NO_COM_FED": 5757, "GENRE_TXT": "b\u00e2timent s-sol"}}, {"type": "Feature", "id": 46530571, "geometry": {"type": "Polygon", "coordinates": [[[2530157.302, 1174737.869], [2530156.976, 1174740.414], [2530152.204, 1174739.803], [2530152.53, 1174737.258], [2530157.302, 1174737.869]]]}, "properties": {"OBJECTID": 46530571, "EGID": null, "NO_COM_FED": 5757, "GENRE_TXT": "b\u00e2timent s-sol"}}, {"type": "Feature", "id": 46530572, "geometry": {"type": "Polygon", "coordinates": [[[2530286.825, 1174601.59], [2530286.982, 1174609.111], [2530285.635, 1174610.704], [2530282.48, 1174610.797], [2530282.266, 1174603.557], [2530282.231, 1174601.712], [2530286.825, 1174601.59]]]}, "properties": {"OBJECTID": 46530572, "EGID": null, "NO_COM_FED": 5757, "GENRE_TXT": "b\u00e2timent s-sol"}}, {"type": "Feature", "id": 46530573, "geometry": {"type": "Polygon", "coordinates": [[[2530575.643, 1174610.887], [2530572.221, 1174617.518], [2530569.605, 1174616.289], [2530573.112, 1174609.49], [2530575.643, 1174610.887]]]}, "properties": {"OBJECTID": 46530573, "EGID": null, "NO_COM_FED": 5757, "GENRE_TXT": "b\u00e2timent s-sol"}}, {"type": "Feature", "id": 46530831, "geometry": {"type": "Polygon", "coordinates": [[[2530843.37, 1175093.872], [2530844.645, 1175096.521], [2530840.441, 1175098.641], [2530840.605, 1175098.976], [2530838.981, 1175099.786], [2530837.185, 1175096.0320000001], [2530840.383, 1175090.01], [2530844.313, 1175092.098], [2530843.37, 1175093.872]]]}, "properties": {"OBJECTID": 46530831, "EGID": null, "NO_COM_FED": 5757, "GENRE_TXT": "b\u00e2timent s-sol"}}, {"type": "Feature", "id": 46530832, "geometry": {"type": "Polygon", "coordinates": [[[2530862.347, 1175118.75], [2530865.025, 1175122.951], [2530857.089, 1175126.841], [2530855.056, 1175122.692], [2530857.847, 1175121.333], [2530857.727, 1175121.083], [2530862.347, 1175118.75]]]}, "properties": {"OBJECTID": 46530832, "EGID": null, "NO_COM_FED": 5757, "GENRE_TXT": "b\u00e2timent s-sol"}}, {"type": "Feature", "id": 46530833, "geometry": {"type": "Polygon", "coordinates": [[[2530868.605, 1175133.04], [2530898.882, 1175180.54], [2530898.104, 1175182.356], [2530865.695, 1175188.608], [2530864.288, 1175189.496], [2530833.076, 1175140.544], [2530834.519, 1175137.911], [2530844.209, 1175133.159], [2530844.284, 1175133.313], [2530857.178, 1175127.024], [2530857.089, 1175126.841], [2530865.025, 1175122.951], [2530868.587, 1175128.538], [2530866.574, 1175129.854], [2530867.513, 1175131.327], [2530865.782, 1175132.426], [2530866.907, 1175134.142], [2530868.605, 1175133.04]]]}, "properties": {"OBJECTID": 46530833, "EGID": null, "NO_COM_FED": 5757, "GENRE_TXT": "b\u00e2timent s-sol"}}, {"type": "Feature", "id": 46531184, "geometry": {"type": "Polygon", "coordinates": [[[2530258.252, 1176116.519], [2530252.399, 1176076.569], [2530269.971, 1176073.987], [2530274.961, 1176108.048], [2530281.591, 1176107.077], [2530283.859, 1176108.766], [2530284.477, 1176113.736], [2530280.247, 1176114.268], [2530280.104, 1176113.29], [2530258.252, 1176116.519]]]}, "properties": {"OBJECTID": 46531184, "EGID": null, "NO_COM_FED": 5757, "GENRE_TXT": "b\u00e2timent s-sol"}}, {"type": "Feature", "id": 46531231, "geometry": {"type": "Polygon", "coordinates": [[[2530742.16, 1174337.803], [2530748.146, 1174338.05], [2530747.913, 1174344.14], [2530741.908, 1174343.889], [2530742.16, 1174337.803]]]}, "properties": {"OBJECTID": 46531231, "EGID": null, "NO_COM_FED": 5757, "GENRE_TXT": "b\u00e2timent s-sol"}}, {"type": "Feature", "id": 46531573, "geometry": {"type": "Polygon", "coordinates": [[[2530813.336, 1175975.351], [2530812.273, 1175970.87], [2530814.653, 1175970.317], [2530815.716, 1175974.769], [2530813.336, 1175975.351]]]}, "properties": {"OBJECTID": 46531573, "EGID": null, "NO_COM_FED": 5757, "GENRE_TXT": "b\u00e2timent s-sol"}}, {"type": "Feature", "id": 46531678, "geometry": {"type": "Polygon", "coordinates": [[[2530819.616, 1176021.911], [2530822.675, 1176030.739], [2530815.945, 1176033.045], [2530815.636, 1176032.219], [2530808.066, 1176034.825], [2530808.367, 1176035.693], [2530801.679, 1176038.013], [2530798.621, 1176029.186], [2530819.616, 1176021.911]]]}, "properties": {"OBJECTID": 46531678, "EGID": null, "NO_COM_FED": 5757, "GENRE_TXT": "b\u00e2timent s-sol"}}, {"type": "Feature", "id": 46531831, "geometry": {"type": "Polygon", "coordinates": [[[2530680.105, 1175806.845], [2530676.778, 1175803.99], [2530682.209, 1175797.547], [2530683.13, 1175798.299], [2530685.347, 1175795.687], [2530684.428, 1175794.913], [2530689.954, 1175788.356], [2530694.725, 1175792.455], [2530680.105, 1175806.845]]]}, "properties": {"OBJECTID": 46531831, "EGID": null, "NO_COM_FED": 5757, "GENRE_TXT": "b\u00e2timent s-sol"}}, {"type": "Feature", "id": 46533021, "geometry": {"type": "Polygon", "coordinates": [[[2530714.0439999998, 1175763.744], [2530712.085, 1175768.084], [2530710.475, 1175770.874], [2530707.335, 1175775.894], [2530706.415, 1175777.365], [2530701.235, 1175774.545], [2530704.635, 1175768.065], [2530705.635, 1175768.585], [2530707.135, 1175765.705], [2530706.154, 1175765.205], [2530709.514, 1175758.774], [2530714.984, 1175761.474], [2530714.0439999998, 1175763.744]]]}, "properties": {"OBJECTID": 46533021, "EGID": null, "NO_COM_FED": 5757, "GENRE_TXT": "b\u00e2timent s-sol"}}, {"type": "Feature", "id": 46533514, "geometry": {"type": "Polygon", "coordinates": [[[2530598.133, 1175084.401], [2530599.737, 1175070.883], [2530604.185, 1175069.905], [2530602.624, 1175083.299], [2530598.133, 1175084.401]]]}, "properties": {"OBJECTID": 46533514, "EGID": null, "NO_COM_FED": 5757, "GENRE_TXT": "b\u00e2timent s-sol"}}, {"type": "Feature", "id": 46533794, "geometry": {"type": "Polygon", "coordinates": [[[2530329.776, 1174405.859], [2530301.95, 1174414.12], [2530301.888, 1174413.913], [2530297.466, 1174415.222], [2530297.529, 1174415.432], [2530295.631, 1174415.996], [2530262.084, 1174425.993], [2530263.388, 1174430.337], [2530263.578, 1174430.974], [2530233.837, 1174439.847], [2530233.145, 1174437.528], [2530234, 1174437.275], [2530233.148, 1174434.418], [2530228.053, 1174435.925], [2530228.116, 1174436.128], [2530199.1689999998, 1174444.75], [2530192.71, 1174423.091], [2530219.737, 1174415.035], [2530221.843, 1174414.406], [2530222.537, 1174416.733], [2530222.353, 1174416.788], [2530223.188, 1174419.645], [2530228.355, 1174418.081], [2530228.303, 1174417.9070000001], [2530257.122, 1174409.311], [2530290.676, 1174399.303], [2530292.569, 1174398.738], [2530292.624, 1174398.924], [2530297.786, 1174397.396], [2530297.727, 1174397.2], [2530324.795, 1174389.127], [2530363.849, 1174377.483], [2530363.9, 1174377.652], [2530368.872, 1174376.179], [2530370.53, 1174381.679], [2530373.806, 1174392.662], [2530372.964, 1174392.912], [2530372.908, 1174392.729], [2530368.713, 1174393.975], [2530368.768, 1174394.159], [2530336.738, 1174403.678], [2530334.88, 1174404.265], [2530332.194, 1174405.074], [2530329.776, 1174405.859]]]}, "properties": {"OBJECTID": 46533794, "EGID": null, "NO_COM_FED": 5757, "GENRE_TXT": "b\u00e2timent s-sol"}}, {"type": "Feature", "id": 46534016, "geometry": {"type": "Polygon", "coordinates": [[[2530635.156, 1174749.672], [2530620.155, 1174764.722], [2530610.179, 1174754.785], [2530614.394, 1174750.557], [2530613.5439999998, 1174749.71], [2530619.036, 1174744.2], [2530619.886, 1174745.047], [2530625.181, 1174739.735], [2530635.156, 1174749.672]]]}, "properties": {"OBJECTID": 46534016, "EGID": null, "NO_COM_FED": 5757, "GENRE_TXT": "b\u00e2timent s-sol"}}, {"type": "Feature", "id": 46534188, "geometry": {"type": "Polygon", "coordinates": [[[2530983.845, 1174913.697], [2530972.3, 1174933.824], [2530961.588, 1174927.688], [2530967.301, 1174917.714], [2530967.638, 1174917.9070000001], [2530979.172, 1174897.825], [2530983.289, 1174901.617], [2530986.586, 1174899.646], [2530990.355, 1174903.159], [2530986.632, 1174909.659], [2530987.145, 1174911.546], [2531011.976, 1174925.77], [2531005.448, 1174937.166], [2531000.318, 1174934.229], [2530990.345, 1174951.639], [2530979.62, 1174945.497], [2530982.734, 1174940.062], [2530983.084, 1174940.262], [2530994.73, 1174919.927], [2530983.845, 1174913.697]]]}, "properties": {"OBJECTID": 46534188, "EGID": null, "NO_COM_FED": 5757, "GENRE_TXT": "b\u00e2timent s-sol"}}, {"type": "Feature", "id": 46534870, "geometry": {"type": "Polygon", "coordinates": [[[2530382.336, 1176255.241], [2530393.881, 1176253.548], [2530395.667, 1176265.551], [2530392.342, 1176266.021], [2530392.073, 1176264.188], [2530383.843, 1176265.398], [2530382.336, 1176255.241]]]}, "properties": {"OBJECTID": 46534870, "EGID": null, "NO_COM_FED": 5757, "GENRE_TXT": "b\u00e2timent s-sol"}}, {"type": "Feature", "id": 46534914, "geometry": {"type": "Polygon", "coordinates": [[[2530873.52, 1176262.953], [2530873.384, 1176262.17], [2530880.077, 1176261], [2530880.608, 1176264.038], [2530877.627, 1176264.559], [2530877.23, 1176262.293], [2530873.52, 1176262.953]]]}, "properties": {"OBJECTID": 46534914, "EGID": null, "NO_COM_FED": 5757, "GENRE_TXT": "b\u00e2timent s-sol"}}, {"type": "Feature", "id": 46535428, "geometry": {"type": "Polygon", "coordinates": [[[2530596.622, 1174559.235], [2530593.766, 1174557.317], [2530597.856, 1174557.404], [2530596.622, 1174559.235]]]}, "properties": {"OBJECTID": 46535428, "EGID": null, "NO_COM_FED": 5757, "GENRE_TXT": "b\u00e2timent s-sol"}}, {"type": "Feature", "id": 46535429, "geometry": {"type": "Polygon", "coordinates": [[[2530589.426, 1174564.519], [2530592.532, 1174566.606], [2530591.4390000002, 1174568.233], [2530590.675, 1174567.705], [2530588.974, 1174570.2], [2530586.622, 1174568.617], [2530589.426, 1174564.519]]]}, "properties": {"OBJECTID": 46535429, "EGID": null, "NO_COM_FED": 5757, "GENRE_TXT": "b\u00e2timent s-sol"}}, {"type": "Feature", "id": 46535430, "geometry": {"type": "Polygon", "coordinates": [[[2530596.139, 1174568.831], [2530600.739, 1174562], [2530602.248, 1174563.025], [2530598.142, 1174569.049], [2530596.838, 1174569.302], [2530596.139, 1174568.831]]]}, "properties": {"OBJECTID": 46535430, "EGID": null, "NO_COM_FED": 5757, "GENRE_TXT": "b\u00e2timent s-sol"}}, {"type": "Feature", "id": 46535512, "geometry": {"type": "Polygon", "coordinates": [[[2529895.021, 1175741.943], [2529896.319, 1175736.255], [2529900.684, 1175737.286], [2529899.391, 1175742.955], [2529895.021, 1175741.943]]]}, "properties": {"OBJECTID": 46535512, "EGID": null, "NO_COM_FED": 5757, "GENRE_TXT": "b\u00e2timent s-sol"}}, {"type": "Feature", "id": 46535746, "geometry": {"type": "Polygon", "coordinates": [[[2530593.384, 1174435.29], [2530597.22, 1174428.844], [2530602.287, 1174431.783], [2530601.987, 1174434.018], [2530601.591, 1174433.954], [2530601.266, 1174436.357], [2530593.384, 1174435.29]]]}, "properties": {"OBJECTID": 46535746, "EGID": null, "NO_COM_FED": 5757, "GENRE_TXT": "b\u00e2timent s-sol"}}, {"type": "Feature", "id": 46535804, "geometry": {"type": "Polygon", "coordinates": [[[2530403.843, 1174697.086], [2530408.605, 1174709.611], [2530402.345, 1174711.991], [2530396.713, 1174697.177], [2530392.182, 1174696.965], [2530389.243, 1174689.3], [2530394.591, 1174687.266], [2530399.288, 1174687.808], [2530398.777, 1174697.026], [2530399.433, 1174698.766], [2530403.843, 1174697.086]]]}, "properties": {"OBJECTID": 46535804, "EGID": null, "NO_COM_FED": 5757, "GENRE_TXT": "b\u00e2timent s-sol"}}, {"type": "Feature", "id": 46536233, "geometry": {"type": "Polygon", "coordinates": [[[2530827.752, 1174507.234], [2530828.876, 1174501.829], [2530836.016, 1174503.303], [2530834.896, 1174508.726], [2530827.752, 1174507.234]]]}, "properties": {"OBJECTID": 46536233, "EGID": null, "NO_COM_FED": 5757, "GENRE_TXT": "b\u00e2timent s-sol"}}, {"type": "Feature", "id": 46536234, "geometry": {"type": "Polygon", "coordinates": [[[2530828.876, 1174501.829], [2530830.001, 1174496.424], [2530833.63, 1174497.186], [2530833.72, 1174496.755], [2530837.218, 1174497.477], [2530836.016, 1174503.303], [2530828.876, 1174501.829]]]}, "properties": {"OBJECTID": 46536234, "EGID": null, "NO_COM_FED": 5757, "GENRE_TXT": "b\u00e2timent s-sol"}}, {"type": "Feature", "id": 46536389, "geometry": {"type": "Polygon", "coordinates": [[[2530425.389, 1174754.639], [2530426.441, 1174758.566], [2530424.875, 1174761.383], [2530419.118, 1174758.212], [2530418.661, 1174756.448], [2530425.389, 1174754.639]]]}, "properties": {"OBJECTID": 46536389, "EGID": null, "NO_COM_FED": 5757, "GENRE_TXT": "b\u00e2timent s-sol"}}, {"type": "Feature", "id": 46536390, "geometry": {"type": "Polygon", "coordinates": [[[2530415.673, 1174746.467], [2530418.371, 1174756.525], [2530415.976, 1174757.168], [2530413.277, 1174747.109], [2530415.673, 1174746.467]]]}, "properties": {"OBJECTID": 46536390, "EGID": null, "NO_COM_FED": 5757, "GENRE_TXT": "b\u00e2timent s-sol"}}, {"type": "Feature", "id": 46536391, "geometry": {"type": "Polygon", "coordinates": [[[2530417.502, 1174725.161], [2530420.829, 1174737.677], [2530413.819, 1174739.557], [2530410.469, 1174726.9780000001], [2530417.502, 1174725.161]]]}, "properties": {"OBJECTID": 46536391, "EGID": null, "NO_COM_FED": 5757, "GENRE_TXT": "b\u00e2timent s-sol"}}, {"type": "Feature", "id": 46537407, "geometry": {"type": "Polygon", "coordinates": [[[2530764.339, 1175980.764], [2530758.381, 1175984.758], [2530760.088, 1175987.921], [2530757.394, 1175989.354], [2530749.191, 1175995.54], [2530731.783, 1175972.459], [2530736.123, 1175969.186], [2530739.619, 1175973.828], [2530738.626, 1175974.568], [2530748.663, 1175987.87], [2530760.113, 1175979.225], [2530759.878, 1175978.913], [2530761.832, 1175977.44], [2530764.339, 1175980.764]]]}, "properties": {"OBJECTID": 46537407, "EGID": null, "NO_COM_FED": 5757, "GENRE_TXT": "b\u00e2timent s-sol"}}, {"type": "Feature", "id": 46537518, "geometry": {"type": "Polygon", "coordinates": [[[2530935.695, 1176105.9070000001], [2530937.5810000002, 1176109.47], [2530935.774, 1176110.364], [2530933.651, 1176106.406], [2530935.695, 1176105.9070000001]]]}, "properties": {"OBJECTID": 46537518, "EGID": null, "NO_COM_FED": 5757, "GENRE_TXT": "b\u00e2timent s-sol"}}, {"type": "Feature", "id": 46537617, "geometry": {"type": "Polygon", "coordinates": [[[2530826.248, 1176059.192], [2530831.4359999998, 1176074.492], [2530813.874, 1176080.451], [2530812.678, 1176076.926], [2530823.797, 1176073.154], [2530822.362, 1176068.919], [2530821.769, 1176069.11], [2530820.442, 1176065.287], [2530810.988, 1176068.492], [2530811.117, 1176068.871], [2530805.493, 1176070.778], [2530805.359, 1176070.401], [2530805.009, 1176070.52], [2530803.772, 1176066.823], [2530826.248, 1176059.192]]]}, "properties": {"OBJECTID": 46537617, "EGID": null, "NO_COM_FED": 5757, "GENRE_TXT": "b\u00e2timent s-sol"}}, {"type": "Feature", "id": 46537646, "geometry": {"type": "Polygon", "coordinates": [[[2530814.111, 1174283.168], [2530815.003, 1174277.285], [2530820.933, 1174278.2], [2530820.043, 1174284.067], [2530814.111, 1174283.168]]]}, "properties": {"OBJECTID": 46537646, "EGID": null, "NO_COM_FED": 5757, "GENRE_TXT": "b\u00e2timent s-sol"}}, {"type": "Feature", "id": 46538136, "geometry": {"type": "Polygon", "coordinates": [[[2530429.339, 1176302.017], [2530430.804, 1176325.217], [2530428.849, 1176325.35], [2530429.223, 1176331.319], [2530432.215, 1176331.131], [2530433.325095174, 1176331.1427329206], [2530434.420096039, 1176331.3255499396], [2530435.47379469, 1176331.6750754886], [2530436.4609717554, 1176332.1829439742], [2530437.358, 1176332.837], [2530438.1438053385, 1176333.6211351068], [2530438.799310636, 1176334.517054021], [2530439.308838482, 1176335.503329474], [2530439.660202741, 1176336.5563731831], [2530439.845, 1176337.651], [2530435.579, 1176337.88], [2530435.3881818117, 1176337.4063582174], [2530435.1248849477, 1176336.9688392116], [2530434.7957315245, 1176336.5784469182], [2530434.409, 1176336.245], [2530433.974262364, 1176335.9770179763], [2530433.502719862, 1176335.7809087066], [2530433.0061610765, 1176335.6615749313], [2530432.497, 1176335.622], [2530429.505, 1176335.81], [2530429.955, 1176342.981], [2530388.523, 1176345.577], [2530385.837, 1176302.776], [2530405.482, 1176301.552], [2530405.615, 1176303.487], [2530429.339, 1176302.017]]]}, "properties": {"OBJECTID": 46538136, "EGID": null, "NO_COM_FED": 5757, "GENRE_TXT": "b\u00e2timent s-sol"}}, {"type": "Feature", "id": 46538208, "geometry": {"type": "Polygon", "coordinates": [[[2531092.86, 1174798.606], [2531182.306, 1174823.455], [2531184.617, 1174850.308], [2531172.144, 1174851.337], [2531168.019, 1174866.191], [2531080.38, 1174841.8429999999], [2531072.457, 1174839.642], [2531073.768, 1174834.921], [2531063.385, 1174832.037], [2531046.62, 1174827.38], [2531028.411, 1174822.32], [2531011.645, 1174817.663], [2530993.435, 1174812.604], [2530976.67, 1174807.947], [2530990.106, 1174759.579], [2531006.871, 1174764.236], [2531025.082, 1174769.295], [2531041.848, 1174773.951], [2531060.057, 1174779.011], [2531076.822, 1174783.669], [2531095.5640000002, 1174788.875], [2531092.86, 1174798.606]]]}, "properties": {"OBJECTID": 46538208, "EGID": null, "NO_COM_FED": 5757, "GENRE_TXT": "b\u00e2timent s-sol"}}, {"type": "Feature", "id": 46538229, "geometry": {"type": "Polygon", "coordinates": [[[2530939.739, 1176122.588], [2530942.947, 1176136.254], [2530937.116, 1176137.618], [2530933.916, 1176123.961], [2530939.739, 1176122.588]]]}, "properties": {"OBJECTID": 46538229, "EGID": null, "NO_COM_FED": 5757, "GENRE_TXT": "b\u00e2timent s-sol"}}, {"type": "Feature", "id": 46538622, "geometry": {"type": "Polygon", "coordinates": [[[2530810.793, 1174946.042], [2530819.673, 1174958.792], [2530806.229, 1174966.821], [2530798.275, 1174953.517], [2530810.793, 1174946.042]]]}, "properties": {"OBJECTID": 46538622, "EGID": null, "NO_COM_FED": 5757, "GENRE_TXT": "b\u00e2timent s-sol"}}, {"type": "Feature", "id": 46538800, "geometry": {"type": "Polygon", "coordinates": [[[2530895.597, 1176015.194], [2530898.146, 1176027.443], [2530899.502, 1176027.155], [2530900.426, 1176031.548], [2530896.448, 1176032.385], [2530892.974, 1176015.768], [2530895.597, 1176015.194]]]}, "properties": {"OBJECTID": 46538800, "EGID": null, "NO_COM_FED": 5757, "GENRE_TXT": "b\u00e2timent s-sol"}}, {"type": "Feature", "id": 46538801, "geometry": {"type": "Polygon", "coordinates": [[[2530913.961, 1176024.856], [2530914.731, 1176028.587], [2530913.651, 1176028.817], [2530912.857, 1176025.084], [2530913.961, 1176024.856]]]}, "properties": {"OBJECTID": 46538801, "EGID": null, "NO_COM_FED": 5757, "GENRE_TXT": "b\u00e2timent s-sol"}}, {"type": "Feature", "id": 46538802, "geometry": {"type": "Polygon", "coordinates": [[[2530910.405, 1176003.788], [2530912.802, 1176008.553], [2530911.02, 1176009.455], [2530908.593, 1176004.666], [2530910.405, 1176003.788]]]}, "properties": {"OBJECTID": 46538802, "EGID": null, "NO_COM_FED": 5757, "GENRE_TXT": "b\u00e2timent s-sol"}}, {"type": "Feature", "id": 46538803, "geometry": {"type": "Polygon", "coordinates": [[[2530907.481, 1176003.01], [2530903.7, 1176004.929], [2530902.819, 1176003.194], [2530906.613, 1176001.293], [2530907.481, 1176003.01]]]}, "properties": {"OBJECTID": 46538803, "EGID": null, "NO_COM_FED": 5757, "GENRE_TXT": "b\u00e2timent s-sol"}}, {"type": "Feature", "id": 46538857, "geometry": {"type": "Polygon", "coordinates": [[[2530883.961, 1176146.178], [2530877.5439999998, 1176118.889], [2530884.678, 1176117.209], [2530891.1, 1176144.472], [2530883.961, 1176146.178]]]}, "properties": {"OBJECTID": 46538857, "EGID": null, "NO_COM_FED": 5757, "GENRE_TXT": "b\u00e2timent s-sol"}}, {"type": "Feature", "id": 46538898, "geometry": {"type": "Polygon", "coordinates": [[[2530653.183, 1175442.459], [2530658.631, 1175460.633], [2530661.735, 1175476.945], [2530658.089, 1175477.635], [2530655.063, 1175461.632], [2530649.615, 1175443.481], [2530653.183, 1175442.459]]]}, "properties": {"OBJECTID": 46538898, "EGID": null, "NO_COM_FED": 5757, "GENRE_TXT": "b\u00e2timent s-sol"}}, {"type": "Feature", "id": 46538942, "geometry": {"type": "Polygon", "coordinates": [[[2530847.066, 1175474.564], [2530851.17, 1175514.687], [2530834.8140000002, 1175516.358], [2530831.344, 1175482.184], [2530831.086, 1175482.21], [2530830.468, 1175476.242], [2530847.066, 1175474.564]]]}, "properties": {"OBJECTID": 46538942, "EGID": null, "NO_COM_FED": 5757, "GENRE_TXT": "b\u00e2timent s-sol"}}, {"type": "Feature", "id": 46539426, "geometry": {"type": "Polygon", "coordinates": [[[2530733.771, 1176012.852], [2530744.972, 1176056.001], [2530714.744, 1176063.848], [2530700.864, 1176010.38], [2530704.106, 1176009.538], [2530704.219, 1176009.974], [2530715.641, 1176007.009], [2530715.525, 1176006.564], [2530716.881, 1176006.212], [2530719.562, 1176016.54], [2530733.771, 1176012.852]]]}, "properties": {"OBJECTID": 46539426, "EGID": null, "NO_COM_FED": 5757, "GENRE_TXT": "b\u00e2timent s-sol"}}, {"type": "Feature", "id": 46539603, "geometry": {"type": "Polygon", "coordinates": [[[2530930.904, 1174818.56], [2530903.982, 1174874.543], [2530884.204, 1174865.1], [2530886.349, 1174858.416], [2530872.166, 1174852.267], [2530872.059, 1174852.514], [2530851.892, 1174843.7719999999], [2530861.065, 1174811.2179999999], [2530859.8449854366, 1174810.1728911158], [2530858.785823221, 1174808.9650568909], [2530857.909, 1174807.619], [2530857.296949016, 1174806.2389585671], [2530856.895349334, 1174804.783679055], [2530856.713002643, 1174803.2850562048], [2530856.753905358, 1174801.7759346953], [2530857.017161031, 1174800.2893892995], [2530857.497, 1174798.858], [2530857.955, 1174797.82], [2530865.026, 1174800.663], [2530869.609, 1174790.122], [2530874.269, 1174792.143], [2530874.376, 1174791.896], [2530883.6689999998, 1174795.965], [2530930.904, 1174818.56]]]}, "properties": {"OBJECTID": 46539603, "EGID": null, "NO_COM_FED": 5757, "GENRE_TXT": "b\u00e2timent s-sol"}}]}