{"type": "FeatureCollection", "crs": {"type": "name", "properties": {"name": "EPSG:2056"}}, "features": [{"type": "Feature", "id": 46390474, "geometry": {"type": "Polygon", "coordinates": [[[2566093.668, 1122565.661], [2566098.921, 1122552.388], [2566093.741, 1122550.358], [2566103.842, 1122524.787], [2566106.721, 1122517.498], [2566119.981, 1122522.538], [2566120.461, 1122522.738], [2566116.541, 1122533.939], [2566115.351, 1122537.299], [2566111.771, 1122557.439], [2566102.0810000002, 1122585.669], [2566103.301, 1122586.089], [2566101.911, 1122589.809], [2566100.871, 1122591.859], [2566097.211, 1122598.929], [2566082.791, 1122593.149], [2566093.668, 1122565.661]]]}, "properties": {"OBJECTID": 46390474, "EGID": 280000809, "NO_COM_FED": 5402, "GENRE_TXT": "b\u00e2timent"}}, {"type": "Feature", "id": 46484650, "geometry": {"type": "Polygon", "coordinates": [[[2566093.621, 1122737.419], [2566090.151, 1122746.639], [2566083.011, 1122743.919], [2566086.431, 1122734.729], [2566093.621, 1122737.419]]]}, "properties": {"OBJECTID": 46484650, "EGID": 9049087, "NO_COM_FED": 5402, "GENRE_TXT": "b\u00e2timent"}}, {"type": "Feature", "id": 46439404, "geometry": {"type": "Polygon", "coordinates": [[[2566274.856, 1121876.186], [2566275.096, 1121884.576], [2566270.876, 1121884.696], [2566270.916, 1121886.306], [2566268.486, 1121886.336], [2566266.966, 1121886.386], [2566266.907, 1121884.786], [2566264.207, 1121884.876], [2566263.957, 1121876.496], [2566274.856, 1121876.186]]]}, "properties": {"OBJECTID": 46439404, "EGID": 848916, "NO_COM_FED": 5402, "GENRE_TXT": "b\u00e2timent"}}, {"type": "Feature", "id": 46358573, "geometry": {"type": "Polygon", "coordinates": [[[2566313.839, 1122420.79], [2566311.408330614, 1122419.6611385348], [2566308.899, 1122418.72], [2566304.109349278, 1122417.3140903919], [2566299.239, 1122416.22], [2566293.89, 1122415.51], [2566296.7, 1122409.8], [2566299.25, 1122404.07], [2566301.53, 1122398.33], [2566303.58, 1122392.38], [2566306.67, 1122394.22], [2566308.345324389, 1122394.9441195151], [2566310.09, 1122395.48], [2566313.6689999998, 1122396.17], [2566315.449, 1122396.271], [2566317.229, 1122396.17], [2566316.049, 1122402.22], [2566315.1689999998, 1122408.41], [2566314.409, 1122414.54], [2566313.839, 1122420.79]]]}, "properties": {"OBJECTID": 46358573, "EGID": 280003783, "NO_COM_FED": 5402, "GENRE_TXT": "b\u00e2timent"}}, {"type": "Feature", "id": 46448509, "geometry": {"type": "Polygon", "coordinates": [[[2566330.493, 1122089.488], [2566340.113, 1122092.148], [2566331.59, 1122124.063], [2566329.867, 1122123.641], [2566329.148, 1122126.579], [2566332.346, 1122127.361], [2566331.376, 1122131.33], [2566319.918, 1122128.325], [2566330.493, 1122089.488]]]}, "properties": {"OBJECTID": 46448509, "EGID": 280005574, "NO_COM_FED": 5402, "GENRE_TXT": "b\u00e2timent"}}, {"type": "Feature", "id": 46387166, "geometry": {"type": "Polygon", "coordinates": [[[2566343.371, 1122259.099], [2566344.181, 1122256.209], [2566340.821, 1122255.339], [2566340.911, 1122255.059], [2566326.191, 1122251.199], [2566331.291, 1122231.329], [2566323.1689999998, 1122229.451], [2566325.87, 1122218.751], [2566337.53, 1122221.693], [2566334.961, 1122232.279], [2566345.271, 1122234.949], [2566347.219, 1122226.941], [2566359.199, 1122229.997], [2566355.925, 1122242.863], [2566355.17, 1122242.667], [2566352.31, 1122253.706], [2566353.085, 1122254.339], [2566352.255, 1122257.49], [2566351.357, 1122257.6469999999], [2566348.465, 1122269.054], [2566334.801, 1122265.59], [2566336.886, 1122257.539], [2566340.045, 1122258.338], [2566340.071, 1122258.239], [2566343.371, 1122259.099]]]}, "properties": {"OBJECTID": 46387166, "EGID": 849242, "NO_COM_FED": 5402, "GENRE_TXT": "b\u00e2timent"}}, {"type": "Feature", "id": 46443959, "geometry": {"type": "Polygon", "coordinates": [[[2566374.943, 1121996.498], [2566371.083, 1122014.9780000001], [2566365.073, 1122013.428], [2566368.793, 1121995.318], [2566374.943, 1121996.498]]]}, "properties": {"OBJECTID": 46443959, "EGID": 280011686, "NO_COM_FED": 5402, "GENRE_TXT": "b\u00e2timent"}}, {"type": "Feature", "id": 46383123, "geometry": {"type": "Polygon", "coordinates": [[[2566362.888, 1122452.671], [2566351.758, 1122450.84], [2566352.588, 1122445.58], [2566352.048, 1122445.49], [2566351.238, 1122444.31], [2566351.678, 1122441.58], [2566352.758, 1122440.81], [2566353.408, 1122440.9], [2566354.928, 1122431.08], [2566354.368, 1122430.98], [2566353.498, 1122429.89], [2566354.008, 1122427.14], [2566354.998, 1122426.45], [2566355.658, 1122426.55], [2566356.418, 1122421.26], [2566363.858, 1122422.42], [2566367.598, 1122422.98], [2566366.598, 1122428.94], [2566368.358, 1122429.3], [2566367.838, 1122432.57], [2566366.078, 1122432.26], [2566364.298, 1122443.391], [2566366.088, 1122443.701], [2566365.588, 1122446.941], [2566363.788, 1122446.671], [2566362.888, 1122452.671]]]}, "properties": {"OBJECTID": 46383123, "EGID": 3161117, "NO_COM_FED": 5402, "GENRE_TXT": "b\u00e2timent"}}, {"type": "Feature", "id": 46509589, "geometry": {"type": "Polygon", "coordinates": [[[2566404.365, 1121995.567], [2566417.524, 1121998.268], [2566413.472, 1122018.009], [2566400.323, 1122015.308], [2566404.365, 1121995.567]]]}, "properties": {"OBJECTID": 46509589, "EGID": 9019080, "NO_COM_FED": 5402, "GENRE_TXT": "b\u00e2timent"}}, {"type": "Feature", "id": 46287207, "geometry": {"type": "Polygon", "coordinates": [[[2566404.365, 1121995.567], [2566408.394, 1121975.824], [2566421.575, 1121978.53], [2566417.524, 1121998.268], [2566404.365, 1121995.567]]]}, "properties": {"OBJECTID": 46287207, "EGID": 9080064, "NO_COM_FED": 5402, "GENRE_TXT": "b\u00e2timent"}}, {"type": "Feature", "id": 46398981, "geometry": {"type": "Polygon", "coordinates": [[[2566393.899, 1122305.58], [2566390.872, 1122314.954], [2566381.399, 1122311.93], [2566384.409, 1122302.53], [2566393.899, 1122305.58]]]}, "properties": {"OBJECTID": 46398981, "EGID": 849243, "NO_COM_FED": 5402, "GENRE_TXT": "b\u00e2timent"}}, {"type": "Feature", "id": 46433085, "geometry": {"type": "Polygon", "coordinates": [[[2566407.047, 1122427.891], [2566401.578, 1122425.521], [2566400.828, 1122427.231], [2566397.758, 1122425.941], [2566398.508, 1122424.251], [2566388.138, 1122419.841], [2566387.468, 1122421.521], [2566384.378, 1122420.221], [2566385.078, 1122418.561], [2566379.598, 1122416.221], [2566380.978, 1122412.791], [2566383.868, 1122405.891], [2566388.778, 1122407.991], [2566389.008, 1122407.441], [2566390.198, 1122406.991], [2566392.818, 1122408.111], [2566393.228, 1122409.291], [2566393.028, 1122409.771], [2566402.248, 1122413.691], [2566402.478, 1122413.211], [2566403.608, 1122412.681], [2566406.258, 1122413.791], [2566406.708, 1122414.971], [2566406.508, 1122415.441], [2566411.398, 1122417.541], [2566407.047, 1122427.891]]]}, "properties": {"OBJECTID": 46433085, "EGID": 3161116, "NO_COM_FED": 5402, "GENRE_TXT": "b\u00e2timent"}}, {"type": "Feature", "id": 46361116, "geometry": {"type": "Polygon", "coordinates": [[[2566433.371, 1122087.799], [2566435.571, 1122079.879], [2566446.5810000002, 1122082.949], [2566445.881, 1122085.489], [2566444.681, 1122085.139], [2566442.431, 1122093.259], [2566436.981, 1122091.779], [2566436.161, 1122090.489], [2566433.891, 1122089.809], [2566434.321, 1122088.129], [2566433.371, 1122087.799]]]}, "properties": {"OBJECTID": 46361116, "EGID": 849104, "NO_COM_FED": 5402, "GENRE_TXT": "b\u00e2timent"}}, {"type": "Feature", "id": 46393009, "geometry": {"type": "Polygon", "coordinates": [[[2566431.558, 1122250.52], [2566441.373, 1122253.659], [2566439.302, 1122260.261], [2566429.455, 1122257.107], [2566431.558, 1122250.52]]]}, "properties": {"OBJECTID": 46393009, "EGID": 280088773, "NO_COM_FED": 5402, "GENRE_TXT": "b\u00e2timent"}}, {"type": "Feature", "id": 46473743, "geometry": {"type": "Polygon", "coordinates": [[[2566435.323, 1122730.043], [2566453.495, 1122742.808], [2566445.235, 1122754.579], [2566427.06, 1122741.81], [2566435.323, 1122730.043]]]}, "properties": {"OBJECTID": 46473743, "EGID": 280119870, "NO_COM_FED": 5402, "GENRE_TXT": "b\u00e2timent"}}, {"type": "Feature", "id": 46441836, "geometry": {"type": "Polygon", "coordinates": [[[2566497.882, 1121943.499], [2566497.732, 1121943.859], [2566505.042, 1121946.249], [2566500.432, 1121960.979], [2566470.032, 1121951.299], [2566474.782, 1121936.409], [2566485.512, 1121939.919], [2566485.612, 1121939.579], [2566497.882, 1121943.499]]]}, "properties": {"OBJECTID": 46441836, "EGID": 280002980, "NO_COM_FED": 5402, "GENRE_TXT": "b\u00e2timent"}}, {"type": "Feature", "id": 46381604, "geometry": {"type": "Polygon", "coordinates": [[[2566452.818, 1122154.144], [2566456.993, 1122139.69], [2566481.01, 1122146.627], [2566476.856, 1122161.06], [2566452.818, 1122154.144]]]}, "properties": {"OBJECTID": 46381604, "EGID": 280056180, "NO_COM_FED": 5402, "GENRE_TXT": "b\u00e2timent"}}, {"type": "Feature", "id": 46295566, "geometry": {"type": "Polygon", "coordinates": [[[2566496.8109999998, 1122250.702], [2566491.136, 1122248.942], [2566488.426, 1122248.101], [2566482.751, 1122246.341], [2566480.073, 1122245.51], [2566474.372, 1122243.742], [2566471.671, 1122242.904], [2566465.93, 1122241.123], [2566470.32, 1122226.81], [2566504.515, 1122237.448], [2566500.077, 1122251.715], [2566496.8109999998, 1122250.702]]]}, "properties": {"OBJECTID": 46295566, "EGID": 280139342, "NO_COM_FED": 5402, "GENRE_TXT": "b\u00e2timent"}}, {"type": "Feature", "id": 46481142, "geometry": {"type": "Polygon", "coordinates": [[[2566491.987, 1122640.092], [2566491.267, 1122641.092], [2566499.068, 1122646.552], [2566499.818, 1122645.512], [2566506.128, 1122650.0219999999], [2566505.448, 1122650.962], [2566513.278, 1122656.472], [2566513.998, 1122655.462], [2566517.398, 1122657.912], [2566510.808, 1122667.202], [2566504.978, 1122663.212], [2566504.328, 1122664.182], [2566487.028, 1122652.202], [2566487.768, 1122651.192], [2566482.008, 1122647.172], [2566488.637, 1122637.732], [2566491.987, 1122640.092]]]}, "properties": {"OBJECTID": 46481142, "EGID": 849205, "NO_COM_FED": 5402, "GENRE_TXT": "b\u00e2timent"}}, {"type": "Feature", "id": 46288803, "geometry": {"type": "Polygon", "coordinates": [[[2566469.78, 1122730.791], [2566467.8310000002, 1122733.501], [2566462.41, 1122729.711], [2566464.32, 1122726.961], [2566469.78, 1122730.791]]]}, "properties": {"OBJECTID": 46288803, "EGID": 280038675, "NO_COM_FED": 5402, "GENRE_TXT": "b\u00e2timent"}}, {"type": "Feature", "id": 46324962, "geometry": {"type": "Polygon", "coordinates": [[[2566496.968, 1121876.271], [2566503.462, 1121876.813], [2566502.921, 1121883.333], [2566496.442, 1121882.751], [2566496.968, 1121876.271]]]}, "properties": {"OBJECTID": 46324962, "EGID": 280069272, "NO_COM_FED": 5402, "GENRE_TXT": "b\u00e2timent"}}, {"type": "Feature", "id": 46298653, "geometry": {"type": "Polygon", "coordinates": [[[2566509.695, 1122468.162], [2566505.205, 1122477.572], [2566501.635, 1122475.862], [2566501.555, 1122476.032], [2566499.165, 1122474.872], [2566499.265, 1122474.692], [2566496.325, 1122473.342], [2566498.285, 1122469.312], [2566496.975, 1122468.682], [2566499.025, 1122464.412], [2566505.175, 1122467.322], [2566505.695, 1122466.222], [2566509.695, 1122468.162]]]}, "properties": {"OBJECTID": 46298653, "EGID": 849186, "NO_COM_FED": 5402, "GENRE_TXT": "b\u00e2timent"}}, {"type": "Feature", "id": 46387982, "geometry": {"type": "Polygon", "coordinates": [[[2566584.933, 1122522.333], [2566580.003, 1122519.833], [2566581.873, 1122516.173], [2566583.243, 1122516.903], [2566585.273, 1122512.963], [2566584.403, 1122512.543], [2566585.613, 1122510.233], [2566586.463, 1122510.643], [2566588.523, 1122506.6030000001], [2566592.053, 1122508.393], [2566584.933, 1122522.333]]]}, "properties": {"OBJECTID": 46387982, "EGID": 280126651, "NO_COM_FED": 5402, "GENRE_TXT": "b\u00e2timent"}}, {"type": "Feature", "id": 46407799, "geometry": {"type": "Polygon", "coordinates": [[[2566590.898, 1122659.492], [2566598.628, 1122652.742], [2566607.868, 1122663.222], [2566600.108, 1122670.112], [2566590.898, 1122659.492]]]}, "properties": {"OBJECTID": 46407799, "EGID": 280009909, "NO_COM_FED": 5402, "GENRE_TXT": "b\u00e2timent"}}, {"type": "Feature", "id": 46526692, "geometry": {"type": "Polygon", "coordinates": [[[2566626.198, 1122146.592], [2566614.167, 1122186.13], [2566603.12, 1122182.768], [2566611.583, 1122154.954], [2566605.31, 1122154.515], [2566609.282, 1122141.465], [2566626.198, 1122146.592]]]}, "properties": {"OBJECTID": 46526692, "EGID": null, "NO_COM_FED": 5402, "GENRE_TXT": "b\u00e2timent s-sol"}}, {"type": "Feature", "id": 46356722, "geometry": {"type": "Polygon", "coordinates": [[[2566612.678, 1122264.136], [2566614.43, 1122258.567], [2566616.657, 1122259.257], [2566620.322, 1122247.425], [2566618.0810000002, 1122246.731], [2566620.233, 1122239.802], [2566620.751, 1122238.135], [2566622.985, 1122238.826], [2566625.645, 1122230.241], [2566623.43, 1122229.555], [2566625.159, 1122223.952], [2566627.379, 1122224.642], [2566628.0640000002, 1122222.43], [2566637.121, 1122225.227], [2566636.43, 1122227.453], [2566642.992, 1122229.492], [2566641.269, 1122235.101], [2566639.018, 1122234.402], [2566636.356, 1122242.9780000001], [2566635.761, 1122244.892], [2566634.015, 1122250.518], [2566636.266, 1122251.218], [2566634.597, 1122256.574], [2566632.352, 1122255.877], [2566630.01, 1122263.423], [2566632.257, 1122264.12], [2566630.521, 1122269.699], [2566612.678, 1122264.136]]]}, "properties": {"OBJECTID": 46356722, "EGID": 280091906, "NO_COM_FED": 5402, "GENRE_TXT": "b\u00e2timent"}}, {"type": "Feature", "id": 46335830, "geometry": {"type": "Polygon", "coordinates": [[[2566664.79, 1121867.96], [2566660.41, 1121866.72], [2566661.39, 1121863.58], [2566652.77, 1121862.33], [2566654.39, 1121856.21], [2566663.38, 1121857.41], [2566663.55, 1121856.81], [2566667.62, 1121858.04], [2566664.79, 1121867.96]]]}, "properties": {"OBJECTID": 46335830, "EGID": 849037, "NO_COM_FED": 5402, "GENRE_TXT": "b\u00e2timent"}}, {"type": "Feature", "id": 46420237, "geometry": {"type": "Polygon", "coordinates": [[[2566643.849, 1121997.88], [2566639.552, 1121995.095], [2566641.774, 1121991.66], [2566645.091, 1121993.805], [2566643.849, 1121997.88]]]}, "properties": {"OBJECTID": 46420237, "EGID": 280102640, "NO_COM_FED": 5402, "GENRE_TXT": "b\u00e2timent"}}, {"type": "Feature", "id": 46466496, "geometry": {"type": "Polygon", "coordinates": [[[2566645.243, 1122140.343], [2566639.317, 1122138.546], [2566642.757, 1122127.285], [2566648.658, 1122129.074], [2566645.243, 1122140.343]]]}, "properties": {"OBJECTID": 46466496, "EGID": 280094350, "NO_COM_FED": 5402, "GENRE_TXT": "b\u00e2timent"}}, {"type": "Feature", "id": 46402294, "geometry": {"type": "Polygon", "coordinates": [[[2566643.519, 1122169.875], [2566646.9359999998, 1122158.6], [2566652.84, 1122160.39], [2566651.088, 1122166.181], [2566649.429, 1122171.668], [2566643.519, 1122169.875]]]}, "properties": {"OBJECTID": 46402294, "EGID": 280094468, "NO_COM_FED": 5402, "GENRE_TXT": "b\u00e2timent"}}, {"type": "Feature", "id": 46286888, "geometry": {"type": "Polygon", "coordinates": [[[2566696.203, 1122031.192], [2566687.259, 1122028.05], [2566688.9359999998, 1122023.306], [2566690.21, 1122022.697], [2566691.872, 1122017.99], [2566699.864, 1122020.813], [2566698.229, 1122025.448], [2566698.062, 1122025.921], [2566696.203, 1122031.192]]]}, "properties": {"OBJECTID": 46286888, "EGID": 280056178, "NO_COM_FED": 5402, "GENRE_TXT": "b\u00e2timent"}}, {"type": "Feature", "id": 46317933, "geometry": {"type": "Polygon", "coordinates": [[[2566718.463, 1122328.643], [2566714.963, 1122340.694], [2566709.443, 1122339.073], [2566709.613, 1122338.583], [2566707.383, 1122337.923], [2566708.454, 1122334.343], [2566703.844, 1122333.003], [2566705.8140000002, 1122326.253], [2566711.474, 1122327.923], [2566711.8140000002, 1122326.703], [2566718.463, 1122328.643]]]}, "properties": {"OBJECTID": 46317933, "EGID": 849063, "NO_COM_FED": 5402, "GENRE_TXT": "b\u00e2timent"}}, {"type": "Feature", "id": 46486840, "geometry": {"type": "Polygon", "coordinates": [[[2566696.173, 1122378.064], [2566704.763, 1122380.724], [2566704.253, 1122382.374], [2566703.513, 1122382.764], [2566703.073, 1122384.194], [2566703.463, 1122384.924], [2566701.743, 1122390.454], [2566694.403, 1122388.174], [2566695.413, 1122384.914], [2566694.163, 1122384.534], [2566696.173, 1122378.064]]]}, "properties": {"OBJECTID": 46486840, "EGID": 3161017, "NO_COM_FED": 5402, "GENRE_TXT": "b\u00e2timent"}}, {"type": "Feature", "id": 46486421, "geometry": {"type": "Polygon", "coordinates": [[[2566704.9560000002, 1122594.223], [2566700.496, 1122587.453], [2566707.535, 1122582.883], [2566711.996, 1122589.6030000001], [2566718.336, 1122585.363], [2566722.566, 1122591.643], [2566718.386, 1122594.433], [2566729.106, 1122610.833], [2566719.677, 1122616.973], [2566704.806, 1122594.303], [2566704.9560000002, 1122594.223]]]}, "properties": {"OBJECTID": 46486421, "EGID": 849211, "NO_COM_FED": 5402, "GENRE_TXT": "b\u00e2timent"}}, {"type": "Feature", "id": 46317144, "geometry": {"type": "Polygon", "coordinates": [[[2566726.393, 1122027.778], [2566729.0439999998, 1122020.318], [2566738.489, 1122023.668], [2566735.845, 1122031.112], [2566726.393, 1122027.778]]]}, "properties": {"OBJECTID": 46317144, "EGID": 280100669, "NO_COM_FED": 5402, "GENRE_TXT": "b\u00e2timent"}}, {"type": "Feature", "id": 46343053, "geometry": {"type": "Polygon", "coordinates": [[[2566753.731, 1122449.245], [2566762.281, 1122461.495], [2566780.181, 1122449.095], [2566786.031, 1122457.395], [2566768.232, 1122469.735], [2566768.772, 1122470.535], [2566745.672, 1122486.684], [2566745.112, 1122485.894], [2566738.632, 1122490.404], [2566733.882, 1122483.744], [2566740.422, 1122479.194], [2566739.862, 1122478.464], [2566752.742, 1122469.465], [2566750.842, 1122466.775], [2566752.751, 1122465.485], [2566745.431, 1122455.064], [2566753.731, 1122449.245]]]}, "properties": {"OBJECTID": 46343053, "EGID": 849148, "NO_COM_FED": 5402, "GENRE_TXT": "b\u00e2timent"}}, {"type": "Feature", "id": 46437643, "geometry": {"type": "Polygon", "coordinates": [[[2566740.154, 1122546.944], [2566735.584, 1122537.444], [2566740.2939999998, 1122535.154], [2566739.094, 1122532.624], [2566744.594, 1122530.114], [2566745.874, 1122532.684], [2566746.494, 1122532.344], [2566748.634, 1122536.814], [2566749.104, 1122536.584], [2566751.534, 1122541.664], [2566747.214, 1122543.664], [2566747.424, 1122544.114], [2566744.154, 1122545.674], [2566743.954, 1122545.214], [2566740.154, 1122546.944]]]}, "properties": {"OBJECTID": 46437643, "EGID": 849221, "NO_COM_FED": 5402, "GENRE_TXT": "b\u00e2timent"}}, {"type": "Feature", "id": 46514943, "geometry": {"type": "Polygon", "coordinates": [[[2566746.259, 1122693.773], [2566733.319, 1122701.443], [2566722.069, 1122682.743], [2566732.539, 1122676.483], [2566734.399, 1122679.583], [2566739.719, 1122688.443], [2566743.929, 1122685.973], [2566744.659, 1122687.183], [2566742.909, 1122688.233], [2566746.259, 1122693.773]]]}, "properties": {"OBJECTID": 46514943, "EGID": null, "NO_COM_FED": 5402, "GENRE_TXT": "b\u00e2timent s-sol"}}, {"type": "Feature", "id": 46380609, "geometry": {"type": "Polygon", "coordinates": [[[2566777.934, 1122187.193], [2566775.644, 1122186.543], [2566776.3140000002, 1122184.203], [2566778.594, 1122184.8530000001], [2566777.934, 1122187.193]]]}, "properties": {"OBJECTID": 46380609, "EGID": 280117485, "NO_COM_FED": 5402, "GENRE_TXT": "b\u00e2timent"}}, {"type": "Feature", "id": 46497128, "geometry": {"type": "Polygon", "coordinates": [[[2566798.164, 1122177.213], [2566796.674, 1122183.573], [2566797.984, 1122183.913], [2566797.264, 1122186.883], [2566787.534, 1122184.6030000001], [2566789.7939999998, 1122175.063], [2566798.164, 1122177.213]]]}, "properties": {"OBJECTID": 46497128, "EGID": 849077, "NO_COM_FED": 5402, "GENRE_TXT": "b\u00e2timent"}}, {"type": "Feature", "id": 46283854, "geometry": {"type": "Polygon", "coordinates": [[[2566811.79, 1122362.8969999999], [2566810.531, 1122362.575], [2566811.481, 1122358.865], [2566810.271, 1122358.595], [2566811.612, 1122353.635], [2566812.732, 1122353.885], [2566813.702, 1122350.215], [2566821.951, 1122352.345], [2566821.031, 1122355.965], [2566818.8109999998, 1122364.695], [2566811.79, 1122362.8969999999]]]}, "properties": {"OBJECTID": 46283854, "EGID": 849090, "NO_COM_FED": 5402, "GENRE_TXT": "b\u00e2timent"}}, {"type": "Feature", "id": 46324290, "geometry": {"type": "Polygon", "coordinates": [[[2566794.732, 1122491.745], [2566801.813, 1122501.985], [2566797.261, 1122505.089], [2566803.305, 1122513.858], [2566802.002, 1122514.73], [2566811.524, 1122528.644], [2566811.004, 1122529.014], [2566811.994, 1122530.514], [2566811.784, 1122531.904], [2566809.2939999998, 1122533.614], [2566808.034, 1122533.314], [2566806.984, 1122531.764], [2566804.874, 1122533.164], [2566782.623, 1122500.634], [2566783.903, 1122499.744], [2566783.643, 1122499.334], [2566794.732, 1122491.745]]]}, "properties": {"OBJECTID": 46324290, "EGID": 849165, "NO_COM_FED": 5402, "GENRE_TXT": "b\u00e2timent"}}, {"type": "Feature", "id": 46426973, "geometry": {"type": "Polygon", "coordinates": [[[2566821.493, 1122198.234], [2566821.233, 1122190.224], [2566824.953, 1122190.094], [2566825.603, 1122189.384], [2566827.813, 1122189.314], [2566828.513, 1122189.974], [2566832.233, 1122189.874], [2566832.493, 1122197.864], [2566821.493, 1122198.234]]]}, "properties": {"OBJECTID": 46426973, "EGID": 3161019, "NO_COM_FED": 5402, "GENRE_TXT": "b\u00e2timent"}}, {"type": "Feature", "id": 46381829, "geometry": {"type": "Polygon", "coordinates": [[[2566073.323, 1122230.66], [2566075.611, 1122225.102], [2566103.369, 1122236.599], [2566097.597, 1122250.443], [2566088.55, 1122246.695], [2566087.02, 1122250.396], [2566074.087, 1122245.052], [2566075.623, 1122241.347], [2566069.897, 1122238.981], [2566073.323, 1122230.66]]]}, "properties": {"OBJECTID": 46381829, "EGID": 280100393, "NO_COM_FED": 5402, "GENRE_TXT": "b\u00e2timent"}}, {"type": "Feature", "id": 46439139, "geometry": {"type": "Polygon", "coordinates": [[[2566142.587, 1122053.336], [2566143.017, 1122052.186], [2566148.366, 1122054.196], [2566147.9359999998, 1122055.346], [2566150.666, 1122056.366], [2566155.846, 1122042.586], [2566155.746, 1122042.556], [2566155.886, 1122042.176], [2566156.376, 1122042.366], [2566156.336, 1122042.466], [2566167.516, 1122046.696], [2566167.556, 1122046.586], [2566168.046, 1122046.776], [2566167.906, 1122047.146], [2566167.806, 1122047.106], [2566139.816, 1122121.656], [2566139.916, 1122121.686], [2566139.766, 1122122.066], [2566127.596, 1122117.496], [2566127.736, 1122117.116], [2566127.836, 1122117.156], [2566138.216, 1122089.516], [2566137.306, 1122089.176], [2566137.526, 1122088.606], [2566138.4359999998, 1122088.946], [2566145.256, 1122070.796], [2566144.346, 1122070.456], [2566144.556, 1122069.876], [2566145.466, 1122070.226], [2566147.046, 1122066.006], [2566137.587, 1122062.456], [2566141.207, 1122052.816], [2566142.587, 1122053.336]]]}, "properties": {"OBJECTID": 46439139, "EGID": 9019086, "NO_COM_FED": 5402, "GENRE_TXT": "b\u00e2timent"}}, {"type": "Feature", "id": 46296110, "geometry": {"type": "Polygon", "coordinates": [[[2566240.72, 1122707.7], [2566209.032, 1122784.399], [2566140.621, 1122755.959], [2566138.3109999998, 1122761.549], [2566134.011, 1122759.729], [2566144.721, 1122733.819], [2566142.14, 1122732.759], [2566144.84, 1122726.229], [2566147.39, 1122727.289], [2566151.96, 1122716.359], [2566151.53, 1122716.139], [2566160.039, 1122695.65], [2566171.549, 1122700.46], [2566178.979, 1122682.36], [2566240.72, 1122707.7]], [[2566152.29, 1122727.859], [2566156.23, 1122729.499], [2566160.28, 1122719.589], [2566156.44, 1122717.959], [2566152.29, 1122727.859]], [[2566184.8109999998, 1122741.279], [2566202.181, 1122748.439], [2566206.271, 1122738.53], [2566163.28, 1122720.809], [2566159.19, 1122730.709], [2566168.141, 1122734.429], [2566166.3109999998, 1122738.809], [2566182.971, 1122745.749], [2566184.8109999998, 1122741.279]]]}, "properties": {"OBJECTID": 46296110, "EGID": 280000209, "NO_COM_FED": 5402, "GENRE_TXT": "b\u00e2timent"}}, {"type": "Feature", "id": 46352237, "geometry": {"type": "Polygon", "coordinates": [[[2566192.316, 1122026.926], [2566189.846, 1122033.466], [2566185.626, 1122031.876], [2566188.096, 1122025.336], [2566192.316, 1122026.926]]]}, "properties": {"OBJECTID": 46352237, "EGID": 280032412, "NO_COM_FED": 5402, "GENRE_TXT": "b\u00e2timent"}}, {"type": "Feature", "id": 46397659, "geometry": {"type": "Polygon", "coordinates": [[[2566187.619, 1122626.46], [2566180.799, 1122643.04], [2566171.1890000002, 1122639.26], [2566178.039, 1122622.5], [2566187.619, 1122626.46]]]}, "properties": {"OBJECTID": 46397659, "EGID": 9019058, "NO_COM_FED": 5402, "GENRE_TXT": "b\u00e2timent"}}, {"type": "Feature", "id": 46372736, "geometry": {"type": "Polygon", "coordinates": [[[2566203.025, 1122073.257], [2566213.765, 1122044.727], [2566216.318, 1122037.944], [2566223.938, 1122040.838], [2566221.068, 1122048.438], [2566219.482, 1122047.83], [2566204.509, 1122088.08], [2566206.124, 1122088.661], [2566204.878, 1122092.012], [2566199.188, 1122089.87], [2566204.848, 1122074.704], [2566202.774, 1122073.93], [2566203.025, 1122073.257]]]}, "properties": {"OBJECTID": 46372736, "EGID": 280134529, "NO_COM_FED": 5402, "GENRE_TXT": "b\u00e2timent"}}, {"type": "Feature", "id": 46296638, "geometry": {"type": "Polygon", "coordinates": [[[2566214.651, 1122154.249], [2566214.394, 1122154.867], [2566201.914, 1122149.697], [2566204.5439999998, 1122143.307], [2566205.554, 1122143.727], [2566215.625, 1122119.337], [2566228.114, 1122124.477], [2566225.484, 1122130.857], [2566224.464, 1122130.447], [2566218.144, 1122145.787], [2566219.014, 1122146.1469999999], [2566217.924, 1122148.757], [2566217.074, 1122148.407], [2566214.651, 1122154.249]]]}, "properties": {"OBJECTID": 46296638, "EGID": 280003495, "NO_COM_FED": 5402, "GENRE_TXT": "b\u00e2timent"}}, {"type": "Feature", "id": 46397090, "geometry": {"type": "Polygon", "coordinates": [[[2566282.1, 1122380.839], [2566267.89, 1122375.269], [2566269.29, 1122371.869], [2566268.891, 1122371.689], [2566270.291, 1122368.259], [2566274.74, 1122370.179], [2566275.81, 1122367.679], [2566285.91, 1122372.039], [2566282.1, 1122380.839]]]}, "properties": {"OBJECTID": 46397090, "EGID": 849176, "NO_COM_FED": 5402, "GENRE_TXT": "b\u00e2timent"}}, {"type": "Feature", "id": 46492095, "geometry": {"type": "Polygon", "coordinates": [[[2566342.393, 1122045.028], [2566350.333, 1122047.218], [2566343.143, 1122073.888], [2566335.243, 1122071.758], [2566342.393, 1122045.028]]]}, "properties": {"OBJECTID": 46492095, "EGID": 280006677, "NO_COM_FED": 5402, "GENRE_TXT": "b\u00e2timent"}}, {"type": "Feature", "id": 46432266, "geometry": {"type": "Polygon", "coordinates": [[[2566375.003, 1122051.818], [2566374.353, 1122054.298], [2566361.453, 1122050.958], [2566364.363, 1122039.488], [2566374.313, 1122042.068], [2566373.863, 1122043.808], [2566376.653, 1122044.538], [2566378.133, 1122038.748], [2566378.373, 1122038.848], [2566378.043, 1122040.208], [2566406.902, 1122047.639], [2566407.242, 1122046.259], [2566407.522, 1122046.349], [2566406.592, 1122049.909], [2566407.672, 1122051.719], [2566405.822, 1122052.899], [2566405.462, 1122054.199], [2566406.532, 1122056.089], [2566404.682, 1122057.289], [2566403.522, 1122061.799], [2566403.262, 1122061.739], [2566403.822, 1122059.259], [2566375.003, 1122051.818]]]}, "properties": {"OBJECTID": 46432266, "EGID": 849240, "NO_COM_FED": 5402, "GENRE_TXT": "b\u00e2timent"}}, {"type": "Feature", "id": 46405796, "geometry": {"type": "Polygon", "coordinates": [[[2566421.575, 1121978.53], [2566408.394, 1121975.824], [2566412.423, 1121956.078], [2566425.633, 1121958.758], [2566421.575, 1121978.53]]]}, "properties": {"OBJECTID": 46405796, "EGID": 9019078, "NO_COM_FED": 5402, "GENRE_TXT": "b\u00e2timent"}}, {"type": "Feature", "id": 46302220, "geometry": {"type": "Polygon", "coordinates": [[[2566409.46, 1122194.37], [2566418.72, 1122196.93], [2566414.5, 1122211.55], [2566405.29, 1122208.95], [2566409.46, 1122194.37]]]}, "properties": {"OBJECTID": 46302220, "EGID": 849235, "NO_COM_FED": 5402, "GENRE_TXT": "b\u00e2timent"}}, {"type": "Feature", "id": 46383429, "geometry": {"type": "Polygon", "coordinates": [[[2566386.298, 1122666.661], [2566388.428, 1122668.021], [2566392.898, 1122667.211], [2566394.298, 1122665.301], [2566397.818, 1122664.661], [2566397.628, 1122663.821], [2566400.998, 1122663.201], [2566403.048, 1122664.621], [2566405.268, 1122664.171], [2566407.318, 1122661.181], [2566414.638, 1122662.751], [2566415.218, 1122666.381], [2566417.058, 1122667.661], [2566419.478, 1122667.251], [2566422.318, 1122669.351], [2566421.858, 1122670.001], [2566424.668, 1122672.021], [2566425.179, 1122674.391], [2566428.989, 1122677.111], [2566431.369, 1122676.681], [2566435.109, 1122679.311], [2566426.819, 1122690.971], [2566433.819, 1122696.021], [2566424.26, 1122709.561], [2566403.599, 1122695.141], [2566398.509, 1122696.071], [2566395.679, 1122679.651], [2566384.299, 1122681.591], [2566381.888, 1122667.451], [2566386.298, 1122666.661]]]}, "properties": {"OBJECTID": 46383429, "EGID": 849206, "NO_COM_FED": 5402, "GENRE_TXT": "b\u00e2timent"}}, {"type": "Feature", "id": 46403599, "geometry": {"type": "Polygon", "coordinates": [[[2566461.818, 1121915.948], [2566463.438, 1121896.19], [2566498.155, 1121899.037], [2566496.45, 1121918.831], [2566461.818, 1121915.948]]]}, "properties": {"OBJECTID": 46403599, "EGID": 190098238, "NO_COM_FED": 5402, "GENRE_TXT": "b\u00e2timent"}}, {"type": "Feature", "id": 46411548, "geometry": {"type": "Polygon", "coordinates": [[[2566450.431, 1122098.159], [2566464.48, 1122101.97], [2566463.48, 1122105.45], [2566456.5609999998, 1122103.599], [2566449.781, 1122100.779], [2566450.431, 1122098.159]]]}, "properties": {"OBJECTID": 46411548, "EGID": 280021684, "NO_COM_FED": 5402, "GENRE_TXT": "b\u00e2timent"}}, {"type": "Feature", "id": 46365712, "geometry": {"type": "Polygon", "coordinates": [[[2566492.131, 1122277.377], [2566488.833, 1122276.357], [2566483.146, 1122274.598], [2566480.421, 1122273.754], [2566474.738, 1122271.996], [2566472.016, 1122271.154], [2566466.341, 1122269.399], [2566463.617, 1122268.556], [2566457.9560000002, 1122266.805], [2566462.366, 1122252.491], [2566496.542, 1122263.088], [2566492.131, 1122277.377]]]}, "properties": {"OBJECTID": 46365712, "EGID": 280121533, "NO_COM_FED": 5402, "GENRE_TXT": "b\u00e2timent"}}, {"type": "Feature", "id": 46485888, "geometry": {"type": "Polygon", "coordinates": [[[2566489.663, 1121923.9780000001], [2566495.881, 1121925.964], [2566493.886, 1121932.166], [2566487.663, 1121930.179], [2566489.663, 1121923.9780000001]]]}, "properties": {"OBJECTID": 46485888, "EGID": 280069271, "NO_COM_FED": 5402, "GENRE_TXT": "b\u00e2timent"}}, {"type": "Feature", "id": 46318909, "geometry": {"type": "Polygon", "coordinates": [[[2566496.367, 1121926.12], [2566502.554, 1121928.111], [2566500.5640000002, 1121934.298], [2566494.376, 1121932.308], [2566496.367, 1121926.12]]]}, "properties": {"OBJECTID": 46318909, "EGID": 280096346, "NO_COM_FED": 5402, "GENRE_TXT": "b\u00e2timent"}}, {"type": "Feature", "id": 46310597, "geometry": {"type": "Polygon", "coordinates": [[[2566510.53, 1121930.657], [2566516.753, 1121932.567], [2566514.851, 1121938.791], [2566508.613, 1121936.878], [2566510.53, 1121930.657]]]}, "properties": {"OBJECTID": 46310597, "EGID": 280069273, "NO_COM_FED": 5402, "GENRE_TXT": "b\u00e2timent"}}, {"type": "Feature", "id": 46424090, "geometry": {"type": "Polygon", "coordinates": [[[2566495.73, 1122084.89], [2566497.1, 1122080.63], [2566501.38, 1122082.08], [2566500.79, 1122083.98], [2566500.89, 1122084.04], [2566500.1, 1122086.39], [2566499.09, 1122086.11], [2566498.39, 1122088.15], [2566496.07, 1122087.4], [2566496.74, 1122085.21], [2566495.73, 1122084.89]]]}, "properties": {"OBJECTID": 46424090, "EGID": 280034935, "NO_COM_FED": 5402, "GENRE_TXT": "b\u00e2timent"}}, {"type": "Feature", "id": 46288966, "geometry": {"type": "Polygon", "coordinates": [[[2566509.505, 1122526.612], [2566515.105, 1122515.822], [2566520.444, 1122518.593], [2566514.844, 1122529.3530000001], [2566526.804, 1122535.513], [2566521.124, 1122546.523], [2566514.524, 1122543.183], [2566510.884, 1122550.383], [2566499.954, 1122544.743], [2566509.315, 1122526.532], [2566509.505, 1122526.612]]]}, "properties": {"OBJECTID": 46288966, "EGID": 849189, "NO_COM_FED": 5402, "GENRE_TXT": "b\u00e2timent"}}, {"type": "Feature", "id": 46361235, "geometry": {"type": "Polygon", "coordinates": [[[2566513.703, 1122617.471], [2566507.949, 1122625.868], [2566502.462, 1122622.011], [2566508.224, 1122613.621], [2566513.703, 1122617.471]]]}, "properties": {"OBJECTID": 46361235, "EGID": 280081593, "NO_COM_FED": 5402, "GENRE_TXT": "b\u00e2timent"}}, {"type": "Feature", "id": 46398784, "geometry": {"type": "Polygon", "coordinates": [[[2566508.618, 1122669.922], [2566505.149, 1122674.862], [2566500.208, 1122671.462], [2566503.598, 1122666.472], [2566508.618, 1122669.922]]]}, "properties": {"OBJECTID": 46398784, "EGID": 280028072, "NO_COM_FED": 5402, "GENRE_TXT": "b\u00e2timent"}}, {"type": "Feature", "id": 46386509, "geometry": {"type": "Polygon", "coordinates": [[[2566550.751, 1122031.851], [2566547.798, 1122031.074], [2566548.556, 1122028.157], [2566551.514, 1122028.946], [2566550.751, 1122031.851]]]}, "properties": {"OBJECTID": 46386509, "EGID": 280112145, "NO_COM_FED": 5402, "GENRE_TXT": "b\u00e2timent"}}, {"type": "Feature", "id": 46286860, "geometry": {"type": "Polygon", "coordinates": [[[2566528.596, 1122377.352], [2566527.2060000002, 1122363.892], [2566536.196, 1122362.892], [2566536.236, 1122363.202], [2566546.796, 1122362.062], [2566547.026, 1122363.782], [2566557.066, 1122362.682], [2566557.006, 1122362.352], [2566566.066, 1122361.342], [2566567.485, 1122374.762], [2566558.386, 1122375.752], [2566558.386, 1122376.122], [2566548.046, 1122377.222], [2566547.796, 1122375.492], [2566537.636, 1122376.612], [2566537.616, 1122376.322], [2566528.596, 1122377.352]]]}, "properties": {"OBJECTID": 46286860, "EGID": 849170, "NO_COM_FED": 5402, "GENRE_TXT": "b\u00e2timent"}}, {"type": "Feature", "id": 46305474, "geometry": {"type": "Polygon", "coordinates": [[[2566538.306, 1122402.372], [2566536.786, 1122405.802], [2566534.566, 1122404.812], [2566536.076, 1122401.412], [2566538.306, 1122402.372]]]}, "properties": {"OBJECTID": 46305474, "EGID": 280110891, "NO_COM_FED": 5402, "GENRE_TXT": "b\u00e2timent"}}, {"type": "Feature", "id": 46383716, "geometry": {"type": "Polygon", "coordinates": [[[2566529.123, 1122485.805], [2566538.216, 1122468.186], [2566540.438, 1122469.334], [2566531.361, 1122486.955], [2566529.123, 1122485.805]]]}, "properties": {"OBJECTID": 46383716, "EGID": 280126012, "NO_COM_FED": 5402, "GENRE_TXT": "b\u00e2timent"}}, {"type": "Feature", "id": 46532553, "geometry": {"type": "Polygon", "coordinates": [[[2566544.411, 1122560.284], [2566546.034, 1122556.904], [2566548.171, 1122557.93], [2566546.548, 1122561.31], [2566544.411, 1122560.284]]]}, "properties": {"OBJECTID": 46532553, "EGID": null, "NO_COM_FED": 5402, "GENRE_TXT": "b\u00e2timent s-sol"}}, {"type": "Feature", "id": 46365358, "geometry": {"type": "Polygon", "coordinates": [[[2566556.808, 1122548.419], [2566553.531, 1122555.244], [2566556.955, 1122556.9], [2566553.298, 1122564.55], [2566546.548, 1122561.31], [2566548.171, 1122557.93], [2566543.566, 1122555.719], [2566548.892, 1122544.626], [2566556.808, 1122548.419]]]}, "properties": {"OBJECTID": 46365358, "EGID": 849185, "NO_COM_FED": 5402, "GENRE_TXT": "b\u00e2timent"}}, {"type": "Feature", "id": 46318684, "geometry": {"type": "Polygon", "coordinates": [[[2566590.164, 1121944.623], [2566593.454, 1121936], [2566597.336, 1121937.475], [2566597.969, 1121935.81], [2566602.034, 1121937.376], [2566597.842, 1121948.404], [2566593.767, 1121946.8530000001], [2566594.052, 1121946.1030000001], [2566590.164, 1121944.623]]]}, "properties": {"OBJECTID": 46318684, "EGID": 280094147, "NO_COM_FED": 5402, "GENRE_TXT": "b\u00e2timent"}}, {"type": "Feature", "id": 46410652, "geometry": {"type": "Polygon", "coordinates": [[[2566567.937, 1121980.606], [2566567.166, 1121983.451], [2566564.316, 1121982.693], [2566565.077, 1121979.842], [2566567.937, 1121980.606]]]}, "properties": {"OBJECTID": 46410652, "EGID": 280131553, "NO_COM_FED": 5402, "GENRE_TXT": "b\u00e2timent"}}, {"type": "Feature", "id": 46380924, "geometry": {"type": "Polygon", "coordinates": [[[2566601.465, 1122300.3], [2566602.089, 1122298.299], [2566604.306, 1122298.986], [2566606.977, 1122290.368], [2566604.746, 1122289.677], [2566606.474, 1122284.126], [2566608.697, 1122284.816], [2566609.386, 1122282.594], [2566618.405, 1122285.386], [2566617.712, 1122287.616], [2566624.323, 1122289.669], [2566622.5810000002, 1122295.245], [2566620.351, 1122294.552], [2566617.679, 1122303.1469999999], [2566617.086, 1122305.054], [2566615.333, 1122310.695], [2566617.569, 1122311.391], [2566615.902, 1122316.719], [2566613.675, 1122316.027], [2566611.328, 1122323.575], [2566613.569, 1122324.2719999999], [2566611.839, 1122329.87], [2566594.014, 1122324.288], [2566595.75, 1122318.733], [2566597.974, 1122319.422], [2566601.642, 1122307.582], [2566599.409, 1122306.89], [2566601.465, 1122300.3]]]}, "properties": {"OBJECTID": 46380924, "EGID": 280098367, "NO_COM_FED": 5402, "GENRE_TXT": "b\u00e2timent"}}, {"type": "Feature", "id": 46339296, "geometry": {"type": "Polygon", "coordinates": [[[2566597.964, 1122527.563], [2566596.944, 1122529.573], [2566595.894, 1122531.643], [2566590.214, 1122528.673], [2566594.023, 1122521.183], [2566599.693, 1122524.163], [2566597.964, 1122527.563]]]}, "properties": {"OBJECTID": 46339296, "EGID": 280019449, "NO_COM_FED": 5402, "GENRE_TXT": "b\u00e2timent"}}, {"type": "Feature", "id": 46401972, "geometry": {"type": "Polygon", "coordinates": [[[2566602.469, 1122680.0219999999], [2566602.889, 1122680.482], [2566606.079, 1122677.622], [2566612.159, 1122684.502], [2566589.6, 1122704.432], [2566583.499, 1122697.532], [2566586.729, 1122694.752], [2566586.309, 1122694.302], [2566591.519, 1122689.712], [2566591.869, 1122690.112], [2566597.699, 1122684.922], [2566597.389, 1122684.552], [2566602.469, 1122680.0219999999]]]}, "properties": {"OBJECTID": 46401972, "EGID": 849225, "NO_COM_FED": 5402, "GENRE_TXT": "b\u00e2timent"}}, {"type": "Feature", "id": 46470123, "geometry": {"type": "Polygon", "coordinates": [[[2566638.64, 1121891.51], [2566626.38, 1121888.95], [2566626.3310000002, 1121874.81], [2566636.67, 1121876.04], [2566637.14, 1121872.21], [2566637.68, 1121871.88], [2566639.67, 1121872.15], [2566640.83, 1121862.94], [2566646.34, 1121863.27], [2566645.71, 1121867.89], [2566645.09, 1121876.82], [2566644.22, 1121876.79], [2566643.95, 1121878.93], [2566639.67, 1121878.62], [2566639.23, 1121878.6], [2566638.64, 1121891.51]]]}, "properties": {"OBJECTID": 46470123, "EGID": 849038, "NO_COM_FED": 5402, "GENRE_TXT": "b\u00e2timent"}}, {"type": "Feature", "id": 46342600, "geometry": {"type": "Polygon", "coordinates": [[[2566631.828, 1122166.327], [2566635.24, 1122155.055], [2566641.155, 1122156.848], [2566637.739, 1122168.121], [2566631.828, 1122166.327]]]}, "properties": {"OBJECTID": 46342600, "EGID": 280094351, "NO_COM_FED": 5402, "GENRE_TXT": "b\u00e2timent"}}, {"type": "Feature", "id": 46506857, "geometry": {"type": "Polygon", "coordinates": [[[2566621.253, 1122519.433], [2566619.223, 1122523.313], [2566617.134, 1122527.383], [2566614.254, 1122525.903], [2566618.193, 1122518.243], [2566621.253, 1122519.433]]]}, "properties": {"OBJECTID": 46506857, "EGID": 280032660, "NO_COM_FED": 5402, "GENRE_TXT": "b\u00e2timent"}}, {"type": "Feature", "id": 46352346, "geometry": {"type": "Polygon", "coordinates": [[[2566632.203, 1122500.974], [2566635.223, 1122502.284], [2566632.923, 1122507.654], [2566629.863, 1122506.344], [2566632.203, 1122500.974]]]}, "properties": {"OBJECTID": 46352346, "EGID": 280041422, "NO_COM_FED": 5402, "GENRE_TXT": "b\u00e2timent"}}, {"type": "Feature", "id": 46487018, "geometry": {"type": "Polygon", "coordinates": [[[2566644.059, 1122076.986], [2566638.775, 1122076.729], [2566639.906, 1122073.395], [2566644.713, 1122075.028], [2566644.059, 1122076.986]]]}, "properties": {"OBJECTID": 46487018, "EGID": 280047730, "NO_COM_FED": 5402, "GENRE_TXT": "b\u00e2timent"}}, {"type": "Feature", "id": 46421571, "geometry": {"type": "Polygon", "coordinates": [[[2566646.643, 1122111.716], [2566650.0640000002, 1122100.455], [2566655.921, 1122102.231], [2566652.508, 1122113.496], [2566646.643, 1122111.716]]]}, "properties": {"OBJECTID": 46421571, "EGID": 280094483, "NO_COM_FED": 5402, "GENRE_TXT": "b\u00e2timent"}}, {"type": "Feature", "id": 46415594, "geometry": {"type": "Polygon", "coordinates": [[[2566661.713, 1122411.6030000001], [2566656.913, 1122410.163], [2566660.804, 1122397.713], [2566660.984, 1122397.793], [2566660.684, 1122398.763], [2566665.193, 1122400.093], [2566661.713, 1122411.6030000001]]]}, "properties": {"OBJECTID": 46415594, "EGID": 3161012, "NO_COM_FED": 5402, "GENRE_TXT": "b\u00e2timent"}}, {"type": "Feature", "id": 46411940, "geometry": {"type": "Polygon", "coordinates": [[[2566703.441, 1122183.705], [2566702.332, 1122187.905], [2566699.379, 1122187.126], [2566700.488, 1122182.925], [2566703.441, 1122183.705]]]}, "properties": {"OBJECTID": 46411940, "EGID": 280131953, "NO_COM_FED": 5402, "GENRE_TXT": "b\u00e2timent"}}, {"type": "Feature", "id": 46374767, "geometry": {"type": "Polygon", "coordinates": [[[2566677.751, 1122215.135], [2566669.009, 1122212.837], [2566671.804, 1122202.176], [2566680.528, 1122204.457], [2566678.0640000002, 1122213.918], [2566677.751, 1122215.135]]]}, "properties": {"OBJECTID": 46374767, "EGID": 280128104, "NO_COM_FED": 5402, "GENRE_TXT": "b\u00e2timent"}}, {"type": "Feature", "id": 46496075, "geometry": {"type": "Polygon", "coordinates": [[[2566691.105, 1122271.963], [2566692.825, 1122267.043], [2566699.7939999998, 1122269.423], [2566699.364, 1122270.723], [2566708.554, 1122273.883], [2566705.254, 1122283.333], [2566698.674, 1122281.083], [2566697.704, 1122283.913], [2566690.974, 1122281.613], [2566693.955, 1122272.923], [2566691.105, 1122271.963]]]}, "properties": {"OBJECTID": 46496075, "EGID": 849075, "NO_COM_FED": 5402, "GENRE_TXT": "b\u00e2timent"}}, {"type": "Feature", "id": 46477053, "geometry": {"type": "Polygon", "coordinates": [[[2566731.718, 1122038.043], [2566729.134, 1122045.301], [2566724.542, 1122043.676], [2566717.81, 1122041.305], [2566720.455, 1122033.844], [2566721.937, 1122034.359], [2566731.718, 1122038.043]]]}, "properties": {"OBJECTID": 46477053, "EGID": 280062543, "NO_COM_FED": 5402, "GENRE_TXT": "b\u00e2timent"}}, {"type": "Feature", "id": 46495336, "geometry": {"type": "Polygon", "coordinates": [[[2566729.0439999998, 1122020.318], [2566731.677, 1122012.859], [2566742.99, 1122016.861], [2566740.357, 1122024.335], [2566738.489, 1122023.668], [2566729.0439999998, 1122020.318]]]}, "properties": {"OBJECTID": 46495336, "EGID": 280062542, "NO_COM_FED": 5402, "GENRE_TXT": "b\u00e2timent"}}, {"type": "Feature", "id": 46444769, "geometry": {"type": "Polygon", "coordinates": [[[2566741.8140000002, 1122232.503], [2566741.364, 1122234.523], [2566736.264, 1122233.383], [2566736.434, 1122232.343], [2566731.864, 1122231.303], [2566733.504, 1122223.993], [2566736.0640000002, 1122224.543], [2566737.174, 1122222.573], [2566743.684, 1122224.053], [2566741.8140000002, 1122232.503]]]}, "properties": {"OBJECTID": 46444769, "EGID": 849073, "NO_COM_FED": 5402, "GENRE_TXT": "b\u00e2timent"}}, {"type": "Feature", "id": 46305564, "geometry": {"type": "Polygon", "coordinates": [[[2566758.913, 1122309.514], [2566755.753, 1122319.384], [2566755.443, 1122319.274], [2566755.643, 1122318.744], [2566748.403, 1122316.454], [2566748.013, 1122317.724], [2566745.153, 1122316.814], [2566745.543, 1122315.574], [2566742.243, 1122314.514], [2566742.053, 1122315.144], [2566741.663, 1122315.004], [2566744.833, 1122305.054], [2566745.163, 1122305.154], [2566744.793, 1122306.354], [2566758.223, 1122310.564], [2566758.553, 1122309.434], [2566758.913, 1122309.514]]]}, "properties": {"OBJECTID": 46305564, "EGID": 849068, "NO_COM_FED": 5402, "GENRE_TXT": "b\u00e2timent"}}, {"type": "Feature", "id": 46382636, "geometry": {"type": "Polygon", "coordinates": [[[2566776.548, 1121884.491], [2566776.448, 1121884.671], [2566772.088, 1121882.131], [2566774.338, 1121878.321], [2566778.678, 1121880.891], [2566778.091, 1121881.886], [2566776.548, 1121884.491]]]}, "properties": {"OBJECTID": 46382636, "EGID": 280011455, "NO_COM_FED": 5402, "GENRE_TXT": "b\u00e2timent"}}, {"type": "Feature", "id": 46287551, "geometry": {"type": "Polygon", "coordinates": [[[2566760.699, 1121964.541], [2566757.437, 1121962.606], [2566758.136, 1121961.427], [2566756.845, 1121960.661], [2566754.251, 1121965.033], [2566751.31, 1121963.292], [2566750.849, 1121964.071], [2566745.24, 1121960.762], [2566747.53, 1121956.881], [2566748.837, 1121957.633], [2566753.159, 1121950.313], [2566757.48, 1121952.848], [2566757.021, 1121953.625], [2566764.538, 1121958.055], [2566760.699, 1121964.541]]]}, "properties": {"OBJECTID": 46287551, "EGID": 280082469, "NO_COM_FED": 5402, "GENRE_TXT": "b\u00e2timent"}}, {"type": "Feature", "id": 46414169, "geometry": {"type": "Polygon", "coordinates": [[[2566779.45, 1121987.389], [2566784.388, 1121989.21], [2566783.283, 1121992.161], [2566778.36, 1121990.345], [2566779.45, 1121987.389]]]}, "properties": {"OBJECTID": 46414169, "EGID": 280108542, "NO_COM_FED": 5402, "GENRE_TXT": "b\u00e2timent"}}, {"type": "Feature", "id": 46326961, "geometry": {"type": "Polygon", "coordinates": [[[2566747.385, 1122120.623], [2566750.096, 1122111.223], [2566749.786, 1122111.133], [2566749.9560000002, 1122110.693], [2566750.556, 1122110.8530000001], [2566750.496, 1122111.053], [2566758.785, 1122113.413], [2566758.855, 1122113.213], [2566759.375, 1122113.373], [2566759.225, 1122113.863], [2566758.935, 1122113.783], [2566756.035, 1122123.983], [2566755.525, 1122123.803], [2566755.595, 1122123.553], [2566747.725, 1122121.223], [2566747.665, 1122121.453], [2566746.935, 1122121.253], [2566747.125, 1122120.573], [2566747.385, 1122120.623]]]}, "properties": {"OBJECTID": 46326961, "EGID": 849096, "NO_COM_FED": 5402, "GENRE_TXT": "b\u00e2timent"}}, {"type": "Feature", "id": 46313940, "geometry": {"type": "Polygon", "coordinates": [[[2566761.535, 1122163.493], [2566761.655, 1122162.983], [2566762.135, 1122163.153], [2566762.045, 1122163.623], [2566767.835, 1122165.003], [2566765.865, 1122173.123], [2566763.555, 1122172.583], [2566764.315, 1122169.343], [2566756.385, 1122167.443], [2566757.455, 1122162.523], [2566761.535, 1122163.493]]]}, "properties": {"OBJECTID": 46313940, "EGID": 280017972, "NO_COM_FED": 5402, "GENRE_TXT": "b\u00e2timent"}}, {"type": "Feature", "id": 46350635, "geometry": {"type": "Polygon", "coordinates": [[[2566774.622, 1122405.645], [2566774.452, 1122406.085], [2566773.512, 1122405.884], [2566773.632, 1122405.414], [2566770.692, 1122404.504], [2566770.282, 1122405.744], [2566770.092, 1122405.684], [2566773.582, 1122393.854], [2566772.602, 1122393.564], [2566772.712, 1122393.154], [2566773.682, 1122393.484], [2566774.602, 1122390.464], [2566783.992, 1122393.235], [2566779.531, 1122408.395], [2566775.951, 1122407.395], [2566776.261, 1122406.135], [2566774.622, 1122405.645]]]}, "properties": {"OBJECTID": 46350635, "EGID": 849065, "NO_COM_FED": 5402, "GENRE_TXT": "b\u00e2timent"}}, {"type": "Feature", "id": 46288755, "geometry": {"type": "Polygon", "coordinates": [[[2566770.55, 1122540.38], [2566767.903, 1122541.671], [2566765.792, 1122537.39], [2566767.358, 1122536.598], [2566763.405, 1122528.576], [2566761.818, 1122529.358], [2566758.297, 1122522.227], [2566762.25, 1122520.284], [2566760.716, 1122517.192], [2566768.374, 1122513.425], [2566769.958, 1122516.655], [2566774.175, 1122514.588], [2566777.627, 1122521.54], [2566776.416, 1122522.145], [2566780.406, 1122530.179], [2566781.615, 1122529.592], [2566784.394, 1122535.227], [2566780.718, 1122537.043], [2566782.268, 1122540.182], [2566772.777, 1122544.862], [2566770.55, 1122540.38]]]}, "properties": {"OBJECTID": 46288755, "EGID": 280135271, "NO_COM_FED": 5402, "GENRE_TXT": "b\u00e2timent"}}, {"type": "Feature", "id": 46342433, "geometry": {"type": "Polygon", "coordinates": [[[2566829.928, 1122670.123], [2566833.719, 1122679.163], [2566821.6890000002, 1122684.093], [2566820.209, 1122680.713], [2566817.399, 1122681.843], [2566816.409, 1122679.413], [2566819.239, 1122678.313], [2566817.9390000002, 1122674.983], [2566829.928, 1122670.123]]]}, "properties": {"OBJECTID": 46342433, "EGID": 849210, "NO_COM_FED": 5402, "GENRE_TXT": "b\u00e2timent"}}, {"type": "Feature", "id": 46458217, "geometry": {"type": "Polygon", "coordinates": [[[2566797.875, 1122730.545], [2566802.075, 1122727.655], [2566803.701, 1122730.792], [2566799.312, 1122732.918], [2566797.875, 1122730.545]]]}, "properties": {"OBJECTID": 46458217, "EGID": 280118270, "NO_COM_FED": 5402, "GENRE_TXT": "b\u00e2timent"}}, {"type": "Feature", "id": 46344060, "geometry": {"type": "Polygon", "coordinates": [[[2566829.416, 1121979.433], [2566843.366, 1121956.793], [2566848.6859999998, 1121960.073], [2566846.396, 1121963.893], [2566870.535, 1121978.863], [2566858.975, 1121997.653], [2566842.165, 1121987.223], [2566829.416, 1121979.433]]]}, "properties": {"OBJECTID": 46344060, "EGID": 280001735, "NO_COM_FED": 5402, "GENRE_TXT": "b\u00e2timent"}}, {"type": "Feature", "id": 46470621, "geometry": {"type": "Polygon", "coordinates": [[[2566184.496, 1121835.083], [2566182.789, 1121834.64], [2566185.677, 1121823.497], [2566194.753, 1121825.871], [2566191.869, 1121836.995], [2566184.496, 1121835.083]]]}, "properties": {"OBJECTID": 46470621, "EGID": 3160998, "NO_COM_FED": 5402, "GENRE_TXT": "b\u00e2timent"}}, {"type": "Feature", "id": 46293475, "geometry": {"type": "Polygon", "coordinates": [[[2566160.829, 1121874.149], [2566166.977, 1121859.754], [2566207.492, 1121877.053], [2566201.343, 1121891.448], [2566160.829, 1121874.149]]]}, "properties": {"OBJECTID": 46293475, "EGID": 280119384, "NO_COM_FED": 5402, "GENRE_TXT": "b\u00e2timent"}}, {"type": "Feature", "id": 46419645, "geometry": {"type": "Polygon", "coordinates": [[[2566160.212, 1121875.57], [2566158.57, 1121879.429], [2566155.63, 1121878.177], [2566157.275, 1121874.314], [2566160.212, 1121875.57]]]}, "properties": {"OBJECTID": 46419645, "EGID": 280138781, "NO_COM_FED": 5402, "GENRE_TXT": "b\u00e2timent"}}, {"type": "Feature", "id": 46404604, "geometry": {"type": "Polygon", "coordinates": [[[2566223.907, 1121885.086], [2566232.257, 1121888.186], [2566211.067, 1121944.396], [2566223.9359999998, 1121949.186], [2566213.336, 1121977.576], [2566206.736, 1121975.116], [2566202.656, 1121986.056], [2566204.596, 1121986.786], [2566204.746, 1121986.396], [2566207.426, 1121987.406], [2566207.286, 1121987.796], [2566209.286, 1121988.536], [2566206.256, 1121996.676], [2566206.646, 1121996.826], [2566204.216, 1122003.376], [2566203.826, 1122003.226], [2566202.906, 1122005.716], [2566200.466, 1122004.806], [2566200.326, 1122005.196], [2566198.236, 1122004.416], [2566198.386, 1122004.036], [2566181.797, 1121997.866], [2566192.357, 1121969.436], [2566195.897, 1121959.916], [2566191.407, 1121958.196], [2566198.417, 1121939.376], [2566202.937, 1121941.086], [2566223.907, 1121885.086]]]}, "properties": {"OBJECTID": 46404604, "EGID": 9049090, "NO_COM_FED": 5402, "GENRE_TXT": "b\u00e2timent"}}, {"type": "Feature", "id": 46411779, "geometry": {"type": "Polygon", "coordinates": [[[2566215.278, 1121859.386], [2566214.518, 1121862.836], [2566206.338, 1121861.015], [2566207.088, 1121857.555], [2566215.278, 1121859.386]]]}, "properties": {"OBJECTID": 46411779, "EGID": 848917, "NO_COM_FED": 5402, "GENRE_TXT": "b\u00e2timent"}}, {"type": "Feature", "id": 46494146, "geometry": {"type": "Polygon", "coordinates": [[[2566222.147, 1121942.346], [2566240.937, 1121891.626], [2566244.827, 1121893.086], [2566226.046, 1121943.796], [2566222.147, 1121942.346]]]}, "properties": {"OBJECTID": 46494146, "EGID": 280006682, "NO_COM_FED": 5402, "GENRE_TXT": "b\u00e2timent"}}, {"type": "Feature", "id": 46331748, "geometry": {"type": "Polygon", "coordinates": [[[2566271.011, 1121922.781], [2566253.131, 1121916.196], [2566258.472, 1121901.65], [2566276.333, 1121908.233], [2566271.011, 1121922.781]]]}, "properties": {"OBJECTID": 46331748, "EGID": 280103536, "NO_COM_FED": 5402, "GENRE_TXT": "b\u00e2timent"}}, {"type": "Feature", "id": 46493412, "geometry": {"type": "Polygon", "coordinates": [[[2566271.011, 1121922.781], [2566276.624, 1121924.848], [2566270.415, 1121941.752], [2566246.92, 1121933.1], [2566253.131, 1121916.196], [2566271.011, 1121922.781]]]}, "properties": {"OBJECTID": 46493412, "EGID": 280103535, "NO_COM_FED": 5402, "GENRE_TXT": "b\u00e2timent"}}, {"type": "Feature", "id": 46284253, "geometry": {"type": "Polygon", "coordinates": [[[2566270.773, 1121961.066], [2566240.701, 1121949.992], [2566246.92, 1121933.1], [2566270.415, 1121941.752], [2566276.991, 1121944.174], [2566270.773, 1121961.066]]]}, "properties": {"OBJECTID": 46284253, "EGID": 280096829, "NO_COM_FED": 5402, "GENRE_TXT": "b\u00e2timent"}}, {"type": "Feature", "id": 46291534, "geometry": {"type": "Polygon", "coordinates": [[[2566307.413, 1122118.498], [2566299.303, 1122152.658], [2566291.583, 1122150.788], [2566299.623, 1122116.668], [2566307.413, 1122118.498]]]}, "properties": {"OBJECTID": 46291534, "EGID": 280005412, "NO_COM_FED": 5402, "GENRE_TXT": "b\u00e2timent"}}, {"type": "Feature", "id": 46374468, "geometry": {"type": "Polygon", "coordinates": [[[2566360.654, 1122381.524], [2566363.677, 1122382.822], [2566362.582, 1122385.386], [2566359.55, 1122384.091], [2566360.654, 1122381.524]]]}, "properties": {"OBJECTID": 46374468, "EGID": 280111916, "NO_COM_FED": 5402, "GENRE_TXT": "b\u00e2timent"}}, {"type": "Feature", "id": 46357362, "geometry": {"type": "Polygon", "coordinates": [[[2566386.47, 1122269.26], [2566389.07, 1122260.93], [2566402.41, 1122265.39], [2566401.36, 1122268.76], [2566402.6689999998, 1122269.15], [2566402.1890000002, 1122270.63], [2566407.279, 1122272.25], [2566404.229, 1122281.91], [2566403.699, 1122281.76], [2566401.089, 1122290.2], [2566390.579, 1122286.8], [2566393.25, 1122278.24], [2566399.049, 1122280], [2566400.499, 1122275.31], [2566398.949, 1122274.8], [2566399.41, 1122273.28], [2566386.47, 1122269.26]]]}, "properties": {"OBJECTID": 46357362, "EGID": 849238, "NO_COM_FED": 5402, "GENRE_TXT": "b\u00e2timent"}}, {"type": "Feature", "id": 46408356, "geometry": {"type": "Polygon", "coordinates": [[[2566417.145, 1122143.852], [2566421.283, 1122129.43], [2566445.337, 1122136.341], [2566441.193, 1122150.763], [2566417.145, 1122143.852]]]}, "properties": {"OBJECTID": 46408356, "EGID": 280056181, "NO_COM_FED": 5402, "GENRE_TXT": "b\u00e2timent"}}, {"type": "Feature", "id": 46376978, "geometry": {"type": "Polygon", "coordinates": [[[2566433.92, 1122215.75], [2566424.69, 1122212.96], [2566429.12, 1122198.41], [2566438.32, 1122201.23], [2566433.92, 1122215.75]]]}, "properties": {"OBJECTID": 46376978, "EGID": 280009763, "NO_COM_FED": 5402, "GENRE_TXT": "b\u00e2timent"}}, {"type": "Feature", "id": 46335369, "geometry": {"type": "Polygon", "coordinates": [[[2566416.866, 1122572.6], [2566421.693, 1122561.321], [2566422.998, 1122561.879], [2566424.451, 1122558.487], [2566424.238, 1122558.3969999999], [2566424.357, 1122558.121], [2566423.272, 1122557.657], [2566428.099, 1122546.378], [2566439.133, 1122551.083], [2566427.906, 1122577.302], [2566416.866, 1122572.6]]]}, "properties": {"OBJECTID": 46335369, "EGID": 280080006, "NO_COM_FED": 5402, "GENRE_TXT": "b\u00e2timent"}}, {"type": "Feature", "id": 46286475, "geometry": {"type": "Polygon", "coordinates": [[[2566488.543, 1121848.898], [2566487.653, 1121859.778], [2566482.173, 1121859.328], [2566480.653, 1121877.328], [2566469.683, 1121876.428], [2566472.103, 1121847.398], [2566488.543, 1121848.898]]]}, "properties": {"OBJECTID": 46286475, "EGID": 280003998, "NO_COM_FED": 5402, "GENRE_TXT": "b\u00e2timent"}}, {"type": "Feature", "id": 46536024, "geometry": {"type": "Polygon", "coordinates": [[[2566461.791, 1122034.556], [2566463.56, 1122027.916], [2566486.571, 1122003.276], [2566510.24, 1121982.611], [2566528.879, 1121987.593], [2566528.597, 1121991.221], [2566526.557, 1122001.914], [2566516.334, 1122039.871], [2566514.046, 1122048.476], [2566461.791, 1122034.556]]]}, "properties": {"OBJECTID": 46536024, "EGID": null, "NO_COM_FED": 5402, "GENRE_TXT": "b\u00e2timent s-sol"}}, {"type": "Feature", "id": 46511593, "geometry": {"type": "Polygon", "coordinates": [[[2566467.81, 1122194.482], [2566473.379, 1122196.2719999999], [2566471.384, 1122202.4780000001], [2566465.182, 1122200.458], [2566467.163, 1122194.274], [2566467.81, 1122194.482]]]}, "properties": {"OBJECTID": 46511593, "EGID": 280069357, "NO_COM_FED": 5402, "GENRE_TXT": "b\u00e2timent"}}, {"type": "Feature", "id": 46416419, "geometry": {"type": "Polygon", "coordinates": [[[2566479.594, 1122217.218], [2566473.862, 1122215.446], [2566478.296, 1122201.155], [2566512.481, 1122211.763], [2566508.037, 1122226.011], [2566504.751, 1122224.995], [2566499.055, 1122223.234], [2566496.347, 1122222.3969999999], [2566490.685, 1122220.6469999999], [2566487.979, 1122219.81], [2566482.282, 1122218.049], [2566479.594, 1122217.218]]]}, "properties": {"OBJECTID": 46416419, "EGID": 280139344, "NO_COM_FED": 5402, "GENRE_TXT": "b\u00e2timent"}}, {"type": "Feature", "id": 46352501, "geometry": {"type": "Polygon", "coordinates": [[[2566466.912, 1122297.29], [2566464.201, 1122296.448], [2566458.53, 1122294.686], [2566455.824, 1122293.845], [2566450.083, 1122292.061], [2566454.407, 1122278.174], [2566488.576, 1122288.817], [2566484.27, 1122302.684], [2566480.948, 1122301.652], [2566475.269, 1122299.887], [2566472.573, 1122299.049], [2566466.912, 1122297.29]]]}, "properties": {"OBJECTID": 46352501, "EGID": 280091905, "NO_COM_FED": 5402, "GENRE_TXT": "b\u00e2timent"}}, {"type": "Feature", "id": 46473688, "geometry": {"type": "Polygon", "coordinates": [[[2566475.928, 1122581.314], [2566471.083, 1122582.739], [2566455.336, 1122587.372], [2566455.151, 1122587.28], [2566464.795, 1122564.824], [2566491.86, 1122576.444], [2566491.78, 1122576.65], [2566475.928, 1122581.314]]]}, "properties": {"OBJECTID": 46473688, "EGID": 280080007, "NO_COM_FED": 5402, "GENRE_TXT": "b\u00e2timent"}}, {"type": "Feature", "id": 46291665, "geometry": {"type": "Polygon", "coordinates": [[[2566521.953, 1122635.712], [2566516.63, 1122631.97], [2566522.37, 1122623.562], [2566527.685, 1122627.298], [2566521.953, 1122635.712]]]}, "properties": {"OBJECTID": 46291665, "EGID": 280134196, "NO_COM_FED": 5402, "GENRE_TXT": "b\u00e2timent"}}, {"type": "Feature", "id": 46475390, "geometry": {"type": "Polygon", "coordinates": [[[2566526.454, 1121823.651], [2566540.4359999998, 1121822.88], [2566545.521, 1121822.614], [2566546.742, 1121846.622], [2566526.1689999998, 1121847.688], [2566524.95, 1121823.729], [2566526.454, 1121823.651]]]}, "properties": {"OBJECTID": 46475390, "EGID": 190090780, "NO_COM_FED": 5402, "GENRE_TXT": "b\u00e2timent"}}, {"type": "Feature", "id": 46292640, "geometry": {"type": "Polygon", "coordinates": [[[2566555.146, 1122310.382], [2566551.616, 1122321.052], [2566545.486, 1122318.972], [2566547.717, 1122312.672], [2566545.647, 1122311.972], [2566547.137, 1122307.692], [2566555.146, 1122310.382]]]}, "properties": {"OBJECTID": 46292640, "EGID": 280014927, "NO_COM_FED": 5402, "GENRE_TXT": "b\u00e2timent"}}, {"type": "Feature", "id": 46379814, "geometry": {"type": "Polygon", "coordinates": [[[2566556.92, 1122703.832], [2566559.79, 1122707.032], [2566560.71, 1122706.242], [2566562.84, 1122708.742], [2566561.99, 1122709.452], [2566566.69, 1122714.732], [2566567.54, 1122713.972], [2566569.73, 1122716.442], [2566568.85, 1122717.152], [2566571.72, 1122720.352], [2566564.88, 1122726.472], [2566558.96, 1122719.782], [2566558.19, 1122720.5219999999], [2566555.19, 1122717.152], [2566555.97, 1122716.492], [2566550.13, 1122709.892], [2566556.92, 1122703.832]]]}, "properties": {"OBJECTID": 46379814, "EGID": 849228, "NO_COM_FED": 5402, "GENRE_TXT": "b\u00e2timent"}}, {"type": "Feature", "id": 46449114, "geometry": {"type": "Polygon", "coordinates": [[[2566568.031, 1121909.629], [2566568.74, 1121909.645], [2566568.901, 1121893.989], [2566578.611, 1121894.16], [2566579.731, 1121893.19], [2566581.911, 1121893.22], [2566582.951, 1121894.17], [2566584.341, 1121894.19], [2566585.351, 1121893.3], [2566587.5810000002, 1121893.38], [2566588.531, 1121894.26], [2566588.691, 1121894.24], [2566588.691, 1121899.31], [2566588.063, 1121899.312], [2566588.034, 1121909.907], [2566588.481, 1121909.9], [2566588.451, 1121914.87], [2566568.031, 1121914.66], [2566568.031, 1121909.629]]]}, "properties": {"OBJECTID": 46449114, "EGID": 3161345, "NO_COM_FED": 5402, "GENRE_TXT": "b\u00e2timent"}}, {"type": "Feature", "id": 46500861, "geometry": {"type": "Polygon", "coordinates": [[[2566572.049, 1122039.83], [2566571.4390000002, 1122048.07], [2566567.969, 1122047.9], [2566568.549, 1122039.6], [2566572.049, 1122039.83]]]}, "properties": {"OBJECTID": 46500861, "EGID": 280033279, "NO_COM_FED": 5402, "GENRE_TXT": "b\u00e2timent"}}, {"type": "Feature", "id": 46391594, "geometry": {"type": "Polygon", "coordinates": [[[2566595.623, 1122492.933], [2566591.543, 1122502.633], [2566588.743, 1122501.443], [2566589.514, 1122499.643], [2566579.784, 1122495.533], [2566581.744, 1122490.923], [2566581.944, 1122491.023], [2566583.254, 1122487.883], [2566587.094, 1122489.483], [2566587.144, 1122489.323], [2566595.623, 1122492.933]]]}, "properties": {"OBJECTID": 46391594, "EGID": 849182, "NO_COM_FED": 5402, "GENRE_TXT": "b\u00e2timent"}}, {"type": "Feature", "id": 46338199, "geometry": {"type": "Polygon", "coordinates": [[[2566582.934, 1122549.743], [2566580.035, 1122555.313], [2566577.124, 1122553.803], [2566579.984, 1122548.253], [2566582.934, 1122549.743]]]}, "properties": {"OBJECTID": 46338199, "EGID": 280040991, "NO_COM_FED": 5402, "GENRE_TXT": "b\u00e2timent"}}, {"type": "Feature", "id": 46292523, "geometry": {"type": "Polygon", "coordinates": [[[2566622.483, 1122524.903], [2566620.324, 1122529.6030000001], [2566617.454, 1122528.283], [2566619.643, 1122523.593], [2566622.483, 1122524.903]]]}, "properties": {"OBJECTID": 46292523, "EGID": 280045584, "NO_COM_FED": 5402, "GENRE_TXT": "b\u00e2timent"}}, {"type": "Feature", "id": 46287554, "geometry": {"type": "Polygon", "coordinates": [[[2566638.64, 1121891.51], [2566639.23, 1121878.6], [2566639.67, 1121878.62], [2566643.95, 1121878.93], [2566644.22, 1121876.79], [2566645.09, 1121876.82], [2566645.71, 1121867.89], [2566646.34, 1121863.27], [2566652.96, 1121863.64], [2566651.06, 1121881.18], [2566651.23, 1121881.2], [2566650.13, 1121893.93], [2566638.64, 1121891.51]]]}, "properties": {"OBJECTID": 46287554, "EGID": 3160984, "NO_COM_FED": 5402, "GENRE_TXT": "b\u00e2timent"}}, {"type": "Feature", "id": 46422360, "geometry": {"type": "Polygon", "coordinates": [[[2566680.599, 1121919.971], [2566676.209, 1121928.211], [2566675.849, 1121928.031], [2566674.629, 1121930.231], [2566671.479, 1121928.491], [2566670.459, 1121930.331], [2566671.009, 1121930.631], [2566669.4189999998, 1121933.501], [2566663.889, 1121930.491], [2566665.469, 1121927.571], [2566665.679, 1121927.681], [2566666.649, 1121925.831], [2566666.709, 1121925.861], [2566668.009, 1121923.651], [2566667.649, 1121923.481], [2566672.019, 1121915.141], [2566680.599, 1121919.971]]]}, "properties": {"OBJECTID": 46422360, "EGID": 849035, "NO_COM_FED": 5402, "GENRE_TXT": "b\u00e2timent"}}, {"type": "Feature", "id": 46322573, "geometry": {"type": "Polygon", "coordinates": [[[2566653.578, 1122012.571], [2566653.098, 1122012.391], [2566652.358, 1122010.851], [2566652.928, 1122009.151], [2566654.488, 1122008.401], [2566655.708, 1122008.841], [2566656.598, 1122006.251], [2566664.098, 1122008.861], [2566665.108, 1122005.971], [2566670.958, 1122007.981], [2566668.928, 1122013.811], [2566663.268, 1122011.851], [2566660.398, 1122020.091], [2566651.958, 1122017.151], [2566653.578, 1122012.571]]]}, "properties": {"OBJECTID": 46322573, "EGID": 101075850, "NO_COM_FED": 5402, "GENRE_TXT": "b\u00e2timent"}}, {"type": "Feature", "id": 46350109, "geometry": {"type": "Polygon", "coordinates": [[[2566651.716, 1122211.492], [2566652.503, 1122208.879], [2566655.12, 1122209.588], [2566654.4, 1122212.25], [2566651.716, 1122211.492]]]}, "properties": {"OBJECTID": 46350109, "EGID": 280138785, "NO_COM_FED": 5402, "GENRE_TXT": "b\u00e2timent"}}, {"type": "Feature", "id": 46355848, "geometry": {"type": "Polygon", "coordinates": [[[2566660.0640000002, 1122350.233], [2566659.974, 1122350.393], [2566668.0640000002, 1122352.753], [2566667.5640000002, 1122354.343], [2566675.094, 1122356.503], [2566672.234, 1122366.143], [2566660.2939999998, 1122362.693], [2566660.684, 1122361.503], [2566656.744, 1122360.343], [2566659.584, 1122350.623], [2566659.484, 1122350.573], [2566659.624, 1122350.093], [2566660.0640000002, 1122350.233]]]}, "properties": {"OBJECTID": 46355848, "EGID": 849064, "NO_COM_FED": 5402, "GENRE_TXT": "b\u00e2timent"}}, {"type": "Feature", "id": 46371697, "geometry": {"type": "Polygon", "coordinates": [[[2566638.854, 1122527.673], [2566636.3140000002, 1122526.493], [2566638.043, 1122522.783], [2566636.863, 1122522.233], [2566638.873, 1122517.824], [2566648.433, 1122522.224], [2566646.604, 1122526.154], [2566647.2939999998, 1122526.494], [2566645.384, 1122530.653], [2566642.174, 1122529.173], [2566642.004, 1122529.563], [2566641.374, 1122529.763], [2566638.874, 1122528.623], [2566638.664, 1122528.073], [2566638.854, 1122527.673]]]}, "properties": {"OBJECTID": 46371697, "EGID": 849181, "NO_COM_FED": 5402, "GENRE_TXT": "b\u00e2timent"}}, {"type": "Feature", "id": 46475831, "geometry": {"type": "Polygon", "coordinates": [[[2566692.96, 1121933.065], [2566690.836, 1121938.585], [2566688.129, 1121939.752], [2566682.854, 1121937.708], [2566684.799, 1121932.395], [2566687.519, 1121930.981], [2566692.96, 1121933.065]]]}, "properties": {"OBJECTID": 46475831, "EGID": 280122703, "NO_COM_FED": 5402, "GENRE_TXT": "b\u00e2timent"}}, {"type": "Feature", "id": 46470055, "geometry": {"type": "Polygon", "coordinates": [[[2566698.816, 1122107.402], [2566700.046, 1122103.032], [2566705.716, 1122104.602], [2566704.156, 1122110.222], [2566696.356, 1122108.172], [2566694.006, 1122116.632], [2566684.397, 1122114.0219999999], [2566686.606, 1122105.59], [2566684.7060000002, 1122105.052], [2566685.952, 1122100.655], [2566687.013, 1122100.063], [2566691.571, 1122101.354], [2566692.163, 1122102.415], [2566691.329, 1122105.359], [2566698.816, 1122107.402]]]}, "properties": {"OBJECTID": 46470055, "EGID": 849101, "NO_COM_FED": 5402, "GENRE_TXT": "b\u00e2timent"}}, {"type": "Feature", "id": 46392041, "geometry": {"type": "Polygon", "coordinates": [[[2566738.245, 1122153.243], [2566737.795, 1122155.213], [2566739.155, 1122155.573], [2566737.575, 1122162.193], [2566727.175, 1122159.693], [2566729.205, 1122151.153], [2566738.245, 1122153.243]]]}, "properties": {"OBJECTID": 46392041, "EGID": 849098, "NO_COM_FED": 5402, "GENRE_TXT": "b\u00e2timent"}}, {"type": "Feature", "id": 46334142, "geometry": {"type": "Polygon", "coordinates": [[[2566708.8310000002, 1122228.443], [2566711.271, 1122217.68], [2566719.089, 1122219.449], [2566717.229, 1122227.71], [2566716.666, 1122230.208], [2566708.8310000002, 1122228.443]]]}, "properties": {"OBJECTID": 46334142, "EGID": 280121687, "NO_COM_FED": 5402, "GENRE_TXT": "b\u00e2timent"}}, {"type": "Feature", "id": 46344749, "geometry": {"type": "Polygon", "coordinates": [[[2566749.887, 1122643.293], [2566753.988, 1122650.423], [2566752.898, 1122651.083], [2566753.928, 1122652.873], [2566746.468, 1122657.153], [2566741.908, 1122649.313], [2566746.258, 1122646.833], [2566745.668, 1122645.803], [2566749.887, 1122643.293]]]}, "properties": {"OBJECTID": 46344749, "EGID": 849212, "NO_COM_FED": 5402, "GENRE_TXT": "b\u00e2timent"}}, {"type": "Feature", "id": 46496342, "geometry": {"type": "Polygon", "coordinates": [[[2566755.614, 1122550.794], [2566758.365, 1122556.484], [2566747.115, 1122561.704], [2566744.395, 1122555.964], [2566755.614, 1122550.794]]]}, "properties": {"OBJECTID": 46496342, "EGID": 3161013, "NO_COM_FED": 5402, "GENRE_TXT": "b\u00e2timent"}}, {"type": "Feature", "id": 46455277, "geometry": {"type": "Polygon", "coordinates": [[[2566808.303, 1122271.514], [2566808.683, 1122270.174], [2566812.363, 1122271.054], [2566812.073, 1122272.544], [2566814.822, 1122273.224], [2566811.832, 1122285.114], [2566801.353, 1122282.494], [2566804.393, 1122270.514], [2566808.303, 1122271.514]]]}, "properties": {"OBJECTID": 46455277, "EGID": 849071, "NO_COM_FED": 5402, "GENRE_TXT": "b\u00e2timent"}}, {"type": "Feature", "id": 46489462, "geometry": {"type": "Polygon", "coordinates": [[[2566831.133, 1122149.808], [2566835.067, 1122150.868], [2566832.983, 1122158.6], [2566840.973, 1122160.754], [2566837.833, 1122172.324], [2566829.623, 1122170.104], [2566830.665, 1122166.238], [2566826.973, 1122165.243], [2566831.133, 1122149.808]]]}, "properties": {"OBJECTID": 46489462, "EGID": 101075848, "NO_COM_FED": 5402, "GENRE_TXT": "b\u00e2timent"}}, {"type": "Feature", "id": 46498019, "geometry": {"type": "Polygon", "coordinates": [[[2566104.58, 1121901.244], [2566122.624, 1121907.917], [2566132.738, 1121911.657], [2566128.54, 1121922.944], [2566100.386, 1121912.467], [2566104.58, 1121901.244]]]}, "properties": {"OBJECTID": 46498019, "EGID": 280081032, "NO_COM_FED": 5402, "GENRE_TXT": "b\u00e2timent"}}, {"type": "Feature", "id": 46409223, "geometry": {"type": "Polygon", "coordinates": [[[2566117.506, 1122150.166], [2566101.996, 1122187.356], [2566090.796, 1122182.686], [2566106.296, 1122145.486], [2566117.506, 1122150.166]]]}, "properties": {"OBJECTID": 46409223, "EGID": 280002655, "NO_COM_FED": 5402, "GENRE_TXT": "b\u00e2timent"}}, {"type": "Feature", "id": 46421962, "geometry": {"type": "Polygon", "coordinates": [[[2566109.275, 1122191.736], [2566106.755, 1122197.806], [2566099.006, 1122194.586], [2566101.526, 1122188.516], [2566109.275, 1122191.736]]]}, "properties": {"OBJECTID": 46421962, "EGID": 280019976, "NO_COM_FED": 5402, "GENRE_TXT": "b\u00e2timent"}}, {"type": "Feature", "id": 46396141, "geometry": {"type": "Polygon", "coordinates": [[[2566129.4, 1122716.549], [2566135.329, 1122693.2], [2566137.599, 1122694.06], [2566131.71, 1122717.119], [2566132.87, 1122717.399], [2566132.06, 1122720.649], [2566133.4, 1122721.159], [2566130.5, 1122728.869], [2566122.59, 1122725.899], [2566119.891, 1122733.159], [2566132.421, 1122737.889], [2566129.071, 1122746.659], [2566087.79, 1122731.009], [2566096.74, 1122707.259], [2566101.48, 1122709.049], [2566102.95, 1122705.129], [2566098.12, 1122703.249], [2566099.469, 1122699.749], [2566104.269, 1122701.619], [2566104.789, 1122700.309], [2566128.66, 1122709.379], [2566125.51, 1122718.199], [2566128.14, 1122719.179], [2566128.81, 1122716.379], [2566129.4, 1122716.549]]]}, "properties": {"OBJECTID": 46396141, "EGID": 280000942, "NO_COM_FED": 5402, "GENRE_TXT": "b\u00e2timent"}}, {"type": "Feature", "id": 46314090, "geometry": {"type": "Polygon", "coordinates": [[[2566151.682, 1121829.896], [2566153.209, 1121826.295], [2566159.009, 1121828.755], [2566156.469, 1121834.745], [2566150.6689999998, 1121832.285], [2566151.682, 1121829.896]]]}, "properties": {"OBJECTID": 46314090, "EGID": 280025096, "NO_COM_FED": 5402, "GENRE_TXT": "b\u00e2timent"}}, {"type": "Feature", "id": 46481891, "geometry": {"type": "Polygon", "coordinates": [[[2566217.509, 1122571.34], [2566196.289, 1122622.48], [2566173.079, 1122613.14], [2566185.949, 1122582.09], [2566183.229, 1122580.949], [2566191.63, 1122560.599], [2566217.509, 1122571.34]]]}, "properties": {"OBJECTID": 46481891, "EGID": 280000666, "NO_COM_FED": 5402, "GENRE_TXT": "b\u00e2timent"}}, {"type": "Feature", "id": 46383405, "geometry": {"type": "Polygon", "coordinates": [[[2566202.774, 1122073.93], [2566204.848, 1122074.704], [2566199.188, 1122089.87], [2566190.066, 1122086.437], [2566195.717, 1122071.296], [2566202.774, 1122073.93]]]}, "properties": {"OBJECTID": 46383405, "EGID": 280126752, "NO_COM_FED": 5402, "GENRE_TXT": "b\u00e2timent"}}, {"type": "Feature", "id": 46349640, "geometry": {"type": "Polygon", "coordinates": [[[2566264.091, 1122348.649], [2566265.091, 1122346.339], [2566273.041, 1122349.619], [2566272.051, 1122351.959], [2566272.231, 1122352.029], [2566267.101, 1122364.339], [2566264.051, 1122363.079], [2566263.521, 1122364.339], [2566259.351, 1122362.599], [2566259.881, 1122361.319], [2566259.521, 1122361.169], [2566263.951, 1122348.599], [2566264.091, 1122348.649]]]}, "properties": {"OBJECTID": 46349640, "EGID": 849177, "NO_COM_FED": 5402, "GENRE_TXT": "b\u00e2timent"}}, {"type": "Feature", "id": 46528863, "geometry": {"type": "Polygon", "coordinates": [[[2566318.563, 1122656.662], [2566346.247, 1122609.948], [2566360.873, 1122618.616], [2566359.002, 1122621.774], [2566365.024, 1122625.342], [2566364.448, 1122626.315], [2566360.346, 1122623.8969999999], [2566359.74, 1122624.925], [2566352.908, 1122620.882], [2566328.921, 1122661.426], [2566335.742, 1122665.457], [2566335.132, 1122666.486], [2566318.563, 1122656.662]]]}, "properties": {"OBJECTID": 46528863, "EGID": null, "NO_COM_FED": 5402, "GENRE_TXT": "b\u00e2timent s-sol"}}, {"type": "Feature", "id": 46337914, "geometry": {"type": "Polygon", "coordinates": [[[2566405.41, 1122263.21], [2566389.94, 1122258.28], [2566392.14, 1122251.38], [2566397.12, 1122252.91], [2566397.84, 1122250.69], [2566401.5, 1122251.9], [2566404.97, 1122240.97], [2566412.72, 1122243.63], [2566410.6, 1122250.15], [2566406.22, 1122263.47], [2566405.41, 1122263.21]]]}, "properties": {"OBJECTID": 46337914, "EGID": 849237, "NO_COM_FED": 5402, "GENRE_TXT": "b\u00e2timent"}}, {"type": "Feature", "id": 46406287, "geometry": {"type": "Polygon", "coordinates": [[[2566468.688, 1122191.733], [2566464.001, 1122190.219], [2566463.984, 1122190.309], [2566444.79, 1122184.172], [2566450.592, 1122166.044], [2566469.781, 1122172.173], [2566469.754, 1122172.259], [2566474.431, 1122173.753], [2566468.688, 1122191.733]]]}, "properties": {"OBJECTID": 46406287, "EGID": 280056164, "NO_COM_FED": 5402, "GENRE_TXT": "b\u00e2timent"}}, {"type": "Feature", "id": 46374972, "geometry": {"type": "Polygon", "coordinates": [[[2566437.629, 1122282.53], [2566432.059, 1122300.8], [2566419.549, 1122296.98], [2566425.049, 1122278.75], [2566437.629, 1122282.53]]]}, "properties": {"OBJECTID": 46374972, "EGID": 849239, "NO_COM_FED": 5402, "GENRE_TXT": "b\u00e2timent"}}, {"type": "Feature", "id": 46529140, "geometry": {"type": "Polygon", "coordinates": [[[2566410.708, 1122587.387], [2566417.013, 1122572.663], [2566427.906, 1122577.302], [2566439.06, 1122551.253], [2566450.102, 1122555.977], [2566445.33, 1122567.124], [2566449.92, 1122569.098], [2566455.122, 1122556.979], [2566466.468, 1122561.836], [2566465.128, 1122564.967], [2566464.795, 1122564.824], [2566455.151, 1122587.28], [2566455.336, 1122587.372], [2566455.562, 1122587.306], [2566449.168, 1122602.24], [2566447.055, 1122602.951], [2566410.708, 1122587.387]]]}, "properties": {"OBJECTID": 46529140, "EGID": null, "NO_COM_FED": 5402, "GENRE_TXT": "b\u00e2timent s-sol"}}, {"type": "Feature", "id": 46538944, "geometry": {"type": "Polygon", "coordinates": [[[2566472.136, 1122755.9], [2566490.307, 1122768.658], [2566482.043, 1122780.412], [2566467.24, 1122770.014], [2566465.826, 1122772.027], [2566440.448, 1122754.222], [2566441.862, 1122752.209], [2566427.06, 1122741.81], [2566435.323, 1122730.043], [2566453.495, 1122742.808], [2566472.136, 1122755.9]]]}, "properties": {"OBJECTID": 46538944, "EGID": null, "NO_COM_FED": 5402, "GENRE_TXT": "b\u00e2timent s-sol"}}, {"type": "Feature", "id": 46324002, "geometry": {"type": "Polygon", "coordinates": [[[2566515.962, 1122200.386], [2566512.712, 1122199.374], [2566507.015, 1122197.599], [2566504.293, 1122196.751], [2566498.654, 1122194.995], [2566495.944, 1122194.15], [2566490.251, 1122192.377], [2566487.534, 1122191.531], [2566481.827, 1122189.753], [2566486.233, 1122175.445], [2566520.427, 1122186.052], [2566515.962, 1122200.386]]]}, "properties": {"OBJECTID": 46324002, "EGID": 280139343, "NO_COM_FED": 5402, "GENRE_TXT": "b\u00e2timent"}}, {"type": "Feature", "id": 46422752, "geometry": {"type": "Polygon", "coordinates": [[[2566480.247, 1122351.501], [2566479.587, 1122345.661], [2566483.877, 1122345.081], [2566483.787, 1122344.071], [2566489.897, 1122343.371], [2566492.497, 1122343.091], [2566492.517, 1122343.391], [2566498.997, 1122342.591], [2566499.057, 1122343.391], [2566503.637, 1122342.881], [2566504.287, 1122348.781], [2566503.847, 1122348.871], [2566504.327, 1122352.721], [2566494.597, 1122353.771], [2566494.647, 1122354.371], [2566489.537, 1122354.931], [2566489.507, 1122354.371], [2566481.167, 1122355.281], [2566480.767, 1122351.451], [2566480.247, 1122351.501]]]}, "properties": {"OBJECTID": 46422752, "EGID": 9019247, "NO_COM_FED": 5402, "GENRE_TXT": "b\u00e2timent"}}, {"type": "Feature", "id": 46355178, "geometry": {"type": "Polygon", "coordinates": [[[2566466.866, 1122496.622], [2566468.926, 1122492.582], [2566480.595, 1122498.472], [2566473.215, 1122512.902], [2566479.455, 1122516.072], [2566472.095, 1122530.542], [2566460.425, 1122524.682], [2566467.845, 1122510.192], [2566461.546, 1122507.042], [2566463.646, 1122502.892], [2566464.876, 1122503.452], [2566468.016, 1122497.212], [2566466.866, 1122496.622]]]}, "properties": {"OBJECTID": 46355178, "EGID": 849188, "NO_COM_FED": 5402, "GENRE_TXT": "b\u00e2timent"}}, {"type": "Feature", "id": 46538756, "geometry": {"type": "Polygon", "coordinates": [[[2566619.906, 1122248.768], [2566616.657, 1122259.257], [2566614.43, 1122258.567], [2566612.678, 1122264.136], [2566628.211, 1122268.979], [2566626.574, 1122274.241], [2566625.148, 1122273.805], [2566621.8310000002, 1122284.576], [2566618.278, 1122283.473], [2566617.747, 1122285.182], [2566615.458, 1122284.474], [2566616.233, 1122282.811], [2566515.5, 1122251.526], [2566520.515, 1122235.376], [2566525.933, 1122237.042], [2566525.88, 1122237.213], [2566543.726, 1122242.746], [2566545.476, 1122237.139], [2566543.21, 1122236.435], [2566545.541, 1122228.935], [2566547.792, 1122229.636], [2566548.72, 1122226.66], [2566565.57, 1122231.894], [2566562.334, 1122242.358], [2566560.091, 1122241.664], [2566558.344, 1122247.27], [2566576.199, 1122252.824], [2566577.933, 1122247.223], [2566575.7, 1122246.531], [2566578.032, 1122239.007], [2566580.248, 1122239.693], [2566581.176, 1122236.74], [2566594.507, 1122240.88], [2566597.723, 1122230.526], [2566602.704, 1122232.055], [2566599.475, 1122242.423], [2566619.906, 1122248.768]]]}, "properties": {"OBJECTID": 46538756, "EGID": null, "NO_COM_FED": 5402, "GENRE_TXT": "b\u00e2timent s-sol"}}, {"type": "Feature", "id": 46448579, "geometry": {"type": "Polygon", "coordinates": [[[2566491.437, 1122317.601], [2566492.147, 1122315.521], [2566496.167, 1122316.921], [2566495.477, 1122318.971], [2566491.437, 1122317.601]]]}, "properties": {"OBJECTID": 46448579, "EGID": 280112154, "NO_COM_FED": 5402, "GENRE_TXT": "b\u00e2timent"}}, {"type": "Feature", "id": 46333268, "geometry": {"type": "Polygon", "coordinates": [[[2566502.615, 1122485.232], [2566501.095, 1122488.312], [2566494.865, 1122485.252], [2566496.365, 1122482.162], [2566502.615, 1122485.232]]]}, "properties": {"OBJECTID": 46333268, "EGID": 280036659, "NO_COM_FED": 5402, "GENRE_TXT": "b\u00e2timent"}}, {"type": "Feature", "id": 46415010, "geometry": {"type": "Polygon", "coordinates": [[[2566518.285, 1122556.873], [2566527.125, 1122561.343], [2566525.425, 1122564.693], [2566516.605, 1122560.233], [2566518.285, 1122556.873]]]}, "properties": {"OBJECTID": 46415010, "EGID": 280026065, "NO_COM_FED": 5402, "GENRE_TXT": "b\u00e2timent"}}, {"type": "Feature", "id": 46386552, "geometry": {"type": "Polygon", "coordinates": [[[2566550.682, 1122016.43], [2566540.792, 1122013.793], [2566540.726, 1122013.995], [2566539.282, 1122013.612], [2566540.233, 1122010.0219999999], [2566541.6859999998, 1122010.39], [2566543.164, 1122004.837], [2566543.243, 1122004.614], [2566553.132, 1122007.251], [2566554.582, 1122007.638], [2566552.975, 1122013.657], [2566551.529, 1122013.269], [2566550.682, 1122016.43]]]}, "properties": {"OBJECTID": 46386552, "EGID": 280101541, "NO_COM_FED": 5402, "GENRE_TXT": "b\u00e2timent"}}, {"type": "Feature", "id": 46371806, "geometry": {"type": "Polygon", "coordinates": [[[2566555.587, 1121998.073], [2566545.698, 1121995.437], [2566545.649, 1121995.653], [2566544.1890000002, 1121995.26], [2566545.144, 1121991.656], [2566546.614, 1121992.032], [2566548.084, 1121986.469], [2566548.147, 1121986.257], [2566558.05, 1121988.898], [2566559.476, 1121989.278], [2566557.87, 1121995.276], [2566556.4189999998, 1121994.896], [2566555.587, 1121998.073]]]}, "properties": {"OBJECTID": 46371806, "EGID": 280101538, "NO_COM_FED": 5402, "GENRE_TXT": "b\u00e2timent"}}, {"type": "Feature", "id": 46305973, "geometry": {"type": "Polygon", "coordinates": [[[2566548.084, 1121986.469], [2566546.653, 1121986.079], [2566549.152, 1121976.669], [2566560.487, 1121979.708], [2566558.05, 1121988.898], [2566548.147, 1121986.257], [2566548.084, 1121986.469]]]}, "properties": {"OBJECTID": 46305973, "EGID": 280101539, "NO_COM_FED": 5402, "GENRE_TXT": "b\u00e2timent"}}, {"type": "Feature", "id": 46510193, "geometry": {"type": "Polygon", "coordinates": [[[2566545.341, 1122046.086], [2566544.43, 1122049.475], [2566544.912, 1122049.605], [2566543.046, 1122056.691], [2566533.389, 1122054.092], [2566535.262, 1122047.021], [2566535.744, 1122047.15], [2566536.649, 1122043.768], [2566545.341, 1122046.086]]]}, "properties": {"OBJECTID": 46510193, "EGID": 101075845, "NO_COM_FED": 5402, "GENRE_TXT": "b\u00e2timent"}}, {"type": "Feature", "id": 46535517, "geometry": {"type": "Polygon", "coordinates": [[[2566581.402, 1121819.107], [2566587.155, 1121818.788], [2566588.495, 1121842.737], [2566582.724, 1121843.062], [2566581.402, 1121819.107]]]}, "properties": {"OBJECTID": 46535517, "EGID": null, "NO_COM_FED": 5402, "GENRE_TXT": "b\u00e2timent s-sol"}}, {"type": "Feature", "id": 46454232, "geometry": {"type": "Polygon", "coordinates": [[[2566598.079, 1122044.121], [2566597.679, 1122048.621], [2566594.369, 1122048.281], [2566594.769, 1122043.811], [2566598.079, 1122044.121]]]}, "properties": {"OBJECTID": 46454232, "EGID": 280048421, "NO_COM_FED": 5402, "GENRE_TXT": "b\u00e2timent"}}, {"type": "Feature", "id": 46465621, "geometry": {"type": "Polygon", "coordinates": [[[2566599.749, 1122063.078], [2566587.2, 1122062.165], [2566587.969, 1122051.921], [2566600.363, 1122052.803], [2566599.749, 1122063.078]]]}, "properties": {"OBJECTID": 46465621, "EGID": 3161352, "NO_COM_FED": 5402, "GENRE_TXT": "b\u00e2timent"}}, {"type": "Feature", "id": 46390445, "geometry": {"type": "Polygon", "coordinates": [[[2566576.199, 1122252.824], [2566558.344, 1122247.27], [2566560.091, 1122241.664], [2566562.334, 1122242.358], [2566565.984, 1122230.554], [2566563.746, 1122229.862], [2566565.926, 1122222.875], [2566566.431, 1122221.256], [2566568.648, 1122221.941], [2566571.305, 1122213.349], [2566569.089, 1122212.664], [2566570.844, 1122207.067], [2566573.036, 1122207.749], [2566573.713, 1122205.561], [2566582.767, 1122208.374], [2566582.085, 1122210.566], [2566588.667, 1122212.614], [2566586.91, 1122218.211], [2566584.691, 1122217.524], [2566582.029, 1122226.112], [2566581.437, 1122228.024], [2566579.692, 1122233.651], [2566581.928, 1122234.345], [2566580.248, 1122239.693], [2566578.032, 1122239.007], [2566575.7, 1122246.531], [2566577.933, 1122247.223], [2566576.199, 1122252.824]]]}, "properties": {"OBJECTID": 46390445, "EGID": 280091907, "NO_COM_FED": 5402, "GENRE_TXT": "b\u00e2timent"}}, {"type": "Feature", "id": 46410541, "geometry": {"type": "Polygon", "coordinates": [[[2566590.898, 1122659.492], [2566581.528, 1122648.952], [2566589.197, 1122642.062], [2566598.628, 1122652.742], [2566590.898, 1122659.492]]]}, "properties": {"OBJECTID": 46410541, "EGID": 280009667, "NO_COM_FED": 5402, "GENRE_TXT": "b\u00e2timent"}}, {"type": "Feature", "id": 46480264, "geometry": {"type": "Polygon", "coordinates": [[[2566613.816, 1121966.433], [2566613.72, 1121966.663], [2566609.477, 1121964.937], [2566613.246, 1121955.67], [2566617.053, 1121957.219], [2566617.98, 1121954.94], [2566622.07, 1121956.59], [2566617.35, 1121967.91], [2566613.816, 1121966.433]]]}, "properties": {"OBJECTID": 46480264, "EGID": 280066448, "NO_COM_FED": 5402, "GENRE_TXT": "b\u00e2timent"}}, {"type": "Feature", "id": 46288871, "geometry": {"type": "Polygon", "coordinates": [[[2566627.881, 1122024.579], [2566628.0826077526, 1122024.6682483652], [2566628.2666398636, 1122024.7896696927], [2566628.4280081866, 1122024.9399069082], [2566628.5622511874, 1122025.1148062316], [2566628.665657297, 1122025.3095320216], [2566628.735367527, 1122025.5187004714], [2566628.76945452, 1122025.736528462], [2566628.766975834, 1122025.9569934541], [2566628.728, 1122026.174], [2566628.6544341855, 1122026.3797300982], [2566628.548081081, 1122026.5705855922], [2566628.4118286325, 1122026.7413839314], [2566628.249376682, 1122026.887487204], [2566628.0651365016, 1122027.0049280755], [2566627.864111007, 1122027.090517519], [2566627.651758908, 1122027.1419314123], [2566627.4338464807, 1122027.157773646], [2566627.2162909876, 1122027.137614035], [2566627.005, 1122027.082], [2566625.506, 1122026.597], [2566624.067, 1122027.349], [2566624.625, 1122028.415], [2566618.536, 1122031.682], [2566614.874, 1122024.813], [2566620.605, 1122021.755], [2566621.473, 1122018.877], [2566628.92, 1122021.123], [2566627.881, 1122024.579]]]}, "properties": {"OBJECTID": 46288871, "EGID": 280013164, "NO_COM_FED": 5402, "GENRE_TXT": "b\u00e2timent"}}, {"type": "Feature", "id": 46453412, "geometry": {"type": "Polygon", "coordinates": [[[2566624.626, 1122192.981], [2566628.04, 1122181.706], [2566633.952, 1122183.495], [2566630.535, 1122194.77], [2566624.626, 1122192.981]]]}, "properties": {"OBJECTID": 46453412, "EGID": 280094352, "NO_COM_FED": 5402, "GENRE_TXT": "b\u00e2timent"}}, {"type": "Feature", "id": 46435591, "geometry": {"type": "Polygon", "coordinates": [[[2566605.063, 1122505.123], [2566607.903, 1122498.183], [2566618.633, 1122502.733], [2566612.973, 1122516.163], [2566611.693, 1122515.633], [2566610.173, 1122519.383], [2566602.043, 1122515.933], [2566603.633, 1122512.183], [2566602.373, 1122511.663], [2566603.683, 1122508.483], [2566603.013, 1122508.193], [2566604.383, 1122504.833], [2566605.063, 1122505.123]]]}, "properties": {"OBJECTID": 46435591, "EGID": 849183, "NO_COM_FED": 5402, "GENRE_TXT": "b\u00e2timent"}}, {"type": "Feature", "id": 46299851, "geometry": {"type": "Polygon", "coordinates": [[[2566636.477, 1122638.773], [2566642.848, 1122646.113], [2566638.468, 1122649.902], [2566641.318, 1122653.242], [2566639.078, 1122655.282], [2566635.228, 1122650.932], [2566625.318, 1122659.672], [2566626.188, 1122660.712], [2566621.078, 1122665.192], [2566614.718, 1122657.892], [2566636.477, 1122638.773]]]}, "properties": {"OBJECTID": 46299851, "EGID": 849224, "NO_COM_FED": 5402, "GENRE_TXT": "b\u00e2timent"}}, {"type": "Feature", "id": 46290748, "geometry": {"type": "Polygon", "coordinates": [[[2566656.727, 1121937.833], [2566656.625, 1121937.861], [2566656.164, 1121937.733], [2566655.779, 1121938.461], [2566654.909, 1121938.161], [2566653.629, 1121941.601], [2566651.879, 1121945.831], [2566647.749, 1121953.761], [2566637.139, 1121949.75], [2566643.15, 1121932.97], [2566649.892, 1121935.316], [2566652.727, 1121929.938], [2566659.141, 1121933.266], [2566659.215, 1121933.304], [2566656.834, 1121937.804], [2566656.727, 1121937.833]]]}, "properties": {"OBJECTID": 46290748, "EGID": 280005932, "NO_COM_FED": 5402, "GENRE_TXT": "b\u00e2timent"}}, {"type": "Feature", "id": 46343335, "geometry": {"type": "Polygon", "coordinates": [[[2566653.899, 1121975.571], [2566649.849, 1121984.081], [2566640.389, 1121979.701], [2566644.389, 1121971.131], [2566653.899, 1121975.571]]]}, "properties": {"OBJECTID": 46343335, "EGID": 849034, "NO_COM_FED": 5402, "GENRE_TXT": "b\u00e2timent"}}, {"type": "Feature", "id": 46444763, "geometry": {"type": "Polygon", "coordinates": [[[2566635.965, 1122039.542], [2566636.839, 1122036.672], [2566639.726, 1122037.529], [2566638.841, 1122040.427], [2566635.965, 1122039.542]]]}, "properties": {"OBJECTID": 46444763, "EGID": 280110824, "NO_COM_FED": 5402, "GENRE_TXT": "b\u00e2timent"}}, {"type": "Feature", "id": 46389288, "geometry": {"type": "Polygon", "coordinates": [[[2566643.519, 1122169.875], [2566637.739, 1122168.121], [2566641.155, 1122156.848], [2566646.9359999998, 1122158.6], [2566643.519, 1122169.875]]]}, "properties": {"OBJECTID": 46389288, "EGID": 280094469, "NO_COM_FED": 5402, "GENRE_TXT": "b\u00e2timent"}}, {"type": "Feature", "id": 46426685, "geometry": {"type": "Polygon", "coordinates": [[[2566636.315, 1122196.52], [2566639.733, 1122185.245], [2566645.628, 1122187.03], [2566643.529, 1122193.981], [2566642.222, 1122198.309], [2566636.315, 1122196.52]]]}, "properties": {"OBJECTID": 46426685, "EGID": 280094467, "NO_COM_FED": 5402, "GENRE_TXT": "b\u00e2timent"}}, {"type": "Feature", "id": 46319644, "geometry": {"type": "Polygon", "coordinates": [[[2566706.9359999998, 1122135.202], [2566705.496, 1122141.752], [2566698.926, 1122140.312], [2566700.366, 1122133.762], [2566706.9359999998, 1122135.202]]]}, "properties": {"OBJECTID": 46319644, "EGID": 280023836, "NO_COM_FED": 5402, "GENRE_TXT": "b\u00e2timent"}}, {"type": "Feature", "id": 46444958, "geometry": {"type": "Polygon", "coordinates": [[[2566678.065, 1122183.413], [2566678.822, 1122180.459], [2566684.487, 1122181.934], [2566683.732, 1122184.89], [2566678.065, 1122183.413]]]}, "properties": {"OBJECTID": 46444958, "EGID": 280108428, "NO_COM_FED": 5402, "GENRE_TXT": "b\u00e2timent"}}, {"type": "Feature", "id": 46445656, "geometry": {"type": "Polygon", "coordinates": [[[2566701.869, 1122189.585], [2566699.02, 1122200.296], [2566690.23, 1122198.039], [2566693.093, 1122187.376], [2566701.869, 1122189.585]]]}, "properties": {"OBJECTID": 46445656, "EGID": 280102025, "NO_COM_FED": 5402, "GENRE_TXT": "b\u00e2timent"}}, {"type": "Feature", "id": 46419990, "geometry": {"type": "Polygon", "coordinates": [[[2566677.751, 1122215.135], [2566678.0640000002, 1122213.918], [2566684.571, 1122215.623], [2566683.749, 1122218.73], [2566677.251, 1122217.027], [2566677.751, 1122215.135]]]}, "properties": {"OBJECTID": 46419990, "EGID": 280138777, "NO_COM_FED": 5402, "GENRE_TXT": "b\u00e2timent"}}, {"type": "Feature", "id": 46460522, "geometry": {"type": "Polygon", "coordinates": [[[2566684.403, 1122421.134], [2566683.253, 1122425.264], [2566680.623, 1122424.504], [2566681.753, 1122420.434], [2566684.403, 1122421.134]]]}, "properties": {"OBJECTID": 46460522, "EGID": 280051517, "NO_COM_FED": 5402, "GENRE_TXT": "b\u00e2timent"}}, {"type": "Feature", "id": 46456059, "geometry": {"type": "Polygon", "coordinates": [[[2566714.552, 1122424.064], [2566712.212, 1122432.064], [2566713.792, 1122432.544], [2566713.872, 1122432.274], [2566714.212, 1122432.374], [2566713.182, 1122436.004], [2566712.862, 1122435.944], [2566712.952, 1122435.674], [2566707.042, 1122433.934], [2566707.532, 1122432.254], [2566695.723, 1122428.854], [2566698.353, 1122419.884], [2566698.153, 1122419.814], [2566698.303, 1122419.344], [2566698.833, 1122419.484], [2566698.793, 1122419.704], [2566714.172, 1122424.274], [2566714.212, 1122424.044], [2566714.552, 1122424.064]]]}, "properties": {"OBJECTID": 46456059, "EGID": 849060, "NO_COM_FED": 5402, "GENRE_TXT": "b\u00e2timent"}}, {"type": "Feature", "id": 46411300, "geometry": {"type": "Polygon", "coordinates": [[[2566691.058, 1122554.3], [2566678.335, 1122545.597], [2566681.809, 1122540.499], [2566684.804, 1122539.948], [2566686.499, 1122541.13], [2566692.0609999998, 1122540.096], [2566693.243, 1122538.351], [2566696.266, 1122537.806], [2566701.313, 1122541.269], [2566692.613, 1122554.012], [2566691.058, 1122554.3]]]}, "properties": {"OBJECTID": 46411300, "EGID": 280091400, "NO_COM_FED": 5402, "GENRE_TXT": "b\u00e2timent"}}, {"type": "Feature", "id": 46365255, "geometry": {"type": "Polygon", "coordinates": [[[2566731.526, 1122103.102], [2566731.876, 1122101.732], [2566735.726, 1122102.662], [2566735.4359999998, 1122104.032], [2566739.616, 1122105.082], [2566737.636, 1122113.472], [2566731.176, 1122111.892], [2566729.236, 1122119.972], [2566723.366, 1122118.542], [2566727.286, 1122102.052], [2566731.526, 1122103.102]]]}, "properties": {"OBJECTID": 46365255, "EGID": 849097, "NO_COM_FED": 5402, "GENRE_TXT": "b\u00e2timent"}}, {"type": "Feature", "id": 46483762, "geometry": {"type": "Polygon", "coordinates": [[[2566712.529, 1122194.455], [2566723.196, 1122197.258], [2566720.893, 1122205.977], [2566710.197, 1122203.19], [2566712.529, 1122194.455]]]}, "properties": {"OBJECTID": 46483762, "EGID": 280119573, "NO_COM_FED": 5402, "GENRE_TXT": "b\u00e2timent"}}, {"type": "Feature", "id": 46320469, "geometry": {"type": "Polygon", "coordinates": [[[2566743.203, 1121941.82], [2566744.309, 1121939.704], [2566746.923, 1121941.036], [2566745.825, 1121943.155], [2566743.203, 1121941.82]]]}, "properties": {"OBJECTID": 46320469, "EGID": 280110656, "NO_COM_FED": 5402, "GENRE_TXT": "b\u00e2timent"}}, {"type": "Feature", "id": 46471232, "geometry": {"type": "Polygon", "coordinates": [[[2566743.948, 1121980.427], [2566747.347, 1121971.004], [2566755.373, 1121973.915], [2566754.053, 1121977.553], [2566758.748, 1121979.253], [2566755.233, 1121988.961], [2566754.076, 1121988.542], [2566753.058, 1121991.355], [2566747.429, 1121989.318], [2566749.858, 1121982.579], [2566743.948, 1121980.427]]]}, "properties": {"OBJECTID": 46471232, "EGID": 280081960, "NO_COM_FED": 5402, "GENRE_TXT": "b\u00e2timent"}}, {"type": "Feature", "id": 46464725, "geometry": {"type": "Polygon", "coordinates": [[[2566767.353, 1122051.8], [2566762.98, 1122050.264], [2566762.317, 1122052.153], [2566759.125, 1122051.032], [2566763.097, 1122039.688], [2566770.67, 1122042.346], [2566767.353, 1122051.8]]]}, "properties": {"OBJECTID": 46464725, "EGID": 400001822, "NO_COM_FED": 5402, "GENRE_TXT": "b\u00e2timent"}}, {"type": "Feature", "id": 46461171, "geometry": {"type": "Polygon", "coordinates": [[[2566779.484, 1122187.213], [2566780.124, 1122185.423], [2566782.694, 1122186.343], [2566782.054, 1122188.123], [2566779.484, 1122187.213]]]}, "properties": {"OBJECTID": 46461171, "EGID": 280117249, "NO_COM_FED": 5402, "GENRE_TXT": "b\u00e2timent"}}, {"type": "Feature", "id": 46354415, "geometry": {"type": "Polygon", "coordinates": [[[2566784.354, 1122180.953], [2566782.934, 1122185.173], [2566764.394, 1122178.893], [2566765.884, 1122174.573], [2566784.354, 1122180.953]]]}, "properties": {"OBJECTID": 46354415, "EGID": 280014118, "NO_COM_FED": 5402, "GENRE_TXT": "b\u00e2timent"}}, {"type": "Feature", "id": 46464772, "geometry": {"type": "Polygon", "coordinates": [[[2566815.627, 1122319.803], [2566817.652, 1122320.314], [2566816.338, 1122325.696], [2566814.422, 1122333.544], [2566806.802, 1122331.744], [2566809.692, 1122319.984], [2566813.042, 1122320.814], [2566813.452, 1122319.254], [2566815.627, 1122319.803]]]}, "properties": {"OBJECTID": 46464772, "EGID": 849069, "NO_COM_FED": 5402, "GENRE_TXT": "b\u00e2timent"}}, {"type": "Feature", "id": 46287794, "geometry": {"type": "Polygon", "coordinates": [[[2566829.492, 1122467.995], [2566829.802, 1122468.445], [2566832.772, 1122466.465], [2566837.432, 1122473.285], [2566828.662, 1122479.345], [2566829.312, 1122480.395], [2566827.872, 1122481.305], [2566827.172, 1122480.335], [2566826.922, 1122480.495], [2566822.292, 1122473.725], [2566825.202, 1122471.655], [2566824.872, 1122471.165], [2566829.492, 1122467.995]]]}, "properties": {"OBJECTID": 46287794, "EGID": 849163, "NO_COM_FED": 5402, "GENRE_TXT": "b\u00e2timent"}}, {"type": "Feature", "id": 46390176, "geometry": {"type": "Polygon", "coordinates": [[[2566109.301, 1121890.064], [2566126.033, 1121844.878], [2566136.29, 1121848.672], [2566119.582, 1121893.856], [2566109.301, 1121890.064]]]}, "properties": {"OBJECTID": 46390176, "EGID": 280077417, "NO_COM_FED": 5402, "GENRE_TXT": "b\u00e2timent"}}, {"type": "Feature", "id": 46507890, "geometry": {"type": "Polygon", "coordinates": [[[2566077.642, 1122097.584], [2566115.99, 1121994.346], [2566138.432, 1122002.669], [2566100.073, 1122106.04], [2566077.642, 1122097.584]]]}, "properties": {"OBJECTID": 46507890, "EGID": 280103126, "NO_COM_FED": 5402, "GENRE_TXT": "b\u00e2timent"}}, {"type": "Feature", "id": 46290743, "geometry": {"type": "Polygon", "coordinates": [[[2566055.679, 1122231.294], [2566027.505, 1122220.858], [2566064.083, 1122122.403], [2566092.241, 1122132.848], [2566055.679, 1122231.294]]]}, "properties": {"OBJECTID": 46290743, "EGID": 280100573, "NO_COM_FED": 5402, "GENRE_TXT": "b\u00e2timent"}}, {"type": "Feature", "id": 46455775, "geometry": {"type": "Polygon", "coordinates": [[[2566222.039, 1121849.869], [2566225.543, 1121838.384], [2566229.204, 1121839.484], [2566227.37, 1121845.468], [2566225.68, 1121850.98], [2566222.039, 1121849.869]]]}, "properties": {"OBJECTID": 46455775, "EGID": 280075739, "NO_COM_FED": 5402, "GENRE_TXT": "b\u00e2timent"}}, {"type": "Feature", "id": 46403687, "geometry": {"type": "Polygon", "coordinates": [[[2566230.844, 1121846.944], [2566239.868, 1121850.778], [2566253.729, 1121856.665], [2566246.729, 1121873.1], [2566223.85, 1121863.354], [2566228.595, 1121852.222], [2566230.844, 1121846.944]]]}, "properties": {"OBJECTID": 46403687, "EGID": 280075722, "NO_COM_FED": 5402, "GENRE_TXT": "b\u00e2timent"}}, {"type": "Feature", "id": 46300754, "geometry": {"type": "Polygon", "coordinates": [[[2566270.773, 1121961.066], [2566276.405, 1121963.14], [2566270.167, 1121980.067], [2566234.474, 1121966.8969999999], [2566240.701, 1121949.992], [2566270.773, 1121961.066]]]}, "properties": {"OBJECTID": 46300754, "EGID": 280080501, "NO_COM_FED": 5402, "GENRE_TXT": "b\u00e2timent"}}, {"type": "Feature", "id": 46296155, "geometry": {"type": "Polygon", "coordinates": [[[2566313.929, 1122434.32], [2566308.969, 1122465.98], [2566296.119, 1122463.98], [2566301.049, 1122432.33], [2566313.929, 1122434.32]]]}, "properties": {"OBJECTID": 46296155, "EGID": 9049082, "NO_COM_FED": 5402, "GENRE_TXT": "b\u00e2timent"}}, {"type": "Feature", "id": 46494327, "geometry": {"type": "Polygon", "coordinates": [[[2566356.702, 1122639.386], [2566346.9390000002, 1122655.84], [2566346.154, 1122655.381], [2566344.012, 1122659.037], [2566344.779, 1122659.496], [2566339.21, 1122668.899], [2566335.132, 1122666.486], [2566335.742, 1122665.457], [2566328.921, 1122661.426], [2566352.908, 1122620.882], [2566359.74, 1122624.925], [2566360.346, 1122623.8969999999], [2566364.448, 1122626.315], [2566358.872, 1122635.718], [2566358.067, 1122635.245], [2566355.909, 1122638.912], [2566356.702, 1122639.386]]]}, "properties": {"OBJECTID": 46494327, "EGID": 280081272, "NO_COM_FED": 5402, "GENRE_TXT": "b\u00e2timent"}}, {"type": "Feature", "id": 46396931, "geometry": {"type": "Polygon", "coordinates": [[[2566374.503, 1122017.468], [2566376.613, 1122007.308], [2566381.823, 1122008.428], [2566380.943, 1122012.638], [2566384.813, 1122013.388], [2566387.823, 1121998.858], [2566386.473, 1121998.588], [2566387.643, 1121992.668], [2566385.953, 1121992.328], [2566386.663, 1121988.908], [2566388.373, 1121989.258], [2566397.854, 1121943.158], [2566371.864, 1121934.568], [2566366.914, 1121959.078], [2566358.604, 1121957.538], [2566363.284, 1121933.378], [2566365.514, 1121923.537], [2566406.863, 1121937.008], [2566400.823, 1121967.828], [2566391.523, 1122011.528], [2566389.163, 1122021.4780000001], [2566374.503, 1122017.468]]]}, "properties": {"OBJECTID": 46396931, "EGID": 280000784, "NO_COM_FED": 5402, "GENRE_TXT": "b\u00e2timent"}}, {"type": "Feature", "id": 46458965, "geometry": {"type": "Polygon", "coordinates": [[[2566368.282, 1122073.488], [2566367.442, 1122076.948], [2566353.803, 1122073.7280000001], [2566354.643, 1122070.218], [2566368.282, 1122073.488]]]}, "properties": {"OBJECTID": 46458965, "EGID": 280020390, "NO_COM_FED": 5402, "GENRE_TXT": "b\u00e2timent"}}, {"type": "Feature", "id": 46375872, "geometry": {"type": "Polygon", "coordinates": [[[2566351.012, 1122096.578], [2566353.223, 1122088.928], [2566386.682, 1122098.229], [2566384.182, 1122107.159], [2566377.072, 1122105.159], [2566377.382, 1122103.969], [2566351.012, 1122096.578]]]}, "properties": {"OBJECTID": 46375872, "EGID": 280005388, "NO_COM_FED": 5402, "GENRE_TXT": "b\u00e2timent"}}, {"type": "Feature", "id": 46285771, "geometry": {"type": "Polygon", "coordinates": [[[2566351.548, 1122487.771], [2566357.158, 1122488.751], [2566356.178, 1122494.361], [2566350.578, 1122493.381], [2566351.548, 1122487.771]]]}, "properties": {"OBJECTID": 46285771, "EGID": 280031754, "NO_COM_FED": 5402, "GENRE_TXT": "b\u00e2timent"}}, {"type": "Feature", "id": 46480998, "geometry": {"type": "Polygon", "coordinates": [[[2566393.011, 1122747.18], [2566385.051, 1122758.59], [2566352.321, 1122735.84], [2566356.54, 1122729.87], [2566347.52, 1122723.51], [2566344.35, 1122727.98], [2566339.26, 1122724.66], [2566345.66, 1122713.95], [2566393.011, 1122747.18]]]}, "properties": {"OBJECTID": 46480998, "EGID": 849202, "NO_COM_FED": 5402, "GENRE_TXT": "b\u00e2timent"}}, {"type": "Feature", "id": 46390499, "geometry": {"type": "Polygon", "coordinates": [[[2566378.762, 1122086.589], [2566375.652, 1122085.619], [2566377.382, 1122078.869], [2566391.842, 1122082.539], [2566391.392, 1122084.289], [2566396.132, 1122085.389], [2566397.742, 1122078.829], [2566406.922, 1122080.969], [2566405.282, 1122087.819], [2566404.722, 1122087.709], [2566403.712, 1122091.739], [2566395.872, 1122089.869], [2566395.672, 1122090.729], [2566389.092, 1122089.129], [2566389.152, 1122088.939], [2566378.872, 1122086.059], [2566378.762, 1122086.589]]]}, "properties": {"OBJECTID": 46390499, "EGID": 849241, "NO_COM_FED": 5402, "GENRE_TXT": "b\u00e2timent"}}, {"type": "Feature", "id": 46404560, "geometry": {"type": "Polygon", "coordinates": [[[2566408.535, 1122173.759], [2566413.802, 1122155.443], [2566437.876, 1122162.394], [2566432.582, 1122180.69], [2566408.535, 1122173.759]]]}, "properties": {"OBJECTID": 46404560, "EGID": 280062536, "NO_COM_FED": 5402, "GENRE_TXT": "b\u00e2timent"}}, {"type": "Feature", "id": 46482850, "geometry": {"type": "Polygon", "coordinates": [[[2566405.739, 1122312.77], [2566404.469, 1122316.92], [2566400.1689999998, 1122315.59], [2566401.459, 1122311.44], [2566405.739, 1122312.77]]]}, "properties": {"OBJECTID": 46482850, "EGID": 280040712, "NO_COM_FED": 5402, "GENRE_TXT": "b\u00e2timent"}}, {"type": "Feature", "id": 46340101, "geometry": {"type": "Polygon", "coordinates": [[[2566422.609, 1122255.87], [2566420.049, 1122263.72], [2566421.239, 1122264.07], [2566420.269, 1122267.06], [2566410.839, 1122264.04], [2566414.219, 1122253.31], [2566422.609, 1122255.87]]]}, "properties": {"OBJECTID": 46340101, "EGID": 3160999, "NO_COM_FED": 5402, "GENRE_TXT": "b\u00e2timent"}}, {"type": "Feature", "id": 46361431, "geometry": {"type": "Polygon", "coordinates": [[[2566443.278, 1122338.741], [2566442.828, 1122335.071], [2566442.338, 1122335.141], [2566441.728, 1122329.181], [2566445.918, 1122328.681], [2566445.848, 1122327.691], [2566454.568, 1122326.721], [2566454.588, 1122326.981], [2566461.158, 1122326.211], [2566461.248, 1122326.971], [2566465.788, 1122326.451], [2566466.408, 1122332.431], [2566465.928, 1122332.491], [2566466.388, 1122336.181], [2566466.398, 1122336.311], [2566456.658, 1122337.391], [2566456.688, 1122337.871], [2566451.668, 1122338.401], [2566451.648, 1122337.951], [2566443.268, 1122338.911], [2566443.278, 1122338.741]]]}, "properties": {"OBJECTID": 46361431, "EGID": 3161011, "NO_COM_FED": 5402, "GENRE_TXT": "b\u00e2timent"}}, {"type": "Feature", "id": 46414855, "geometry": {"type": "Polygon", "coordinates": [[[2566458.347, 1122378.221], [2566456.027, 1122383.541], [2566455.547, 1122383.341], [2566454.027, 1122386.901], [2566445.097, 1122382.991], [2566444.937, 1122383.381], [2566440.167, 1122381.251], [2566440.367, 1122380.891], [2566432.708, 1122377.521], [2566434.208, 1122374.031], [2566433.748, 1122373.831], [2566436.028, 1122368.501], [2566436.128, 1122368.311], [2566440.168, 1122370.051], [2566440.568, 1122369.071], [2566448.707, 1122372.611], [2566448.587, 1122372.841], [2566454.587, 1122375.481], [2566454.257, 1122376.171], [2566458.447, 1122378.041], [2566458.347, 1122378.221]]]}, "properties": {"OBJECTID": 46414855, "EGID": 3161010, "NO_COM_FED": 5402, "GENRE_TXT": "b\u00e2timent"}}, {"type": "Feature", "id": 46412122, "geometry": {"type": "Polygon", "coordinates": [[[2566418.037, 1122635.521], [2566423.227, 1122628.052], [2566429.767, 1122632.582], [2566430.457, 1122631.622], [2566435.827, 1122635.322], [2566435.167, 1122636.352], [2566441.617, 1122640.982], [2566436.408, 1122648.361], [2566433.778, 1122646.491], [2566433.188, 1122647.151], [2566427.937, 1122643.551], [2566427.428, 1122644.271], [2566425.037, 1122642.561], [2566425.527, 1122641.831], [2566420.277, 1122638.111], [2566420.707, 1122637.411], [2566418.037, 1122635.521]]]}, "properties": {"OBJECTID": 46412122, "EGID": 849195, "NO_COM_FED": 5402, "GENRE_TXT": "b\u00e2timent"}}, {"type": "Feature", "id": 46487557, "geometry": {"type": "Polygon", "coordinates": [[[2566450.431, 1122098.159], [2566450.571, 1122097.589], [2566450.3109999998, 1122097.519], [2566451.051, 1122094.569], [2566452.901, 1122094.959], [2566453.141, 1122093.929], [2566457.091, 1122095.009], [2566465.791, 1122097.38], [2566464.48, 1122101.97], [2566450.431, 1122098.159]]]}, "properties": {"OBJECTID": 46487557, "EGID": 280016779, "NO_COM_FED": 5402, "GENRE_TXT": "b\u00e2timent"}}, {"type": "Feature", "id": 46446690, "geometry": {"type": "Polygon", "coordinates": [[[2566568.031, 1121909.629], [2566548.111, 1121909.429], [2566548.432, 1121888.859], [2566568.961, 1121889.129], [2566568.901, 1121893.989], [2566568.74, 1121909.645], [2566568.031, 1121909.629]]]}, "properties": {"OBJECTID": 46446690, "EGID": 9019077, "NO_COM_FED": 5402, "GENRE_TXT": "b\u00e2timent"}}, {"type": "Feature", "id": 46297005, "geometry": {"type": "Polygon", "coordinates": [[[2566555.587, 1121998.073], [2566557.036, 1121998.459], [2566555.429, 1122004.492], [2566553.979, 1122004.102], [2566553.132, 1122007.251], [2566543.243, 1122004.614], [2566543.164, 1122004.837], [2566541.727, 1122004.433], [2566542.696, 1122000.84], [2566544.149, 1122001.231], [2566545.649, 1121995.653], [2566545.698, 1121995.437], [2566555.587, 1121998.073]]]}, "properties": {"OBJECTID": 46297005, "EGID": 280101542, "NO_COM_FED": 5402, "GENRE_TXT": "b\u00e2timent"}}, {"type": "Feature", "id": 46291419, "geometry": {"type": "Polygon", "coordinates": [[[2566534.216, 1122592.412], [2566536.6859999998, 1122589.052], [2566545.406, 1122595.662], [2566537.676, 1122605.852], [2566537.446, 1122605.712], [2566535.876, 1122607.812], [2566530.926, 1122604.0219999999], [2566532.586, 1122601.852], [2566529.066, 1122599.162], [2566531.656, 1122595.782], [2566530.056, 1122594.602], [2566532.576, 1122591.172], [2566534.216, 1122592.412]]]}, "properties": {"OBJECTID": 46291419, "EGID": 849194, "NO_COM_FED": 5402, "GENRE_TXT": "b\u00e2timent"}}, {"type": "Feature", "id": 46510377, "geometry": {"type": "Polygon", "coordinates": [[[2566580.726, 1122595.113], [2566580.4359999998, 1122595.423], [2566582.906, 1122597.383], [2566583.126, 1122597.113], [2566584.836, 1122598.493], [2566584.586, 1122598.743], [2566587.736, 1122601.403], [2566588.006, 1122601.093], [2566588.276, 1122601.333], [2566581.786, 1122609.253], [2566578.926, 1122606.883], [2566577.766, 1122608.263], [2566575.526, 1122606.393], [2566576.6859999998, 1122605.043], [2566565.606, 1122595.933], [2566564.516, 1122597.273], [2566562.236, 1122595.413], [2566563.4359999998, 1122594.043], [2566556.476, 1122588.303], [2566556.676, 1122588.053], [2566556.986, 1122588.323], [2566560.415, 1122584.163], [2566560.085, 1122583.883], [2566563.035, 1122580.423], [2566572.156, 1122588.053], [2566571.886, 1122588.3530000001], [2566574.286, 1122590.293], [2566574.506, 1122590.003], [2566580.726, 1122595.113]]]}, "properties": {"OBJECTID": 46510377, "EGID": 849192, "NO_COM_FED": 5402, "GENRE_TXT": "b\u00e2timent"}}, {"type": "Feature", "id": 46424531, "geometry": {"type": "Polygon", "coordinates": [[[2566533, 1122631.033], [2566527.276, 1122639.454], [2566521.953, 1122635.712], [2566527.685, 1122627.298], [2566533, 1122631.033]]]}, "properties": {"OBJECTID": 46424531, "EGID": 280134197, "NO_COM_FED": 5402, "GENRE_TXT": "b\u00e2timent"}}, {"type": "Feature", "id": 46494102, "geometry": {"type": "Polygon", "coordinates": [[[2566533, 1122631.033], [2566538.478, 1122634.883], [2566532.763, 1122643.311], [2566527.276, 1122639.454], [2566533, 1122631.033]]]}, "properties": {"OBJECTID": 46494102, "EGID": 280134198, "NO_COM_FED": 5402, "GENRE_TXT": "b\u00e2timent"}}, {"type": "Feature", "id": 46414370, "geometry": {"type": "Polygon", "coordinates": [[[2566582.724, 1121843.062], [2566583.723, 1121861.193], [2566571.205, 1121861.885], [2566569.519, 1121831.726], [2566575.595, 1121831.386], [2566575.278, 1121825.671], [2566569.199, 1121826.011], [2566568.852, 1121819.803], [2566581.402, 1121819.107], [2566582.724, 1121843.062]]]}, "properties": {"OBJECTID": 46414370, "EGID": 280080945, "NO_COM_FED": 5402, "GENRE_TXT": "b\u00e2timent"}}, {"type": "Feature", "id": 46377715, "geometry": {"type": "Polygon", "coordinates": [[[2566581.108, 1121939.958], [2566583.615, 1121947.793], [2566582.495, 1121948.154], [2566582.983, 1121949.668], [2566580.003, 1121950.619], [2566579.524, 1121949.114], [2566575.02, 1121950.552], [2566572.509, 1121942.714], [2566581.108, 1121939.958]]]}, "properties": {"OBJECTID": 46377715, "EGID": 280098219, "NO_COM_FED": 5402, "GENRE_TXT": "b\u00e2timent"}}, {"type": "Feature", "id": 46360024, "geometry": {"type": "Polygon", "coordinates": [[[2566594.023, 1122521.183], [2566595.813, 1122517.613], [2566601.523, 1122520.543], [2566599.693, 1122524.163], [2566594.023, 1122521.183]]]}, "properties": {"OBJECTID": 46360024, "EGID": 280035849, "NO_COM_FED": 5402, "GENRE_TXT": "b\u00e2timent"}}, {"type": "Feature", "id": 46420941, "geometry": {"type": "Polygon", "coordinates": [[[2566631.533, 1122455.253], [2566631.433, 1122455.503], [2566644.923, 1122461.374], [2566641.453, 1122469.224], [2566641.273, 1122469.104], [2566639.503, 1122473.214], [2566633.863, 1122470.763], [2566633.383, 1122471.943], [2566629.103, 1122470.1030000001], [2566629.603, 1122468.963], [2566626.143, 1122467.483], [2566625.993, 1122467.923], [2566620.213, 1122465.403], [2566625.753, 1122452.763], [2566631.533, 1122455.253]]]}, "properties": {"OBJECTID": 46420941, "EGID": 849149, "NO_COM_FED": 5402, "GENRE_TXT": "b\u00e2timent"}}, {"type": "Feature", "id": 46493120, "geometry": {"type": "Polygon", "coordinates": [[[2566648.198, 1122040.136], [2566650.866, 1122032.392], [2566648.177, 1122031.466], [2566650.584, 1122024.482], [2566653.421, 1122025.46], [2566656.864, 1122026.646], [2566655.875, 1122029.515], [2566658.916, 1122030.563], [2566654.827, 1122042.383], [2566648.198, 1122040.136]]]}, "properties": {"OBJECTID": 46493120, "EGID": 101075769, "NO_COM_FED": 5402, "GENRE_TXT": "b\u00e2timent"}}, {"type": "Feature", "id": 46353792, "geometry": {"type": "Polygon", "coordinates": [[[2566658.287, 1122115.249], [2566652.508, 1122113.496], [2566655.921, 1122102.231], [2566661.702, 1122103.983], [2566658.287, 1122115.249]]]}, "properties": {"OBJECTID": 46353792, "EGID": 280094484, "NO_COM_FED": 5402, "GENRE_TXT": "b\u00e2timent"}}, {"type": "Feature", "id": 46429193, "geometry": {"type": "Polygon", "coordinates": [[[2566651.028, 1122142.097], [2566645.243, 1122140.343], [2566648.658, 1122129.074], [2566654.444, 1122130.828], [2566651.028, 1122142.097]]]}, "properties": {"OBJECTID": 46429193, "EGID": 280094471, "NO_COM_FED": 5402, "GENRE_TXT": "b\u00e2timent"}}, {"type": "Feature", "id": 46285659, "geometry": {"type": "Polygon", "coordinates": [[[2566646.884, 1122391.923], [2566643.154, 1122403.863], [2566642.934, 1122403.803], [2566643.0640000002, 1122403.303], [2566638.334, 1122401.843], [2566641.824, 1122390.3530000001], [2566646.884, 1122391.923]]]}, "properties": {"OBJECTID": 46285659, "EGID": 849157, "NO_COM_FED": 5402, "GENRE_TXT": "b\u00e2timent"}}, {"type": "Feature", "id": 46514948, "geometry": {"type": "Polygon", "coordinates": [[[2566653.136, 1122588.863], [2566657.785, 1122582.043], [2566656.175, 1122580.943], [2566660.835, 1122574.053], [2566659.195, 1122572.913], [2566664.135, 1122565.653], [2566657.075, 1122560.773], [2566663.894, 1122550.763], [2566685.155, 1122565.303], [2566675.415, 1122579.523], [2566677.185, 1122580.753], [2566671.526, 1122588.893], [2566673.1859999998, 1122590.023], [2566667.276, 1122598.563], [2566662.786, 1122595.483], [2566658.886, 1122601.263], [2566657.496, 1122600.283], [2566661.386, 1122594.523], [2566653.136, 1122588.863]]]}, "properties": {"OBJECTID": 46514948, "EGID": null, "NO_COM_FED": 5402, "GENRE_TXT": "b\u00e2timent s-sol"}}, {"type": "Feature", "id": 46456462, "geometry": {"type": "Polygon", "coordinates": [[[2566744.321, 1121898.874], [2566739.958, 1121911.741], [2566730.018, 1121908.421], [2566730.668, 1121906.421], [2566729.488, 1121906.001], [2566728.838, 1121907.801], [2566727.468, 1121908.461], [2566724.718, 1121907.551], [2566724.098, 1121906.311], [2566720.789, 1121905.231], [2566719.379, 1121905.771], [2566716.499, 1121904.781], [2566715.859, 1121903.521], [2566702.849, 1121899.111], [2566707.369, 1121885.511], [2566717.702, 1121888.973], [2566717.923, 1121888.314], [2566708.225, 1121885.065], [2566711.048, 1121876.71], [2566713.193, 1121874.308], [2566723.667, 1121877.833], [2566721.816, 1121883.354], [2566740.084, 1121889.48], [2566738.615, 1121893.84], [2566745.268, 1121896.081], [2566744.321, 1121898.874]]]}, "properties": {"OBJECTID": 46456462, "EGID": 849030, "NO_COM_FED": 5402, "GENRE_TXT": "b\u00e2timent"}}, {"type": "Feature", "id": 46499711, "geometry": {"type": "Polygon", "coordinates": [[[2566687.818, 1121957.851], [2566683.698, 1121966.441], [2566676.039, 1121962.761], [2566680.159, 1121954.161], [2566687.818, 1121957.851]]]}, "properties": {"OBJECTID": 46499711, "EGID": 849032, "NO_COM_FED": 5402, "GENRE_TXT": "b\u00e2timent"}}, {"type": "Feature", "id": 46476932, "geometry": {"type": "Polygon", "coordinates": [[[2566702.016, 1121999.284], [2566706.11, 1122000.726], [2566705.281, 1122003.062], [2566709.0609999998, 1122004.405], [2566708.731, 1122005.338], [2566705.766, 1122013.7280000001], [2566701.941, 1122012.368], [2566702.961, 1122009.593], [2566694.482, 1122006.618], [2566696.066, 1122002.191], [2566695.182, 1122000.256], [2566696.219, 1121997.242], [2566702.016, 1121999.284]]]}, "properties": {"OBJECTID": 46476932, "EGID": 280058629, "NO_COM_FED": 5402, "GENRE_TXT": "b\u00e2timent"}}, {"type": "Feature", "id": 46460670, "geometry": {"type": "Polygon", "coordinates": [[[2566733.413, 1121884.361], [2566731.899, 1121883.419], [2566731.713, 1121883.719], [2566729.789, 1121882.49], [2566731.301, 1121879.858], [2566733.269, 1121881.081], [2566733.083, 1121881.381], [2566734.657, 1121882.359], [2566733.413, 1121884.361]]]}, "properties": {"OBJECTID": 46460670, "EGID": 280109756, "NO_COM_FED": 5402, "GENRE_TXT": "b\u00e2timent"}}, {"type": "Feature", "id": 46314557, "geometry": {"type": "Polygon", "coordinates": [[[2566741.8140000002, 1122232.503], [2566743.684, 1122224.053], [2566744.154, 1122221.983], [2566750.574, 1122223.453], [2566750.724, 1122225.553], [2566753.364, 1122226.293], [2566751.784, 1122233.673], [2566747.104, 1122232.723], [2566746.854, 1122233.593], [2566741.8140000002, 1122232.503]]]}, "properties": {"OBJECTID": 46314557, "EGID": 849072, "NO_COM_FED": 5402, "GENRE_TXT": "b\u00e2timent"}}, {"type": "Feature", "id": 46385270, "geometry": {"type": "Polygon", "coordinates": [[[2566735.664, 1122278.023], [2566733.144, 1122285.333], [2566722.724, 1122281.753], [2566725.204, 1122274.413], [2566735.664, 1122278.023]]]}, "properties": {"OBJECTID": 46385270, "EGID": 849074, "NO_COM_FED": 5402, "GENRE_TXT": "b\u00e2timent"}}, {"type": "Feature", "id": 46478066, "geometry": {"type": "Polygon", "coordinates": [[[2566730.352, 1122388.194], [2566728.442, 1122394.394], [2566726.472, 1122393.774], [2566726.012, 1122395.274], [2566714.353, 1122391.634], [2566716.723, 1122383.984], [2566730.352, 1122388.194]]]}, "properties": {"OBJECTID": 46478066, "EGID": 849061, "NO_COM_FED": 5402, "GENRE_TXT": "b\u00e2timent"}}, {"type": "Feature", "id": 46494666, "geometry": {"type": "Polygon", "coordinates": [[[2566779.387, 1121915.852], [2566779.977, 1121915.0219999999], [2566785.157, 1121918.832], [2566784.007, 1121920.372], [2566781.427, 1121918.552], [2566779.517, 1121921.192], [2566781.347, 1121922.512], [2566782.107, 1121921.502], [2566783.697, 1121922.662], [2566782.977, 1121923.712], [2566794.107, 1121931.852], [2566786.377, 1121942.572], [2566770.457, 1121931.062], [2566772.547, 1121928.152], [2566766.138, 1121923.972], [2566773.068, 1121912.302], [2566779.387, 1121915.852]]]}, "properties": {"OBJECTID": 46494666, "EGID": 849029, "NO_COM_FED": 5402, "GENRE_TXT": "b\u00e2timent"}}, {"type": "Feature", "id": 46451707, "geometry": {"type": "Polygon", "coordinates": [[[2566760.474, 1121966.176], [2566765.606, 1121968.009], [2566763.772, 1121973.141], [2566758.619, 1121971.307], [2566760.474, 1121966.176]]]}, "properties": {"OBJECTID": 46451707, "EGID": 280108061, "NO_COM_FED": 5402, "GENRE_TXT": "b\u00e2timent"}}, {"type": "Feature", "id": 46490851, "geometry": {"type": "Polygon", "coordinates": [[[2566787.219, 1121984.737], [2566787.0810000002, 1121984.945], [2566775.649, 1121978.246], [2566779.702, 1121971.333], [2566791.111, 1121978.0219999999], [2566789.6859999998, 1121980.47], [2566787.219, 1121984.737]]]}, "properties": {"OBJECTID": 46490851, "EGID": 190092349, "NO_COM_FED": 5402, "GENRE_TXT": "b\u00e2timent"}}, {"type": "Feature", "id": 46461042, "geometry": {"type": "Polygon", "coordinates": [[[2566786.369, 1122022.243], [2566784.546, 1122027.425], [2566774.504, 1122023.898], [2566770.929, 1122034.081], [2566765.259, 1122032.085], [2566768.819, 1122021.968], [2566765.028, 1122020.63], [2566766.873, 1122015.384], [2566786.369, 1122022.243]]]}, "properties": {"OBJECTID": 46461042, "EGID": 280056125, "NO_COM_FED": 5402, "GENRE_TXT": "b\u00e2timent"}}, {"type": "Feature", "id": 46446172, "geometry": {"type": "Polygon", "coordinates": [[[2566778.164, 1122227.3530000001], [2566780.354, 1122220.173], [2566788.0439999998, 1122222.464], [2566783.543, 1122237.614], [2566774.304, 1122234.854], [2566776.684, 1122226.963], [2566778.164, 1122227.3530000001]]]}, "properties": {"OBJECTID": 46446172, "EGID": 849076, "NO_COM_FED": 5402, "GENRE_TXT": "b\u00e2timent"}}, {"type": "Feature", "id": 46512557, "geometry": {"type": "Polygon", "coordinates": [[[2566807.497, 1121916.042], [2566810.617, 1121910.842], [2566819.516, 1121916.125], [2566822.307, 1121917.782], [2566819.207, 1121923.002], [2566807.497, 1121916.042]]]}, "properties": {"OBJECTID": 46512557, "EGID": 280014973, "NO_COM_FED": 5402, "GENRE_TXT": "b\u00e2timent"}}, {"type": "Feature", "id": 46355715, "geometry": {"type": "Polygon", "coordinates": [[[2566800.817, 1121946.082], [2566797.167, 1121951.442], [2566792.277, 1121948.092], [2566795.917, 1121942.722], [2566800.817, 1121946.082]]]}, "properties": {"OBJECTID": 46355715, "EGID": 280026215, "NO_COM_FED": 5402, "GENRE_TXT": "b\u00e2timent"}}, {"type": "Feature", "id": 46501825, "geometry": {"type": "Polygon", "coordinates": [[[2566782.692, 1122347.454], [2566783.692, 1122343.444], [2566784.782, 1122343.654], [2566785.682, 1122340.294], [2566794.282, 1122342.404], [2566795.272, 1122338.634], [2566801.322, 1122340.194], [2566799.602, 1122347.314], [2566793.432, 1122345.864], [2566790.702, 1122356.544], [2566785.392, 1122355.174], [2566786.222, 1122351.904], [2566783.082, 1122351.084], [2566783.802, 1122347.714], [2566782.692, 1122347.454]]]}, "properties": {"OBJECTID": 46501825, "EGID": 849067, "NO_COM_FED": 5402, "GENRE_TXT": "b\u00e2timent"}}, {"type": "Feature", "id": 46400399, "geometry": {"type": "Polygon", "coordinates": [[[2566783.382, 1122390.485], [2566783.152, 1122391.135], [2566782.982, 1122391.065], [2566784.202, 1122387.244], [2566790.201, 1122389.125], [2566789.091, 1122392.915], [2566788.951, 1122392.805], [2566789.121, 1122392.155], [2566783.382, 1122390.485]]]}, "properties": {"OBJECTID": 46400399, "EGID": 280039335, "NO_COM_FED": 5402, "GENRE_TXT": "b\u00e2timent"}}, {"type": "Feature", "id": 46418264, "geometry": {"type": "Polygon", "coordinates": [[[2566811.824, 1122541.704], [2566822.734, 1122536.374], [2566825.481, 1122541.933], [2566833.105, 1122557.364], [2566813.215, 1122567.164], [2566803.184, 1122546.874], [2566812.214, 1122542.494], [2566811.824, 1122541.704]]]}, "properties": {"OBJECTID": 46418264, "EGID": 849164, "NO_COM_FED": 5402, "GENRE_TXT": "b\u00e2timent"}}, {"type": "Feature", "id": 46456628, "geometry": {"type": "Polygon", "coordinates": [[[2566844.0810000002, 1122389.645], [2566841.74, 1122397.885], [2566831.771, 1122395.045], [2566834.181, 1122386.835], [2566844.0810000002, 1122389.645]]]}, "properties": {"OBJECTID": 46456628, "EGID": 849088, "NO_COM_FED": 5402, "GENRE_TXT": "b\u00e2timent"}}, {"type": "Feature", "id": 46357144, "geometry": {"type": "Polygon", "coordinates": [[[2566090.389, 1121902.735], [2566072, 1121894.834], [2566077.89, 1121881.034], [2566082.48, 1121883.004], [2566100.85, 1121833.304], [2566114.91, 1121838.534], [2566096.289, 1121888.915], [2566090.389, 1121902.735]]]}, "properties": {"OBJECTID": 46357144, "EGID": 9019064, "NO_COM_FED": 5402, "GENRE_TXT": "b\u00e2timent"}}, {"type": "Feature", "id": 46319078, "geometry": {"type": "Polygon", "coordinates": [[[2566083.236, 1121958.45], [2566095.822, 1121924.556], [2566116.559, 1121932.266], [2566104.005, 1121966.146], [2566083.236, 1121958.45]]]}, "properties": {"OBJECTID": 46319078, "EGID": 280077445, "NO_COM_FED": 5402, "GENRE_TXT": "b\u00e2timent"}}, {"type": "Feature", "id": 46428702, "geometry": {"type": "Polygon", "coordinates": [[[2566149.804, 1122033.435], [2566155.132, 1122019.362], [2566179.503, 1122028.589], [2566174.173, 1122042.664], [2566149.804, 1122033.435]]]}, "properties": {"OBJECTID": 46428702, "EGID": 280100487, "NO_COM_FED": 5402, "GENRE_TXT": "b\u00e2timent"}}, {"type": "Feature", "id": 46310092, "geometry": {"type": "Polygon", "coordinates": [[[2566224.185, 1121973.188], [2566225.218, 1121970.393], [2566230.845, 1121972.472], [2566229.807, 1121975.267], [2566224.185, 1121973.188]]]}, "properties": {"OBJECTID": 46310092, "EGID": 280116551, "NO_COM_FED": 5402, "GENRE_TXT": "b\u00e2timent"}}, {"type": "Feature", "id": 46389386, "geometry": {"type": "Polygon", "coordinates": [[[2566259.781, 1121986.33], [2566260.842, 1121983.5219999999], [2566272.113, 1121987.679], [2566271.082, 1121990.473], [2566259.781, 1121986.33]]]}, "properties": {"OBJECTID": 46389386, "EGID": 280107299, "NO_COM_FED": 5402, "GENRE_TXT": "b\u00e2timent"}}, {"type": "Feature", "id": 46433720, "geometry": {"type": "Polygon", "coordinates": [[[2566286.89, 1122358.399], [2566285.22, 1122362.139], [2566274.711, 1122357.609], [2566276.371, 1122353.839], [2566286.89, 1122358.399]]]}, "properties": {"OBJECTID": 46433720, "EGID": 280022279, "NO_COM_FED": 5402, "GENRE_TXT": "b\u00e2timent"}}, {"type": "Feature", "id": 46504942, "geometry": {"type": "Polygon", "coordinates": [[[2566301.66, 1122361.079], [2566305.77, 1122362.759], [2566303.51, 1122368.179], [2566299.45, 1122366.559], [2566301.66, 1122361.079]]]}, "properties": {"OBJECTID": 46504942, "EGID": 280035500, "NO_COM_FED": 5402, "GENRE_TXT": "b\u00e2timent"}}, {"type": "Feature", "id": 46374533, "geometry": {"type": "Polygon", "coordinates": [[[2566364.192, 1122150.922], [2566373.225, 1122117.1], [2566384.817, 1122120.191], [2566375.795, 1122154.021], [2566364.192, 1122150.922]]]}, "properties": {"OBJECTID": 46374533, "EGID": 280063808, "NO_COM_FED": 5402, "GENRE_TXT": "b\u00e2timent"}}, {"type": "Feature", "id": 46515724, "geometry": {"type": "Polygon", "coordinates": [[[2566407.047, 1122427.891], [2566401.957, 1122439.891], [2566379.508, 1122430.451], [2566375.628, 1122454.711], [2566362.888, 1122452.671], [2566363.788, 1122446.671], [2566365.588, 1122446.941], [2566366.088, 1122443.701], [2566364.298, 1122443.391], [2566366.078, 1122432.26], [2566367.838, 1122432.57], [2566368.358, 1122429.3], [2566366.598, 1122428.94], [2566367.598, 1122422.98], [2566363.858, 1122422.42], [2566364.598, 1122417.8], [2566376.658, 1122411], [2566380.978, 1122412.791], [2566379.598, 1122416.221], [2566385.078, 1122418.561], [2566384.378, 1122420.221], [2566387.468, 1122421.521], [2566388.138, 1122419.841], [2566398.508, 1122424.251], [2566397.758, 1122425.941], [2566400.828, 1122427.231], [2566401.578, 1122425.521], [2566407.047, 1122427.891]]]}, "properties": {"OBJECTID": 46515724, "EGID": null, "NO_COM_FED": 5402, "GENRE_TXT": "b\u00e2timent s-sol"}}, {"type": "Feature", "id": 46490067, "geometry": {"type": "Polygon", "coordinates": [[[2566417.139, 1122267.16], [2566419.579, 1122267.86], [2566418.409, 1122271.46], [2566416.029, 1122270.69], [2566417.139, 1122267.16]]]}, "properties": {"OBJECTID": 46490067, "EGID": 280123952, "NO_COM_FED": 5402, "GENRE_TXT": "b\u00e2timent"}}, {"type": "Feature", "id": 46514944, "geometry": {"type": "Polygon", "coordinates": [[[2566480.837, 1122386.681], [2566471.857, 1122382.741], [2566471.397, 1122383.741], [2566468.327, 1122382.381], [2566468.217, 1122382.611], [2566458.347, 1122378.221], [2566458.447, 1122378.041], [2566454.257, 1122376.171], [2566454.587, 1122375.481], [2566448.587, 1122372.841], [2566448.707, 1122372.611], [2566440.568, 1122369.071], [2566440.168, 1122370.051], [2566436.128, 1122368.311], [2566436.028, 1122368.501], [2566429.168, 1122365.621], [2566429.288, 1122365.411], [2566424.408, 1122363.311], [2566426.088, 1122358.061], [2566426.867933184, 1122356.6041049408], [2566427.858, 1122355.281], [2566428.8840127466, 1122354.4376589588], [2566430.014202563, 1122353.7400937309], [2566431.228, 1122353.201], [2566437.058, 1122341.571], [2566438.078, 1122339.241], [2566443.278, 1122338.741], [2566443.268, 1122338.911], [2566451.648, 1122337.951], [2566451.668, 1122338.401], [2566456.688, 1122337.871], [2566456.658, 1122337.391], [2566466.398, 1122336.311], [2566466.388, 1122336.181], [2566478.467, 1122334.841], [2566479.287, 1122342.271], [2566489.767, 1122341.151], [2566489.897, 1122343.371], [2566483.787, 1122344.071], [2566483.877, 1122345.081], [2566479.587, 1122345.661], [2566480.247, 1122351.501], [2566459.767, 1122353.541], [2566458.847, 1122359.671], [2566482.677, 1122369.741], [2566487.197, 1122369.261], [2566487.877, 1122374.441], [2566486.977, 1122374.461], [2566486.667891429, 1122374.5476881093], [2566486.3780461345, 1122374.6857194195], [2566486.1159213013, 1122374.8710664157], [2566485.8891652776, 1122375.0983209934], [2566485.7043944127, 1122375.3608522576], [2566485.567, 1122375.651], [2566481.967, 1122384.071], [2566480.837, 1122386.681]]]}, "properties": {"OBJECTID": 46514944, "EGID": null, "NO_COM_FED": 5402, "GENRE_TXT": "b\u00e2timent s-sol"}}, {"type": "Feature", "id": 46351590, "geometry": {"type": "Polygon", "coordinates": [[[2566526.557, 1122001.914], [2566526.595, 1122002.495], [2566516.997, 1122038.448], [2566516.6462530526, 1122039.3296229956], [2566516.1481953566, 1122040.1372250377], [2566515.5178632895, 1122040.846424595], [2566514.7742865966, 1122041.4358109103], [2566513.9399138815, 1122041.8875903918], [2566513.039934884, 1122042.1881238027], [2566512.101519998, 1122042.3283380293], [2566511.153, 1122042.304], [2566483.04, 1122038.927], [2566481.658, 1122038.542], [2566480.406, 1122037.773], [2566479.327, 1122036.727], [2566478.563, 1122035.469], [2566478.134, 1122034.038], [2566478.029, 1122032.561], [2566478.304, 1122031.137], [2566483.604, 1122011.181], [2566484.550382839, 1122008.062351715], [2566485.9532082113, 1122005.1206364704], [2566487.7808255204, 1122002.4222253496], [2566489.992, 1122000.028], [2566505.326, 1121986.569], [2566524.523, 1121991.67], [2566524.8411058835, 1121991.801479227], [2566525.134233034, 1121991.9819081982], [2566525.3949096245, 1121992.2066877694], [2566525.6164909927, 1121992.470088296], [2566525.7933290172, 1121992.765395684], [2566525.920916087, 1121993.0850825307], [2566525.996, 1121993.421], [2566526.557, 1122001.914]]]}, "properties": {"OBJECTID": 46351590, "EGID": 280121594, "NO_COM_FED": 5402, "GENRE_TXT": "b\u00e2timent"}}, {"type": "Feature", "id": 46471325, "geometry": {"type": "Polygon", "coordinates": [[[2566461.874, 1122124.5], [2566460.282, 1122130.294], [2566454.099, 1122128.578], [2566455.675, 1122122.796], [2566461.874, 1122124.5]]]}, "properties": {"OBJECTID": 46471325, "EGID": 280069339, "NO_COM_FED": 5402, "GENRE_TXT": "b\u00e2timent"}}, {"type": "Feature", "id": 46444065, "geometry": {"type": "Polygon", "coordinates": [[[2566497.633, 1121868.298], [2566498.173, 1121861.811], [2566504.664, 1121862.341], [2566504.126, 1121868.822], [2566497.633, 1121868.298]]]}, "properties": {"OBJECTID": 46444065, "EGID": 280069274, "NO_COM_FED": 5402, "GENRE_TXT": "b\u00e2timent"}}, {"type": "Feature", "id": 46460563, "geometry": {"type": "Polygon", "coordinates": [[[2566550.682, 1122016.43], [2566552.12, 1122016.813], [2566550.507, 1122022.837], [2566549.059, 1122022.462], [2566548.145, 1122025.823], [2566536.818, 1122022.811], [2566537.788, 1122019.189], [2566539.226, 1122019.578], [2566540.726, 1122013.995], [2566540.792, 1122013.793], [2566550.682, 1122016.43]]]}, "properties": {"OBJECTID": 46460563, "EGID": 280101540, "NO_COM_FED": 5402, "GENRE_TXT": "b\u00e2timent"}}, {"type": "Feature", "id": 46426818, "geometry": {"type": "Polygon", "coordinates": [[[2566556.214, 1122484.693], [2566557.364, 1122484.133], [2566557.8140000002, 1122484.373], [2566559.684, 1122480.163], [2566560.184, 1122480.413], [2566561.034, 1122478.463], [2566566.384, 1122480.793], [2566566.584, 1122480.343], [2566571.454, 1122482.513], [2566569.604, 1122486.683], [2566570.264, 1122486.963], [2566568.7939999998, 1122490.223], [2566567.524, 1122489.693], [2566564.994, 1122495.383], [2566564.594, 1122495.163], [2566564.014, 1122496.523], [2566561.664, 1122495.493], [2566561.464, 1122495.983], [2566554.134, 1122492.683], [2566556.604, 1122487.113], [2566556.144, 1122486.923], [2566555.744, 1122485.723], [2566556.214, 1122484.693]]]}, "properties": {"OBJECTID": 46426818, "EGID": 849180, "NO_COM_FED": 5402, "GENRE_TXT": "b\u00e2timent"}}, {"type": "Feature", "id": 46352969, "geometry": {"type": "Polygon", "coordinates": [[[2566551.623, 1122533.057], [2566549.873, 1122536.485], [2566543.984, 1122533.492], [2566545.728, 1122530.061], [2566551.623, 1122533.057]]]}, "properties": {"OBJECTID": 46352969, "EGID": 280070106, "NO_COM_FED": 5402, "GENRE_TXT": "b\u00e2timent"}}, {"type": "Feature", "id": 46391821, "geometry": {"type": "Polygon", "coordinates": [[[2566588.691, 1121899.31], [2566602.741, 1121899.5], [2566602.611, 1121902.84], [2566598.791, 1121902.72], [2566598.651, 1121909.95], [2566588.481, 1121909.9], [2566588.034, 1121909.907], [2566588.063, 1121899.312], [2566588.691, 1121899.31]]]}, "properties": {"OBJECTID": 46391821, "EGID": 280096344, "NO_COM_FED": 5402, "GENRE_TXT": "b\u00e2timent"}}, {"type": "Feature", "id": 46340128, "geometry": {"type": "Polygon", "coordinates": [[[2566585.465, 1122392.502], [2566583.965, 1122379.062], [2566593.065, 1122378.0219999999], [2566593.045, 1122378.332], [2566603.395, 1122377.193], [2566603.155, 1122375.533], [2566613.595, 1122374.3530000001], [2566613.535, 1122374.043], [2566622.614, 1122373.133], [2566624.114, 1122386.433], [2566614.924, 1122387.483], [2566614.964, 1122387.793], [2566604.955, 1122388.903], [2566605.145, 1122390.693], [2566594.665, 1122391.783], [2566594.655, 1122391.463], [2566585.465, 1122392.502]]]}, "properties": {"OBJECTID": 46340128, "EGID": 849169, "NO_COM_FED": 5402, "GENRE_TXT": "b\u00e2timent"}}, {"type": "Feature", "id": 46328741, "geometry": {"type": "Polygon", "coordinates": [[[2566615.251, 1121862.59], [2566614.941, 1121868.45], [2566609.641, 1121868.16], [2566610.021, 1121862.28], [2566615.251, 1121862.59]]]}, "properties": {"OBJECTID": 46328741, "EGID": 280032251, "NO_COM_FED": 5402, "GENRE_TXT": "b\u00e2timent"}}, {"type": "Feature", "id": 46317211, "geometry": {"type": "Polygon", "coordinates": [[[2566596.525, 1121976.732], [2566597.304, 1121974.373], [2566601.485, 1121975.73], [2566600.657, 1121978.096], [2566596.525, 1121976.732]]]}, "properties": {"OBJECTID": 46317211, "EGID": 280052087, "NO_COM_FED": 5402, "GENRE_TXT": "b\u00e2timent"}}, {"type": "Feature", "id": 46416587, "geometry": {"type": "Polygon", "coordinates": [[[2566603.76, 1121982.42], [2566602.57, 1121985.68], [2566595.92, 1121983.3], [2566597.13, 1121980.08], [2566603.76, 1121982.42]]]}, "properties": {"OBJECTID": 46416587, "EGID": 280036868, "NO_COM_FED": 5402, "GENRE_TXT": "b\u00e2timent"}}, {"type": "Feature", "id": 46434393, "geometry": {"type": "Polygon", "coordinates": [[[2566599.749, 1122063.078], [2566600.363, 1122052.803], [2566602.276, 1122052.937], [2566602.4, 1122051.598], [2566610.317, 1122052.151], [2566609.584, 1122063.752], [2566599.749, 1122063.078]]]}, "properties": {"OBJECTID": 46434393, "EGID": 849102, "NO_COM_FED": 5402, "GENRE_TXT": "b\u00e2timent"}}, {"type": "Feature", "id": 46459321, "geometry": {"type": "Polygon", "coordinates": [[[2566606.465, 1122127.863], [2566617.104, 1122092.893], [2566630.223, 1122093.793], [2566618.697, 1122131.586], [2566606.465, 1122127.863]]]}, "properties": {"OBJECTID": 46459321, "EGID": 280075750, "NO_COM_FED": 5402, "GENRE_TXT": "b\u00e2timent"}}, {"type": "Feature", "id": 46525918, "geometry": {"type": "Polygon", "coordinates": [[[2566637.272, 1122110.201], [2566626.198, 1122146.592], [2566609.282, 1122141.465], [2566610.262, 1122138.245], [2566614.039, 1122139.389], [2566615.711, 1122133.855], [2566611.945, 1122132.715], [2566612.832, 1122129.8], [2566618.697, 1122131.586], [2566626.243, 1122106.844], [2566637.272, 1122110.201]]]}, "properties": {"OBJECTID": 46525918, "EGID": null, "NO_COM_FED": 5402, "GENRE_TXT": "b\u00e2timent s-sol"}}, {"type": "Feature", "id": 46289612, "geometry": {"type": "Polygon", "coordinates": [[[2566657.9390000002, 1121954.441], [2566655.889, 1121953.391], [2566658.229, 1121948.641], [2566660.362, 1121949.657], [2566661.46, 1121947.352], [2566666.125, 1121949.574], [2566665.027, 1121951.88], [2566667.759, 1121953.181], [2566665.159, 1121958.621], [2566662.289, 1121957.261], [2566662.569, 1121956.651], [2566657.9390000002, 1121954.441]]]}, "properties": {"OBJECTID": 46289612, "EGID": 280019019, "NO_COM_FED": 5402, "GENRE_TXT": "b\u00e2timent"}}, {"type": "Feature", "id": 46425164, "geometry": {"type": "Polygon", "coordinates": [[[2566675.116, 1122193.997], [2566667.34, 1122191.97], [2566670.391, 1122180.355], [2566678.162, 1122182.376], [2566677.886, 1122183.366], [2566675.116, 1122193.997]]]}, "properties": {"OBJECTID": 46425164, "EGID": 280100746, "NO_COM_FED": 5402, "GENRE_TXT": "b\u00e2timent"}}, {"type": "Feature", "id": 46438073, "geometry": {"type": "Polygon", "coordinates": [[[2566661.713, 1122411.6030000001], [2566665.193, 1122400.093], [2566669.823, 1122401.563], [2566670.133, 1122400.543], [2566670.343, 1122400.613], [2566666.473, 1122413.033], [2566661.713, 1122411.6030000001]]]}, "properties": {"OBJECTID": 46438073, "EGID": 849152, "NO_COM_FED": 5402, "GENRE_TXT": "b\u00e2timent"}}, {"type": "Feature", "id": 46327291, "geometry": {"type": "Polygon", "coordinates": [[[2566670.343, 1122400.613], [2566675.313, 1122402.093], [2566671.853, 1122413.704], [2566667.013, 1122412.163], [2566666.673, 1122413.113], [2566666.473, 1122413.033], [2566670.343, 1122400.613]]]}, "properties": {"OBJECTID": 46327291, "EGID": 849151, "NO_COM_FED": 5402, "GENRE_TXT": "b\u00e2timent"}}, {"type": "Feature", "id": 46399861, "geometry": {"type": "Polygon", "coordinates": [[[2566659.463, 1122420.494], [2566662.618, 1122421.412], [2566661.819, 1122424.177], [2566658.66, 1122423.259], [2566659.463, 1122420.494]]]}, "properties": {"OBJECTID": 46399861, "EGID": 280114285, "NO_COM_FED": 5402, "GENRE_TXT": "b\u00e2timent"}}, {"type": "Feature", "id": 46480851, "geometry": {"type": "Polygon", "coordinates": [[[2566699.263, 1122350.63], [2566710.341, 1122354.135], [2566708.319, 1122360.528], [2566711.181, 1122361.434], [2566709.367, 1122367.168], [2566703.4359999998, 1122365.305], [2566704.63, 1122361.493], [2566696.626, 1122358.939], [2566699.263, 1122350.63]]]}, "properties": {"OBJECTID": 46480851, "EGID": 190065049, "NO_COM_FED": 5402, "GENRE_TXT": "b\u00e2timent"}}, {"type": "Feature", "id": 46498810, "geometry": {"type": "Polygon", "coordinates": [[[2566671.583, 1122424.574], [2566675.823, 1122425.834], [2566675.023, 1122428.474], [2566670.813, 1122427.204], [2566671.583, 1122424.574]]]}, "properties": {"OBJECTID": 46498810, "EGID": 280049917, "NO_COM_FED": 5402, "GENRE_TXT": "b\u00e2timent"}}, {"type": "Feature", "id": 46357920, "geometry": {"type": "Polygon", "coordinates": [[[2566719.925, 1122174.703], [2566716.655, 1122184.093], [2566708.715, 1122181.313], [2566711.995, 1122171.852], [2566719.925, 1122174.703]]]}, "properties": {"OBJECTID": 46357920, "EGID": 3161016, "NO_COM_FED": 5402, "GENRE_TXT": "b\u00e2timent"}}, {"type": "Feature", "id": 46327646, "geometry": {"type": "Polygon", "coordinates": [[[2566746.755, 1122181.793], [2566744.835, 1122190.713], [2566735.795, 1122188.683], [2566736.665, 1122184.803], [2566733.465, 1122184.093], [2566734.355, 1122180.133], [2566737.555, 1122180.843], [2566737.795, 1122179.763], [2566746.755, 1122181.793]]]}, "properties": {"OBJECTID": 46327646, "EGID": 3161316, "NO_COM_FED": 5402, "GENRE_TXT": "b\u00e2timent"}}, {"type": "Feature", "id": 46315806, "geometry": {"type": "Polygon", "coordinates": [[[2566749.56, 1122342.855], [2566749.423, 1122343.284], [2566748.353, 1122342.934], [2566747.153, 1122346.714], [2566736.943, 1122343.464], [2566738.305, 1122339.018], [2566733.931, 1122337.621], [2566736.482, 1122329.632], [2566747.533, 1122333.162], [2566746.129, 1122337.556], [2566750.783, 1122339.024], [2566750.64, 1122339.472], [2566749.56, 1122342.855]]]}, "properties": {"OBJECTID": 46315806, "EGID": 849066, "NO_COM_FED": 5402, "GENRE_TXT": "b\u00e2timent"}}, {"type": "Feature", "id": 46424423, "geometry": {"type": "Polygon", "coordinates": [[[2566745.026, 1122596.913], [2566746.296, 1122599.473], [2566741.836, 1122601.693], [2566740.576, 1122599.123], [2566745.026, 1122596.913]]]}, "properties": {"OBJECTID": 46424423, "EGID": 280047604, "NO_COM_FED": 5402, "GENRE_TXT": "b\u00e2timent"}}, {"type": "Feature", "id": 46374959, "geometry": {"type": "Polygon", "coordinates": [[[2566739.5640000002, 1122634.672], [2566738.106, 1122632.066], [2566742.033, 1122629.875], [2566743.494, 1122632.493], [2566739.5640000002, 1122634.672]]]}, "properties": {"OBJECTID": 46374959, "EGID": 280050444, "NO_COM_FED": 5402, "GENRE_TXT": "b\u00e2timent"}}, {"type": "Feature", "id": 46477990, "geometry": {"type": "Polygon", "coordinates": [[[2566746.259, 1122693.773], [2566742.909, 1122688.233], [2566744.659, 1122687.183], [2566743.929, 1122685.973], [2566739.719, 1122688.443], [2566734.399, 1122679.583], [2566734.069, 1122678.943], [2566734.0427288464, 1122678.7709716177], [2566734.0429029176, 1122678.5969488963], [2566734.069518171, 1122678.424973415], [2566734.1219564816, 1122678.2590392071], [2566734.199, 1122678.1030000001], [2566734.3526951503, 1122677.8593872718], [2566734.5370964417, 1122677.638105722], [2566734.749, 1122677.443], [2566738.219, 1122675.373], [2566739.729, 1122677.863], [2566744.1890000002, 1122675.193], [2566745.129, 1122676.733], [2566748.809, 1122674.533], [2566748.659, 1122674.273], [2566748.5746780713, 1122674.00394847], [2566748.5349226296, 1122673.7248097623], [2566748.5407777936, 1122673.442915047], [2566748.5920897853, 1122673.1656678778], [2566748.6875109705, 1122672.9003497467], [2566748.8245352516, 1122672.653928847], [2566748.9995638854, 1122672.432877064], [2566749.208, 1122672.243], [2566750.828, 1122671.293], [2566751.678, 1122672.763], [2566754.698, 1122670.933], [2566754.9479255844, 1122670.8127329021], [2566755.214790154, 1122670.7371665465], [2566755.490666601, 1122670.708545602], [2566755.767360124, 1122670.7277202425], [2566756.0366516504, 1122670.7941208929], [2566756.290541981, 1122670.9057751477], [2566756.5214894027, 1122671.0593663615], [2566756.7226337134, 1122671.250332167], [2566756.888, 1122671.473], [2566759.839, 1122676.443], [2566755.489, 1122679.053], [2566756.219, 1122680.263], [2566757.409, 1122679.543], [2566759.269, 1122682.583], [2566759.520207193, 1122682.4920210212], [2566759.783299087, 1122682.4454927072], [2566760.0504727047, 1122682.4447950295], [2566760.3138040104, 1122682.4899486806], [2566760.565482926, 1122682.5796144593], [2566760.7980449707, 1122682.711132991], [2566761.0045926436, 1122682.8806036], [2566761.179, 1122683.083], [2566765.289, 1122689.863], [2566764.119, 1122690.543], [2566767.299, 1122695.963], [2566752.79, 1122704.773], [2566746.259, 1122693.773]]]}, "properties": {"OBJECTID": 46477990, "EGID": 849214, "NO_COM_FED": 5402, "GENRE_TXT": "b\u00e2timent"}}, {"type": "Feature", "id": 46443798, "geometry": {"type": "Polygon", "coordinates": [[[2566784.383, 1122012.865], [2566781.577, 1122011.875], [2566781.521, 1122012.035], [2566772.567, 1122008.877], [2566774.721, 1122002.793], [2566775.897, 1122003.207], [2566779.067, 1121994.2], [2566786.832, 1121996.917], [2566782.704, 1122008.62], [2566785.529, 1122009.616], [2566784.383, 1122012.865]]]}, "properties": {"OBJECTID": 46443798, "EGID": 280056124, "NO_COM_FED": 5402, "GENRE_TXT": "b\u00e2timent"}}, {"type": "Feature", "id": 46427668, "geometry": {"type": "Polygon", "coordinates": [[[2566782.375, 1122071.583], [2566782.335, 1122071.153], [2566775.346, 1122071.683], [2566777.726, 1122064.813], [2566777.566, 1122064.793], [2566777.966, 1122063.653], [2566780.326, 1122063.373], [2566780.566, 1122065.733], [2566791.625, 1122064.903], [2566792.035, 1122070.983], [2566782.375, 1122071.583]]]}, "properties": {"OBJECTID": 46427668, "EGID": 280013184, "NO_COM_FED": 5402, "GENRE_TXT": "b\u00e2timent"}}, {"type": "Feature", "id": 46295742, "geometry": {"type": "Polygon", "coordinates": [[[2566769.894, 1122268.094], [2566768.807, 1122271.76], [2566765.57, 1122270.814], [2566766.636, 1122267.15], [2566769.894, 1122268.094]]]}, "properties": {"OBJECTID": 46295742, "EGID": 280132317, "NO_COM_FED": 5402, "GENRE_TXT": "b\u00e2timent"}}, {"type": "Feature", "id": 46286832, "geometry": {"type": "Polygon", "coordinates": [[[2566824.282, 1122294.268], [2566820.39, 1122309.913], [2566811.863, 1122307.813], [2566815.752, 1122292.181], [2566824.282, 1122294.268]]]}, "properties": {"OBJECTID": 46286832, "EGID": 849070, "NO_COM_FED": 5402, "GENRE_TXT": "b\u00e2timent"}}, {"type": "Feature", "id": 46376691, "geometry": {"type": "Polygon", "coordinates": [[[2566803.184, 1122546.874], [2566800.734, 1122541.794], [2566809.724, 1122537.394], [2566811.824, 1122541.704], [2566812.214, 1122542.494], [2566803.184, 1122546.874]]]}, "properties": {"OBJECTID": 46376691, "EGID": 3161317, "NO_COM_FED": 5402, "GENRE_TXT": "b\u00e2timent"}}, {"type": "Feature", "id": 46366728, "geometry": {"type": "Polygon", "coordinates": [[[2566837.812, 1122274.554], [2566836.902, 1122278.484], [2566832.552, 1122277.504], [2566833.382, 1122273.604], [2566837.812, 1122274.554]]]}, "properties": {"OBJECTID": 46366728, "EGID": 280043222, "NO_COM_FED": 5402, "GENRE_TXT": "b\u00e2timent"}}, {"type": "Feature", "id": 46324777, "geometry": {"type": "Polygon", "coordinates": [[[2566143.326, 1121851.288], [2566153.58, 1121855.077], [2566136.861, 1121900.279], [2566126.615, 1121896.473], [2566143.326, 1121851.288]]]}, "properties": {"OBJECTID": 46324777, "EGID": 280079666, "NO_COM_FED": 5402, "GENRE_TXT": "b\u00e2timent"}}, {"type": "Feature", "id": 46412876, "geometry": {"type": "Polygon", "coordinates": [[[2566139.188, 1121953.115], [2566139.988, 1121949.805], [2566150.438, 1121952.325], [2566148.628, 1121959.175], [2566138.488, 1121956.935], [2566137.308, 1121961.515], [2566132.608, 1121960.365], [2566134.308, 1121951.945], [2566139.188, 1121953.115]]]}, "properties": {"OBJECTID": 46412876, "EGID": 280011457, "NO_COM_FED": 5402, "GENRE_TXT": "b\u00e2timent"}}, {"type": "Feature", "id": 46361226, "geometry": {"type": "Polygon", "coordinates": [[[2566165.67, 1122567.359], [2566155.86, 1122594.209], [2566158.72, 1122595.249], [2566148.799, 1122622.389], [2566148.699, 1122622.669], [2566126.81, 1122614.729], [2566126.91, 1122614.449], [2566136.77, 1122587.269], [2566139.63, 1122588.299], [2566149.3, 1122561.369], [2566165.67, 1122567.359]]]}, "properties": {"OBJECTID": 46361226, "EGID": 280001004, "NO_COM_FED": 5402, "GENRE_TXT": "b\u00e2timent"}}, {"type": "Feature", "id": 46478286, "geometry": {"type": "Polygon", "coordinates": [[[2566162.709, 1121817.585], [2566172.959, 1121820.675], [2566167.699, 1121838.115], [2566157.159, 1121834.935], [2566159.009, 1121828.755], [2566162.4189999998, 1121817.495], [2566162.709, 1121817.585]]]}, "properties": {"OBJECTID": 46478286, "EGID": 3161348, "NO_COM_FED": 5402, "GENRE_TXT": "b\u00e2timent"}}, {"type": "Feature", "id": 46427617, "geometry": {"type": "Polygon", "coordinates": [[[2566222.118, 1121843.566], [2566219.788, 1121852.326], [2566219.488, 1121852.206], [2566218.048, 1121857.546], [2566215.208, 1121856.746], [2566219.138, 1121842.736], [2566222.118, 1121843.566]]]}, "properties": {"OBJECTID": 46427617, "EGID": 280023186, "NO_COM_FED": 5402, "GENRE_TXT": "b\u00e2timent"}}, {"type": "Feature", "id": 46352673, "geometry": {"type": "Polygon", "coordinates": [[[2566239.514, 1122303.751], [2566243.017, 1122304.964], [2566240.781, 1122311.393], [2566240.538, 1122311.333], [2566238.616, 1122316.601], [2566239.145, 1122316.786], [2566235.455, 1122327.35], [2566235.137, 1122327.238], [2566233.166, 1122332.484], [2566233.388, 1122332.564], [2566232.068, 1122336.313], [2566232.217, 1122336.368], [2566231.192, 1122339.13], [2566221.271, 1122335.496], [2566225.313, 1122323.875], [2566224.585, 1122323.622], [2566224.972, 1122322.509], [2566223.871, 1122322.126], [2566226.02, 1122315.928], [2566227.16, 1122316.325], [2566228.276, 1122313.116], [2566228.97, 1122313.357], [2566233.084, 1122301.526], [2566239.514, 1122303.751]]]}, "properties": {"OBJECTID": 46352673, "EGID": 849179, "NO_COM_FED": 5402, "GENRE_TXT": "b\u00e2timent"}}, {"type": "Feature", "id": 46402571, "geometry": {"type": "Polygon", "coordinates": [[[2566239.188, 1121978.715], [2566240.218, 1121975.92], [2566251.49, 1121980.077], [2566250.453, 1121982.869], [2566239.188, 1121978.715]]]}, "properties": {"OBJECTID": 46402571, "EGID": 280098030, "NO_COM_FED": 5402, "GENRE_TXT": "b\u00e2timent"}}, {"type": "Feature", "id": 46369678, "geometry": {"type": "Polygon", "coordinates": [[[2566306.766, 1121932.649], [2566292.82, 1121929.671], [2566298.107, 1121904.932], [2566312.045, 1121907.922], [2566306.766, 1121932.649]]]}, "properties": {"OBJECTID": 46369678, "EGID": 280063770, "NO_COM_FED": 5402, "GENRE_TXT": "b\u00e2timent"}}, {"type": "Feature", "id": 46429471, "geometry": {"type": "Polygon", "coordinates": [[[2566297.8109999998, 1122311.179], [2566294.341, 1122325.379], [2566277.5810000002, 1122318.219], [2566281.131, 1122310.019], [2566290.461, 1122313.979], [2566292.701, 1122308.799], [2566297.8109999998, 1122311.179]]]}, "properties": {"OBJECTID": 46429471, "EGID": 849175, "NO_COM_FED": 5402, "GENRE_TXT": "b\u00e2timent"}}, {"type": "Feature", "id": 46336817, "geometry": {"type": "Polygon", "coordinates": [[[2566292.429, 1122452.46], [2566287.389, 1122464.66], [2566285.749, 1122464.04], [2566283.709, 1122469.04], [2566278.369, 1122466.83], [2566278.579, 1122466.34], [2566274.879, 1122464.84], [2566281.659, 1122448.39], [2566285.339, 1122449.91], [2566285.479, 1122449.57], [2566292.429, 1122452.46]]]}, "properties": {"OBJECTID": 46336817, "EGID": 280007347, "NO_COM_FED": 5402, "GENRE_TXT": "b\u00e2timent"}}, {"type": "Feature", "id": 46501693, "geometry": {"type": "Polygon", "coordinates": [[[2566428.001, 1121870.036], [2566426.551, 1121895.021], [2566379.671, 1121892.291], [2566379.768, 1121890.276], [2566379.601, 1121890.268], [2566381.029, 1121865.263], [2566357.265, 1121863.848], [2566355.904, 1121863.767], [2566358.981, 1121810.256], [2566369.86, 1121810.901], [2566369.909, 1121810.037], [2566371.673, 1121810.168], [2566371.622, 1121811.025], [2566375.906, 1121811.279], [2566376.341, 1121804.23], [2566374.929, 1121804.143], [2566374.779, 1121806.579], [2566360.378, 1121805.74], [2566361.257, 1121790.29], [2566384.076, 1121791.614], [2566384.037, 1121793.25], [2566388.414, 1121793.497], [2566387.947, 1121802.105], [2566387.252, 1121814.9], [2566386.286, 1121814.847], [2566385.463, 1121829.764], [2566385.677, 1121829.776], [2566385.143, 1121839.145], [2566390.349, 1121839.441], [2566390.337, 1121839.943], [2566399.216, 1121840.455], [2566399.246, 1121839.927], [2566429.647, 1121841.679], [2566428.07, 1121868.843], [2566428.001, 1121870.036]]]}, "properties": {"OBJECTID": 46501693, "EGID": 3161353, "NO_COM_FED": 5402, "GENRE_TXT": "b\u00e2timent"}}, {"type": "Feature", "id": 46415786, "geometry": {"type": "Polygon", "coordinates": [[[2566371.968, 1122332.608], [2566373.253, 1122327.497], [2566384.834, 1122330.419], [2566384.655, 1122331.127], [2566388.012, 1122331.976], [2566386.881, 1122336.605], [2566386.298, 1122336.463], [2566385.672, 1122338.944], [2566386.254, 1122339.091], [2566384.955, 1122344.243], [2566384.373, 1122344.096], [2566383.734, 1122346.584], [2566384.316, 1122346.73], [2566383.153, 1122351.365], [2566379.77, 1122350.516], [2566379.585, 1122351.253], [2566368.009, 1122348.348], [2566369.773, 1122341.342], [2566369.191, 1122341.195], [2566371.334, 1122332.724], [2566371.904, 1122332.863], [2566371.968, 1122332.608]]]}, "properties": {"OBJECTID": 46415786, "EGID": 280120470, "NO_COM_FED": 5402, "GENRE_TXT": "b\u00e2timent"}}, {"type": "Feature", "id": 46428969, "geometry": {"type": "Polygon", "coordinates": [[[2566358.798, 1122464.201], [2566357.638, 1122471.471], [2566357.918, 1122471.511], [2566357.408, 1122474.461], [2566357.128, 1122474.431], [2566355.928, 1122481.691], [2566346.978, 1122480.191], [2566349.778, 1122462.75], [2566358.798, 1122464.201]]]}, "properties": {"OBJECTID": 46428969, "EGID": 849244, "NO_COM_FED": 5402, "GENRE_TXT": "b\u00e2timent"}}, {"type": "Feature", "id": 46458433, "geometry": {"type": "Polygon", "coordinates": [[[2566378.34, 1122712.491], [2566377.8, 1122713.221], [2566375.45, 1122711.611], [2566375.98, 1122710.851], [2566369.18, 1122706.081], [2566376.019, 1122696.441], [2566408.71, 1122719.371], [2566402.03, 1122728.961], [2566395.38, 1122724.351], [2566394.81, 1122725.161], [2566392.35, 1122723.451], [2566392.91, 1122722.591], [2566378.34, 1122712.491]]]}, "properties": {"OBJECTID": 46458433, "EGID": 849203, "NO_COM_FED": 5402, "GENRE_TXT": "b\u00e2timent"}}, {"type": "Feature", "id": 46361974, "geometry": {"type": "Polygon", "coordinates": [[[2566424.223, 1121933.018], [2566403.254, 1121931.798], [2566403.441, 1121928.423], [2566403.984, 1121918.618], [2566424.983, 1121919.898], [2566424.223, 1121933.018]]]}, "properties": {"OBJECTID": 46361974, "EGID": 9082129, "NO_COM_FED": 5402, "GENRE_TXT": "b\u00e2timent"}}, {"type": "Feature", "id": 46303275, "geometry": {"type": "Polygon", "coordinates": [[[2566403.505, 1122363.965], [2566403.917, 1122362.679], [2566392.467, 1122359.014], [2566393.713, 1122355.124], [2566394.1689999998, 1122355.27], [2566396.209, 1122349.23], [2566420.028, 1122356.981], [2566415.408, 1122371.301], [2566409.048, 1122369.251], [2566402.486, 1122367.149], [2566402.645, 1122366.651], [2566402.053, 1122365.779], [2566402.526, 1122364.302], [2566403.505, 1122363.965]]]}, "properties": {"OBJECTID": 46303275, "EGID": 849173, "NO_COM_FED": 5402, "GENRE_TXT": "b\u00e2timent"}}, {"type": "Feature", "id": 46293672, "geometry": {"type": "Polygon", "coordinates": [[[2566450.3109999998, 1122097.519], [2566444.931, 1122096.239], [2566446.391, 1122090.029], [2566451.431, 1122091.209], [2566450.741, 1122094.449], [2566451.051, 1122094.569], [2566450.3109999998, 1122097.519]]]}, "properties": {"OBJECTID": 46293672, "EGID": 280029957, "NO_COM_FED": 5402, "GENRE_TXT": "b\u00e2timent"}}, {"type": "Feature", "id": 46477126, "geometry": {"type": "Polygon", "coordinates": [[[2566459.357, 1122642.372], [2566447.478, 1122662.261], [2566442.538, 1122659.301], [2566454.417, 1122639.472], [2566459.357, 1122642.372]]]}, "properties": {"OBJECTID": 46477126, "EGID": 280010518, "NO_COM_FED": 5402, "GENRE_TXT": "b\u00e2timent"}}, {"type": "Feature", "id": 46446413, "geometry": {"type": "Polygon", "coordinates": [[[2566466.332, 1121945.329], [2566464.742, 1121950.269], [2566457.602, 1121947.949], [2566459.193, 1121943.089], [2566466.332, 1121945.329]]]}, "properties": {"OBJECTID": 46446413, "EGID": 280025894, "NO_COM_FED": 5402, "GENRE_TXT": "b\u00e2timent"}}, {"type": "Feature", "id": 46485346, "geometry": {"type": "Polygon", "coordinates": [[[2566474.15, 1122125.58], [2566475.43, 1122120.99], [2566475.24, 1122120.93], [2566478.99, 1122107.23], [2566486.26, 1122109.21], [2566492.215, 1122110.832], [2566491.02, 1122115.31], [2566488.55, 1122124.57], [2566487.64, 1122124.34], [2566486.33, 1122129.1], [2566474.15, 1122125.58]]]}, "properties": {"OBJECTID": 46485346, "EGID": 280006741, "NO_COM_FED": 5402, "GENRE_TXT": "b\u00e2timent"}}, {"type": "Feature", "id": 46392311, "geometry": {"type": "Polygon", "coordinates": [[[2566484.184, 1122130.686], [2566482.5439999998, 1122136.446], [2566476.34, 1122134.73], [2566477.989, 1122128.971], [2566484.184, 1122130.686]]]}, "properties": {"OBJECTID": 46392311, "EGID": 280069340, "NO_COM_FED": 5402, "GENRE_TXT": "b\u00e2timent"}}, {"type": "Feature", "id": 46308499, "geometry": {"type": "Polygon", "coordinates": [[[2566467.336, 1122610.642], [2566476.187, 1122615.222], [2566470.157, 1122626.852], [2566466.187, 1122624.812], [2566455.147, 1122628.332], [2566451.227, 1122615.802], [2566467.336, 1122610.642]]]}, "properties": {"OBJECTID": 46308499, "EGID": 849204, "NO_COM_FED": 5402, "GENRE_TXT": "b\u00e2timent"}}, {"type": "Feature", "id": 46462935, "geometry": {"type": "Polygon", "coordinates": [[[2566537.182, 1121881.089], [2566534.352, 1121914.729], [2566512.432, 1121912.899], [2566515.192, 1121879.249], [2566537.182, 1121881.089]]]}, "properties": {"OBJECTID": 46462935, "EGID": 9019066, "NO_COM_FED": 5402, "GENRE_TXT": "b\u00e2timent"}}, {"type": "Feature", "id": 46386113, "geometry": {"type": "Polygon", "coordinates": [[[2566492.817, 1122133.088], [2566491.163, 1122138.867], [2566485.389, 1122137.23], [2566487.034, 1122131.455], [2566492.817, 1122133.088]]]}, "properties": {"OBJECTID": 46386113, "EGID": 280069724, "NO_COM_FED": 5402, "GENRE_TXT": "b\u00e2timent"}}, {"type": "Feature", "id": 46326388, "geometry": {"type": "Polygon", "coordinates": [[[2566519.987, 1122295.021], [2566524.187, 1122282.591], [2566532.757, 1122285.461], [2566528.587, 1122297.901], [2566519.987, 1122295.021]]]}, "properties": {"OBJECTID": 46326388, "EGID": 849172, "NO_COM_FED": 5402, "GENRE_TXT": "b\u00e2timent"}}, {"type": "Feature", "id": 46341221, "geometry": {"type": "Polygon", "coordinates": [[[2566541.787, 1122315.482], [2566538.267, 1122325.212], [2566512.417, 1122316.291], [2566515.657, 1122306.861], [2566541.787, 1122315.482]]]}, "properties": {"OBJECTID": 46341221, "EGID": 3161014, "NO_COM_FED": 5402, "GENRE_TXT": "b\u00e2timent"}}, {"type": "Feature", "id": 46452581, "geometry": {"type": "Polygon", "coordinates": [[[2566522.906, 1122423.422], [2566514.856, 1122419.972], [2566518.466, 1122411.532], [2566522.859, 1122413.417], [2566524.107, 1122410.523], [2566527.148, 1122411.807], [2566525.892, 1122414.719], [2566526.506, 1122414.982], [2566522.906, 1122423.422]]]}, "properties": {"OBJECTID": 46452581, "EGID": 849171, "NO_COM_FED": 5402, "GENRE_TXT": "b\u00e2timent"}}, {"type": "Feature", "id": 46507432, "geometry": {"type": "Polygon", "coordinates": [[[2566529.123, 1122485.805], [2566531.361, 1122486.955], [2566530.063, 1122489.475], [2566534.305, 1122491.655], [2566525.892, 1122508.017], [2566513.764, 1122501.7719999999], [2566516.368, 1122496.479], [2566516.071, 1122496.093], [2566514.85, 1122494.5], [2566517.29, 1122491.833], [2566518.957, 1122489.536], [2566520, 1122487.518], [2566521.4359999998, 1122485.039], [2566526.818, 1122487.806], [2566528.118, 1122485.278], [2566529.123, 1122485.805]]]}, "properties": {"OBJECTID": 46507432, "EGID": 280092902, "NO_COM_FED": 5402, "GENRE_TXT": "b\u00e2timent"}}, {"type": "Feature", "id": 46299983, "geometry": {"type": "Polygon", "coordinates": [[[2566520.326, 1122595.742], [2566513.996, 1122604.982], [2566509.606, 1122601.902], [2566515.9359999998, 1122592.792], [2566520.326, 1122595.742]]]}, "properties": {"OBJECTID": 46299983, "EGID": 280019210, "NO_COM_FED": 5402, "GENRE_TXT": "b\u00e2timent"}}, {"type": "Feature", "id": 46297993, "geometry": {"type": "Polygon", "coordinates": [[[2566513.703, 1122617.471], [2566519.018, 1122621.206], [2566513.272, 1122629.61], [2566507.949, 1122625.868], [2566513.703, 1122617.471]]]}, "properties": {"OBJECTID": 46297993, "EGID": 280134195, "NO_COM_FED": 5402, "GENRE_TXT": "b\u00e2timent"}}, {"type": "Feature", "id": 46307324, "geometry": {"type": "Polygon", "coordinates": [[[2566563.658, 1122648.572], [2566572.688, 1122658.692], [2566550.599, 1122678.282], [2566541.548, 1122668.132], [2566563.658, 1122648.572]]]}, "properties": {"OBJECTID": 46307324, "EGID": 849226, "NO_COM_FED": 5402, "GENRE_TXT": "b\u00e2timent"}}, {"type": "Feature", "id": 46361703, "geometry": {"type": "Polygon", "coordinates": [[[2566578.267, 1121953.589], [2566578.61, 1121952.634], [2566579.3, 1121952.924], [2566579.698, 1121951.98], [2566581.666, 1121952.713], [2566580.951, 1121954.598], [2566578.267, 1121953.589]]]}, "properties": {"OBJECTID": 46361703, "EGID": 280098220, "NO_COM_FED": 5402, "GENRE_TXT": "b\u00e2timent"}}, {"type": "Feature", "id": 46477024, "geometry": {"type": "Polygon", "coordinates": [[[2566590.164, 1121944.623], [2566594.052, 1121946.1030000001], [2566593.767, 1121946.8530000001], [2566597.842, 1121948.404], [2566595.085, 1121955.658], [2566590.986, 1121954.095], [2566591.636, 1121952.444], [2566587.747, 1121950.958], [2566590.164, 1121944.623]]]}, "properties": {"OBJECTID": 46477024, "EGID": 280134199, "NO_COM_FED": 5402, "GENRE_TXT": "b\u00e2timent"}}, {"type": "Feature", "id": 46437027, "geometry": {"type": "Polygon", "coordinates": [[[2566587.84, 1122189.004], [2566598.488, 1122154.038], [2566611.583, 1122154.954], [2566600.087, 1122192.734], [2566587.84, 1122189.004]]]}, "properties": {"OBJECTID": 46437027, "EGID": 280075752, "NO_COM_FED": 5402, "GENRE_TXT": "b\u00e2timent"}}, {"type": "Feature", "id": 46425359, "geometry": {"type": "Polygon", "coordinates": [[[2566598.514, 1122436.433], [2566598.404, 1122436.703], [2566606.0640000002, 1122440.023], [2566600.674, 1122452.463], [2566591.894, 1122448.643], [2566592.034, 1122448.383], [2566583.574, 1122444.743], [2566583.474, 1122445.043], [2566574.264, 1122441.043], [2566574.414, 1122440.733], [2566565.885, 1122437.033], [2566571.255, 1122424.633], [2566579.435, 1122428.173], [2566579.295, 1122428.453], [2566588.354, 1122432.3530000001], [2566588.444, 1122432.093], [2566598.514, 1122436.433]]]}, "properties": {"OBJECTID": 46425359, "EGID": 849158, "NO_COM_FED": 5402, "GENRE_TXT": "b\u00e2timent"}}, {"type": "Feature", "id": 46319526, "geometry": {"type": "Polygon", "coordinates": [[[2566635.941, 1121858.15], [2566635.651, 1121862.08], [2566630.251, 1121861.77], [2566630.531, 1121857.82], [2566635.941, 1121858.15]]]}, "properties": {"OBJECTID": 46319526, "EGID": 280037941, "NO_COM_FED": 5402, "GENRE_TXT": "b\u00e2timent"}}, {"type": "Feature", "id": 46389271, "geometry": {"type": "Polygon", "coordinates": [[[2566613.27, 1121947.15], [2566620.89, 1121928.21], [2566632.72, 1121933], [2566629.7, 1121940.7], [2566628.709, 1121940.27], [2566627.271, 1121943.757], [2566624.388, 1121942.564], [2566621.18, 1121950.32], [2566613.27, 1121947.15]]]}, "properties": {"OBJECTID": 46389271, "EGID": 849092, "NO_COM_FED": 5402, "GENRE_TXT": "b\u00e2timent"}}, {"type": "Feature", "id": 46308988, "geometry": {"type": "Polygon", "coordinates": [[[2566630.01, 1122030.415], [2566635.947, 1122032.217], [2566634.103, 1122038.131], [2566628.194, 1122036.314], [2566630.01, 1122030.415]]]}, "properties": {"OBJECTID": 46308988, "EGID": 280026745, "NO_COM_FED": 5402, "GENRE_TXT": "b\u00e2timent"}}, {"type": "Feature", "id": 46326462, "geometry": {"type": "Polygon", "coordinates": [[[2566638.305, 1122071.895], [2566631.4560000002, 1122069.567], [2566632.978, 1122065.09], [2566635.093, 1122065.809], [2566637.769, 1122057.935], [2566649.139, 1122061.852], [2566646.235, 1122070.357], [2566639.595, 1122068.1], [2566638.305, 1122071.895]]]}, "properties": {"OBJECTID": 46326462, "EGID": 101075767, "NO_COM_FED": 5402, "GENRE_TXT": "b\u00e2timent"}}, {"type": "Feature", "id": 46303994, "geometry": {"type": "Polygon", "coordinates": [[[2566640.736, 1122606.3530000001], [2566638.646, 1122604.753], [2566642.276, 1122599.913], [2566631.446, 1122591.753], [2566633.046, 1122589.563], [2566646.016, 1122599.243], [2566640.736, 1122606.3530000001]]]}, "properties": {"OBJECTID": 46303994, "EGID": 280018355, "NO_COM_FED": 5402, "GENRE_TXT": "b\u00e2timent"}}, {"type": "Feature", "id": 46472072, "geometry": {"type": "Polygon", "coordinates": [[[2566678.208, 1121985.501], [2566671.728, 1121995.121], [2566664.978, 1121990.571], [2566669.588, 1121983.881], [2566670.698, 1121984.611], [2566672.658, 1121981.761], [2566678.208, 1121985.501]]]}, "properties": {"OBJECTID": 46472072, "EGID": 849033, "NO_COM_FED": 5402, "GENRE_TXT": "b\u00e2timent"}}, {"type": "Feature", "id": 46382249, "geometry": {"type": "Polygon", "coordinates": [[[2566658.287, 1122115.249], [2566661.702, 1122103.983], [2566667.647, 1122105.786], [2566666.4189999998, 1122109.82], [2566664.218, 1122117.049], [2566658.287, 1122115.249]]]}, "properties": {"OBJECTID": 46382249, "EGID": 280094485, "NO_COM_FED": 5402, "GENRE_TXT": "b\u00e2timent"}}, {"type": "Feature", "id": 46468411, "geometry": {"type": "Polygon", "coordinates": [[[2566655.984, 1122396.233], [2566652.444, 1122407.743], [2566647.674, 1122406.273], [2566651.504, 1122393.843], [2566651.714, 1122393.933], [2566651.434, 1122394.8530000001], [2566655.984, 1122396.233]]]}, "properties": {"OBJECTID": 46468411, "EGID": 849155, "NO_COM_FED": 5402, "GENRE_TXT": "b\u00e2timent"}}, {"type": "Feature", "id": 46351557, "geometry": {"type": "Polygon", "coordinates": [[[2566658.886, 1122601.263], [2566665.676, 1122605.733], [2566666.056, 1122605.173], [2566667.166, 1122605.913], [2566661.756, 1122613.813], [2566663.407, 1122614.933], [2566658.717, 1122621.8530000001], [2566660.347, 1122622.923], [2566655.147, 1122630.583], [2566645.807, 1122624.223], [2566650.817, 1122616.973], [2566647.937, 1122615.033], [2566652.6859999998, 1122608.063], [2566652.376, 1122607.823], [2566657.496, 1122600.283], [2566658.886, 1122601.263]]]}, "properties": {"OBJECTID": 46351557, "EGID": 849223, "NO_COM_FED": 5402, "GENRE_TXT": "b\u00e2timent"}}, {"type": "Feature", "id": 46387652, "geometry": {"type": "Polygon", "coordinates": [[[2566692.96, 1121933.065], [2566687.519, 1121930.981], [2566690.989, 1121922.221], [2566699.399, 1121925.381], [2566695.979, 1121934.221], [2566692.96, 1121933.065]]]}, "properties": {"OBJECTID": 46387652, "EGID": 849031, "NO_COM_FED": 5402, "GENRE_TXT": "b\u00e2timent"}}, {"type": "Feature", "id": 46396761, "geometry": {"type": "Polygon", "coordinates": [[[2566694.876, 1121953.109], [2566695.6890000002, 1121950.744], [2566698.501, 1121951.722], [2566697.691, 1121954.077], [2566694.876, 1121953.109]]]}, "properties": {"OBJECTID": 46396761, "EGID": 280111250, "NO_COM_FED": 5402, "GENRE_TXT": "b\u00e2timent"}}, {"type": "Feature", "id": 46485923, "geometry": {"type": "Polygon", "coordinates": [[[2566708.896, 1121990.582], [2566701.348, 1121987.93], [2566704.675, 1121978.505], [2566708.839, 1121979.969], [2566709.509, 1121978.062], [2566712.881, 1121979.252], [2566708.896, 1121990.582]]]}, "properties": {"OBJECTID": 46485923, "EGID": 280075724, "NO_COM_FED": 5402, "GENRE_TXT": "b\u00e2timent"}}, {"type": "Feature", "id": 46471653, "geometry": {"type": "Polygon", "coordinates": [[[2566684.411, 1122061.214], [2566680.611, 1122071.944], [2566680.401, 1122072.538], [2566672.854, 1122069.859], [2566676.1890000002, 1122060.425], [2566680.317, 1122061.888], [2566680.986, 1122059.999], [2566684.411, 1122061.214]]]}, "properties": {"OBJECTID": 46471653, "EGID": 280078865, "NO_COM_FED": 5402, "GENRE_TXT": "b\u00e2timent"}}, {"type": "Feature", "id": 46379066, "geometry": {"type": "Polygon", "coordinates": [[[2566704.647, 1122630.053], [2566716.168, 1122648.733], [2566715.768, 1122648.983], [2566716.468, 1122650.1030000001], [2566707.878, 1122655.293], [2566701.548, 1122644.943], [2566700.388, 1122645.643], [2566694.607, 1122636.083], [2566704.647, 1122630.053]]]}, "properties": {"OBJECTID": 46379066, "EGID": 849213, "NO_COM_FED": 5402, "GENRE_TXT": "b\u00e2timent"}}, {"type": "Feature", "id": 46436504, "geometry": {"type": "Polygon", "coordinates": [[[2566716.21, 1121969.83], [2566708.646, 1121967.186], [2566711.963, 1121957.735], [2566716.104, 1121959.186], [2566716.77, 1121957.285], [2566720.208, 1121958.5], [2566720.1689999998, 1121958.61], [2566716.21, 1121969.83]]]}, "properties": {"OBJECTID": 46436504, "EGID": 280075748, "NO_COM_FED": 5402, "GENRE_TXT": "b\u00e2timent"}}, {"type": "Feature", "id": 46356416, "geometry": {"type": "Polygon", "coordinates": [[[2566712.96, 1122070.671], [2566712.634, 1122065.258], [2566712.538, 1122063.664], [2566723.198, 1122062.968], [2566723.0640000002, 1122060.924], [2566726.876, 1122060.668], [2566727.259, 1122066.686], [2566723.771, 1122066.909], [2566723.966, 1122069.968], [2566712.96, 1122070.671]]]}, "properties": {"OBJECTID": 46356416, "EGID": 280058668, "NO_COM_FED": 5402, "GENRE_TXT": "b\u00e2timent"}}, {"type": "Feature", "id": 46353550, "geometry": {"type": "Polygon", "coordinates": [[[2566714.699, 1122238.764], [2566706.912, 1122237.002], [2566707.527, 1122234.297], [2566715.313, 1122236.066], [2566714.699, 1122238.764]]]}, "properties": {"OBJECTID": 46353550, "EGID": 280132558, "NO_COM_FED": 5402, "GENRE_TXT": "b\u00e2timent"}}, {"type": "Feature", "id": 46465140, "geometry": {"type": "Polygon", "coordinates": [[[2566730.715, 1122561.664], [2566731.405, 1122563.024], [2566734.635, 1122561.374], [2566738.435, 1122569.284], [2566728.025, 1122574.214], [2566724.235, 1122566.484], [2566727.625, 1122564.864], [2566726.985, 1122563.474], [2566730.715, 1122561.664]]]}, "properties": {"OBJECTID": 46465140, "EGID": 849209, "NO_COM_FED": 5402, "GENRE_TXT": "b\u00e2timent"}}, {"type": "Feature", "id": 46406397, "geometry": {"type": "Polygon", "coordinates": [[[2566740.116, 1122587.044], [2566744.036, 1122595.063], [2566739.586, 1122597.223], [2566735.616, 1122589.223], [2566740.116, 1122587.044]]]}, "properties": {"OBJECTID": 46406397, "EGID": 280023472, "NO_COM_FED": 5402, "GENRE_TXT": "b\u00e2timent"}}, {"type": "Feature", "id": 46344974, "geometry": {"type": "Polygon", "coordinates": [[[2566769.484, 1122198.253], [2566768.933, 1122200.644], [2566765.434, 1122199.401], [2566765.859, 1122197.449], [2566759.694, 1122196.083], [2566761.534, 1122187.773], [2566774.244, 1122190.593], [2566773.704, 1122193.053], [2566770.774, 1122192.393], [2566769.484, 1122198.253]]]}, "properties": {"OBJECTID": 46344974, "EGID": 280013565, "NO_COM_FED": 5402, "GENRE_TXT": "b\u00e2timent"}}, {"type": "Feature", "id": 46364599, "geometry": {"type": "Polygon", "coordinates": [[[2566769.909, 1122268.043], [2566766.528, 1122267.047], [2566770.471, 1122253.557], [2566780.43, 1122256.474], [2566776.464, 1122269.975], [2566769.909, 1122268.043]]]}, "properties": {"OBJECTID": 46364599, "EGID": 280103395, "NO_COM_FED": 5402, "GENRE_TXT": "b\u00e2timent"}}, {"type": "Feature", "id": 46412005, "geometry": {"type": "Polygon", "coordinates": [[[2566765.345, 1122565.336], [2566762.4560000002, 1122566.559], [2566759.516, 1122560.18], [2566762.346, 1122558.876], [2566765.345, 1122565.336]]]}, "properties": {"OBJECTID": 46412005, "EGID": 280091139, "NO_COM_FED": 5402, "GENRE_TXT": "b\u00e2timent"}}, {"type": "Feature", "id": 46375491, "geometry": {"type": "Polygon", "coordinates": [[[2566805.587, 1121937.962], [2566801.927, 1121943.282], [2566797.047, 1121939.942], [2566800.647, 1121934.612], [2566805.587, 1121937.962]]]}, "properties": {"OBJECTID": 46375491, "EGID": 280026749, "NO_COM_FED": 5402, "GENRE_TXT": "b\u00e2timent"}}, {"type": "Feature", "id": 46370902, "geometry": {"type": "Polygon", "coordinates": [[[2566812.321, 1122413.035], [2566812.001, 1122414.315], [2566810.721, 1122415.135], [2566812.731, 1122418.055], [2566813.031, 1122417.875], [2566820.36, 1122428.485], [2566818.34, 1122429.875], [2566821.22, 1122433.945], [2566806.711, 1122444.065], [2566803.951, 1122440.115], [2566801.951, 1122441.485], [2566794.371, 1122430.565], [2566791.751, 1122430.865], [2566789.451, 1122438.585], [2566789.671, 1122440.905], [2566796.731, 1122451.065], [2566791.951, 1122454.435], [2566784.0609999998, 1122443.145], [2566782.791, 1122444.015], [2566781.291, 1122441.925], [2566782.651, 1122440.975], [2566784.921, 1122432.845], [2566782.001, 1122432.055], [2566783.971, 1122425.115], [2566787.491, 1122426.015], [2566805.191, 1122413.635], [2566804.541, 1122413.425], [2566805.201, 1122411.035], [2566812.321, 1122413.035]]]}, "properties": {"OBJECTID": 46370902, "EGID": 849146, "NO_COM_FED": 5402, "GENRE_TXT": "b\u00e2timent"}}, {"type": "Feature", "id": 46313947, "geometry": {"type": "Polygon", "coordinates": [[[2566825.565, 1122039.383], [2566825.725, 1122038.943], [2566826.125, 1122039.023], [2566826.555, 1122037.383], [2566831.245, 1122038.523], [2566830.905, 1122040.253], [2566831.335, 1122040.383], [2566831.245, 1122040.823], [2566836.035, 1122041.993], [2566833.165, 1122054.223], [2566828.275, 1122053.053], [2566828.155, 1122053.523], [2566822.535, 1122052.213], [2566822.655, 1122051.763], [2566817.755, 1122050.543], [2566820.815, 1122038.333], [2566825.565, 1122039.383]]]}, "properties": {"OBJECTID": 46313947, "EGID": 849095, "NO_COM_FED": 5402, "GENRE_TXT": "b\u00e2timent"}}, {"type": "Feature", "id": 46456243, "geometry": {"type": "Polygon", "coordinates": [[[2566830.572, 1122318.195], [2566832.152, 1122311.665], [2566838.572, 1122313.225], [2566836.972, 1122319.725], [2566830.572, 1122318.195]]]}, "properties": {"OBJECTID": 46456243, "EGID": 280023763, "NO_COM_FED": 5402, "GENRE_TXT": "b\u00e2timent"}}, {"type": "Feature", "id": 46501912, "geometry": {"type": "Polygon", "coordinates": [[[2566199.204, 1122163.767], [2566162.274, 1122253.037], [2566128.545, 1122239.1469999999], [2566165.515, 1122149.807], [2566199.204, 1122163.767]]]}, "properties": {"OBJECTID": 46501912, "EGID": 9019072, "NO_COM_FED": 5402, "GENRE_TXT": "b\u00e2timent"}}, {"type": "Feature", "id": 46467434, "geometry": {"type": "Polygon", "coordinates": [[[2566156.258, 1121955.606], [2566157.438, 1121944.365], [2566157.728, 1121944.405], [2566165.757, 1121945.416], [2566166.057, 1121945.456], [2566165.527, 1121950.736], [2566165.157, 1121953.716], [2566164.857, 1121956.686], [2566161.777, 1121956.306], [2566159.317, 1121955.976], [2566156.258, 1121955.606]]]}, "properties": {"OBJECTID": 46467434, "EGID": 848918, "NO_COM_FED": 5402, "GENRE_TXT": "b\u00e2timent"}}, {"type": "Feature", "id": 46410133, "geometry": {"type": "Polygon", "coordinates": [[[2566203.025, 1122073.257], [2566185.616, 1122066.696], [2566196.336, 1122038.166], [2566205.7060000002, 1122041.657], [2566208.806, 1122033.467], [2566216.855, 1122036.517], [2566216.318, 1122037.944], [2566213.765, 1122044.727], [2566203.025, 1122073.257]]]}, "properties": {"OBJECTID": 46410133, "EGID": 280015636, "NO_COM_FED": 5402, "GENRE_TXT": "b\u00e2timent"}}, {"type": "Feature", "id": 46414046, "geometry": {"type": "Polygon", "coordinates": [[[2566184.8109999998, 1122741.279], [2566168.141, 1122734.429], [2566159.19, 1122730.709], [2566163.28, 1122720.809], [2566206.271, 1122738.53], [2566202.181, 1122748.439], [2566184.8109999998, 1122741.279]]]}, "properties": {"OBJECTID": 46414046, "EGID": 280002669, "NO_COM_FED": 5402, "GENRE_TXT": "b\u00e2timent"}}, {"type": "Feature", "id": 46375879, "geometry": {"type": "Polygon", "coordinates": [[[2566191.868, 1121844.935], [2566197.728, 1121846.325], [2566196.398, 1121851.945], [2566190.578, 1121850.575], [2566191.868, 1121844.935]]]}, "properties": {"OBJECTID": 46375879, "EGID": 280030590, "NO_COM_FED": 5402, "GENRE_TXT": "b\u00e2timent"}}, {"type": "Feature", "id": 46493027, "geometry": {"type": "Polygon", "coordinates": [[[2566225.194, 1121980.517], [2566241.668, 1121986.604], [2566232.963, 1122010.232], [2566232.127, 1122009.931], [2566231.748, 1122010.985], [2566232.584, 1122011.286], [2566228.88, 1122021.308], [2566212.699, 1122014.386], [2566216.077, 1122005.229], [2566216.94, 1122005.548], [2566217.342, 1122004.459], [2566216.478, 1122004.141], [2566225.194, 1121980.517]]]}, "properties": {"OBJECTID": 46493027, "EGID": 280096490, "NO_COM_FED": 5402, "GENRE_TXT": "b\u00e2timent"}}, {"type": "Feature", "id": 46306876, "geometry": {"type": "Polygon", "coordinates": [[[2566196.441, 1122406.039], [2566215.172, 1122352.578], [2566224.541, 1122355.919], [2566225.281, 1122354.119], [2566228.381, 1122355.229], [2566230.141, 1122350.359], [2566238.121, 1122353.239], [2566235.951, 1122359.729], [2566248.8109999998, 1122364.269], [2566229.861, 1122417.939], [2566205.639, 1122409.314], [2566196.441, 1122406.039]]]}, "properties": {"OBJECTID": 46306876, "EGID": 849178, "NO_COM_FED": 5402, "GENRE_TXT": "b\u00e2timent"}}, {"type": "Feature", "id": 46416106, "geometry": {"type": "Polygon", "coordinates": [[[2566289.528, 1122539.27], [2566272.308, 1122580.78], [2566231.429, 1122563.86], [2566248.609, 1122522.38], [2566289.528, 1122539.27]]]}, "properties": {"OBJECTID": 46416106, "EGID": 280000451, "NO_COM_FED": 5402, "GENRE_TXT": "b\u00e2timent"}}, {"type": "Feature", "id": 46410267, "geometry": {"type": "Polygon", "coordinates": [[[2566301.66, 1122361.079], [2566299.45, 1122366.559], [2566286.02, 1122361.059], [2566288.18, 1122355.649], [2566301.66, 1122361.079]]]}, "properties": {"OBJECTID": 46410267, "EGID": 280014457, "NO_COM_FED": 5402, "GENRE_TXT": "b\u00e2timent"}}, {"type": "Feature", "id": 46408200, "geometry": {"type": "Polygon", "coordinates": [[[2566405.41, 1122263.21], [2566406.22, 1122263.47], [2566417.139, 1122267.16], [2566416.029, 1122270.69], [2566405.909, 1122267.4], [2566406.149, 1122266.73], [2566404.7, 1122265.45], [2566405.41, 1122263.21]]]}, "properties": {"OBJECTID": 46408200, "EGID": 280023012, "NO_COM_FED": 5402, "GENRE_TXT": "b\u00e2timent"}}, {"type": "Feature", "id": 46341304, "geometry": {"type": "Polygon", "coordinates": [[[2566438.36, 1122163.622], [2566439.89, 1122157.811], [2566443.162, 1122158.676], [2566441.638, 1122164.485], [2566438.36, 1122163.622]]]}, "properties": {"OBJECTID": 46341304, "EGID": 280125390, "NO_COM_FED": 5402, "GENRE_TXT": "b\u00e2timent"}}, {"type": "Feature", "id": 46394037, "geometry": {"type": "Polygon", "coordinates": [[[2566426.999, 1122236.73], [2566429.43, 1122228.79], [2566433.6689999998, 1122230.05], [2566433.339, 1122231.21], [2566434.859, 1122231.67], [2566432.789, 1122238.54], [2566426.999, 1122236.73]]]}, "properties": {"OBJECTID": 46394037, "EGID": 849234, "NO_COM_FED": 5402, "GENRE_TXT": "b\u00e2timent"}}, {"type": "Feature", "id": 46464292, "geometry": {"type": "Polygon", "coordinates": [[[2566462.072, 1121991.209], [2566466.522, 1121995.389], [2566463.382, 1121998.739], [2566458.932, 1121994.579], [2566462.072, 1121991.209]]]}, "properties": {"OBJECTID": 46464292, "EGID": 280033736, "NO_COM_FED": 5402, "GENRE_TXT": "b\u00e2timent"}}, {"type": "Feature", "id": 46468182, "geometry": {"type": "Polygon", "coordinates": [[[2566470.361, 1122092.7], [2566475.211, 1122074.27], [2566485.6, 1122076.87], [2566483.04, 1122086.78], [2566484.05, 1122087.06], [2566482.32, 1122093.66], [2566481.34, 1122093.36], [2566480.82, 1122095.38], [2566470.361, 1122092.7]]]}, "properties": {"OBJECTID": 46468182, "EGID": 849103, "NO_COM_FED": 5402, "GENRE_TXT": "b\u00e2timent"}}, {"type": "Feature", "id": 46410836, "geometry": {"type": "Polygon", "coordinates": [[[2566480.837, 1122386.681], [2566480.717, 1122386.921], [2566486.697, 1122389.591], [2566486.367, 1122390.291], [2566490.557, 1122392.152], [2566488.126, 1122397.622], [2566487.716, 1122397.452], [2566486.166, 1122401.002], [2566477.207, 1122397.071], [2566477.067, 1122397.401], [2566472.257, 1122395.291], [2566472.417, 1122394.951], [2566464.867, 1122391.611], [2566466.397, 1122388.121], [2566465.927, 1122387.851], [2566468.217, 1122382.611], [2566468.327, 1122382.381], [2566471.397, 1122383.741], [2566471.857, 1122382.741], [2566480.837, 1122386.681]]]}, "properties": {"OBJECTID": 46410836, "EGID": 3161009, "NO_COM_FED": 5402, "GENRE_TXT": "b\u00e2timent"}}, {"type": "Feature", "id": 46299965, "geometry": {"type": "Polygon", "coordinates": [[[2566522.481, 1121934.324], [2566528.666, 1121936.238], [2566526.78, 1121942.474], [2566520.553, 1121940.55], [2566522.481, 1121934.324]]]}, "properties": {"OBJECTID": 46299965, "EGID": 280069275, "NO_COM_FED": 5402, "GENRE_TXT": "b\u00e2timent"}}, {"type": "Feature", "id": 46362106, "geometry": {"type": "Polygon", "coordinates": [[[2566507.572, 1122052.08], [2566508.39, 1122049.037], [2566510.515, 1122049.612], [2566509.6859999998, 1122052.66], [2566507.572, 1122052.08]]]}, "properties": {"OBJECTID": 46362106, "EGID": 280141882, "NO_COM_FED": 5402, "GENRE_TXT": "b\u00e2timent"}}, {"type": "Feature", "id": 46293836, "geometry": {"type": "Polygon", "coordinates": [[[2566519.987, 1122295.021], [2566528.587, 1122297.901], [2566525.807, 1122306.141], [2566517.207, 1122303.251], [2566517.757, 1122301.761], [2566516.127, 1122301.191], [2566517.097, 1122298.321], [2566518.687, 1122298.851], [2566519.987, 1122295.021]]]}, "properties": {"OBJECTID": 46293836, "EGID": 280014572, "NO_COM_FED": 5402, "GENRE_TXT": "b\u00e2timent"}}, {"type": "Feature", "id": 46361349, "geometry": {"type": "Polygon", "coordinates": [[[2566513.272, 1122629.61], [2566519.018, 1122621.206], [2566522.37, 1122623.562], [2566516.63, 1122631.97], [2566513.272, 1122629.61]]]}, "properties": {"OBJECTID": 46361349, "EGID": 280125909, "NO_COM_FED": 5402, "GENRE_TXT": "b\u00e2timent"}}, {"type": "Feature", "id": 46491635, "geometry": {"type": "Polygon", "coordinates": [[[2566506.697, 1122744.939], [2566498.026, 1122738.868], [2566501.287, 1122734.211], [2566500.466, 1122733.634], [2566504.369, 1122728.064], [2566505.188, 1122728.636], [2566508.451, 1122723.97], [2566516.828, 1122729.835], [2566520.327, 1122724.841], [2566525.001, 1122728.111], [2566525.569, 1122727.299], [2566531.138, 1122731.202], [2566530.566, 1122732.009], [2566535.233, 1122735.284], [2566529.153, 1122743.961], [2566514.55, 1122733.735], [2566506.697, 1122744.939]]]}, "properties": {"OBJECTID": 46491635, "EGID": 280100814, "NO_COM_FED": 5402, "GENRE_TXT": "b\u00e2timent"}}, {"type": "Feature", "id": 46534868, "geometry": {"type": "Polygon", "coordinates": [[[2566535.174, 1122735.368], [2566548.361, 1122744.601], [2566538.007, 1122759.388], [2566533.917, 1122756.524], [2566527.443, 1122765.771], [2566486.512, 1122737.113], [2566496.155, 1122723.345], [2566503.884, 1122728.756], [2566500.466, 1122733.634], [2566501.287, 1122734.211], [2566498.026, 1122738.868], [2566506.697, 1122744.939], [2566514.55, 1122733.735], [2566529.153, 1122743.961], [2566535.174, 1122735.368]]]}, "properties": {"OBJECTID": 46534868, "EGID": null, "NO_COM_FED": 5402, "GENRE_TXT": "b\u00e2timent s-sol"}}, {"type": "Feature", "id": 46372728, "geometry": {"type": "Polygon", "coordinates": [[[2566546.925, 1121964.669], [2566546.759, 1121964.61], [2566548.062, 1121960.929], [2566549.641, 1121956.471], [2566551.586, 1121957.165], [2566555.291, 1121951.516], [2566556.688, 1121949.386], [2566563.242, 1121951.72], [2566556.818, 1121969.841], [2566553.283, 1121968.586], [2566553.365, 1121968.351], [2566553.8, 1121967.102], [2566546.925, 1121964.669]]]}, "properties": {"OBJECTID": 46372728, "EGID": 280121700, "NO_COM_FED": 5402, "GENRE_TXT": "b\u00e2timent"}}, {"type": "Feature", "id": 46370322, "geometry": {"type": "Polygon", "coordinates": [[[2566548.621, 1122035.776], [2566546.731, 1122042.846], [2566546.248, 1122042.709], [2566545.341, 1122046.086], [2566536.649, 1122043.768], [2566537.551, 1122040.396], [2566537.067, 1122040.264], [2566538.95, 1122033.204], [2566548.621, 1122035.776]]]}, "properties": {"OBJECTID": 46370322, "EGID": 280062555, "NO_COM_FED": 5402, "GENRE_TXT": "b\u00e2timent"}}, {"type": "Feature", "id": 46384780, "geometry": {"type": "Polygon", "coordinates": [[[2566549.555, 1122216.023], [2566548.994, 1122217.825], [2566547.218, 1122223.541], [2566549.474, 1122224.242], [2566547.792, 1122229.636], [2566545.541, 1122228.935], [2566543.21, 1122236.435], [2566545.476, 1122237.139], [2566543.726, 1122242.746], [2566525.88, 1122237.213], [2566527.603, 1122231.605], [2566529.875, 1122232.309], [2566533.537, 1122220.481], [2566531.28, 1122219.782], [2566533.357, 1122213.096], [2566533.949, 1122211.19], [2566536.198, 1122211.886], [2566538.861, 1122203.287], [2566536.622, 1122202.593], [2566538.361, 1122197.014], [2566540.589, 1122197.704], [2566541.277, 1122195.482], [2566550.2939999998, 1122198.269], [2566549.606, 1122200.494], [2566556.209, 1122202.537], [2566554.461, 1122208.141], [2566552.221, 1122207.445], [2566549.555, 1122216.023]]]}, "properties": {"OBJECTID": 46384780, "EGID": 280091908, "NO_COM_FED": 5402, "GENRE_TXT": "b\u00e2timent"}}, {"type": "Feature", "id": 46391471, "geometry": {"type": "Polygon", "coordinates": [[[2566533.539, 1122407.322], [2566539.264, 1122409.827], [2566535.949, 1122417.406], [2566530.224, 1122414.902], [2566533.539, 1122407.322]]]}, "properties": {"OBJECTID": 46391471, "EGID": 280088775, "NO_COM_FED": 5402, "GENRE_TXT": "b\u00e2timent"}}, {"type": "Feature", "id": 46340834, "geometry": {"type": "Polygon", "coordinates": [[[2566576.73, 1121971.09], [2566576.56, 1121971.69], [2566579, 1121972.6], [2566582.52, 1121963.04], [2566591.02, 1121966.17], [2566588.51, 1121972.85], [2566587.98, 1121972.88], [2566587.62, 1121973.92], [2566587.99, 1121974.32], [2566586.02, 1121979.7], [2566579.16, 1121977.14], [2566578.84, 1121978.1], [2566573.83, 1121976.25], [2566575.3, 1121972.25], [2566575, 1121972.12], [2566575.54, 1121970.65], [2566576.73, 1121971.09]]]}, "properties": {"OBJECTID": 46340834, "EGID": 849091, "NO_COM_FED": 5402, "GENRE_TXT": "b\u00e2timent"}}, {"type": "Feature", "id": 46404543, "geometry": {"type": "Polygon", "coordinates": [[[2566593.454, 1122197.39], [2566589.909, 1122196.292], [2566590.5810000002, 1122194.121], [2566594.131, 1122195.208], [2566593.454, 1122197.39]]]}, "properties": {"OBJECTID": 46404543, "EGID": 280131609, "NO_COM_FED": 5402, "GENRE_TXT": "b\u00e2timent"}}, {"type": "Feature", "id": 46491886, "geometry": {"type": "Polygon", "coordinates": [[[2566597.964, 1122527.563], [2566612.964, 1122535.623], [2566610.934, 1122539.613], [2566608.8140000002, 1122543.623], [2566607.0439999998, 1122547.043], [2566604.304, 1122552.263], [2566582.304, 1122540.813], [2566588.954, 1122527.983], [2566590.214, 1122528.673], [2566595.894, 1122531.643], [2566596.944, 1122529.573], [2566597.964, 1122527.563]], [[2566594.204, 1122535.003], [2566592.974, 1122537.433], [2566605.0439999998, 1122543.733], [2566606.014, 1122541.863], [2566594.204, 1122535.003]]]}, "properties": {"OBJECTID": 46491886, "EGID": 849184, "NO_COM_FED": 5402, "GENRE_TXT": "b\u00e2timent"}}, {"type": "Feature", "id": 46506375, "geometry": {"type": "Polygon", "coordinates": [[[2566638.97, 1121862.94], [2566638.53, 1121867.19], [2566629.911, 1121866.84], [2566630.201, 1121862.48], [2566638.97, 1121862.94]]]}, "properties": {"OBJECTID": 46506375, "EGID": 280026670, "NO_COM_FED": 5402, "GENRE_TXT": "b\u00e2timent"}}, {"type": "Feature", "id": 46338648, "geometry": {"type": "Polygon", "coordinates": [[[2566619.818, 1121953.271], [2566620.602, 1121951.404], [2566624.282, 1121952.948], [2566623.467, 1121954.841], [2566619.818, 1121953.271]]]}, "properties": {"OBJECTID": 46338648, "EGID": 280113662, "NO_COM_FED": 5402, "GENRE_TXT": "b\u00e2timent"}}, {"type": "Feature", "id": 46461089, "geometry": {"type": "Polygon", "coordinates": [[[2566631.749, 1121974.621], [2566629.309, 1121983.671], [2566620.649, 1121981.36], [2566623.049, 1121972.2], [2566631.749, 1121974.621]]]}, "properties": {"OBJECTID": 46461089, "EGID": 849036, "NO_COM_FED": 5402, "GENRE_TXT": "b\u00e2timent"}}, {"type": "Feature", "id": 46291513, "geometry": {"type": "Polygon", "coordinates": [[[2566637.6859999998, 1121997.979], [2566639.126, 1121998.908], [2566637.219, 1122001.867], [2566631.257, 1122011.063], [2566624.629, 1122006.787], [2566628.1689999998, 1122001.342], [2566626.41, 1122000.203], [2566628.83, 1121996.429], [2566632.02, 1121998.484], [2566633.913, 1121995.546], [2566637.6859999998, 1121997.979]]]}, "properties": {"OBJECTID": 46291513, "EGID": 190092346, "NO_COM_FED": 5402, "GENRE_TXT": "b\u00e2timent"}}, {"type": "Feature", "id": 46288602, "geometry": {"type": "Polygon", "coordinates": [[[2566629.02, 1122014.515], [2566632.954, 1122015.699], [2566632.011, 1122018.807], [2566626.355, 1122017.116], [2566626.053, 1122017.026], [2566626.987, 1122013.903], [2566629.02, 1122014.515]]]}, "properties": {"OBJECTID": 46288602, "EGID": 280092401, "NO_COM_FED": 5402, "GENRE_TXT": "b\u00e2timent"}}, {"type": "Feature", "id": 46482234, "geometry": {"type": "Polygon", "coordinates": [[[2566636.315, 1122196.52], [2566630.535, 1122194.77], [2566633.952, 1122183.495], [2566639.733, 1122185.245], [2566636.315, 1122196.52]]]}, "properties": {"OBJECTID": 46482234, "EGID": 280094466, "NO_COM_FED": 5402, "GENRE_TXT": "b\u00e2timent"}}, {"type": "Feature", "id": 46426803, "geometry": {"type": "Polygon", "coordinates": [[[2566647.263, 1122432.273], [2566644.653, 1122438.273], [2566645.403, 1122438.573], [2566645.683, 1122439.313], [2566645.003, 1122440.953], [2566644.213, 1122441.233], [2566643.503, 1122440.923], [2566641.213, 1122446.313], [2566634.673, 1122443.463], [2566634.863, 1122443.093], [2566630.824, 1122441.333], [2566636.714, 1122427.613], [2566647.263, 1122432.273]]]}, "properties": {"OBJECTID": 46426803, "EGID": 849150, "NO_COM_FED": 5402, "GENRE_TXT": "b\u00e2timent"}}, {"type": "Feature", "id": 46418188, "geometry": {"type": "Polygon", "coordinates": [[[2566613.776, 1122589.3530000001], [2566605.9359999998, 1122597.8530000001], [2566600.406, 1122592.833], [2566608.275, 1122584.243], [2566613.776, 1122589.3530000001]]]}, "properties": {"OBJECTID": 46418188, "EGID": 849191, "NO_COM_FED": 5402, "GENRE_TXT": "b\u00e2timent"}}, {"type": "Feature", "id": 46371539, "geometry": {"type": "Polygon", "coordinates": [[[2566651.028, 1122142.097], [2566654.444, 1122130.828], [2566660.347, 1122132.618], [2566658.24, 1122139.515], [2566656.907, 1122143.879], [2566651.028, 1122142.097]]]}, "properties": {"OBJECTID": 46371539, "EGID": 280094470, "NO_COM_FED": 5402, "GENRE_TXT": "b\u00e2timent"}}, {"type": "Feature", "id": 46351166, "geometry": {"type": "Polygon", "coordinates": [[[2566646.884, 1122391.923], [2566647.084, 1122392.013], [2566646.934, 1122392.443], [2566651.504, 1122393.843], [2566647.674, 1122406.273], [2566647.464, 1122406.243], [2566647.754, 1122405.303], [2566643.154, 1122403.863], [2566646.884, 1122391.923]]]}, "properties": {"OBJECTID": 46351166, "EGID": 849156, "NO_COM_FED": 5402, "GENRE_TXT": "b\u00e2timent"}}, {"type": "Feature", "id": 46339810, "geometry": {"type": "Polygon", "coordinates": [[[2566660.804, 1122397.713], [2566656.913, 1122410.163], [2566656.693, 1122410.073], [2566657.023, 1122409.123], [2566652.444, 1122407.743], [2566655.984, 1122396.233], [2566660.804, 1122397.713]]]}, "properties": {"OBJECTID": 46339810, "EGID": 849153, "NO_COM_FED": 5402, "GENRE_TXT": "b\u00e2timent"}}, {"type": "Feature", "id": 46432849, "geometry": {"type": "Polygon", "coordinates": [[[2566653.136, 1122588.863], [2566652.636, 1122589.613], [2566643.355, 1122583.303], [2566648.245, 1122576.163], [2566646.575, 1122575.023], [2566651.345, 1122568.023], [2566649.685, 1122566.923], [2566654.905, 1122559.323], [2566657.075, 1122560.773], [2566664.135, 1122565.653], [2566659.195, 1122572.913], [2566660.835, 1122574.053], [2566656.175, 1122580.943], [2566657.785, 1122582.043], [2566653.136, 1122588.863]]]}, "properties": {"OBJECTID": 46432849, "EGID": 849222, "NO_COM_FED": 5402, "GENRE_TXT": "b\u00e2timent"}}, {"type": "Feature", "id": 46486488, "geometry": {"type": "Polygon", "coordinates": [[[2566687.791, 1122051.839], [2566679.316, 1122048.83], [2566682.74, 1122039.216], [2566691.201, 1122042.221], [2566687.791, 1122051.839]]]}, "properties": {"OBJECTID": 46486488, "EGID": 280053967, "NO_COM_FED": 5402, "GENRE_TXT": "b\u00e2timent"}}, {"type": "Feature", "id": 46503872, "geometry": {"type": "Polygon", "coordinates": [[[2566678.073, 1122407.914], [2566680.293, 1122408.554], [2566679.583, 1122410.674], [2566677.483, 1122409.964], [2566678.073, 1122407.914]]]}, "properties": {"OBJECTID": 46503872, "EGID": 280117030, "NO_COM_FED": 5402, "GENRE_TXT": "b\u00e2timent"}}, {"type": "Feature", "id": 46438236, "geometry": {"type": "Polygon", "coordinates": [[[2566737.249, 1122003.822], [2566739.915, 1121996.264], [2566749.363, 1121999.599], [2566746.691, 1122007.152], [2566746.39, 1122007.046], [2566745.318, 1122010.073], [2566739.287, 1122007.938], [2566740.338, 1122004.919], [2566737.249, 1122003.822]]]}, "properties": {"OBJECTID": 46438236, "EGID": 280062540, "NO_COM_FED": 5402, "GENRE_TXT": "b\u00e2timent"}}, {"type": "Feature", "id": 46376879, "geometry": {"type": "Polygon", "coordinates": [[[2566731.718, 1122038.043], [2566721.937, 1122034.359], [2566724.501, 1122027.122], [2566726.393, 1122027.778], [2566735.845, 1122031.112], [2566733.207, 1122038.561], [2566731.718, 1122038.043]]]}, "properties": {"OBJECTID": 46376879, "EGID": 280100667, "NO_COM_FED": 5402, "GENRE_TXT": "b\u00e2timent"}}, {"type": "Feature", "id": 46385743, "geometry": {"type": "Polygon", "coordinates": [[[2566741.284, 1122039.701], [2566743.604, 1122040.544], [2566742.463, 1122043.744], [2566740.106, 1122042.879], [2566741.284, 1122039.701]]]}, "properties": {"OBJECTID": 46385743, "EGID": 280113653, "NO_COM_FED": 5402, "GENRE_TXT": "b\u00e2timent"}}, {"type": "Feature", "id": 46418209, "geometry": {"type": "Polygon", "coordinates": [[[2566737.323, 1122366.464], [2566735.213, 1122373.634], [2566724.063, 1122370.444], [2566726.193, 1122363.254], [2566737.323, 1122366.464]]]}, "properties": {"OBJECTID": 46418209, "EGID": 849062, "NO_COM_FED": 5402, "GENRE_TXT": "b\u00e2timent"}}, {"type": "Feature", "id": 46492085, "geometry": {"type": "Polygon", "coordinates": [[[2566764.658, 1122064.672], [2566758.6689999998, 1122065.089], [2566758.704, 1122065.588], [2566748.731, 1122066.289], [2566748.171, 1122058.32], [2566757.947, 1122057.633], [2566757.789, 1122055.62], [2566760.506, 1122055.437], [2566760.891, 1122060.911], [2566764.369, 1122060.661], [2566764.658, 1122064.672]]]}, "properties": {"OBJECTID": 46492085, "EGID": 190092352, "NO_COM_FED": 5402, "GENRE_TXT": "b\u00e2timent"}}, {"type": "Feature", "id": 46402149, "geometry": {"type": "Polygon", "coordinates": [[[2566745.815, 1122158.743], [2566746.575, 1122155.743], [2566750.855, 1122156.793], [2566748.635, 1122166.083], [2566744.345, 1122165.083], [2566745.125, 1122161.993], [2566743.895, 1122161.713], [2566744.615, 1122158.503], [2566745.815, 1122158.743]]]}, "properties": {"OBJECTID": 46402149, "EGID": 280021988, "NO_COM_FED": 5402, "GENRE_TXT": "b\u00e2timent"}}, {"type": "Feature", "id": 46380796, "geometry": {"type": "Polygon", "coordinates": [[[2566789.132, 1122371.944], [2566786.862, 1122379.964], [2566776.982, 1122377.144], [2566777.202, 1122376.264], [2566775.952, 1122375.934], [2566775.392, 1122374.854], [2566776.692, 1122370.184], [2566777.952, 1122369.644], [2566779.102, 1122370.024], [2566779.332, 1122369.094], [2566789.132, 1122371.944]]]}, "properties": {"OBJECTID": 46380796, "EGID": 280062740, "NO_COM_FED": 5402, "GENRE_TXT": "b\u00e2timent"}}, {"type": "Feature", "id": 46388035, "geometry": {"type": "Polygon", "coordinates": [[[2566780.688, 1121900.112], [2566784.598, 1121893.662], [2566802.737, 1121904.432], [2566798.847, 1121910.882], [2566780.688, 1121900.112]]]}, "properties": {"OBJECTID": 46388035, "EGID": 849046, "NO_COM_FED": 5402, "GENRE_TXT": "b\u00e2timent"}}, {"type": "Feature", "id": 46457731, "geometry": {"type": "Polygon", "coordinates": [[[2566823.347, 1121909.672], [2566819.267, 1121907.312], [2566818.127, 1121909.252], [2566809.547, 1121904.222], [2566815.924, 1121893.708], [2566818.827, 1121888.922], [2566827.287, 1121894.052], [2566824.517, 1121898.662], [2566829.227, 1121901.412], [2566826.987, 1121905.192], [2566826.257, 1121904.742], [2566823.347, 1121909.672]]]}, "properties": {"OBJECTID": 46457731, "EGID": 280006833, "NO_COM_FED": 5402, "GENRE_TXT": "b\u00e2timent"}}, {"type": "Feature", "id": 46411398, "geometry": {"type": "Polygon", "coordinates": [[[2566789.157, 1121996.351], [2566791.199, 1121990.618], [2566796.941, 1121992.658], [2566794.901, 1121998.4], [2566789.157, 1121996.351]]]}, "properties": {"OBJECTID": 46411398, "EGID": 280088777, "NO_COM_FED": 5402, "GENRE_TXT": "b\u00e2timent"}}, {"type": "Feature", "id": 46293715, "geometry": {"type": "Polygon", "coordinates": [[[2566783.894, 1122204.563], [2566786.464, 1122195.923], [2566795.104, 1122198.474], [2566792.554, 1122207.104], [2566783.894, 1122204.563]]]}, "properties": {"OBJECTID": 46293715, "EGID": 3161015, "NO_COM_FED": 5402, "GENRE_TXT": "b\u00e2timent"}}, {"type": "Feature", "id": 46453176, "geometry": {"type": "Polygon", "coordinates": [[[2566812.009, 1122364.702], [2566810.801, 1122368.874], [2566810.432, 1122370.148], [2566804.76, 1122368.499], [2566806.344, 1122363.054], [2566812.009, 1122364.702]]]}, "properties": {"OBJECTID": 46453176, "EGID": 280102637, "NO_COM_FED": 5402, "GENRE_TXT": "b\u00e2timent"}}, {"type": "Feature", "id": 46468229, "geometry": {"type": "Polygon", "coordinates": [[[2566855.933, 1122140.734], [2566836.084, 1122135.644], [2566839.094, 1122124.094], [2566858.943, 1122129.214], [2566855.933, 1122140.734]]]}, "properties": {"OBJECTID": 46468229, "EGID": 3161314, "NO_COM_FED": 5402, "GENRE_TXT": "b\u00e2timent"}}, {"type": "Feature", "id": 46478318, "geometry": {"type": "Polygon", "coordinates": [[[2566822.693, 1122234.854], [2566823.353, 1122229.874], [2566832.993, 1122231.104], [2566831.853, 1122239.984], [2566820.933, 1122238.704], [2566821.413, 1122234.694], [2566822.693, 1122234.854]]]}, "properties": {"OBJECTID": 46478318, "EGID": 849078, "NO_COM_FED": 5402, "GENRE_TXT": "b\u00e2timent"}}]}